subject,role,case,method,point_id,face_id,error_mm,signed_normal_error_mm,tangent_error_mm,normal_angle_deg
S103,consumed_test,RIGID_ONLY,INITIAL,ENG_MID_UP,12866,42.69336459983151,-39.164284422595856,16.996535132789898,2.1898508557638725
S103,consumed_test,RIGID_ONLY,INITIAL,ENG_MID_DOWN,14858,50.81568453901576,-43.75183381228188,25.84590554094077,2.4044616582153036
S103,consumed_test,RIGID_ONLY,INITIAL,ENG_PAIR_1_NEG_X,13030,45.20129370845026,-27.597447799084176,35.798572986844164,2.4361695720121324
S103,consumed_test,RIGID_ONLY,INITIAL,ENG_PAIR_1_POS_X,13013,41.79724237407903,-41.27751528859267,6.570860040931229,1.3938138604866255
S103,consumed_test,RIGID_ONLY,INITIAL,ENG_PAIR_2_NEG_X,13846,48.06303733696823,-32.71657010621577,35.209112436127555,2.4487047253584184
S103,consumed_test,RIGID_ONLY,INITIAL,ENG_PAIR_2_POS_X,13694,44.86764830523869,-44.17589286533778,7.848334472535341,1.6964981795921537
S103,consumed_test,RIGID_ONLY,INITIAL,ENG_PAIR_3_NEG_X,14459,51.73753485752946,-35.24629570303476,37.874412897737564,2.4277309085984986
S103,consumed_test,RIGID_ONLY,INITIAL,ENG_PAIR_3_POS_X,14436,48.02403610439466,-40.37538817042102,26.002616673020214,2.257803369107047
S103,consumed_test,RIGID_ONLY,RIGID,ENG_MID_UP,12866,0.42727626259772167,-0.426306900852802,0.028765098031406346,0.011407544954191051
S103,consumed_test,RIGID_ONLY,RIGID,ENG_MID_DOWN,14858,0.48790647417998056,-0.4595331326932282,0.16395739539248597,0.012095552920858938
S103,consumed_test,RIGID_ONLY,RIGID,ENG_PAIR_1_NEG_X,13030,0.43406241691625014,-0.33244600956854,0.2790874997220956,0.012328237617282965
S103,consumed_test,RIGID_ONLY,RIGID,ENG_PAIR_1_POS_X,13013,0.43426881764630165,-0.3896631741050365,0.19170815508554884,0.009211742961588963
S103,consumed_test,RIGID_ONLY,RIGID,ENG_PAIR_2_NEG_X,13846,0.4576063682798546,-0.37938989092917613,0.25586500141876733,0.012312076534548425
S103,consumed_test,RIGID_ONLY,RIGID,ENG_PAIR_2_POS_X,13694,0.4572770927203012,-0.43108022407670804,0.15255222035980368,0.008937488493665166
S103,consumed_test,RIGID_ONLY,RIGID,ENG_PAIR_3_NEG_X,14459,0.48244798613981194,-0.39327048557092237,0.27945372516603,0.0124335999053637
S103,consumed_test,RIGID_ONLY,RIGID,ENG_PAIR_3_POS_X,14436,0.48043950199366364,-0.4230715726395632,0.22766765141364798,0.010562866794792543
S103,consumed_test,RIGID_ONLY,D_VECTOR,ENG_MID_UP,12866,0.06841804801025736,-0.019875302483299002,0.06546756177475416,0.5422279841998846
S103,consumed_test,RIGID_ONLY,D_VECTOR,ENG_MID_DOWN,14858,0.14965069650321172,-0.058074326968328684,0.13792281722424335,0.1552840095557935
S103,consumed_test,RIGID_ONLY,D_VECTOR,ENG_PAIR_1_NEG_X,13030,0.44205240050019273,-0.4061816018065874,0.17443288434758406,0.3166960119619058
S103,consumed_test,RIGID_ONLY,D_VECTOR,ENG_PAIR_1_POS_X,13013,0.4099126199415154,-0.39155009405322616,0.1213131478209471,0.20972261339131193
S103,consumed_test,RIGID_ONLY,D_VECTOR,ENG_PAIR_2_NEG_X,13846,0.22153167972832716,-0.15907824982551366,0.1541765077944937,0.39322894823763865
S103,consumed_test,RIGID_ONLY,D_VECTOR,ENG_PAIR_2_POS_X,13694,0.19316379850064622,-0.16111494844384724,0.10655621257878252,0.22866815603628243
S103,consumed_test,RIGID_ONLY,D_VECTOR,ENG_PAIR_3_NEG_X,14459,0.41970110943784444,-0.36528354810405544,0.20668079433723324,0.3129364147805656
S103,consumed_test,RIGID_ONLY,D_VECTOR,ENG_PAIR_3_POS_X,14436,0.3923081533663127,-0.3444024392034887,0.18786337340837256,0.2196456678671842
S103,consumed_test,RIGID_ONLY,D_NORMAL,ENG_MID_UP,12866,0.07174226041843797,-0.028625712271249694,0.06578389260989802,0.57200075811953
S103,consumed_test,RIGID_ONLY,D_NORMAL,ENG_MID_DOWN,14858,0.16958126151269742,-0.05787512625377047,0.15939973029258236,0.15208353386632326
S103,consumed_test,RIGID_ONLY,D_NORMAL,ENG_PAIR_1_NEG_X,13030,0.48637786140450634,-0.40504548847010446,0.26926116752037527,0.327519110514522
S103,consumed_test,RIGID_ONLY,D_NORMAL,ENG_PAIR_1_POS_X,13013,0.4355818046476414,-0.3933251461634899,0.1871545829937523,0.22018348040185337
S103,consumed_test,RIGID_ONLY,D_NORMAL,ENG_PAIR_2_NEG_X,13846,0.31648198650169185,-0.17738038693076746,0.2621012134888892,0.42617497147753597
S103,consumed_test,RIGID_ONLY,D_NORMAL,ENG_PAIR_2_POS_X,13694,0.24318023022320884,-0.17689067242936748,0.1668721498000762,0.25815231857680837
S103,consumed_test,RIGID_ONLY,D_NORMAL,ENG_PAIR_3_NEG_X,14459,0.46401399027449713,-0.37205314390909994,0.2772822411872345,0.33944778283087684
S103,consumed_test,RIGID_ONLY,D_NORMAL,ENG_PAIR_3_POS_X,14436,0.4191668309076804,-0.3525035925301089,0.2268083979630272,0.24275875111011067
S103,consumed_test,NORMAL_BUMP,INITIAL,ENG_MID_UP,12866,39.91212441780274,-35.95989409674404,17.31657275828905,2.525000942223516
S103,consumed_test,NORMAL_BUMP,INITIAL,ENG_MID_DOWN,14858,47.51743967912576,-39.924623009923884,25.766869254428485,4.7575163431499465
S103,consumed_test,NORMAL_BUMP,INITIAL,ENG_PAIR_1_NEG_X,13030,44.21975715430354,-25.75803988004712,35.94315378933074,2.773573069038316
S103,consumed_test,NORMAL_BUMP,INITIAL,ENG_PAIR_1_POS_X,13013,34.05887054679109,-33.42577332906956,6.536385872692618,1.6892712140064077
S103,consumed_test,NORMAL_BUMP,INITIAL,ENG_PAIR_2_NEG_X,13846,45.952311010616164,-29.24625002518732,35.44392397408371,3.508067731589478
S103,consumed_test,NORMAL_BUMP,INITIAL,ENG_PAIR_2_POS_X,13694,33.485615106070156,-32.332948242648165,8.71015941129142,1.6735572975379878
S103,consumed_test,NORMAL_BUMP,INITIAL,ENG_PAIR_3_NEG_X,14459,50.63543596220306,-33.56096218600863,37.91581717742169,3.8181163087363963
S103,consumed_test,NORMAL_BUMP,INITIAL,ENG_PAIR_3_POS_X,14436,41.49303728793561,-32.65616414371131,25.59779456900533,4.535165738342284
S103,consumed_test,NORMAL_BUMP,RIGID,ENG_MID_UP,12866,1.2983420439696562,1.0898367011127155,0.7056543261732748,2.4200320664725465
S103,consumed_test,NORMAL_BUMP,RIGID,ENG_MID_DOWN,14858,2.1988030935964793,2.079470368697984,0.7145194399850273,2.289342632344864
S103,consumed_test,NORMAL_BUMP,RIGID,ENG_PAIR_1_NEG_X,13030,1.7138763756761184,0.6290988960485735,1.5942417665119595,1.8072320566088416
S103,consumed_test,NORMAL_BUMP,RIGID,ENG_PAIR_1_POS_X,13013,5.836748766243454,5.680430054725498,1.341771423758812,2.942211565582439
S103,consumed_test,NORMAL_BUMP,RIGID,ENG_PAIR_2_NEG_X,13846,2.665031122969622,2.1858282935949442,1.5246460432889142,2.1855540298039378
S103,consumed_test,NORMAL_BUMP,RIGID,ENG_PAIR_2_POS_X,13694,9.7170009420581,9.608389663723976,1.448777200952656,0.16807666747749572
S103,consumed_test,NORMAL_BUMP,RIGID,ENG_PAIR_3_NEG_X,14459,1.297346376985301,0.3929266197410832,1.236412671148162,1.4892364231111217
S103,consumed_test,NORMAL_BUMP,RIGID,ENG_PAIR_3_POS_X,14436,5.870434792661725,5.79225678139495,0.954864405702465,2.86050458115607
S103,consumed_test,NORMAL_BUMP,D_VECTOR,ENG_MID_UP,12866,1.1049129060046634,-0.3353216907772022,1.0528019251264638,0.322885905232933
S103,consumed_test,NORMAL_BUMP,D_VECTOR,ENG_MID_DOWN,14858,0.8480562683664951,-0.08329752590286402,0.8439555417758487,0.6474710706909249
S103,consumed_test,NORMAL_BUMP,D_VECTOR,ENG_PAIR_1_NEG_X,13030,1.8295958324181785,-0.57748047994224,1.7360694701790156,0.6623646773955063
S103,consumed_test,NORMAL_BUMP,D_VECTOR,ENG_PAIR_1_POS_X,13013,1.4191887039606108,0.4160621330484553,1.3568304532595692,0.7906871249611289
S103,consumed_test,NORMAL_BUMP,D_VECTOR,ENG_PAIR_2_NEG_X,13846,1.822054933228233,-0.18483000854893505,1.8126560753880314,1.1943106389185878
S103,consumed_test,NORMAL_BUMP,D_VECTOR,ENG_PAIR_2_POS_X,13694,0.7776616338988213,0.452145600542648,0.6327100226392122,0.2588199221106001
S103,consumed_test,NORMAL_BUMP,D_VECTOR,ENG_PAIR_3_NEG_X,14459,1.4291653473870647,-0.48787816257309696,1.3433125059554416,0.6071939988231848
S103,consumed_test,NORMAL_BUMP,D_VECTOR,ENG_PAIR_3_POS_X,14436,1.3092062561987576,0.04107478276906773,1.3085617614352183,0.503284173306938
S103,consumed_test,NORMAL_BUMP,D_NORMAL,ENG_MID_UP,12866,0.6066897089680359,-0.2758614297491656,0.5403451439075456,0.3388717672601551
S103,consumed_test,NORMAL_BUMP,D_NORMAL,ENG_MID_DOWN,14858,0.7452680059215381,-0.07374456602975252,0.7416105039920546,0.6805471052643435
S103,consumed_test,NORMAL_BUMP,D_NORMAL,ENG_PAIR_1_NEG_X,13030,1.6119286583078787,-0.5407594474142638,1.518516782754296,0.5303242143385772
S103,consumed_test,NORMAL_BUMP,D_NORMAL,ENG_PAIR_1_POS_X,13013,1.4070429080569538,0.6381143873371042,1.2540254278868357,0.9580997185318878
S103,consumed_test,NORMAL_BUMP,D_NORMAL,ENG_PAIR_2_NEG_X,13846,1.3427089182584793,-0.07995932041695471,1.340325985068302,1.0196060856953373
S103,consumed_test,NORMAL_BUMP,D_NORMAL,ENG_PAIR_2_POS_X,13694,0.9736500229242614,0.7372400695024087,0.635980697081679,0.3936865167296597
S103,consumed_test,NORMAL_BUMP,D_NORMAL,ENG_PAIR_3_NEG_X,14459,1.2799514911051186,-0.4690346919249375,1.1909165702739615,0.5538813558344303
S103,consumed_test,NORMAL_BUMP,D_NORMAL,ENG_PAIR_3_POS_X,14436,1.216598186981698,0.12545184959918937,1.2101127972215222,0.6892750201166375
S103,consumed_test,TANGENTIAL_SHIFT,INITIAL,ENG_MID_UP,12866,40.49818471707725,-38.57068517525573,12.345250523574514,2.1952376346381177
S103,consumed_test,TANGENTIAL_SHIFT,INITIAL,ENG_MID_DOWN,14858,48.934703801875806,-43.598251189157274,22.22156001329484,2.3900847036655892
S103,consumed_test,TANGENTIAL_SHIFT,INITIAL,ENG_PAIR_1_NEG_X,13030,42.76592197154303,-27.351871091387498,32.87551109680621,2.2769513108511776
S103,consumed_test,TANGENTIAL_SHIFT,INITIAL,ENG_PAIR_1_POS_X,13013,44.64437494893122,-42.45354133202805,13.813654221477508,5.820597252604063
S103,consumed_test,TANGENTIAL_SHIFT,INITIAL,ENG_PAIR_2_NEG_X,13846,43.772933220051705,-32.34432586959392,29.494309056640468,3.592581861413289
S103,consumed_test,TANGENTIAL_SHIFT,INITIAL,ENG_PAIR_2_POS_X,13694,51.14169372981821,-44.95137404102971,24.38948153155305,8.508250109110927
S103,consumed_test,TANGENTIAL_SHIFT,INITIAL,ENG_PAIR_3_NEG_X,14459,50.00772336860308,-35.01825441222086,35.7000595858285,2.0261132714846073
S103,consumed_test,TANGENTIAL_SHIFT,INITIAL,ENG_PAIR_3_POS_X,14436,49.21384422281639,-40.80584677236995,27.511549072662266,5.42493197224695
S103,consumed_test,TANGENTIAL_SHIFT,RIGID,ENG_MID_UP,12866,5.162250198958165,-0.0559277751077462,5.161947229545756,0.6829960381626456
S103,consumed_test,TANGENTIAL_SHIFT,RIGID,ENG_MID_DOWN,14858,6.206447751282595,-0.5229791540319488,6.184374381766421,0.18110337442864913
S103,consumed_test,TANGENTIAL_SHIFT,RIGID,ENG_PAIR_1_NEG_X,13030,2.6490835045897834,-0.112675641833348,2.6466861570702207,1.522152771920363
S103,consumed_test,TANGENTIAL_SHIFT,RIGID,ENG_PAIR_1_POS_X,13013,13.219120473991904,-1.88784651743738,13.083622649423647,6.015773805199113
S103,consumed_test,TANGENTIAL_SHIFT,RIGID,ENG_PAIR_2_NEG_X,13846,5.359067169985821,-0.11527418223979789,5.35782724575259,2.9188283248097813
S103,consumed_test,TANGENTIAL_SHIFT,RIGID,ENG_PAIR_2_POS_X,13694,19.90731453044407,-1.7066785583646418,19.83402178360324,9.800700636380434
S103,consumed_test,TANGENTIAL_SHIFT,RIGID,ENG_PAIR_3_NEG_X,14459,2.477009695483174,-0.2477084778299776,2.4645927739748004,1.3401174872026045
S103,consumed_test,TANGENTIAL_SHIFT,RIGID,ENG_PAIR_3_POS_X,14436,12.895473943873242,-1.2800418899894666,12.831786352530417,6.201017433637413
S103,consumed_test,TANGENTIAL_SHIFT,D_VECTOR,ENG_MID_UP,12866,5.047830055955682,0.48902675306811394,5.024086096853158,1.0143095088328324
S103,consumed_test,TANGENTIAL_SHIFT,D_VECTOR,ENG_MID_DOWN,14858,6.155615354994919,-0.0531604580253722,6.155385801422341,0.1859302596047256
S103,consumed_test,TANGENTIAL_SHIFT,D_VECTOR,ENG_PAIR_1_NEG_X,13030,2.7225715642693604,-0.27616247087034473,2.708529160310241,1.3090486828511456
S103,consumed_test,TANGENTIAL_SHIFT,D_VECTOR,ENG_PAIR_1_POS_X,13013,13.072666609856594,-2.6950865401605566,12.791838055318903,6.405807298084489
S103,consumed_test,TANGENTIAL_SHIFT,D_VECTOR,ENG_PAIR_2_NEG_X,13846,5.352510607146699,-0.11159872561612329,5.351347075649157,2.7797739913634545
S103,consumed_test,TANGENTIAL_SHIFT,D_VECTOR,ENG_PAIR_2_POS_X,13694,19.692987828255475,-2.7517139415809515,19.49979076778844,10.109403525076694
S103,consumed_test,TANGENTIAL_SHIFT,D_VECTOR,ENG_PAIR_3_NEG_X,14459,2.5465136055710684,-0.2349441726971656,2.535652337974236,1.1514525390248982
S103,consumed_test,TANGENTIAL_SHIFT,D_VECTOR,ENG_PAIR_3_POS_X,14436,12.677703805628715,-1.839647024566672,12.543519147681634,6.293485390741534
S103,consumed_test,TANGENTIAL_SHIFT,D_NORMAL,ENG_MID_UP,12866,5.130823539585494,0.49026373643870746,5.107346832074142,1.0164932240576208
S103,consumed_test,TANGENTIAL_SHIFT,D_NORMAL,ENG_MID_DOWN,14858,6.1825941097865975,-0.05342938681909326,6.182363239651328,0.18942616538256732
S103,consumed_test,TANGENTIAL_SHIFT,D_NORMAL,ENG_PAIR_1_NEG_X,13030,2.6768055420945602,-0.2679236990653022,2.6633634377732447,1.310529958578301
S103,consumed_test,TANGENTIAL_SHIFT,D_NORMAL,ENG_PAIR_1_POS_X,13013,13.190672640109003,-2.659957442039299,12.919693150576755,6.422251184970633
S103,consumed_test,TANGENTIAL_SHIFT,D_NORMAL,ENG_PAIR_2_NEG_X,13846,5.362007120231947,-0.1267755844314411,5.360508213650098,2.7937494218150665
S103,consumed_test,TANGENTIAL_SHIFT,D_NORMAL,ENG_PAIR_2_POS_X,13694,19.78901515396358,-2.700742099171871,19.603854541328367,10.081440373935843
S103,consumed_test,TANGENTIAL_SHIFT,D_NORMAL,ENG_PAIR_3_NEG_X,14459,2.4795429600475254,-0.24652907178325253,2.4672569196350294,1.1509167556373647
S103,consumed_test,TANGENTIAL_SHIFT,D_NORMAL,ENG_PAIR_3_POS_X,14436,12.873391501949461,-1.8473269445554275,12.740156667890083,6.369960525122858
S104,dev,RIGID_ONLY,INITIAL,ENG_MID_UP,12866,43.344575715086584,-40.510095135384674,15.4170177415399,2.150678595448267
S104,dev,RIGID_ONLY,INITIAL,ENG_MID_DOWN,14858,52.27358162953889,-44.81279351021764,26.913581593512625,2.3889857022307606
S104,dev,RIGID_ONLY,INITIAL,ENG_PAIR_1_NEG_X,13030,45.48869406127105,-25.570080657067226,37.62169935809642,2.447720245050338
S104,dev,RIGID_ONLY,INITIAL,ENG_PAIR_1_POS_X,13013,42.51507905311111,-41.457561349551256,9.42351069615145,1.3351943186507778
S104,dev,RIGID_ONLY,INITIAL,ENG_PAIR_2_NEG_X,13846,48.758948799843296,-33.211769314918556,35.698928093688956,2.448942020134609
S104,dev,RIGID_ONLY,INITIAL,ENG_PAIR_2_POS_X,13694,46.235071015786744,-45.705579885328746,6.9772314839537755,1.4748511219085285
S104,dev,RIGID_ONLY,INITIAL,ENG_PAIR_3_NEG_X,14459,52.71443402051068,-35.9406348199535,38.5627063734059,2.433390707636203
S104,dev,RIGID_ONLY,INITIAL,ENG_PAIR_3_POS_X,14436,49.975415297512356,-40.99648576036242,28.58024299160582,2.2176392419286315
S104,dev,RIGID_ONLY,RIGID,ENG_MID_UP,12866,0.42287079794487364,-0.42280727780045774,0.0073292287111715315,0.009453837561822396
S104,dev,RIGID_ONLY,RIGID,ENG_MID_DOWN,14858,0.47478677083902954,-0.4358822988838363,0.18822619181053168,0.009633458465149833
S104,dev,RIGID_ONLY,RIGID,ENG_PAIR_1_NEG_X,13030,0.4309953451097532,-0.3221551017591482,0.2863094094102185,0.009103675581914512
S104,dev,RIGID_ONLY,RIGID,ENG_PAIR_1_POS_X,13013,0.42347462471566616,-0.3622932000433401,0.21925873980398275,0.007754012872190489
S104,dev,RIGID_ONLY,RIGID,ENG_PAIR_2_NEG_X,13846,0.4516774152426874,-0.37330240613860355,0.25427898263805465,0.008973096327833645
S104,dev,RIGID_ONLY,RIGID,ENG_PAIR_2_POS_X,13694,0.4455586379717576,-0.40444393190124206,0.1869427875568116,0.007888049839573403
S104,dev,RIGID_ONLY,RIGID,ENG_PAIR_3_NEG_X,14459,0.4728889425384627,-0.3743997128664062,0.28887507158060216,0.009152411206983223
S104,dev,RIGID_ONLY,RIGID,ENG_PAIR_3_POS_X,14436,0.4665678001488732,-0.39638490527118997,0.24609859611324203,0.009185513794014761
S104,dev,RIGID_ONLY,D_VECTOR,ENG_MID_UP,12866,0.06957526273314812,-0.06374133893871932,0.027888329004906225,0.45203040358395236
S104,dev,RIGID_ONLY,D_VECTOR,ENG_MID_DOWN,14858,0.17678711784357115,-0.06101097995301331,0.16592572242003262,0.1295519199313652
S104,dev,RIGID_ONLY,D_VECTOR,ENG_PAIR_1_NEG_X,13030,0.47645556154446655,-0.4352092910222578,0.19391434999647805,0.33363541681329484
S104,dev,RIGID_ONLY,D_VECTOR,ENG_PAIR_1_POS_X,13013,0.45488699835847474,-0.43463475737461865,0.13421925702927046,0.3307143553806278
S104,dev,RIGID_ONLY,D_VECTOR,ENG_PAIR_2_NEG_X,13846,0.2691824007210128,-0.21518512476757315,0.16172361279878666,0.21146741836578084
S104,dev,RIGID_ONLY,D_VECTOR,ENG_PAIR_2_POS_X,13694,0.1608382207707158,-0.1317795927503655,0.09221210438568975,0.3822453060016306
S104,dev,RIGID_ONLY,D_VECTOR,ENG_PAIR_3_NEG_X,14459,0.4182297257621893,-0.34825129981668973,0.23159692503809748,0.21515012645129122
S104,dev,RIGID_ONLY,D_VECTOR,ENG_PAIR_3_POS_X,14436,0.3584567635491188,-0.2941825068944911,0.2048118745858784,0.30917785073500376
S104,dev,RIGID_ONLY,D_NORMAL,ENG_MID_UP,12866,0.07808382807384939,-0.06958226452983554,0.03543152084749482,0.4613170786747392
S104,dev,RIGID_ONLY,D_NORMAL,ENG_MID_DOWN,14858,0.19752666454725704,-0.06180526220335561,0.1876083494174475,0.12732967145469093
S104,dev,RIGID_ONLY,D_NORMAL,ENG_PAIR_1_NEG_X,13030,0.5062027651904429,-0.42285115650483074,0.2782770901978418,0.3180760683010271
S104,dev,RIGID_ONLY,D_NORMAL,ENG_PAIR_1_POS_X,13013,0.5247696819925338,-0.4823107408448961,0.20678386882006178,0.43267462566826986
S104,dev,RIGID_ONLY,D_NORMAL,ENG_PAIR_2_NEG_X,13846,0.34208486101247065,-0.22449489527058247,0.25811643522133865,0.24543602380397403
S104,dev,RIGID_ONLY,D_NORMAL,ENG_PAIR_2_POS_X,13694,0.23952020851500597,-0.14283616890750891,0.19227001622431286,0.41924411116308496
S104,dev,RIGID_ONLY,D_NORMAL,ENG_PAIR_3_NEG_X,14459,0.45578959609303793,-0.35355703763365415,0.2876483565855531,0.2551087864178032
S104,dev,RIGID_ONLY,D_NORMAL,ENG_PAIR_3_POS_X,14436,0.3889761573685921,-0.30153839422160533,0.2457174145466525,0.3408067230932162
S104,dev,NORMAL_BUMP,INITIAL,ENG_MID_UP,12866,40.59451887789345,-37.421024834556945,15.734734292612623,2.0362006938317974
S104,dev,NORMAL_BUMP,INITIAL,ENG_MID_DOWN,14858,48.90087975219777,-40.87727774745416,26.839228835724658,4.734661119352117
S104,dev,NORMAL_BUMP,INITIAL,ENG_PAIR_1_NEG_X,13030,44.59469050742812,-23.75264661339598,37.74252509189638,2.6105227805457076
S104,dev,NORMAL_BUMP,INITIAL,ENG_PAIR_1_POS_X,13013,35.61789382599677,-34.343554387872665,9.44217308712411,1.6254436806936645
S104,dev,NORMAL_BUMP,INITIAL,ENG_PAIR_2_NEG_X,13846,46.239662957835876,-29.080201636299723,35.950637035335134,3.431712831635992
S104,dev,NORMAL_BUMP,INITIAL,ENG_PAIR_2_POS_X,13694,34.676721475806026,-33.85335576773789,7.5116786122407015,1.38448554252725
S104,dev,NORMAL_BUMP,INITIAL,ENG_PAIR_3_NEG_X,14459,51.35675060542578,-33.896692919055226,38.581472780327765,4.021554758490567
S104,dev,NORMAL_BUMP,INITIAL,ENG_PAIR_3_POS_X,14436,43.86615187721402,-33.52706509368919,28.28736797085115,4.620317206595102
S104,dev,NORMAL_BUMP,RIGID,ENG_MID_UP,12866,1.2427467413581503,1.1313285904480392,0.51431029893553,2.162817881164588
S104,dev,NORMAL_BUMP,RIGID,ENG_MID_DOWN,14858,2.607482125251646,2.408468853077678,0.9991200214496434,2.2822858617702466
S104,dev,NORMAL_BUMP,RIGID,ENG_PAIR_1_NEG_X,13030,1.412001892178011,0.560490895898207,1.2959935567469107,1.7014347194785868
S104,dev,NORMAL_BUMP,RIGID,ENG_PAIR_1_POS_X,13013,5.27328373994873,5.08387111565831,1.4006340997501083,2.9054257296078165
S104,dev,NORMAL_BUMP,RIGID,ENG_PAIR_2_NEG_X,13846,3.1843759481292535,2.857753381072435,1.4048116571245925,2.438605516892101
S104,dev,NORMAL_BUMP,RIGID,ENG_PAIR_2_POS_X,13694,9.921267089753815,9.79749328618946,1.5622630934975674,0.19864153387647307
S104,dev,NORMAL_BUMP,RIGID,ENG_PAIR_3_NEG_X,14459,1.604695219608396,0.963425840569631,1.283299418513364,1.710823679812013
S104,dev,NORMAL_BUMP,RIGID,ENG_PAIR_3_POS_X,14436,5.970278294193012,5.836831704808807,1.2552364557528308,2.900870244903498
S104,dev,NORMAL_BUMP,D_VECTOR,ENG_MID_UP,12866,0.9687508375404633,-0.3078887209807388,0.9185220306166826,0.23328651500363962
S104,dev,NORMAL_BUMP,D_VECTOR,ENG_MID_DOWN,14858,1.1357581377934176,-0.07287679314654943,1.133417628495625,0.8161274160249141
S104,dev,NORMAL_BUMP,D_VECTOR,ENG_PAIR_1_NEG_X,13030,1.6604670448464434,-0.6516952657220224,1.5272341299409802,0.6874024352831876
S104,dev,NORMAL_BUMP,D_VECTOR,ENG_PAIR_1_POS_X,13013,1.1674873073855399,0.12376702104434475,1.1609084104304468,0.503354217194774
S104,dev,NORMAL_BUMP,D_VECTOR,ENG_PAIR_2_NEG_X,13846,1.704249296460461,-0.08305516319174448,1.7022242814485902,1.363444927439554
S104,dev,NORMAL_BUMP,D_VECTOR,ENG_PAIR_2_POS_X,13694,0.9619140966479902,0.38769381411468623,0.8803250739512798,0.26199160224647233
S104,dev,NORMAL_BUMP,D_VECTOR,ENG_PAIR_3_NEG_X,14459,1.5208905135062067,-0.37937655926202296,1.4728141024432384,0.5536941982490231
S104,dev,NORMAL_BUMP,D_VECTOR,ENG_PAIR_3_POS_X,14436,1.938135891195665,0.014695325558050532,1.9380801789780415,0.6015033669349046
S104,dev,NORMAL_BUMP,D_NORMAL,ENG_MID_UP,12866,0.4334210797811086,-0.2554886022813889,0.3501134194842071,0.2922221082412734
S104,dev,NORMAL_BUMP,D_NORMAL,ENG_MID_DOWN,14858,1.0570536839348201,-0.06386453493284955,1.055122652537602,0.8124238853983199
S104,dev,NORMAL_BUMP,D_NORMAL,ENG_PAIR_1_NEG_X,13030,1.3727626543348124,-0.641425795938112,1.2136928167545193,0.5128172125733879
S104,dev,NORMAL_BUMP,D_NORMAL,ENG_PAIR_1_POS_X,13013,1.245739343195999,0.33387850778966455,1.2001631777481536,0.580174260352784
S104,dev,NORMAL_BUMP,D_NORMAL,ENG_PAIR_2_NEG_X,13846,1.1318231377313774,0.011948723971307862,1.1317600642802157,1.0639706049589395
S104,dev,NORMAL_BUMP,D_NORMAL,ENG_PAIR_2_POS_X,13694,0.9747221729486378,0.5663850437152994,0.7932788265757083,0.277000683225476
S104,dev,NORMAL_BUMP,D_NORMAL,ENG_PAIR_3_NEG_X,14459,1.3088341062998543,-0.3665878615676137,1.256447395462708,0.46267325999829595
S104,dev,NORMAL_BUMP,D_NORMAL,ENG_PAIR_3_POS_X,14436,1.5412583124897723,0.08242508871522247,1.5390527250777044,0.7745224485352424
S104,dev,TANGENTIAL_SHIFT,INITIAL,ENG_MID_UP,12866,41.293260741209366,-39.94224535936031,10.47618338395058,2.1467881596493474
S104,dev,TANGENTIAL_SHIFT,INITIAL,ENG_MID_DOWN,14858,50.819826287657754,-44.61489911184226,24.33445132210394,2.33592607935469
S104,dev,TANGENTIAL_SHIFT,INITIAL,ENG_PAIR_1_NEG_X,13030,43.077776430911676,-25.35372099489906,34.826479206839494,2.4139298427883777
S104,dev,TANGENTIAL_SHIFT,INITIAL,ENG_PAIR_1_POS_X,13013,45.349134566443155,-42.52372366440393,15.756805883134515,5.633326859504791
S104,dev,TANGENTIAL_SHIFT,INITIAL,ENG_PAIR_2_NEG_X,13846,43.65385642990845,-32.80455076306016,28.801399799955348,4.168147852729945
S104,dev,TANGENTIAL_SHIFT,INITIAL,ENG_PAIR_2_POS_X,13694,53.71854233968891,-46.569415172156795,26.77632091278118,9.182633001426565
S104,dev,TANGENTIAL_SHIFT,INITIAL,ENG_PAIR_3_NEG_X,14459,50.95067882974859,-35.74432640023297,36.308605087579444,2.27276176622663
S104,dev,TANGENTIAL_SHIFT,INITIAL,ENG_PAIR_3_POS_X,14436,51.53487320078915,-41.17442540112484,30.99209332569552,6.264593858472373
S104,dev,TANGENTIAL_SHIFT,RIGID,ENG_MID_UP,12866,5.038670331618386,-0.052005886633716816,5.0384019389571115,0.5493881853201849
S104,dev,TANGENTIAL_SHIFT,RIGID,ENG_MID_DOWN,14858,6.449249348872191,-0.4314617331051274,6.434800535898086,0.31777420881475194
S104,dev,TANGENTIAL_SHIFT,RIGID,ENG_PAIR_1_NEG_X,13030,2.650249467461743,-0.14221674489615654,2.6464309243304265,1.5606136842976286
S104,dev,TANGENTIAL_SHIFT,RIGID,ENG_PAIR_1_POS_X,13013,12.066325121456028,-1.71507239341844,11.94381549681737,5.698187888574301
S104,dev,TANGENTIAL_SHIFT,RIGID,ENG_PAIR_2_NEG_X,13846,6.501538984332091,-0.07179196228820267,6.501142597954669,3.6843945997583822
S104,dev,TANGENTIAL_SHIFT,RIGID,ENG_PAIR_2_POS_X,13694,19.98231858164462,-1.6772464309438375,19.91180304011231,9.957800055722558
S104,dev,TANGENTIAL_SHIFT,RIGID,ENG_PAIR_3_NEG_X,14459,3.1614429372048227,-0.2401454677995972,3.152308931481426,1.9536852262914557
S104,dev,TANGENTIAL_SHIFT,RIGID,ENG_PAIR_3_POS_X,14436,12.496951909198865,-0.9484963392434753,12.46090533289098,6.965012741872838
S104,dev,TANGENTIAL_SHIFT,D_VECTOR,ENG_MID_UP,12866,4.9153503708110104,0.4698479192286951,4.892842956873682,0.942843384621125
S104,dev,TANGENTIAL_SHIFT,D_VECTOR,ENG_MID_DOWN,14858,6.404098297776976,0.0028445956067253315,6.404097666015549,0.38639785775635804
S104,dev,TANGENTIAL_SHIFT,D_VECTOR,ENG_PAIR_1_NEG_X,13030,2.7144691896384683,-0.300615039047594,2.6977719658627444,1.4222420661895339
S104,dev,TANGENTIAL_SHIFT,D_VECTOR,ENG_PAIR_1_POS_X,13013,11.906835610514513,-2.4251674482721937,11.65724225979959,6.013669067983045
S104,dev,TANGENTIAL_SHIFT,D_VECTOR,ENG_PAIR_2_NEG_X,13846,6.46449643872995,-0.1363398431813775,6.463058537063816,3.637461165338645
S104,dev,TANGENTIAL_SHIFT,D_VECTOR,ENG_PAIR_2_POS_X,13694,19.696261996503807,-2.8775758401842273,19.484924786072646,10.455659864249133
S104,dev,TANGENTIAL_SHIFT,D_VECTOR,ENG_PAIR_3_NEG_X,14459,3.2608779938434256,-0.2910009286322668,3.2478675696936112,1.7168385341605017
S104,dev,TANGENTIAL_SHIFT,D_VECTOR,ENG_PAIR_3_POS_X,14436,12.249702986833531,-1.4771651723065995,12.16031275582017,7.090260911240653
S104,dev,TANGENTIAL_SHIFT,D_NORMAL,ENG_MID_UP,12866,5.007104707931422,0.5191021160405747,4.9801235475951,1.0026656346117595
S104,dev,TANGENTIAL_SHIFT,D_NORMAL,ENG_MID_DOWN,14858,6.428478697831459,0.00407770779209083,6.428477404547054,0.39487214309829
S104,dev,TANGENTIAL_SHIFT,D_NORMAL,ENG_PAIR_1_NEG_X,13030,2.6763920209090073,-0.2941567833005443,2.660177820451798,1.439136193585644
S104,dev,TANGENTIAL_SHIFT,D_NORMAL,ENG_PAIR_1_POS_X,13013,12.046556463722798,-2.397360427027759,11.805599756750302,6.038788856584986
S104,dev,TANGENTIAL_SHIFT,D_NORMAL,ENG_PAIR_2_NEG_X,13846,6.502876490754425,-0.14881659640363004,6.501173453665225,3.6645572183318538
S104,dev,TANGENTIAL_SHIFT,D_NORMAL,ENG_PAIR_2_POS_X,13694,19.83069820839567,-2.8582026619921286,19.623640563754943,10.480310093506684
S104,dev,TANGENTIAL_SHIFT,D_NORMAL,ENG_PAIR_3_NEG_X,14459,3.1694107532797893,-0.2924522471058464,3.1558891308422576,1.6821676766256461
S104,dev,TANGENTIAL_SHIFT,D_NORMAL,ENG_PAIR_3_POS_X,14436,12.469809272906247,-1.4945556294026971,12.379921113370607,7.194401406062269
S107,dev,RIGID_ONLY,INITIAL,ENG_MID_UP,12866,37.14454241365544,-31.696714405257293,19.36582884958457,2.109645816408095
S107,dev,RIGID_ONLY,INITIAL,ENG_MID_DOWN,14858,44.63295201010381,-41.4974226235769,16.43363382628681,2.1955696711347565
S107,dev,RIGID_ONLY,INITIAL,ENG_PAIR_1_NEG_X,13030,39.52260003671705,-26.39299500153756,29.41845897580497,2.345093406635014
S107,dev,RIGID_ONLY,INITIAL,ENG_PAIR_1_POS_X,13013,36.849054630283874,-34.576935286018504,12.739245400420469,1.7252483258016214
S107,dev,RIGID_ONLY,INITIAL,ENG_PAIR_2_NEG_X,13846,41.79349924615219,-27.542884939582585,31.43383636215978,2.4381543974921702
S107,dev,RIGID_ONLY,INITIAL,ENG_PAIR_2_POS_X,13694,39.23482614750209,-38.92497954153158,4.921133052058441,1.5888655605013935
S107,dev,RIGID_ONLY,INITIAL,ENG_PAIR_3_NEG_X,14459,45.07539321602107,-33.89425301137574,29.71482267118154,2.4394009409106996
S107,dev,RIGID_ONLY,INITIAL,ENG_PAIR_3_POS_X,14436,42.43173256635157,-38.76592661168216,17.252676966779774,1.946204634962092
S107,dev,RIGID_ONLY,RIGID,ENG_MID_UP,12866,0.4583170914423351,-0.41778993888036176,0.18843068560748105,0.012443899617816506
S107,dev,RIGID_ONLY,RIGID,ENG_MID_DOWN,14858,0.5037706904839966,-0.4836322652302518,0.14101326398242855,0.012557142164643079
S107,dev,RIGID_ONLY,RIGID,ENG_PAIR_1_NEG_X,13030,0.45112950127067913,-0.42388879641402893,0.15438949184253978,0.008134296150084885
S107,dev,RIGID_ONLY,RIGID,ENG_PAIR_1_POS_X,13013,0.47962599913511045,-0.38192026728903145,0.2901344662052885,0.011999013547082068
S107,dev,RIGID_ONLY,RIGID,ENG_PAIR_2_NEG_X,13846,0.4653299965718334,-0.45579755049694176,0.09370484870341741,0.008890967852140755
S107,dev,RIGID_ONLY,RIGID,ENG_PAIR_2_POS_X,13694,0.4938850023055135,-0.3907956066285105,0.30199534655714744,0.012857895285776112
S107,dev,RIGID_ONLY,RIGID,ENG_PAIR_3_NEG_X,14459,0.4827986442890753,-0.4710803159702346,0.1057254313434241,0.011712871166916028
S107,dev,RIGID_ONLY,RIGID,ENG_PAIR_3_POS_X,14436,0.5135817733312634,-0.42943564074694235,0.2816935717306099,0.013336490717443047
S107,dev,RIGID_ONLY,D_VECTOR,ENG_MID_UP,12866,0.13422894415325404,-0.05870005086803027,0.1207133525198768,0.3625396801178856
S107,dev,RIGID_ONLY,D_VECTOR,ENG_MID_DOWN,14858,0.1345539958333853,-0.04633342637145962,0.1263249436786385,0.08752924124772293
S107,dev,RIGID_ONLY,D_VECTOR,ENG_PAIR_1_NEG_X,13030,0.36838364991281497,-0.34162222916555046,0.1378432662956284,0.2637034313883411
S107,dev,RIGID_ONLY,D_VECTOR,ENG_PAIR_1_POS_X,13013,0.4634247979455849,-0.41922569988977965,0.19751545737696222,0.39886283867189903
S107,dev,RIGID_ONLY,D_VECTOR,ENG_PAIR_2_NEG_X,13846,0.18531643379885757,-0.180617175005793,0.04146826170522612,0.25123303333363023
S107,dev,RIGID_ONLY,D_VECTOR,ENG_PAIR_2_POS_X,13694,0.2482548547965107,-0.11452800160992777,0.22025850670807923,0.2053560560811782
S107,dev,RIGID_ONLY,D_VECTOR,ENG_PAIR_3_NEG_X,14459,0.36678191961282347,-0.3545983838758212,0.0937494677719477,0.1965444799450182
S107,dev,RIGID_ONLY,D_VECTOR,ENG_PAIR_3_POS_X,14436,0.3764965404004783,-0.320424002861902,0.19768182345244806,0.20913958932314514
S107,dev,RIGID_ONLY,D_NORMAL,ENG_MID_UP,12866,0.14683642838673114,-0.06229888434782286,0.13296535530125211,0.35917318806899984
S107,dev,RIGID_ONLY,D_NORMAL,ENG_MID_DOWN,14858,0.14556233588020623,-0.04690802738942533,0.13779706307949707,0.09117210337069183
S107,dev,RIGID_ONLY,D_NORMAL,ENG_PAIR_1_NEG_X,13030,0.37894996619213184,-0.34651528317268365,0.15339568248413232,0.26873052163038486
S107,dev,RIGID_ONLY,D_NORMAL,ENG_PAIR_1_POS_X,13013,0.5190993175613697,-0.4375579513807149,0.2792975844438898,0.4222226094770292
S107,dev,RIGID_ONLY,D_NORMAL,ENG_PAIR_2_NEG_X,13846,0.22146034830679193,-0.19846941872951615,0.09825770046837845,0.27514249061262797
S107,dev,RIGID_ONLY,D_NORMAL,ENG_PAIR_2_POS_X,13694,0.3343075412172448,-0.12967727674109059,0.3081320106897926,0.23760246180005176
S107,dev,RIGID_ONLY,D_NORMAL,ENG_PAIR_3_NEG_X,14459,0.3771521998280031,-0.3623878556040354,0.10449317655144157,0.21749982505587043
S107,dev,RIGID_ONLY,D_NORMAL,ENG_PAIR_3_POS_X,14436,0.4324606803958739,-0.32685274676498577,0.2831775450501791,0.23496601172912435
S107,dev,NORMAL_BUMP,INITIAL,ENG_MID_UP,12866,35.24089556578296,-29.179183388053016,19.760971056220686,2.46453569530605
S107,dev,NORMAL_BUMP,INITIAL,ENG_MID_DOWN,14858,41.417743606808514,-38.007733625278696,16.45726800380874,4.38934021214498
S107,dev,NORMAL_BUMP,INITIAL,ENG_PAIR_1_NEG_X,13030,38.40541684602586,-24.51359139511556,29.564503716963063,2.99992170167159
S107,dev,NORMAL_BUMP,INITIAL,ENG_PAIR_1_POS_X,13013,29.787861435760515,-27.16866699272873,12.213935596452142,1.482788603092495
S107,dev,NORMAL_BUMP,INITIAL,ENG_PAIR_2_NEG_X,13846,39.78306857777918,-24.035848006990754,31.701270574680755,3.5025788755557365
S107,dev,NORMAL_BUMP,INITIAL,ENG_PAIR_2_POS_X,13694,27.572533460510094,-27.10284870345646,5.067562884513347,1.336636247934404
S107,dev,NORMAL_BUMP,INITIAL,ENG_PAIR_3_NEG_X,14459,43.90478716321756,-32.28107689910726,29.75840066403698,3.7616834851086733
S107,dev,NORMAL_BUMP,INITIAL,ENG_PAIR_3_POS_X,14436,35.80843649856952,-31.578286150345882,16.883600572122038,4.321308613669778
S107,dev,NORMAL_BUMP,RIGID,ENG_MID_UP,12866,0.4512148060351127,-0.210248113089456,0.3992374382840714,2.1583957414502737
S107,dev,NORMAL_BUMP,RIGID,ENG_MID_DOWN,14858,1.2735902069816718,1.2732999428942995,0.027189533739871014,2.056878886692791
S107,dev,NORMAL_BUMP,RIGID,ENG_PAIR_1_NEG_X,13030,1.480810886532227,-0.004708184047454711,1.4808034017638314,1.949710672571698
S107,dev,NORMAL_BUMP,RIGID,ENG_PAIR_1_POS_X,13013,4.924980946218179,4.699527312194353,1.4730513781098833,2.804538213425985
S107,dev,NORMAL_BUMP,RIGID,ENG_PAIR_2_NEG_X,13846,2.206109681418388,1.7078152310910393,1.3965267856011219,2.294679283812992
S107,dev,NORMAL_BUMP,RIGID,ENG_PAIR_2_POS_X,13694,9.33094116717366,9.216011232773909,1.4600000077538795,0.4331848680723113
S107,dev,NORMAL_BUMP,RIGID,ENG_PAIR_3_NEG_X,14459,0.81613947624077,-0.25068454338541557,0.7766858466498563,1.3313425404917976
S107,dev,NORMAL_BUMP,RIGID,ENG_PAIR_3_POS_X,14436,4.853774020500215,4.735760161637951,1.0638129222404262,2.8115198786568234
S107,dev,NORMAL_BUMP,D_VECTOR,ENG_MID_UP,12866,0.7826007231087659,-0.44828775658132375,0.6414842002026606,0.3328308927539315
S107,dev,NORMAL_BUMP,D_VECTOR,ENG_MID_DOWN,14858,0.10627998035720561,-0.07150220063478968,0.07863122489895659,0.6791377191861825
S107,dev,NORMAL_BUMP,D_VECTOR,ENG_PAIR_1_NEG_X,13030,1.5314508926384223,-0.559879014955846,1.4254393446145268,0.5594498427003147
S107,dev,NORMAL_BUMP,D_VECTOR,ENG_PAIR_1_POS_X,13013,1.181735375844615,0.023007525443498544,1.1815113847507268,0.9143749159902129
S107,dev,NORMAL_BUMP,D_VECTOR,ENG_PAIR_2_NEG_X,13846,1.7108572362745058,-0.18033627958473947,1.7013263382368402,1.3430227647971114
S107,dev,NORMAL_BUMP,D_VECTOR,ENG_PAIR_2_POS_X,13694,1.2491971179580974,0.5292024554784519,1.1315644924750836,0.31144609201168205
S107,dev,NORMAL_BUMP,D_VECTOR,ENG_PAIR_3_NEG_X,14459,1.0149632709435155,-0.47948131000524685,0.8945658805923755,0.39998569322269867
S107,dev,NORMAL_BUMP,D_VECTOR,ENG_PAIR_3_POS_X,14436,0.6500024142074761,0.03267667745855678,0.649180539777508,0.5576918081436604
S107,dev,NORMAL_BUMP,D_NORMAL,ENG_MID_UP,12866,0.545696116528855,-0.39735367530596416,0.37402447555676904,0.2892617990947881
S107,dev,NORMAL_BUMP,D_NORMAL,ENG_MID_DOWN,14858,0.09559931447326993,-0.06526820884032283,0.0698519136640877,0.6985907653550059
S107,dev,NORMAL_BUMP,D_NORMAL,ENG_PAIR_1_NEG_X,13030,1.5587166607338834,-0.5542638001763152,1.4568422249040895,0.5240601083159113
S107,dev,NORMAL_BUMP,D_NORMAL,ENG_PAIR_1_POS_X,13013,1.5045674269683083,0.14354948538081622,1.4977038050098352,0.7040179688557622
S107,dev,NORMAL_BUMP,D_NORMAL,ENG_PAIR_2_NEG_X,13846,1.2946763965458556,-0.0961480636933527,1.2911012824797985,1.0775277411658035
S107,dev,NORMAL_BUMP,D_NORMAL,ENG_PAIR_2_POS_X,13694,1.4205086405925298,0.8814149543339451,1.1139804649429568,0.49606814746263
S107,dev,NORMAL_BUMP,D_NORMAL,ENG_PAIR_3_NEG_X,14459,0.9016563160694545,-0.4728768408370225,0.7677054159688709,0.3600661640632461
S107,dev,NORMAL_BUMP,D_NORMAL,ENG_PAIR_3_POS_X,14436,0.9552256151355704,0.1280012039286127,0.9466106209017277,0.7600747834050042
S107,dev,TANGENTIAL_SHIFT,INITIAL,ENG_MID_UP,12866,34.67623293938556,-30.967286438008717,15.603470816867945,2.7794408380445765
S107,dev,TANGENTIAL_SHIFT,INITIAL,ENG_MID_DOWN,14858,43.34607779487135,-41.32188407078865,13.091384840395717,2.3931692452023383
S107,dev,TANGENTIAL_SHIFT,INITIAL,ENG_PAIR_1_NEG_X,13030,37.13624655381244,-26.16172481964093,26.356497539827448,2.07694064346982
S107,dev,TANGENTIAL_SHIFT,INITIAL,ENG_PAIR_1_POS_X,13013,35.4645902880493,-35.45926270546912,0.6146972293146069,5.55420836774018
S107,dev,TANGENTIAL_SHIFT,INITIAL,ENG_PAIR_2_NEG_X,13846,37.342319490333864,-27.14534372843527,25.643305925392465,4.105786340833665
S107,dev,TANGENTIAL_SHIFT,INITIAL,ENG_PAIR_2_POS_X,13694,43.255252385328646,-39.85368678640269,16.813700022594396,9.741262568842412
S107,dev,TANGENTIAL_SHIFT,INITIAL,ENG_PAIR_3_NEG_X,14459,43.47566462495684,-33.715788336912574,27.44775093522662,2.0012628486804207
S107,dev,TANGENTIAL_SHIFT,INITIAL,ENG_PAIR_3_POS_X,14436,44.19934508156477,-39.0266993864755,20.74846598273996,5.688658790234501
S107,dev,TANGENTIAL_SHIFT,RIGID,ENG_MID_UP,12866,4.2426546876259374,0.08043270072871614,4.241892193242047,1.193801973282078
S107,dev,TANGENTIAL_SHIFT,RIGID,ENG_MID_DOWN,14858,5.875722376241911,-0.5290757363485549,5.851853749699928,0.30959901636806636
S107,dev,TANGENTIAL_SHIFT,RIGID,ENG_PAIR_1_NEG_X,13030,2.980978952731792,-0.2800070929225922,2.96779910784793,1.355263880601326
S107,dev,TANGENTIAL_SHIFT,RIGID,ENG_PAIR_1_POS_X,13013,12.545953662542933,-1.578994153298125,12.446193424759429,5.888559005348436
S107,dev,TANGENTIAL_SHIFT,RIGID,ENG_PAIR_2_NEG_X,13846,5.615779182022543,-0.19753921852341885,5.6123038120172115,3.4419821895731233
S107,dev,TANGENTIAL_SHIFT,RIGID,ENG_PAIR_2_POS_X,13694,20.014310388517636,-1.7540757695966163,19.937297673517318,10.706265217413563
S107,dev,TANGENTIAL_SHIFT,RIGID,ENG_PAIR_3_NEG_X,14459,2.563188047090184,-0.40710256636543113,2.530652181791222,1.4606411825148
S107,dev,TANGENTIAL_SHIFT,RIGID,ENG_PAIR_3_POS_X,14436,12.23522180428999,-1.0929011362742744,12.186312801930844,6.166862439281653
S107,dev,TANGENTIAL_SHIFT,D_VECTOR,ENG_MID_UP,12866,4.090039976499437,0.6555151589680315,4.037168176547348,1.909298329779557
S107,dev,TANGENTIAL_SHIFT,D_VECTOR,ENG_MID_DOWN,14858,5.809448924398489,-0.006850535373802744,5.809444885301852,0.537027698612782
S107,dev,TANGENTIAL_SHIFT,D_VECTOR,ENG_PAIR_1_NEG_X,13030,3.002341872779499,-0.28099043438638116,2.989163946127489,1.021057008648183
S107,dev,TANGENTIAL_SHIFT,D_VECTOR,ENG_PAIR_1_POS_X,13013,12.243422637917542,-2.3764300505269698,12.010577759026587,6.532579863793992
S107,dev,TANGENTIAL_SHIFT,D_VECTOR,ENG_PAIR_2_NEG_X,13846,5.536843905778649,-0.10112640161929436,5.535920328893263,3.519768963172138
S107,dev,TANGENTIAL_SHIFT,D_VECTOR,ENG_PAIR_2_POS_X,13694,19.685989438921975,-2.9669220602393547,19.461129301194536,11.072014059046959
S107,dev,TANGENTIAL_SHIFT,D_VECTOR,ENG_PAIR_3_NEG_X,14459,2.5923875082610537,-0.25572615300885854,2.57974361665171,1.4949229954999725
S107,dev,TANGENTIAL_SHIFT,D_VECTOR,ENG_PAIR_3_POS_X,14436,12.000109700823526,-1.543241035432032,11.900463853915845,6.306345258579675
S107,dev,TANGENTIAL_SHIFT,D_NORMAL,ENG_MID_UP,12866,4.191944465669307,0.6667238140783242,4.138584028263336,1.9212189097247967
S107,dev,TANGENTIAL_SHIFT,D_NORMAL,ENG_MID_DOWN,14858,5.843896814030202,-0.007131056288686127,5.843892463167727,0.5381391593464534
S107,dev,TANGENTIAL_SHIFT,D_NORMAL,ENG_PAIR_1_NEG_X,13030,2.986328253669425,-0.267393611827359,2.974333050453193,1.0777765937517638
S107,dev,TANGENTIAL_SHIFT,D_NORMAL,ENG_PAIR_1_POS_X,13013,12.506604392619181,-2.3760969936727374,12.278815761715002,6.604564536023193
S107,dev,TANGENTIAL_SHIFT,D_NORMAL,ENG_PAIR_2_NEG_X,13846,5.613618091232304,-0.14684058751890475,5.611697240235588,3.512104976476438
S107,dev,TANGENTIAL_SHIFT,D_NORMAL,ENG_PAIR_2_POS_X,13694,19.85697723431375,-2.9138215325306698,19.642026091027756,11.070205153480028
S107,dev,TANGENTIAL_SHIFT,D_NORMAL,ENG_PAIR_3_NEG_X,14459,2.5404064883601802,-0.2624465692755705,2.5268135911416154,1.4818489235377097
S107,dev,TANGENTIAL_SHIFT,D_NORMAL,ENG_PAIR_3_POS_X,14436,12.2186070178757,-1.5436597293786996,12.120704273975823,6.3891934467924365
S114,consumed_test,RIGID_ONLY,INITIAL,ENG_MID_UP,12866,42.583160591543816,-39.648287510081516,15.535084920370542,2.145109845688296
S114,consumed_test,RIGID_ONLY,INITIAL,ENG_MID_DOWN,14858,52.12468668485258,-45.435388384031384,25.54620215191044,2.3777172488140548
S114,consumed_test,RIGID_ONLY,INITIAL,ENG_PAIR_1_NEG_X,13030,44.83513051280759,-26.18173942526408,36.39650324918677,2.4422350990559316
S114,consumed_test,RIGID_ONLY,INITIAL,ENG_PAIR_1_POS_X,13013,41.974654920062555,-41.18963152609599,8.079969703084974,1.3434804848947426
S114,consumed_test,RIGID_ONLY,INITIAL,ENG_PAIR_2_NEG_X,13846,48.30801212038128,-32.162182326414516,36.04522247157554,2.4475088509220657
S114,consumed_test,RIGID_ONLY,INITIAL,ENG_PAIR_2_POS_X,13694,45.831000507627515,-45.25170162424166,7.263890668282277,1.4661340989532983
S114,consumed_test,RIGID_ONLY,INITIAL,ENG_PAIR_3_NEG_X,14459,52.48734665946985,-38.33376039193045,35.85309433738496,2.446411433145462
S114,consumed_test,RIGID_ONLY,INITIAL,ENG_PAIR_3_POS_X,14436,49.790134019208466,-42.40026404490414,26.1012462264381,2.214815732093886
S114,consumed_test,RIGID_ONLY,RIGID,ENG_MID_UP,12866,0.36540103048944356,-0.3569765367817779,0.0780106740775596,0.013301506122451843
S114,consumed_test,RIGID_ONLY,RIGID,ENG_MID_DOWN,14858,0.4408979765785867,-0.42393744286662155,0.12111180903116739,0.013242062641066251
S114,consumed_test,RIGID_ONLY,RIGID,ENG_PAIR_1_NEG_X,13030,0.3668723714960174,-0.30026066694523074,0.21080528658626432,0.009365927262695964
S114,consumed_test,RIGID_ONLY,RIGID,ENG_PAIR_1_POS_X,13013,0.37763005789312426,-0.2804926477748686,0.252840533080849,0.013355078472533454
S114,consumed_test,RIGID_ONLY,RIGID,ENG_PAIR_2_NEG_X,13846,0.39728985636759145,-0.348747121284058,0.19030153800919214,0.009286256866206611
S114,consumed_test,RIGID_ONLY,RIGID,ENG_PAIR_2_POS_X,13694,0.4062472728911419,-0.3367709919537467,0.22720507412903299,0.0132472544091023
S114,consumed_test,RIGID_ONLY,RIGID,ENG_PAIR_3_NEG_X,14459,0.42862026513070106,-0.3823898279673523,0.19363199928682037,0.012258048898139608
S114,consumed_test,RIGID_ONLY,RIGID,ENG_PAIR_3_POS_X,14436,0.43744229264512263,-0.3922609306965225,0.193615912682091,0.013419897278830906
S114,consumed_test,RIGID_ONLY,D_VECTOR,ENG_MID_UP,12866,0.02805676627413943,-0.008258108432034707,0.0268139101752513,0.5305648720566936
S114,consumed_test,RIGID_ONLY,D_VECTOR,ENG_MID_DOWN,14858,0.11340605248467832,-0.0401964550953717,0.1060432823799951,0.08304702169336847
S114,consumed_test,RIGID_ONLY,D_VECTOR,ENG_PAIR_1_NEG_X,13030,0.43168360576344933,-0.40671476291784275,0.14468530370986574,0.3172741138067254
S114,consumed_test,RIGID_ONLY,D_VECTOR,ENG_PAIR_1_POS_X,13013,0.4639897793928621,-0.43677086839515317,0.15658136511852433,0.32389997440090873
S114,consumed_test,RIGID_ONLY,D_VECTOR,ENG_PAIR_2_NEG_X,13846,0.1819421156219716,-0.13975219431297045,0.11650003271119128,0.24227215517184705
S114,consumed_test,RIGID_ONLY,D_VECTOR,ENG_PAIR_2_POS_X,13694,0.20007049343124664,-0.14513183289478981,0.13771330154498987,0.4379118634218101
S114,consumed_test,RIGID_ONLY,D_VECTOR,ENG_PAIR_3_NEG_X,14459,0.3142745676431988,-0.27545781142518494,0.1512993654717915,0.2757131175403952
S114,consumed_test,RIGID_ONLY,D_VECTOR,ENG_PAIR_3_POS_X,14436,0.31596931984731386,-0.2852637886461559,0.13587193224509397,0.36803052967340344
S114,consumed_test,RIGID_ONLY,D_NORMAL,ENG_MID_UP,12866,0.04556937152113926,-0.015092508848516196,0.042997485943820926,0.5341994760225014
S114,consumed_test,RIGID_ONLY,D_NORMAL,ENG_MID_DOWN,14858,0.13195168324358272,-0.04091278594012766,0.12544875709799633,0.08195848134233108
S114,consumed_test,RIGID_ONLY,D_NORMAL,ENG_PAIR_1_NEG_X,13030,0.4521700217712595,-0.40313261165256176,0.20479703613774816,0.3278536627679784
S114,consumed_test,RIGID_ONLY,D_NORMAL,ENG_PAIR_1_POS_X,13013,0.4960202611515534,-0.4338720546889625,0.24039787776274804,0.33862111087902547
S114,consumed_test,RIGID_ONLY,D_NORMAL,ENG_PAIR_2_NEG_X,13846,0.24404370450180232,-0.14829103210472436,0.19382234005469706,0.2720350831407731
S114,consumed_test,RIGID_ONLY,D_NORMAL,ENG_PAIR_2_POS_X,13694,0.2732195120536172,-0.1517601437454872,0.2271954236712653,0.46798181838273173
S114,consumed_test,RIGID_ONLY,D_NORMAL,ENG_PAIR_3_NEG_X,14459,0.34466669759681867,-0.2847151272919448,0.19424836865062353,0.3101915567506174
S114,consumed_test,RIGID_ONLY,D_NORMAL,ENG_PAIR_3_POS_X,14436,0.3515955370503423,-0.2935294994768412,0.19354548460399099,0.40667091216949824
S114,consumed_test,NORMAL_BUMP,INITIAL,ENG_MID_UP,12866,40.02248946115497,-36.74772656228602,15.85573256496587,2.132336183126125
S114,consumed_test,NORMAL_BUMP,INITIAL,ENG_MID_DOWN,14858,48.87895053609075,-41.68933129675945,25.51766959458955,4.646466033536707
S114,consumed_test,NORMAL_BUMP,INITIAL,ENG_PAIR_1_NEG_X,13030,43.852983799304276,-24.244906767702865,36.54132843681848,2.6847955147718627
S114,consumed_test,NORMAL_BUMP,INITIAL,ENG_PAIR_1_POS_X,13013,35.281854532002576,-34.356725420591204,8.026498463931361,1.5668564955221336
S114,consumed_test,NORMAL_BUMP,INITIAL,ENG_PAIR_2_NEG_X,13846,45.67390482337711,-27.714434147226015,36.3044862477626,3.498332358752724
S114,consumed_test,NORMAL_BUMP,INITIAL,ENG_PAIR_2_POS_X,13694,34.29639408665428,-33.397808684050794,7.799296279193161,1.3587114933426483
S114,consumed_test,NORMAL_BUMP,INITIAL,ENG_PAIR_3_NEG_X,14459,51.03718510332873,-36.294619395959735,35.88167869782381,4.119012231000424
S114,consumed_test,NORMAL_BUMP,INITIAL,ENG_PAIR_3_POS_X,14436,43.744158265231654,-35.28694575473171,25.853101199590284,4.6316764166947815
S114,consumed_test,NORMAL_BUMP,RIGID,ENG_MID_UP,12866,1.0289833343724866,1.0011413891463237,0.2377448660949158,2.184817561286903
S114,consumed_test,NORMAL_BUMP,RIGID,ENG_MID_DOWN,14858,2.3245158426640193,2.1758100581703497,0.8180614240756966,2.1938974429431837
S114,consumed_test,NORMAL_BUMP,RIGID,ENG_PAIR_1_NEG_X,13030,1.157366543113685,0.5425332336312911,1.0223282278820713,1.86202782888404
S114,consumed_test,NORMAL_BUMP,RIGID,ENG_PAIR_1_POS_X,13013,5.281315184816162,5.012414335816029,1.6637285257744807,2.8426051903182254
S114,consumed_test,NORMAL_BUMP,RIGID,ENG_PAIR_2_NEG_X,13846,3.3038267041112013,3.093814037681946,1.1591313950715065,2.571348277323489
S114,consumed_test,NORMAL_BUMP,RIGID,ENG_PAIR_2_POS_X,13694,10.135045213415658,9.999395863176897,1.6526414763826978,0.23431841949879678
S114,consumed_test,NORMAL_BUMP,RIGID,ENG_PAIR_3_NEG_X,14459,1.2679509285754602,0.7913802918849782,0.9906648226778918,1.8015146225853769
S114,consumed_test,NORMAL_BUMP,RIGID,ENG_PAIR_3_POS_X,14436,5.5664110919324505,5.446328205064174,1.1499745767237939,2.901473629142221
S114,consumed_test,NORMAL_BUMP,D_VECTOR,ENG_MID_UP,12866,0.7144364346923675,-0.17449175012578452,0.6928001503709292,0.3772761446243434
S114,consumed_test,NORMAL_BUMP,D_VECTOR,ENG_MID_DOWN,14858,0.9204428186936966,-0.06412549349402813,0.9182063513007,0.7059010745724303
S114,consumed_test,NORMAL_BUMP,D_VECTOR,ENG_PAIR_1_NEG_X,13030,1.4107276063140108,-0.6155621859646853,1.26934454519915,0.5703033550287392
S114,consumed_test,NORMAL_BUMP,D_VECTOR,ENG_PAIR_1_POS_X,13013,1.3195921407044318,0.10617286563229278,1.315313932265728,0.43002868976451253
S114,consumed_test,NORMAL_BUMP,D_VECTOR,ENG_PAIR_2_NEG_X,13846,1.5360500551495893,0.010561323749709906,1.5360137468023227,1.1644281467465396
S114,consumed_test,NORMAL_BUMP,D_VECTOR,ENG_PAIR_2_POS_X,13694,1.2426101261055364,0.423125240780182,1.1683513838373842,0.3617390258142045
S114,consumed_test,NORMAL_BUMP,D_VECTOR,ENG_PAIR_3_NEG_X,14459,1.2243881949939193,-0.39847228537782936,1.1577332550403125,0.6312717038237933
S114,consumed_test,NORMAL_BUMP,D_VECTOR,ENG_PAIR_3_POS_X,14436,1.543311997874333,-0.034032791571207976,1.542936710264143,0.5367784104235857
S114,consumed_test,NORMAL_BUMP,D_NORMAL,ENG_MID_UP,12866,0.21080880161961835,-0.12394078151855259,0.17052575616859175,0.4532015685801562
S114,consumed_test,NORMAL_BUMP,D_NORMAL,ENG_MID_DOWN,14858,0.8572754780231688,-0.057155898887403245,0.8553680193005964,0.718309314882746
S114,consumed_test,NORMAL_BUMP,D_NORMAL,ENG_PAIR_1_NEG_X,13030,1.1120795176830485,-0.563827733884574,0.9585505412615172,0.5051823418351884
S114,consumed_test,NORMAL_BUMP,D_NORMAL,ENG_PAIR_1_POS_X,13013,1.4461736488033583,0.2846761439855702,1.4178778916178665,0.5976951143710542
S114,consumed_test,NORMAL_BUMP,D_NORMAL,ENG_PAIR_2_NEG_X,13846,0.8884626322537625,0.07916269779257355,0.884928876345148,1.0079463933635626
S114,consumed_test,NORMAL_BUMP,D_NORMAL,ENG_PAIR_2_POS_X,13694,1.1702928923559697,0.5986654282435742,1.0055770278426408,0.33172046704346986
S114,consumed_test,NORMAL_BUMP,D_NORMAL,ENG_PAIR_3_NEG_X,14459,1.0350033458405117,-0.35791970086692926,0.9711464429386443,0.48457580772615294
S114,consumed_test,NORMAL_BUMP,D_NORMAL,ENG_PAIR_3_POS_X,14436,1.3130518702686647,-0.0076041799987011105,1.3130298513219665,0.7926131484841986
S114,consumed_test,TANGENTIAL_SHIFT,INITIAL,ENG_MID_UP,12866,40.59540358424192,-39.04207766810132,11.122183397401148,2.272288735098378
S114,consumed_test,TANGENTIAL_SHIFT,INITIAL,ENG_MID_DOWN,14858,50.79976576441402,-45.28787737627151,23.0135691380352,2.497269564213402
S114,consumed_test,TANGENTIAL_SHIFT,INITIAL,ENG_PAIR_1_NEG_X,13030,42.26557144819931,-25.913763479492168,33.38945031251307,2.481784119457275
S114,consumed_test,TANGENTIAL_SHIFT,INITIAL,ENG_PAIR_1_POS_X,13013,44.647063376303734,-42.302649748867836,14.277467995141645,5.76857188688277
S114,consumed_test,TANGENTIAL_SHIFT,INITIAL,ENG_PAIR_2_NEG_X,13846,42.751219934347226,-31.752487981115728,28.62597269760504,4.407639512256757
S114,consumed_test,TANGENTIAL_SHIFT,INITIAL,ENG_PAIR_2_POS_X,13694,53.32795165129769,-45.95734332558411,27.051673178891058,9.208222802490134
S114,consumed_test,TANGENTIAL_SHIFT,INITIAL,ENG_PAIR_3_NEG_X,14459,50.789018073088926,-38.12858796286496,33.551976644999954,2.2905597524759482
S114,consumed_test,TANGENTIAL_SHIFT,INITIAL,ENG_PAIR_3_POS_X,14436,51.029619947680075,-42.60319461237493,28.088964395733367,6.407394613521532
S114,consumed_test,TANGENTIAL_SHIFT,RIGID,ENG_MID_UP,12866,4.777162821903305,0.047814340222569966,4.776923530458094,0.8582959296986821
S114,consumed_test,TANGENTIAL_SHIFT,RIGID,ENG_MID_DOWN,14858,6.162699206662771,-0.47349872425178885,6.144482115681831,0.33752050738967015
S114,consumed_test,TANGENTIAL_SHIFT,RIGID,ENG_PAIR_1_NEG_X,13030,2.9300493589061287,-0.07330650446024145,2.9291321926519527,1.8104425162200248
S114,consumed_test,TANGENTIAL_SHIFT,RIGID,ENG_PAIR_1_POS_X,13013,11.60378166110613,-1.6747618756578995,11.482287293848112,5.876837125906723
S114,consumed_test,TANGENTIAL_SHIFT,RIGID,ENG_PAIR_2_NEG_X,13846,7.081636462639709,-0.057598112987824426,7.081402223173635,4.057005124231075
S114,consumed_test,TANGENTIAL_SHIFT,RIGID,ENG_PAIR_2_POS_X,13694,19.98958157422202,-1.4570653497559407,19.936407200872903,10.013570124433205
S114,consumed_test,TANGENTIAL_SHIFT,RIGID,ENG_PAIR_3_NEG_X,14459,3.191504800298484,-0.2643243286684494,3.180540133311045,2.1048961909944692
S114,consumed_test,TANGENTIAL_SHIFT,RIGID,ENG_PAIR_3_POS_X,14436,11.91924727407052,-0.958430594189681,11.880650923941781,7.135277328827878
S114,consumed_test,TANGENTIAL_SHIFT,D_VECTOR,ENG_MID_UP,12866,4.646569288523355,0.5366665859217934,4.615473445769511,1.250121420702251
S114,consumed_test,TANGENTIAL_SHIFT,D_VECTOR,ENG_MID_DOWN,14858,6.114267803418288,-0.017843846406524352,6.114241765669961,0.37409503395130117
S114,consumed_test,TANGENTIAL_SHIFT,D_VECTOR,ENG_PAIR_1_NEG_X,13030,2.990780454889343,-0.25553290510023274,2.9798440670208133,1.5848852669568607
S114,consumed_test,TANGENTIAL_SHIFT,D_VECTOR,ENG_PAIR_1_POS_X,13013,11.44642606707524,-2.4278642414645963,11.18597983790589,6.229964491434186
S114,consumed_test,TANGENTIAL_SHIFT,D_VECTOR,ENG_PAIR_2_NEG_X,13846,7.007093770692902,-0.18968089200096425,7.0045259847110986,4.09885093041139
S114,consumed_test,TANGENTIAL_SHIFT,D_VECTOR,ENG_PAIR_2_POS_X,13694,19.721628447603717,-2.765447084763629,19.52677472207596,10.344298663211347
S114,consumed_test,TANGENTIAL_SHIFT,D_VECTOR,ENG_PAIR_3_NEG_X,14459,3.275801333246215,-0.25989576092207967,3.265475243873763,1.8451898508788958
S114,consumed_test,TANGENTIAL_SHIFT,D_VECTOR,ENG_PAIR_3_POS_X,14436,11.648536120318045,-1.45888825042752,11.556817850044999,7.436703781472279
S114,consumed_test,TANGENTIAL_SHIFT,D_NORMAL,ENG_MID_UP,12866,4.748600466160801,0.5433933496011406,4.717407132613405,1.2753823148996923
S114,consumed_test,TANGENTIAL_SHIFT,D_NORMAL,ENG_MID_DOWN,14858,6.139869557804047,-0.018529527391026947,6.1398415975873135,0.37716011391360993
S114,consumed_test,TANGENTIAL_SHIFT,D_NORMAL,ENG_PAIR_1_NEG_X,13030,2.9575663617346493,-0.24675212128189453,2.947255023697002,1.6082099158308412
S114,consumed_test,TANGENTIAL_SHIFT,D_NORMAL,ENG_PAIR_1_POS_X,13013,11.580521046808286,-2.4090682584064957,11.327173426848729,6.238964537250237
S114,consumed_test,TANGENTIAL_SHIFT,D_NORMAL,ENG_PAIR_2_NEG_X,13846,7.080471198428076,-0.20554367861986297,7.077487137957152,4.141635435591635
S114,consumed_test,TANGENTIAL_SHIFT,D_NORMAL,ENG_PAIR_2_POS_X,13694,19.82735115623768,-2.733532177518868,19.638015574574446,10.373767211157125
S114,consumed_test,TANGENTIAL_SHIFT,D_NORMAL,ENG_PAIR_3_NEG_X,14459,3.194967824750977,-0.26730483307004155,3.1837662488649174,1.8102531926949978
S114,consumed_test,TANGENTIAL_SHIFT,D_NORMAL,ENG_PAIR_3_POS_X,14436,11.890110462592032,-1.4913002159085973,11.796217634422971,7.563305008983675
S118,consumed_test,RIGID_ONLY,INITIAL,ENG_MID_UP,12866,43.21840333760135,-34.23488145320918,26.37808330672087,2.3953415390619863
S118,consumed_test,RIGID_ONLY,INITIAL,ENG_MID_DOWN,14858,52.827876774640984,-37.45212437292386,37.257521985119936,2.4374730461094436
S118,consumed_test,RIGID_ONLY,INITIAL,ENG_PAIR_1_NEG_X,13030,45.02789044520668,-17.117392170787646,41.647398516798056,2.4219058530054736
S118,consumed_test,RIGID_ONLY,INITIAL,ENG_PAIR_1_POS_X,13013,42.84874191723751,-40.428810728912204,14.195983478992227,1.8748074394150638
S118,consumed_test,RIGID_ONLY,INITIAL,ENG_PAIR_2_NEG_X,13846,48.12709555985803,-17.726547207139333,44.743567706886836,2.2384366983851773
S118,consumed_test,RIGID_ONLY,INITIAL,ENG_PAIR_2_POS_X,13694,46.459485177743346,-45.721586700969375,8.247440362118086,2.0198631789833845
S118,consumed_test,RIGID_ONLY,INITIAL,ENG_PAIR_3_NEG_X,14459,52.308478806398924,-26.80245141765344,44.91999057261491,2.3237903181611657
S118,consumed_test,RIGID_ONLY,INITIAL,ENG_PAIR_3_POS_X,14436,50.7002192480441,-40.20199903959009,30.89193268509659,2.4277864022465905
S118,consumed_test,RIGID_ONLY,RIGID,ENG_MID_UP,12866,0.4111532936671526,-0.394725058965115,0.11506154317726787,0.007730349817731979
S118,consumed_test,RIGID_ONLY,RIGID,ENG_MID_DOWN,14858,0.44188122238233946,-0.3860335441423013,0.21502817836517252,0.0077297931772800695
S118,consumed_test,RIGID_ONLY,RIGID,ENG_PAIR_1_NEG_X,13030,0.40754022156289293,-0.2163527320323535,0.34537013121239724,0.00676801114363849
S118,consumed_test,RIGID_ONLY,RIGID,ENG_PAIR_1_POS_X,13013,0.42177725994207366,-0.37254081207497763,0.1977609676927168,0.00758492748139714
S118,consumed_test,RIGID_ONLY,RIGID,ENG_PAIR_2_NEG_X,13846,0.4205782617688789,-0.24637643887906124,0.3408588045478711,0.0072900521606989975
S118,consumed_test,RIGID_ONLY,RIGID,ENG_PAIR_2_POS_X,13694,0.43379149928322447,-0.4246391432646458,0.08863781844029882,0.007119836155255036
S118,consumed_test,RIGID_ONLY,RIGID,ENG_PAIR_3_NEG_X,14459,0.43150012900544826,-0.3124318244388652,0.2976217673650916,0.007833540659969758
S118,consumed_test,RIGID_ONLY,RIGID,ENG_PAIR_3_POS_X,14436,0.445467416588798,-0.4123366093080449,0.1685815525692017,0.006970095107292436
S118,consumed_test,RIGID_ONLY,D_VECTOR,ENG_MID_UP,12866,0.1284299647245969,-0.0023706342928039043,0.1284080835937169,0.5303338495855513
S118,consumed_test,RIGID_ONLY,D_VECTOR,ENG_MID_DOWN,14858,0.18576284836277981,-0.012355286347204203,0.18535151127285618,0.09738361575104378
S118,consumed_test,RIGID_ONLY,D_VECTOR,ENG_PAIR_1_NEG_X,13030,0.49348805154118497,-0.41723008407470025,0.263532756895483,0.27714857478181065
S118,consumed_test,RIGID_ONLY,D_VECTOR,ENG_PAIR_1_POS_X,13013,0.38472666437325737,-0.35020994084012463,0.15927210558201768,0.2639204372788982
S118,consumed_test,RIGID_ONLY,D_VECTOR,ENG_PAIR_2_NEG_X,13846,0.338411350937648,-0.2265428332061626,0.25139726960802256,0.27116231783086964
S118,consumed_test,RIGID_ONLY,D_VECTOR,ENG_PAIR_2_POS_X,13694,0.0628066009790345,-0.05536673354567474,0.029651204748237674,0.12307788920061064
S118,consumed_test,RIGID_ONLY,D_VECTOR,ENG_PAIR_3_NEG_X,14459,0.4732849251338514,-0.4266503040752993,0.204861266205718,0.4816177508756176
S118,consumed_test,RIGID_ONLY,D_VECTOR,ENG_PAIR_3_POS_X,14436,0.3671396359855903,-0.3287493635540742,0.16344836577470856,0.15398782798117142
S118,consumed_test,RIGID_ONLY,D_NORMAL,ENG_MID_UP,12866,0.150949686839719,-0.00927409044406282,0.15066452536494637,0.5457178334392376
S118,consumed_test,RIGID_ONLY,D_NORMAL,ENG_MID_DOWN,14858,0.2105586937219474,-0.009399331218356524,0.210348796227933,0.12872752750126384
S118,consumed_test,RIGID_ONLY,D_NORMAL,ENG_PAIR_1_NEG_X,13030,0.5186892919383944,-0.39610683842314603,0.33487005558271793,0.2692215423388669
S118,consumed_test,RIGID_ONLY,D_NORMAL,ENG_PAIR_1_POS_X,13013,0.40828231531863024,-0.3578382305975563,0.1965864942582565,0.2766066801389095
S118,consumed_test,RIGID_ONLY,D_NORMAL,ENG_PAIR_2_NEG_X,13846,0.4059167014151955,-0.22382822086732443,0.3386285517069717,0.28599969600718356
S118,consumed_test,RIGID_ONLY,D_NORMAL,ENG_PAIR_2_POS_X,13694,0.10129361208814094,-0.0592913790035833,0.08212751199029601,0.07137209180782596
S118,consumed_test,RIGID_ONLY,D_NORMAL,ENG_PAIR_3_NEG_X,14459,0.5162352310099504,-0.4286649302578665,0.28765463893863313,0.5122120773387834
S118,consumed_test,RIGID_ONLY,D_NORMAL,ENG_PAIR_3_POS_X,14436,0.3725597621775603,-0.33373193330647366,0.16560124723359945,0.163894124638562
S118,consumed_test,NORMAL_BUMP,INITIAL,ENG_MID_UP,12866,40.70479562596031,-30.677073307789943,26.754393288199967,2.103672047308331
S118,consumed_test,NORMAL_BUMP,INITIAL,ENG_MID_DOWN,14858,50.26864350470732,-33.827602113544856,37.18373105339281,4.548579546791711
S118,consumed_test,NORMAL_BUMP,INITIAL,ENG_PAIR_1_NEG_X,13030,44.31179402094118,-14.68490182030419,41.8077594219344,2.914208013241143
S118,consumed_test,NORMAL_BUMP,INITIAL,ENG_PAIR_1_POS_X,13013,35.74934136183085,-33.06458043978645,13.592237790209571,1.0947293905557987
S118,consumed_test,NORMAL_BUMP,INITIAL,ENG_PAIR_2_NEG_X,13846,46.889770852005455,-13.211827347695648,44.989979203020994,3.2558496541451865
S118,consumed_test,NORMAL_BUMP,INITIAL,ENG_PAIR_2_POS_X,13694,34.79655203127823,-33.862109902104585,8.009840587879623,1.9254720388248827
S118,consumed_test,NORMAL_BUMP,INITIAL,ENG_PAIR_3_NEG_X,14459,51.3274671362497,-24.69600910302912,44.995733320014864,3.7745400211913815
S118,consumed_test,NORMAL_BUMP,INITIAL,ENG_PAIR_3_POS_X,14436,44.896594403808976,-33.09247692813051,30.341261671546917,5.170088747885255
S118,consumed_test,NORMAL_BUMP,RIGID,ENG_MID_UP,12866,1.5962429284987,1.553183916250255,0.3682542723223015,2.3791482346558954
S118,consumed_test,NORMAL_BUMP,RIGID,ENG_MID_DOWN,14858,2.004981891636679,1.9281741624254094,0.5496333188099739,2.15946030043903
S118,consumed_test,NORMAL_BUMP,RIGID,ENG_PAIR_1_NEG_X,13030,1.834755023428144,1.2346454385598453,1.3571943991330704,2.21149537083878
S118,consumed_test,NORMAL_BUMP,RIGID,ENG_PAIR_1_POS_X,13013,5.75397291943086,5.513632588299676,1.6456184365713435,2.9143303674972363
S118,consumed_test,NORMAL_BUMP,RIGID,ENG_PAIR_2_NEG_X,13846,3.480064642389498,3.213093207858709,1.3367430391895745,2.593757951713155
S118,consumed_test,NORMAL_BUMP,RIGID,ENG_PAIR_2_POS_X,13694,9.990228805040143,9.875374191567298,1.5105151947532214,0.19199560811024335
S118,consumed_test,NORMAL_BUMP,RIGID,ENG_PAIR_3_NEG_X,14459,1.1908132037148893,0.7166600636171752,0.9510175809930882,1.6703854155086377
S118,consumed_test,NORMAL_BUMP,RIGID,ENG_PAIR_3_POS_X,14436,5.368743902332683,5.285701433579612,0.9406229020647993,2.9038010131727443
S118,consumed_test,NORMAL_BUMP,D_VECTOR,ENG_MID_UP,12866,0.7086749180561701,-0.19802827572741638,0.6804446645351447,0.58559534731799
S118,consumed_test,NORMAL_BUMP,D_VECTOR,ENG_MID_DOWN,14858,0.6589037682509419,-0.020553351164150857,0.6585831273052887,0.7140172283099598
S118,consumed_test,NORMAL_BUMP,D_VECTOR,ENG_PAIR_1_NEG_X,13030,1.7589677313157979,-0.36599671229424846,1.7204690890568324,0.4594642472554031
S118,consumed_test,NORMAL_BUMP,D_VECTOR,ENG_PAIR_1_POS_X,13013,1.5163994322826977,0.0012295695017044972,1.516398933785608,0.13215625350309335
S118,consumed_test,NORMAL_BUMP,D_VECTOR,ENG_PAIR_2_NEG_X,13846,1.8742761401600363,0.1221528445309329,1.8702913495352016,0.9893322015926421
S118,consumed_test,NORMAL_BUMP,D_VECTOR,ENG_PAIR_2_POS_X,13694,0.9086566772366536,0.30768443136750845,0.8549779223937942,0.4272049556730106
S118,consumed_test,NORMAL_BUMP,D_VECTOR,ENG_PAIR_3_NEG_X,14459,1.1471231671858682,-0.46645698303223343,1.0480025971699707,0.45614991728151194
S118,consumed_test,NORMAL_BUMP,D_VECTOR,ENG_PAIR_3_POS_X,14436,1.3595472938541457,-0.04586122595065756,1.3587735617756307,0.4698234487096012
S118,consumed_test,NORMAL_BUMP,D_NORMAL,ENG_MID_UP,12866,0.27155037276210986,-0.15802871711229885,0.22083145046637226,0.49940666170343806
S118,consumed_test,NORMAL_BUMP,D_NORMAL,ENG_MID_DOWN,14858,0.58435848629511,-0.015289992634931998,0.5841584174094694,0.726174384707888
S118,consumed_test,NORMAL_BUMP,D_NORMAL,ENG_PAIR_1_NEG_X,13030,1.377285352154546,-0.33429598409237504,1.336099223964741,0.2539281489590355
S118,consumed_test,NORMAL_BUMP,D_NORMAL,ENG_PAIR_1_POS_X,13013,1.5262736129965382,0.08913033415255806,1.5236689027683672,0.08465079816388063
S118,consumed_test,NORMAL_BUMP,D_NORMAL,ENG_PAIR_2_NEG_X,13846,1.154240901845659,0.27236515962111657,1.121645790487373,0.758855638689919
S118,consumed_test,NORMAL_BUMP,D_NORMAL,ENG_PAIR_2_POS_X,13694,0.9930736352874194,0.4281366573347118,0.896043663974714,0.5749186159857629
S118,consumed_test,NORMAL_BUMP,D_NORMAL,ENG_PAIR_3_NEG_X,14459,0.9980264811217674,-0.4325536259106295,0.8994188222023513,0.37509798907993824
S118,consumed_test,NORMAL_BUMP,D_NORMAL,ENG_PAIR_3_POS_X,14436,1.0982380620775494,-0.07427850051680185,1.0957232978068991,0.5969112351983593
S118,consumed_test,TANGENTIAL_SHIFT,INITIAL,ENG_MID_UP,12866,39.347780897090885,-33.57489927812253,20.517650937409915,2.576300828187845
S118,consumed_test,TANGENTIAL_SHIFT,INITIAL,ENG_MID_DOWN,14858,49.283707826891515,-37.469014377397535,32.01494680227947,2.424039640959891
S118,consumed_test,TANGENTIAL_SHIFT,INITIAL,ENG_PAIR_1_NEG_X,13030,41.417346401972644,-16.836549839816932,37.84081358100479,2.249204584883086
S118,consumed_test,TANGENTIAL_SHIFT,INITIAL,ENG_PAIR_1_POS_X,13013,42.39411334009598,-41.59412819298292,8.196910744823736,6.665516065216642
S118,consumed_test,TANGENTIAL_SHIFT,INITIAL,ENG_PAIR_2_NEG_X,13846,41.09883965509635,-17.367807585438516,37.24881045980535,4.624376363293821
S118,consumed_test,TANGENTIAL_SHIFT,INITIAL,ENG_PAIR_2_POS_X,13694,47.94730502137297,-46.411375469853844,12.038616440805265,9.389607851091382
S118,consumed_test,TANGENTIAL_SHIFT,INITIAL,ENG_PAIR_3_NEG_X,14459,49.6416007193513,-26.55540858961211,41.941611755132335,2.738282078504718
S118,consumed_test,TANGENTIAL_SHIFT,INITIAL,ENG_PAIR_3_POS_X,14436,47.25190685646989,-40.82935922312946,23.78457750310396,6.639319042108363
S118,consumed_test,TANGENTIAL_SHIFT,RIGID,ENG_MID_UP,12866,5.676483392389524,0.0836542325779098,5.675866953465865,1.0740384522882154
S118,consumed_test,TANGENTIAL_SHIFT,RIGID,ENG_MID_DOWN,14858,5.749953807062392,-0.538701100622405,5.724663300801149,0.5102022497956784
S118,consumed_test,TANGENTIAL_SHIFT,RIGID,ENG_PAIR_1_NEG_X,13030,3.633135995189976,0.053371606151617734,3.6327439534327017,1.9144322535996916
S118,consumed_test,TANGENTIAL_SHIFT,RIGID,ENG_PAIR_1_POS_X,13013,12.327208104378393,-1.8190175080087363,12.192261273209741,6.734713619476736
S118,consumed_test,TANGENTIAL_SHIFT,RIGID,ENG_PAIR_2_NEG_X,13846,7.040483039807805,0.04064004303536262,7.040365744812085,4.1098428936989375
S118,consumed_test,TANGENTIAL_SHIFT,RIGID,ENG_PAIR_2_POS_X,13694,19.827970317661922,-1.4768601763884366,19.7728928317907,10.132264451310734
S118,consumed_test,TANGENTIAL_SHIFT,RIGID,ENG_PAIR_3_NEG_X,14459,3.1221386423502433,-0.13324548431398775,3.1192940456081653,1.9717827949615236
S118,consumed_test,TANGENTIAL_SHIFT,RIGID,ENG_PAIR_3_POS_X,14436,11.735755182228695,-1.2926420453104992,11.664348513307683,6.527781307149112
S118,consumed_test,TANGENTIAL_SHIFT,D_VECTOR,ENG_MID_UP,12866,5.53658221965414,0.6274541603374292,5.5009130107342745,1.5926794775148632
S118,consumed_test,TANGENTIAL_SHIFT,D_VECTOR,ENG_MID_DOWN,14858,5.7106202891009445,-0.06789683070838753,5.710216642709023,0.33854309553880957
S118,consumed_test,TANGENTIAL_SHIFT,D_VECTOR,ENG_PAIR_1_NEG_X,13030,3.6633081852371676,-0.23269312574335582,3.655910388570461,1.6623564936780726
S118,consumed_test,TANGENTIAL_SHIFT,D_VECTOR,ENG_PAIR_1_POS_X,13013,12.223309984837028,-2.6820640182055255,11.92542827690745,7.060873375402736
S118,consumed_test,TANGENTIAL_SHIFT,D_VECTOR,ENG_PAIR_2_NEG_X,13846,6.95835346738991,-0.1834373196525435,6.955935143954109,4.080483841254322
S118,consumed_test,TANGENTIAL_SHIFT,D_VECTOR,ENG_PAIR_2_POS_X,13694,19.570916151169623,-2.6607152728673276,19.389207132650952,10.337094129376288
S118,consumed_test,TANGENTIAL_SHIFT,D_VECTOR,ENG_PAIR_3_NEG_X,14459,3.2391604169443893,-0.2800166537639734,3.227034378545443,1.4829508448585045
S118,consumed_test,TANGENTIAL_SHIFT,D_VECTOR,ENG_PAIR_3_POS_X,14436,11.45753715530422,-1.864092949530927,11.304880147117254,6.86073392979671
S118,consumed_test,TANGENTIAL_SHIFT,D_NORMAL,ENG_MID_UP,12866,5.647803512374582,0.6292032551745702,5.61264534583011,1.6077074064872932
S118,consumed_test,TANGENTIAL_SHIFT,D_NORMAL,ENG_MID_DOWN,14858,5.726449626508275,-0.06948003260242291,5.726028104192847,0.34101856015398324
S118,consumed_test,TANGENTIAL_SHIFT,D_NORMAL,ENG_PAIR_1_NEG_X,13030,3.6584791638999032,-0.21728850835640778,3.6520207415656856,1.6841765871883663
S118,consumed_test,TANGENTIAL_SHIFT,D_NORMAL,ENG_PAIR_1_POS_X,13013,12.299634970503527,-2.650896235417394,12.010569077137154,7.108621253336301
S118,consumed_test,TANGENTIAL_SHIFT,D_NORMAL,ENG_PAIR_2_NEG_X,13846,7.038327539014409,-0.19488582489215103,7.035628903069343,4.126968849481328
S118,consumed_test,TANGENTIAL_SHIFT,D_NORMAL,ENG_PAIR_2_POS_X,13694,19.676259746393214,-2.6642715164764263,19.4950469323371,10.470749972589587
S118,consumed_test,TANGENTIAL_SHIFT,D_NORMAL,ENG_PAIR_3_NEG_X,14459,3.1418948620476614,-0.28000823356512927,3.1293927067878893,1.4706827104671496
S118,consumed_test,TANGENTIAL_SHIFT,D_NORMAL,ENG_PAIR_3_POS_X,14436,11.709429106554174,-1.896310180941525,11.554857753303395,6.9874569496470365
S121,consumed_test,RIGID_ONLY,INITIAL,ENG_MID_UP,12866,43.47537992826186,-41.37093204302001,13.362433977331184,2.076965836471315
S121,consumed_test,RIGID_ONLY,INITIAL,ENG_MID_DOWN,14858,52.958217420027786,-47.50370104716436,23.40878423004002,2.3366897109707976
S121,consumed_test,RIGID_ONLY,INITIAL,ENG_PAIR_1_NEG_X,13030,46.21913162500302,-30.153765740436945,35.027967966186765,2.4188557942317472
S121,consumed_test,RIGID_ONLY,INITIAL,ENG_PAIR_1_POS_X,13013,42.898548906889275,-41.80963984193791,9.604140492735919,1.4614808951689449
S121,consumed_test,RIGID_ONLY,INITIAL,ENG_PAIR_2_NEG_X,13846,49.369787468282574,-35.36685231852561,34.446504492371815,2.4494532581666624
S121,consumed_test,RIGID_ONLY,INITIAL,ENG_PAIR_2_POS_X,13694,46.604908251894926,-46.11956605519035,6.70843499249104,1.492776340791151
S121,consumed_test,RIGID_ONLY,INITIAL,ENG_PAIR_3_NEG_X,14459,53.34958204663388,-40.81791870170026,34.35222579996685,2.448955440272465
S121,consumed_test,RIGID_ONLY,INITIAL,ENG_PAIR_3_POS_X,14436,50.63353320433498,-44.66966804719273,23.840625858146055,2.0266243974354823
S121,consumed_test,RIGID_ONLY,RIGID,ENG_MID_UP,12866,0.4262530639793377,-0.42500834081478667,0.03255126402515689,0.010631826375557511
S121,consumed_test,RIGID_ONLY,RIGID,ENG_MID_DOWN,14858,0.48143838561985475,-0.45144694078508524,0.16726798499425924,0.01100691747999327
S121,consumed_test,RIGID_ONLY,RIGID,ENG_PAIR_1_NEG_X,13030,0.4455692514115161,-0.3622702891469414,0.2594073927335347,0.011002063267340502
S121,consumed_test,RIGID_ONLY,RIGID,ENG_PAIR_1_POS_X,13013,0.42067642692836105,-0.36914126539232917,0.20175079270665267,0.008638760384707718
S121,consumed_test,RIGID_ONLY,RIGID,ENG_PAIR_2_NEG_X,13846,0.46433992751175923,-0.40141771903299006,0.23339962109647344,0.01067400871239985
S121,consumed_test,RIGID_ONLY,RIGID,ENG_PAIR_2_POS_X,13694,0.44369574498047093,-0.4017743240367299,0.18826392819285342,0.00900870558409176
S121,consumed_test,RIGID_ONLY,RIGID,ENG_PAIR_3_NEG_X,14459,0.48577840481396073,-0.41846253179258985,0.24671799299875166,0.010392620455147918
S121,consumed_test,RIGID_ONLY,RIGID,ENG_PAIR_3_POS_X,14436,0.4665592000712871,-0.40651127448601326,0.228967401362981,0.010573600505662755
S121,consumed_test,RIGID_ONLY,D_VECTOR,ENG_MID_UP,12866,0.04266821506255805,-0.02360097291799984,0.03554673900582927,0.40678857448860195
S121,consumed_test,RIGID_ONLY,D_VECTOR,ENG_MID_DOWN,14858,0.14067824420068625,-0.026386999037725532,0.13818138323656698,0.1654429240314979
S121,consumed_test,RIGID_ONLY,D_VECTOR,ENG_PAIR_1_NEG_X,13030,0.44167771953978746,-0.40835840343014024,0.16829326274647458,0.3190841402848226
S121,consumed_test,RIGID_ONLY,D_VECTOR,ENG_PAIR_1_POS_X,13013,0.4184465404045437,-0.3959380098365723,0.1353905445117415,0.17412758711316312
S121,consumed_test,RIGID_ONLY,D_VECTOR,ENG_PAIR_2_NEG_X,13846,0.2269899511487914,-0.16092074310264814,0.16009045056411775,0.1541824760479873
S121,consumed_test,RIGID_ONLY,D_VECTOR,ENG_PAIR_2_POS_X,13694,0.2263505392880791,-0.20536280518098632,0.09518762989065602,0.4162463382936106
S121,consumed_test,RIGID_ONLY,D_VECTOR,ENG_PAIR_3_NEG_X,14459,0.34301463657882175,-0.28451726161624347,0.19159584742288982,0.29555729929074476
S121,consumed_test,RIGID_ONLY,D_VECTOR,ENG_PAIR_3_POS_X,14436,0.29822073921464926,-0.241863970219039,0.17446326033757267,0.14641581988505586
S121,consumed_test,RIGID_ONLY,D_NORMAL,ENG_MID_UP,12866,0.046125424163434584,-0.028244616575281968,0.03646637339758455,0.4049380945840865
S121,consumed_test,RIGID_ONLY,D_NORMAL,ENG_MID_DOWN,14858,0.16620341971220418,-0.026474657944601646,0.16408128842359643,0.1612482709102578
S121,consumed_test,RIGID_ONLY,D_NORMAL,ENG_PAIR_1_NEG_X,13030,0.4772661471166619,-0.40701059864456973,0.24924956925654257,0.3322896907676733
S121,consumed_test,RIGID_ONLY,D_NORMAL,ENG_PAIR_1_POS_X,13013,0.44404967319843575,-0.3980896707573596,0.1967351679388681,0.1878219909975598
S121,consumed_test,RIGID_ONLY,D_NORMAL,ENG_PAIR_2_NEG_X,13846,0.2985716616355683,-0.17351564885703868,0.24297604148052365,0.14761959961662668
S121,consumed_test,RIGID_ONLY,D_NORMAL,ENG_PAIR_2_POS_X,13694,0.2881281345843717,-0.21640832631203716,0.19022423147930617,0.45257589536745024
S121,consumed_test,RIGID_ONLY,D_NORMAL,ENG_PAIR_3_NEG_X,14459,0.3738903173711792,-0.27864481925685886,0.24930109130373573,0.28535583750169274
S121,consumed_test,RIGID_ONLY,D_NORMAL,ENG_PAIR_3_POS_X,14436,0.3387058740267658,-0.2474656821843735,0.2312626326090273,0.1634594403556687
S121,consumed_test,NORMAL_BUMP,INITIAL,ENG_MID_UP,12866,41.146899590922956,-38.7794754422234,13.755712644988192,2.1752498957372075
S121,consumed_test,NORMAL_BUMP,INITIAL,ENG_MID_DOWN,14858,49.6617142818237,-43.854754306806946,23.303355769053724,4.591793028308546
S121,consumed_test,NORMAL_BUMP,INITIAL,ENG_PAIR_1_NEG_X,13030,45.25610475476062,-28.50871256886587,35.14780683399259,2.660034095925497
S121,consumed_test,NORMAL_BUMP,INITIAL,ENG_PAIR_1_POS_X,13013,36.09551610700721,-34.833735229386726,9.460294551450229,1.5070371409902068
S121,consumed_test,NORMAL_BUMP,INITIAL,ENG_PAIR_2_NEG_X,13846,47.0912958920451,-31.88470797484509,34.65480552753102,3.318693097601293
S121,consumed_test,NORMAL_BUMP,INITIAL,ENG_PAIR_2_POS_X,13694,35.031990875446965,-34.27757674831222,7.231052272039318,1.360067099547734
S121,consumed_test,NORMAL_BUMP,INITIAL,ENG_PAIR_3_NEG_X,14459,52.053688614641395,-39.0878970450581,34.3761952953637,3.844932284390011
S121,consumed_test,NORMAL_BUMP,INITIAL,ENG_PAIR_3_POS_X,14436,44.22552331501347,-37.33201774993655,23.711123195775073,4.5391977717662595
S121,consumed_test,NORMAL_BUMP,RIGID,ENG_MID_UP,12866,1.1118604840926682,0.7090871628867127,0.856404770839149,2.1855715434345573
S121,consumed_test,NORMAL_BUMP,RIGID,ENG_MID_DOWN,14858,2.382163816449328,2.146974466266175,1.0320877334807832,2.2486997260408823
S121,consumed_test,NORMAL_BUMP,RIGID,ENG_PAIR_1_NEG_X,13030,1.4604391346407635,0.36726807227331093,1.4135050863293377,1.7055628457095338
S121,consumed_test,NORMAL_BUMP,RIGID,ENG_PAIR_1_POS_X,13013,5.011370971776422,4.940886075784839,0.8375462989464318,2.8692187936579994
S121,consumed_test,NORMAL_BUMP,RIGID,ENG_PAIR_2_NEG_X,13846,2.7530042210662633,2.2707270623724507,1.5565445221444985,2.2701432813021656
S121,consumed_test,NORMAL_BUMP,RIGID,ENG_PAIR_2_POS_X,13694,9.923229445637787,9.824119824276973,1.3989825978263775,0.25263610844644885
S121,consumed_test,NORMAL_BUMP,RIGID,ENG_PAIR_3_NEG_X,14459,1.4877744774615898,0.5870793991521792,1.3670445036198426,1.5885649131198514
S121,consumed_test,NORMAL_BUMP,RIGID,ENG_PAIR_3_POS_X,14436,5.807842761947101,5.6917891065637285,1.155237773752143,2.9077521458570437
S121,consumed_test,NORMAL_BUMP,D_VECTOR,ENG_MID_UP,12866,1.1298996444351739,-0.2209186858979847,1.1080921174324092,0.274824802581149
S121,consumed_test,NORMAL_BUMP,D_VECTOR,ENG_MID_DOWN,14858,1.2212193651086225,-0.023563458383706548,1.2209920151849096,0.6793761650120775
S121,consumed_test,NORMAL_BUMP,D_VECTOR,ENG_PAIR_1_NEG_X,13030,1.6562235066477926,-0.6909754110839514,1.5052007458309586,0.7872200616443873
S121,consumed_test,NORMAL_BUMP,D_VECTOR,ENG_PAIR_1_POS_X,13013,0.6778197103221416,0.2728434839876448,0.6204804533155542,0.8999613467875263
S121,consumed_test,NORMAL_BUMP,D_VECTOR,ENG_PAIR_2_NEG_X,13846,1.8959725988773428,-0.16332868505659937,1.888924518431424,0.8892206449724489
S121,consumed_test,NORMAL_BUMP,D_VECTOR,ENG_PAIR_2_POS_X,13694,0.6924402440841656,0.46879780950377825,0.5096097579833005,0.12870130909425506
S121,consumed_test,NORMAL_BUMP,D_VECTOR,ENG_PAIR_3_NEG_X,14459,1.5577510187919001,-0.3669646906183194,1.513910549664875,0.638067506189658
S121,consumed_test,NORMAL_BUMP,D_VECTOR,ENG_PAIR_3_POS_X,14436,1.8546423259998572,0.07939908311176852,1.8529419696771867,0.7684532630293964
S121,consumed_test,NORMAL_BUMP,D_NORMAL,ENG_MID_UP,12866,0.7366257563776348,-0.2261802834200093,0.7010420703145903,0.36143409526236053
S121,consumed_test,NORMAL_BUMP,D_NORMAL,ENG_MID_DOWN,14858,1.075565419830523,-0.020629523076889977,1.0753675627955446,0.680915054105583
S121,consumed_test,NORMAL_BUMP,D_NORMAL,ENG_PAIR_1_NEG_X,13030,1.471935964166978,-0.6547784038791601,1.318279456117568,0.6574530634793856
S121,consumed_test,NORMAL_BUMP,D_NORMAL,ENG_PAIR_1_POS_X,13013,0.8831690771960609,0.5845273185028147,0.6620539500971585,1.149597772681108
S121,consumed_test,NORMAL_BUMP,D_NORMAL,ENG_PAIR_2_NEG_X,13846,1.3304656161560535,-0.06493934653825728,1.3288798429672606,0.6464534907112673
S121,consumed_test,NORMAL_BUMP,D_NORMAL,ENG_PAIR_2_POS_X,13694,0.9158418953035236,0.7404563321129061,0.5389719820427145,0.22310970498342939
S121,consumed_test,NORMAL_BUMP,D_NORMAL,ENG_PAIR_3_NEG_X,14459,1.385562953343274,-0.35656095396428195,1.3388984217577586,0.574244119407868
S121,consumed_test,NORMAL_BUMP,D_NORMAL,ENG_PAIR_3_POS_X,14436,1.393430928436652,0.17478869732218422,1.3824249215101136,0.9316525925818844
S121,consumed_test,TANGENTIAL_SHIFT,INITIAL,ENG_MID_UP,12866,41.707288135356244,-40.709174157036465,9.069786274091687,2.426301436656762
S121,consumed_test,TANGENTIAL_SHIFT,INITIAL,ENG_MID_DOWN,14858,52.05475202025371,-47.36507742067506,21.592745282236944,2.5144056062532667
S121,consumed_test,TANGENTIAL_SHIFT,INITIAL,ENG_PAIR_1_NEG_X,13030,44.24649820131653,-29.92590357484137,32.59130096066131,2.2531078244629072
S121,consumed_test,TANGENTIAL_SHIFT,INITIAL,ENG_PAIR_1_POS_X,13013,45.067742979621634,-42.85594313006587,13.945235591763801,5.365822333558534
S121,consumed_test,TANGENTIAL_SHIFT,INITIAL,ENG_PAIR_2_NEG_X,13846,45.2532841213598,-35.04473858193873,28.630857854631078,4.060521432213012
S121,consumed_test,TANGENTIAL_SHIFT,INITIAL,ENG_PAIR_2_POS_X,13694,53.99270646755025,-47.08040653146196,26.431944168435983,9.07094158416442
S121,consumed_test,TANGENTIAL_SHIFT,INITIAL,ENG_PAIR_3_NEG_X,14459,51.9309366264077,-40.68182980619877,32.277095633211026,2.164456621041643
S121,consumed_test,TANGENTIAL_SHIFT,INITIAL,ENG_PAIR_3_POS_X,14436,53.35305457907698,-44.559666618700014,29.342538127235674,6.579206489479444
S121,consumed_test,TANGENTIAL_SHIFT,RIGID,ENG_MID_UP,12866,4.19672355544775,0.061033880137624334,4.196279717359813,0.9986981344062303
S121,consumed_test,TANGENTIAL_SHIFT,RIGID,ENG_MID_DOWN,14858,5.986782403310874,-0.5042056645995806,5.965512567447866,0.3172827503163012
S121,consumed_test,TANGENTIAL_SHIFT,RIGID,ENG_PAIR_1_NEG_X,13030,2.389456142990138,-0.16917984071681225,2.3834594271286305,1.280886876634573
S121,consumed_test,TANGENTIAL_SHIFT,RIGID,ENG_PAIR_1_POS_X,13013,11.761513140524183,-1.6682660752296208,11.642597633559316,5.398290771206188
S121,consumed_test,TANGENTIAL_SHIFT,RIGID,ENG_PAIR_2_NEG_X,13846,5.423681686437699,-0.17057350731699406,5.420998774617208,3.186789263904116
S121,consumed_test,TANGENTIAL_SHIFT,RIGID,ENG_PAIR_2_POS_X,13694,19.930099592749286,-1.7401981746575166,19.853981466945715,9.894560010018797
S121,consumed_test,TANGENTIAL_SHIFT,RIGID,ENG_PAIR_3_NEG_X,14459,2.6306310493633616,-0.35509599192112606,2.6065545370078356,1.6299611302808974
S121,consumed_test,TANGENTIAL_SHIFT,RIGID,ENG_PAIR_3_POS_X,14436,12.29984260740474,-0.6621557846051999,12.282006264606892,7.128158819385798
S121,consumed_test,TANGENTIAL_SHIFT,D_VECTOR,ENG_MID_UP,12866,4.071704010999625,0.5135231174083158,4.039191448926093,1.5653616543685724
S121,consumed_test,TANGENTIAL_SHIFT,D_VECTOR,ENG_MID_DOWN,14858,5.929969082666382,-0.013679032583127703,5.9299533055030675,0.4198493330723493
S121,consumed_test,TANGENTIAL_SHIFT,D_VECTOR,ENG_PAIR_1_NEG_X,13030,2.4325783270505905,-0.2778733020168689,2.416655487499716,1.1029782638802
S121,consumed_test,TANGENTIAL_SHIFT,D_VECTOR,ENG_PAIR_1_POS_X,13013,11.598020768626197,-2.3849929508749454,11.350149530898763,5.668812416146046
S121,consumed_test,TANGENTIAL_SHIFT,D_VECTOR,ENG_PAIR_2_NEG_X,13846,5.3757761648434865,-0.10920255415613142,5.374666889832813,3.274754843939398
S121,consumed_test,TANGENTIAL_SHIFT,D_VECTOR,ENG_PAIR_2_POS_X,13694,19.657763021718736,-2.999217896016023,19.427617945344455,10.45040972622254
S121,consumed_test,TANGENTIAL_SHIFT,D_VECTOR,ENG_PAIR_3_NEG_X,14459,2.7027579492145373,-0.27546849738052703,2.6886832537495535,1.372756849976343
S121,consumed_test,TANGENTIAL_SHIFT,D_VECTOR,ENG_PAIR_3_POS_X,14436,12.066349868611487,-1.100045499863211,12.016101657774502,6.930502165747268
S121,consumed_test,TANGENTIAL_SHIFT,D_NORMAL,ENG_MID_UP,12866,4.158738222413993,0.5216399444795932,4.125893281568298,1.5741868529303031
S121,consumed_test,TANGENTIAL_SHIFT,D_NORMAL,ENG_MID_DOWN,14858,5.961324610305467,-0.013673602883634586,5.9613089285842085,0.4191387521714613
S121,consumed_test,TANGENTIAL_SHIFT,D_NORMAL,ENG_PAIR_1_NEG_X,13030,2.4154934893179876,-0.2800929824603941,2.3991991826678394,1.1130236739519026
S121,consumed_test,TANGENTIAL_SHIFT,D_NORMAL,ENG_PAIR_1_POS_X,13013,11.748172619847963,-2.3717990331565497,11.506264782806932,5.70143520402998
S121,consumed_test,TANGENTIAL_SHIFT,D_NORMAL,ENG_PAIR_2_NEG_X,13846,5.420021182582559,-0.13180585886754242,5.418418296441484,3.292619766291722
S121,consumed_test,TANGENTIAL_SHIFT,D_NORMAL,ENG_PAIR_2_POS_X,13694,19.781723868762732,-2.9555599818534155,19.55968467060867,10.502353770908817
S121,consumed_test,TANGENTIAL_SHIFT,D_NORMAL,ENG_PAIR_3_NEG_X,14459,2.6238277227822877,-0.2819630041612622,2.608633508779116,1.3503311912677736
S121,consumed_test,TANGENTIAL_SHIFT,D_NORMAL,ENG_PAIR_3_POS_X,14436,12.278629012070482,-1.115959667209249,12.227811105722118,7.047174786795841
S130,consumed_test,RIGID_ONLY,INITIAL,ENG_MID_UP,12866,43.5499826826518,-39.427374380722284,18.495489750250897,2.219519183047734
S130,consumed_test,RIGID_ONLY,INITIAL,ENG_MID_DOWN,14858,52.61548306502789,-44.315294234361694,28.36448051856734,2.412551929575871
S130,consumed_test,RIGID_ONLY,INITIAL,ENG_PAIR_1_NEG_X,13030,45.64521032328105,-23.459813777748284,39.15510647374023,2.4481209593141653
S130,consumed_test,RIGID_ONLY,INITIAL,ENG_PAIR_1_POS_X,13013,43.07727110004644,-40.29025198258993,15.242928872310062,1.6099511213531839
S130,consumed_test,RIGID_ONLY,INITIAL,ENG_PAIR_2_NEG_X,13846,48.80616051689964,-29.647028886831443,38.76976892612019,2.435784206227306
S130,consumed_test,RIGID_ONLY,INITIAL,ENG_PAIR_2_POS_X,13694,46.534537423896715,-46.359288175283076,4.034795302999077,1.594336156918858
S130,consumed_test,RIGID_ONLY,INITIAL,ENG_PAIR_3_NEG_X,14459,52.86529056243849,-35.496636441578026,39.17560143233902,2.4239355470813373
S130,consumed_test,RIGID_ONLY,INITIAL,ENG_PAIR_3_POS_X,14436,50.388151269037955,-43.484263817289076,25.45750554512079,2.2299729643343658
S130,consumed_test,RIGID_ONLY,RIGID,ENG_MID_UP,12866,0.39431673687464114,-0.39369612289659656,0.022114515496680583,0.010811289783566895
S130,consumed_test,RIGID_ONLY,RIGID,ENG_MID_DOWN,14858,0.453001547577348,-0.4129471301533338,0.18623928104886436,0.010642247659269473
S130,consumed_test,RIGID_ONLY,RIGID,ENG_PAIR_1_NEG_X,13030,0.40609961575495246,-0.29623952155463434,0.27777516769034877,0.010104101993030102
S130,consumed_test,RIGID_ONLY,RIGID,ENG_PAIR_1_POS_X,13013,0.3949276573563884,-0.33479655015870147,0.20947344592295464,0.009827933270379462
S130,consumed_test,RIGID_ONLY,RIGID,ENG_PAIR_2_NEG_X,13846,0.42820938792713165,-0.3414440688215661,0.25841677146714437,0.009304459638421114
S130,consumed_test,RIGID_ONLY,RIGID,ENG_PAIR_2_POS_X,13694,0.41844916258554243,-0.3833503979756182,0.16775629359424013,0.00978981964173568
S130,consumed_test,RIGID_ONLY,RIGID,ENG_PAIR_3_NEG_X,14459,0.452124140957246,-0.36056571834502216,0.27277940096470965,0.009449916854527653
S130,consumed_test,RIGID_ONLY,RIGID,ENG_PAIR_3_POS_X,14436,0.44232629160736514,-0.3922082554722565,0.20451218200032228,0.010744033346242384
S130,consumed_test,RIGID_ONLY,D_VECTOR,ENG_MID_UP,12866,0.05024836158440615,-0.0008217020852079896,0.050241642564713064,0.6048417169947782
S130,consumed_test,RIGID_ONLY,D_VECTOR,ENG_MID_DOWN,14858,0.1589819469020988,-0.021719653145563123,0.157491320738694,0.09992737790704971
S130,consumed_test,RIGID_ONLY,D_VECTOR,ENG_PAIR_1_NEG_X,13030,0.4311178701845644,-0.38374725249006314,0.19647051737806004,0.37290471439034567
S130,consumed_test,RIGID_ONLY,D_VECTOR,ENG_PAIR_1_POS_X,13013,0.40337573870536336,-0.37495324243515094,0.14873483977691465,0.35182024684518326
S130,consumed_test,RIGID_ONLY,D_VECTOR,ENG_PAIR_2_NEG_X,13846,0.2552703923788796,-0.1876069069103478,0.17310869910203602,0.24289705328966563
S130,consumed_test,RIGID_ONLY,D_VECTOR,ENG_PAIR_2_POS_X,13694,0.15609032795836497,-0.12535150431302494,0.09301177801016183,0.404458999451749
S130,consumed_test,RIGID_ONLY,D_VECTOR,ENG_PAIR_3_NEG_X,14459,0.3650739871656108,-0.2990195942249595,0.2094428284151479,0.2251887448887903
S130,consumed_test,RIGID_ONLY,D_VECTOR,ENG_PAIR_3_POS_X,14436,0.28965784734764083,-0.23499996400340645,0.16934191875748567,0.22242064630771263
S130,consumed_test,RIGID_ONLY,D_NORMAL,ENG_MID_UP,12866,0.060381517265733695,-0.007169004889852584,0.059954424325493826,0.6125204236409927
S130,consumed_test,RIGID_ONLY,D_NORMAL,ENG_MID_DOWN,14858,0.18299719042800666,-0.021555827162896377,0.18172319064959067,0.09641544593805346
S130,consumed_test,RIGID_ONLY,D_NORMAL,ENG_PAIR_1_NEG_X,13030,0.46138048686943267,-0.3740636571988249,0.27008949262589754,0.37423419441447514
S130,consumed_test,RIGID_ONLY,D_NORMAL,ENG_PAIR_1_POS_X,13013,0.43159850811703976,-0.3791731600668844,0.20616737592002105,0.3690414946959419
S130,consumed_test,RIGID_ONLY,D_NORMAL,ENG_PAIR_2_NEG_X,13846,0.32730471793786564,-0.19707332154281984,0.26132448090537963,0.28488775983247194
S130,consumed_test,RIGID_ONLY,D_NORMAL,ENG_PAIR_2_POS_X,13694,0.1985848688701656,-0.10097625179419789,0.17099633539282535,0.35615173743610373
S130,consumed_test,RIGID_ONLY,D_NORMAL,ENG_PAIR_3_NEG_X,14459,0.40897126313229604,-0.3048101839779662,0.27266874740487607,0.2627921981722874
S130,consumed_test,RIGID_ONLY,D_NORMAL,ENG_PAIR_3_POS_X,14436,0.3142637156570341,-0.2382310975252945,0.20495762281617833,0.22517000535703538
S130,consumed_test,NORMAL_BUMP,INITIAL,ENG_MID_UP,12866,40.88412561621676,-36.25079116165919,18.904810698770916,2.072540763378322
S130,consumed_test,NORMAL_BUMP,INITIAL,ENG_MID_DOWN,14858,49.11576396088891,-40.18757741328497,28.23680029877646,4.816946189030411
S130,consumed_test,NORMAL_BUMP,INITIAL,ENG_PAIR_1_NEG_X,13030,44.71568932575438,-21.316456532684274,39.30777979952018,2.7621634554021988
S130,consumed_test,NORMAL_BUMP,INITIAL,ENG_PAIR_1_POS_X,13013,36.17267916197816,-32.995808819854055,14.823606783743621,1.3113823465367065
S130,consumed_test,NORMAL_BUMP,INITIAL,ENG_PAIR_2_NEG_X,13846,46.379145871195774,-25.03555702945388,39.04159392195225,3.4875206550726157
S130,consumed_test,NORMAL_BUMP,INITIAL,ENG_PAIR_2_POS_X,13694,34.74577551300341,-34.509964622604166,4.041195088910726,1.4394107059454913
S130,consumed_test,NORMAL_BUMP,INITIAL,ENG_PAIR_3_NEG_X,14459,51.39616252358821,-33.22572242984193,39.21245836677665,4.094078972877605
S130,consumed_test,NORMAL_BUMP,INITIAL,ENG_PAIR_3_POS_X,14436,43.91046992500974,-35.97466575055799,25.178419195231765,4.677686101415581
S130,consumed_test,NORMAL_BUMP,RIGID,ENG_MID_UP,12866,1.426912295241125,1.3139549266101809,0.5564181423597997,2.1991797272653404
S130,consumed_test,NORMAL_BUMP,RIGID,ENG_MID_DOWN,14858,2.7724374814539434,2.621395183074405,0.9026056075191372,2.3787694549447225
S130,consumed_test,NORMAL_BUMP,RIGID,ENG_PAIR_1_NEG_X,13030,1.569745692685975,0.8929721729154754,1.2910082254210413,1.9945391168418412
S130,consumed_test,NORMAL_BUMP,RIGID,ENG_PAIR_1_POS_X,13013,5.582339496589684,5.447238455838621,1.220699578282077,2.8919328610905604
S130,consumed_test,NORMAL_BUMP,RIGID,ENG_PAIR_2_NEG_X,13846,3.6368604023158473,3.3508078872079743,1.413803412415537,2.6483309184796298
S130,consumed_test,NORMAL_BUMP,RIGID,ENG_PAIR_2_POS_X,13694,10.038054187218966,9.936368432551312,1.4251716521675593,0.23948752421131325
S130,consumed_test,NORMAL_BUMP,RIGID,ENG_PAIR_3_NEG_X,14459,1.6472645146168656,1.0976497570999149,1.2282692668362403,1.841294499917097
S130,consumed_test,NORMAL_BUMP,RIGID,ENG_PAIR_3_POS_X,14436,5.988012792319225,5.889139483894667,1.0836666185739743,2.8617338509901655
S130,consumed_test,NORMAL_BUMP,D_VECTOR,ENG_MID_UP,12866,0.9321155548411791,-0.2190509877240756,0.9060110773903298,0.33612681288747176
S130,consumed_test,NORMAL_BUMP,D_VECTOR,ENG_MID_DOWN,14858,1.1261494049498921,-0.015594557241188467,1.1260414255494544,0.5643706818965023
S130,consumed_test,NORMAL_BUMP,D_VECTOR,ENG_PAIR_1_NEG_X,13030,1.6312829539823133,-0.5382099503904034,1.5399396498739883,0.5503273259827489
S130,consumed_test,NORMAL_BUMP,D_VECTOR,ENG_PAIR_1_POS_X,13013,1.2024348011960941,0.14793045107913566,1.1933004788279495,0.5390183311244748
S130,consumed_test,NORMAL_BUMP,D_VECTOR,ENG_PAIR_2_NEG_X,13846,1.8016364970555474,0.021993950392952245,1.8015022435924684,1.2612875639807277
S130,consumed_test,NORMAL_BUMP,D_VECTOR,ENG_PAIR_2_POS_X,13694,0.9239989339280991,0.38466665022572455,0.8401223709105619,0.26631057852834666
S130,consumed_test,NORMAL_BUMP,D_VECTOR,ENG_PAIR_3_NEG_X,14459,1.4646735258892318,-0.33030799681008005,1.4269425933386763,0.3651022718366125
S130,consumed_test,NORMAL_BUMP,D_VECTOR,ENG_PAIR_3_POS_X,14436,1.746957794521165,0.031338282518760585,1.7466766867073675,0.4470987903568541
S130,consumed_test,NORMAL_BUMP,D_NORMAL,ENG_MID_UP,12866,0.38333598884864506,-0.16193641293186803,0.34745226796400114,0.4743633039393885
S130,consumed_test,NORMAL_BUMP,D_NORMAL,ENG_MID_DOWN,14858,0.9967381359016494,-0.016145567510087055,0.9966073611059031,0.5759526640564009
S130,consumed_test,NORMAL_BUMP,D_NORMAL,ENG_PAIR_1_NEG_X,13030,1.3055059118655485,-0.49561341740701115,1.2077719264836557,0.38301832447403344
S130,consumed_test,NORMAL_BUMP,D_NORMAL,ENG_PAIR_1_POS_X,13013,1.1587361841510102,0.27578644274888153,1.1254383068195084,0.57411411397715
S130,consumed_test,NORMAL_BUMP,D_NORMAL,ENG_PAIR_2_NEG_X,13846,1.1251005738960798,0.14847847103529738,1.115260258872479,0.9430619475413132
S130,consumed_test,NORMAL_BUMP,D_NORMAL,ENG_PAIR_2_POS_X,13694,0.9148481828255327,0.5637290974514377,0.7205252960901282,0.23841009053664292
S130,consumed_test,NORMAL_BUMP,D_NORMAL,ENG_PAIR_3_NEG_X,14459,1.233477341376615,-0.30959728598459463,1.193991571243489,0.27646123819795765
S130,consumed_test,NORMAL_BUMP,D_NORMAL,ENG_PAIR_3_POS_X,14436,1.3576080402700277,0.057869660007363766,1.3563740979008916,0.6234283184332616
S130,consumed_test,TANGENTIAL_SHIFT,INITIAL,ENG_MID_UP,12866,40.92429594259104,-38.729943060519204,13.220798346760795,2.4984878212720942
S130,consumed_test,TANGENTIAL_SHIFT,INITIAL,ENG_MID_DOWN,14858,50.764203012441705,-44.235480322778834,24.90434877890689,2.472055374958438
S130,consumed_test,TANGENTIAL_SHIFT,INITIAL,ENG_PAIR_1_NEG_X,13030,42.79304118103387,-23.165671778296836,35.9804950574875,2.501643841775667
S130,consumed_test,TANGENTIAL_SHIFT,INITIAL,ENG_PAIR_1_POS_X,13013,43.969094484145295,-41.47485882406564,14.59853949131626,6.490245610389175
S130,consumed_test,TANGENTIAL_SHIFT,INITIAL,ENG_PAIR_2_NEG_X,13846,42.6473274835402,-29.201578283079847,31.081543836583837,4.603097824650573
S130,consumed_test,TANGENTIAL_SHIFT,INITIAL,ENG_PAIR_2_POS_X,13694,52.44494382309944,-47.08250409190947,23.102163124767873,10.048940427528894
S130,consumed_test,TANGENTIAL_SHIFT,INITIAL,ENG_PAIR_3_NEG_X,14459,50.65579688823359,-35.29206659125361,36.33840659826043,2.483348039073984
S130,consumed_test,TANGENTIAL_SHIFT,INITIAL,ENG_PAIR_3_POS_X,14436,51.070269128384446,-43.59533922578926,26.60110498896573,6.720937834713717
S130,consumed_test,TANGENTIAL_SHIFT,RIGID,ENG_MID_UP,12866,5.135444303185218,0.11563338705403044,5.134142295546153,1.0232041948070532
S130,consumed_test,TANGENTIAL_SHIFT,RIGID,ENG_MID_DOWN,14858,6.72749478445797,-0.52680299711975,6.706837158984467,0.21028723659270288
S130,consumed_test,TANGENTIAL_SHIFT,RIGID,ENG_PAIR_1_NEG_X,13030,3.1905518987483408,-0.028605672236526658,3.190423660600978,1.9356910737122064
S130,consumed_test,TANGENTIAL_SHIFT,RIGID,ENG_PAIR_1_POS_X,13013,12.258830533842133,-1.7702973974610836,12.130332772929302,6.401933585055605
S130,consumed_test,TANGENTIAL_SHIFT,RIGID,ENG_PAIR_2_NEG_X,13846,7.271972010162088,0.005617640473568664,7.271969840331871,4.257977560777353
S130,consumed_test,TANGENTIAL_SHIFT,RIGID,ENG_PAIR_2_POS_X,13694,19.910357861352583,-1.4898051931809915,19.854541814242292,10.798658455542387
S130,consumed_test,TANGENTIAL_SHIFT,RIGID,ENG_PAIR_3_NEG_X,14459,3.485584267362383,-0.2330618340444931,3.4777837578544153,2.2982720928020166
S130,consumed_test,TANGENTIAL_SHIFT,RIGID,ENG_PAIR_3_POS_X,14436,12.508866018913093,-0.854208372423181,12.479665746148846,7.248000489518076
S130,consumed_test,TANGENTIAL_SHIFT,D_VECTOR,ENG_MID_UP,12866,5.015794980774638,0.6651189281825699,4.971500387261105,1.5095271015056595
S130,consumed_test,TANGENTIAL_SHIFT,D_VECTOR,ENG_MID_DOWN,14858,6.680320856146729,-0.057305327376409074,6.680075062491682,0.15589358822509172
S130,consumed_test,TANGENTIAL_SHIFT,D_VECTOR,ENG_PAIR_1_NEG_X,13030,3.267255415282239,-0.3287197456981039,3.250677049089818,1.5439850103172275
S130,consumed_test,TANGENTIAL_SHIFT,D_VECTOR,ENG_PAIR_1_POS_X,13013,12.085091747212783,-2.555059061843458,11.8119056772835,6.839577294853505
S130,consumed_test,TANGENTIAL_SHIFT,D_VECTOR,ENG_PAIR_2_NEG_X,13846,7.1925142243334115,-0.13193353117988385,7.191304082750837,4.339179980498075
S130,consumed_test,TANGENTIAL_SHIFT,D_VECTOR,ENG_PAIR_2_POS_X,13694,19.61589615260881,-2.8005695278257323,19.414947648390584,10.987583094128574
S130,consumed_test,TANGENTIAL_SHIFT,D_VECTOR,ENG_PAIR_3_NEG_X,14459,3.5707846334145374,-0.2806983193401705,3.559734730531054,2.020325206067298
S130,consumed_test,TANGENTIAL_SHIFT,D_VECTOR,ENG_PAIR_3_POS_X,14436,12.260644564091097,-1.327382082383715,12.188579159784918,7.119101366564342
S130,consumed_test,TANGENTIAL_SHIFT,D_NORMAL,ENG_MID_UP,12866,5.103187300229544,0.667647112624629,5.059324851620827,1.5167419956866706
S130,consumed_test,TANGENTIAL_SHIFT,D_NORMAL,ENG_MID_DOWN,14858,6.708180919988278,-0.05727803192749692,6.707936380314984,0.15480283751833884
S130,consumed_test,TANGENTIAL_SHIFT,D_NORMAL,ENG_PAIR_1_NEG_X,13030,3.2370189529101454,-0.31706279130954945,3.221453536505919,1.5644117809708296
S130,consumed_test,TANGENTIAL_SHIFT,D_NORMAL,ENG_PAIR_1_POS_X,13013,12.227595265622979,-2.5478362831357755,11.959206338809544,6.899799632958509
S130,consumed_test,TANGENTIAL_SHIFT,D_NORMAL,ENG_PAIR_2_NEG_X,13846,7.269556942062156,-0.14489236503775924,7.268112845604273,4.386989664225201
S130,consumed_test,TANGENTIAL_SHIFT,D_NORMAL,ENG_PAIR_2_POS_X,13694,19.73803198147292,-2.766938600490131,19.543130692976636,10.988326509611293
S130,consumed_test,TANGENTIAL_SHIFT,D_NORMAL,ENG_PAIR_3_NEG_X,14459,3.493110047630249,-0.2812726087835558,3.481767299002547,2.0037785718283887
S130,consumed_test,TANGENTIAL_SHIFT,D_NORMAL,ENG_PAIR_3_POS_X,14436,12.484088290454117,-1.3436243066583753,12.411572590385571,7.244572001777864
S134,consumed_test,RIGID_ONLY,INITIAL,ENG_MID_UP,12866,37.125987251941666,-31.913587056816482,18.970026109584843,2.0984050757332966
S134,consumed_test,RIGID_ONLY,INITIAL,ENG_MID_DOWN,14858,44.668237899530595,-37.95202518791332,23.556214916345432,2.3407455377151765
S134,consumed_test,RIGID_ONLY,INITIAL,ENG_PAIR_1_NEG_X,13030,39.18950024814695,-26.710136644694057,28.677265039073756,2.312249001305509
S134,consumed_test,RIGID_ONLY,INITIAL,ENG_PAIR_1_POS_X,13013,37.09422676776423,-33.989427044501554,14.855992349379525,1.7861576444098064
S134,consumed_test,RIGID_ONLY,INITIAL,ENG_PAIR_2_NEG_X,13846,41.67374568863001,-26.198089206992613,32.409276474846905,2.4430821694196188
S134,consumed_test,RIGID_ONLY,INITIAL,ENG_PAIR_2_POS_X,13694,39.59053987945791,-39.51211923512131,2.4906387727856965,1.5084002453731171
S134,consumed_test,RIGID_ONLY,INITIAL,ENG_PAIR_3_NEG_X,14459,45.0489000402939,-30.680771545922333,32.98626459887986,2.4494830686301348
S134,consumed_test,RIGID_ONLY,INITIAL,ENG_PAIR_3_POS_X,14436,42.584533219768076,-36.02878763932498,22.701738496995205,2.1405851034930534
S134,consumed_test,RIGID_ONLY,RIGID,ENG_MID_UP,12866,0.42097237422174894,-0.4192988503703652,0.03749951914340167,0.00777998793877731
S134,consumed_test,RIGID_ONLY,RIGID,ENG_MID_DOWN,14858,0.4649914563997533,-0.454570081089865,0.09789328834356957,0.00840761712853933
S134,consumed_test,RIGID_ONLY,RIGID,ENG_PAIR_1_NEG_X,13030,0.4334991465024536,-0.37165810059570986,0.223140687190716,0.008377459129013415
S134,consumed_test,RIGID_ONLY,RIGID,ENG_PAIR_1_POS_X,13013,0.42211195178523336,-0.3767629216238131,0.19033707134824704,0.0069070657920811095
S134,consumed_test,RIGID_ONLY,RIGID,ENG_PAIR_2_NEG_X,13846,0.44860409713499877,-0.38722105345215263,0.2265071560231874,0.008573252537642816
S134,consumed_test,RIGID_ONLY,RIGID,ENG_PAIR_2_POS_X,13694,0.43787630581974074,-0.38927610855725076,0.20049880424797226,0.006019017801484128
S134,consumed_test,RIGID_ONLY,RIGID,ENG_PAIR_3_NEG_X,14459,0.466098479818866,-0.42241826608438854,0.1970040643431412,0.008536791717601392
S134,consumed_test,RIGID_ONLY,RIGID,ENG_PAIR_3_POS_X,14436,0.4547146887126957,-0.4157535444340923,0.18415873159199625,0.007800956208963909
S134,consumed_test,RIGID_ONLY,D_VECTOR,ENG_MID_UP,12866,0.14541800410154757,0.13346892849379166,0.05772729894596518,0.4907518894345441
S134,consumed_test,RIGID_ONLY,D_VECTOR,ENG_MID_DOWN,14858,0.08897560407383527,-0.04032219527211295,0.07931442925938183,0.0648138115713118
S134,consumed_test,RIGID_ONLY,D_VECTOR,ENG_PAIR_1_NEG_X,13030,0.36674653906199234,-0.3288232155263996,0.16241402908871042,0.4090058800953497
S134,consumed_test,RIGID_ONLY,D_VECTOR,ENG_PAIR_1_POS_X,13013,0.3634887827227471,-0.3301883562224243,0.15198600126458306,0.384462364807562
S134,consumed_test,RIGID_ONLY,D_VECTOR,ENG_PAIR_2_NEG_X,13846,0.21391127136969534,-0.16282040514332377,0.13873553145450285,0.290521099002731
S134,consumed_test,RIGID_ONLY,D_VECTOR,ENG_PAIR_2_POS_X,13694,0.17655285672252144,-0.13622071740933062,0.11231574851894312,0.45319701175870325
S134,consumed_test,RIGID_ONLY,D_VECTOR,ENG_PAIR_3_NEG_X,14459,0.33958495908116654,-0.31445382547157696,0.12820583481436612,0.20112286441188773
S134,consumed_test,RIGID_ONLY,D_VECTOR,ENG_PAIR_3_POS_X,14436,0.336579913509836,-0.3103504508863642,0.1302637164099009,0.25377977351174613
S134,consumed_test,RIGID_ONLY,D_NORMAL,ENG_MID_UP,12866,0.13636737204703564,0.12343548280369629,0.0579632792725967,0.48645385301831773
S134,consumed_test,RIGID_ONLY,D_NORMAL,ENG_MID_DOWN,14858,0.10944151215506247,-0.040800869071509156,0.10155163054228256,0.06789404841337168
S134,consumed_test,RIGID_ONLY,D_NORMAL,ENG_PAIR_1_NEG_X,13030,0.41196640156873815,-0.3469384310921188,0.22214869131470022,0.4413526669567567
S134,consumed_test,RIGID_ONLY,D_NORMAL,ENG_PAIR_1_POS_X,13013,0.4002620618415881,-0.35354855942239133,0.18765163010224858,0.3978120259301399
S134,consumed_test,RIGID_ONLY,D_NORMAL,ENG_PAIR_2_NEG_X,13846,0.2911990275147334,-0.18071001722394758,0.22834352038200476,0.3304173142711733
S134,consumed_test,RIGID_ONLY,D_NORMAL,ENG_PAIR_2_POS_X,13694,0.24249785784072092,-0.14196406454351526,0.19659963233847394,0.4713132375193764
S134,consumed_test,RIGID_ONLY,D_NORMAL,ENG_PAIR_3_NEG_X,14459,0.3789452446003891,-0.32331950963624895,0.1976461309862256,0.2342176182520782
S134,consumed_test,RIGID_ONLY,D_NORMAL,ENG_PAIR_3_POS_X,14436,0.36765960206501497,-0.318227951900654,0.18413189191370458,0.2897995647415546
S134,consumed_test,NORMAL_BUMP,INITIAL,ENG_MID_UP,12866,34.9236103010722,-29.005043956952726,19.451631847132944,2.3592875552655705
S134,consumed_test,NORMAL_BUMP,INITIAL,ENG_MID_DOWN,14858,41.265923016151454,-33.895429248526035,23.536700670083395,4.719070960668316
S134,consumed_test,NORMAL_BUMP,INITIAL,ENG_PAIR_1_NEG_X,13030,37.8145584213453,-24.414590366489907,28.876783162911952,3.0271353866901554
S134,consumed_test,NORMAL_BUMP,INITIAL,ENG_PAIR_1_POS_X,13013,30.047273418177777,-26.413820593813867,14.323013701890655,1.2055314795567498
S134,consumed_test,NORMAL_BUMP,INITIAL,ENG_PAIR_2_NEG_X,13846,39.30774349011722,-21.82995715889848,32.68870858148895,3.5364618898482294
S134,consumed_test,NORMAL_BUMP,INITIAL,ENG_PAIR_2_POS_X,13694,27.825196678005486,-27.710468540944163,2.5241837118227837,1.2374946653081504
S134,consumed_test,NORMAL_BUMP,INITIAL,ENG_PAIR_3_NEG_X,14459,43.6999144536304,-28.628984128247545,33.01611411173588,4.020156345591969
S134,consumed_test,NORMAL_BUMP,INITIAL,ENG_PAIR_3_POS_X,14436,35.999016018507525,-28.29193580893118,22.259728715419676,4.532048432265015
S134,consumed_test,NORMAL_BUMP,RIGID,ENG_MID_UP,12866,0.5844126431965775,0.11055614545852663,0.5738601538958454,2.323448199956659
S134,consumed_test,NORMAL_BUMP,RIGID,ENG_MID_DOWN,14858,2.00337682331318,1.9477111178973225,0.4689777152568903,2.240233743177518
S134,consumed_test,NORMAL_BUMP,RIGID,ENG_PAIR_1_NEG_X,13030,1.6276635420648036,0.35047293617414194,1.5894833522803624,2.3472221583956014
S134,consumed_test,NORMAL_BUMP,RIGID,ENG_PAIR_1_POS_X,13013,5.102876283361893,4.918963684088539,1.35762389413099,2.8763664910070768
S134,consumed_test,NORMAL_BUMP,RIGID,ENG_PAIR_2_NEG_X,13846,3.1388001320577175,2.6865413167133445,1.623133396427316,2.669659946426212
S134,consumed_test,NORMAL_BUMP,RIGID,ENG_PAIR_2_POS_X,13694,9.366270479460503,9.272091158704855,1.3248955578009012,0.4248483942976462
S134,consumed_test,NORMAL_BUMP,RIGID,ENG_PAIR_3_NEG_X,14459,1.086403722815426,0.311273709611311,1.0408562468717908,1.6815454072870157
S134,consumed_test,NORMAL_BUMP,RIGID,ENG_PAIR_3_POS_X,14436,5.460494912813031,5.385886159961453,0.8995748800364867,2.7862101876816254
S134,consumed_test,NORMAL_BUMP,D_VECTOR,ENG_MID_UP,12866,0.811476434554285,-0.2785373221684337,0.7621751530955159,0.058385903042076887
S134,consumed_test,NORMAL_BUMP,D_VECTOR,ENG_MID_DOWN,14858,0.5960197733695637,-0.06387293524947951,0.5925873930401506,0.7319946301007243
S134,consumed_test,NORMAL_BUMP,D_VECTOR,ENG_PAIR_1_NEG_X,13030,1.5318405604124372,-0.5142053406266814,1.442958201125621,0.6334105470137247
S134,consumed_test,NORMAL_BUMP,D_VECTOR,ENG_PAIR_1_POS_X,13013,1.4320178733338822,0.030095412495406315,1.4317015945002036,0.8557133896386544
S134,consumed_test,NORMAL_BUMP,D_VECTOR,ENG_PAIR_2_NEG_X,13846,1.9106480842054645,-0.09563903247592057,1.9082529384610105,1.3135803745753565
S134,consumed_test,NORMAL_BUMP,D_VECTOR,ENG_PAIR_2_POS_X,13694,1.416817823293001,0.42052481651299867,1.3529714051292536,0.5585514652079017
S134,consumed_test,NORMAL_BUMP,D_VECTOR,ENG_PAIR_3_NEG_X,14459,1.2068687131557274,-0.40405293584303315,1.1372217531470226,0.45557268466689366
S134,consumed_test,NORMAL_BUMP,D_VECTOR,ENG_PAIR_3_POS_X,14436,1.1844739952300494,-0.014715550419680867,1.1843825809053765,0.6388502900249937
S134,consumed_test,NORMAL_BUMP,D_NORMAL,ENG_MID_UP,12866,0.5646794331989602,-0.23915371694177304,0.5115352988316967,0.18362306229623868
S134,consumed_test,NORMAL_BUMP,D_NORMAL,ENG_MID_DOWN,14858,0.4710652578220184,-0.06004435400949783,0.46722280838857466,0.7463658963687236
S134,consumed_test,NORMAL_BUMP,D_NORMAL,ENG_PAIR_1_NEG_X,13030,1.6340546812360779,-0.5192603805524427,1.5493557882094324,0.6872171541999158
S134,consumed_test,NORMAL_BUMP,D_NORMAL,ENG_PAIR_1_POS_X,13013,1.5177321774163148,0.13808179989238256,1.5114378514855809,0.7352216502347404
S134,consumed_test,NORMAL_BUMP,D_NORMAL,ENG_PAIR_2_NEG_X,13846,1.4768418092713997,0.0062642560050266,1.4768285237998096,1.0707587430728676
S134,consumed_test,NORMAL_BUMP,D_NORMAL,ENG_PAIR_2_POS_X,13694,1.264638436453115,0.7342351288555715,1.0296645815550913,0.5597584646855623
S134,consumed_test,NORMAL_BUMP,D_NORMAL,ENG_PAIR_3_NEG_X,14459,1.08122343978087,-0.3937492811070908,1.0069784656879344,0.40872025098267173
S134,consumed_test,NORMAL_BUMP,D_NORMAL,ENG_PAIR_3_POS_X,14436,1.0165662257279604,0.04398157236268577,1.015614352292885,0.9051454362840697
S134,consumed_test,TANGENTIAL_SHIFT,INITIAL,ENG_MID_UP,12866,34.282733628791554,-30.99808763420864,14.643236940123474,3.276423272721152
S134,consumed_test,TANGENTIAL_SHIFT,INITIAL,ENG_MID_DOWN,14858,42.6131955594917,-37.8120118720783,19.65034844416997,2.5804463714447916
S134,consumed_test,TANGENTIAL_SHIFT,INITIAL,ENG_PAIR_1_NEG_X,13030,36.35262751877847,-26.37652180703893,25.015847474787844,2.2558939942203344
S134,consumed_test,TANGENTIAL_SHIFT,INITIAL,ENG_PAIR_1_POS_X,13013,35.14003262967002,-34.93087504108021,3.828297543127075,6.12701272205149
S134,consumed_test,TANGENTIAL_SHIFT,INITIAL,ENG_PAIR_2_NEG_X,13846,35.97617718696576,-25.757202318451693,25.116764395803497,4.853127081400157
S134,consumed_test,TANGENTIAL_SHIFT,INITIAL,ENG_PAIR_2_POS_X,13694,43.94700999212944,-40.33994648571558,17.43641031800779,10.52886326740777
S134,consumed_test,TANGENTIAL_SHIFT,INITIAL,ENG_PAIR_3_NEG_X,14459,42.95140384396932,-30.454202521638088,30.28802801337179,2.074323042561507
S134,consumed_test,TANGENTIAL_SHIFT,INITIAL,ENG_PAIR_3_POS_X,14436,43.23555428926058,-36.366955354392886,23.38285083028144,7.416274187273516
S134,consumed_test,TANGENTIAL_SHIFT,RIGID,ENG_MID_UP,12866,4.74673526470565,0.2466842090184968,4.740320935782845,2.0326744781737034
S134,consumed_test,TANGENTIAL_SHIFT,RIGID,ENG_MID_DOWN,14858,6.654374956993835,-0.541786268614291,6.632282692060684,0.36662627482397636
S134,consumed_test,TANGENTIAL_SHIFT,RIGID,ENG_PAIR_1_NEG_X,13030,3.5396601354254855,-0.13833728493931421,3.5369558478889704,1.838079670453641
S134,consumed_test,TANGENTIAL_SHIFT,RIGID,ENG_PAIR_1_POS_X,13013,12.651684174271205,-1.6181121051634526,12.547781702780295,6.087515723807188
S134,consumed_test,TANGENTIAL_SHIFT,RIGID,ENG_PAIR_2_NEG_X,13846,6.911604734472055,-0.07467478600302072,6.91120131973537,4.5011997914837
S134,consumed_test,TANGENTIAL_SHIFT,RIGID,ENG_PAIR_2_POS_X,13694,19.900445149326178,-1.6149504439381468,19.834809104323735,11.176253454141131
S134,consumed_test,TANGENTIAL_SHIFT,RIGID,ENG_PAIR_3_NEG_X,14459,3.1576102297333386,-0.30358599207689607,3.1429823270790616,1.9439841793666626
S134,consumed_test,TANGENTIAL_SHIFT,RIGID,ENG_PAIR_3_POS_X,14436,12.979165179489444,-1.1717804428032297,12.926161818201686,7.988329566598846
S134,consumed_test,TANGENTIAL_SHIFT,D_VECTOR,ENG_MID_UP,12866,4.602683976664017,1.0231914372648443,4.487513684853518,2.5617804175492997
S134,consumed_test,TANGENTIAL_SHIFT,D_VECTOR,ENG_MID_DOWN,14858,6.593856759315943,-0.02866618378023006,6.593794447227183,0.4766130232902055
S134,consumed_test,TANGENTIAL_SHIFT,D_VECTOR,ENG_PAIR_1_NEG_X,13030,3.6265859771356714,-0.19365083546259937,3.6214120455261276,1.4323259127568493
S134,consumed_test,TANGENTIAL_SHIFT,D_VECTOR,ENG_PAIR_1_POS_X,13013,12.294167673381354,-2.2849813999424167,12.07995938665078,6.645771993143957
S134,consumed_test,TANGENTIAL_SHIFT,D_VECTOR,ENG_PAIR_2_NEG_X,13846,6.844700273646123,-0.1218233905191794,6.8436160688318655,4.599380775168337
S134,consumed_test,TANGENTIAL_SHIFT,D_VECTOR,ENG_PAIR_2_POS_X,13694,19.59063461335591,-2.9719620349936013,19.363894396958877,11.638116148768693
S134,consumed_test,TANGENTIAL_SHIFT,D_VECTOR,ENG_PAIR_3_NEG_X,14459,3.2430345115770227,-0.24552602927366174,3.233726922952637,1.678182543719089
S134,consumed_test,TANGENTIAL_SHIFT,D_VECTOR,ENG_PAIR_3_POS_X,14436,12.71799275290188,-1.7207747530845725,12.601042572422788,8.034634974754383
S134,consumed_test,TANGENTIAL_SHIFT,D_NORMAL,ENG_MID_UP,12866,4.69307191171359,1.0455293021244518,4.575127588047596,2.8191923197964646
S134,consumed_test,TANGENTIAL_SHIFT,D_NORMAL,ENG_MID_DOWN,14858,6.6291510013855275,-0.02888094692653148,6.629088088875828,0.47911454696944633
S134,consumed_test,TANGENTIAL_SHIFT,D_NORMAL,ENG_PAIR_1_NEG_X,13030,3.560686183747466,-0.23039997180974028,3.553224162942744,1.3676962015541128
S134,consumed_test,TANGENTIAL_SHIFT,D_NORMAL,ENG_PAIR_1_POS_X,13013,12.619431098095934,-2.3403447926377154,12.400517226759709,6.811195506817261
S134,consumed_test,TANGENTIAL_SHIFT,D_NORMAL,ENG_PAIR_2_NEG_X,13846,6.909756667212093,-0.14317347221145557,6.9082731964606685,4.653635958151418
S134,consumed_test,TANGENTIAL_SHIFT,D_NORMAL,ENG_PAIR_2_POS_X,13694,19.71440842418541,-2.9072825449764563,19.4988617031679,11.61540453645817
S134,consumed_test,TANGENTIAL_SHIFT,D_NORMAL,ENG_PAIR_3_NEG_X,14459,3.1548829203805053,-0.25555889650773667,3.144515207742582,1.6536090112029795
S134,consumed_test,TANGENTIAL_SHIFT,D_NORMAL,ENG_PAIR_3_POS_X,14436,12.947485257722649,-1.7261433652126685,12.831905687842225,8.139008502278529
S140,consumed_test,RIGID_ONLY,INITIAL,ENG_MID_UP,12866,42.71443233577889,-41.34602575509659,10.725151934901579,1.9963599086026462
S140,consumed_test,RIGID_ONLY,INITIAL,ENG_MID_DOWN,14858,51.59216409672735,-46.931225372199094,21.429220266904217,2.3140382446304595
S140,consumed_test,RIGID_ONLY,INITIAL,ENG_PAIR_1_NEG_X,13030,45.43619008893312,-32.179205527149655,32.07718973724359,2.383298227047505
S140,consumed_test,RIGID_ONLY,INITIAL,ENG_PAIR_1_POS_X,13013,42.16228210265509,-41.13396027403138,9.255017248945457,1.1677138246616832
S140,consumed_test,RIGID_ONLY,INITIAL,ENG_PAIR_2_NEG_X,13846,48.60555173829107,-37.78493472134343,30.57447248747729,2.435720124822395
S140,consumed_test,RIGID_ONLY,INITIAL,ENG_PAIR_2_POS_X,13694,45.60674886175683,-44.23967685005822,11.08271329331314,1.4236286938756655
S140,consumed_test,RIGID_ONLY,INITIAL,ENG_PAIR_3_NEG_X,14459,52.414683409514815,-40.15935791474333,33.68271082907684,2.4494357382750374
S140,consumed_test,RIGID_ONLY,INITIAL,ENG_PAIR_3_POS_X,14436,48.984859992836114,-40.84906559522277,27.034613896169173,2.1344982067451603
S140,consumed_test,RIGID_ONLY,RIGID,ENG_MID_UP,12866,0.4495082730557797,-0.43383959873913663,0.11764731238517226,0.01003150461778849
S140,consumed_test,RIGID_ONLY,RIGID,ENG_MID_DOWN,14858,0.5047587258010688,-0.4832659213187529,0.1457237817387936,0.010089787334336577
S140,consumed_test,RIGID_ONLY,RIGID,ENG_PAIR_1_NEG_X,13030,0.44992408825138513,-0.3977603052832578,0.2102817746021033,0.009062173889417048
S140,consumed_test,RIGID_ONLY,RIGID,ENG_PAIR_1_POS_X,13013,0.4625121304148988,-0.3498278323826955,0.30255240615693857,0.00952342303711453
S140,consumed_test,RIGID_ONLY,RIGID,ENG_PAIR_2_NEG_X,13846,0.4714199109811446,-0.4438742789139297,0.15878399474792548,0.00926856525887472
S140,consumed_test,RIGID_ONLY,RIGID,ENG_PAIR_2_POS_X,13694,0.4820946376291779,-0.3982937369202982,0.27161984235484843,0.009128604769413004
S140,consumed_test,RIGID_ONLY,RIGID,ENG_PAIR_3_NEG_X,14459,0.4940069744014935,-0.4455516755148181,0.21336962108804555,0.010003309066399048
S140,consumed_test,RIGID_ONLY,RIGID,ENG_PAIR_3_POS_X,14436,0.5038540214333032,-0.4181129685285863,0.2811590661222306,0.00912518538254869
S140,consumed_test,RIGID_ONLY,D_VECTOR,ENG_MID_UP,12866,0.059313673538797324,0.013806759620453234,0.05768435886312725,0.45974158349836175
S140,consumed_test,RIGID_ONLY,D_VECTOR,ENG_MID_DOWN,14858,0.1482731634480102,-0.07864760255423701,0.12569600475492892,0.1492848611102626
S140,consumed_test,RIGID_ONLY,D_VECTOR,ENG_PAIR_1_NEG_X,13030,0.39920104361893083,-0.37198853234811424,0.14486547217311485,0.3125757581468371
S140,consumed_test,RIGID_ONLY,D_VECTOR,ENG_PAIR_1_POS_X,13013,0.5112933922176076,-0.47691245315932246,0.1843242928833456,0.3016810863673841
S140,consumed_test,RIGID_ONLY,D_VECTOR,ENG_PAIR_2_NEG_X,13846,0.21593692178534712,-0.20020010386173864,0.08092386918505692,0.21954675688928593
S140,consumed_test,RIGID_ONLY,D_VECTOR,ENG_PAIR_2_POS_X,13694,0.23155423055090096,-0.1495462323836089,0.17678598945020343,0.4152203569022342
S140,consumed_test,RIGID_ONLY,D_VECTOR,ENG_PAIR_3_NEG_X,14459,0.35270235732168614,-0.30863379193038115,0.17071653504844983,0.2850127079254552
S140,consumed_test,RIGID_ONLY,D_VECTOR,ENG_PAIR_3_POS_X,14436,0.3914682454414933,-0.33034350199704815,0.21004894162401166,0.2381077712241782
S140,consumed_test,RIGID_ONLY,D_NORMAL,ENG_MID_UP,12866,0.07129118729738092,0.010846511963605808,0.07046124157644117,0.46775589167697823
S140,consumed_test,RIGID_ONLY,D_NORMAL,ENG_MID_DOWN,14858,0.16826663666694106,-0.07990249306321072,0.1480852883222635,0.15507276115207064
S140,consumed_test,RIGID_ONLY,D_NORMAL,ENG_PAIR_1_NEG_X,13030,0.4315365245296717,-0.3793244926933052,0.20575884244939407,0.32964291707495474
S140,consumed_test,RIGID_ONLY,D_NORMAL,ENG_PAIR_1_POS_X,13013,0.5439925002489309,-0.46278253360023713,0.2859373478957034,0.3022431877176969
S140,consumed_test,RIGID_ONLY,D_NORMAL,ENG_PAIR_2_NEG_X,13846,0.27185022359788497,-0.2150031452675523,0.1663616289751933,0.25730247737968676
S140,consumed_test,RIGID_ONLY,D_NORMAL,ENG_PAIR_2_POS_X,13694,0.32316218906894334,-0.16401064837099358,0.278449829708617,0.4482681777443831
S140,consumed_test,RIGID_ONLY,D_NORMAL,ENG_PAIR_3_NEG_X,14459,0.38189166716888445,-0.3174136963404439,0.21234356790005793,0.31206441060055046
S140,consumed_test,RIGID_ONLY,D_NORMAL,ENG_PAIR_3_POS_X,14436,0.44141960853742973,-0.34021788802120345,0.2812526612704838,0.2723777355799955
S140,consumed_test,NORMAL_BUMP,INITIAL,ENG_MID_UP,12866,40.04447930522029,-38.49198456905508,11.04207619797301,2.3434091233900323
S140,consumed_test,NORMAL_BUMP,INITIAL,ENG_MID_DOWN,14858,48.21866605588888,-43.20444307065045,21.41064817244576,4.587787556919386
S140,consumed_test,NORMAL_BUMP,INITIAL,ENG_PAIR_1_NEG_X,13030,44.30336429987737,-30.397720096780127,32.229903834877604,2.6878652274359878
S140,consumed_test,NORMAL_BUMP,INITIAL,ENG_PAIR_1_POS_X,13013,34.96139553032631,-33.60433375707304,9.646135504499284,1.724221340957643
S140,consumed_test,NORMAL_BUMP,INITIAL,ENG_PAIR_2_NEG_X,13846,46.05566672586963,-34.22579047393848,30.817522677827903,3.4449705623663816
S140,consumed_test,NORMAL_BUMP,INITIAL,ENG_PAIR_2_POS_X,13694,34.52225123130156,-32.40628020685464,11.900371138410897,1.3428265861956838
S140,consumed_test,NORMAL_BUMP,INITIAL,ENG_PAIR_3_NEG_X,14459,51.13412422565401,-38.46431382729049,33.692658282188525,3.893176694713461
S140,consumed_test,NORMAL_BUMP,INITIAL,ENG_PAIR_3_POS_X,14436,42.71965083435211,-33.29590940117896,26.764733971355714,4.388248400094628
S140,consumed_test,NORMAL_BUMP,RIGID,ENG_MID_UP,12866,0.6594012401105813,0.5904823794986848,0.29349711235537523,2.3411626796833227
S140,consumed_test,NORMAL_BUMP,RIGID,ENG_MID_DOWN,14858,2.0364616969275287,1.8889255938582679,0.7610100813525005,2.1736760964379025
S140,consumed_test,NORMAL_BUMP,RIGID,ENG_PAIR_1_NEG_X,13030,1.3227994441250344,0.2401184652739306,1.3008233900157207,1.8353587104898692
S140,consumed_test,NORMAL_BUMP,RIGID,ENG_PAIR_1_POS_X,13013,5.5944990472759235,5.305361646124995,1.7752626267110727,2.863571114865962
S140,consumed_test,NORMAL_BUMP,RIGID,ENG_PAIR_2_NEG_X,13846,2.4348583470513563,2.05423225259525,1.3071591420340176,2.2486621866070142
S140,consumed_test,NORMAL_BUMP,RIGID,ENG_PAIR_2_POS_X,13694,9.723544422475593,9.569493709637124,1.7239797786145024,0.2230369669575402
S140,consumed_test,NORMAL_BUMP,RIGID,ENG_PAIR_3_NEG_X,14459,1.136737467742717,0.30900795828821925,1.093931511697451,1.5074802408867183
S140,consumed_test,NORMAL_BUMP,RIGID,ENG_PAIR_3_POS_X,14436,5.71897859163563,5.585495382171144,1.2283962989733719,2.883517759478113
S140,consumed_test,NORMAL_BUMP,D_VECTOR,ENG_MID_UP,12866,0.7416188515452607,-0.2099572908967127,0.711278044766338,0.3834205836438835
S140,consumed_test,NORMAL_BUMP,D_VECTOR,ENG_MID_DOWN,14858,0.8100334111455173,-0.10186037584676666,0.8036035036038595,0.8475984340720006
S140,consumed_test,NORMAL_BUMP,D_VECTOR,ENG_PAIR_1_NEG_X,13030,1.5568346383735403,-0.6170748340134355,1.4293189778586735,0.7612458974512153
S140,consumed_test,NORMAL_BUMP,D_VECTOR,ENG_PAIR_1_POS_X,13013,1.7017088040090242,0.6121030015416014,1.5878106842900341,0.978931047913823
S140,consumed_test,NORMAL_BUMP,D_VECTOR,ENG_PAIR_2_NEG_X,13846,1.6154538285986308,-0.19989845037701365,1.6030382658785296,1.028227942579008
S140,consumed_test,NORMAL_BUMP,D_VECTOR,ENG_PAIR_2_POS_X,13694,1.283929975011825,0.5958000103278103,1.1373207676057122,0.06476616969819263
S140,consumed_test,NORMAL_BUMP,D_VECTOR,ENG_PAIR_3_NEG_X,14459,1.294204344323476,-0.38261368040384625,1.236354179203347,0.5373258949207518
S140,consumed_test,NORMAL_BUMP,D_VECTOR,ENG_PAIR_3_POS_X,14436,1.4580035332883126,0.08822632830984567,1.4553317209743513,0.7131981400922176
S140,consumed_test,NORMAL_BUMP,D_NORMAL,ENG_MID_UP,12866,0.24562801988661853,-0.15312645892492024,0.19205575162055363,0.41076134757963223
S140,consumed_test,NORMAL_BUMP,D_NORMAL,ENG_MID_DOWN,14858,0.7754289031261645,-0.09393059419431371,0.7697187975343658,0.8726195497219453
S140,consumed_test,NORMAL_BUMP,D_NORMAL,ENG_PAIR_1_NEG_X,13030,1.373975120569865,-0.5922732510028662,1.2397661183027509,0.637676475978731
S140,consumed_test,NORMAL_BUMP,D_NORMAL,ENG_PAIR_1_POS_X,13013,1.8178440213951088,0.9306565412317773,1.5615490028764534,1.2205819679239769
S140,consumed_test,NORMAL_BUMP,D_NORMAL,ENG_PAIR_2_NEG_X,13846,1.1227623784532685,-0.13026500793098814,1.1151799792763408,0.8336194067153933
S140,consumed_test,NORMAL_BUMP,D_NORMAL,ENG_PAIR_2_POS_X,13694,1.3759743659950623,0.95810201484709,0.9875960636927729,0.2935671862054604
S140,consumed_test,NORMAL_BUMP,D_NORMAL,ENG_PAIR_3_NEG_X,14459,1.1417414152817238,-0.3754325865583946,1.078250356976332,0.48323371780359153
S140,consumed_test,NORMAL_BUMP,D_NORMAL,ENG_PAIR_3_POS_X,14436,1.3975738633690007,0.17463748997599227,1.3866197931181565,0.9507357277734012
S140,consumed_test,TANGENTIAL_SHIFT,INITIAL,ENG_MID_UP,12866,41.324630643187334,-40.77708209530956,6.704824650074168,2.0718212782486756
S140,consumed_test,TANGENTIAL_SHIFT,INITIAL,ENG_MID_DOWN,14858,50.73133800838668,-46.72748962586182,19.753743174045614,2.3152769157906827
S140,consumed_test,TANGENTIAL_SHIFT,INITIAL,ENG_PAIR_1_NEG_X,13030,43.36258643151532,-31.898369542872807,29.373592264770082,2.401503813968685
S140,consumed_test,TANGENTIAL_SHIFT,INITIAL,ENG_PAIR_1_POS_X,13013,46.465700622058904,-42.46431187557371,18.86381592448394,6.0299587602868945
S140,consumed_test,TANGENTIAL_SHIFT,INITIAL,ENG_PAIR_2_NEG_X,13846,44.796673562061805,-37.4018073974601,24.6545485788977,3.8738754639788784
S140,consumed_test,TANGENTIAL_SHIFT,INITIAL,ENG_PAIR_2_POS_X,13694,54.34781287064492,-45.109304607925296,30.312297860968027,8.789369941491598
S140,consumed_test,TANGENTIAL_SHIFT,INITIAL,ENG_PAIR_3_NEG_X,14459,51.06490850431647,-39.96715391078951,31.784453571289777,1.9741227887093928
S140,consumed_test,TANGENTIAL_SHIFT,INITIAL,ENG_PAIR_3_POS_X,14436,51.983662063918764,-41.20026205464251,31.699203904901015,5.591910526387666
S140,consumed_test,TANGENTIAL_SHIFT,RIGID,ENG_MID_UP,12866,4.7523301169427015,-0.08087436507273107,4.75164191385196,0.7996465253056598
S140,consumed_test,TANGENTIAL_SHIFT,RIGID,ENG_MID_DOWN,14858,6.189596981357672,-0.5006112501377962,6.169319181876351,0.12008899227777492
S140,consumed_test,TANGENTIAL_SHIFT,RIGID,ENG_PAIR_1_NEG_X,13030,2.700326977326355,-0.17269251894648868,2.6947992649502495,1.6023599316392323
S140,consumed_test,TANGENTIAL_SHIFT,RIGID,ENG_PAIR_1_POS_X,13013,12.855249231835401,-1.958360633143613,12.705205879605337,6.134531638093084
S140,consumed_test,TANGENTIAL_SHIFT,RIGID,ENG_PAIR_2_NEG_X,13846,5.634951869618638,-0.1861178201775955,5.63187737170572,3.1999079528545873
S140,consumed_test,TANGENTIAL_SHIFT,RIGID,ENG_PAIR_2_POS_X,13694,20.051747292233237,-1.717015714727405,19.978098670968716,9.853058267969939
S140,consumed_test,TANGENTIAL_SHIFT,RIGID,ENG_PAIR_3_NEG_X,14459,2.6419313500891453,-0.34873176388915883,2.618814123881,1.4520590807222042
S140,consumed_test,TANGENTIAL_SHIFT,RIGID,ENG_PAIR_3_POS_X,14436,12.759318919982443,-1.1949349511899146,12.703241702976712,6.508958854064506
S140,consumed_test,TANGENTIAL_SHIFT,D_VECTOR,ENG_MID_UP,12866,4.617540232241813,0.4511304394437093,4.595449828142953,1.0530554636003322
S140,consumed_test,TANGENTIAL_SHIFT,D_VECTOR,ENG_MID_DOWN,14858,6.130673076887346,-0.02689844215951967,6.130614067895706,0.2627993304679808
S140,consumed_test,TANGENTIAL_SHIFT,D_VECTOR,ENG_PAIR_1_NEG_X,13030,2.7361763939636052,-0.18255585818405579,2.7300795991191102,1.4457022722151598
S140,consumed_test,TANGENTIAL_SHIFT,D_VECTOR,ENG_PAIR_1_POS_X,13013,12.706536529615384,-2.6493133571507417,12.427276826162393,6.365566212685817
S140,consumed_test,TANGENTIAL_SHIFT,D_VECTOR,ENG_PAIR_2_NEG_X,13846,5.602457172766674,-0.117842745352113,5.601217676546113,3.2296276406110875
S140,consumed_test,TANGENTIAL_SHIFT,D_VECTOR,ENG_PAIR_2_POS_X,13694,19.839035228101988,-2.7876586876189453,19.642206541608665,10.160332740381556
S140,consumed_test,TANGENTIAL_SHIFT,D_VECTOR,ENG_PAIR_3_NEG_X,14459,2.688351609299577,-0.2701444443522434,2.674744166160428,1.3293404708538743
S140,consumed_test,TANGENTIAL_SHIFT,D_VECTOR,ENG_PAIR_3_POS_X,14436,12.537730965785471,-1.7567734199934142,12.414042247439811,6.678205335773232
S140,consumed_test,TANGENTIAL_SHIFT,D_NORMAL,ENG_MID_UP,12866,4.714328289734692,0.45496387060420573,4.692323422339691,1.0561072302870653
S140,consumed_test,TANGENTIAL_SHIFT,D_NORMAL,ENG_MID_DOWN,14858,6.163434463150512,-0.027864069392017965,6.163371477948441,0.273607984493786
S140,consumed_test,TANGENTIAL_SHIFT,D_NORMAL,ENG_PAIR_1_NEG_X,13030,2.7086254420861637,-0.1924852225337409,2.7017774195189728,1.4451376932931874
S140,consumed_test,TANGENTIAL_SHIFT,D_NORMAL,ENG_PAIR_1_POS_X,13013,12.829017528714406,-2.5835144341186065,12.566190509488637,6.381397197875125
S140,consumed_test,TANGENTIAL_SHIFT,D_NORMAL,ENG_PAIR_2_NEG_X,13846,5.633493483326724,-0.13946087909491106,5.631766995347618,3.2878438683712474
S140,consumed_test,TANGENTIAL_SHIFT,D_NORMAL,ENG_PAIR_2_POS_X,13694,19.92606122417519,-2.7329882360008537,19.73774787587122,10.154042701854845
S140,consumed_test,TANGENTIAL_SHIFT,D_NORMAL,ENG_PAIR_3_NEG_X,14459,2.6329327458520826,-0.27767429133975424,2.618249765035634,1.310104653864055
S140,consumed_test,TANGENTIAL_SHIFT,D_NORMAL,ENG_PAIR_3_POS_X,14436,12.734053155154312,-1.7626822154047903,12.611465464639357,6.756372060508479
S141,consumed_test,RIGID_ONLY,INITIAL,ENG_MID_UP,12866,37.77255581177919,-36.336004379607765,10.317982277514291,1.5876683206341267
S141,consumed_test,RIGID_ONLY,INITIAL,ENG_MID_DOWN,14858,45.77629430810162,-39.92710366146903,22.389629603641144,2.0952696031900135
S141,consumed_test,RIGID_ONLY,INITIAL,ENG_PAIR_1_NEG_X,13030,40.23564916006011,-36.42617033665812,17.08922402966894,1.9072171907974504
S141,consumed_test,RIGID_ONLY,INITIAL,ENG_PAIR_1_POS_X,13013,37.87529052896741,-37.840930515030394,1.6129508394028107,1.166724778485163
S141,consumed_test,RIGID_ONLY,INITIAL,ENG_PAIR_2_NEG_X,13846,43.06565064138015,-38.64014963059678,19.01549635666917,2.218092722943509
S141,consumed_test,RIGID_ONLY,INITIAL,ENG_PAIR_2_POS_X,13694,40.864880909330395,-36.73739347160508,17.896994514337432,0.8104730815316065
S141,consumed_test,RIGID_ONLY,INITIAL,ENG_PAIR_3_NEG_X,14459,46.363527808075176,-40.02959696972905,23.392479074506387,2.3291809170371907
S141,consumed_test,RIGID_ONLY,INITIAL,ENG_PAIR_3_POS_X,14436,43.87952502853566,-32.02436264304029,29.997548467115333,1.874302780038157
S141,consumed_test,RIGID_ONLY,RIGID,ENG_MID_UP,12866,0.3858322052628703,-0.3111626075847024,0.22813224730208181,0.009223591892817611
S141,consumed_test,RIGID_ONLY,RIGID,ENG_MID_DOWN,14858,0.44381310985673716,-0.3993063870024533,0.19371237900494456,0.009666767242970203
S141,consumed_test,RIGID_ONLY,RIGID,ENG_PAIR_1_NEG_X,13030,0.3939149077362586,-0.345774834161173,0.18870272546436193,0.009752573297229105
S141,consumed_test,RIGID_ONLY,RIGID,ENG_PAIR_1_POS_X,13013,0.3963657073011884,-0.2891528558228895,0.2711021945574005,0.009413444378319317
S141,consumed_test,RIGID_ONLY,RIGID,ENG_PAIR_2_NEG_X,13846,0.414121803620999,-0.4037889079387715,0.09193142041719783,0.009436255129056324
S141,consumed_test,RIGID_ONLY,RIGID,ENG_PAIR_2_POS_X,13694,0.4163272532449574,-0.24789844863970467,0.33447681676988994,0.008083426675794836
S141,consumed_test,RIGID_ONLY,RIGID,ENG_PAIR_3_NEG_X,14459,0.43728873842656263,-0.423741952500651,0.10800091872586422,0.009765219673757255
S141,consumed_test,RIGID_ONLY,RIGID,ENG_PAIR_3_POS_X,14436,0.4386220525487337,-0.3085271358279857,0.3117696448338802,0.00854898998674974
S141,consumed_test,RIGID_ONLY,D_VECTOR,ENG_MID_UP,12866,0.22040534978906884,0.1972473512887961,0.09834633000369679,0.6344111139354428
S141,consumed_test,RIGID_ONLY,D_VECTOR,ENG_MID_DOWN,14858,0.17285113800514157,-0.011361752262038474,0.17247732168377544,0.05066749010936378
S141,consumed_test,RIGID_ONLY,D_VECTOR,ENG_PAIR_1_NEG_X,13030,0.40525362300896306,-0.3602501314350366,0.18560803259269137,0.4569411487378639
S141,consumed_test,RIGID_ONLY,D_VECTOR,ENG_PAIR_1_POS_X,13013,0.43830387485218203,-0.4247496571661527,0.10815736427850406,0.4628433310479337
S141,consumed_test,RIGID_ONLY,D_VECTOR,ENG_PAIR_2_NEG_X,13846,0.12186561818018846,-0.10646445463684513,0.05930049572574101,0.017088028087363222
S141,consumed_test,RIGID_ONLY,D_VECTOR,ENG_PAIR_2_POS_X,13694,0.36981129048906564,-0.2788629448489556,0.24289061028239944,0.2923935250724633
S141,consumed_test,RIGID_ONLY,D_VECTOR,ENG_PAIR_3_NEG_X,14459,0.2770906869246074,-0.2557542174118159,0.10662564914888162,0.23371398186049283
S141,consumed_test,RIGID_ONLY,D_VECTOR,ENG_PAIR_3_POS_X,14436,0.4204396129414508,-0.36245256515009605,0.21306713999693222,0.4060048290478793
S141,consumed_test,RIGID_ONLY,D_NORMAL,ENG_MID_UP,12866,0.23317762850378626,0.1941322271637596,0.12916843581575252,0.6335139116573142
S141,consumed_test,RIGID_ONLY,D_NORMAL,ENG_MID_DOWN,14858,0.19821210504185463,-0.011750310957856006,0.1978635104750669,0.047623259736280885
S141,consumed_test,RIGID_ONLY,D_NORMAL,ENG_PAIR_1_NEG_X,13030,0.4140601962454778,-0.3651268032527424,0.1952645990989579,0.46716905722918994
S141,consumed_test,RIGID_ONLY,D_NORMAL,ENG_PAIR_1_POS_X,13013,0.49665529714831375,-0.42769752692193197,0.2524704134157964,0.4871497290641523
S141,consumed_test,RIGID_ONLY,D_NORMAL,ENG_PAIR_2_NEG_X,13846,0.140753493980586,-0.11980837377703836,0.07387489181477243,0.014753892466294879
S141,consumed_test,RIGID_ONLY,D_NORMAL,ENG_PAIR_2_POS_X,13694,0.4183705583523207,-0.2549338609795057,0.33172677103621684,0.27339115058351826
S141,consumed_test,RIGID_ONLY,D_NORMAL,ENG_PAIR_3_NEG_X,14459,0.2818764827213338,-0.2628781757136075,0.10173208070631463,0.2369745186738965
S141,consumed_test,RIGID_ONLY,D_NORMAL,ENG_PAIR_3_POS_X,14436,0.467328309045155,-0.3522958346626733,0.3070560100605983,0.41778958558755974
S141,consumed_test,NORMAL_BUMP,INITIAL,ENG_MID_UP,12866,35.20961012361863,-33.656785443465836,10.341055974596292,2.6356749320171966
S141,consumed_test,NORMAL_BUMP,INITIAL,ENG_MID_DOWN,14858,42.25563258946304,-35.90600610175384,22.277729043969163,4.474521744535222
S141,consumed_test,NORMAL_BUMP,INITIAL,ENG_PAIR_1_NEG_X,13030,38.39740159350283,-34.28613100268481,17.286459151586516,2.7300205298245555
S141,consumed_test,NORMAL_BUMP,INITIAL,ENG_PAIR_1_POS_X,13013,30.524608919570856,-30.455989787339,2.0455893444793602,1.7721214369837994
S141,consumed_test,NORMAL_BUMP,INITIAL,ENG_PAIR_2_NEG_X,13846,39.40574663796796,-34.36073067469297,19.291268895459876,3.474571083963087
S141,consumed_test,NORMAL_BUMP,INITIAL,ENG_PAIR_2_POS_X,13694,31.128141733068034,-24.93700943840795,18.63080159367075,0.7012691535483002
S141,consumed_test,NORMAL_BUMP,INITIAL,ENG_PAIR_3_NEG_X,14459,44.52228033033703,-37.91253761967323,23.34251351183025,4.152287001524776
S141,consumed_test,NORMAL_BUMP,INITIAL,ENG_PAIR_3_POS_X,14436,38.56095863188749,-24.39583976420759,29.86286210009425,3.8819611021148694
S141,consumed_test,NORMAL_BUMP,RIGID,ENG_MID_UP,12866,0.4264846738643636,0.4081495521727527,0.1237057803919202,2.251122469110426
S141,consumed_test,NORMAL_BUMP,RIGID,ENG_MID_DOWN,14858,2.3020840930254782,2.2250264963027044,0.5906337800294287,2.2220841879319795
S141,consumed_test,NORMAL_BUMP,RIGID,ENG_PAIR_1_NEG_X,13030,0.9662632764931605,0.3988191793723924,0.8801181634667186,2.20405755168848
S141,consumed_test,NORMAL_BUMP,RIGID,ENG_PAIR_1_POS_X,13013,5.217701010546212,5.016817708560918,1.4338563088833345,2.865296424073795
S141,consumed_test,NORMAL_BUMP,RIGID,ENG_PAIR_2_NEG_X,13846,2.854229603514195,2.6926569459125083,0.9466917139206018,2.5955754880490134
S141,consumed_test,NORMAL_BUMP,RIGID,ENG_PAIR_2_POS_X,13694,9.86227774388377,9.695838211912756,1.8042293828439904,0.40595362478027835
S141,consumed_test,NORMAL_BUMP,RIGID,ENG_PAIR_3_NEG_X,14459,0.8550611783412434,0.6090209066084592,0.6001859328742437,1.7680190407523964
S141,consumed_test,NORMAL_BUMP,RIGID,ENG_PAIR_3_POS_X,14436,5.825385743507037,5.687349396684194,1.2606252023067672,2.8276110018940055
S141,consumed_test,NORMAL_BUMP,D_VECTOR,ENG_MID_UP,12866,0.5853410271680288,-0.06189483537383805,0.582059401985887,0.4474918425195082
S141,consumed_test,NORMAL_BUMP,D_VECTOR,ENG_MID_DOWN,14858,0.7082423488928814,0.00011746649571314771,0.7082423391515988,0.6232025343597712
S141,consumed_test,NORMAL_BUMP,D_VECTOR,ENG_PAIR_1_NEG_X,13030,1.0302391391955759,-0.5264858874888687,0.8855536653447375,0.5740424905915446
S141,consumed_test,NORMAL_BUMP,D_VECTOR,ENG_PAIR_1_POS_X,13013,1.2819089732610132,0.5617189323182962,1.1522857531021973,1.4402340346442546
S141,consumed_test,NORMAL_BUMP,D_VECTOR,ENG_PAIR_2_NEG_X,13846,1.2632992011909334,-0.03301918538751925,1.2628676118762392,1.0464197456355593
S141,consumed_test,NORMAL_BUMP,D_VECTOR,ENG_PAIR_2_POS_X,13694,2.926239145165882,1.7395603510771918,2.3530417165153175,1.9700468430185478
S141,consumed_test,NORMAL_BUMP,D_VECTOR,ENG_PAIR_3_NEG_X,14459,0.819199588584787,-0.29297471759057836,0.7650188107427197,0.3687139174883075
S141,consumed_test,NORMAL_BUMP,D_VECTOR,ENG_PAIR_3_POS_X,14436,1.705156138517376,0.591692959432456,1.599205083309064,1.1274843430645434
S141,consumed_test,NORMAL_BUMP,D_NORMAL,ENG_MID_UP,12866,0.12720908795744942,-0.03036301074796845,0.12353234247469307,0.5578329837757672
S141,consumed_test,NORMAL_BUMP,D_NORMAL,ENG_MID_DOWN,14858,0.6693262213217569,-0.003922256401835605,0.6693147289979354,0.6786376894521061
S141,consumed_test,NORMAL_BUMP,D_NORMAL,ENG_PAIR_1_NEG_X,13030,0.974968053262596,-0.4833144169181186,0.8467407391177981,0.5878636584014084
S141,consumed_test,NORMAL_BUMP,D_NORMAL,ENG_PAIR_1_POS_X,13013,1.607349131831867,0.8685165478213765,1.352497777359022,1.720426763970186
S141,consumed_test,NORMAL_BUMP,D_NORMAL,ENG_PAIR_2_NEG_X,13846,0.7705064342530866,0.04488670012222029,0.7691978610068699,0.8613109852827633
S141,consumed_test,NORMAL_BUMP,D_NORMAL,ENG_PAIR_2_POS_X,13694,2.710869710584955,2.3293931520184588,1.3866297743437022,2.825291006084438
S141,consumed_test,NORMAL_BUMP,D_NORMAL,ENG_PAIR_3_NEG_X,14459,0.6539275245453099,-0.2791808952405278,0.5913368203407041,0.2599380970313031
S141,consumed_test,NORMAL_BUMP,D_NORMAL,ENG_PAIR_3_POS_X,14436,1.5892447391571662,0.8375529568385301,1.3506309212474608,1.3079568991896295
S141,consumed_test,TANGENTIAL_SHIFT,INITIAL,ENG_MID_UP,12866,37.086016287529525,-35.37188008023678,11.144626672448629,3.2552499830145982
S141,consumed_test,TANGENTIAL_SHIFT,INITIAL,ENG_MID_DOWN,14858,46.698384520542426,-39.83082094921175,24.3771372261033,2.649700412289037
S141,consumed_test,TANGENTIAL_SHIFT,INITIAL,ENG_PAIR_1_NEG_X,13030,38.668838392511155,-36.01076765881669,14.089133232703377,2.2178363882486756
S141,consumed_test,TANGENTIAL_SHIFT,INITIAL,ENG_PAIR_1_POS_X,13013,41.05225944486004,-38.8678823722408,13.212710752368498,5.516473512411369
S141,consumed_test,TANGENTIAL_SHIFT,INITIAL,ENG_PAIR_2_NEG_X,13846,40.026205574363175,-38.21275193513921,11.911453405218726,4.410308935538332
S141,consumed_test,TANGENTIAL_SHIFT,INITIAL,ENG_PAIR_2_POS_X,13694,52.922461782248064,-37.49658901201781,37.34692455286422,10.837388119628732
S141,consumed_test,TANGENTIAL_SHIFT,INITIAL,ENG_PAIR_3_NEG_X,14459,45.595386912699055,-39.810974487264474,22.226687069671577,1.5289175103712473
S141,consumed_test,TANGENTIAL_SHIFT,INITIAL,ENG_PAIR_3_POS_X,14436,49.54114663038802,-32.02360028383066,37.799659182525,7.109031716955744
S141,consumed_test,TANGENTIAL_SHIFT,RIGID,ENG_MID_UP,12866,4.672071305704213,0.4519131906051211,4.650163949124995,2.10031394348167
S141,consumed_test,TANGENTIAL_SHIFT,RIGID,ENG_MID_DOWN,14858,6.847085232851991,-0.546377578753975,6.825250744652151,0.7490787161780159
S141,consumed_test,TANGENTIAL_SHIFT,RIGID,ENG_PAIR_1_NEG_X,13030,3.5659493939493454,-0.018603714735448945,3.56590086542037,2.0963385322843386
S141,consumed_test,TANGENTIAL_SHIFT,RIGID,ENG_PAIR_1_POS_X,13013,12.567903295278333,-1.5280608140661038,12.474663257498522,5.6384042135609835
S141,consumed_test,TANGENTIAL_SHIFT,RIGID,ENG_PAIR_2_NEG_X,13846,7.054498489350542,-0.12734363602047602,7.053349029688958,4.259638481492081
S141,consumed_test,TANGENTIAL_SHIFT,RIGID,ENG_PAIR_2_POS_X,13694,20.105149355486308,-1.3564307794699122,20.059340122419734,11.56236273485887
S141,consumed_test,TANGENTIAL_SHIFT,RIGID,ENG_PAIR_3_NEG_X,14459,3.537032751373698,-0.33924736534365296,3.5207260486151974,2.185672637325282
S141,consumed_test,TANGENTIAL_SHIFT,RIGID,ENG_PAIR_3_POS_X,14436,12.99267025752642,-0.7524232747505789,12.970865030383491,8.382289746233358
S141,consumed_test,TANGENTIAL_SHIFT,D_VECTOR,ENG_MID_UP,12866,4.546830124240839,1.1182080184383278,4.407184476080413,2.6832858559761497
S141,consumed_test,TANGENTIAL_SHIFT,D_VECTOR,ENG_MID_DOWN,14858,6.784632371764797,-0.058919962202613,6.784376526848496,0.7529697492835913
S141,consumed_test,TANGENTIAL_SHIFT,D_VECTOR,ENG_PAIR_1_NEG_X,13030,3.545510851330109,-0.15190953055703793,3.5422550291340533,1.675951945591978
S141,consumed_test,TANGENTIAL_SHIFT,D_VECTOR,ENG_PAIR_1_POS_X,13013,12.35458688432009,-2.140779122082784,12.167698296418614,6.1081812266196485
S141,consumed_test,TANGENTIAL_SHIFT,D_VECTOR,ENG_PAIR_2_NEG_X,13846,6.932508640714947,-0.16311199983450453,6.930589479192761,4.549795290363256
S141,consumed_test,TANGENTIAL_SHIFT,D_VECTOR,ENG_PAIR_2_POS_X,13694,19.986556266676924,-2.568635038486444,19.820810917823277,11.075579423522239
S141,consumed_test,TANGENTIAL_SHIFT,D_VECTOR,ENG_PAIR_3_NEG_X,14459,3.5464253176984424,-0.24211571200002835,3.5381510024326572,2.1657558234964047
S141,consumed_test,TANGENTIAL_SHIFT,D_VECTOR,ENG_PAIR_3_POS_X,14436,12.80658171848741,-1.2515086868281942,12.745283885386367,8.425955030753423
S141,consumed_test,TANGENTIAL_SHIFT,D_NORMAL,ENG_MID_UP,12866,4.632505993788526,1.1273641130633578,4.493235130622867,2.6914945498833713
S141,consumed_test,TANGENTIAL_SHIFT,D_NORMAL,ENG_MID_DOWN,14858,6.826341452732351,-0.06025420216055384,6.826075524077801,0.7559294581771541
S141,consumed_test,TANGENTIAL_SHIFT,D_NORMAL,ENG_PAIR_1_NEG_X,13030,3.5914935735479285,-0.1513958452510716,3.588301183969482,1.709018791087094
S141,consumed_test,TANGENTIAL_SHIFT,D_NORMAL,ENG_PAIR_1_POS_X,13013,12.53297115027244,-2.116479484569801,12.35297051097251,6.12050558599058
S141,consumed_test,TANGENTIAL_SHIFT,D_NORMAL,ENG_PAIR_2_NEG_X,13846,7.0509353140359545,-0.18089492516725783,7.048614461634856,4.611597538202655
S141,consumed_test,TANGENTIAL_SHIFT,D_NORMAL,ENG_PAIR_2_POS_X,13694,19.95319744827944,-2.374901558144477,19.8113586358722,10.934981688919473
S141,consumed_test,TANGENTIAL_SHIFT,D_NORMAL,ENG_PAIR_3_NEG_X,14459,3.5287866843086277,-0.24646015569169302,3.5201694355542466,2.159462213057403
S141,consumed_test,TANGENTIAL_SHIFT,D_NORMAL,ENG_PAIR_3_POS_X,14436,12.958817778407004,-1.2062207207830746,12.9025574901533,8.444759608862238
S145,consumed_test,RIGID_ONLY,INITIAL,ENG_MID_UP,12866,37.870142990569306,-30.853402166603548,21.959401286737968,2.203341946609559
S145,consumed_test,RIGID_ONLY,INITIAL,ENG_MID_DOWN,14858,46.0085397427255,-39.38159068675253,23.788149239464573,2.3750367834759767
S145,consumed_test,RIGID_ONLY,INITIAL,ENG_PAIR_1_NEG_X,13030,40.1319990426133,-22.12248209992723,33.48392349911692,2.428378596863286
S145,consumed_test,RIGID_ONLY,INITIAL,ENG_PAIR_1_POS_X,13013,37.855254358913434,-33.48752869256858,17.652356914656774,1.9501617147852506
S145,consumed_test,RIGID_ONLY,INITIAL,ENG_PAIR_2_NEG_X,13846,42.832612729730194,-23.75345920563835,35.64275366776703,2.448089122002048
S145,consumed_test,RIGID_ONLY,INITIAL,ENG_PAIR_2_POS_X,13694,40.31673241969571,-39.06164934524244,9.98130569768627,1.8589700606670745
S145,consumed_test,RIGID_ONLY,INITIAL,ENG_PAIR_3_NEG_X,14459,46.36897116428349,-29.262838426388882,35.96898350058299,2.435968687120468
S145,consumed_test,RIGID_ONLY,INITIAL,ENG_PAIR_3_POS_X,14436,43.67901351167037,-40.0747748758684,17.374367326643853,2.1525441247141117
S145,consumed_test,RIGID_ONLY,RIGID,ENG_MID_UP,12866,0.47627208523044,-0.4457569660937684,0.1677373731421548,0.009678729856543873
S145,consumed_test,RIGID_ONLY,RIGID,ENG_MID_DOWN,14858,0.5224479884310119,-0.5188706033513242,0.061034396805766035,0.00960513289825979
S145,consumed_test,RIGID_ONLY,RIGID,ENG_PAIR_1_NEG_X,13030,0.470123963514828,-0.3742371784029689,0.2845401120613326,0.00653921349279229
S145,consumed_test,RIGID_ONLY,RIGID,ENG_PAIR_1_POS_X,13013,0.49658416034202035,-0.39090705851167235,0.306247448819319,0.009516536783262204
S145,consumed_test,RIGID_ONLY,RIGID,ENG_PAIR_2_NEG_X,13846,0.4860571092988233,-0.40058208269128337,0.27529167900000545,0.006412758992790625
S145,consumed_test,RIGID_ONLY,RIGID,ENG_PAIR_2_POS_X,13694,0.5108403197769844,-0.42731688972149734,0.2799251829839492,0.009984078824285108
S145,consumed_test,RIGID_ONLY,RIGID,ENG_PAIR_3_NEG_X,14459,0.5051354889553044,-0.46846409488214225,0.18895304709998614,0.00860782775529961
S145,consumed_test,RIGID_ONLY,RIGID,ENG_PAIR_3_POS_X,14436,0.5291200032726106,-0.5079462840817868,0.1481841771266834,0.010260706040769046
S145,consumed_test,RIGID_ONLY,D_VECTOR,ENG_MID_UP,12866,0.1314624058369919,0.027162492128484893,0.12862567072641432,0.5022156479523591
S145,consumed_test,RIGID_ONLY,D_VECTOR,ENG_MID_DOWN,14858,0.09355689378060086,-0.05718237169760523,0.07404774635943724,0.16202145813038127
S145,consumed_test,RIGID_ONLY,D_VECTOR,ENG_PAIR_1_NEG_X,13030,0.4267490758961372,-0.3551510828555875,0.23660617516183016,0.37729005821830774
S145,consumed_test,RIGID_ONLY,D_VECTOR,ENG_PAIR_1_POS_X,13013,0.43871610345300943,-0.3544643882529801,0.25850883329091906,0.2938969899266268
S145,consumed_test,RIGID_ONLY,D_VECTOR,ENG_PAIR_2_NEG_X,13846,0.325447702289684,-0.25152386612053607,0.20652348945680107,0.29852807504653134
S145,consumed_test,RIGID_ONLY,D_VECTOR,ENG_PAIR_2_POS_X,13694,0.23388839431516095,-0.09861470375437792,0.21208234532549028,0.2751649331334866
S145,consumed_test,RIGID_ONLY,D_VECTOR,ENG_PAIR_3_NEG_X,14459,0.3476398518213309,-0.33674470964170883,0.08635083730154625,0.26712264745446246
S145,consumed_test,RIGID_ONLY,D_VECTOR,ENG_PAIR_3_POS_X,14436,0.32247585895894004,-0.31378426657806535,0.07436473397633997,0.23008974340473545
S145,consumed_test,RIGID_ONLY,D_NORMAL,ENG_MID_UP,12866,0.12965464031389912,0.020179887058879287,0.12807457949654738,0.49476895551036054
S145,consumed_test,RIGID_ONLY,D_NORMAL,ENG_MID_DOWN,14858,0.08164652910681874,-0.05813634100949452,0.05732644738005633,0.1620427548603156
S145,consumed_test,RIGID_ONLY,D_NORMAL,ENG_PAIR_1_NEG_X,13030,0.46669615790682006,-0.37350190117691634,0.2798242906221983,0.41110663162952815
S145,consumed_test,RIGID_ONLY,D_NORMAL,ENG_PAIR_1_POS_X,13013,0.473945091859609,-0.36415301994457955,0.30334226240841533,0.3110098982520795
S145,consumed_test,RIGID_ONLY,D_NORMAL,ENG_PAIR_2_NEG_X,13846,0.3796602373225861,-0.262910005810684,0.27389820125088166,0.3285261294223721
S145,consumed_test,RIGID_ONLY,D_NORMAL,ENG_PAIR_2_POS_X,13694,0.29284472869380596,-0.11809171630390256,0.26797832312362024,0.29800112826645536
S145,consumed_test,RIGID_ONLY,D_NORMAL,ENG_PAIR_3_NEG_X,14459,0.3931914769806366,-0.34337973631123603,0.19154606302673127,0.2963738355116409
S145,consumed_test,RIGID_ONLY,D_NORMAL,ENG_PAIR_3_POS_X,14436,0.3572635351504249,-0.32326761103916324,0.15210287703134073,0.2628058411895486
S145,consumed_test,NORMAL_BUMP,INITIAL,ENG_MID_UP,12866,36.314275115535544,-28.594339123675255,22.38504740327924,2.3733057488492735
S145,consumed_test,NORMAL_BUMP,INITIAL,ENG_MID_DOWN,14858,43.087039074370814,-35.88351421302035,23.850919142044063,4.523830198450381
S145,consumed_test,NORMAL_BUMP,INITIAL,ENG_PAIR_1_NEG_X,13030,39.38784650633088,-20.553722874414447,33.599805481699654,2.8064486572929277
S145,consumed_test,NORMAL_BUMP,INITIAL,ENG_PAIR_1_POS_X,13013,31.109462375996916,-25.95810743329877,17.14570814533149,1.2587273262715262
S145,consumed_test,NORMAL_BUMP,INITIAL,ENG_PAIR_2_NEG_X,13846,41.38069588448355,-20.631987825967094,35.87036479091423,3.3016184106883917
S145,consumed_test,NORMAL_BUMP,INITIAL,ENG_PAIR_2_POS_X,13694,28.852336247546045,-27.266184131869466,9.434644128341528,1.614995706757533
S145,consumed_test,NORMAL_BUMP,INITIAL,ENG_PAIR_3_NEG_X,14459,45.44437792844012,-27.730658226307824,36.00280655224814,3.6787737451234164
S145,consumed_test,NORMAL_BUMP,INITIAL,ENG_PAIR_3_POS_X,14436,36.85980310940716,-32.695192804163355,17.019678397750244,4.722984404739414
S145,consumed_test,NORMAL_BUMP,RIGID,ENG_MID_UP,12866,0.3713086470887276,-0.3384281346828553,0.15276291781039128,2.2145655832621283
S145,consumed_test,NORMAL_BUMP,RIGID,ENG_MID_DOWN,14858,1.4681694778477414,1.4275784105816804,0.34284325474594596,2.043088322020444
S145,consumed_test,NORMAL_BUMP,RIGID,ENG_PAIR_1_NEG_X,13030,1.1832846396637446,-0.3343603202376684,1.1350619871684198,1.7782377195560852
S145,consumed_test,NORMAL_BUMP,RIGID,ENG_PAIR_1_POS_X,13013,5.068625578348518,4.87122340921008,1.4007668439296306,2.7905131828375533
S145,consumed_test,NORMAL_BUMP,RIGID,ENG_PAIR_2_NEG_X,13846,1.9216763654137212,1.4523372607527243,1.2583944272043497,2.1174730366542045
S145,consumed_test,NORMAL_BUMP,RIGID,ENG_PAIR_2_POS_X,13694,9.38252387172246,9.239221813595005,1.633564961252565,0.3812603199054063
S145,consumed_test,NORMAL_BUMP,RIGID,ENG_PAIR_3_NEG_X,14459,0.8860261677601163,-0.08474721701559515,0.8819638763372283,1.3544211108266857
S145,consumed_test,NORMAL_BUMP,RIGID,ENG_PAIR_3_POS_X,14436,5.097189458159961,5.0149755676076895,0.9117896844530395,2.8553813565680923
S145,consumed_test,NORMAL_BUMP,D_VECTOR,ENG_MID_UP,12866,0.6499583571756968,-0.35899275764335353,0.5418210645795816,0.5742469289669764
S145,consumed_test,NORMAL_BUMP,D_VECTOR,ENG_MID_DOWN,14858,0.4369647095622102,-0.08887764277910325,0.4278304828045996,0.7758095304312385
S145,consumed_test,NORMAL_BUMP,D_VECTOR,ENG_PAIR_1_NEG_X,13030,1.2368297727725728,-0.6028727970888914,1.079950127249805,0.5959555953229981
S145,consumed_test,NORMAL_BUMP,D_VECTOR,ENG_PAIR_1_POS_X,13013,0.8910595737975947,0.06629188007373371,0.8885902040269411,0.6260041989397166
S145,consumed_test,NORMAL_BUMP,D_VECTOR,ENG_PAIR_2_NEG_X,13846,1.577466756224464,-0.2926533371006247,1.5500823820936744,0.9925834053317759
S145,consumed_test,NORMAL_BUMP,D_VECTOR,ENG_PAIR_2_POS_X,13694,0.8544903134817555,0.3370209589427936,0.7852200768366973,0.31837952663154173
S145,consumed_test,NORMAL_BUMP,D_VECTOR,ENG_PAIR_3_NEG_X,14459,1.110809486384974,-0.48214963303094716,1.0007144679732438,0.46959948806261426
S145,consumed_test,NORMAL_BUMP,D_VECTOR,ENG_PAIR_3_POS_X,14436,0.8535681444879452,-0.03651593552188562,0.8527867047143471,0.700559748091009
S145,consumed_test,NORMAL_BUMP,D_NORMAL,ENG_MID_UP,12866,0.34030739541584826,-0.30074803389710375,0.15924742849335133,0.5993725440633343
S145,consumed_test,NORMAL_BUMP,D_NORMAL,ENG_MID_DOWN,14858,0.3386158025825798,-0.08021572776633633,0.3289773529858274,0.7788091747541293
S145,consumed_test,NORMAL_BUMP,D_NORMAL,ENG_PAIR_1_NEG_X,13030,1.2718244390788755,-0.6077863482061501,1.1171988000228645,0.6096081449769278
S145,consumed_test,NORMAL_BUMP,D_NORMAL,ENG_PAIR_1_POS_X,13013,1.359014998501725,0.14367211378065187,1.351399308078276,0.38753453116222863
S145,consumed_test,NORMAL_BUMP,D_NORMAL,ENG_PAIR_2_NEG_X,13846,1.1666448917047674,-0.22731982267141235,1.1442840563258172,0.8062603282177849
S145,consumed_test,NORMAL_BUMP,D_NORMAL,ENG_PAIR_2_POS_X,13694,1.165514339758846,0.6058366237407345,0.9956835147364482,0.31191876845086586
S145,consumed_test,NORMAL_BUMP,D_NORMAL,ENG_PAIR_3_NEG_X,14459,0.9928728283597879,-0.47580841381204836,0.8714372075145905,0.4248756140990257
S145,consumed_test,NORMAL_BUMP,D_NORMAL,ENG_PAIR_3_POS_X,14436,0.9289414652385184,0.024958116108756895,0.9286061265573189,0.9953842495065254
S145,consumed_test,TANGENTIAL_SHIFT,INITIAL,ENG_MID_UP,12866,35.24399685063489,-30.136542856437693,18.273699643740905,2.7292938236341495
S145,consumed_test,TANGENTIAL_SHIFT,INITIAL,ENG_MID_DOWN,14858,43.50776121751902,-39.19118101820896,18.89382482608089,2.6503657764051503
S145,consumed_test,TANGENTIAL_SHIFT,INITIAL,ENG_PAIR_1_NEG_X,13030,37.90680974429618,-21.937609349840752,30.91387263032647,2.194059462235346
S145,consumed_test,TANGENTIAL_SHIFT,INITIAL,ENG_PAIR_1_POS_X,13013,34.787504514939634,-34.36190880163608,5.424914182269612,5.310301824823563
S145,consumed_test,TANGENTIAL_SHIFT,INITIAL,ENG_PAIR_2_NEG_X,13846,38.377575181441415,-23.38379277405007,30.430848037928083,3.822981631776389
S145,consumed_test,TANGENTIAL_SHIFT,INITIAL,ENG_PAIR_2_POS_X,13694,41.32084079669506,-40.131334002760184,9.843165918784635,9.648791487111518
S145,consumed_test,TANGENTIAL_SHIFT,INITIAL,ENG_PAIR_3_NEG_X,14459,44.486609907803704,-29.145961915833595,33.609096463455785,2.0136888763287297
S145,consumed_test,TANGENTIAL_SHIFT,INITIAL,ENG_PAIR_3_POS_X,14436,42.99952026066456,-40.30309081579139,14.987315081140247,6.5975129592067425
S145,consumed_test,TANGENTIAL_SHIFT,RIGID,ENG_MID_UP,12866,3.699232968242231,0.06852123772631619,3.698598301155545,1.4741664747642227
S145,consumed_test,TANGENTIAL_SHIFT,RIGID,ENG_MID_DOWN,14858,5.720451124251904,-0.5163186924797643,5.697102427791768,0.3665524999554954
S145,consumed_test,TANGENTIAL_SHIFT,RIGID,ENG_PAIR_1_NEG_X,13030,2.351789137931301,-0.2544461371516218,2.337984027443359,1.1383635708462156
S145,consumed_test,TANGENTIAL_SHIFT,RIGID,ENG_PAIR_1_POS_X,13013,12.619880716042864,-1.5821437228531408,12.520311918134745,5.3582888831622055
S145,consumed_test,TANGENTIAL_SHIFT,RIGID,ENG_PAIR_2_NEG_X,13846,4.849068473395288,-0.12110302818226894,4.847555994131599,2.9593780047791944
S145,consumed_test,TANGENTIAL_SHIFT,RIGID,ENG_PAIR_2_POS_X,13694,19.879319241971793,-1.9037479214878008,19.787952834380338,10.731753381841237
S145,consumed_test,TANGENTIAL_SHIFT,RIGID,ENG_PAIR_3_NEG_X,14459,2.2622037419247056,-0.42224587884193826,2.222447791913038,1.4407836898839108
S145,consumed_test,TANGENTIAL_SHIFT,RIGID,ENG_PAIR_3_POS_X,14436,12.402934867477455,-1.0979830479893455,12.354239213857566,6.779148046341902
S145,consumed_test,TANGENTIAL_SHIFT,D_VECTOR,ENG_MID_UP,12866,3.559283615298342,0.7231629936630971,3.485044495946567,2.1282705735524776
S145,consumed_test,TANGENTIAL_SHIFT,D_VECTOR,ENG_MID_DOWN,14858,5.657650435216347,-0.0025721131341042286,5.657649850541985,0.7032779419111744
S145,consumed_test,TANGENTIAL_SHIFT,D_VECTOR,ENG_PAIR_1_NEG_X,13030,2.4121833014950327,-0.2601561980282223,2.398113223481947,0.874725751797134
S145,consumed_test,TANGENTIAL_SHIFT,D_VECTOR,ENG_PAIR_1_POS_X,13013,12.369409403989215,-2.3486335671703906,12.144390036994748,5.849113945900672
S145,consumed_test,TANGENTIAL_SHIFT,D_VECTOR,ENG_PAIR_2_NEG_X,13846,4.8316399498383475,-0.11490064569825953,4.830273537439886,2.948159248534145
S145,consumed_test,TANGENTIAL_SHIFT,D_VECTOR,ENG_PAIR_2_POS_X,13694,19.574724585263837,-3.130202593961861,19.32282780313707,11.36378787574109
S145,consumed_test,TANGENTIAL_SHIFT,D_VECTOR,ENG_PAIR_3_NEG_X,14459,2.340359320426784,-0.30567391224253343,2.320311446354317,1.2200275745481366
S145,consumed_test,TANGENTIAL_SHIFT,D_VECTOR,ENG_PAIR_3_POS_X,14436,12.142442226060021,-1.5336321689665382,12.045201350891418,6.804828107920827
S145,consumed_test,TANGENTIAL_SHIFT,D_NORMAL,ENG_MID_UP,12866,3.6427318350576248,0.7306956816396362,3.568694305061093,2.141856137368755
S145,consumed_test,TANGENTIAL_SHIFT,D_NORMAL,ENG_MID_DOWN,14858,5.6861767286057034,-0.002926421927870723,5.686175975556135,0.7036439909168583
S145,consumed_test,TANGENTIAL_SHIFT,D_NORMAL,ENG_PAIR_1_NEG_X,13030,2.362241711348946,-0.2758030557676092,2.346085799212392,0.8683904576196787
S145,consumed_test,TANGENTIAL_SHIFT,D_NORMAL,ENG_PAIR_1_POS_X,13013,12.593479482752503,-2.356145079682589,12.371107704890283,5.91788131825264
S145,consumed_test,TANGENTIAL_SHIFT,D_NORMAL,ENG_PAIR_2_NEG_X,13846,4.8508270372665265,-0.13591938060009542,4.848922443951154,2.9848181862726415
S145,consumed_test,TANGENTIAL_SHIFT,D_NORMAL,ENG_PAIR_2_POS_X,13694,19.724199838214435,-3.0877568539797724,19.481011700333205,11.38492904681581
S145,consumed_test,TANGENTIAL_SHIFT,D_NORMAL,ENG_PAIR_3_NEG_X,14459,2.245713784921865,-0.3129417083512165,2.2238025746370362,1.1943312865224702
S145,consumed_test,TANGENTIAL_SHIFT,D_NORMAL,ENG_PAIR_3_POS_X,14436,12.382076666907933,-1.5787166546145448,12.281020979936013,7.026908398870736
S151,consumed_test,RIGID_ONLY,INITIAL,ENG_MID_UP,12866,42.423222408775814,-40.069907052771,13.933138495211729,2.086220520236494
S151,consumed_test,RIGID_ONLY,INITIAL,ENG_MID_DOWN,14858,51.44351263544517,-45.95284861874761,23.125109645051907,2.3240281045001687
S151,consumed_test,RIGID_ONLY,INITIAL,ENG_PAIR_1_NEG_X,13030,44.98888855091035,-28.58967811169627,34.73658587880835,2.4210128758483003
S151,consumed_test,RIGID_ONLY,INITIAL,ENG_PAIR_1_POS_X,13013,41.62549237778349,-41.041574831419524,6.9477155274163565,1.320047656662236
S151,consumed_test,RIGID_ONLY,INITIAL,ENG_PAIR_2_NEG_X,13846,48.005038221831946,-33.9386233269618,33.950751705229585,2.4493950975816583
S151,consumed_test,RIGID_ONLY,INITIAL,ENG_PAIR_2_POS_X,13694,45.24871181541109,-44.655210458191746,7.304662886726916,1.452580961477847
S151,consumed_test,RIGID_ONLY,INITIAL,ENG_PAIR_3_NEG_X,14459,51.806759544061876,-38.95985095929782,34.14777222141362,2.449238537353593
S151,consumed_test,RIGID_ONLY,INITIAL,ENG_PAIR_3_POS_X,14436,49.184140835992686,-42.46979352879739,24.807183382965558,2.0580755868105656
S151,consumed_test,RIGID_ONLY,RIGID,ENG_MID_UP,12866,0.42764909114956434,-0.4266144715880788,0.029729409558090603,0.010134479447506846
S151,consumed_test,RIGID_ONLY,RIGID,ENG_MID_DOWN,14858,0.48176978218212224,-0.45298219503334675,0.1640404035796686,0.01038885803676479
S151,consumed_test,RIGID_ONLY,RIGID,ENG_PAIR_1_NEG_X,13030,0.443579171596148,-0.3588409304305961,0.26075979007820393,0.010306466986401482
S151,consumed_test,RIGID_ONLY,RIGID,ENG_PAIR_1_POS_X,13013,0.4233479613623885,-0.36278664306619385,0.21819566449050368,0.008091849891681196
S151,consumed_test,RIGID_ONLY,RIGID,ENG_PAIR_2_NEG_X,13846,0.4624593359159528,-0.4016540311327273,0.22922189391647158,0.009895198266645509
S151,consumed_test,RIGID_ONLY,RIGID,ENG_PAIR_2_POS_X,13694,0.44643339445787494,-0.3986597778591939,0.20093072737746887,0.008532288467412944
S151,consumed_test,RIGID_ONLY,RIGID,ENG_PAIR_3_NEG_X,14459,0.4834619047799716,-0.4165441937100728,0.24541057039154543,0.009816234913864273
S151,consumed_test,RIGID_ONLY,RIGID,ENG_PAIR_3_POS_X,14436,0.46935214786927737,-0.40517575697936936,0.23690513853797893,0.00995085518166434
S151,consumed_test,RIGID_ONLY,D_VECTOR,ENG_MID_UP,12866,0.015453453391267493,-0.009740122722073181,0.011997467694269091,0.34338366379402263
S151,consumed_test,RIGID_ONLY,D_VECTOR,ENG_MID_DOWN,14858,0.14568996849958032,-0.04444251265811971,0.1387459188230111,0.13241318913805306
S151,consumed_test,RIGID_ONLY,D_VECTOR,ENG_PAIR_1_NEG_X,13030,0.4262437271973965,-0.39269893481909546,0.1657445672324627,0.3736752474087787
S151,consumed_test,RIGID_ONLY,D_VECTOR,ENG_PAIR_1_POS_X,13013,0.4094207563489481,-0.3861368983125604,0.13610162192604505,0.21768096048341323
S151,consumed_test,RIGID_ONLY,D_VECTOR,ENG_PAIR_2_NEG_X,13846,0.23018834430093893,-0.1828421740179899,0.13984067095227581,0.4109755081700139
S151,consumed_test,RIGID_ONLY,D_VECTOR,ENG_PAIR_2_POS_X,13694,0.2131895185827765,-0.1728240546738696,0.12482634721740168,0.2066759934289063
S151,consumed_test,RIGID_ONLY,D_VECTOR,ENG_PAIR_3_NEG_X,14459,0.33799152721446124,-0.2765140828967537,0.19436623788233154,0.22497841215999795
S151,consumed_test,RIGID_ONLY,D_VECTOR,ENG_PAIR_3_POS_X,14436,0.32032809116018707,-0.260804428547159,0.18598692436974945,0.10092601654617575
S151,consumed_test,RIGID_ONLY,D_NORMAL,ENG_MID_UP,12866,0.026922870207286127,-0.01563924739015051,0.021914718370721658,0.34475709561522416
S151,consumed_test,RIGID_ONLY,D_NORMAL,ENG_MID_DOWN,14858,0.16942832436327518,-0.04762065501834062,0.16259837118548073,0.1480492492238496
S151,consumed_test,RIGID_ONLY,D_NORMAL,ENG_PAIR_1_NEG_X,13030,0.4715707169116958,-0.3983529176027844,0.2523764927364669,0.3937122634820172
S151,consumed_test,RIGID_ONLY,D_NORMAL,ENG_PAIR_1_POS_X,13013,0.43970662630760227,-0.38569530159193777,0.21114225429486522,0.24131557083894903
S151,consumed_test,RIGID_ONLY,D_NORMAL,ENG_PAIR_2_NEG_X,13846,0.3060849409930368,-0.19749615454179037,0.2338445210902237,0.44785140150859165
S151,consumed_test,RIGID_ONLY,D_NORMAL,ENG_PAIR_2_POS_X,13694,0.2750753955302299,-0.18122095525991486,0.2069430805820682,0.2215085501730773
S151,consumed_test,RIGID_ONLY,D_NORMAL,ENG_PAIR_3_NEG_X,14459,0.37409340445111094,-0.28155958224113253,0.24631296535509742,0.2658112885775756
S151,consumed_test,RIGID_ONLY,D_NORMAL,ENG_PAIR_3_POS_X,14436,0.3583567239741779,-0.26796899476768155,0.2379330987078161,0.13057399539770304
S151,consumed_test,NORMAL_BUMP,INITIAL,ENG_MID_UP,12866,39.961805044559554,-37.32009417510497,14.288332064334215,2.2550422462278092
S151,consumed_test,NORMAL_BUMP,INITIAL,ENG_MID_DOWN,14858,48.220522745219284,-42.35596654302786,23.04757930950916,4.55310000780352
S151,consumed_test,NORMAL_BUMP,INITIAL,ENG_PAIR_1_NEG_X,13030,44.04508464518047,-26.924262161853992,34.85761880049854,2.646766782270965
S151,consumed_test,NORMAL_BUMP,INITIAL,ENG_PAIR_1_POS_X,13013,34.80003152792299,-34.093320747010225,6.9776553931758425,1.6801979185261147
S151,consumed_test,NORMAL_BUMP,INITIAL,ENG_PAIR_2_NEG_X,13846,45.679658359686066,-30.30913233406583,34.175834810779996,3.3956573086380284
S151,consumed_test,NORMAL_BUMP,INITIAL,ENG_PAIR_2_POS_X,13694,33.76196398283957,-32.80666772093109,7.974507196496466,1.349946186889612
S151,consumed_test,NORMAL_BUMP,INITIAL,ENG_PAIR_3_NEG_X,14459,50.484158095423986,-37.162426661021335,34.17022480563997,3.884576494707386
S151,consumed_test,NORMAL_BUMP,INITIAL,ENG_PAIR_3_POS_X,14436,43.03190840553325,-35.31646648769717,24.586425845282292,4.502369563695984
S151,consumed_test,NORMAL_BUMP,RIGID,ENG_MID_UP,12866,0.9897039768875006,0.7518149127832091,0.6436523120316663,2.1548639673881627
S151,consumed_test,NORMAL_BUMP,RIGID,ENG_MID_DOWN,14858,2.193290708038183,1.9732182198872337,0.9575667008995719,2.1472254601884355
S151,consumed_test,NORMAL_BUMP,RIGID,ENG_PAIR_1_NEG_X,13030,1.3586747751612944,0.42027509506326166,1.2920394688743686,1.60554204205922
S151,consumed_test,NORMAL_BUMP,RIGID,ENG_PAIR_1_POS_X,13013,4.883056788335808,4.717485385003003,1.2607835819027327,2.857138907682205
S151,consumed_test,NORMAL_BUMP,RIGID,ENG_PAIR_2_NEG_X,13846,2.830548624343502,2.4238267522128405,1.461871878801369,2.2309066425051096
S151,consumed_test,NORMAL_BUMP,RIGID,ENG_PAIR_2_POS_X,13694,9.74235179353022,9.619987614769524,1.5392390199649009,0.23609794902706052
S151,consumed_test,NORMAL_BUMP,RIGID,ENG_PAIR_3_NEG_X,14459,1.381425390360542,0.6508805848595768,1.2184787948034348,1.474253807075218
S151,consumed_test,NORMAL_BUMP,RIGID,ENG_PAIR_3_POS_X,14436,5.448642403219119,5.3136511135803675,1.205328121842154,2.894370782936992
S151,consumed_test,NORMAL_BUMP,D_VECTOR,ENG_MID_UP,12866,0.9910323208514528,-0.32440089998068344,0.9364342566693827,0.24737837799358836
S151,consumed_test,NORMAL_BUMP,D_VECTOR,ENG_MID_DOWN,14858,1.0782105576185805,-0.06503974375654997,1.0762471083781142,0.7786678225496543
S151,consumed_test,NORMAL_BUMP,D_VECTOR,ENG_PAIR_1_NEG_X,13030,1.5523539508304667,-0.5833161769876016,1.4385913340221146,0.6078785747609274
S151,consumed_test,NORMAL_BUMP,D_VECTOR,ENG_PAIR_1_POS_X,13013,1.0126947532883255,0.26919017330756717,0.9762619084714635,0.7292571465532595
S151,consumed_test,NORMAL_BUMP,D_VECTOR,ENG_PAIR_2_NEG_X,13846,1.7721927329691793,-0.1430207991413079,1.7664122208028765,1.3169703817802092
S151,consumed_test,NORMAL_BUMP,D_VECTOR,ENG_PAIR_2_POS_X,13694,0.9572085332112219,0.5135222449781812,0.8078013864589164,0.22570954051097294
S151,consumed_test,NORMAL_BUMP,D_VECTOR,ENG_PAIR_3_NEG_X,14459,1.3809122442771773,-0.28872148635260053,1.3503919911318252,0.3399791402071629
S151,consumed_test,NORMAL_BUMP,D_VECTOR,ENG_PAIR_3_POS_X,14436,1.7028859709620865,-0.007991010816549515,1.7028672214373077,0.655065970644178
S151,consumed_test,NORMAL_BUMP,D_NORMAL,ENG_MID_UP,12866,0.5650552387539397,-0.2712089696695536,0.49571475428319767,0.23763642842441032
S151,consumed_test,NORMAL_BUMP,D_NORMAL,ENG_MID_DOWN,14858,0.9997367783464639,-0.057169023786348194,0.9981008609844412,0.7860293864646433
S151,consumed_test,NORMAL_BUMP,D_NORMAL,ENG_PAIR_1_NEG_X,13030,1.3419806681488444,-0.5720065264229757,1.2139689647658793,0.5018009103977167
S151,consumed_test,NORMAL_BUMP,D_NORMAL,ENG_PAIR_1_POS_X,13013,1.1590220700540708,0.47633387244661385,1.0566163924681637,0.8202662164920417
S151,consumed_test,NORMAL_BUMP,D_NORMAL,ENG_PAIR_2_NEG_X,13846,1.2208337325871568,-0.06270950164637482,1.219222096677202,1.1246245660683185
S151,consumed_test,NORMAL_BUMP,D_NORMAL,ENG_PAIR_2_POS_X,13694,1.0864820065779313,0.7646228610214213,0.7718776010618678,0.34600929510923234
S151,consumed_test,NORMAL_BUMP,D_NORMAL,ENG_PAIR_3_NEG_X,14459,1.2290262351382295,-0.2774083389005415,1.1973095256309008,0.30741545074615817
S151,consumed_test,NORMAL_BUMP,D_NORMAL,ENG_PAIR_3_POS_X,14436,1.4521804427567058,0.1790044093477425,1.4411056379596632,0.7178963828614638
S151,consumed_test,TANGENTIAL_SHIFT,INITIAL,ENG_MID_UP,12866,40.59052919742822,-39.437376581831785,9.6064764024099,2.352826136205579
S151,consumed_test,TANGENTIAL_SHIFT,INITIAL,ENG_MID_DOWN,14858,50.56262894262272,-45.76843205256368,21.49023203781688,2.2656826316356975
S151,consumed_test,TANGENTIAL_SHIFT,INITIAL,ENG_PAIR_1_NEG_X,13030,42.92919820783438,-28.369567791789578,32.21930604582579,2.230584254904744
S151,consumed_test,TANGENTIAL_SHIFT,INITIAL,ENG_PAIR_1_POS_X,13013,44.45025844279971,-42.06015804395414,14.379449952946286,5.380760049995089
S151,consumed_test,TANGENTIAL_SHIFT,INITIAL,ENG_PAIR_2_NEG_X,13846,43.688322817204515,-33.60231524224152,27.920493565503026,3.982016704286617
S151,consumed_test,TANGENTIAL_SHIFT,INITIAL,ENG_PAIR_2_POS_X,13694,52.9389091390575,-45.53205804268832,27.006661978679418,8.87558537621595
S151,consumed_test,TANGENTIAL_SHIFT,INITIAL,ENG_PAIR_3_NEG_X,14459,50.3421286552717,-38.788557683837126,32.09014974024845,2.132509868857943
S151,consumed_test,TANGENTIAL_SHIFT,INITIAL,ENG_PAIR_3_POS_X,14436,51.798218563951814,-42.510690723811145,29.5955506889701,6.197494556310074
S151,consumed_test,TANGENTIAL_SHIFT,RIGID,ENG_MID_UP,12866,4.480496840997587,0.013697028295433152,4.480475904812483,0.7810934658196909
S151,consumed_test,TANGENTIAL_SHIFT,RIGID,ENG_MID_DOWN,14858,5.92648935701049,-0.4725245130256994,5.907621914387247,0.3781389624867
S151,consumed_test,TANGENTIAL_SHIFT,RIGID,ENG_PAIR_1_NEG_X,13030,2.4314877626197515,-0.1659300630528185,2.425819439683196,1.3055267190071338
S151,consumed_test,TANGENTIAL_SHIFT,RIGID,ENG_PAIR_1_POS_X,13013,11.776506062698974,-1.671878371109512,11.657225988930724,5.594487307143719
S151,consumed_test,TANGENTIAL_SHIFT,RIGID,ENG_PAIR_2_NEG_X,13846,5.681198683101711,-0.16312857216729099,5.678856182878669,3.1750003491348284
S151,consumed_test,TANGENTIAL_SHIFT,RIGID,ENG_PAIR_2_POS_X,13694,19.972769825821636,-1.6997455809346982,19.90031154216798,9.772746240388335
S151,consumed_test,TANGENTIAL_SHIFT,RIGID,ENG_PAIR_3_NEG_X,14459,2.764629920212286,-0.3215799554997268,2.7458632391205837,1.7107934487691887
S151,consumed_test,TANGENTIAL_SHIFT,RIGID,ENG_PAIR_3_POS_X,14436,12.025468486255871,-0.8367345246065994,11.996323088732833,6.761723398561898
S151,consumed_test,TANGENTIAL_SHIFT,D_VECTOR,ENG_MID_UP,12866,4.3562329423659305,0.5214175647702456,4.324914932262043,1.2351204092538846
S151,consumed_test,TANGENTIAL_SHIFT,D_VECTOR,ENG_MID_DOWN,14858,5.872071500445582,0.004922345216734463,5.872069437333213,0.49545860850424867
S151,consumed_test,TANGENTIAL_SHIFT,D_VECTOR,ENG_PAIR_1_NEG_X,13030,2.5009832972010315,-0.30593574364556575,2.482200792369259,1.0809616378879456
S151,consumed_test,TANGENTIAL_SHIFT,D_VECTOR,ENG_PAIR_1_POS_X,13013,11.624953555513313,-2.395170657825114,11.375530874984923,5.849092190272623
S151,consumed_test,TANGENTIAL_SHIFT,D_VECTOR,ENG_PAIR_2_NEG_X,13846,5.645042368831011,-0.15399398960466004,5.6429415376258225,3.0674650110897654
S151,consumed_test,TANGENTIAL_SHIFT,D_VECTOR,ENG_PAIR_2_POS_X,13694,19.728934246004638,-2.85319153723266,19.52153028159008,10.209491740605667
S151,consumed_test,TANGENTIAL_SHIFT,D_VECTOR,ENG_PAIR_3_NEG_X,14459,2.831899361163671,-0.23838758530817022,2.8218478610531337,1.5452011078360395
S151,consumed_test,TANGENTIAL_SHIFT,D_VECTOR,ENG_PAIR_3_POS_X,14436,11.809233363614188,-1.2557346536948115,11.742279298151976,6.7365487752113085
S151,consumed_test,TANGENTIAL_SHIFT,D_NORMAL,ENG_MID_UP,12866,4.443353999612182,0.5261671105598944,4.4120905405073705,1.2414258865372816
S151,consumed_test,TANGENTIAL_SHIFT,D_NORMAL,ENG_MID_DOWN,14858,5.901033333813774,0.0038682214805613718,5.901032065973195,0.504260451267385
S151,consumed_test,TANGENTIAL_SHIFT,D_NORMAL,ENG_PAIR_1_NEG_X,13030,2.4630298076320636,-0.3074238244974581,2.443768897710133,1.0836858467538157
S151,consumed_test,TANGENTIAL_SHIFT,D_NORMAL,ENG_PAIR_1_POS_X,13013,11.762201993677252,-2.3696751696640166,11.521025793319922,5.828014593352129
S151,consumed_test,TANGENTIAL_SHIFT,D_NORMAL,ENG_PAIR_2_NEG_X,13846,5.682255282473564,-0.17074863996201892,5.679689251812096,3.0847588987108776
S151,consumed_test,TANGENTIAL_SHIFT,D_NORMAL,ENG_PAIR_2_POS_X,13694,19.83739957609409,-2.8160232742883595,19.636507705299437,10.222243309518465
S151,consumed_test,TANGENTIAL_SHIFT,D_NORMAL,ENG_PAIR_3_NEG_X,14459,2.758186293553604,-0.24579927292413697,2.7472121045483426,1.5187394793595568
S151,consumed_test,TANGENTIAL_SHIFT,D_NORMAL,ENG_PAIR_3_POS_X,14436,12.0074772768019,-1.2582691421044292,11.941367983566277,6.828374592889281
S163,consumed_test,RIGID_ONLY,INITIAL,ENG_MID_UP,12866,41.73148671092711,-40.092422652288846,11.580787061962655,1.9943445631054966
S163,consumed_test,RIGID_ONLY,INITIAL,ENG_MID_DOWN,14858,50.499261459764135,-40.884977802359295,29.641086317512173,2.368720174141439
S163,consumed_test,RIGID_ONLY,INITIAL,ENG_PAIR_1_NEG_X,13030,44.25278451564076,-31.25695989178343,31.325890182262604,2.3305544568214858
S163,consumed_test,RIGID_ONLY,INITIAL,ENG_PAIR_1_POS_X,13013,40.90169051755456,-39.211600875009395,11.636092299942247,0.8977811712285578
S163,consumed_test,RIGID_ONLY,INITIAL,ENG_PAIR_2_NEG_X,13846,47.16679605479199,-35.20000291018747,31.395325212476052,2.43781280829707
S163,consumed_test,RIGID_ONLY,INITIAL,ENG_PAIR_2_POS_X,13694,44.75693625863025,-41.06397833827572,17.80261290633242,0.9983260952614419
S163,consumed_test,RIGID_ONLY,INITIAL,ENG_PAIR_3_NEG_X,14459,50.85884595227248,-38.34775114581256,33.407666689785664,2.4446424643743176
S163,consumed_test,RIGID_ONLY,INITIAL,ENG_PAIR_3_POS_X,14436,48.48714166910165,-37.338314807036355,30.93304308680579,2.154117611425469
S163,consumed_test,RIGID_ONLY,RIGID,ENG_MID_UP,12866,0.3855893513323467,-0.36096111082934884,0.13559581236064175,0.010296117097377286
S163,consumed_test,RIGID_ONLY,RIGID,ENG_MID_DOWN,14858,0.43221243291619915,-0.394590671549508,0.1763683335903818,0.01043614439302093
S163,consumed_test,RIGID_ONLY,RIGID,ENG_PAIR_1_NEG_X,13030,0.3816262433461125,-0.31190529343072126,0.2198946964807518,0.006916486813974964
S163,consumed_test,RIGID_ONLY,RIGID,ENG_PAIR_1_POS_X,13013,0.3973266954529123,-0.2370472164565121,0.31886849968247233,0.010431798818789046
S163,consumed_test,RIGID_ONLY,RIGID,ENG_PAIR_2_NEG_X,13846,0.39991198091211344,-0.3671281848428474,0.15857644330431495,0.007226678460673663
S163,consumed_test,RIGID_ONLY,RIGID,ENG_PAIR_2_POS_X,13694,0.4141727180167496,-0.27315540155152174,0.31132806965098553,0.010243626459968907
S163,consumed_test,RIGID_ONLY,RIGID,ENG_PAIR_3_NEG_X,14459,0.4194273928603403,-0.3811344234235117,0.17508823250935365,0.010265528369248602
S163,consumed_test,RIGID_ONLY,RIGID,ENG_PAIR_3_POS_X,14436,0.4350379135260812,-0.3519894626659004,0.2556587655006117,0.010089328175353966
S163,consumed_test,RIGID_ONLY,D_VECTOR,ENG_MID_UP,12866,0.08805926698905191,0.002437496025112793,0.08802552536495699,0.6395104363429138
S163,consumed_test,RIGID_ONLY,D_VECTOR,ENG_MID_DOWN,14858,0.14971852341198946,-0.0175983091326231,0.1486806502822041,0.32273144974636303
S163,consumed_test,RIGID_ONLY,D_VECTOR,ENG_PAIR_1_NEG_X,13030,0.3880733615193861,-0.34252795956384097,0.1824158184971573,0.40821300539113836
S163,consumed_test,RIGID_ONLY,D_VECTOR,ENG_PAIR_1_POS_X,13013,0.4628772374198205,-0.3982585294678064,0.23589294314910145,0.38258786833993436
S163,consumed_test,RIGID_ONLY,D_VECTOR,ENG_PAIR_2_NEG_X,13846,0.14421284981484286,-0.11076393315700205,0.09235094565465807,0.0631341991234341
S163,consumed_test,RIGID_ONLY,D_VECTOR,ENG_PAIR_2_POS_X,13694,0.2856277459502749,-0.16305624776467093,0.23451198118974864,0.265197168939668
S163,consumed_test,RIGID_ONLY,D_VECTOR,ENG_PAIR_3_NEG_X,14459,0.3171047328775784,-0.27485743350894476,0.15814171764033788,0.29946262066347834
S163,consumed_test,RIGID_ONLY,D_VECTOR,ENG_PAIR_3_POS_X,14436,0.32478943092061136,-0.2684789945979118,0.1827763767488267,0.2768012035862222
S163,consumed_test,RIGID_ONLY,D_NORMAL,ENG_MID_UP,12866,0.10760313902948089,-0.0015547556362038029,0.10759190612638798,0.6517599284123226
S163,consumed_test,RIGID_ONLY,D_NORMAL,ENG_MID_DOWN,14858,0.17524813735009723,-0.017378500274305805,0.17438433809518128,0.31937139450739394
S163,consumed_test,RIGID_ONLY,D_NORMAL,ENG_PAIR_1_NEG_X,13030,0.4080289570635649,-0.343163442437569,0.22074075649226568,0.40936170114187315
S163,consumed_test,RIGID_ONLY,D_NORMAL,ENG_PAIR_1_POS_X,13013,0.4918573893087861,-0.3838064303303026,0.3075976519006043,0.3829532147002061
S163,consumed_test,RIGID_ONLY,D_NORMAL,ENG_PAIR_2_NEG_X,13846,0.1943440893005925,-0.11390494684520375,0.15746519656821942,0.07916483687102953
S163,consumed_test,RIGID_ONLY,D_NORMAL,ENG_PAIR_2_POS_X,13694,0.35061602897442173,-0.16313847948465549,0.31035050553402876,0.2890184027859372
S163,consumed_test,RIGID_ONLY,D_NORMAL,ENG_PAIR_3_NEG_X,14459,0.33240302621507894,-0.2830578536636315,0.1742699725032417,0.33707237138991003
S163,consumed_test,RIGID_ONLY,D_NORMAL,ENG_PAIR_3_POS_X,14436,0.37649600122077226,-0.2762975139759564,0.25575168172650975,0.325884292795435
S163,consumed_test,NORMAL_BUMP,INITIAL,ENG_MID_UP,12866,38.74327582949651,-36.913611186157176,11.765488991013532,2.0599904396551025
S163,consumed_test,NORMAL_BUMP,INITIAL,ENG_MID_DOWN,14858,47.192804401750976,-36.87759838754647,29.448319552544184,4.742690644021173
S163,consumed_test,NORMAL_BUMP,INITIAL,ENG_PAIR_1_NEG_X,13030,42.730374698230044,-28.859184098214392,31.512416839025658,2.6357933117486914
S163,consumed_test,NORMAL_BUMP,INITIAL,ENG_PAIR_1_POS_X,13013,34.622905467548094,-32.51033467863135,11.908976534452963,1.948127311962272
S163,consumed_test,NORMAL_BUMP,INITIAL,ENG_PAIR_2_NEG_X,13846,43.60411203942609,-29.983196024096294,31.659541104182793,3.5857829173183666
S163,consumed_test,NORMAL_BUMP,INITIAL,ENG_PAIR_2_POS_X,13694,34.351288600473566,-29.202813540551965,18.088855956880742,0.9998931143320173
S163,consumed_test,NORMAL_BUMP,INITIAL,ENG_PAIR_3_NEG_X,14459,49.00391910438795,-35.85037346468046,33.40860383243114,4.402469289858018
S163,consumed_test,NORMAL_BUMP,INITIAL,ENG_PAIR_3_POS_X,14436,43.11719462341338,-30.201117410153433,30.77312105346865,4.4691103973033615
S163,consumed_test,NORMAL_BUMP,RIGID,ENG_MID_UP,12866,1.1362995737832244,1.116868380483291,0.2092408709037701,1.988794942116017
S163,consumed_test,NORMAL_BUMP,RIGID,ENG_MID_DOWN,14858,2.6330715859429557,2.4358990224067103,0.999730928469347,2.222153419388073
S163,consumed_test,NORMAL_BUMP,RIGID,ENG_PAIR_1_NEG_X,13030,1.345402751125158,0.9586710190703194,0.9439589185604526,1.9049816795037466
S163,consumed_test,NORMAL_BUMP,RIGID,ENG_PAIR_1_POS_X,13013,5.116428088454092,4.70880507725921,2.001247393177535,2.8110848382245206
S163,consumed_test,NORMAL_BUMP,RIGID,ENG_PAIR_2_NEG_X,13846,4.0138207958727765,3.835222762511674,1.1839863780014925,2.741645609710487
S163,consumed_test,NORMAL_BUMP,RIGID,ENG_PAIR_2_POS_X,13694,10.020672134970775,9.872161978015132,1.718804211192219,0.28868898229812684
S163,consumed_test,NORMAL_BUMP,RIGID,ENG_PAIR_3_NEG_X,14459,1.6349856571947694,1.2691363231758754,1.0307623840770634,1.9067110860574181
S163,consumed_test,NORMAL_BUMP,RIGID,ENG_PAIR_3_POS_X,14436,5.542851953791616,5.34020885002382,1.485051251566361,2.8743934163963525
S163,consumed_test,NORMAL_BUMP,D_VECTOR,ENG_MID_UP,12866,0.7145712826730803,-0.2067591535960121,0.6840049491234051,0.5359141851014971
S163,consumed_test,NORMAL_BUMP,D_VECTOR,ENG_MID_DOWN,14858,1.2196532785998795,0.029566353353040087,1.2192948580014755,0.591040925801767
S163,consumed_test,NORMAL_BUMP,D_VECTOR,ENG_PAIR_1_NEG_X,13030,1.2910738666431694,-0.5504578103963024,1.1678475620142608,0.5418130904767781
S163,consumed_test,NORMAL_BUMP,D_VECTOR,ENG_PAIR_1_POS_X,13013,1.960682577402626,0.3051175688465085,1.9367961788767036,0.7228594367397689
S163,consumed_test,NORMAL_BUMP,D_VECTOR,ENG_PAIR_2_NEG_X,13846,1.5958915730687686,0.10445948069332711,1.5924691927585881,1.18974643778674
S163,consumed_test,NORMAL_BUMP,D_VECTOR,ENG_PAIR_2_POS_X,13694,2.197113174828075,0.7755948433568256,2.0556650850664866,0.34082896409903357
S163,consumed_test,NORMAL_BUMP,D_VECTOR,ENG_PAIR_3_NEG_X,14459,1.2686417407988115,-0.2668246069427338,1.2402646877287504,0.3730375576793374
S163,consumed_test,NORMAL_BUMP,D_VECTOR,ENG_PAIR_3_POS_X,14436,1.879648727828614,-0.019649602179494075,1.8795460178356675,0.5878055778427134
S163,consumed_test,NORMAL_BUMP,D_NORMAL,ENG_MID_UP,12866,0.3008719839953729,-0.13088006942214028,0.2709139313165118,0.7972060464272297
S163,consumed_test,NORMAL_BUMP,D_NORMAL,ENG_MID_DOWN,14858,1.1180907392903507,0.02801432023099476,1.1177397278207655,0.6249126797201033
S163,consumed_test,NORMAL_BUMP,D_NORMAL,ENG_PAIR_1_NEG_X,13030,1.00799649988327,-0.5045449250317806,0.8726347244990874,0.32813225213638514
S163,consumed_test,NORMAL_BUMP,D_NORMAL,ENG_PAIR_1_POS_X,13013,1.9017871153208268,0.5516739814254867,1.820013750008077,1.0369496720057958
S163,consumed_test,NORMAL_BUMP,D_NORMAL,ENG_PAIR_2_NEG_X,13846,0.9034615455675393,0.22751997245957312,0.8743439977784957,0.8438878506747629
S163,consumed_test,NORMAL_BUMP,D_NORMAL,ENG_PAIR_2_POS_X,13694,1.7271214337544936,1.0403729029049438,1.3786125887410567,0.8048194631100191
S163,consumed_test,NORMAL_BUMP,D_NORMAL,ENG_PAIR_3_NEG_X,14459,1.0555053891289459,-0.2548774355900655,1.024270042179932,0.3089559551845163
S163,consumed_test,NORMAL_BUMP,D_NORMAL,ENG_PAIR_3_POS_X,14436,1.628833992185399,0.05585218123907543,1.6278761340929664,0.7526238308784771
S163,consumed_test,TANGENTIAL_SHIFT,INITIAL,ENG_MID_UP,12866,40.378861066960006,-39.540228173792606,8.186743982150414,2.262401079065689
S163,consumed_test,TANGENTIAL_SHIFT,INITIAL,ENG_MID_DOWN,14858,50.2454629235355,-40.85078813341475,29.25439545229471,2.5583160705736807
S163,consumed_test,TANGENTIAL_SHIFT,INITIAL,ENG_PAIR_1_NEG_X,13030,41.649598846550965,-30.853642993046265,27.977523087940913,2.5427369138955505
S163,consumed_test,TANGENTIAL_SHIFT,INITIAL,ENG_PAIR_1_POS_X,13013,45.33899689394384,-40.307193645121195,20.75945037335408,5.871971725688896
S163,consumed_test,TANGENTIAL_SHIFT,INITIAL,ENG_PAIR_2_NEG_X,13846,41.553999427317564,-34.80772969599552,22.697066370260707,5.275996589517722
S163,consumed_test,TANGENTIAL_SHIFT,INITIAL,ENG_PAIR_2_POS_X,13694,55.9619758272128,-41.43587600979032,37.61397237446257,9.954806200124489
S163,consumed_test,TANGENTIAL_SHIFT,INITIAL,ENG_PAIR_3_NEG_X,14459,49.57759604231937,-37.995527516962284,31.847730186673633,2.3930177322623756
S163,consumed_test,TANGENTIAL_SHIFT,INITIAL,ENG_PAIR_3_POS_X,14436,51.6506432117938,-37.38452515976382,35.63967203512129,7.421506436171893
S163,consumed_test,TANGENTIAL_SHIFT,RIGID,ENG_MID_UP,12866,5.348177746119252,-0.03938259411509333,5.348032742548046,0.5348086674551492
S163,consumed_test,TANGENTIAL_SHIFT,RIGID,ENG_MID_DOWN,14858,6.717096741176148,-0.6068737238642306,6.689625767829048,0.8853652318579721
S163,consumed_test,TANGENTIAL_SHIFT,RIGID,ENG_PAIR_1_NEG_X,13030,3.8237235513950187,0.022410338022158194,3.823657878817438,2.283050845725192
S163,consumed_test,TANGENTIAL_SHIFT,RIGID,ENG_PAIR_1_POS_X,13013,11.502243886621958,-1.5966441004063154,11.390888553750752,6.033157487348489
S163,consumed_test,TANGENTIAL_SHIFT,RIGID,ENG_PAIR_2_NEG_X,13846,8.445334170776778,-0.14623402684918885,8.444068028236234,5.358021724308314
S163,consumed_test,TANGENTIAL_SHIFT,RIGID,ENG_PAIR_2_POS_X,13694,20.11836288670982,-1.0798765851934882,20.089360164079245,10.675246760123422
S163,consumed_test,TANGENTIAL_SHIFT,RIGID,ENG_PAIR_3_NEG_X,14459,4.086483150149085,-0.166385893610542,4.083094447947513,2.7537553820028724
S163,consumed_test,TANGENTIAL_SHIFT,RIGID,ENG_PAIR_3_POS_X,14436,12.068770577528085,-0.8335469481594415,12.039951110292005,8.412209903365387
S163,consumed_test,TANGENTIAL_SHIFT,D_VECTOR,ENG_MID_UP,12866,5.215485392951116,0.516957883913803,5.189801771777591,1.1018057599539208
S163,consumed_test,TANGENTIAL_SHIFT,D_VECTOR,ENG_MID_DOWN,14858,6.657056872836546,-0.09285108622011606,6.6564093086263885,0.40981747523503287
S163,consumed_test,TANGENTIAL_SHIFT,D_VECTOR,ENG_PAIR_1_NEG_X,13030,3.8684924455801526,-0.19543179550266482,3.8635527969496306,2.0432995812765724
S163,consumed_test,TANGENTIAL_SHIFT,D_VECTOR,ENG_PAIR_1_POS_X,13013,11.381711434861158,-2.262734160695212,11.154523266570928,6.2149421787877115
S163,consumed_test,TANGENTIAL_SHIFT,D_VECTOR,ENG_PAIR_2_NEG_X,13846,8.323639895580829,-0.26160201415097983,8.319527961218533,5.62066906220313
S163,consumed_test,TANGENTIAL_SHIFT,D_VECTOR,ENG_PAIR_2_POS_X,13694,19.93475306694871,-2.4372858668499546,19.7851969270835,10.320409437978995
S163,consumed_test,TANGENTIAL_SHIFT,D_VECTOR,ENG_PAIR_3_NEG_X,14459,4.14045195816571,-0.18704565039670462,4.136224890228521,2.363359275366976
S163,consumed_test,TANGENTIAL_SHIFT,D_VECTOR,ENG_PAIR_3_POS_X,14436,11.803183157868666,-1.307034307209468,11.73059222622507,8.457798272983807
S163,consumed_test,TANGENTIAL_SHIFT,D_NORMAL,ENG_MID_UP,12866,5.320491637828606,0.5262742922700238,5.29439955400986,1.129251142688323
S163,consumed_test,TANGENTIAL_SHIFT,D_NORMAL,ENG_MID_DOWN,14858,6.6956358199796995,-0.09363075400421234,6.6949811288531516,0.41740868605316733
S163,consumed_test,TANGENTIAL_SHIFT,D_NORMAL,ENG_PAIR_1_NEG_X,13030,3.850613386273017,-0.19052246731074585,3.84589711770801,2.0534047106531315
S163,consumed_test,TANGENTIAL_SHIFT,D_NORMAL,ENG_PAIR_1_POS_X,13013,11.483322033090227,-2.200300573142632,11.270552883664744,6.175490282280685
S163,consumed_test,TANGENTIAL_SHIFT,D_NORMAL,ENG_PAIR_2_NEG_X,13846,8.43875712860066,-0.28281756409243064,8.434016605446615,5.6854730394730595
S163,consumed_test,TANGENTIAL_SHIFT,D_NORMAL,ENG_PAIR_2_POS_X,13694,19.956266125981955,-2.3397776503142587,19.818627556874485,10.254782446957037
S163,consumed_test,TANGENTIAL_SHIFT,D_NORMAL,ENG_PAIR_3_NEG_X,14459,4.092004811520874,-0.19229884455808827,4.087483887661406,2.3405461125780045
S163,consumed_test,TANGENTIAL_SHIFT,D_NORMAL,ENG_PAIR_3_POS_X,14436,12.037510831532176,-1.318632787834026,11.965068933779843,8.60437543556156
S165,dev,RIGID_ONLY,INITIAL,ENG_MID_UP,12866,37.207730434955195,-31.572138057132655,19.687948156718797,2.120175540563695
S165,dev,RIGID_ONLY,INITIAL,ENG_MID_DOWN,14858,44.84086550037914,-39.27862081597892,21.630838301315087,2.309845454795866
S165,dev,RIGID_ONLY,INITIAL,ENG_PAIR_1_NEG_X,13030,39.36134134701313,-25.30861483631853,30.146130891093854,2.3594499852036934
S165,dev,RIGID_ONLY,INITIAL,ENG_PAIR_1_POS_X,13013,37.208660848830895,-32.981355745888166,17.225406100481067,1.8919645869674608
S165,dev,RIGID_ONLY,INITIAL,ENG_PAIR_2_NEG_X,13846,41.83651990876783,-25.006708863361155,33.540407121855594,2.4471481601331404
S165,dev,RIGID_ONLY,INITIAL,ENG_PAIR_2_POS_X,13694,39.61016392063483,-39.29919422629982,4.953626851421538,1.597713846510645
S165,dev,RIGID_ONLY,INITIAL,ENG_PAIR_3_NEG_X,14459,45.1933340786339,-31.28920662862518,32.610167029535596,2.4494781466915367
S165,dev,RIGID_ONLY,INITIAL,ENG_PAIR_3_POS_X,14436,42.777043818118784,-38.19014782386525,19.271431887863816,2.0734437106962256
S165,dev,RIGID_ONLY,RIGID,ENG_MID_UP,12866,0.42742649782706954,-0.41746852528462003,0.09172481366238056,0.007922433556499523
S165,dev,RIGID_ONLY,RIGID,ENG_MID_DOWN,14858,0.47406105455573533,-0.44838565929619517,0.15389666657862414,0.007853910322882554
S165,dev,RIGID_ONLY,RIGID,ENG_PAIR_1_NEG_X,13030,0.4376619291762796,-0.41486874552776,0.139398307861055,0.007497896844954605
S165,dev,RIGID_ONLY,RIGID,ENG_PAIR_1_POS_X,13013,0.43262074432293374,-0.40827692966175094,0.14307570417266124,0.007889890742148648
S165,dev,RIGID_ONLY,RIGID,ENG_PAIR_2_NEG_X,13846,0.454650489010416,-0.41352385819087073,0.18895789442187114,0.006744922258588912
S165,dev,RIGID_ONLY,RIGID,ENG_PAIR_2_POS_X,13694,0.4498203503351133,-0.40634472235506125,0.19293085338999655,0.00760805696927275
S165,dev,RIGID_ONLY,RIGID,ENG_PAIR_3_NEG_X,14459,0.47201569733641374,-0.41751443826753604,0.22018290662566162,0.00701843477397801
S165,dev,RIGID_ONLY,RIGID,ENG_PAIR_3_POS_X,14436,0.46751223148697296,-0.4081397597968719,0.2280123309447992,0.007836352895369984
S165,dev,RIGID_ONLY,D_VECTOR,ENG_MID_UP,12866,0.125305717865497,0.11359872632619233,0.05288527495299978,0.5299860530032282
S165,dev,RIGID_ONLY,D_VECTOR,ENG_MID_DOWN,14858,0.1382086228703399,-0.04853937217388976,0.12940460882318083,0.11774503578767231
S165,dev,RIGID_ONLY,D_VECTOR,ENG_PAIR_1_NEG_X,13030,0.41137472169534356,-0.4033773751303394,0.08072084540488157,0.41379597132533635
S165,dev,RIGID_ONLY,D_VECTOR,ENG_PAIR_1_POS_X,13013,0.3778821707776871,-0.3652116514065958,0.0970329050813397,0.5208154144039248
S165,dev,RIGID_ONLY,D_VECTOR,ENG_PAIR_2_NEG_X,13846,0.23498627217335474,-0.21321128233158312,0.09879016750897784,0.4852300864985183
S165,dev,RIGID_ONLY,D_VECTOR,ENG_PAIR_2_POS_X,13694,0.23946509429667068,-0.21268000890657973,0.11004883097066752,0.42864252662109953
S165,dev,RIGID_ONLY,D_VECTOR,ENG_PAIR_3_NEG_X,14459,0.3733094327098555,-0.33131906232202063,0.17201049820348507,0.23416159587155488
S165,dev,RIGID_ONLY,D_VECTOR,ENG_PAIR_3_POS_X,14436,0.31953425822436504,-0.27011512962967,0.17070430259411093,0.2650025594493622
S165,dev,RIGID_ONLY,D_NORMAL,ENG_MID_UP,12866,0.12049252357724997,0.1014162075729568,0.06506305464342327,0.5163878364268074
S165,dev,RIGID_ONLY,D_NORMAL,ENG_MID_DOWN,14858,0.16082194494436,-0.04870618071949689,0.15326906385636493,0.11660096565449729
S165,dev,RIGID_ONLY,D_NORMAL,ENG_PAIR_1_NEG_X,13030,0.43922211775831943,-0.41808641560889387,0.13460987263722626,0.4384082969174992
S165,dev,RIGID_ONLY,D_NORMAL,ENG_PAIR_1_POS_X,13013,0.4000152083206013,-0.3761044646070928,0.13622627716555333,0.5388640539510197
S165,dev,RIGID_ONLY,D_NORMAL,ENG_PAIR_2_NEG_X,13846,0.2964568291927046,-0.22649814558500203,0.19127268916797208,0.5376144655808692
S165,dev,RIGID_ONLY,D_NORMAL,ENG_PAIR_2_POS_X,13694,0.29743404378476296,-0.22607918722226292,0.19327496347710757,0.4663210148048684
S165,dev,RIGID_ONLY,D_NORMAL,ENG_PAIR_3_NEG_X,14459,0.3864912512665888,-0.3176788758510828,0.22012637085003198,0.21620902652906915
S165,dev,RIGID_ONLY,D_NORMAL,ENG_PAIR_3_POS_X,14436,0.36201649379305006,-0.2809204948468498,0.22834101110666583,0.30269122802366133
S165,dev,NORMAL_BUMP,INITIAL,ENG_MID_UP,12866,35.291026769462064,-28.937820208858586,20.200473558871423,2.341232500774519
S165,dev,NORMAL_BUMP,INITIAL,ENG_MID_DOWN,14858,41.40358952256676,-35.319138870365,21.605917124923707,4.666460212827161
S165,dev,NORMAL_BUMP,INITIAL,ENG_PAIR_1_NEG_X,13030,38.22558902043783,-23.281046653057835,30.31812201798722,2.984080231658617
S165,dev,NORMAL_BUMP,INITIAL,ENG_PAIR_1_POS_X,13013,30.50649127217647,-25.515027402490606,16.722122663990135,1.2176577725993745
S165,dev,NORMAL_BUMP,INITIAL,ENG_PAIR_2_NEG_X,13846,39.80187364009151,-21.008909895684575,33.8055446673592,3.4785248553290313
S165,dev,NORMAL_BUMP,INITIAL,ENG_PAIR_2_POS_X,13694,27.839392809240834,-27.498700939483363,4.3420316244895245,1.304080053021955
S165,dev,NORMAL_BUMP,INITIAL,ENG_PAIR_3_NEG_X,14459,43.879845161106694,-29.316103500485305,32.64976090129194,3.9765802010167817
S165,dev,NORMAL_BUMP,INITIAL,ENG_PAIR_3_POS_X,14436,35.944869665354894,-30.593771351065143,18.86941466442708,4.517688246501674
S165,dev,NORMAL_BUMP,RIGID,ENG_MID_UP,12866,0.8080852878150363,-0.1534299148813819,0.7933858415692846,2.2817293649797032
S165,dev,NORMAL_BUMP,RIGID,ENG_MID_DOWN,14858,2.017598480478785,1.9066349004913359,0.6598840691050938,2.254425309954766
S165,dev,NORMAL_BUMP,RIGID,ENG_PAIR_1_NEG_X,13030,1.5597549715039802,-0.04747385691891548,1.5590323293763424,2.1474834125640134
S165,dev,NORMAL_BUMP,RIGID,ENG_PAIR_1_POS_X,13013,4.802381904173571,4.725677890994737,0.8548920540613947,2.860131724113448
S165,dev,NORMAL_BUMP,RIGID,ENG_PAIR_2_NEG_X,13846,2.8550569509831307,2.2780669801786204,1.7209767654378578,2.5666305751689746
S165,dev,NORMAL_BUMP,RIGID,ENG_PAIR_2_POS_X,13694,9.315744940097836,9.221107572929599,1.3244919469060055,0.43003525750570665
S165,dev,NORMAL_BUMP,RIGID,ENG_PAIR_3_NEG_X,14459,1.2426870635461271,0.27116640956205573,1.2127406632211686,1.684109979735216
S165,dev,NORMAL_BUMP,RIGID,ENG_PAIR_3_POS_X,14436,5.4213650268768045,5.352341957791902,0.8623423458831672,2.788698298442636
S165,dev,NORMAL_BUMP,D_VECTOR,ENG_MID_UP,12866,1.1269957986560177,-0.29312888800300785,1.088207234494623,0.33180686857293845
S165,dev,NORMAL_BUMP,D_VECTOR,ENG_MID_DOWN,14858,0.7976924462754557,-0.018374590847350936,0.7974807917787821,0.6817738046650961
S165,dev,NORMAL_BUMP,D_VECTOR,ENG_PAIR_1_NEG_X,13030,1.5711586499283081,-0.5987149174717956,1.4526114245872104,0.7432312038907075
S165,dev,NORMAL_BUMP,D_VECTOR,ENG_PAIR_1_POS_X,13013,1.1491576515255568,0.030672433391828013,1.1487482360767989,0.8416770845084315
S165,dev,NORMAL_BUMP,D_VECTOR,ENG_PAIR_2_NEG_X,13846,2.0161437203300507,-0.1318405039305843,2.011828417770668,1.4749702442161532
S165,dev,NORMAL_BUMP,D_VECTOR,ENG_PAIR_2_POS_X,13694,0.8968524768727287,0.32915987082543274,0.8342650326550508,0.3141857960128834
S165,dev,NORMAL_BUMP,D_VECTOR,ENG_PAIR_3_NEG_X,14459,1.3900798753010748,-0.4093415032141863,1.3284432970448539,0.5779293865647634
S165,dev,NORMAL_BUMP,D_VECTOR,ENG_PAIR_3_POS_X,14436,1.3489459486336401,0.03156398285038736,1.34857661529545,0.7484722134718771
S165,dev,NORMAL_BUMP,D_NORMAL,ENG_MID_UP,12866,0.8140104512582764,-0.26569645875854875,0.7694273237680539,0.3412737180240577
S165,dev,NORMAL_BUMP,D_NORMAL,ENG_MID_DOWN,14858,0.6740275509129706,-0.01325592759037894,0.6738971878361385,0.6857685157420587
S165,dev,NORMAL_BUMP,D_NORMAL,ENG_PAIR_1_NEG_X,13030,1.6329559119780401,-0.605049559045804,1.5167267524384578,0.7224594081268594
S165,dev,NORMAL_BUMP,D_NORMAL,ENG_PAIR_1_POS_X,13013,1.03381104915185,0.13583427683268176,1.024848444691112,0.5853345361465181
S165,dev,NORMAL_BUMP,D_NORMAL,ENG_PAIR_2_NEG_X,13846,1.5434736749494584,-0.02704616980698439,1.5432366927858985,1.249974162128744
S165,dev,NORMAL_BUMP,D_NORMAL,ENG_PAIR_2_POS_X,13694,0.9625559076579943,0.6448393024781307,0.7146300786748507,0.09297068389959032
S165,dev,NORMAL_BUMP,D_NORMAL,ENG_PAIR_3_NEG_X,14459,1.2543981182184112,-0.4038354310913263,1.1876159242723103,0.5269407918457164
S165,dev,NORMAL_BUMP,D_NORMAL,ENG_PAIR_3_POS_X,14436,1.0657324837237334,0.09576325516978076,1.061421276319278,0.9607064498503245
S165,dev,TANGENTIAL_SHIFT,INITIAL,ENG_MID_UP,12866,34.37900375500956,-30.646997258759527,15.578108300064795,3.2406144747219168
S165,dev,TANGENTIAL_SHIFT,INITIAL,ENG_MID_DOWN,14858,42.89921143223418,-39.103018656641794,17.64359015183291,2.6609055042446066
S165,dev,TANGENTIAL_SHIFT,INITIAL,ENG_PAIR_1_NEG_X,13030,36.71433165167899,-25.02586429015891,26.86351178010847,2.1366615925541916
S165,dev,TANGENTIAL_SHIFT,INITIAL,ENG_PAIR_1_POS_X,13013,34.318400353140134,-33.87262073649751,5.513453295332066,6.075717904394612
S165,dev,TANGENTIAL_SHIFT,INITIAL,ENG_PAIR_2_NEG_X,13846,36.409960283169724,-24.580779055350355,26.860203067997197,4.544663482326172
S165,dev,TANGENTIAL_SHIFT,INITIAL,ENG_PAIR_2_POS_X,13694,42.93092935398509,-40.2879692960688,14.830516686746845,10.689885973515391
S165,dev,TANGENTIAL_SHIFT,INITIAL,ENG_PAIR_3_NEG_X,14459,43.08688006179291,-31.101833006772416,29.818705825004713,2.074899756349044
S165,dev,TANGENTIAL_SHIFT,INITIAL,ENG_PAIR_3_POS_X,14436,43.51760683601025,-38.47300252731915,20.337408420604138,7.106621297647434
S165,dev,TANGENTIAL_SHIFT,RIGID,ENG_MID_UP,12866,4.273783092352521,0.2738773749596862,4.26499860538822,1.9230116172533
S165,dev,TANGENTIAL_SHIFT,RIGID,ENG_MID_DOWN,14858,6.498501487152835,-0.49032605684002467,6.479977001233209,0.3662642732938547
S165,dev,TANGENTIAL_SHIFT,RIGID,ENG_PAIR_1_NEG_X,13030,3.055189932606771,-0.21575409489814842,3.047562254464451,1.5183692639750437
S165,dev,TANGENTIAL_SHIFT,RIGID,ENG_PAIR_1_POS_X,13013,12.433978044651765,-1.5925798210712125,12.331565169450265,6.1248661434337
S165,dev,TANGENTIAL_SHIFT,RIGID,ENG_PAIR_2_NEG_X,13846,6.273574293345582,-0.08927388724622917,6.272939070896709,4.036568863747595
S165,dev,TANGENTIAL_SHIFT,RIGID,ENG_PAIR_2_POS_X,13694,19.867851010871792,-1.7832598905948756,19.787659991843274,11.433861465779255
S165,dev,TANGENTIAL_SHIFT,RIGID,ENG_PAIR_3_NEG_X,14459,3.0135238228166306,-0.3256321157304891,2.9958787618807676,1.9598950478717523
S165,dev,TANGENTIAL_SHIFT,RIGID,ENG_PAIR_3_POS_X,14436,12.734389734142615,-1.0822836661571373,12.688315253295304,7.5489001615826465
S165,dev,TANGENTIAL_SHIFT,D_VECTOR,ENG_MID_UP,12866,4.1364746052353905,1.023444309462592,4.00786525536799,2.7746520019328678
S165,dev,TANGENTIAL_SHIFT,D_VECTOR,ENG_MID_DOWN,14858,6.442316508200276,0.008189359563368734,6.442311303113172,0.4883883994904765
S165,dev,TANGENTIAL_SHIFT,D_VECTOR,ENG_PAIR_1_NEG_X,13030,3.104334898138317,-0.21992507326218896,3.0965348572154094,1.2636073794148635
S165,dev,TANGENTIAL_SHIFT,D_VECTOR,ENG_PAIR_1_POS_X,13013,12.161090311923928,-2.28203880194677,11.945058245198279,6.668357613548888
S165,dev,TANGENTIAL_SHIFT,D_VECTOR,ENG_PAIR_2_NEG_X,13846,6.217404934828744,-0.13575388766047403,6.215922699456444,4.090980945010508
S165,dev,TANGENTIAL_SHIFT,D_VECTOR,ENG_PAIR_2_POS_X,13694,19.52805023200179,-3.1823482830319394,19.267003017310937,12.005710726443384
S165,dev,TANGENTIAL_SHIFT,D_VECTOR,ENG_PAIR_3_NEG_X,14459,3.087290163286067,-0.26803987988682765,3.075632483752434,1.7298936652773556
S165,dev,TANGENTIAL_SHIFT,D_VECTOR,ENG_PAIR_3_POS_X,14436,12.488431076719081,-1.549861611844602,12.391886044589556,7.534315623918894
S165,dev,TANGENTIAL_SHIFT,D_NORMAL,ENG_MID_UP,12866,4.219113715547279,1.0226504940752552,4.093300198090388,2.792405646229528
S165,dev,TANGENTIAL_SHIFT,D_NORMAL,ENG_MID_DOWN,14858,6.473738725460512,0.007823480967595137,6.4737339981399185,0.4804595263282363
S165,dev,TANGENTIAL_SHIFT,D_NORMAL,ENG_PAIR_1_NEG_X,13030,3.0655598198259337,-0.24890402651871615,3.0554383964521334,1.2357706323093032
S165,dev,TANGENTIAL_SHIFT,D_NORMAL,ENG_PAIR_1_POS_X,13013,12.401177167250435,-2.2938728870437792,12.187179423952818,6.756935935972636
S165,dev,TANGENTIAL_SHIFT,D_NORMAL,ENG_PAIR_2_NEG_X,13846,6.2730229947283025,-0.16371215432563646,6.2708863666084795,4.210702294297081
S165,dev,TANGENTIAL_SHIFT,D_NORMAL,ENG_PAIR_2_POS_X,13694,19.672539631317395,-3.130288715762047,19.42189764419858,12.02137890540064
S165,dev,TANGENTIAL_SHIFT,D_NORMAL,ENG_PAIR_3_NEG_X,14459,3.0102538364503997,-0.276160007898604,2.9975596424261175,1.7033120367835184
S165,dev,TANGENTIAL_SHIFT,D_NORMAL,ENG_PAIR_3_POS_X,14436,12.708466463875315,-1.5610863729461344,12.612221422082847,7.658045442998122
S170,consumed_test,RIGID_ONLY,INITIAL,ENG_MID_UP,12866,42.394512959614886,-33.58233844969793,25.87510914629917,2.372245361784715
S170,consumed_test,RIGID_ONLY,INITIAL,ENG_MID_DOWN,14858,52.28742282507728,-38.999227983351126,34.828649161157756,2.446988776857053
S170,consumed_test,RIGID_ONLY,INITIAL,ENG_PAIR_1_NEG_X,13030,44.67885082190096,-21.181721494427652,39.338713569436685,2.446746210218904
S170,consumed_test,RIGID_ONLY,INITIAL,ENG_PAIR_1_POS_X,13013,42.586419029937446,-37.53780884913638,20.112582942007137,2.0826970144331853
S170,consumed_test,RIGID_ONLY,INITIAL,ENG_PAIR_2_NEG_X,13846,47.90250117127351,-18.995160906798823,43.97537356963192,2.3049310108108836
S170,consumed_test,RIGID_ONLY,INITIAL,ENG_PAIR_2_POS_X,13694,45.972908541540654,-44.375394716180146,12.013852985286318,2.0718788294830657
S170,consumed_test,RIGID_ONLY,INITIAL,ENG_PAIR_3_NEG_X,14459,52.12338527339059,-26.866919199044062,44.66560136290957,2.3053298604120007
S170,consumed_test,RIGID_ONLY,INITIAL,ENG_PAIR_3_POS_X,14436,50.12698579455956,-43.10174796917517,25.592069608565836,2.384682355439277
S170,consumed_test,RIGID_ONLY,RIGID,ENG_MID_UP,12866,0.3815019543399038,-0.37352626310304243,0.0776007212430575,0.009780965124335681
S170,consumed_test,RIGID_ONLY,RIGID,ENG_MID_DOWN,14858,0.4397430571184343,-0.38576005313689615,0.2110998287249082,0.009609005028338523
S170,consumed_test,RIGID_ONLY,RIGID,ENG_PAIR_1_NEG_X,13030,0.39077019565317617,-0.2858383618169326,0.26645407995494064,0.008943006679169219
S170,consumed_test,RIGID_ONLY,RIGID,ENG_PAIR_1_POS_X,13013,0.38987620683135216,-0.3661542007354402,0.13391996840275255,0.009557994112405079
S170,consumed_test,RIGID_ONLY,RIGID,ENG_PAIR_2_NEG_X,13846,0.41194310218528857,-0.2698867281630473,0.31122061853207045,0.00773467366129959
S170,consumed_test,RIGID_ONLY,RIGID,ENG_PAIR_2_POS_X,13694,0.4116861616531533,-0.4062151790066265,0.06689337815748764,0.009401698378695032
S170,consumed_test,RIGID_ONLY,RIGID,ENG_PAIR_3_NEG_X,14459,0.43410695473893857,-0.3038363054731398,0.31005216920568024,0.008734616032881096
S170,consumed_test,RIGID_ONLY,RIGID,ENG_PAIR_3_POS_X,14436,0.4341146213727416,-0.40558188009209534,0.15478644330353983,0.00971215521554607
S170,consumed_test,RIGID_ONLY,D_VECTOR,ENG_MID_UP,12866,0.14024681269789918,0.04481004326968928,0.1328955548319363,0.3916216006089051
S170,consumed_test,RIGID_ONLY,D_VECTOR,ENG_MID_DOWN,14858,0.19120831672156538,-0.015120957686000101,0.19060948827944704,0.06694193630952286
S170,consumed_test,RIGID_ONLY,D_VECTOR,ENG_PAIR_1_NEG_X,13030,0.4437383714374242,-0.3898383951994032,0.21196643110240684,0.30617405769572115
S170,consumed_test,RIGID_ONLY,D_VECTOR,ENG_PAIR_1_POS_X,13013,0.35527555415367507,-0.3370922645301108,0.11220305064107067,0.16889800610989536
S170,consumed_test,RIGID_ONLY,D_VECTOR,ENG_PAIR_2_NEG_X,13846,0.3355150888357008,-0.23423338430821916,0.24021885128346263,0.2936603910704006
S170,consumed_test,RIGID_ONLY,D_VECTOR,ENG_PAIR_2_POS_X,13694,0.08198347929413646,-0.08006831749910026,0.017616906937240065,0.12310090911068756
S170,consumed_test,RIGID_ONLY,D_VECTOR,ENG_PAIR_3_NEG_X,14459,0.41083561149805947,-0.3398712133499178,0.23081043739623025,0.45988894925112955
S170,consumed_test,RIGID_ONLY,D_VECTOR,ENG_PAIR_3_POS_X,14436,0.2837512309256597,-0.24137909756424514,0.14916732990470022,0.03870660402526355
S170,consumed_test,RIGID_ONLY,D_NORMAL,ENG_MID_UP,12866,0.14735764516620714,0.035553833944519546,0.14300419742362577,0.3892137496789315
S170,consumed_test,RIGID_ONLY,D_NORMAL,ENG_MID_DOWN,14858,0.21128513693044063,-0.015350831617867204,0.21072674499539668,0.06752951898401328
S170,consumed_test,RIGID_ONLY,D_NORMAL,ENG_PAIR_1_NEG_X,13030,0.46125597615300856,-0.38438137176723713,0.25496673621318117,0.3086827536135693
S170,consumed_test,RIGID_ONLY,D_NORMAL,ENG_PAIR_1_POS_X,13013,0.37002010309741074,-0.3451612478985195,0.1333363778019908,0.17339853777807457
S170,consumed_test,RIGID_ONLY,D_NORMAL,ENG_PAIR_2_NEG_X,13846,0.38660228348848247,-0.23110005905061465,0.309925940032956,0.30498402207293895
S170,consumed_test,RIGID_ONLY,D_NORMAL,ENG_PAIR_2_POS_X,13694,0.11120105980426782,-0.09272554780297376,0.06138117371173982,0.10247281067625515
S170,consumed_test,RIGID_ONLY,D_NORMAL,ENG_PAIR_3_NEG_X,14459,0.4552741937050277,-0.33764808063539387,0.3053986985843221,0.48412393481051036
S170,consumed_test,RIGID_ONLY,D_NORMAL,ENG_PAIR_3_POS_X,14436,0.29134164995481643,-0.2477560814284663,0.153286924144253,0.05613168645756446
S170,consumed_test,NORMAL_BUMP,INITIAL,ENG_MID_UP,12866,40.49020620727218,-30.7335190022218,26.361100289014757,2.3169859028948325
S170,consumed_test,NORMAL_BUMP,INITIAL,ENG_MID_DOWN,14858,49.447024810944136,-35.12890348911036,34.798971282307974,4.688203845913915
S170,consumed_test,NORMAL_BUMP,INITIAL,ENG_PAIR_1_NEG_X,13030,43.798484021746255,-18.844452698881916,39.53724579536065,3.1879731914219693
S170,consumed_test,NORMAL_BUMP,INITIAL,ENG_PAIR_1_POS_X,13013,35.92924758343068,-30.267770525497205,19.359052128844066,0.8951497193695617
S170,consumed_test,NORMAL_BUMP,INITIAL,ENG_PAIR_2_NEG_X,13846,46.60069785934924,-14.690786606729437,44.22449355112952,3.4004066881005888
S170,consumed_test,NORMAL_BUMP,INITIAL,ENG_PAIR_2_POS_X,13694,34.474910315130806,-32.533166301637515,11.406688021783939,1.880711586995447
S170,consumed_test,NORMAL_BUMP,INITIAL,ENG_PAIR_3_NEG_X,14459,51.142725049695805,-24.82400688198274,44.71405827960661,3.757024499347928
S170,consumed_test,NORMAL_BUMP,INITIAL,ENG_PAIR_3_POS_X,14436,43.71710620770454,-35.67064281144346,25.274307440445043,5.087556250274101
S170,consumed_test,NORMAL_BUMP,RIGID,ENG_MID_UP,12866,0.9797266749205653,0.8590284370778827,0.47109924839935524,2.42640585183935
S170,consumed_test,NORMAL_BUMP,RIGID,ENG_MID_DOWN,14858,2.4551779397160693,2.306768880931873,0.8406640503987053,2.2618247137163614
S170,consumed_test,NORMAL_BUMP,RIGID,ENG_PAIR_1_NEG_X,13030,1.260084144160304,0.7567504489580752,1.0075419635756901,2.5142767321016355
S170,consumed_test,NORMAL_BUMP,RIGID,ENG_PAIR_1_POS_X,13013,5.4322707689000795,5.256168372256319,1.3719547183265979,2.7577586063389763
S170,consumed_test,NORMAL_BUMP,RIGID,ENG_PAIR_2_NEG_X,13846,3.235623047189367,2.9478801608170078,1.3338886988667769,2.651207706088039
S170,consumed_test,NORMAL_BUMP,RIGID,ENG_PAIR_2_POS_X,13694,9.971547368681955,9.852390695751245,1.5369302209737303,0.2603322831030278
S170,consumed_test,NORMAL_BUMP,RIGID,ENG_PAIR_3_NEG_X,14459,1.4064476307983946,0.8158397555640897,1.1456441120258698,1.7706282584490207
S170,consumed_test,NORMAL_BUMP,RIGID,ENG_PAIR_3_POS_X,14436,5.800243926318741,5.718656410191137,0.9694320331912181,2.870901688863709
S170,consumed_test,NORMAL_BUMP,D_VECTOR,ENG_MID_UP,12866,0.8607377346648787,-0.2662027841723776,0.8185386524623633,0.1904400631294068
S170,consumed_test,NORMAL_BUMP,D_VECTOR,ENG_MID_DOWN,14858,0.9982844635244,-0.016639535140765105,0.9981457789243506,0.8184154168350841
S170,consumed_test,NORMAL_BUMP,D_VECTOR,ENG_PAIR_1_NEG_X,13030,1.230867221252514,-0.48863600016860753,1.129720751200539,0.5673356612045712
S170,consumed_test,NORMAL_BUMP,D_VECTOR,ENG_PAIR_1_POS_X,13013,0.7656979175257806,0.00425457190308226,0.7656860972495444,0.7455367812407884
S170,consumed_test,NORMAL_BUMP,D_VECTOR,ENG_PAIR_2_NEG_X,13846,1.7941761019404319,0.037506121479312565,1.7937840381789951,1.0935340040879122
S170,consumed_test,NORMAL_BUMP,D_VECTOR,ENG_PAIR_2_POS_X,13694,0.6039514465358962,0.2870131849123634,0.5313951274327446,0.09043457490495115
S170,consumed_test,NORMAL_BUMP,D_VECTOR,ENG_PAIR_3_NEG_X,14459,1.3901667323799078,-0.4096742509116971,1.3284316135788738,0.6907990176447026
S170,consumed_test,NORMAL_BUMP,D_VECTOR,ENG_PAIR_3_POS_X,14436,1.6310102524703844,0.05299218544454265,1.6301491563489883,0.4813880961664876
S170,consumed_test,NORMAL_BUMP,D_NORMAL,ENG_MID_UP,12866,0.3542878493005394,-0.20384131970247252,0.2897733537507479,0.1861637093578603
S170,consumed_test,NORMAL_BUMP,D_NORMAL,ENG_MID_DOWN,14858,0.8791312916166604,-0.018627441958536495,0.8789339260181387,0.8478553093590607
S170,consumed_test,NORMAL_BUMP,D_NORMAL,ENG_PAIR_1_NEG_X,13030,1.0291096184391064,-0.43948448963778075,0.9305482202076919,0.452280710799928
S170,consumed_test,NORMAL_BUMP,D_NORMAL,ENG_PAIR_1_POS_X,13013,1.063886247474476,0.10026058530581539,1.0591514351590414,0.53187314415822
S170,consumed_test,NORMAL_BUMP,D_NORMAL,ENG_PAIR_2_NEG_X,13846,1.094597706319868,0.17277226455084488,1.0808764421906365,0.8405227679589596
S170,consumed_test,NORMAL_BUMP,D_NORMAL,ENG_PAIR_2_POS_X,13694,0.8401047585126211,0.40740773476427,0.7347073859229916,0.3265338647034648
S170,consumed_test,NORMAL_BUMP,D_NORMAL,ENG_PAIR_3_NEG_X,14459,1.1781440776906835,-0.37992861387682536,1.1152029932506753,0.6019755866343077
S170,consumed_test,NORMAL_BUMP,D_NORMAL,ENG_PAIR_3_POS_X,14436,1.2201213336131649,0.062429801656225026,1.2185231177959377,0.6851790473399392
S170,consumed_test,TANGENTIAL_SHIFT,INITIAL,ENG_MID_UP,12866,38.99457458662783,-32.7635495599729,21.145369881448755,3.206500883285909
S170,consumed_test,TANGENTIAL_SHIFT,INITIAL,ENG_MID_DOWN,14858,48.677548709969486,-38.935159031141986,29.215700224898505,2.7842461715229794
S170,consumed_test,TANGENTIAL_SHIFT,INITIAL,ENG_PAIR_1_NEG_X,13030,41.25604384190891,-20.837527146733148,35.60700234356537,2.5379109573725516
S170,consumed_test,TANGENTIAL_SHIFT,INITIAL,ENG_PAIR_1_POS_X,13013,40.13540593355709,-38.85029949067279,10.074970914917758,7.120608768663724
S170,consumed_test,TANGENTIAL_SHIFT,INITIAL,ENG_PAIR_2_NEG_X,13846,41.2225684011256,-18.603237189309223,36.786134774718874,4.608177604463727
S170,consumed_test,TANGENTIAL_SHIFT,INITIAL,ENG_PAIR_2_POS_X,13694,45.953157359920134,-45.22670206179963,8.138678760019394,9.985557500543571
S170,consumed_test,TANGENTIAL_SHIFT,INITIAL,ENG_PAIR_3_NEG_X,14459,49.44042637443629,-26.70465951945552,41.607894924353104,2.4854557163893185
S170,consumed_test,TANGENTIAL_SHIFT,INITIAL,ENG_PAIR_3_POS_X,14436,47.17535904103561,-43.33359937798384,18.647081959358115,7.53045985498611
S170,consumed_test,TANGENTIAL_SHIFT,RIGID,ENG_MID_UP,12866,4.518643295820475,0.271589839369873,4.510474054244673,2.0628293034397274
S170,consumed_test,TANGENTIAL_SHIFT,RIGID,ENG_MID_DOWN,14858,6.165687149542371,-0.4659958470903432,6.148052203464645,0.45712479281623797
S170,consumed_test,TANGENTIAL_SHIFT,RIGID,ENG_PAIR_1_NEG_X,13030,3.4832446671058954,-0.000546446072506368,3.4832446242430852,2.1836955099552413
S170,consumed_test,TANGENTIAL_SHIFT,RIGID,ENG_PAIR_1_POS_X,13013,12.116407156355635,-1.9585690028913034,11.957061923378141,7.200312037382766
S170,consumed_test,TANGENTIAL_SHIFT,RIGID,ENG_PAIR_2_NEG_X,13846,6.70407978904741,0.03936842049711853,6.703964196308147,4.210162145212691
S170,consumed_test,TANGENTIAL_SHIFT,RIGID,ENG_PAIR_2_POS_X,13694,19.760386318937954,-1.626521985434797,19.69333119877304,10.77117461256509
S170,consumed_test,TANGENTIAL_SHIFT,RIGID,ENG_PAIR_3_NEG_X,14459,3.00344556717585,-0.19563517667497332,2.9970672586105933,2.0607042641339595
S170,consumed_test,TANGENTIAL_SHIFT,RIGID,ENG_PAIR_3_POS_X,14436,12.258012165836917,-0.9084530006815625,12.224302655094831,7.453407704856525
S170,consumed_test,TANGENTIAL_SHIFT,D_VECTOR,ENG_MID_UP,12866,4.394532305488519,0.9412623131048605,4.29254463481869,2.63286407117773
S170,consumed_test,TANGENTIAL_SHIFT,D_VECTOR,ENG_MID_DOWN,14858,6.12299639656777,-0.022678147286393724,6.12295439914569,0.49122585950228326
S170,consumed_test,TANGENTIAL_SHIFT,D_VECTOR,ENG_PAIR_1_NEG_X,13030,3.5013527941079583,-0.183809604839551,3.4965247629576908,1.8922953062752026
S170,consumed_test,TANGENTIAL_SHIFT,D_VECTOR,ENG_PAIR_1_POS_X,13013,11.959940079236972,-2.8345623437943206,11.61918340581997,7.696327408474747
S170,consumed_test,TANGENTIAL_SHIFT,D_VECTOR,ENG_PAIR_2_NEG_X,13846,6.629017574399546,-0.16077145373049118,6.627067718181505,4.176801873217248
S170,consumed_test,TANGENTIAL_SHIFT,D_VECTOR,ENG_PAIR_2_POS_X,13694,19.46631889986109,-2.948290960647526,19.24175542725905,11.149540390110321
S170,consumed_test,TANGENTIAL_SHIFT,D_VECTOR,ENG_PAIR_3_NEG_X,14459,3.1049535309615246,-0.3057741696004535,3.089860609580243,1.6324364923640038
S170,consumed_test,TANGENTIAL_SHIFT,D_VECTOR,ENG_PAIR_3_POS_X,14436,11.984411671709537,-1.4545216384808306,11.895818169432433,7.508037108317283
S170,consumed_test,TANGENTIAL_SHIFT,D_NORMAL,ENG_MID_UP,12866,4.484434748576888,0.9440001461433114,4.3839501295435905,2.6520737763657762
S170,consumed_test,TANGENTIAL_SHIFT,D_NORMAL,ENG_MID_DOWN,14858,6.145724645117851,-0.02308243674830432,6.145681297848326,0.49183357869344574
S170,consumed_test,TANGENTIAL_SHIFT,D_NORMAL,ENG_PAIR_1_NEG_X,13030,3.5082984897753904,-0.18164493297810502,3.5035929289350474,1.909477775291028
S170,consumed_test,TANGENTIAL_SHIFT,D_NORMAL,ENG_PAIR_1_POS_X,13013,12.07634374197496,-2.8141202210005227,11.743883750961338,7.738514644219635
S170,consumed_test,TANGENTIAL_SHIFT,D_NORMAL,ENG_PAIR_2_NEG_X,13846,6.702128933586712,-0.1738868471910463,6.6998728052698215,4.2364007908921835
S170,consumed_test,TANGENTIAL_SHIFT,D_NORMAL,ENG_PAIR_2_POS_X,13694,19.585949042921627,-2.9315091061873946,19.365320918390765,11.191494198636034
S170,consumed_test,TANGENTIAL_SHIFT,D_NORMAL,ENG_PAIR_3_NEG_X,14459,3.0177156489890855,-0.3036848843713553,3.0023962478590285,1.622926441730229
S170,consumed_test,TANGENTIAL_SHIFT,D_NORMAL,ENG_PAIR_3_POS_X,14436,12.228580437434724,-1.4698220994612083,12.139925968091676,7.640651990466499
S179,consumed_test,RIGID_ONLY,INITIAL,ENG_MID_UP,12866,43.3587656163816,-39.67283950270612,17.494237953361587,2.2126451190862126
S179,consumed_test,RIGID_ONLY,INITIAL,ENG_MID_DOWN,14858,53.496434452182626,-46.83474793561058,25.852947315625222,2.3914382651640476
S179,consumed_test,RIGID_ONLY,INITIAL,ENG_PAIR_1_NEG_X,13030,45.058514027640875,-23.62268637925425,38.36975859458208,2.4460868359358825
S179,consumed_test,RIGID_ONLY,INITIAL,ENG_PAIR_1_POS_X,13013,43.68610641544013,-41.31795713971476,14.18810457890179,1.7204914717643307
S179,consumed_test,RIGID_ONLY,INITIAL,ENG_PAIR_2_NEG_X,13846,48.90422979502105,-29.541838012207897,38.9731125098406,2.4236729525350613
S179,consumed_test,RIGID_ONLY,INITIAL,ENG_PAIR_2_POS_X,13694,47.437450236766566,-47.17711871620906,4.962978400358119,1.643567752543404
S179,consumed_test,RIGID_ONLY,INITIAL,ENG_PAIR_3_NEG_X,14459,53.430582472523525,-38.650076990584665,36.891715763501914,2.4428509785282553
S179,consumed_test,RIGID_ONLY,INITIAL,ENG_PAIR_3_POS_X,14436,51.44772656090905,-46.318677576694384,22.393049721560814,2.1939249303763866
S179,consumed_test,RIGID_ONLY,RIGID,ENG_MID_UP,12866,0.3891677129621458,-0.388639929190338,0.020261151278152714,0.013567824726817902
S179,consumed_test,RIGID_ONLY,RIGID,ENG_MID_DOWN,14858,0.4474693648567694,-0.41866963786620265,0.15793849060410625,0.013489970280387589
S179,consumed_test,RIGID_ONLY,RIGID,ENG_PAIR_1_NEG_X,13030,0.3763411701671757,-0.29860533927817695,0.22905791345719517,0.01022197787699383
S179,consumed_test,RIGID_ONLY,RIGID,ENG_PAIR_1_POS_X,13013,0.41500604622144593,-0.35789791500224255,0.2100930766051191,0.013517577326210815
S179,consumed_test,RIGID_ONLY,RIGID,ENG_PAIR_2_NEG_X,13846,0.4022786887230484,-0.3262537222296707,0.23534368938218872,0.011367637611257702
S179,consumed_test,RIGID_ONLY,RIGID,ENG_PAIR_2_POS_X,13694,0.4337412435446592,-0.3959556913004913,0.17706088466518363,0.013497456875300254
S179,consumed_test,RIGID_ONLY,RIGID,ENG_PAIR_3_NEG_X,14459,0.42714190439943533,-0.35821539208881925,0.23266271588853635,0.013547845483636632
S179,consumed_test,RIGID_ONLY,RIGID,ENG_PAIR_3_POS_X,14436,0.4560186968450631,-0.4151064805779663,0.18878469655786193,0.012804017012567863
S179,consumed_test,RIGID_ONLY,D_VECTOR,ENG_MID_UP,12866,0.1293735448286485,0.11870949081877644,0.051435113405893775,0.6399047341396674
S179,consumed_test,RIGID_ONLY,D_VECTOR,ENG_MID_DOWN,14858,0.14305209052874132,-0.023948903318432066,0.1410331543804066,0.0846537100550235
S179,consumed_test,RIGID_ONLY,D_VECTOR,ENG_PAIR_1_NEG_X,13030,0.4463605545906449,-0.4202875165894048,0.15032015198761234,0.3607984239231747
S179,consumed_test,RIGID_ONLY,D_VECTOR,ENG_PAIR_1_POS_X,13013,0.42713486534894396,-0.40812856756709837,0.12599708541188104,0.3952890411368418
S179,consumed_test,RIGID_ONLY,D_VECTOR,ENG_PAIR_2_NEG_X,13846,0.2721527616259044,-0.23188484963680317,0.1424659333648699,0.46822855828907955
S179,consumed_test,RIGID_ONLY,D_VECTOR,ENG_PAIR_2_POS_X,13694,0.17717818102610933,-0.15046751551470555,0.09355017160087213,0.6113351335242494
S179,consumed_test,RIGID_ONLY,D_VECTOR,ENG_PAIR_3_NEG_X,14459,0.35193898177789645,-0.3034306899554406,0.1782999250926029,0.30786188673870457
S179,consumed_test,RIGID_ONLY,D_VECTOR,ENG_PAIR_3_POS_X,14436,0.2762048879629071,-0.22888913299457705,0.15459270659249388,0.19404926892488472
S179,consumed_test,RIGID_ONLY,D_NORMAL,ENG_MID_UP,12866,0.12249612489141465,0.11342930559504412,0.04625033238409373,0.6454524401545577
S179,consumed_test,RIGID_ONLY,D_NORMAL,ENG_MID_DOWN,14858,0.16421154111887193,-0.024446506611648218,0.16238164474817224,0.08807370798322735
S179,consumed_test,RIGID_ONLY,D_NORMAL,ENG_PAIR_1_NEG_X,13030,0.4606529349304844,-0.4048115125974476,0.21983804431589102,0.3568102866674789
S179,consumed_test,RIGID_ONLY,D_NORMAL,ENG_PAIR_1_POS_X,13013,0.4581398205851443,-0.4111390730327738,0.20213054650779444,0.41619954031202755
S179,consumed_test,RIGID_ONLY,D_NORMAL,ENG_PAIR_2_NEG_X,13846,0.33290534173672304,-0.23600696306709565,0.23479071519268158,0.4973391550354442
S179,consumed_test,RIGID_ONLY,D_NORMAL,ENG_PAIR_2_POS_X,13694,0.24040131525689507,-0.16087682540905,0.1786377323623178,0.6365973819873553
S179,consumed_test,RIGID_ONLY,D_NORMAL,ENG_PAIR_3_NEG_X,14459,0.3884240647933507,-0.3115178928994699,0.23201262145422932,0.34980817807349696
S179,consumed_test,RIGID_ONLY,D_NORMAL,ENG_PAIR_3_POS_X,14436,0.3046716622428588,-0.23706522979562872,0.19137632715613595,0.2222646197682745
S179,consumed_test,NORMAL_BUMP,INITIAL,ENG_MID_UP,12866,40.7532075786757,-36.617591027713466,17.887871736954853,1.8534641980770823
S179,consumed_test,NORMAL_BUMP,INITIAL,ENG_MID_DOWN,14858,49.8866158324005,-42.68861351942548,25.813886088666248,4.752696637947722
S179,consumed_test,NORMAL_BUMP,INITIAL,ENG_PAIR_1_NEG_X,13030,44.15202348446952,-21.596664181643042,38.50954782905772,2.4483913558340746
S179,consumed_test,NORMAL_BUMP,INITIAL,ENG_PAIR_1_POS_X,13013,36.59892467456997,-33.8832261070735,13.835037980135048,1.1438357811884992
S179,consumed_test,NORMAL_BUMP,INITIAL,ENG_PAIR_2_NEG_X,13846,46.60695645020596,-25.211993087813347,39.19902797380883,3.1686162466528347
S179,consumed_test,NORMAL_BUMP,INITIAL,ENG_PAIR_2_POS_X,13694,35.64744339794741,-35.34477253231612,4.635436921013645,1.5250568430402414
S179,consumed_test,NORMAL_BUMP,INITIAL,ENG_PAIR_3_NEG_X,14459,51.886674322101506,-36.44038458665998,36.93677494563028,4.087223818858256
S179,consumed_test,NORMAL_BUMP,INITIAL,ENG_PAIR_3_POS_X,14436,44.562074008091365,-38.68322320690531,22.12208584712015,4.761808789882611
S179,consumed_test,NORMAL_BUMP,RIGID,ENG_MID_UP,12866,1.3046545144070092,1.1175869872086484,0.6731439132789399,2.4091160918741883
S179,consumed_test,NORMAL_BUMP,RIGID,ENG_MID_DOWN,14858,2.7694343195636257,2.582671496026169,0.9997871743480183,2.3958143933726483
S179,consumed_test,NORMAL_BUMP,RIGID,ENG_PAIR_1_NEG_X,13030,1.4967014401971805,0.5928327127412721,1.3742869335739674,2.022689433731538
S179,consumed_test,NORMAL_BUMP,RIGID,ENG_PAIR_1_POS_X,13013,5.664945906841915,5.5370293555440915,1.197045547708163,2.884308100478561
S179,consumed_test,NORMAL_BUMP,RIGID,ENG_PAIR_2_NEG_X,13846,3.300415160171205,2.95426947933485,1.4714047957508198,2.6202590818333977
S179,consumed_test,NORMAL_BUMP,RIGID,ENG_PAIR_2_POS_X,13694,10.054300804372916,9.923761746520354,1.614904784534733,0.16934121454729867
S179,consumed_test,NORMAL_BUMP,RIGID,ENG_PAIR_3_NEG_X,14459,1.5700037304328336,0.9035761358684962,1.283924405976446,1.996013301640693
S179,consumed_test,NORMAL_BUMP,RIGID,ENG_PAIR_3_POS_X,14436,6.102636097182518,6.010971207215201,1.0537516219038123,2.866403621533186
S179,consumed_test,NORMAL_BUMP,D_VECTOR,ENG_MID_UP,12866,1.0849115826476443,-0.1748539629694635,1.0707283660186135,0.3229153563346964
S179,consumed_test,NORMAL_BUMP,D_VECTOR,ENG_MID_DOWN,14858,1.1603636770145311,-0.030884102097812505,1.1599526003989538,0.6923286661763803
S179,consumed_test,NORMAL_BUMP,D_VECTOR,ENG_PAIR_1_NEG_X,13030,1.6493414008284153,-0.5665841035602613,1.5489704677880254,0.7595343545332129
S179,consumed_test,NORMAL_BUMP,D_VECTOR,ENG_PAIR_1_POS_X,13013,0.9525998813395842,0.16479059932053616,0.938238025398549,0.5303884912192116
S179,consumed_test,NORMAL_BUMP,D_VECTOR,ENG_PAIR_2_NEG_X,13846,1.8184300417015005,-0.03610130002232214,1.8180716467453144,1.323811706089142
S179,consumed_test,NORMAL_BUMP,D_VECTOR,ENG_PAIR_2_POS_X,13694,0.8286969050605565,0.33857600087915624,0.7563761313563658,0.32471490142714454
S179,consumed_test,NORMAL_BUMP,D_VECTOR,ENG_PAIR_3_NEG_X,14459,1.4811114507157161,-0.3471321904534735,1.4398577609584173,0.5363382665542545
S179,consumed_test,NORMAL_BUMP,D_VECTOR,ENG_PAIR_3_POS_X,14436,1.731655277187456,0.017758002894401326,1.7315642212590232,0.36750661032811593
S179,consumed_test,NORMAL_BUMP,D_NORMAL,ENG_MID_UP,12866,0.5027727164698745,-0.06871716291931894,0.49805457125381014,0.4936588359518393
S179,consumed_test,NORMAL_BUMP,D_NORMAL,ENG_MID_DOWN,14858,1.023197653825997,-0.032700870326976716,1.0226749688316825,0.7135521627298596
S179,consumed_test,NORMAL_BUMP,D_NORMAL,ENG_PAIR_1_NEG_X,13030,1.3924810610077403,-0.5339634733864107,1.2860351917246908,0.597580710078019
S179,consumed_test,NORMAL_BUMP,D_NORMAL,ENG_PAIR_1_POS_X,13013,1.0102013298435215,0.29942970733090546,0.9648049425585192,0.5413124433308885
S179,consumed_test,NORMAL_BUMP,D_NORMAL,ENG_PAIR_2_NEG_X,13846,1.206565762182909,0.048975957160714984,1.2055713558691643,1.0580259176540567
S179,consumed_test,NORMAL_BUMP,D_NORMAL,ENG_PAIR_2_POS_X,13694,0.8404332161899295,0.49151610194004236,0.681718352700743,0.34495665238221884
S179,consumed_test,NORMAL_BUMP,D_NORMAL,ENG_PAIR_3_NEG_X,14459,1.2893231289112967,-0.3274685706679053,1.2470438909558617,0.4663164226963328
S179,consumed_test,NORMAL_BUMP,D_NORMAL,ENG_PAIR_3_POS_X,14436,1.3060954949216508,0.04661049462286443,1.3052635380051203,0.6986234823952255
S179,consumed_test,TANGENTIAL_SHIFT,INITIAL,ENG_MID_UP,12866,40.94095494845952,-39.00416833388369,12.443337360766884,2.1738788292929834
S179,consumed_test,TANGENTIAL_SHIFT,INITIAL,ENG_MID_DOWN,14858,51.47750498692903,-46.74055729826057,21.569743232762978,2.686401373391053
S179,consumed_test,TANGENTIAL_SHIFT,INITIAL,ENG_PAIR_1_NEG_X,13030,42.29972250536951,-23.347525151098864,35.27264653169747,2.7440527605562837
S179,consumed_test,TANGENTIAL_SHIFT,INITIAL,ENG_PAIR_1_POS_X,13013,44.99911938072207,-42.63388747466343,14.39695745073285,6.590099788465642
S179,consumed_test,TANGENTIAL_SHIFT,INITIAL,ENG_PAIR_2_NEG_X,13846,43.14110533154431,-29.16117001993738,31.792784280331695,4.601899998872494
S179,consumed_test,TANGENTIAL_SHIFT,INITIAL,ENG_PAIR_2_POS_X,13694,53.27661278983152,-48.09549776449371,22.917691095379155,9.670323875704673
S179,consumed_test,TANGENTIAL_SHIFT,INITIAL,ENG_PAIR_3_NEG_X,14459,51.2311329514306,-38.442478198136136,33.864507282300536,2.5799900735096566
S179,consumed_test,TANGENTIAL_SHIFT,INITIAL,ENG_PAIR_3_POS_X,14436,51.81886306234573,-46.61948912263811,22.623390617198943,7.211971494516428
S179,consumed_test,TANGENTIAL_SHIFT,RIGID,ENG_MID_UP,12866,4.946921809399787,0.11507890463838254,4.945583103540217,1.239085657952538
S179,consumed_test,TANGENTIAL_SHIFT,RIGID,ENG_MID_DOWN,14858,6.742334106033454,-0.4809259367406523,6.725160179560934,0.33845606529117633
S179,consumed_test,TANGENTIAL_SHIFT,RIGID,ENG_PAIR_1_NEG_X,13030,2.9939054128014866,-0.04539641780805448,2.9935612213636515,1.8634889727391026
S179,consumed_test,TANGENTIAL_SHIFT,RIGID,ENG_PAIR_1_POS_X,13013,12.525184509777985,-1.8709223146460643,12.384663770023865,6.103409672348808
S179,consumed_test,TANGENTIAL_SHIFT,RIGID,ENG_PAIR_2_NEG_X,13846,6.804831318190129,-0.007010503653486596,6.804827706993009,3.902053187195146
S179,consumed_test,TANGENTIAL_SHIFT,RIGID,ENG_PAIR_2_POS_X,13694,19.913645297390513,-1.5714857527009822,19.8515415411333,10.136781808316588
S179,consumed_test,TANGENTIAL_SHIFT,RIGID,ENG_PAIR_3_NEG_X,14459,3.3852660873643474,-0.2235838028418405,3.3778745929009713,2.2676690524497114
S179,consumed_test,TANGENTIAL_SHIFT,RIGID,ENG_PAIR_3_POS_X,14436,12.703808720174477,-0.9874072060189525,12.665377333829536,7.51664387439463
S179,consumed_test,TANGENTIAL_SHIFT,D_VECTOR,ENG_MID_UP,12866,4.820601358626511,0.7035272375237622,4.768988035721409,1.636916935311694
S179,consumed_test,TANGENTIAL_SHIFT,D_VECTOR,ENG_MID_DOWN,14858,6.696167212047482,-0.00908662870428667,6.6961610468147,0.37860481564524173
S179,consumed_test,TANGENTIAL_SHIFT,D_VECTOR,ENG_PAIR_1_NEG_X,13030,3.060011563006268,-0.2466393884350877,3.0500557007707956,1.594675792160814
S179,consumed_test,TANGENTIAL_SHIFT,D_VECTOR,ENG_PAIR_1_POS_X,13013,12.356866341825722,-2.688576348602219,12.060833429223791,6.643683051191245
S179,consumed_test,TANGENTIAL_SHIFT,D_VECTOR,ENG_PAIR_2_NEG_X,13846,6.730936151130686,-0.16972114255706092,6.728796044194467,3.9130476297118233
S179,consumed_test,TANGENTIAL_SHIFT,D_VECTOR,ENG_PAIR_2_POS_X,13694,19.66693111061727,-2.790273111097437,19.467987961657776,10.425728535306787
S179,consumed_test,TANGENTIAL_SHIFT,D_VECTOR,ENG_PAIR_3_NEG_X,14459,3.479745814961681,-0.26301748195076047,3.4697914549626194,1.9005974998457098
S179,consumed_test,TANGENTIAL_SHIFT,D_VECTOR,ENG_PAIR_3_POS_X,14436,12.411683620966617,-1.5450102397843903,12.315146514188632,7.846956484654653
S179,consumed_test,TANGENTIAL_SHIFT,D_NORMAL,ENG_MID_UP,12866,4.915322858500637,0.7041948142828675,4.864618018594677,1.6451265088489253
S179,consumed_test,TANGENTIAL_SHIFT,D_NORMAL,ENG_MID_DOWN,14858,6.721369269730541,-0.009450539689459747,6.721362625790818,0.37953330320581735
S179,consumed_test,TANGENTIAL_SHIFT,D_NORMAL,ENG_PAIR_1_NEG_X,13030,3.0248176806374287,-0.24131297251043465,3.0151766200995547,1.6067900458238082
S179,consumed_test,TANGENTIAL_SHIFT,D_NORMAL,ENG_PAIR_1_POS_X,13013,12.495702361128481,-2.665670388851452,12.208062044235866,6.676163552125576
S179,consumed_test,TANGENTIAL_SHIFT,D_NORMAL,ENG_PAIR_2_NEG_X,13846,6.8042241836984765,-0.181813173295443,6.8017946684712145,3.9580806768803036
S179,consumed_test,TANGENTIAL_SHIFT,D_NORMAL,ENG_PAIR_2_POS_X,13694,19.758532640736185,-2.767368107119247,19.563774837048612,10.458134342916772
S179,consumed_test,TANGENTIAL_SHIFT,D_NORMAL,ENG_PAIR_3_NEG_X,14459,3.3946273766112016,-0.27304083067996443,3.383628781474091,1.8538140323449614
S179,consumed_test,TANGENTIAL_SHIFT,D_NORMAL,ENG_PAIR_3_POS_X,14436,12.665960803785492,-1.5563808039634206,12.569973821614928,7.943896922579583
S184,consumed_test,RIGID_ONLY,INITIAL,ENG_MID_UP,12866,43.41219683716851,-35.75932853832889,24.61481782822941,2.346005961516951
S184,consumed_test,RIGID_ONLY,INITIAL,ENG_MID_DOWN,14858,53.410940481038715,-42.42898228698149,32.44241090239859,2.4489558529163813
S184,consumed_test,RIGID_ONLY,INITIAL,ENG_PAIR_1_NEG_X,13030,45.46330426536467,-18.908931637027354,41.34445959341289,2.431429932277456
S184,consumed_test,RIGID_ONLY,INITIAL,ENG_PAIR_1_POS_X,13013,43.506206610359676,-39.02347925288783,19.234294388480624,2.00719538941285
S184,consumed_test,RIGID_ONLY,INITIAL,ENG_PAIR_2_NEG_X,13846,49.088246843913026,-22.496916005583248,43.62963154149562,2.3567130034948494
S184,consumed_test,RIGID_ONLY,INITIAL,ENG_PAIR_2_POS_X,13694,46.9806646653892,-45.92125468886733,9.920746957862104,1.9796166470405137
S184,consumed_test,RIGID_ONLY,INITIAL,ENG_PAIR_3_NEG_X,14459,53.51524386427103,-30.362332486223067,44.0682435757138,2.3340235421516202
S184,consumed_test,RIGID_ONLY,INITIAL,ENG_PAIR_3_POS_X,14436,51.11539824013445,-44.94719464974811,24.342013687556626,2.355444192021356
S184,consumed_test,RIGID_ONLY,RIGID,ENG_MID_UP,12866,0.37653500996870387,-0.37406886963075703,0.04302434781957322,0.011677320675097346
S184,consumed_test,RIGID_ONLY,RIGID,ENG_MID_DOWN,14858,0.4462318931378212,-0.40923053960866423,0.17791365294705574,0.011740817935169044
S184,consumed_test,RIGID_ONLY,RIGID,ENG_PAIR_1_NEG_X,13030,0.37647628186064436,-0.2729350860325126,0.25930836780952576,0.007339938965975477
S184,consumed_test,RIGID_ONLY,RIGID,ENG_PAIR_1_POS_X,13013,0.39485020404415183,-0.3532615783460529,0.17638860762011763,0.012035125129384792
S184,consumed_test,RIGID_ONLY,RIGID,ENG_PAIR_2_NEG_X,13846,0.4053185694379433,-0.289966661788685,0.283200419813155,0.007182720055961073
S184,consumed_test,RIGID_ONLY,RIGID,ENG_PAIR_2_POS_X,13694,0.41980954848369945,-0.40056493629742895,0.12564946799379748,0.012206841322739442
S184,consumed_test,RIGID_ONLY,RIGID,ENG_PAIR_3_NEG_X,14459,0.43375347868326786,-0.3261274206202607,0.2859772469785169,0.010396301616982122
S184,consumed_test,RIGID_ONLY,RIGID,ENG_PAIR_3_POS_X,14436,0.4463457306416176,-0.42339461381564,0.14128521597783894,0.012236820556224555
S184,consumed_test,RIGID_ONLY,D_VECTOR,ENG_MID_UP,12866,0.19899865272286502,0.17015422301737532,0.10318916694531809,0.5028835327903922
S184,consumed_test,RIGID_ONLY,D_VECTOR,ENG_MID_DOWN,14858,0.16258367446279437,-0.028619890779758808,0.1600448470072641,0.0871473390776455
S184,consumed_test,RIGID_ONLY,D_VECTOR,ENG_PAIR_1_NEG_X,13030,0.3890839751803642,-0.327562623919353,0.2099739677989222,0.2512780568629486
S184,consumed_test,RIGID_ONLY,D_VECTOR,ENG_PAIR_1_POS_X,13013,0.3457323242077273,-0.3180433058140095,0.13557026085751042,0.32207942436299886
S184,consumed_test,RIGID_ONLY,D_VECTOR,ENG_PAIR_2_NEG_X,13846,0.3212101908043598,-0.2496180222275433,0.20215545912931193,0.3253546914441251
S184,consumed_test,RIGID_ONLY,D_VECTOR,ENG_PAIR_2_POS_X,13694,0.13128428036327602,-0.11546234338144133,0.06248207368013163,0.1516727491769595
S184,consumed_test,RIGID_ONLY,D_VECTOR,ENG_PAIR_3_NEG_X,14459,0.4004312114051127,-0.3396428485621462,0.21210349004190635,0.2102441497164755
S184,consumed_test,RIGID_ONLY,D_VECTOR,ENG_PAIR_3_POS_X,14436,0.24222586309456043,-0.20946326685801397,0.12164912079038288,0.08263957387483918
S184,consumed_test,RIGID_ONLY,D_NORMAL,ENG_MID_UP,12866,0.1986836798256336,0.16219686159834393,0.11474921662783824,0.5015228254933031
S184,consumed_test,RIGID_ONLY,D_NORMAL,ENG_MID_DOWN,14858,0.18330314269560094,-0.029147965965681616,0.18097082141093163,0.08713834089913967
S184,consumed_test,RIGID_ONLY,D_NORMAL,ENG_PAIR_1_NEG_X,13030,0.40658970966007063,-0.3147052871528805,0.257440816964761,0.24196228434487643
S184,consumed_test,RIGID_ONLY,D_NORMAL,ENG_PAIR_1_POS_X,13013,0.37227709224514893,-0.32839632840428823,0.17534561557417377,0.33193106414553275
S184,consumed_test,RIGID_ONLY,D_NORMAL,ENG_PAIR_2_NEG_X,13846,0.3712207364499195,-0.24135738839708212,0.2820486593418956,0.3336468456821668
S184,consumed_test,RIGID_ONLY,D_NORMAL,ENG_PAIR_2_POS_X,13694,0.19327757755362543,-0.15416072857272559,0.11657912227720761,0.19950698038466552
S184,consumed_test,RIGID_ONLY,D_NORMAL,ENG_PAIR_3_NEG_X,14459,0.43913274879953806,-0.3349078991205836,0.2840321639794958,0.24770274964395542
S184,consumed_test,RIGID_ONLY,D_NORMAL,ENG_PAIR_3_POS_X,14436,0.26427265563957664,-0.2235719445232122,0.14090997885495543,0.11875273137289422
S184,consumed_test,NORMAL_BUMP,INITIAL,ENG_MID_UP,12866,41.50476598364571,-33.08734609689972,25.057396664880592,2.21460724607312
S184,consumed_test,NORMAL_BUMP,INITIAL,ENG_MID_DOWN,14858,50.34967399197107,-38.49900961081236,32.448666075577684,4.747201191218172
S184,consumed_test,NORMAL_BUMP,INITIAL,ENG_PAIR_1_NEG_X,13030,44.845256494227286,-17.022581198110394,41.48889923083973,2.7049327462727284
S184,consumed_test,NORMAL_BUMP,INITIAL,ENG_PAIR_1_POS_X,13013,36.84396274558015,-31.82881052848294,18.558135982356394,0.9519655128583984
S184,consumed_test,NORMAL_BUMP,INITIAL,ENG_PAIR_2_NEG_X,13846,47.57889478137048,-18.443870225792846,43.858578177032086,3.3467447235445493
S184,consumed_test,NORMAL_BUMP,INITIAL,ENG_PAIR_2_POS_X,13694,35.26998787109142,-34.10018061981122,9.008314277554218,1.818229653007489
S184,consumed_test,NORMAL_BUMP,INITIAL,ENG_PAIR_3_NEG_X,14459,52.40635303405113,-28.31049466743376,44.10149351229281,3.894528603249291
S184,consumed_test,NORMAL_BUMP,INITIAL,ENG_PAIR_3_POS_X,14436,44.55114625184857,-37.51611189819886,24.028024895846585,4.971686715964896
S184,consumed_test,NORMAL_BUMP,RIGID,ENG_MID_UP,12866,1.0476644888995919,0.8895340476400945,0.5534709200945185,2.356462104254987
S184,consumed_test,NORMAL_BUMP,RIGID,ENG_MID_DOWN,14858,2.6747451982884365,2.484365332274961,0.9910553826892682,2.3083883927788413
S184,consumed_test,NORMAL_BUMP,RIGID,ENG_PAIR_1_NEG_X,13030,1.1286308384443047,0.4796707421369587,1.021627891467962,1.96738562378437
S184,consumed_test,NORMAL_BUMP,RIGID,ENG_PAIR_1_POS_X,13013,5.479571409973722,5.330640423470585,1.2688481046456017,2.7831277950105835
S184,consumed_test,NORMAL_BUMP,RIGID,ENG_PAIR_2_NEG_X,13846,3.054999592561967,2.772055983206538,1.2840280902389236,2.527411176265212
S184,consumed_test,NORMAL_BUMP,RIGID,ENG_PAIR_2_POS_X,13694,10.103076326642185,9.947445809452864,1.7664860967345333,0.19107255098554088
S184,consumed_test,NORMAL_BUMP,RIGID,ENG_PAIR_3_NEG_X,14459,1.5262155090846745,0.9328779850216455,1.2079207114842208,1.8354836197762534
S184,consumed_test,NORMAL_BUMP,RIGID,ENG_PAIR_3_POS_X,14436,5.965170377196112,5.869401974117465,1.0646023178652313,2.893635033125361
S184,consumed_test,NORMAL_BUMP,D_VECTOR,ENG_MID_UP,12866,0.9165129844965726,-0.13321373665324163,0.9067801007508356,0.30973829734321534
S184,consumed_test,NORMAL_BUMP,D_VECTOR,ENG_MID_DOWN,14858,1.163816265158651,-0.018854209684409873,1.1636635329101825,0.7565746707516529
S184,consumed_test,NORMAL_BUMP,D_VECTOR,ENG_PAIR_1_NEG_X,13030,1.3396537490718217,-0.521869756913397,1.2338249974049555,0.3862442231424043
S184,consumed_test,NORMAL_BUMP,D_VECTOR,ENG_PAIR_1_POS_X,13013,0.6528888127831207,0.14509302289949005,0.6365625001233115,0.5539538210863407
S184,consumed_test,NORMAL_BUMP,D_VECTOR,ENG_PAIR_2_NEG_X,13846,1.6987688657225717,0.018628739146555336,1.698666721056889,1.1460459010832325
S184,consumed_test,NORMAL_BUMP,D_VECTOR,ENG_PAIR_2_POS_X,13694,0.5096283687408729,0.2749764841434261,0.4290792553755113,0.18545490019657024
S184,consumed_test,NORMAL_BUMP,D_VECTOR,ENG_PAIR_3_NEG_X,14459,1.4681208138305866,-0.3564264641035865,1.4241976336482232,0.4690418387432007
S184,consumed_test,NORMAL_BUMP,D_VECTOR,ENG_PAIR_3_POS_X,14436,1.8037378708572416,0.13164313542800726,1.7989275670963794,0.6843718135337469
S184,consumed_test,NORMAL_BUMP,D_NORMAL,ENG_MID_UP,12866,0.4129408101622494,-0.05308722378769837,0.40951417480713626,0.4251522281239131
S184,consumed_test,NORMAL_BUMP,D_NORMAL,ENG_MID_DOWN,14858,1.037787381449309,-0.027920481681346032,1.0374117291596887,0.8391730833052872
S184,consumed_test,NORMAL_BUMP,D_NORMAL,ENG_PAIR_1_NEG_X,13030,1.0707459832638457,-0.49215503228812796,0.9509365829902283,0.27453747136057066
S184,consumed_test,NORMAL_BUMP,D_NORMAL,ENG_PAIR_1_POS_X,13013,0.9086825071925809,0.17512067832912565,0.8916482753302122,0.375689187731359
S184,consumed_test,NORMAL_BUMP,D_NORMAL,ENG_PAIR_2_NEG_X,13846,1.0385154490767992,0.10805078028261102,1.032879163722216,0.9662769507322275
S184,consumed_test,NORMAL_BUMP,D_NORMAL,ENG_PAIR_2_POS_X,13694,0.841979451828335,0.4407325077843851,0.7174149802472977,0.30270885312948564
S184,consumed_test,NORMAL_BUMP,D_NORMAL,ENG_PAIR_3_NEG_X,14459,1.2376255294056402,-0.33124097155322724,1.192474892734042,0.37530819640609603
S184,consumed_test,NORMAL_BUMP,D_NORMAL,ENG_PAIR_3_POS_X,14436,1.3457568246200933,0.0921933996474319,1.3425951765416877,0.8365115566730791
S184,consumed_test,TANGENTIAL_SHIFT,INITIAL,ENG_MID_UP,12866,40.409046546696565,-35.02068105391469,20.160430087998364,2.7261485630223645
S184,consumed_test,TANGENTIAL_SHIFT,INITIAL,ENG_MID_DOWN,14858,50.182488100239055,-42.263979151707616,27.056204061077352,2.6958567021903583
S184,consumed_test,TANGENTIAL_SHIFT,INITIAL,ENG_PAIR_1_NEG_X,13030,42.637822287600954,-18.642382743354258,38.34638777094041,2.4412761788817936
S184,consumed_test,TANGENTIAL_SHIFT,INITIAL,ENG_PAIR_1_POS_X,13013,41.769263672610265,-40.284302169357474,11.038405069571443,6.430120336525637
S184,consumed_test,TANGENTIAL_SHIFT,INITIAL,ENG_PAIR_2_NEG_X,13846,43.00558802919063,-22.115491648911163,36.88340590107434,4.049949828535767
S184,consumed_test,TANGENTIAL_SHIFT,INITIAL,ENG_PAIR_2_POS_X,13694,48.34795789098669,-46.85921550199745,11.905417034526142,9.713900734079846
S184,consumed_test,TANGENTIAL_SHIFT,INITIAL,ENG_PAIR_3_NEG_X,14459,50.90996786482317,-30.229551786252003,40.96338641762466,2.331993694929306
S184,consumed_test,TANGENTIAL_SHIFT,INITIAL,ENG_PAIR_3_POS_X,14436,49.046340560657995,-45.15256582150733,19.151744623571354,7.2081339497127885
S184,consumed_test,TANGENTIAL_SHIFT,RIGID,ENG_MID_UP,12866,4.265722256369262,0.20468572831445941,4.260808622915191,1.59142308418218
S184,consumed_test,TANGENTIAL_SHIFT,RIGID,ENG_MID_DOWN,14858,6.303236354210882,-0.3882025751599792,6.291270722015136,0.31194661736679113
S184,consumed_test,TANGENTIAL_SHIFT,RIGID,ENG_PAIR_1_NEG_X,13030,2.7403741751912785,-0.041091402565852087,2.7400660788912465,1.758871052304927
S184,consumed_test,TANGENTIAL_SHIFT,RIGID,ENG_PAIR_1_POS_X,13013,12.03598749544733,-1.888554484051785,11.886898542148513,6.386162104072022
S184,consumed_test,TANGENTIAL_SHIFT,RIGID,ENG_PAIR_2_NEG_X,13846,6.310109907603817,0.01655298553692612,6.310088196270291,3.5713647019312638
S184,consumed_test,TANGENTIAL_SHIFT,RIGID,ENG_PAIR_2_POS_X,13694,19.805893557446407,-1.6939410024409987,19.73332165371928,10.56927146914432
S184,consumed_test,TANGENTIAL_SHIFT,RIGID,ENG_PAIR_3_NEG_X,14459,3.0405376426923127,-0.23426179632801242,3.0314997224822733,2.238327377888862
S184,consumed_test,TANGENTIAL_SHIFT,RIGID,ENG_PAIR_3_POS_X,14436,12.294638383659443,-0.9009971645339687,12.26157971447618,7.369579265840838
S184,consumed_test,TANGENTIAL_SHIFT,D_VECTOR,ENG_MID_UP,12866,4.1499165033039755,0.7414801341496028,4.083137787909708,2.0655525263463113
S184,consumed_test,TANGENTIAL_SHIFT,D_VECTOR,ENG_MID_DOWN,14858,6.264789317847111,0.03647976237340558,6.2646831064267285,0.4669706442000687
S184,consumed_test,TANGENTIAL_SHIFT,D_VECTOR,ENG_PAIR_1_NEG_X,13030,2.777178281533649,-0.23509323289119868,2.7672098545775228,1.4441150779718128
S184,consumed_test,TANGENTIAL_SHIFT,D_VECTOR,ENG_PAIR_1_POS_X,13013,11.851740086806485,-2.7103739281656734,11.537660779149974,6.892244677353875
S184,consumed_test,TANGENTIAL_SHIFT,D_VECTOR,ENG_PAIR_2_NEG_X,13846,6.246695625781937,-0.2131994147824266,6.2430563228838185,3.506356016650862
S184,consumed_test,TANGENTIAL_SHIFT,D_VECTOR,ENG_PAIR_2_POS_X,13694,19.519798254888464,-2.9591075430806786,19.294201368805854,11.053225499274788
S184,consumed_test,TANGENTIAL_SHIFT,D_VECTOR,ENG_PAIR_3_NEG_X,14459,3.12925140471821,-0.2938968712682235,3.11541955167994,1.9913983264383497
S184,consumed_test,TANGENTIAL_SHIFT,D_VECTOR,ENG_PAIR_3_POS_X,14436,12.027113323350811,-1.3894081906685876,11.946589461952128,7.536119968881477
S184,consumed_test,TANGENTIAL_SHIFT,D_NORMAL,ENG_MID_UP,12866,4.2329050995836655,0.7464875951872705,4.166562354305157,2.08095585562904
S184,consumed_test,TANGENTIAL_SHIFT,D_NORMAL,ENG_MID_DOWN,14858,6.283773367819216,0.03624676846930239,6.283668825605753,0.4674672080883566
S184,consumed_test,TANGENTIAL_SHIFT,D_NORMAL,ENG_PAIR_1_NEG_X,13030,2.7740215974314597,-0.23795101963128826,2.763797231215166,1.4567610774810933
S184,consumed_test,TANGENTIAL_SHIFT,D_NORMAL,ENG_PAIR_1_POS_X,13013,12.000879962571423,-2.696242221002274,11.69407532734987,6.945210759804844
S184,consumed_test,TANGENTIAL_SHIFT,D_NORMAL,ENG_PAIR_2_NEG_X,13846,6.312278701437933,-0.22380515670684326,6.308309889063661,3.550671735235394
S184,consumed_test,TANGENTIAL_SHIFT,D_NORMAL,ENG_PAIR_2_POS_X,13694,19.638568090877268,-2.9436802901467045,19.416696500935085,11.051731868505032
S184,consumed_test,TANGENTIAL_SHIFT,D_NORMAL,ENG_PAIR_3_NEG_X,14459,3.0484627394254202,-0.2922873583246106,3.0344180947636006,1.975865685654238
S184,consumed_test,TANGENTIAL_SHIFT,D_NORMAL,ENG_PAIR_3_POS_X,14436,12.265102912392118,-1.4090673287121755,12.183894234386868,7.672721213946468
S187,dev,RIGID_ONLY,INITIAL,ENG_MID_UP,12866,42.887370320710346,-41.28473496740536,11.614525031048109,2.01057598833911
S187,dev,RIGID_ONLY,INITIAL,ENG_MID_DOWN,14858,51.21588995136654,-45.00434255774678,24.447423881780878,2.341299415168774
S187,dev,RIGID_ONLY,INITIAL,ENG_PAIR_1_NEG_X,13030,45.21656734314162,-27.851658258709993,35.62054315331102,2.3919136235902805
S187,dev,RIGID_ONLY,INITIAL,ENG_PAIR_1_POS_X,13013,42.000916106685274,-39.47290350330905,14.351544962799903,1.1259696081966752
S187,dev,RIGID_ONLY,INITIAL,ENG_PAIR_2_NEG_X,13846,48.10680166227794,-34.94355222572514,33.06376451679039,2.4386758662769394
S187,dev,RIGID_ONLY,INITIAL,ENG_PAIR_2_POS_X,13694,45.439048860525936,-43.693768230164615,12.472440787509113,1.182715412246992
S187,dev,RIGID_ONLY,INITIAL,ENG_PAIR_3_NEG_X,14459,51.819187347946674,-37.90888858264082,35.3290863712964,2.4484237878152926
S187,dev,RIGID_ONLY,INITIAL,ENG_PAIR_3_POS_X,14436,48.916963408722,-39.3918294694365,29.002639193374797,2.1947978174251555
S187,dev,RIGID_ONLY,RIGID,ENG_MID_UP,12866,0.4066699895863842,-0.3953814628634064,0.09515240014935311,0.008653070844248299
S187,dev,RIGID_ONLY,RIGID,ENG_MID_DOWN,14858,0.45370902076653474,-0.4364800180521472,0.12384292214787712,0.008641123937371762
S187,dev,RIGID_ONLY,RIGID,ENG_PAIR_1_NEG_X,13030,0.41264379611398894,-0.3037065841510646,0.27935141527233326,0.007859969380706724
S187,dev,RIGID_ONLY,RIGID,ENG_PAIR_1_POS_X,13013,0.4090293900230068,-0.28152262461942607,0.2967322930352926,0.007829192139822787
S187,dev,RIGID_ONLY,RIGID,ENG_PAIR_2_NEG_X,13846,0.4304811837624729,-0.36822732253674056,0.22298584823024803,0.007446430696214215
S187,dev,RIGID_ONLY,RIGID,ENG_PAIR_2_POS_X,13694,0.4275596211998006,-0.33620424992033826,0.2641475572781618,0.0076185423975456785
S187,dev,RIGID_ONLY,RIGID,ENG_PAIR_3_NEG_X,14459,0.45024455187288287,-0.39881359437390534,0.2089685943719277,0.008014059112351885
S187,dev,RIGID_ONLY,RIGID,ENG_PAIR_3_POS_X,14436,0.4472249329100188,-0.38813402322623825,0.22217587769734307,0.008483103291848102
S187,dev,RIGID_ONLY,D_VECTOR,ENG_MID_UP,12866,0.0497227273744901,0.01219328968681668,0.04820449464698533,0.6617581787739046
S187,dev,RIGID_ONLY,D_VECTOR,ENG_MID_DOWN,14858,0.12309709478390933,-0.05866630219884485,0.10821811184156085,0.07439848918149211
S187,dev,RIGID_ONLY,D_VECTOR,ENG_PAIR_1_NEG_X,13030,0.46497121114539036,-0.4106045736493611,0.21817908078511472,0.31218213268498163
S187,dev,RIGID_ONLY,D_VECTOR,ENG_PAIR_1_POS_X,13013,0.48702384266096316,-0.4276931370868309,0.2329609491075189,0.3867720976167435
S187,dev,RIGID_ONLY,D_VECTOR,ENG_PAIR_2_NEG_X,13846,0.19656193066923805,-0.1318502500569801,0.1457810143617137,0.28667097257352697
S187,dev,RIGID_ONLY,D_VECTOR,ENG_PAIR_2_POS_X,13694,0.20628022852637273,-0.10029269001493452,0.18025789583388802,0.24787529943635214
S187,dev,RIGID_ONLY,D_VECTOR,ENG_PAIR_3_NEG_X,14459,0.3390627311001362,-0.29869193472390565,0.16045766965768066,0.2741642910532338
S187,dev,RIGID_ONLY,D_VECTOR,ENG_PAIR_3_POS_X,14436,0.3327719716737381,-0.290503066001519,0.16231190275313842,0.2469962037715857
S187,dev,RIGID_ONLY,D_NORMAL,ENG_MID_UP,12866,0.07384888817274855,0.006599587325327453,0.07355340734110485,0.6765817763666718
S187,dev,RIGID_ONLY,D_NORMAL,ENG_MID_DOWN,14858,0.13929024641280424,-0.059336361192087794,0.1260197166566479,0.07023726579501234
S187,dev,RIGID_ONLY,D_NORMAL,ENG_PAIR_1_NEG_X,13030,0.49605446037917006,-0.4111813293124834,0.2774886341580294,0.31678943384495767
S187,dev,RIGID_ONLY,D_NORMAL,ENG_PAIR_1_POS_X,13013,0.5098345483548768,-0.4182229347986795,0.2915833388666108,0.37638581123268994
S187,dev,RIGID_ONLY,D_NORMAL,ENG_PAIR_2_NEG_X,13846,0.26475724109050564,-0.14316508557827032,0.22271092245604546,0.3255719678475564
S187,dev,RIGID_ONLY,D_NORMAL,ENG_PAIR_2_POS_X,13694,0.28530601173574216,-0.10994389962637063,0.26327145547419684,0.283138402512281
S187,dev,RIGID_ONLY,D_NORMAL,ENG_PAIR_3_NEG_X,14459,0.38075832921785424,-0.31854320313275225,0.20858363551989886,0.34742193165523216
S187,dev,RIGID_ONLY,D_NORMAL,ENG_PAIR_3_POS_X,14436,0.37019143594672904,-0.29572087567695277,0.22269006025675558,0.2895408003513238
S187,dev,NORMAL_BUMP,INITIAL,ENG_MID_UP,12866,39.83889319369697,-37.99283517736041,11.98673792508705,2.107190742479966
S187,dev,NORMAL_BUMP,INITIAL,ENG_MID_DOWN,14858,47.50641546709373,-40.77100471675329,24.38410722004404,4.765338285425287
S187,dev,NORMAL_BUMP,INITIAL,ENG_PAIR_1_NEG_X,13030,44.01878268012571,-25.656626035674087,35.76857236605489,2.6460034196810795
S187,dev,NORMAL_BUMP,INITIAL,ENG_PAIR_1_POS_X,13013,35.26019943003613,-32.24234589882361,14.272799122335222,1.7674752475917814
S187,dev,NORMAL_BUMP,INITIAL,ENG_PAIR_2_NEG_X,13846,44.96623197989222,-30.185862584466424,33.32830206447956,3.5332475648998867
S187,dev,NORMAL_BUMP,INITIAL,ENG_PAIR_2_POS_X,13694,34.29302947779303,-31.845893426648672,12.722065187040851,1.0898946805919383
S187,dev,NORMAL_BUMP,INITIAL,ENG_PAIR_3_NEG_X,14459,50.10021986218901,-35.5211118786641,35.331043589782425,4.290049963234994
S187,dev,NORMAL_BUMP,INITIAL,ENG_PAIR_3_POS_X,14436,42.80835078505275,-31.77551657928356,28.68573588137146,4.432080806505377
S187,dev,NORMAL_BUMP,RIGID,ENG_MID_UP,12866,1.3973223861824513,1.2986612027919813,0.5157411475629072,2.1692283119035753
S187,dev,NORMAL_BUMP,RIGID,ENG_MID_DOWN,14858,2.7944154720370165,2.6338466138373127,0.9336004740452872,2.3725128417262664
S187,dev,NORMAL_BUMP,RIGID,ENG_PAIR_1_NEG_X,13030,1.6774382836041162,0.8737843950921086,1.4318868761861885,1.9856624732963768
S187,dev,NORMAL_BUMP,RIGID,ENG_PAIR_1_POS_X,13013,5.529452594376325,5.364114182156856,1.3420599965123632,2.904712023950424
S187,dev,NORMAL_BUMP,RIGID,ENG_PAIR_2_NEG_X,13846,3.6984555037532667,3.4031521726451697,1.4481465406039853,2.7114118238457534
S187,dev,NORMAL_BUMP,RIGID,ENG_PAIR_2_POS_X,13694,10.020961682230775,9.924825659321444,1.384741372535719,0.25522857497710305
S187,dev,NORMAL_BUMP,RIGID,ENG_PAIR_3_NEG_X,14459,1.7123489138581878,1.1449394844499672,1.2732840923135569,1.947309590930167
S187,dev,NORMAL_BUMP,RIGID,ENG_PAIR_3_POS_X,14436,6.09731648437659,5.997710036381269,1.0976076849867074,2.858892400507766
S187,dev,NORMAL_BUMP,D_VECTOR,ENG_MID_UP,12866,0.8992048781433241,-0.22230272768519393,0.8712926661808147,0.6668371322999513
S187,dev,NORMAL_BUMP,D_VECTOR,ENG_MID_DOWN,14858,1.0680972038317058,-0.07514367371513331,1.0654506394637444,0.8444395182619313
S187,dev,NORMAL_BUMP,D_VECTOR,ENG_PAIR_1_NEG_X,13030,1.7479144955157804,-0.5844963455291129,1.6472914452814038,0.6270454547280196
S187,dev,NORMAL_BUMP,D_VECTOR,ENG_PAIR_1_POS_X,13013,1.4695426116803594,0.3739163233217865,1.4211762982465788,0.8018826391735
S187,dev,NORMAL_BUMP,D_VECTOR,ENG_PAIR_2_NEG_X,13846,1.8098712894251532,0.005788894310334843,1.8098620314786789,1.3132739349358322
S187,dev,NORMAL_BUMP,D_VECTOR,ENG_PAIR_2_POS_X,13694,1.3810440742381984,0.6006040983084392,1.2436066307653515,0.3431644712590918
S187,dev,NORMAL_BUMP,D_VECTOR,ENG_PAIR_3_NEG_X,14459,1.5210732025384797,-0.3276702501678766,1.485360526820202,0.5160454785230126
S187,dev,NORMAL_BUMP,D_VECTOR,ENG_PAIR_3_POS_X,14436,1.8424771890893676,0.07539169351096164,1.8409340794455968,0.6280677166839166
S187,dev,NORMAL_BUMP,D_NORMAL,ENG_MID_UP,12866,0.371417838219308,-0.17310529571998837,0.3286118791845472,0.7294990926230243
S187,dev,NORMAL_BUMP,D_NORMAL,ENG_MID_DOWN,14858,0.973447927565481,-0.062215704989329323,0.9714577055817772,0.9167704563455141
S187,dev,NORMAL_BUMP,D_NORMAL,ENG_PAIR_1_NEG_X,13030,1.4507865474654724,-0.5310811054186594,1.3500868363827863,0.4905944369732797
S187,dev,NORMAL_BUMP,D_NORMAL,ENG_PAIR_1_POS_X,13013,1.39189163706311,0.556502732028093,1.2758005481153758,1.0272741198420907
S187,dev,NORMAL_BUMP,D_NORMAL,ENG_PAIR_2_NEG_X,13846,1.1706237333965033,0.09852788339424659,1.1664699659164042,1.0477142610974461
S187,dev,NORMAL_BUMP,D_NORMAL,ENG_PAIR_2_POS_X,13694,1.1899856291794018,0.8636855560899488,0.8186043353507803,0.5220706444768145
S187,dev,NORMAL_BUMP,D_NORMAL,ENG_PAIR_3_NEG_X,14459,1.2785311566220638,-0.2886116321421962,1.2455301057162649,0.327448958145782
S187,dev,NORMAL_BUMP,D_NORMAL,ENG_PAIR_3_POS_X,14436,1.4029114007420316,0.13954063425716218,1.395954443999903,0.6614854085312137
S187,dev,TANGENTIAL_SHIFT,INITIAL,ENG_MID_UP,12866,41.10746345295792,-40.61768934934605,6.326678706579877,2.281677477467907
S187,dev,TANGENTIAL_SHIFT,INITIAL,ENG_MID_DOWN,14858,50.38829049037625,-44.81504113405903,23.03458067113745,2.2524899567498626
S187,dev,TANGENTIAL_SHIFT,INITIAL,ENG_PAIR_1_NEG_X,13030,42.64762227952939,-27.530554145926637,32.571279902939246,2.61122713581541
S187,dev,TANGENTIAL_SHIFT,INITIAL,ENG_PAIR_1_POS_X,13013,45.30800053865377,-40.687049803788234,19.9343645766477,6.428652573125148
S187,dev,TANGENTIAL_SHIFT,INITIAL,ENG_PAIR_2_NEG_X,13846,42.71003278717656,-34.49509989222382,25.184022397289862,4.6943701122058386
S187,dev,TANGENTIAL_SHIFT,INITIAL,ENG_PAIR_2_POS_X,13694,54.73094858323351,-44.3260881861371,32.104121837162076,9.854291523895345
S187,dev,TANGENTIAL_SHIFT,INITIAL,ENG_PAIR_3_NEG_X,14459,50.10378199367809,-37.630066742243386,33.08121894737752,2.2137511098114366
S187,dev,TANGENTIAL_SHIFT,INITIAL,ENG_PAIR_3_POS_X,14436,51.5994588032834,-39.66158232431379,33.00701495626983,6.658220605339147
S187,dev,TANGENTIAL_SHIFT,RIGID,ENG_MID_UP,12866,5.4362735567126155,0.0553542713222339,5.435991729947649,0.8217825035647471
S187,dev,TANGENTIAL_SHIFT,RIGID,ENG_MID_DOWN,14858,6.996078610204461,-0.48962746245510996,6.978924048029908,0.3406919568812874
S187,dev,TANGENTIAL_SHIFT,RIGID,ENG_PAIR_1_NEG_X,13030,3.37449471284288,-0.024135040910442662,3.3744084024914356,2.068536890096921
S187,dev,TANGENTIAL_SHIFT,RIGID,ENG_PAIR_1_POS_X,13013,12.265209192481587,-1.7277571893311459,12.142907873736396,6.413584495205429
S187,dev,TANGENTIAL_SHIFT,RIGID,ENG_PAIR_2_NEG_X,13846,7.599247431140761,-0.0494995271156545,7.599086215889039,4.487624422096201
S187,dev,TANGENTIAL_SHIFT,RIGID,ENG_PAIR_2_POS_X,13694,20.019456274630475,-1.3681797133527995,19.97264914336131,10.577968156089538
S187,dev,TANGENTIAL_SHIFT,RIGID,ENG_PAIR_3_NEG_X,14459,3.7775120711976276,-0.2369110599818492,3.7700756753282905,2.359442204444966
S187,dev,TANGENTIAL_SHIFT,RIGID,ENG_PAIR_3_POS_X,14436,12.797246133478579,-1.0886876559544278,12.750853610194294,7.628303704042748
S187,dev,TANGENTIAL_SHIFT,D_VECTOR,ENG_MID_UP,12866,5.312776622805978,0.6317457830381884,5.275082246699777,1.295075246593177
S187,dev,TANGENTIAL_SHIFT,D_VECTOR,ENG_MID_DOWN,14858,6.9446782033107315,-0.04104011763868676,6.9445569373634894,0.37753917503702394
S187,dev,TANGENTIAL_SHIFT,D_VECTOR,ENG_PAIR_1_NEG_X,13030,3.4368388142525195,-0.23880594601787503,3.4285321575419374,1.8368503656594153
S187,dev,TANGENTIAL_SHIFT,D_VECTOR,ENG_PAIR_1_POS_X,13013,12.120857156782352,-2.442133439024312,11.872285478420793,6.619021073685681
S187,dev,TANGENTIAL_SHIFT,D_VECTOR,ENG_PAIR_2_NEG_X,13846,7.517825052478903,-0.14880737651316378,7.516352166069302,4.568959886594009
S187,dev,TANGENTIAL_SHIFT,D_VECTOR,ENG_PAIR_2_POS_X,13694,19.75964728137578,-2.669124178421483,19.578545318908326,10.810744624346333
S187,dev,TANGENTIAL_SHIFT,D_VECTOR,ENG_PAIR_3_NEG_X,14459,3.844106884092357,-0.2658082890940685,3.8349059557928062,2.045813127450985
S187,dev,TANGENTIAL_SHIFT,D_VECTOR,ENG_PAIR_3_POS_X,14436,12.543454914118717,-1.636790514061556,12.436204324294735,7.809083613465405
S187,dev,TANGENTIAL_SHIFT,D_NORMAL,ENG_MID_UP,12866,5.403963386660863,0.6318580581909538,5.366896279850236,1.3028736919011643
S187,dev,TANGENTIAL_SHIFT,D_NORMAL,ENG_MID_DOWN,14858,6.975502291046621,-0.04194753575266261,6.975376163092636,0.3852190100726308
S187,dev,TANGENTIAL_SHIFT,D_NORMAL,ENG_PAIR_1_NEG_X,13030,3.4032729435600615,-0.23027246967848242,3.3954736515066846,1.8543337110642628
S187,dev,TANGENTIAL_SHIFT,D_NORMAL,ENG_PAIR_1_POS_X,13013,12.238663639083617,-2.403612072969493,12.000314023945485,6.63442699610074
S187,dev,TANGENTIAL_SHIFT,D_NORMAL,ENG_PAIR_2_NEG_X,13846,7.59645282004342,-0.1644074171207493,7.594673505052163,4.610176336728224
S187,dev,TANGENTIAL_SHIFT,D_NORMAL,ENG_PAIR_2_POS_X,13694,19.848801111729955,-2.632120039245659,19.673506288204287,10.836734713168427
S187,dev,TANGENTIAL_SHIFT,D_NORMAL,ENG_PAIR_3_NEG_X,14459,3.783372619500289,-0.27036899872711534,3.7736996412687343,2.0225722180167733
S187,dev,TANGENTIAL_SHIFT,D_NORMAL,ENG_PAIR_3_POS_X,14436,12.765107241338065,-1.648254785980895,12.658247076248456,7.894087068672177
S188,consumed_test,RIGID_ONLY,INITIAL,ENG_MID_UP,12866,42.94881643061871,-40.20760262214602,15.097997356291334,2.12314075265719
S188,consumed_test,RIGID_ONLY,INITIAL,ENG_MID_DOWN,14858,52.52474024455265,-46.332854678734684,24.740956228023663,2.369359503373782
S188,consumed_test,RIGID_ONLY,INITIAL,ENG_PAIR_1_NEG_X,13030,45.04894514851007,-25.95278725544175,36.82200826499349,2.4440551242669715
S188,consumed_test,RIGID_ONLY,INITIAL,ENG_PAIR_1_POS_X,13013,42.58861490194578,-40.81344834419284,12.16768480534162,1.4659595084594825
S188,consumed_test,RIGID_ONLY,INITIAL,ENG_PAIR_2_NEG_X,13846,48.47930096490934,-32.813478093175014,35.68638784571763,2.4486943971923263
S188,consumed_test,RIGID_ONLY,INITIAL,ENG_PAIR_2_POS_X,13694,46.28055268001581,-45.83209315219781,6.427191739475401,1.47874003773099
S188,consumed_test,RIGID_ONLY,INITIAL,ENG_PAIR_3_NEG_X,14459,52.70679578599656,-39.92322217671709,34.41137389084065,2.4494314220269118
S188,consumed_test,RIGID_ONLY,INITIAL,ENG_PAIR_3_POS_X,14436,50.1674543973916,-43.42807786801382,25.115245039698376,2.1901331474697936
S188,consumed_test,RIGID_ONLY,RIGID,ENG_MID_UP,12866,0.42537747940168674,-0.42523729535109733,0.010919827133064794,0.007704764654933835
S188,consumed_test,RIGID_ONLY,RIGID,ENG_MID_DOWN,14858,0.47026923382322533,-0.4344195373015474,0.1800911377369605,0.007862571868727583
S188,consumed_test,RIGID_ONLY,RIGID,ENG_PAIR_1_NEG_X,13030,0.4327838505306326,-0.34050554780776116,0.267128870008948,0.007533820474585441
S188,consumed_test,RIGID_ONLY,RIGID,ENG_PAIR_1_POS_X,13013,0.4274479918713968,-0.3699697707273963,0.21408912747453465,0.006609979148008726
S188,consumed_test,RIGID_ONLY,RIGID,ENG_PAIR_2_NEG_X,13846,0.45026737290037333,-0.3778054324885858,0.24495665388128665,0.007316096575352122
S188,consumed_test,RIGID_ONLY,RIGID,ENG_PAIR_2_POS_X,13694,0.44542912128396006,-0.4047194132113575,0.18603574564490344,0.006520761607892766
S188,consumed_test,RIGID_ONLY,RIGID,ENG_PAIR_3_NEG_X,14459,0.46839618532682004,-0.39250018813566095,0.2556141403408416,0.007616400145501917
S188,consumed_test,RIGID_ONLY,RIGID,ENG_PAIR_3_POS_X,14436,0.4628127354636967,-0.4044142651412888,0.2250438407458001,0.0075839234335738056
S188,consumed_test,RIGID_ONLY,D_VECTOR,ENG_MID_UP,12866,0.05329504024473604,0.03739244825537328,0.03797586244125688,0.4819591910536809
S188,consumed_test,RIGID_ONLY,D_VECTOR,ENG_MID_DOWN,14858,0.16133985288408825,-0.03619830125334639,0.15722668703191334,0.11458061786652897
S188,consumed_test,RIGID_ONLY,D_VECTOR,ENG_PAIR_1_NEG_X,13030,0.45049241055082595,-0.41723400190694004,0.16987995648873194,0.34687792647028354
S188,consumed_test,RIGID_ONLY,D_VECTOR,ENG_PAIR_1_POS_X,13013,0.4414823208992348,-0.4192123119915834,0.13844738040586516,0.36923662315911926
S188,consumed_test,RIGID_ONLY,D_VECTOR,ENG_PAIR_2_NEG_X,13846,0.19437874773872696,-0.1270048841667512,0.1471490977555274,0.28827032217567716
S188,consumed_test,RIGID_ONLY,D_VECTOR,ENG_PAIR_2_POS_X,13694,0.15994851645567817,-0.11729014963039401,0.10874993662550857,0.318845718848564
S188,consumed_test,RIGID_ONLY,D_VECTOR,ENG_PAIR_3_NEG_X,14459,0.40252789164027325,-0.3477234514125923,0.2027735310292695,0.3490185475965011
S188,consumed_test,RIGID_ONLY,D_VECTOR,ENG_PAIR_3_POS_X,14436,0.34345023556288184,-0.28688657742001744,0.18882308122797747,0.15823109277209718
S188,consumed_test,RIGID_ONLY,D_NORMAL,ENG_MID_UP,12866,0.05226644099837637,0.03054678194558952,0.04241078833746627,0.48933198206787926
S188,consumed_test,RIGID_ONLY,D_NORMAL,ENG_MID_DOWN,14858,0.18469575095628712,-0.03656730227359674,0.18103964434824282,0.11099509500576965
S188,consumed_test,RIGID_ONLY,D_NORMAL,ENG_PAIR_1_NEG_X,13030,0.4883361127670841,-0.4144685132645068,0.2582402186817066,0.36626175909489594
S188,consumed_test,RIGID_ONLY,D_NORMAL,ENG_PAIR_1_POS_X,13013,0.46820485871182194,-0.4199381444505242,0.20704527175670506,0.38183204969538403
S188,consumed_test,RIGID_ONLY,D_NORMAL,ENG_PAIR_2_NEG_X,13846,0.28804119225668756,-0.13939295471197696,0.2520661274612651,0.33184402119836043
S188,consumed_test,RIGID_ONLY,D_NORMAL,ENG_PAIR_2_POS_X,13694,0.2337361156986339,-0.1324571549145295,0.1925816032071431,0.3409342784374533
S188,consumed_test,RIGID_ONLY,D_NORMAL,ENG_PAIR_3_NEG_X,14459,0.440809508278578,-0.3598091340795559,0.25465743582648814,0.39086097987669216
S188,consumed_test,RIGID_ONLY,D_NORMAL,ENG_PAIR_3_POS_X,14436,0.3694982794966638,-0.2929565450176843,0.22517868745131317,0.2003079587948805
S188,consumed_test,NORMAL_BUMP,INITIAL,ENG_MID_UP,12866,40.32197963168668,-37.23510848213806,15.472838709867228,1.9959224454014115
S188,consumed_test,NORMAL_BUMP,INITIAL,ENG_MID_DOWN,14858,49.169011807218546,-42.53307078500247,24.668392969473413,4.653681995093943
S188,consumed_test,NORMAL_BUMP,INITIAL,ENG_PAIR_1_NEG_X,13030,44.077840938257026,-24.01423299339941,36.96177316521779,2.588145131203312
S188,consumed_test,NORMAL_BUMP,INITIAL,ENG_PAIR_1_POS_X,13013,35.74827488759566,-33.69065223444429,11.953204986815722,1.3911049687544976
S188,consumed_test,NORMAL_BUMP,INITIAL,ENG_PAIR_2_NEG_X,13846,45.89980702013652,-28.56872640178049,35.92520224391206,3.362091970012623
S188,consumed_test,NORMAL_BUMP,INITIAL,ENG_PAIR_2_POS_X,13694,34.65617750323945,-33.99171320200089,6.753819121723519,1.330770812315807
S188,consumed_test,NORMAL_BUMP,INITIAL,ENG_PAIR_3_NEG_X,14459,51.239112092431,-37.92660078657501,34.45315023037047,4.0913766203764945
S188,consumed_test,NORMAL_BUMP,INITIAL,ENG_PAIR_3_POS_X,14436,43.726249717883455,-36.055694512012394,24.73806394298354,4.657367230238566
S188,consumed_test,NORMAL_BUMP,RIGID,ENG_MID_UP,12866,1.2045531463756531,0.9383360691135334,0.7552970964091205,2.259719514022617
S188,consumed_test,NORMAL_BUMP,RIGID,ENG_MID_DOWN,14858,2.477096044076807,2.2478263225555057,1.0408081644604632,2.2648523950614745
S188,consumed_test,NORMAL_BUMP,RIGID,ENG_PAIR_1_NEG_X,13030,1.6434360813845865,0.5737863016307888,1.540016699148937,1.8916329463591617
S188,consumed_test,NORMAL_BUMP,RIGID,ENG_PAIR_1_POS_X,13013,5.192695977512917,5.06951036423456,1.1243470023961502,2.87533371618598
S188,consumed_test,NORMAL_BUMP,RIGID,ENG_PAIR_2_NEG_X,13846,3.310569853339337,2.9078465636650104,1.5824983778888464,2.5642051553997924
S188,consumed_test,NORMAL_BUMP,RIGID,ENG_PAIR_2_POS_X,13694,9.906064241516434,9.799018576074532,1.4523579802503246,0.24583528027649554
S188,consumed_test,NORMAL_BUMP,RIGID,ENG_PAIR_3_NEG_X,14459,1.544728088548463,0.7372888536452691,1.3574203526693687,1.8913567873114698
S188,consumed_test,NORMAL_BUMP,RIGID,ENG_PAIR_3_POS_X,14436,5.835869212686629,5.739301562789574,1.0572544816385472,2.8895060038128246
S188,consumed_test,NORMAL_BUMP,D_VECTOR,ENG_MID_UP,12866,1.1027559187666123,-0.29194810663422915,1.0634081621877294,0.2557417399075669
S188,consumed_test,NORMAL_BUMP,D_VECTOR,ENG_MID_DOWN,14858,1.1814308699610643,-0.044208461585096004,1.1806034526551394,0.6855603780896827
S188,consumed_test,NORMAL_BUMP,D_VECTOR,ENG_PAIR_1_NEG_X,13030,1.8015920787634465,-0.6318955233289699,1.6871402033796727,0.7392299456710417
S188,consumed_test,NORMAL_BUMP,D_VECTOR,ENG_PAIR_1_POS_X,13013,0.9968370710884978,0.16922840828329222,0.9823674934189334,0.6920192920109065
S188,consumed_test,NORMAL_BUMP,D_VECTOR,ENG_PAIR_2_NEG_X,13846,1.8800776119505853,-0.05473377089819613,1.8792807244478082,1.2140752278530638
S188,consumed_test,NORMAL_BUMP,D_VECTOR,ENG_PAIR_2_POS_X,13694,0.8486993565454916,0.42827447340922487,0.7327152060840436,0.2735487696190816
S188,consumed_test,NORMAL_BUMP,D_VECTOR,ENG_PAIR_3_NEG_X,14459,1.5280130565887298,-0.43236551842080917,1.4655660884403467,0.7634700941487333
S188,consumed_test,NORMAL_BUMP,D_VECTOR,ENG_PAIR_3_POS_X,14436,1.7397796087246273,0.022062058042238708,1.739639719174335,0.47335917648872006
S188,consumed_test,NORMAL_BUMP,D_NORMAL,ENG_MID_UP,12866,0.6347108391324956,-0.24030708639073817,0.5874609378866573,0.34485570906676744
S188,consumed_test,NORMAL_BUMP,D_NORMAL,ENG_MID_DOWN,14858,1.075064043246032,-0.051755956990843344,1.0738174975276145,0.6523484731514149
S188,consumed_test,NORMAL_BUMP,D_NORMAL,ENG_PAIR_1_NEG_X,13030,1.5653271447985002,-0.5962588091294441,1.447316310548099,0.5740894067608817
S188,consumed_test,NORMAL_BUMP,D_NORMAL,ENG_PAIR_1_POS_X,13013,1.008361019229261,0.3364492447750441,0.9505755366047332,0.8071075694994778
S188,consumed_test,NORMAL_BUMP,D_NORMAL,ENG_PAIR_2_NEG_X,13846,1.3159427240818564,0.03225556864812501,1.3155473504800819,0.8642862737319984
S188,consumed_test,NORMAL_BUMP,D_NORMAL,ENG_PAIR_2_POS_X,13694,0.8941858797696046,0.64986046811618,0.6142066098302438,0.2317470596055263
S188,consumed_test,NORMAL_BUMP,D_NORMAL,ENG_PAIR_3_NEG_X,14459,1.3775061860317446,-0.41729739315627407,1.3127780384439334,0.7090236498810171
S188,consumed_test,NORMAL_BUMP,D_NORMAL,ENG_PAIR_3_POS_X,14436,1.3864711492939776,0.05698859678297474,1.3852994433194836,0.7262636078984592
S188,consumed_test,TANGENTIAL_SHIFT,INITIAL,ENG_MID_UP,12866,40.858535185802786,-39.57075930009728,10.177175735106912,2.2532662052030608
S188,consumed_test,TANGENTIAL_SHIFT,INITIAL,ENG_MID_DOWN,14858,51.15079960833388,-46.23693296853171,21.875793248141534,2.616307231161883
S188,consumed_test,TANGENTIAL_SHIFT,INITIAL,ENG_PAIR_1_NEG_X,13030,42.535290429955786,-25.681030752789034,33.90775119990992,2.5980138788579885
S188,consumed_test,TANGENTIAL_SHIFT,INITIAL,ENG_PAIR_1_POS_X,13013,44.76169585202676,-42.07796099264651,15.26612636691668,6.388592582593921
S188,consumed_test,TANGENTIAL_SHIFT,INITIAL,ENG_PAIR_2_NEG_X,13846,43.24060821697148,-32.4209853840198,28.611709241196973,4.296868223496077
S188,consumed_test,TANGENTIAL_SHIFT,INITIAL,ENG_PAIR_2_POS_X,13694,53.436752834773266,-46.707457711662,25.959582963482944,9.465880639850885
S188,consumed_test,TANGENTIAL_SHIFT,INITIAL,ENG_PAIR_3_NEG_X,14459,50.9966138651447,-39.64875141731027,32.07227988090348,2.331856372086811
S188,consumed_test,TANGENTIAL_SHIFT,INITIAL,ENG_PAIR_3_POS_X,14436,51.63118788552886,-43.91119124204674,27.158550148621337,7.06070741038818
S188,consumed_test,TANGENTIAL_SHIFT,RIGID,ENG_MID_UP,12866,4.806882616823889,0.02699280360181895,4.806806827872052,0.9240154665036954
S188,consumed_test,TANGENTIAL_SHIFT,RIGID,ENG_MID_DOWN,14858,6.190172875975568,-0.5179042477640806,6.1684694555952495,0.49547844047846684
S188,consumed_test,TANGENTIAL_SHIFT,RIGID,ENG_PAIR_1_NEG_X,13030,2.8306835102308114,-0.09179499866735563,2.8291947287721797,1.8006810345087527
S188,consumed_test,TANGENTIAL_SHIFT,RIGID,ENG_PAIR_1_POS_X,13013,12.031149233179477,-1.8735649002712431,11.884372361866937,6.275949889615434
S188,consumed_test,TANGENTIAL_SHIFT,RIGID,ENG_PAIR_2_NEG_X,13846,6.664057633202055,-0.07044540461782467,6.6636852854563,3.762428272625858
S188,consumed_test,TANGENTIAL_SHIFT,RIGID,ENG_PAIR_2_POS_X,13694,19.9326786029742,-1.6306221824469531,19.865868910963282,10.09398432292233
S188,consumed_test,TANGENTIAL_SHIFT,RIGID,ENG_PAIR_3_NEG_X,14459,3.0648486332760103,-0.19685194056092303,3.0585203053750076,1.9313637071869594
S188,consumed_test,TANGENTIAL_SHIFT,RIGID,ENG_PAIR_3_POS_X,14436,12.311274163792381,-1.230402034507383,12.249636009675628,7.6614024617420595
S188,consumed_test,TANGENTIAL_SHIFT,D_VECTOR,ENG_MID_UP,12866,4.6887713550054855,0.6508372388070328,4.643381064278702,1.3903894488792146
S188,consumed_test,TANGENTIAL_SHIFT,D_VECTOR,ENG_MID_DOWN,14858,6.138930987765867,-0.026356067800743718,6.138874410691432,0.5089554552039985
S188,consumed_test,TANGENTIAL_SHIFT,D_VECTOR,ENG_PAIR_1_NEG_X,13030,2.9115082348963504,-0.2809899573002965,2.8979173290081337,1.4964164608093666
S188,consumed_test,TANGENTIAL_SHIFT,D_VECTOR,ENG_PAIR_1_POS_X,13013,11.876065352124519,-2.623390119093513,11.582691938015747,6.65731909711733
S188,consumed_test,TANGENTIAL_SHIFT,D_VECTOR,ENG_PAIR_2_NEG_X,13846,6.6198864349635995,-0.12322152871707785,6.618739522497898,3.6609561376713096
S188,consumed_test,TANGENTIAL_SHIFT,D_VECTOR,ENG_PAIR_2_POS_X,13694,19.644118882335224,-2.890420038118706,19.430308249396383,10.641898948875449
S188,consumed_test,TANGENTIAL_SHIFT,D_VECTOR,ENG_PAIR_3_NEG_X,14459,3.1626954452019085,-0.22980063730530031,3.1543357694124725,1.5255698753569176
S188,consumed_test,TANGENTIAL_SHIFT,D_VECTOR,ENG_PAIR_3_POS_X,14436,12.039907020462785,-1.823224294193534,11.901059374461228,7.875766870427165
S188,consumed_test,TANGENTIAL_SHIFT,D_NORMAL,ENG_MID_UP,12866,4.770778641293528,0.6457637433696092,4.726871907717808,1.3930021933587111
S188,consumed_test,TANGENTIAL_SHIFT,D_NORMAL,ENG_MID_DOWN,14858,6.165390220148808,-0.026866603194830557,6.1653316822649,0.5106549693393645
S188,consumed_test,TANGENTIAL_SHIFT,D_NORMAL,ENG_PAIR_1_NEG_X,13030,2.8646995505509065,-0.27593001600971007,2.85137969081486,1.5142670502916573
S188,consumed_test,TANGENTIAL_SHIFT,D_NORMAL,ENG_PAIR_1_POS_X,13013,12.006367061102646,-2.5949737781992233,11.722583379801101,6.686366801508833
S188,consumed_test,TANGENTIAL_SHIFT,D_NORMAL,ENG_PAIR_2_NEG_X,13846,6.665171507782432,-0.13725664382377387,6.663758086986725,3.6945141240288946
S188,consumed_test,TANGENTIAL_SHIFT,D_NORMAL,ENG_PAIR_2_POS_X,13694,19.77294709013328,-2.8637525439191434,19.56446671893734,10.669959893482911
S188,consumed_test,TANGENTIAL_SHIFT,D_NORMAL,ENG_PAIR_3_NEG_X,14459,3.0747028175396536,-0.23883621047595524,3.0654126444496455,1.489677838227709
S188,consumed_test,TANGENTIAL_SHIFT,D_NORMAL,ENG_PAIR_3_POS_X,14436,12.275613757147454,-1.8485453678888721,12.1356323748507,7.983168995567142
S196,consumed_test,RIGID_ONLY,INITIAL,ENG_MID_UP,12866,36.38406988242412,-28.780601195564728,22.259324698448953,2.1886459668659226
S196,consumed_test,RIGID_ONLY,INITIAL,ENG_MID_DOWN,14858,43.40323126366131,-33.20233245715132,27.954348562105004,2.4004158198315215
S196,consumed_test,RIGID_ONLY,INITIAL,ENG_PAIR_1_NEG_X,13030,38.55407639006316,-30.125635329855044,24.059569868628476,2.2215080202010626
S196,consumed_test,RIGID_ONLY,INITIAL,ENG_PAIR_1_POS_X,13013,36.12662804664292,-33.455726062575444,13.632595044465937,1.7867762052441867
S196,consumed_test,RIGID_ONLY,INITIAL,ENG_PAIR_2_NEG_X,13846,40.8834992522029,-26.044338742050083,31.514328972615367,2.440778664304974
S196,consumed_test,RIGID_ONLY,INITIAL,ENG_PAIR_2_POS_X,13694,38.5702854904418,-37.544344715807384,8.836803872148069,1.5270141528298895
S196,consumed_test,RIGID_ONLY,INITIAL,ENG_PAIR_3_NEG_X,14459,43.97658310864481,-27.488151600889832,34.32697748823864,2.447638909007543
S196,consumed_test,RIGID_ONLY,INITIAL,ENG_PAIR_3_POS_X,14436,41.311135389093806,-30.07511001410971,28.321328796072343,2.2991088039725236
S196,consumed_test,RIGID_ONLY,RIGID,ENG_MID_UP,12866,0.35878182455714697,-0.3573634467827572,0.03187106110726111,0.009726882381673288
S196,consumed_test,RIGID_ONLY,RIGID,ENG_MID_DOWN,14858,0.4209377470294393,-0.41707863327912803,0.05686827354716234,0.011009164684003111
S196,consumed_test,RIGID_ONLY,RIGID,ENG_PAIR_1_NEG_X,13030,0.3721043493487607,-0.30141375490723565,0.21820035553817368,0.011325307854323265
S196,consumed_test,RIGID_ONLY,RIGID,ENG_PAIR_1_POS_X,13013,0.3640936206824045,-0.31560855280322747,0.18153623885900858,0.009427895305502301
S196,consumed_test,RIGID_ONLY,RIGID,ENG_PAIR_2_NEG_X,13846,0.3918879475539238,-0.3195369220775135,0.22687511733827487,0.01183543376633205
S196,consumed_test,RIGID_ONLY,RIGID,ENG_PAIR_2_POS_X,13694,0.3860801037412498,-0.3343990398466288,0.19296406052554693,0.007074874748410649
S196,consumed_test,RIGID_ONLY,RIGID,ENG_PAIR_3_NEG_X,14459,0.4166776368062839,-0.3899314545105764,0.14687992986700318,0.011732466883181622
S196,consumed_test,RIGID_ONLY,RIGID,ENG_PAIR_3_POS_X,14436,0.41147175620834175,-0.38902454552392207,0.13404815976761095,0.009582571485433865
S196,consumed_test,RIGID_ONLY,D_VECTOR,ENG_MID_UP,12866,0.11141896350644609,0.07545243034357944,0.08198241387089096,0.6341092167120317
S196,consumed_test,RIGID_ONLY,D_VECTOR,ENG_MID_DOWN,14858,0.04952225548283557,-0.020582514309233586,0.04504235665257127,0.06517366561005271
S196,consumed_test,RIGID_ONLY,D_VECTOR,ENG_PAIR_1_NEG_X,13030,0.3844464236537976,-0.3016639303804201,0.23832315407369098,0.45972658704725927
S196,consumed_test,RIGID_ONLY,D_VECTOR,ENG_PAIR_1_POS_X,13013,0.354695687981397,-0.31235461519339075,0.16805839889748242,0.5215440065614623
S196,consumed_test,RIGID_ONLY,D_VECTOR,ENG_PAIR_2_NEG_X,13846,0.20039215533271687,-0.08513526213297826,0.1814083875140309,0.2469136399437899
S196,consumed_test,RIGID_ONLY,D_VECTOR,ENG_PAIR_2_POS_X,13694,0.17776956931666124,-0.13462609315300209,0.1160940774432117,0.5441868585403612
S196,consumed_test,RIGID_ONLY,D_VECTOR,ENG_PAIR_3_NEG_X,14459,0.32949478484225403,-0.31962724328689307,0.08003273447199315,0.30164275375409594
S196,consumed_test,RIGID_ONLY,D_VECTOR,ENG_PAIR_3_POS_X,14436,0.37731462013108413,-0.3654142231718045,0.09401472261518955,0.3975371392527223
S196,consumed_test,RIGID_ONLY,D_NORMAL,ENG_MID_UP,12866,0.0939224428919422,0.06951839941015611,0.06315550191582796,0.6342291088173412
S196,consumed_test,RIGID_ONLY,D_NORMAL,ENG_MID_DOWN,14858,0.06315295094213834,-0.021107650820450692,0.05952110793274987,0.06761694135119407
S196,consumed_test,RIGID_ONLY,D_NORMAL,ENG_PAIR_1_NEG_X,13030,0.36357699102984553,-0.2912566516062584,0.21761845349470477,0.43711961160894486
S196,consumed_test,RIGID_ONLY,D_NORMAL,ENG_PAIR_1_POS_X,13013,0.37067027977087547,-0.3235271428537101,0.18090506942132425,0.5324566541653363
S196,consumed_test,RIGID_ONLY,D_NORMAL,ENG_PAIR_2_NEG_X,13846,0.24613110707731575,-0.09724821949811556,0.2261046343522207,0.28031294356876096
S196,consumed_test,RIGID_ONLY,D_NORMAL,ENG_PAIR_2_POS_X,13694,0.23426344890829065,-0.14239491679727562,0.18601895377811437,0.5860222832163346
S196,consumed_test,RIGID_ONLY,D_NORMAL,ENG_PAIR_3_NEG_X,14459,0.36229789444905974,-0.33117089048157516,0.14692040572998233,0.3464788446334427
S196,consumed_test,RIGID_ONLY,D_NORMAL,ENG_PAIR_3_POS_X,14436,0.39691232884584177,-0.37417084671503087,0.13242195534875079,0.43958671837328306
S196,consumed_test,NORMAL_BUMP,INITIAL,ENG_MID_UP,12866,34.285651601921,-25.789207644877642,22.592535820878823,2.7472687929269197
S196,consumed_test,NORMAL_BUMP,INITIAL,ENG_MID_DOWN,14858,40.438653369951226,-29.247278771629134,27.926356203946106,4.763056170581949
S196,consumed_test,NORMAL_BUMP,INITIAL,ENG_PAIR_1_NEG_X,13030,36.688023649979485,-27.458395741251294,24.332027919149816,3.4307812958175625
S196,consumed_test,NORMAL_BUMP,INITIAL,ENG_PAIR_1_POS_X,13013,29.29249880091651,-26.185072786593878,13.12983050775888,1.5347785187751002
S196,consumed_test,NORMAL_BUMP,INITIAL,ENG_PAIR_2_NEG_X,13846,38.14811387432898,-20.954281093373872,31.87784020332377,3.986881091247159
S196,consumed_test,NORMAL_BUMP,INITIAL,ENG_PAIR_2_POS_X,13694,27.538929936468346,-25.732623999394033,9.809420174073628,1.3081454804067092
S196,consumed_test,NORMAL_BUMP,INITIAL,ENG_PAIR_3_NEG_X,14459,42.5850633350535,-25.199024065157392,34.32924125893459,4.2919951610635225
S196,consumed_test,NORMAL_BUMP,INITIAL,ENG_PAIR_3_POS_X,14436,35.86790038223902,-22.713693877007852,27.759581918533968,4.583940727034626
S196,consumed_test,NORMAL_BUMP,RIGID,ENG_MID_UP,12866,0.7656077480021157,0.39375037203742336,0.6565941427710589,2.2875043376498865
S196,consumed_test,NORMAL_BUMP,RIGID,ENG_MID_DOWN,14858,2.0191776680812987,1.9722775317855337,0.43266591371657104,2.2359095753986007
S196,consumed_test,NORMAL_BUMP,RIGID,ENG_PAIR_1_NEG_X,13030,1.773438571728142,0.8456423006098619,1.5588372163610966,2.539836508414979
S196,consumed_test,NORMAL_BUMP,RIGID,ENG_PAIR_1_POS_X,13013,5.001727328365642,4.857231104651334,1.1935586551683526,2.882205196307905
S196,consumed_test,NORMAL_BUMP,RIGID,ENG_PAIR_2_NEG_X,13846,3.914291320072836,3.558578192230267,1.6303980459325602,3.029981760170763
S196,consumed_test,NORMAL_BUMP,RIGID,ENG_PAIR_2_POS_X,13694,9.594355074257274,9.517431880334708,1.2124931728116262,0.42272338677745336
S196,consumed_test,NORMAL_BUMP,RIGID,ENG_PAIR_3_NEG_X,14459,1.1660650120890172,0.567952403193945,1.0183995680107008,1.8841620447183216
S196,consumed_test,NORMAL_BUMP,RIGID,ENG_PAIR_3_POS_X,14436,5.2186831284518815,5.170644681296004,0.7064610215529751,2.7978916538688585
S196,consumed_test,NORMAL_BUMP,D_VECTOR,ENG_MID_UP,12866,0.81840842988264,-0.21390092678457928,0.7899612342537234,0.15872886466456593
S196,consumed_test,NORMAL_BUMP,D_VECTOR,ENG_MID_DOWN,14858,0.5662130907622445,-0.03102270404622913,0.565362588065565,0.649119855304922
S196,consumed_test,NORMAL_BUMP,D_VECTOR,ENG_PAIR_1_NEG_X,13030,1.5971189265107495,-0.4644444265597087,1.5280969341165738,0.6363215850009888
S196,consumed_test,NORMAL_BUMP,D_VECTOR,ENG_PAIR_1_POS_X,13013,1.5201269683743521,0.026854240271657503,1.519889749211577,0.7030790737039572
S196,consumed_test,NORMAL_BUMP,D_VECTOR,ENG_PAIR_2_NEG_X,13846,2.0048417444030115,0.03583743195446564,2.0045214138471605,1.5485265478849588
S196,consumed_test,NORMAL_BUMP,D_VECTOR,ENG_PAIR_2_POS_X,13694,1.5727467110141164,0.4804096451293224,1.4975776406825922,0.571094441656058
S196,consumed_test,NORMAL_BUMP,D_VECTOR,ENG_PAIR_3_NEG_X,14459,1.1195589748618429,-0.43703278068264106,1.030735003190684,0.5979218921861765
S196,consumed_test,NORMAL_BUMP,D_VECTOR,ENG_PAIR_3_POS_X,14436,1.0209257482213794,0.004148032084677955,1.0209173214375433,0.5474082789938558
S196,consumed_test,NORMAL_BUMP,D_NORMAL,ENG_MID_UP,12866,0.5817088967011131,-0.1824198301308566,0.5523660435583055,0.24111419897169448
S196,consumed_test,NORMAL_BUMP,D_NORMAL,ENG_MID_DOWN,14858,0.4137613589181808,-0.019516725003200786,0.41330081003909136,0.7858040917945696
S196,consumed_test,NORMAL_BUMP,D_NORMAL,ENG_PAIR_1_NEG_X,13030,1.5658069090152509,-0.41806635263028324,1.5089638170341613,0.560036306171851
S196,consumed_test,NORMAL_BUMP,D_NORMAL,ENG_PAIR_1_POS_X,13013,1.4272780915043257,0.12035716945117933,1.4221943967861532,0.5830671895849885
S196,consumed_test,NORMAL_BUMP,D_NORMAL,ENG_PAIR_2_NEG_X,13846,1.481696630571322,0.18711937714483545,1.469833746973901,1.1566778697659448
S196,consumed_test,NORMAL_BUMP,D_NORMAL,ENG_PAIR_2_POS_X,13694,1.289686396566963,0.8130308895157279,1.001135242703573,0.6634032563298206
S196,consumed_test,NORMAL_BUMP,D_NORMAL,ENG_PAIR_3_NEG_X,14459,1.0353889503644027,-0.4264366394577459,0.943494605742229,0.5832937775845969
S196,consumed_test,NORMAL_BUMP,D_NORMAL,ENG_PAIR_3_POS_X,14436,0.776881105163521,0.06291567041306612,0.7743293033177604,0.7548116756264409
S196,consumed_test,TANGENTIAL_SHIFT,INITIAL,ENG_MID_UP,12866,33.80878689484854,-27.797310034139905,19.244314125662868,3.906697782157437
S196,consumed_test,TANGENTIAL_SHIFT,INITIAL,ENG_MID_DOWN,14858,41.49509686976218,-33.066136907272224,25.06937682233997,2.8205308848869475
S196,consumed_test,TANGENTIAL_SHIFT,INITIAL,ENG_PAIR_1_NEG_X,13030,35.56755938252947,-29.67314210117369,19.61009735501875,1.9786034221235613
S196,consumed_test,TANGENTIAL_SHIFT,INITIAL,ENG_PAIR_1_POS_X,13013,34.6738200668502,-34.34901711138566,4.734851793883146,5.513566998047824
S196,consumed_test,TANGENTIAL_SHIFT,INITIAL,ENG_PAIR_2_NEG_X,13846,34.68213649686223,-25.532224049296925,23.472454645466602,5.083353993375353
S196,consumed_test,TANGENTIAL_SHIFT,INITIAL,ENG_PAIR_2_POS_X,13694,44.17477380383242,-38.08856181273502,22.37570333324123,10.760797809030771
S196,consumed_test,TANGENTIAL_SHIFT,INITIAL,ENG_PAIR_3_NEG_X,14459,41.93165269888075,-27.143259831381485,31.9610222581454,1.8875555765820677
S196,consumed_test,TANGENTIAL_SHIFT,INITIAL,ENG_PAIR_3_POS_X,14436,41.68205353623539,-30.516028636603185,28.39305519396614,7.95954352629541
S196,consumed_test,TANGENTIAL_SHIFT,RIGID,ENG_MID_UP,12866,4.87912442540186,0.334927897745261,4.867615274635514,2.292524749027994
S196,consumed_test,TANGENTIAL_SHIFT,RIGID,ENG_MID_DOWN,14858,6.466671411092541,-0.5436749897429076,6.4437765824529984,0.5535473895648966
S196,consumed_test,TANGENTIAL_SHIFT,RIGID,ENG_PAIR_1_NEG_X,13030,4.180772963544892,-0.0005730105551316313,4.180772924276902,2.2035855797508095
S196,consumed_test,TANGENTIAL_SHIFT,RIGID,ENG_PAIR_1_POS_X,13013,12.09453830693599,-1.5810304743959644,11.990754750930957,5.831469202195529
S196,consumed_test,TANGENTIAL_SHIFT,RIGID,ENG_PAIR_2_NEG_X,13846,8.132146157603357,-0.014520923478398833,8.132133193166744,5.5047310562614085
S196,consumed_test,TANGENTIAL_SHIFT,RIGID,ENG_PAIR_2_POS_X,13694,19.885516090441037,-1.4211490186823768,19.834668780947354,11.77177454058916
S196,consumed_test,TANGENTIAL_SHIFT,RIGID,ENG_PAIR_3_NEG_X,14459,3.5714791110646993,-0.19561268880195748,3.566118157990725,2.4583783242154746
S196,consumed_test,TANGENTIAL_SHIFT,RIGID,ENG_PAIR_3_POS_X,14436,12.34005247251381,-1.3013145534874548,12.271245880401711,8.793088671427093
S196,consumed_test,TANGENTIAL_SHIFT,D_VECTOR,ENG_MID_UP,12866,4.739692535990623,1.1191366266757399,4.605672431530284,3.082523273078653
S196,consumed_test,TANGENTIAL_SHIFT,D_VECTOR,ENG_MID_DOWN,14858,6.411476639193104,-0.031381073228894996,6.411399841154965,0.5857108166013663
S196,consumed_test,TANGENTIAL_SHIFT,D_VECTOR,ENG_PAIR_1_NEG_X,13030,4.137222075230076,-0.09346709422799768,4.1361661477831895,1.8017459867798926
S196,consumed_test,TANGENTIAL_SHIFT,D_VECTOR,ENG_PAIR_1_POS_X,13013,11.838681086012969,-2.1850900714765027,11.635280453682926,6.57245931841334
S196,consumed_test,TANGENTIAL_SHIFT,D_VECTOR,ENG_PAIR_2_NEG_X,13846,7.997393441685501,-0.21421413292970862,7.994524011244662,5.659746887408964
S196,consumed_test,TANGENTIAL_SHIFT,D_VECTOR,ENG_PAIR_2_POS_X,13694,19.611538708752704,-2.8583080425563736,19.40212683338513,11.789332147112026
S196,consumed_test,TANGENTIAL_SHIFT,D_VECTOR,ENG_PAIR_3_NEG_X,14459,3.6362586988387102,-0.1654151444802871,3.63249434340327,2.147690035509207
S196,consumed_test,TANGENTIAL_SHIFT,D_VECTOR,ENG_PAIR_3_POS_X,14436,12.08107788888816,-1.8462805400081321,11.939166265906913,8.928752922557774
S196,consumed_test,TANGENTIAL_SHIFT,D_NORMAL,ENG_MID_UP,12866,4.831717360302178,1.1221764228531865,4.699597081222801,3.106158811855669
S196,consumed_test,TANGENTIAL_SHIFT,D_NORMAL,ENG_MID_DOWN,14858,6.4415296248191805,-0.03220193515581554,6.441449133758285,0.5871677621898215
S196,consumed_test,TANGENTIAL_SHIFT,D_NORMAL,ENG_PAIR_1_NEG_X,13030,4.1933480735968125,-0.08775607221059567,4.192429717732698,1.8466550608555827
S196,consumed_test,TANGENTIAL_SHIFT,D_NORMAL,ENG_PAIR_1_POS_X,13013,12.062745064558658,-2.2206719080822346,11.856577700550385,6.701081618436221
S196,consumed_test,TANGENTIAL_SHIFT,D_NORMAL,ENG_PAIR_2_NEG_X,13846,8.124554769024423,-0.22762453247650158,8.121365480452923,5.771878214599252
S196,consumed_test,TANGENTIAL_SHIFT,D_NORMAL,ENG_PAIR_2_POS_X,13694,19.683520354191014,-2.773269407163733,19.4871739954551,11.64509883841497
S196,consumed_test,TANGENTIAL_SHIFT,D_NORMAL,ENG_PAIR_3_NEG_X,14459,3.5715477948804084,-0.16500032962565958,3.567734371045374,2.151465334555443
S196,consumed_test,TANGENTIAL_SHIFT,D_NORMAL,ENG_PAIR_3_POS_X,14436,12.305311545876265,-1.8622427660946608,12.163582700882326,9.065936311669935
