subject,role,seed,method,point_id,face_id,x_m,y_m,z_m,u_px,v_px,inside_rgb,inside_back_roi,visibility,nearest_train_mm,nearest_heldout_mm,binding_recomputed_from_triangles,real_point_accuracy
S103,consumed_test,0,Official,ENG_MID_UP,12866,-0.06229238369066338,-0.3013931061455631,1.593092004442425,224.18179702966506,285.68770202340676,True,True,NOT_VERIFIED,,,False,False
S103,consumed_test,0,Official,ENG_MID_DOWN,14858,-0.06532232039649173,0.005431358849637437,1.566995164596379,222.74150759436995,396.6365303345294,True,False,NOT_VERIFIED,,,False,False
S103,consumed_test,0,Official,ENG_PAIR_1_NEG_X,13030,0.05924840640402004,-0.26525218837581654,1.6193200526428513,266.35746229813947,300.305627310138,True,True,NOT_VERIFIED,,,False,False
S103,consumed_test,0,Official,ENG_PAIR_1_POS_X,13013,-0.1855958115074134,-0.26844520413529005,1.6138648743352924,181.88952409680456,298.84734878403214,True,True,NOT_VERIFIED,,,False,False
S103,consumed_test,0,Official,ENG_PAIR_2_NEG_X,13846,0.04510731705507197,-0.1458415087955705,1.6437606779186427,261.2606589156324,343.5442659002613,True,True,NOT_VERIFIED,,,False,False
S103,consumed_test,0,Official,ENG_PAIR_2_POS_X,13694,-0.17210471627179957,-0.15178652065803164,1.6339541146617884,187.2781546075269,341.1422412349981,True,True,NOT_VERIFIED,,,False,False
S103,consumed_test,0,Official,ENG_PAIR_3_NEG_X,14459,0.04658700798681558,-0.020742577653549782,1.5983780203612872,262.21065120217366,387.16682937942517,True,False,NOT_VERIFIED,,,False,False
S103,consumed_test,0,Official,ENG_PAIR_3_POS_X,14436,-0.17657893960382787,-0.03358570385809432,1.5843743002878594,183.86795742392437,382.4324753978481,True,True,NOT_VERIFIED,,,False,False
S103,consumed_test,0,Rigid,ENG_MID_UP,12866,-0.06260283198797399,-0.31796989054905134,1.5192044710078028,223.00825605692185,274.1048081830164,True,True,NOT_VERIFIED,,,True,False
S103,consumed_test,0,Rigid,ENG_MID_DOWN,14858,-0.07220811715534742,-0.010588360703261464,1.503210362952093,219.20342216992086,390.5838827558467,True,False,NOT_VERIFIED,,,True,False
S103,consumed_test,0,Rigid,ENG_PAIR_1_NEG_X,13030,0.05832057576020451,-0.2801507311132873,1.545915531350353,266.9910962225376,290.2762043116481,True,True,NOT_VERIFIED,,,True,False
S103,consumed_test,0,Rigid,ENG_PAIR_1_POS_X,13013,-0.18643321192631523,-0.2883265253818318,1.5417459791142702,178.58936201513592,286.94000254163205,True,True,NOT_VERIFIED,,,True,False
S103,consumed_test,0,Rigid,ENG_PAIR_2_NEG_X,13846,0.04184341145895762,-0.16192784061654306,1.574342212283014,260.7796758973557,335.40683402114576,True,True,NOT_VERIFIED,,,True,False
S103,consumed_test,0,Rigid,ENG_PAIR_2_POS_X,13694,-0.17525493603383088,-0.17212852781418364,1.5655767820285575,183.59355062136837,331.322867444244,True,True,NOT_VERIFIED,,,True,False
S103,consumed_test,0,Rigid,ENG_PAIR_3_NEG_X,14459,0.04042077634102078,-0.03540853773612363,1.5330825494987446,260.6611797733672,381.33929694257307,True,False,NOT_VERIFIED,,,True,False
S103,consumed_test,0,Rigid,ENG_PAIR_3_POS_X,14436,-0.18251261926965967,-0.05249044306173372,1.519929608285111,179.0595280847183,374.75189709851554,True,True,NOT_VERIFIED,,,True,False
S103,consumed_test,0,RigidD,ENG_MID_UP,12866,-0.06331169236312614,-0.31958213703779115,1.53280546964228,222.9543103951051,274.5686080869327,True,True,NOT_VERIFIED,1.712194551026457,42.24294066707964,True,False
S103,consumed_test,0,RigidD,ENG_MID_DOWN,14858,-0.07209253860485777,-0.01087570790143217,1.499638337761791,219.1826118215106,390.46387201888,True,False,NOT_VERIFIED,1.4765600922631015,71.3545417442505,True,False
S103,consumed_test,0,RigidD,ENG_PAIR_1_NEG_X,13030,0.05201522455565451,-0.28339098988069744,1.5549349943188473,264.60961928006185,289.68148525305327,True,True,NOT_VERIFIED,4.108335093544943,49.500780519371226,True,False
S103,consumed_test,0,RigidD,ENG_PAIR_1_POS_X,13013,-0.1853227424884229,-0.2895321219473627,1.547134290271857,179.2239790993486,286.8663325639379,True,True,NOT_VERIFIED,7.469685850798904,4.972229769536471,True,False
S103,consumed_test,0,RigidD,ENG_PAIR_2_NEG_X,13846,0.041151505289592306,-0.16194773524251357,1.5742099764017405,260.53600914981337,335.39458020488047,True,True,NOT_VERIFIED,1.2354417766015597,26.422410884556907,True,False
S103,consumed_test,0,RigidD,ENG_PAIR_2_POS_X,13694,-0.1807737566241992,-0.1729479480588347,1.5565738005432392,181.2571718076531,330.6534811524956,True,True,NOT_VERIFIED,4.769316428790282,53.994755964194695,True,False
S103,consumed_test,0,RigidD,ENG_PAIR_3_NEG_X,14459,0.03647338838128415,-0.03369291434420081,1.5378704238383312,259.18518595066575,382.02317000882056,True,False,NOT_VERIFIED,2.6156373265450696,33.0391683347229,True,False
S103,consumed_test,0,RigidD,ENG_PAIR_3_POS_X,14436,-0.18161830348230018,-0.05183169437273767,1.5209046451711439,179.43007520496914,375.01408585278506,True,True,NOT_VERIFIED,1.463102035715898,10.242962151536785,True,False
S103,consumed_test,1,Official,ENG_MID_UP,12866,-0.06229238369066338,-0.3013931061455631,1.593092004442425,224.18179702966506,285.68770202340676,True,True,NOT_VERIFIED,,,False,False
S103,consumed_test,1,Official,ENG_MID_DOWN,14858,-0.06532232039649173,0.005431358849637437,1.566995164596379,222.74150759436995,396.6365303345294,True,False,NOT_VERIFIED,,,False,False
S103,consumed_test,1,Official,ENG_PAIR_1_NEG_X,13030,0.05924840640402004,-0.26525218837581654,1.6193200526428513,266.35746229813947,300.305627310138,True,True,NOT_VERIFIED,,,False,False
S103,consumed_test,1,Official,ENG_PAIR_1_POS_X,13013,-0.1855958115074134,-0.26844520413529005,1.6138648743352924,181.88952409680456,298.84734878403214,True,True,NOT_VERIFIED,,,False,False
S103,consumed_test,1,Official,ENG_PAIR_2_NEG_X,13846,0.04510731705507197,-0.1458415087955705,1.6437606779186427,261.2606589156324,343.5442659002613,True,True,NOT_VERIFIED,,,False,False
S103,consumed_test,1,Official,ENG_PAIR_2_POS_X,13694,-0.17210471627179957,-0.15178652065803164,1.6339541146617884,187.2781546075269,341.1422412349981,True,True,NOT_VERIFIED,,,False,False
S103,consumed_test,1,Official,ENG_PAIR_3_NEG_X,14459,0.04658700798681558,-0.020742577653549782,1.5983780203612872,262.21065120217366,387.16682937942517,True,False,NOT_VERIFIED,,,False,False
S103,consumed_test,1,Official,ENG_PAIR_3_POS_X,14436,-0.17657893960382787,-0.03358570385809432,1.5843743002878594,183.86795742392437,382.4324753978481,True,True,NOT_VERIFIED,,,False,False
S103,consumed_test,1,Rigid,ENG_MID_UP,12866,-0.062283031015105426,-0.31646064880266694,1.5200233749346055,223.13786027617454,274.74155917873816,True,True,NOT_VERIFIED,,,True,False
S103,consumed_test,1,Rigid,ENG_MID_DOWN,14858,-0.07279361817081978,-0.009160813753342333,1.503058209969816,218.98365491450173,391.13043792558403,True,False,NOT_VERIFIED,,,True,False
S103,consumed_test,1,Rigid,ENG_PAIR_1_NEG_X,13030,0.058362476171472576,-0.2781684685739896,1.5473109295247698,266.9872278953682,291.10810606560983,True,True,NOT_VERIFIED,,,True,False
S103,consumed_test,1,Rigid,ENG_PAIR_1_POS_X,13013,-0.1863356863894796,-0.28715448256856135,1.5417696159212848,178.6256420299682,287.3794474566682,True,True,NOT_VERIFIED,,,True,False
S103,consumed_test,1,Rigid,ENG_PAIR_2_NEG_X,13846,0.041339807137410874,-0.1599162051569785,1.5752904918046444,260.59262457871847,336.1779088503522,True,True,NOT_VERIFIED,,,True,False
S103,consumed_test,1,Rigid,ENG_PAIR_2_POS_X,13694,-0.17567068287216775,-0.17085054983528578,1.5653171973034292,183.43521043772444,331.78254980715275,True,True,NOT_VERIFIED,,,True,False
S103,consumed_test,1,Rigid,ENG_PAIR_3_NEG_X,14459,0.03974264303464982,-0.03352503612513704,1.5336462950577858,260.4093950137794,382.0514580698092,True,False,NOT_VERIFIED,,,True,False
S103,consumed_test,1,Rigid,ENG_PAIR_3_POS_X,14436,-0.18305538037442354,-0.05137255733980835,1.5192728131507311,178.83153652124858,375.16704668724014,True,True,NOT_VERIFIED,,,True,False
S103,consumed_test,1,RigidD,ENG_MID_UP,12866,-0.06293670577976695,-0.3179465239076397,1.5328597783423719,223.09143864271962,275.1873648082941,True,True,NOT_VERIFIED,1.318282666522026,64.33949533955376,True,False
S103,consumed_test,1,RigidD,ENG_MID_DOWN,14858,-0.07259710394466704,-0.009579965500029606,1.499162119774989,218.98656344406248,390.9603003355961,True,False,NOT_VERIFIED,14.254138916587651,25.72762082443702,True,False
S103,consumed_test,1,RigidD,ENG_PAIR_1_NEG_X,13030,0.05240226753648876,-0.28103903589584045,1.5552139044979363,264.74494961198144,290.5712405008478,True,True,NOT_VERIFIED,4.800152181539813,19.30060262666331,True,False
S103,consumed_test,1,RigidD,ENG_PAIR_1_POS_X,13013,-0.1852361916718548,-0.28829847980148954,1.547073011594592,179.25250870515683,287.32128704824834,True,True,NOT_VERIFIED,7.48671142201822,5.7050810189860535,True,False
S103,consumed_test,1,RigidD,ENG_PAIR_2_NEG_X,13846,0.04076727768038856,-0.1599964266282093,1.5743657760461964,260.39857787936063,336.11422569326663,True,True,NOT_VERIFIED,21.32456377369704,4.03047263699599,True,False
S103,consumed_test,1,RigidD,ENG_PAIR_2_POS_X,13694,-0.18086988937383203,-0.1715985080064753,1.5575000613643044,181.2612643222209,331.1905009885689,True,True,NOT_VERIFIED,6.172814834472621,7.422957228220348,True,False
S103,consumed_test,1,RigidD,ENG_PAIR_3_NEG_X,14459,0.03718393459834625,-0.03252570082146707,1.535976729936198,259.45924833196193,382.44524850754243,True,False,NOT_VERIFIED,28.742856693703608,11.702210542376791,True,False
S103,consumed_test,1,RigidD,ENG_PAIR_3_POS_X,14436,-0.18209181865236604,-0.05074071823051622,1.520357821570438,179.2325982661707,375.42027894942737,True,True,NOT_VERIFIED,0.6818227314917602,4.031468711310044,True,False
S103,consumed_test,2,Official,ENG_MID_UP,12866,-0.06229238369066338,-0.3013931061455631,1.593092004442425,224.18179702966506,285.68770202340676,True,True,NOT_VERIFIED,,,False,False
S103,consumed_test,2,Official,ENG_MID_DOWN,14858,-0.06532232039649173,0.005431358849637437,1.566995164596379,222.74150759436995,396.6365303345294,True,False,NOT_VERIFIED,,,False,False
S103,consumed_test,2,Official,ENG_PAIR_1_NEG_X,13030,0.05924840640402004,-0.26525218837581654,1.6193200526428513,266.35746229813947,300.305627310138,True,True,NOT_VERIFIED,,,False,False
S103,consumed_test,2,Official,ENG_PAIR_1_POS_X,13013,-0.1855958115074134,-0.26844520413529005,1.6138648743352924,181.88952409680456,298.84734878403214,True,True,NOT_VERIFIED,,,False,False
S103,consumed_test,2,Official,ENG_PAIR_2_NEG_X,13846,0.04510731705507197,-0.1458415087955705,1.6437606779186427,261.2606589156324,343.5442659002613,True,True,NOT_VERIFIED,,,False,False
S103,consumed_test,2,Official,ENG_PAIR_2_POS_X,13694,-0.17210471627179957,-0.15178652065803164,1.6339541146617884,187.2781546075269,341.1422412349981,True,True,NOT_VERIFIED,,,False,False
S103,consumed_test,2,Official,ENG_PAIR_3_NEG_X,14459,0.04658700798681558,-0.020742577653549782,1.5983780203612872,262.21065120217366,387.16682937942517,True,False,NOT_VERIFIED,,,False,False
S103,consumed_test,2,Official,ENG_PAIR_3_POS_X,14436,-0.17657893960382787,-0.03358570385809432,1.5843743002878594,183.86795742392437,382.4324753978481,True,True,NOT_VERIFIED,,,False,False
S103,consumed_test,2,Rigid,ENG_MID_UP,12866,-0.08732861483492504,-0.30123600039636445,1.5132958060364343,213.81423867145483,280.0024056723801,True,True,NOT_VERIFIED,,,True,False
S103,consumed_test,2,Rigid,ENG_MID_DOWN,14858,-0.08833218874475653,0.006460112766694075,1.5009033619782066,213.17616079599543,397.11916262943316,True,False,NOT_VERIFIED,,,True,False
S103,consumed_test,2,Rigid,ENG_PAIR_1_NEG_X,13030,0.03521460515810312,-0.26723791323794116,1.5376582650624013,258.7308521719302,294.55199381696247,True,True,NOT_VERIFIED,,,True,False
S103,consumed_test,2,Rigid,ENG_PAIR_1_POS_X,13013,-0.2097053601198748,-0.26829387112241676,1.538977706553843,170.0420418719254,294.2426565006306,True,True,NOT_VERIFIED,,,True,False
S103,consumed_test,2,Rigid,ENG_PAIR_2_NEG_X,13846,0.02283104266127818,-0.14892758235454592,1.5677504227751933,254.0844980188792,339.93329913259157,True,True,NOT_VERIFIED,,,True,False
S103,consumed_test,2,Rigid,ENG_PAIR_2_POS_X,13694,-0.1946144093910107,-0.15275248977437525,1.5638229890131892,176.62549940458624,338.387334436382,True,True,NOT_VERIFIED,,,True,False
S103,consumed_test,2,Rigid,ENG_PAIR_3_NEG_X,14459,0.024168361057084836,-0.02194807356553967,1.5279266410322616,254.78370222520968,386.36785983170273,True,False,NOT_VERIFIED,,,True,False
S103,consumed_test,2,Rigid,ENG_PAIR_3_POS_X,14436,-0.19940719212142485,-0.03243128263628974,1.5196704567360548,172.85340484345056,382.35017367611897,True,True,NOT_VERIFIED,,,True,False
S103,consumed_test,2,RigidD,ENG_MID_UP,12866,-0.0862144629478053,-0.3038183415041566,1.5319953087083695,214.6119669942373,280.43093739468486,True,True,NOT_VERIFIED,1.742262314951202,27.337781215757715,True,False
S103,consumed_test,2,RigidD,ENG_MID_DOWN,14858,-0.08757163865870946,0.00465806883378033,1.4919559511083365,213.26354427681068,396.4384353541402,True,False,NOT_VERIFIED,1.9973025287016353,36.925389010081574,True,False
S103,consumed_test,2,RigidD,ENG_PAIR_1_NEG_X,13030,0.033062772115073455,-0.2696757853909992,1.546903567261053,257.87946423277424,294.2425898790558,True,True,NOT_VERIFIED,2.060637487525941,50.17726101219401,True,False
S103,consumed_test,2,RigidD,ENG_PAIR_1_POS_X,13013,-0.20139559812852148,-0.27256211685438886,1.5528726647004245,173.7032199760337,293.55808548172786,True,True,NOT_VERIFIED,3.1787017599729963,39.30776711201807,True,False
S103,consumed_test,2,RigidD,ENG_PAIR_2_NEG_X,13846,0.02536339539153353,-0.14983527029368476,1.5662244001733148,254.99333972599027,339.54624095128446,True,True,NOT_VERIFIED,1.8301159444679047,138.180385057205,True,False
S103,consumed_test,2,RigidD,ENG_PAIR_2_POS_X,13694,-0.19548819162935538,-0.15367888748445588,1.5607835909457215,176.17851227624192,337.93596751058374,True,True,NOT_VERIFIED,1.7912161187717803,34.167654536605326,True,False
S103,consumed_test,2,RigidD,ENG_PAIR_3_NEG_X,14459,0.02468402376369468,-0.021905124680993527,1.5274359100178714,254.9746500996571,386.38139531257355,True,False,NOT_VERIFIED,1.1781436226017037,89.33710708662913,True,False
S103,consumed_test,2,RigidD,ENG_PAIR_3_POS_X,14436,-0.19684259283969585,-0.031737129033825896,1.5210938957732194,173.86130572022057,382.62448684228735,True,True,NOT_VERIFIED,2.0150312291980264,18.888482403943993,True,False
S104,dev,0,Official,ENG_MID_UP,12866,-0.050924326759324734,-0.23890427109699078,1.9115849492463481,231.23804391946106,316.24865083904456,True,True,NOT_VERIFIED,,,False,False
S104,dev,0,Official,ENG_MID_DOWN,14858,-0.04373618367375426,0.0806010114066592,1.9203995082841805,233.38478366967533,410.9900945480711,True,True,NOT_VERIFIED,,,False,False
S104,dev,0,Official,ENG_PAIR_1_NEG_X,13030,0.06693483943873915,-0.2154700349938818,1.9445742792609446,265.1504772259821,324.2907313012474,True,True,NOT_VERIFIED,,,False,False
S104,dev,0,Official,ENG_PAIR_1_POS_X,13013,-0.1721167183046377,-0.21117520185328184,1.9320873179389315,196.55791435803718,325.1458076390021,True,True,NOT_VERIFIED,,,False,False
S104,dev,0,Official,ENG_PAIR_2_NEG_X,13846,0.04982838044743165,-0.08660749485589014,1.9833859269217553,259.9862640438936,362.39164322282426,True,True,NOT_VERIFIED,,,False,False
S104,dev,0,Official,ENG_PAIR_2_POS_X,13694,-0.15071445062912572,-0.08194866775198249,1.9723548025003566,203.59454974852375,363.5934990160695,True,True,NOT_VERIFIED,,,False,False
S104,dev,0,Official,ENG_PAIR_3_NEG_X,14459,0.05492627532432559,0.04632003866850359,1.9476597425096112,261.6958924634835,400.668261011454,True,True,NOT_VERIFIED,,,False,False
S104,dev,0,Official,ENG_PAIR_3_POS_X,14436,-0.14377951964998972,0.049530535548668375,1.9387955969992143,204.84653277362023,401.6696869067859,True,True,NOT_VERIFIED,,,False,False
S104,dev,0,Rigid,ENG_MID_UP,12866,-0.035569962590743145,-0.2733145901736941,1.55485069094851,233.3279971905172,287.4173865719714,True,False,NOT_VERIFIED,,,True,False
S104,dev,0,Rigid,ENG_MID_DOWN,14858,-0.040339928187101665,0.04620402491520387,1.5647549041766986,231.71539446265862,403.9288098121472,True,True,NOT_VERIFIED,,,True,False
S104,dev,0,Rigid,ENG_PAIR_1_NEG_X,13030,0.08202728593683561,-0.24550744059517798,1.5852791635442869,274.77072800961537,299.28638582967284,True,False,NOT_VERIFIED,,,True,False
S104,dev,0,Rigid,ENG_PAIR_1_POS_X,13013,-0.15723556655295695,-0.2502868222152065,1.5781755036371736,190.69975850146557,297.17219529370533,True,False,NOT_VERIFIED,,,True,False
S104,dev,0,Rigid,ENG_PAIR_2_NEG_X,13846,0.060913150777792496,-0.11750993350817038,1.6249699768413304,266.8523837344499,346.13379916257225,True,True,NOT_VERIFIED,,,True,False
S104,dev,0,Rigid,ENG_PAIR_2_POS_X,13694,-0.1398596298582051,-0.12046262775145747,1.6184592453478417,198.0396853502476,344.93338901685223,True,True,NOT_VERIFIED,,,True,False
S104,dev,0,Rigid,ENG_PAIR_3_NEG_X,14459,0.06014486329833484,0.015624203536831752,1.5896600739621563,267.0464008529721,392.7496304493432,True,False,NOT_VERIFIED,,,True,False
S104,dev,0,Rigid,ENG_PAIR_3_POS_X,14436,-0.1386886963588152,0.011287597783513657,1.5852688637840298,197.4450786992216,391.2126731360888,True,True,NOT_VERIFIED,,,True,False
S104,dev,0,RigidD,ENG_MID_UP,12866,-0.03686986485148127,-0.2749654376058706,1.562139004197639,232.9251235493884,287.28308490353953,True,False,NOT_VERIFIED,26.341568171216945,35.213517457132795,True,False
S104,dev,0,RigidD,ENG_MID_DOWN,14858,-0.03990530815189439,0.04203713806564078,1.550335994120204,231.7379258267686,402.55939442901587,True,True,NOT_VERIFIED,20.532843209431732,6.475245391006015,True,False
S104,dev,0,RigidD,ENG_PAIR_1_NEG_X,13030,0.07669256733381245,-0.24921186448830807,1.5935207233536466,272.762809011776,298.42168938993774,True,False,NOT_VERIFIED,18.538844854725898,57.695102082778064,True,False
S104,dev,0,RigidD,ENG_PAIR_1_POS_X,13013,-0.15744087447287528,-0.2501869981146939,1.5782718203532384,190.63088868786403,297.2135808943462,True,False,NOT_VERIFIED,2.65076422324322,93.35167242994059,True,False
S104,dev,0,RigidD,ENG_PAIR_2_NEG_X,13846,0.05986339804838797,-0.11837649894890281,1.6218089835325384,266.53347579955994,345.7505917848015,True,True,NOT_VERIFIED,2.112129603368357,62.128086857788716,True,False
S104,dev,0,RigidD,ENG_PAIR_2_POS_X,13694,-0.14462427097261082,-0.11896165075788308,1.605736198038477,196.01143547312807,345.1291789649622,True,True,NOT_VERIFIED,4.003328815183191,3.265530264710216,True,False
S104,dev,0,RigidD,ENG_PAIR_3_NEG_X,14459,0.05830534408508273,0.014646490797332795,1.5859701161040745,266.4511163603434,392.41276312803393,True,False,NOT_VERIFIED,3.224686008444957,17.835270389597294,True,False
S104,dev,0,RigidD,ENG_PAIR_3_POS_X,14436,-0.13702415684881267,0.01019211034058495,1.580678624536219,197.88882953010557,390.83110848754154,True,True,NOT_VERIFIED,1.8845003872940636,63.64753051093206,True,False
S104,dev,1,Official,ENG_MID_UP,12866,-0.050924326759324734,-0.23890427109699078,1.9115849492463481,231.23804391946106,316.24865083904456,True,True,NOT_VERIFIED,,,False,False
S104,dev,1,Official,ENG_MID_DOWN,14858,-0.04373618367375426,0.0806010114066592,1.9203995082841805,233.38478366967533,410.9900945480711,True,True,NOT_VERIFIED,,,False,False
S104,dev,1,Official,ENG_PAIR_1_NEG_X,13030,0.06693483943873915,-0.2154700349938818,1.9445742792609446,265.1504772259821,324.2907313012474,True,True,NOT_VERIFIED,,,False,False
S104,dev,1,Official,ENG_PAIR_1_POS_X,13013,-0.1721167183046377,-0.21117520185328184,1.9320873179389315,196.55791435803718,325.1458076390021,True,True,NOT_VERIFIED,,,False,False
S104,dev,1,Official,ENG_PAIR_2_NEG_X,13846,0.04982838044743165,-0.08660749485589014,1.9833859269217553,259.9862640438936,362.39164322282426,True,True,NOT_VERIFIED,,,False,False
S104,dev,1,Official,ENG_PAIR_2_POS_X,13694,-0.15071445062912572,-0.08194866775198249,1.9723548025003566,203.59454974852375,363.5934990160695,True,True,NOT_VERIFIED,,,False,False
S104,dev,1,Official,ENG_PAIR_3_NEG_X,14459,0.05492627532432559,0.04632003866850359,1.9476597425096112,261.6958924634835,400.668261011454,True,True,NOT_VERIFIED,,,False,False
S104,dev,1,Official,ENG_PAIR_3_POS_X,14436,-0.14377951964998972,0.049530535548668375,1.9387955969992143,204.84653277362023,401.6696869067859,True,True,NOT_VERIFIED,,,False,False
S104,dev,1,Rigid,ENG_MID_UP,12866,-0.06641621711982376,-0.2781205855586132,1.5523710904087924,222.2719831068901,285.5011508023965,True,False,NOT_VERIFIED,,,True,False
S104,dev,1,Rigid,ENG_MID_DOWN,14858,-0.057326533602599594,0.04124424195670908,1.5640533846805704,225.67714655251208,402.1367512495518,True,True,NOT_VERIFIED,,,True,False
S104,dev,1,Rigid,ENG_PAIR_1_NEG_X,13030,0.05374608389053127,-0.2554087888366265,1.5763176575741924,264.96977699693167,295.2221607097979,True,False,NOT_VERIFIED,,,True,False
S104,dev,1,Rigid,ENG_PAIR_1_POS_X,13013,-0.18553293485433528,-0.2502553631862,1.5825634919345757,180.922509718524,297.43301936196036,True,False,NOT_VERIFIED,,,True,False
S104,dev,1,Rigid,ENG_PAIR_2_NEG_X,13846,0.04021651168531401,-0.12693342318771678,1.6177369801363306,259.84011319355267,342.64462175496806,True,True,NOT_VERIFIED,,,True,False
S104,dev,1,Rigid,ENG_PAIR_2_POS_X,13694,-0.16055637942393397,-0.12154822383672598,1.622434138401624,191.07244754540554,344.6571548070156,True,True,NOT_VERIFIED,,,True,False
S104,dev,1,Rigid,ENG_PAIR_3_NEG_X,14459,0.04302764336381089,0.006366000496141308,1.583161857028196,261.12780703858556,389.45388473905103,True,True,NOT_VERIFIED,,,True,False
S104,dev,1,Rigid,ENG_PAIR_3_POS_X,14436,-0.15575046504121715,0.010273407709618073,1.5898602978922045,191.6252263731381,390.83899499917317,True,True,NOT_VERIFIED,,,True,False
S104,dev,1,RigidD,ENG_MID_UP,12866,-0.06645860592530083,-0.27950021200609004,1.5577373590310897,222.33872610874317,285.34879378551676,True,False,NOT_VERIFIED,6.691880271433098,70.78906586049649,True,False
S104,dev,1,RigidD,ENG_MID_DOWN,14858,-0.057787229033000286,0.03681853266779943,1.5474318629525103,225.29314577088,400.67445022506945,True,True,NOT_VERIFIED,1.4312277870147354,27.235766438208145,True,False
S104,dev,1,RigidD,ENG_PAIR_1_NEG_X,13030,0.048080732769665055,-0.25870821920118425,1.5832930718554126,262.8990691515345,294.4446622456122,True,False,NOT_VERIFIED,1.7970071656302482,172.94179557340766,True,False
S104,dev,1,RigidD,ENG_PAIR_1_POS_X,13013,-0.18171920759832647,-0.25210255134460346,1.5867882097176018,182.4306884501449,297.01132458251453,True,False,NOT_VERIFIED,9.403195841190236,50.29447160697908,True,False
S104,dev,1,RigidD,ENG_PAIR_2_NEG_X,13846,0.04273314490489184,-0.12778909872868377,1.6107916804162634,260.767353447833,342.15117269889254,True,True,NOT_VERIFIED,4.877919836452906,131.63966703056036,True,False
S104,dev,1,RigidD,ENG_PAIR_2_POS_X,13694,-0.16110338512363087,-0.12063226895493268,1.6148195167800945,190.62514965266246,344.7785687700576,True,True,NOT_VERIFIED,4.02218293105088,60.27898845915263,True,False
S104,dev,1,RigidD,ENG_PAIR_3_NEG_X,14459,0.0405151497139057,0.005954801556907361,1.5803278931254858,260.2718941050042,389.3103166318868,True,True,NOT_VERIFIED,8.105806126284515,3.1392729630232994,True,False
S104,dev,1,RigidD,ENG_PAIR_3_POS_X,14436,-0.15174534414371674,0.010467030133481768,1.5892806966685873,193.00499969629612,390.90946985728505,True,True,NOT_VERIFIED,1.0537891635580625,52.18727591453005,True,False
S104,dev,2,Official,ENG_MID_UP,12866,-0.050924326759324734,-0.23890427109699078,1.9115849492463481,231.23804391946106,316.24865083904456,True,True,NOT_VERIFIED,,,False,False
S104,dev,2,Official,ENG_MID_DOWN,14858,-0.04373618367375426,0.0806010114066592,1.9203995082841805,233.38478366967533,410.9900945480711,True,True,NOT_VERIFIED,,,False,False
S104,dev,2,Official,ENG_PAIR_1_NEG_X,13030,0.06693483943873915,-0.2154700349938818,1.9445742792609446,265.1504772259821,324.2907313012474,True,True,NOT_VERIFIED,,,False,False
S104,dev,2,Official,ENG_PAIR_1_POS_X,13013,-0.1721167183046377,-0.21117520185328184,1.9320873179389315,196.55791435803718,325.1458076390021,True,True,NOT_VERIFIED,,,False,False
S104,dev,2,Official,ENG_PAIR_2_NEG_X,13846,0.04982838044743165,-0.08660749485589014,1.9833859269217553,259.9862640438936,362.39164322282426,True,True,NOT_VERIFIED,,,False,False
S104,dev,2,Official,ENG_PAIR_2_POS_X,13694,-0.15071445062912572,-0.08194866775198249,1.9723548025003566,203.59454974852375,363.5934990160695,True,True,NOT_VERIFIED,,,False,False
S104,dev,2,Official,ENG_PAIR_3_NEG_X,14459,0.05492627532432559,0.04632003866850359,1.9476597425096112,261.6958924634835,400.668261011454,True,True,NOT_VERIFIED,,,False,False
S104,dev,2,Official,ENG_PAIR_3_POS_X,14436,-0.14377951964998972,0.049530535548668375,1.9387955969992143,204.84653277362023,401.6696869067859,True,True,NOT_VERIFIED,,,False,False
S104,dev,2,Rigid,ENG_MID_UP,12866,-0.0749558999052644,-0.27945652435838997,1.5544818437197188,219.2531938145891,285.1514968102338,True,False,NOT_VERIFIED,,,True,False
S104,dev,2,Rigid,ENG_MID_DOWN,14858,-0.05764319477957349,0.03963142201229758,1.5642871546253143,225.56776124230953,401.5494175419874,True,True,NOT_VERIFIED,,,True,False
S104,dev,2,Rigid,ENG_PAIR_1_NEG_X,13030,0.0464410183202522,-0.2596247543087855,1.5744250509717608,262.41565018450103,293.5920127118264,True,False,NOT_VERIFIED,,,True,False
S104,dev,2,Rigid,ENG_PAIR_1_POS_X,13013,-0.1923110920306859,-0.24852883045806254,1.5883651848007654,178.7902984260304,298.3776566684785,True,False,NOT_VERIFIED,,,True,False
S104,dev,2,Rigid,ENG_PAIR_2_NEG_X,13846,0.037422947260917515,-0.1306836232106875,1.6156244234147432,258.89785522975706,341.26913497624184,True,True,NOT_VERIFIED,,,True,False
S104,dev,2,Rigid,ENG_PAIR_2_POS_X,13694,-0.162899344761141,-0.12031481078161642,1.626772720146756,190.41913311615477,345.2008105776596,True,True,NOT_VERIFIED,,,True,False
S104,dev,2,Rigid,ENG_PAIR_3_NEG_X,14459,0.04238932790627106,0.0023611574252770957,1.5803186255549195,260.93063563848,388.0198555592893,True,True,NOT_VERIFIED,,,True,False
S104,dev,2,Rigid,ENG_PAIR_3_POS_X,14436,-0.1559113470148885,0.011211592322259246,1.593410052145195,191.69035982256833,391.164958774805,True,True,NOT_VERIFIED,,,True,False
S104,dev,2,RigidD,ENG_MID_UP,12866,-0.07484685020352745,-0.28042930180374703,1.5574968435873726,219.34392070087068,284.9945459860247,True,False,NOT_VERIFIED,1.7006984635660642,65.09070633202327,True,False
S104,dev,2,RigidD,ENG_MID_DOWN,14858,-0.058904558802307945,0.03536580426863398,1.5480281644840423,224.90027164431612,400.1366942777357,True,True,NOT_VERIFIED,2.558275690689384,2.9386411949888425,True,False
S104,dev,2,RigidD,ENG_PAIR_1_NEG_X,13030,0.043149664604800256,-0.26157211885674114,1.5788923539479724,261.21154569194863,293.15685879667086,True,False,NOT_VERIFIED,1.9167437943751642,87.63474061896356,True,False
S104,dev,2,RigidD,ENG_PAIR_1_POS_X,13013,-0.18961904111225128,-0.24973253059855727,1.5908034374634517,179.8332173983976,298.0843547962119,True,False,NOT_VERIFIED,15.336146540738731,53.498380791264985,True,False
S104,dev,2,RigidD,ENG_PAIR_2_NEG_X,13846,0.0385465126971346,-0.13094246489498854,1.60992350069761,259.33101252475916,341.01534730632017,True,True,NOT_VERIFIED,24.320573412962336,4.0855777449774395,True,False
S104,dev,2,RigidD,ENG_PAIR_2_POS_X,13694,-0.1646334254055293,-0.11922477933603035,1.6178637875374593,189.5176077039504,345.3520374411396,True,True,NOT_VERIFIED,2.669764538762253,4.4598415992248,True,False
S104,dev,2,RigidD,ENG_PAIR_3_NEG_X,14459,0.03914297595956949,0.0027446964768205735,1.579520724920509,259.79669223295724,388.1580818945627,True,True,NOT_VERIFIED,1.9230474296866906,64.56823382688461,True,False
S104,dev,2,RigidD,ENG_PAIR_3_POS_X,14436,-0.15313663807337027,0.010660932640749653,1.5905439843266724,192.56130684981977,390.9756838830401,True,True,NOT_VERIFIED,2.0315634261405107,37.70498915487117,True,False
S107,dev,0,Official,ENG_MID_UP,12866,-0.04916679709338239,-0.378079750458804,1.6195480226906291,224.45636971468275,253.27927108552458,True,True,NOT_VERIFIED,,,False,False
S107,dev,0,Official,ENG_MID_DOWN,14858,-0.038993540384793426,-0.02823915029168709,1.5847288319845363,227.65307899224211,376.6276649411354,True,False,NOT_VERIFIED,,,False,False
S107,dev,0,Official,ENG_PAIR_1_NEG_X,13030,0.06312346988351708,-0.31981255098985184,1.6180690174090457,263.0055777916863,273.7566338935773,True,True,NOT_VERIFIED,,,False,False
S107,dev,0,Official,ENG_PAIR_1_POS_X,13013,-0.1591635207163205,-0.31866190668520733,1.6266244681854425,186.95151397030992,274.75596435453105,True,True,NOT_VERIFIED,,,False,False
S107,dev,0,Official,ENG_PAIR_2_NEG_X,13846,0.06382614868263453,-0.20163490148221247,1.6357075636295044,263.0105279795724,316.3051283641722,True,True,NOT_VERIFIED,,,False,False
S107,dev,0,Official,ENG_PAIR_2_POS_X,13694,-0.15098003280068154,-0.18918467106837997,1.6536341831808095,190.58971862583903,321.3764867806528,True,True,NOT_VERIFIED,,,False,False
S107,dev,0,Official,ENG_PAIR_3_NEG_X,14459,0.07089007721005772,-0.0761466935252557,1.5918708979667726,266.07359515824965,359.4577220789436,True,False,NOT_VERIFIED,,,False,False
S107,dev,0,Official,ENG_PAIR_3_POS_X,14436,-0.14778621321250993,-0.051100154831241716,1.6185844115643364,190.58755804393377,368.761315356805,True,False,NOT_VERIFIED,,,False,False
S107,dev,0,Rigid,ENG_MID_UP,12866,-0.04082367599402828,-0.3676225063285099,1.5324540928155195,226.52299811032975,249.5932184187601,True,True,NOT_VERIFIED,,,True,False
S107,dev,0,Rigid,ENG_MID_DOWN,14858,-0.03356290310140082,-0.017112301875214182,1.504272636680588,228.92791946420436,380.3137611911949,True,False,NOT_VERIFIED,,,True,False
S107,dev,0,Rigid,ENG_PAIR_1_NEG_X,13030,0.0708578489254082,-0.30821244316469476,1.534463927351433,266.9877502659718,271.92079920283777,True,True,NOT_VERIFIED,,,True,False
S107,dev,0,Rigid,ENG_PAIR_1_POS_X,13013,-0.1515611243947872,-0.309454322611532,1.538243339060308,186.57377918986265,271.7412752598487,True,True,NOT_VERIFIED,,,True,False
S107,dev,0,Rigid,ENG_PAIR_2_NEG_X,13846,0.06994896922674743,-0.19038076817486999,1.5542740061044846,266.3357305800161,316.7525813372206,True,True,NOT_VERIFIED,,,True,False
S107,dev,0,Rigid,ENG_PAIR_2_POS_X,13694,-0.14530965423946626,-0.18042401379849926,1.5677890197951008,189.8214624220613,320.9895428513659,True,True,NOT_VERIFIED,,,True,False
S107,dev,0,Rigid,ENG_PAIR_3_NEG_X,14459,0.07663730942870488,-0.06403730078902344,1.512904487939784,269.47628309170125,362.6081443162179,True,False,NOT_VERIFIED,,,True,False
S107,dev,0,Rigid,ENG_PAIR_3_POS_X,14436,-0.14280972310818935,-0.041688719243482844,1.5353500156882407,189.63808188091045,371.28877467618145,True,False,NOT_VERIFIED,,,True,False
S107,dev,0,RigidD,ENG_MID_UP,12866,-0.041950037696670585,-0.37120101949039663,1.5214205280660709,226.00423193998304,247.25252813590745,True,True,NOT_VERIFIED,2.297679580449708,12.791294590831395,True,False
S107,dev,0,RigidD,ENG_MID_DOWN,14858,-0.032290967217314705,-0.014668696247623588,1.5143553678345696,229.47721839159172,381.2801514062997,True,False,NOT_VERIFIED,1.9714934296733047,149.8294274651402,True,False
S107,dev,0,RigidD,ENG_PAIR_1_NEG_X,13030,0.06428068672614055,-0.31116008651891686,1.5429258109773625,264.4781666651606,271.45810520147245,True,True,NOT_VERIFIED,10.568932858702963,25.60085263173065,True,False
S107,dev,0,RigidD,ENG_PAIR_1_POS_X,13013,-0.15058952715324994,-0.3111455576807442,1.5373642857012055,186.89367114992592,271.0461770387686,True,True,NOT_VERIFIED,2.80500542727048,93.53806219546232,True,False
S107,dev,0,RigidD,ENG_PAIR_2_NEG_X,13846,0.059433607523921156,-0.18720902973129022,1.5712086066114694,262.347110040102,318.66254553233597,True,True,NOT_VERIFIED,3.204902492938541,54.31610595756164,True,False
S107,dev,0,RigidD,ENG_PAIR_2_POS_X,13694,-0.1427187387754822,-0.1794861377341799,1.571063437192341,190.84524883257495,321.4682408857591,True,True,NOT_VERIFIED,2.5935947260898793,0.986136346327748,True,False
S107,dev,0,RigidD,ENG_PAIR_3_NEG_X,14459,0.07168175790826625,-0.0594241262977305,1.5268755960388138,267.4151426973132,364.55801735256983,True,False,NOT_VERIFIED,2.19083148477082,189.48400048930904,True,False
S107,dev,0,RigidD,ENG_PAIR_3_POS_X,14436,-0.13545437931795476,-0.0383712837262086,1.5485364104284547,192.7177543802819,372.64652750284546,True,False,NOT_VERIFIED,1.7601535798239047,86.3242157841103,True,False
S107,dev,1,Official,ENG_MID_UP,12866,-0.04916679709338239,-0.378079750458804,1.6195480226906291,224.45636971468275,253.27927108552458,True,True,NOT_VERIFIED,,,False,False
S107,dev,1,Official,ENG_MID_DOWN,14858,-0.038993540384793426,-0.02823915029168709,1.5847288319845363,227.65307899224211,376.6276649411354,True,False,NOT_VERIFIED,,,False,False
S107,dev,1,Official,ENG_PAIR_1_NEG_X,13030,0.06312346988351708,-0.31981255098985184,1.6180690174090457,263.0055777916863,273.7566338935773,True,True,NOT_VERIFIED,,,False,False
S107,dev,1,Official,ENG_PAIR_1_POS_X,13013,-0.1591635207163205,-0.31866190668520733,1.6266244681854425,186.95151397030992,274.75596435453105,True,True,NOT_VERIFIED,,,False,False
S107,dev,1,Official,ENG_PAIR_2_NEG_X,13846,0.06382614868263453,-0.20163490148221247,1.6357075636295044,263.0105279795724,316.3051283641722,True,True,NOT_VERIFIED,,,False,False
S107,dev,1,Official,ENG_PAIR_2_POS_X,13694,-0.15098003280068154,-0.18918467106837997,1.6536341831808095,190.58971862583903,321.3764867806528,True,True,NOT_VERIFIED,,,False,False
S107,dev,1,Official,ENG_PAIR_3_NEG_X,14459,0.07089007721005772,-0.0761466935252557,1.5918708979667726,266.07359515824965,359.4577220789436,True,False,NOT_VERIFIED,,,False,False
S107,dev,1,Official,ENG_PAIR_3_POS_X,14436,-0.14778621321250993,-0.051100154831241716,1.6185844115643364,190.58755804393377,368.761315356805,True,False,NOT_VERIFIED,,,False,False
S107,dev,1,Rigid,ENG_MID_UP,12866,-0.054655610307490686,-0.3678569146601802,1.533200748034158,221.51685794075988,249.5725887228351,True,True,NOT_VERIFIED,,,True,False
S107,dev,1,Rigid,ENG_MID_DOWN,14858,-0.04309584688773026,-0.017370752170601186,1.506179673078074,225.42644015595312,380.22384193807704,True,False,NOT_VERIFIED,,,True,False
S107,dev,1,Rigid,ENG_PAIR_1_NEG_X,13030,0.057906740630981855,-0.3101169708899335,1.5317262674700718,262.3349995255837,271.0041678023933,True,True,NOT_VERIFIED,,,True,False
S107,dev,1,Rigid,ENG_PAIR_1_POS_X,13013,-0.16425750338049327,-0.3080813613453508,1.5429035160951663,182.16632304740034,272.5978969126961,True,True,NOT_VERIFIED,,,True,False
S107,dev,1,Rigid,ENG_PAIR_2_NEG_X,13846,0.0594183858825197,-0.19237408284530078,1.552021492449338,262.6015287633634,315.91619435343347,True,True,NOT_VERIFIED,,,True,False
S107,dev,1,Rigid,ENG_PAIR_2_POS_X,13694,-0.1550993259401649,-0.17929055226447163,1.5727347749327647,186.5243809599008,321.60883038878643,True,True,NOT_VERIFIED,,,True,False
S107,dev,1,Rigid,ENG_PAIR_3_NEG_X,14459,0.06661646913308718,-0.06596068386828308,1.5109522480502706,265.8271450529778,361.84867231413875,True,False,NOT_VERIFIED,,,True,False
S107,dev,1,Rigid,ENG_PAIR_3_POS_X,14436,-0.15160484704549654,-0.04046451689469446,1.5407794761681264,186.64813369239587,371.79801565626184,True,False,NOT_VERIFIED,,,True,False
S107,dev,1,RigidD,ENG_MID_UP,12866,-0.05640259187700582,-0.3714970948165925,1.5207760699803086,220.71665063931627,247.08201405677144,True,True,NOT_VERIFIED,2.925840589674299,6.278967591160283,True,False
S107,dev,1,RigidD,ENG_MID_DOWN,14858,-0.0415291456801308,-0.015031512283367746,1.5154964408019747,226.0986698822232,381.14737423112405,True,False,NOT_VERIFIED,1.2300208537259578,145.93680008326078,True,False
S107,dev,1,RigidD,ENG_PAIR_1_NEG_X,13030,0.050159136984928215,-0.3137695015819468,1.5420001302339537,259.40295255888674,270.42082587147326,True,True,NOT_VERIFIED,1.6857645104969088,31.2847719228639,True,False
S107,dev,1,RigidD,ENG_PAIR_1_POS_X,13013,-0.16182897825275094,-0.31047340246685307,1.5426077038102508,183.02982353635497,271.68895742107344,True,True,NOT_VERIFIED,11.881892472219745,1.5118442945690265,True,False
S107,dev,1,RigidD,ENG_PAIR_2_NEG_X,13846,0.0514178587204102,-0.18953565488995172,1.5648087367199879,259.5864779984417,317.53324827062045,True,True,NOT_VERIFIED,1.6688759659475907,56.52239573811076,True,False
S107,dev,1,RigidD,ENG_PAIR_2_POS_X,13694,-0.15153932532933675,-0.1785364470707791,1.5760116346423754,187.89358940805812,322.0181368555709,True,True,NOT_VERIFIED,4.011952412732257,1.4194839183917547,True,False
S107,dev,1,RigidD,ENG_PAIR_3_NEG_X,14459,0.06240662189222796,-0.06079773460570226,1.5264440765963225,264.045887856875,364.03695739906294,True,False,NOT_VERIFIED,1.8943793148632526,189.0951504903412,True,False
S107,dev,1,RigidD,ENG_PAIR_3_POS_X,14436,-0.14367441396733194,-0.03747855836561069,1.55310356016056,189.9195456729353,373.0170207605397,True,False,NOT_VERIFIED,1.1773354748976395,87.6955797674128,True,False
S107,dev,2,Official,ENG_MID_UP,12866,-0.04916679709338239,-0.378079750458804,1.6195480226906291,224.45636971468275,253.27927108552458,True,True,NOT_VERIFIED,,,False,False
S107,dev,2,Official,ENG_MID_DOWN,14858,-0.038993540384793426,-0.02823915029168709,1.5847288319845363,227.65307899224211,376.6276649411354,True,False,NOT_VERIFIED,,,False,False
S107,dev,2,Official,ENG_PAIR_1_NEG_X,13030,0.06312346988351708,-0.31981255098985184,1.6180690174090457,263.0055777916863,273.7566338935773,True,True,NOT_VERIFIED,,,False,False
S107,dev,2,Official,ENG_PAIR_1_POS_X,13013,-0.1591635207163205,-0.31866190668520733,1.6266244681854425,186.95151397030992,274.75596435453105,True,True,NOT_VERIFIED,,,False,False
S107,dev,2,Official,ENG_PAIR_2_NEG_X,13846,0.06382614868263453,-0.20163490148221247,1.6357075636295044,263.0105279795724,316.3051283641722,True,True,NOT_VERIFIED,,,False,False
S107,dev,2,Official,ENG_PAIR_2_POS_X,13694,-0.15098003280068154,-0.18918467106837997,1.6536341831808095,190.58971862583903,321.3764867806528,True,True,NOT_VERIFIED,,,False,False
S107,dev,2,Official,ENG_PAIR_3_NEG_X,14459,0.07089007721005772,-0.0761466935252557,1.5918708979667726,266.07359515824965,359.4577220789436,True,False,NOT_VERIFIED,,,False,False
S107,dev,2,Official,ENG_PAIR_3_POS_X,14436,-0.14778621321250993,-0.051100154831241716,1.6185844115643364,190.58755804393377,368.761315356805,True,False,NOT_VERIFIED,,,False,False
S107,dev,2,Rigid,ENG_MID_UP,12866,-0.044924689535514366,-0.3798059039746951,1.5254316209252923,224.9608758169573,244.39265956782302,True,True,NOT_VERIFIED,,,True,False
S107,dev,2,Rigid,ENG_MID_DOWN,14858,-0.03820648057579994,-0.029056849721817275,1.5002466387362985,227.17462433402275,375.74185689145884,True,False,NOT_VERIFIED,,,True,False
S107,dev,2,Rigid,ENG_PAIR_1_NEG_X,13030,0.06674932235218262,-0.32035557572370854,1.5263968090299873,265.6276082699871,266.76270464598673,True,True,NOT_VERIFIED,,,True,False
S107,dev,2,Rigid,ENG_PAIR_1_POS_X,13013,-0.1555940455247979,-0.32175087256961815,1.5332892554801942,184.93523412166277,266.78183221108105,True,True,NOT_VERIFIED,,,True,False
S107,dev,2,Rigid,ENG_PAIR_2_NEG_X,13846,0.06606987967312943,-0.20270376091353803,1.5472572438992716,265.0559527386226,311.87884336002804,True,True,NOT_VERIFIED,,,True,False
S107,dev,2,Rigid,ENG_PAIR_2_POS_X,13694,-0.14898169954781534,-0.19298288275233355,1.5638822350779409,188.38798329577068,316.23126076913184,True,True,NOT_VERIFIED,,,True,False
S107,dev,2,Rigid,ENG_PAIR_3_NEG_X,14459,0.07212366164255853,-0.07599665011978829,1.5069149276905793,267.92367295709334,357.9719982280734,True,False,NOT_VERIFIED,,,True,False
S107,dev,2,Rigid,ENG_PAIR_3_POS_X,14436,-0.14699557597936777,-0.05396547685294986,1.5326374472158026,188.02889052597035,366.6791027007399,True,False,NOT_VERIFIED,,,True,False
S107,dev,2,RigidD,ENG_MID_UP,12866,-0.045852455822992355,-0.3826297278244982,1.5198373325491172,224.56141271900688,242.80556034327375,True,True,NOT_VERIFIED,2.5678391934637372,75.41255306030848,True,False
S107,dev,2,RigidD,ENG_MID_DOWN,14858,-0.035538514146528866,-0.024914501421093763,1.519234851331708,228.32739086617048,377.440063594381,True,False,NOT_VERIFIED,1.188720324774735,94.78687232005156,True,False
S107,dev,2,RigidD,ENG_PAIR_1_NEG_X,13030,0.06233289847580058,-0.32228941244910003,1.5352841673374638,263.88838696918094,266.73715020860436,True,True,NOT_VERIFIED,8.006816460928249,7.330038224523683,True,False
S107,dev,2,RigidD,ENG_PAIR_1_POS_X,13013,-0.15413241160874194,-0.323430885956026,1.534612439038221,185.5131344561303,266.259091500009,True,True,NOT_VERIFIED,2.0427236421283523,25.288528221021362,True,False
S107,dev,2,RigidD,ENG_PAIR_2_NEG_X,13846,0.057464091759848235,-0.19912021511124708,1.5653492164604645,261.7266081906462,314.05458428425055,True,True,NOT_VERIFIED,4.09592822503215,6.816088899720668,True,False
S107,dev,2,RigidD,ENG_PAIR_2_POS_X,13694,-0.1446307132779129,-0.19198498247898876,1.5701987837950597,190.14078888643118,316.8787748469308,True,True,NOT_VERIFIED,1.9834796989117465,50.1428285478222,True,False
S107,dev,2,RigidD,ENG_PAIR_3_NEG_X,14459,0.06507446325645729,-0.06917647614549433,1.529134029785279,264.97544556012735,360.94258836068576,True,False,NOT_VERIFIED,2.900879494561591,56.513308991703376,True,False
S107,dev,2,RigidD,ENG_PAIR_3_POS_X,14436,-0.13577743930422678,-0.04944050457336215,1.5522464653518786,192.7182798747838,368.60111815057905,True,False,NOT_VERIFIED,5.0531384916703255,149.74527132872166,True,False
S114,consumed_test,0,Official,ENG_MID_UP,12866,-0.010055188974928434,-0.20731406985684322,1.6435498929700234,233.577525605605,307.6175070295499,True,True,NOT_VERIFIED,,,False,False
S114,consumed_test,0,Official,ENG_MID_DOWN,14858,0.0016761170202481506,0.1387757296256066,1.6407476820516775,237.56992340504775,427.9958520634423,True,False,NOT_VERIFIED,,,False,False
S114,consumed_test,0,Official,ENG_PAIR_1_NEG_X,13030,0.10439547592481327,-0.17691591703099202,1.6689436370365218,271.97743041352,319.11913054620635,True,True,NOT_VERIFIED,,,False,False
S114,consumed_test,0,Official,ENG_PAIR_1_POS_X,13013,-0.12383883628725562,-0.17125454706456295,1.6642428315374058,195.3880183798297,320.8914247615353,True,True,NOT_VERIFIED,,,False,False
S114,consumed_test,0,Official,ENG_PAIR_2_NEG_X,13846,0.09311982604942046,-0.03867942802015853,1.7039614807310364,267.5582086726412,366.70919797657865,True,True,NOT_VERIFIED,,,False,False
S114,consumed_test,0,Official,ENG_PAIR_2_POS_X,13694,-0.099556063307282,-0.03347407963614285,1.696909119728765,204.19114457434492,368.4077164395922,True,True,NOT_VERIFIED,,,False,False
S114,consumed_test,0,Official,ENG_PAIR_3_NEG_X,14459,0.09752004693562337,0.10241772075438968,1.6632920949257242,269.7847720683832,414.8533987153544,True,False,NOT_VERIFIED,,,False,False
S114,consumed_test,0,Official,ENG_PAIR_3_POS_X,14436,-0.0938056053901451,0.10638766375042367,1.6588119644529975,205.37618663258795,416.3156040967505,True,False,NOT_VERIFIED,,,False,False
S114,consumed_test,0,Rigid,ENG_MID_UP,12866,0.017219908627955968,-0.18748055144627104,1.5342087640205484,243.27507458303828,309.8670888233873,True,True,NOT_VERIFIED,,,True,False
S114,consumed_test,0,Rigid,ENG_MID_DOWN,14858,0.0217386809963657,0.15868834198766918,1.5425934612237588,244.87903286642378,438.44466969882086,True,False,NOT_VERIFIED,,,True,False
S114,consumed_test,0,Rigid,ENG_PAIR_1_NEG_X,13030,0.13023270911781756,-0.15561013708875393,1.563877404755346,283.56604619977645,322.8335349879294,True,False,NOT_VERIFIED,,,True,False
S114,consumed_test,0,Rigid,ENG_PAIR_1_POS_X,13013,-0.09784256175341502,-0.15439833828769073,1.5526857867385861,201.7608865431776,322.8696660678524,True,True,NOT_VERIFIED,,,True,False
S114,consumed_test,0,Rigid,ENG_PAIR_2_NEG_X,13846,0.11505333249842038,-0.018816977176135806,1.6028637418202152,277.13771172079225,372.97043330742486,True,False,NOT_VERIFIED,,,True,False
S114,consumed_test,0,Rigid,ENG_PAIR_2_POS_X,13694,-0.07740911144595289,-0.017269827641953853,1.5903480002848753,209.78016603154217,373.4734115242046,True,True,NOT_VERIFIED,,,True,False
S114,consumed_test,0,Rigid,ENG_PAIR_3_NEG_X,14459,0.11764314408827284,0.12356645386908827,1.5667802592048317,278.98645193435345,424.73141570257684,True,False,NOT_VERIFIED,,,True,False
S114,consumed_test,0,Rigid,ENG_PAIR_3_POS_X,14436,-0.0735174320290176,0.12382415767576939,1.556835160835339,210.59209767221034,425.11378797434287,True,False,NOT_VERIFIED,,,True,False
S114,consumed_test,0,RigidD,ENG_MID_UP,12866,0.016211171677447418,-0.1882792466777604,1.5344348685934337,242.90653420554062,309.5800188305866,True,True,NOT_VERIFIED,1.5202347470585857,17.741692265691157,True,False
S114,consumed_test,0,RigidD,ENG_MID_DOWN,14858,0.02122743840169534,0.16022490745084927,1.5473532298827652,244.67003487535365,438.8311881905377,True,False,NOT_VERIFIED,0.5392562372517582,163.66703228673626,True,False
S114,consumed_test,0,RigidD,ENG_PAIR_1_NEG_X,13030,0.12231798221190253,-0.15877279296548696,1.570813890802249,280.5428358457671,321.9343500293413,True,False,NOT_VERIFIED,11.586774516004787,17.65055625146776,True,False
S114,consumed_test,0,RigidD,ENG_PAIR_1_POS_X,13013,-0.09488576876665916,-0.15602489083611765,1.556069368750589,202.90007609405,322.3960390647974,True,True,NOT_VERIFIED,0.9344006010378736,42.984326849244546,True,False
S114,consumed_test,0,RigidD,ENG_PAIR_2_NEG_X,13846,0.1159462442849308,-0.01844050560909079,1.597609662617808,277.5822550747443,373.0829965194582,True,False,NOT_VERIFIED,3.896015017590626,63.93850889398522,True,False
S114,consumed_test,0,RigidD,ENG_PAIR_2_POS_X,13694,-0.08128545968671622,-0.015306156250442843,1.5804005327160282,208.23726903531866,374.14418228734104,True,True,NOT_VERIFIED,0.8720093642229843,84.82619334216375,True,False
S114,consumed_test,0,RigidD,ENG_PAIR_3_NEG_X,14459,0.1081902606106622,0.1295862377675597,1.5817494242841434,275.24721206069324,426.4791792879445,True,False,NOT_VERIFIED,2.937693914833705,140.88898902116543,True,False
S114,consumed_test,0,RigidD,ENG_PAIR_3_POS_X,14436,-0.06684938447706448,0.12874793924887246,1.5705843269693305,213.19738067051102,426.5069729568819,True,False,NOT_VERIFIED,2.013589504338395,147.22766112019139,True,False
S114,consumed_test,1,Official,ENG_MID_UP,12866,-0.010055188974928434,-0.20731406985684322,1.6435498929700234,233.577525605605,307.6175070295499,True,True,NOT_VERIFIED,,,False,False
S114,consumed_test,1,Official,ENG_MID_DOWN,14858,0.0016761170202481506,0.1387757296256066,1.6407476820516775,237.56992340504775,427.9958520634423,True,False,NOT_VERIFIED,,,False,False
S114,consumed_test,1,Official,ENG_PAIR_1_NEG_X,13030,0.10439547592481327,-0.17691591703099202,1.6689436370365218,271.97743041352,319.11913054620635,True,True,NOT_VERIFIED,,,False,False
S114,consumed_test,1,Official,ENG_PAIR_1_POS_X,13013,-0.12383883628725562,-0.17125454706456295,1.6642428315374058,195.3880183798297,320.8914247615353,True,True,NOT_VERIFIED,,,False,False
S114,consumed_test,1,Official,ENG_PAIR_2_NEG_X,13846,0.09311982604942046,-0.03867942802015853,1.7039614807310364,267.5582086726412,366.70919797657865,True,True,NOT_VERIFIED,,,False,False
S114,consumed_test,1,Official,ENG_PAIR_2_POS_X,13694,-0.099556063307282,-0.03347407963614285,1.696909119728765,204.19114457434492,368.4077164395922,True,True,NOT_VERIFIED,,,False,False
S114,consumed_test,1,Official,ENG_PAIR_3_NEG_X,14459,0.09752004693562337,0.10241772075438968,1.6632920949257242,269.7847720683832,414.8533987153544,True,False,NOT_VERIFIED,,,False,False
S114,consumed_test,1,Official,ENG_PAIR_3_POS_X,14436,-0.0938056053901451,0.10638766375042367,1.6588119644529975,205.37618663258795,416.3156040967505,True,False,NOT_VERIFIED,,,False,False
S114,consumed_test,1,Rigid,ENG_MID_UP,12866,0.016603892181198454,-0.18685587578688545,1.5331019765407141,243.05491470578926,310.0494620944068,True,True,NOT_VERIFIED,,,True,False
S114,consumed_test,1,Rigid,ENG_MID_DOWN,14858,0.022390738898305534,0.15927763697633857,1.5421423846868887,245.1177806551763,438.68015908716933,True,False,NOT_VERIFIED,,,True,False
S114,consumed_test,1,Rigid,ENG_PAIR_1_NEG_X,13030,0.12984863149254253,-0.15544597132494903,1.5623746865097168,283.4733685669597,322.8388884486991,True,False,NOT_VERIFIED,,,True,False
S114,consumed_test,1,Rigid,ENG_PAIR_1_POS_X,13013,-0.09826425232165614,-0.15340084510538202,1.55210922744208,201.59586946775931,323.215704884449,True,True,NOT_VERIFIED,,,True,False
S114,consumed_test,1,Rigid,ENG_PAIR_2_NEG_X,13846,0.11531482197378111,-0.018676419417233484,1.601688483108408,277.2584578794588,373.0156450969789,True,False,NOT_VERIFIED,,,True,False
S114,consumed_test,1,Rigid,ENG_PAIR_2_POS_X,13694,-0.07718991003762231,-0.01642004106938208,1.5899553378834206,209.85053842130657,373.77720989200634,True,True,NOT_VERIFIED,,,True,False
S114,consumed_test,1,Rigid,ENG_PAIR_3_NEG_X,14459,0.11826637014387142,0.12376740888834228,1.5658721402048257,279.233365883439,424.8308589150048,True,False,NOT_VERIFIED,,,True,False
S114,consumed_test,1,Rigid,ENG_PAIR_3_POS_X,14436,-0.0729307173835585,0.12472467785512828,1.5567018287881536,210.80059481367866,425.4481505039313,True,False,NOT_VERIFIED,,,True,False
S114,consumed_test,1,RigidD,ENG_MID_UP,12866,0.015623802272506345,-0.18797655209885314,1.534571654423292,242.69197076428895,309.69895109765395,True,True,NOT_VERIFIED,1.723502391935275,57.65873875711916,True,False
S114,consumed_test,1,RigidD,ENG_MID_DOWN,14858,0.021866954523026803,0.16084334717360213,1.5471345227215223,244.90226607214012,439.0679074529319,True,False,NOT_VERIFIED,0.7161515975786131,352.5864954717233,True,False
S114,consumed_test,1,RigidD,ENG_PAIR_1_NEG_X,13030,0.12343428020969412,-0.15868922106526134,1.5698242049005544,280.96793113772117,321.92835921255863,True,False,NOT_VERIFIED,11.88265466607026,82.70628383856213,True,False
S114,consumed_test,1,RigidD,ENG_PAIR_1_POS_X,13013,-0.09520486712611081,-0.15507668410602526,1.5556789164108495,202.776816382728,322.7298619556203,True,True,NOT_VERIFIED,1.5288125291107166,26.244143202828905,True,False
S114,consumed_test,1,RigidD,ENG_PAIR_2_NEG_X,13846,0.1154143901473689,-0.01820749275440483,1.597509658283943,277.3986240154222,373.16590992724247,True,False,NOT_VERIFIED,4.136403707309153,225.62356525426182,True,False
S114,consumed_test,1,RigidD,ENG_PAIR_2_POS_X,13694,-0.08106025604553252,-0.01447324416511199,1.5803595905926504,208.3162102558725,374.44512344586184,True,True,NOT_VERIFIED,1.3713690354647072,168.49693093129164,True,False
S114,consumed_test,1,RigidD,ENG_PAIR_3_NEG_X,14459,0.1090859508473126,0.12995017562346362,1.5813834322824278,275.5727911801357,426.62148367297425,True,False,NOT_VERIFIED,3.8538302556746693,357.5924715813338,True,False
S114,consumed_test,1,RigidD,ENG_PAIR_3_POS_X,14436,-0.06658226897775146,0.12950649746440343,1.5701555469061281,213.2860117041938,426.79575010536564,True,False,NOT_VERIFIED,1.2076449158693912,310.7843609127213,True,False
S114,consumed_test,2,Official,ENG_MID_UP,12866,-0.010055188974928434,-0.20731406985684322,1.6435498929700234,233.577525605605,307.6175070295499,True,True,NOT_VERIFIED,,,False,False
S114,consumed_test,2,Official,ENG_MID_DOWN,14858,0.0016761170202481506,0.1387757296256066,1.6407476820516775,237.56992340504775,427.9958520634423,True,False,NOT_VERIFIED,,,False,False
S114,consumed_test,2,Official,ENG_PAIR_1_NEG_X,13030,0.10439547592481327,-0.17691591703099202,1.6689436370365218,271.97743041352,319.11913054620635,True,True,NOT_VERIFIED,,,False,False
S114,consumed_test,2,Official,ENG_PAIR_1_POS_X,13013,-0.12383883628725562,-0.17125454706456295,1.6642428315374058,195.3880183798297,320.8914247615353,True,True,NOT_VERIFIED,,,False,False
S114,consumed_test,2,Official,ENG_PAIR_2_NEG_X,13846,0.09311982604942046,-0.03867942802015853,1.7039614807310364,267.5582086726412,366.70919797657865,True,True,NOT_VERIFIED,,,False,False
S114,consumed_test,2,Official,ENG_PAIR_2_POS_X,13694,-0.099556063307282,-0.03347407963614285,1.696909119728765,204.19114457434492,368.4077164395922,True,True,NOT_VERIFIED,,,False,False
S114,consumed_test,2,Official,ENG_PAIR_3_NEG_X,14459,0.09752004693562337,0.10241772075438968,1.6632920949257242,269.7847720683832,414.8533987153544,True,False,NOT_VERIFIED,,,False,False
S114,consumed_test,2,Official,ENG_PAIR_3_POS_X,14436,-0.0938056053901451,0.10638766375042367,1.6588119644529975,205.37618663258795,416.3156040967505,True,False,NOT_VERIFIED,,,False,False
S114,consumed_test,2,Rigid,ENG_MID_UP,12866,0.007905754959218985,-0.1970298409836991,1.5357001331479312,239.87740493126768,306.382582291983,True,True,NOT_VERIFIED,,,True,False
S114,consumed_test,2,Rigid,ENG_MID_DOWN,14858,0.015789848699726387,0.14911028707072693,1.5426627510853226,242.7222998426629,434.8951094406608,True,False,NOT_VERIFIED,,,True,False
S114,consumed_test,2,Rigid,ENG_PAIR_1_NEG_X,13030,0.12139335134623959,-0.1661284080415314,1.5645707330265104,280.38611734499636,319.0181670254299,True,False,NOT_VERIFIED,,,True,False
S114,consumed_test,2,Rigid,ENG_PAIR_1_POS_X,13013,-0.10672246828263225,-0.16277117871289834,1.5547243225416485,198.61320415144075,319.8675969532762,True,True,NOT_VERIFIED,,,True,False
S114,consumed_test,2,Rigid,ENG_PAIR_2_NEG_X,13846,0.10775739517729639,-0.029041980942181023,1.603094605568888,274.5869398569961,369.3276416024982,True,True,NOT_VERIFIED,,,True,False
S114,consumed_test,2,Rigid,ENG_PAIR_2_POS_X,13694,-0.0847525382286266,-0.025696631920106322,1.5917119886962539,207.2236154722649,370.45429736198787,True,True,NOT_VERIFIED,,,True,False
S114,consumed_test,2,Rigid,ENG_PAIR_3_NEG_X,14459,0.11149587912266365,0.11316552709853653,1.566422890684318,276.80152255367096,420.948473420335,True,False,NOT_VERIFIED,,,True,False
S114,consumed_test,2,Rigid,ENG_PAIR_3_POS_X,14436,-0.0797093074607191,0.11521921333333149,1.5576083430051657,208.38226267599023,421.93524845410053,True,False,NOT_VERIFIED,,,True,False
S114,consumed_test,2,RigidD,ENG_MID_UP,12866,0.007277187033712582,-0.1977549602241429,1.5344016019013353,239.65076621840802,306.0505848037479,True,True,NOT_VERIFIED,0.7148112305780929,69.13364972152479,True,False
S114,consumed_test,2,RigidD,ENG_MID_DOWN,14858,0.015479482615717365,0.15166511917503722,1.5503634862766056,242.58192518803907,435.5622376409291,True,False,NOT_VERIFIED,0.47048467199402133,201.04587046446179,True,False
S114,consumed_test,2,RigidD,ENG_PAIR_1_NEG_X,13030,0.11378758169036264,-0.16925702328928377,1.5697198044964256,277.5343191214372,318.0785325462581,True,False,NOT_VERIFIED,4.3974245927811415,74.18389815220632,True,False
S114,consumed_test,2,RigidD,ENG_PAIR_1_POS_X,13013,-0.10231834914755172,-0.16497925549242282,1.558941776280888,200.29681837708378,319.2202504058342,True,True,NOT_VERIFIED,2.7499599632901695,65.57124036333643,True,False
S114,consumed_test,2,RigidD,ENG_PAIR_2_NEG_X,13846,0.11069209106797981,-0.02841642439257189,1.594819947136569,275.8109661095548,369.4980229599075,True,True,NOT_VERIFIED,2.5923432984336756,217.0077605557863,True,False
S114,consumed_test,2,RigidD,ENG_PAIR_2_POS_X,13694,-0.08728074128045127,-0.02359961765137487,1.5822530765120086,206.15210437967758,371.1562932524719,True,True,NOT_VERIFIED,1.2079355802312242,56.30195764753724,True,False
S114,consumed_test,2,RigidD,ENG_PAIR_3_NEG_X,14459,0.10471362290104796,0.11819784403888459,1.5786298394747145,274.0912705465062,422.45043239649254,True,False,NOT_VERIFIED,6.1194731398086715,249.3488605483467,True,False
S114,consumed_test,2,RigidD,ENG_PAIR_3_POS_X,14436,-0.07262494461663106,0.1211714876794953,1.5736136431159764,211.19080753323874,423.6663141142751,True,False,NOT_VERIFIED,9.33813348134972,120.74838905238252,True,False
S118,consumed_test,0,Official,ENG_MID_UP,12866,-0.06838010603620966,-0.30347721018555607,1.7369654460743118,208.80636882824862,289.19874682067353,True,True,NOT_VERIFIED,,,False,False
S118,consumed_test,0,Official,ENG_MID_DOWN,14858,0.00475710844593829,0.008026313105420272,1.7195784898701867,231.78110630065743,392.8310142760591,True,False,NOT_VERIFIED,,,False,False
S118,consumed_test,0,Official,ENG_PAIR_1_NEG_X,13030,0.03412922185003954,-0.28242255285895895,1.7909832842414732,240.6635163932187,299.03458534280713,True,True,NOT_VERIFIED,,,False,False
S118,consumed_test,0,Official,ENG_PAIR_1_POS_X,13013,-0.17604703961193957,-0.26137427083553744,1.723909775953976,174.58842843388118,302.54371233918357,True,True,NOT_VERIFIED,,,False,False
S118,consumed_test,0,Official,ENG_PAIR_2_NEG_X,13846,0.0301527821744733,-0.16433778160832319,1.8205272831029724,239.30388143610577,337.9849711949249,True,True,NOT_VERIFIED,,,False,False
S118,consumed_test,0,Official,ENG_PAIR_2_POS_X,13694,-0.1460384784931831,-0.1365493993812353,1.751598364640236,184.81041687535577,345.0979166889117,True,True,NOT_VERIFIED,,,False,False
S118,consumed_test,0,Official,ENG_PAIR_3_NEG_X,14459,0.07758545054883931,-0.044783587476111164,1.7784558292502188,254.06046812277853,375.5870741500188,True,False,NOT_VERIFIED,,,False,False
S118,consumed_test,0,Official,ENG_PAIR_3_POS_X,14436,-0.09787368452165791,-0.01169457505529883,1.6975050433695658,198.83334396814888,386.154487435339,True,False,NOT_VERIFIED,,,False,False
S118,consumed_test,0,Rigid,ENG_MID_UP,12866,-0.06733704845913016,-0.28213522000293295,1.5530474427750174,206.63046906776881,285.1844369384503,True,True,NOT_VERIFIED,,,True,False
S118,consumed_test,0,Rigid,ENG_MID_DOWN,14858,-0.007270294532795351,0.032300212904373675,1.538620141707544,227.69607990777658,402.262347665587,True,False,NOT_VERIFIED,,,True,False
S118,consumed_test,0,Rigid,ENG_PAIR_1_NEG_X,13030,0.039814552954389494,-0.2589166666780939,1.5960453594118085,243.87499325343026,296.4160915956852,True,True,NOT_VERIFIED,,,True,False
S118,consumed_test,0,Rigid,ENG_PAIR_1_POS_X,13013,-0.17716047879339147,-0.24374435898685115,1.5535296770153522,168.0905717470378,299.49340404244754,True,True,NOT_VERIFIED,,,True,False
S118,consumed_test,0,Rigid,ENG_PAIR_2_NEG_X,13846,0.03516189711702139,-0.14204532845340798,1.629988197209593,242.03529118675783,339.78992734268684,True,True,NOT_VERIFIED,,,True,False
S118,consumed_test,0,Rigid,ENG_PAIR_2_POS_X,13694,-0.14850114823873362,-0.11879888333135948,1.5820899834356248,179.0907263957104,346.7543196605591,True,True,NOT_VERIFIED,,,True,False
S118,consumed_test,0,Rigid,ENG_PAIR_3_NEG_X,14459,0.07346768841340275,-0.019530250373667592,1.587142046982615,255.51315306772204,383.0255959803142,True,False,NOT_VERIFIED,,,True,False
S118,consumed_test,0,Rigid,ENG_PAIR_3_POS_X,14436,-0.11099937861992035,0.00941303377674335,1.527409241589941,190.64638317313558,393.69477206240884,True,False,NOT_VERIFIED,,,True,False
S118,consumed_test,0,RigidD,ENG_MID_UP,12866,-0.06654008104385753,-0.28202900578332346,1.5466113483559585,206.81306532496765,284.7873705309207,True,True,NOT_VERIFIED,2.749428420338402,22.476119738991944,True,False
S118,consumed_test,0,RigidD,ENG_MID_DOWN,14858,-0.009882677206044143,0.03589424184070141,1.5488110787186733,226.79331211836413,403.523129704377,True,False,NOT_VERIFIED,11.242804496177378,219.2985765674611,True,False
S118,consumed_test,0,RigidD,ENG_PAIR_1_NEG_X,13030,0.03373274130337401,-0.2614884996523825,1.5999299921435415,241.76920305793794,295.71499045018464,True,True,NOT_VERIFIED,1.5845643778109286,47.70419130880113,True,False
S118,consumed_test,0,RigidD,ENG_PAIR_1_POS_X,13013,-0.17658326594411458,-0.24306860462653407,1.5513824491676957,168.20738516815553,299.61959031292207,True,True,NOT_VERIFIED,2.0163700213712015,8.362636285433183,True,False
S118,consumed_test,0,RigidD,ENG_PAIR_2_NEG_X,13846,0.03186701948520015,-0.14015872546317282,1.630556061143892,240.92934753630212,340.4758889015457,True,True,NOT_VERIFIED,4.42410755815012,69.66952979285387,True,False
S118,consumed_test,0,RigidD,ENG_PAIR_2_POS_X,13694,-0.1468411511408359,-0.11685631698615691,1.5757800271010625,179.46019671402738,347.29279173084063,True,True,NOT_VERIFIED,2.7458767698812596,73.70243844717437,True,False
S118,consumed_test,0,RigidD,ENG_PAIR_3_NEG_X,14459,0.06578202570539689,-0.012550265933997527,1.5978603827158806,252.72107092358567,385.5969121201403,True,False,NOT_VERIFIED,3.5787179160603384,183.16602518940823,True,False
S118,consumed_test,0,RigidD,ENG_PAIR_3_POS_X,14436,-0.10710673473367865,0.014373313941076165,1.5409416375498566,192.37182829240209,395.52315126351766,True,False,NOT_VERIFIED,2.979689021497649,206.2227057674549,True,False
S118,consumed_test,1,Official,ENG_MID_UP,12866,-0.06838010603620966,-0.30347721018555607,1.7369654460743118,208.80636882824862,289.19874682067353,True,True,NOT_VERIFIED,,,False,False
S118,consumed_test,1,Official,ENG_MID_DOWN,14858,0.00475710844593829,0.008026313105420272,1.7195784898701867,231.78110630065743,392.8310142760591,True,False,NOT_VERIFIED,,,False,False
S118,consumed_test,1,Official,ENG_PAIR_1_NEG_X,13030,0.03412922185003954,-0.28242255285895895,1.7909832842414732,240.6635163932187,299.03458534280713,True,True,NOT_VERIFIED,,,False,False
S118,consumed_test,1,Official,ENG_PAIR_1_POS_X,13013,-0.17604703961193957,-0.26137427083553744,1.723909775953976,174.58842843388118,302.54371233918357,True,True,NOT_VERIFIED,,,False,False
S118,consumed_test,1,Official,ENG_PAIR_2_NEG_X,13846,0.0301527821744733,-0.16433778160832319,1.8205272831029724,239.30388143610577,337.9849711949249,True,True,NOT_VERIFIED,,,False,False
S118,consumed_test,1,Official,ENG_PAIR_2_POS_X,13694,-0.1460384784931831,-0.1365493993812353,1.751598364640236,184.81041687535577,345.0979166889117,True,True,NOT_VERIFIED,,,False,False
S118,consumed_test,1,Official,ENG_PAIR_3_NEG_X,14459,0.07758545054883931,-0.044783587476111164,1.7784558292502188,254.06046812277853,375.5870741500188,True,False,NOT_VERIFIED,,,False,False
S118,consumed_test,1,Official,ENG_PAIR_3_POS_X,14436,-0.09787368452165791,-0.01169457505529883,1.6975050433695658,198.83334396814888,386.154487435339,True,False,NOT_VERIFIED,,,False,False
S118,consumed_test,1,Rigid,ENG_MID_UP,12866,-0.06691154733271167,-0.28447361670022037,1.5539604942965275,206.7936667916501,284.3767645578707,True,True,NOT_VERIFIED,,,True,False
S118,consumed_test,1,Rigid,ENG_MID_DOWN,14858,-0.005045593621005666,0.029690086747609565,1.5413282095376717,228.48764228617787,401.26272946249844,True,False,NOT_VERIFIED,,,True,False
S118,consumed_test,1,Rigid,ENG_PAIR_1_NEG_X,13030,0.040067053857859226,-0.2620267652686823,1.597790911670811,243.94630389298837,295.39396441449645,True,True,NOT_VERIFIED,,,True,False
S118,consumed_test,1,Rigid,ENG_PAIR_1_POS_X,13013,-0.17652621182669273,-0.2454878218979582,1.5538617962170973,168.32643798292588,298.86457541735456,True,True,NOT_VERIFIED,,,True,False
S118,consumed_test,1,Rigid,ENG_PAIR_2_NEG_X,13846,0.035814829200111795,-0.1452811198102396,1.632215408682217,242.23736709688177,338.71334033903076,True,True,NOT_VERIFIED,,,True,False
S118,consumed_test,1,Rigid,ENG_PAIR_2_POS_X,13694,-0.1473871168314265,-0.12082611715830253,1.5831669618316753,179.5092409186326,346.0440760075318,True,True,NOT_VERIFIED,,,True,False
S118,consumed_test,1,Rigid,ENG_PAIR_3_NEG_X,14459,0.07507616274272741,-0.022790547491520992,1.5901716460712443,256.01661860844564,381.8546720625148,True,False,NOT_VERIFIED,,,True,False
S118,consumed_test,1,Rigid,ENG_PAIR_3_POS_X,14436,-0.1088178312002752,0.007417197947267819,1.5293085894230336,191.4734323029116,392.9364051321699,True,False,NOT_VERIFIED,,,True,False
S118,consumed_test,1,RigidD,ENG_MID_UP,12866,-0.06634655848752309,-0.28370946524014845,1.5476079692123712,206.89635763215765,284.227908729334,True,True,NOT_VERIFIED,7.12363071869345,1.9109288786978198,True,False
S118,consumed_test,1,RigidD,ENG_MID_DOWN,14858,-0.007237518100748764,0.03257278932824057,1.5494435865315381,227.72561269929312,402.27926019520964,True,False,NOT_VERIFIED,0.6843000236518056,132.21168501916267,True,False
S118,consumed_test,1,RigidD,ENG_PAIR_1_NEG_X,13030,0.03452623028687973,-0.26412997044803094,1.6004541560495982,242.03578102478917,294.792431377496,True,True,NOT_VERIFIED,2.3168669177208994,93.67078963626842,True,False
S118,consumed_test,1,RigidD,ENG_PAIR_1_POS_X,13013,-0.17611452122750926,-0.24430376720376576,1.549972747286104,168.31584035475422,299.07689359233626,True,True,NOT_VERIFIED,4.48354549543341,3.0862054911918744,True,False
S118,consumed_test,1,RigidD,ENG_PAIR_2_NEG_X,13846,0.03305469847765267,-0.1433851079135815,1.6327288377173077,241.31181170939922,339.40037827405666,True,True,NOT_VERIFIED,3.0027987600546453,48.60116625637119,True,False
S118,consumed_test,1,RigidD,ENG_PAIR_2_POS_X,13694,-0.14650986643594782,-0.1189901842600938,1.5754593130452732,179.56451291115914,346.5015958202424,True,True,NOT_VERIFIED,1.5651252515379392,30.992037790038818,True,False
S118,consumed_test,1,RigidD,ENG_PAIR_3_NEG_X,14459,0.06717775789917349,-0.015714340861847587,1.6009866432942181,253.15260610391854,384.46402764399676,True,False,NOT_VERIFIED,4.448810512241858,105.36158017710721,True,False
S118,consumed_test,1,RigidD,ENG_PAIR_3_POS_X,14436,-0.10559838257339076,0.011750520292470795,1.5412132221923054,192.91215857714,394.53907049374686,True,False,NOT_VERIFIED,3.613096744827967,118.06929424025543,True,False
S118,consumed_test,2,Official,ENG_MID_UP,12866,-0.06838010603620966,-0.30347721018555607,1.7369654460743118,208.80636882824862,289.19874682067353,True,True,NOT_VERIFIED,,,False,False
S118,consumed_test,2,Official,ENG_MID_DOWN,14858,0.00475710844593829,0.008026313105420272,1.7195784898701867,231.78110630065743,392.8310142760591,True,False,NOT_VERIFIED,,,False,False
S118,consumed_test,2,Official,ENG_PAIR_1_NEG_X,13030,0.03412922185003954,-0.28242255285895895,1.7909832842414732,240.6635163932187,299.03458534280713,True,True,NOT_VERIFIED,,,False,False
S118,consumed_test,2,Official,ENG_PAIR_1_POS_X,13013,-0.17604703961193957,-0.26137427083553744,1.723909775953976,174.58842843388118,302.54371233918357,True,True,NOT_VERIFIED,,,False,False
S118,consumed_test,2,Official,ENG_PAIR_2_NEG_X,13846,0.0301527821744733,-0.16433778160832319,1.8205272831029724,239.30388143610577,337.9849711949249,True,True,NOT_VERIFIED,,,False,False
S118,consumed_test,2,Official,ENG_PAIR_2_POS_X,13694,-0.1460384784931831,-0.1365493993812353,1.751598364640236,184.81041687535577,345.0979166889117,True,True,NOT_VERIFIED,,,False,False
S118,consumed_test,2,Official,ENG_PAIR_3_NEG_X,14459,0.07758545054883931,-0.044783587476111164,1.7784558292502188,254.06046812277853,375.5870741500188,True,False,NOT_VERIFIED,,,False,False
S118,consumed_test,2,Official,ENG_PAIR_3_POS_X,14436,-0.09787368452165791,-0.01169457505529883,1.6975050433695658,198.83334396814888,386.154487435339,True,False,NOT_VERIFIED,,,False,False
S118,consumed_test,2,Rigid,ENG_MID_UP,12866,-0.06538487504223893,-0.2832782941919679,1.5533500419750923,207.32035276366514,284.7797580994563,True,True,NOT_VERIFIED,,,True,False
S118,consumed_test,2,Rigid,ENG_MID_DOWN,14858,-0.007168871739322322,0.03149823423551977,1.5387748053897903,227.7322788974499,401.96003764104927,True,False,NOT_VERIFIED,,,True,False
S118,consumed_test,2,Rigid,ENG_PAIR_1_NEG_X,13030,0.041782918170710254,-0.25945494458257545,1.5959751501900852,244.54809947877257,296.217123229991,True,False,NOT_VERIFIED,,,True,False
S118,consumed_test,2,Rigid,ENG_PAIR_1_POS_X,13013,-0.17542372738343648,-0.24551641999534912,1.5542266504360676,168.72777043251716,298.87537101096666,True,True,NOT_VERIFIED,,,True,False
S118,consumed_test,2,Rigid,ENG_PAIR_2_NEG_X,13846,0.03658138904369836,-0.1426183017646097,1.6299577359113715,242.5103806216748,339.58590602512146,True,True,NOT_VERIFIED,,,True,False
S118,consumed_test,2,Rigid,ENG_PAIR_2_POS_X,13694,-0.14737916120082303,-0.1204142255222316,1.5827110929104675,179.4973604039733,346.18172246604036,True,True,NOT_VERIFIED,,,True,False
S118,consumed_test,2,Rigid,ENG_PAIR_3_NEG_X,14459,0.07403463673243049,-0.01987831191027119,1.5870017151328717,255.7101827004874,382.89826383858355,True,False,NOT_VERIFIED,,,True,False
S118,consumed_test,2,Rigid,ENG_PAIR_3_POS_X,14436,-0.11080417976663057,0.008020059767934747,1.5279245340026064,190.72940867374476,393.1668860620183,True,False,NOT_VERIFIED,,,True,False
S118,consumed_test,2,RigidD,ENG_MID_UP,12866,-0.06536369609683118,-0.2830191386584699,1.548813737226182,207.26058436909244,284.5678511703557,True,True,NOT_VERIFIED,6.537483458249625,4.314200993880709,True,False
S118,consumed_test,2,RigidD,ENG_MID_DOWN,14858,-0.009511845624700789,0.03461948367208492,1.54790708157799,226.9219121668693,403.05518327638686,True,False,NOT_VERIFIED,1.903049052851596,134.46120120397293,True,False
S118,consumed_test,2,RigidD,ENG_PAIR_1_NEG_X,13030,0.03557228029098232,-0.26207516568614636,1.5999192237340343,242.39622441236722,295.502517386989,True,True,NOT_VERIFIED,3.362039752587155,25.922271753024567,True,False
S118,consumed_test,2,RigidD,ENG_PAIR_1_POS_X,13013,-0.17553245378574775,-0.24444617670472119,1.5512245731708947,168.57044407592934,299.0973399076247,True,True,NOT_VERIFIED,0.8983239977814302,5.256951622751807,True,False
S118,consumed_test,2,RigidD,ENG_PAIR_2_NEG_X,13846,0.0329024001882833,-0.14056852228966382,1.6309801023591344,241.27273075301295,340.343645387719,True,True,NOT_VERIFIED,4.406209456832516,21.485536337186637,True,False
S118,consumed_test,2,RigidD,ENG_PAIR_2_POS_X,13694,-0.14656848285142188,-0.11832755502501133,1.5758813813176684,179.55781193630426,346.7561985950227,True,True,NOT_VERIFIED,2.0455048491247796,4.8651262827650505,True,False
S118,consumed_test,2,RigidD,ENG_PAIR_3_NEG_X,14459,0.06578851025439654,-0.012627172674008626,1.5983407848192952,252.7165359717991,385.57047848895434,True,False,NOT_VERIFIED,3.5155860001382546,89.84041348417418,True,False
S118,consumed_test,2,RigidD,ENG_PAIR_3_POS_X,14436,-0.10747196133237412,0.012973294780468147,1.5412697277818854,192.2506846276352,394.99723850857623,True,False,NOT_VERIFIED,3.476524938639332,104.3032093193479,True,False
S121,consumed_test,0,Official,ENG_MID_UP,12866,-0.07887736646617027,-0.24602447724708207,1.5946723195967767,216.1643849239072,301.1044751449351,True,True,NOT_VERIFIED,,,False,False
S121,consumed_test,0,Official,ENG_MID_DOWN,14858,-0.06723775494386956,0.09153225799887219,1.6102144064871677,220.4225663598901,423.07830140376046,True,False,NOT_VERIFIED,,,False,False
S121,consumed_test,0,Official,ENG_PAIR_1_NEG_X,13030,0.042261578183973136,-0.2024892051306213,1.6221947547856663,257.8923523940797,318.12157035581845,True,True,NOT_VERIFIED,,,False,False
S121,consumed_test,0,Official,ENG_PAIR_1_POS_X,13013,-0.20142685601996546,-0.2042225019750164,1.6121648599061362,174.45651121580661,317.05176747531294,True,True,NOT_VERIFIED,,,False,False
S121,consumed_test,0,Official,ENG_PAIR_2_NEG_X,13846,0.03242339407219947,-0.08050975889831069,1.6576705024817264,254.3047516524365,362.1775376520119,True,True,NOT_VERIFIED,,,False,False
S121,consumed_test,0,Official,ENG_PAIR_2_POS_X,13694,-0.18447254980491906,-0.07310106816360949,1.654231109137677,181.8755603411762,364.7066645183169,True,True,NOT_VERIFIED,,,False,False
S121,consumed_test,0,Official,ENG_PAIR_3_NEG_X,14459,0.03576580679459463,0.052772757065505604,1.6295448533880637,255.6247087846541,408.94699431453483,True,False,NOT_VERIFIED,,,False,False
S121,consumed_test,0,Official,ENG_PAIR_3_POS_X,14436,-0.17162040365153966,0.06323837447651406,1.6321761111934878,185.3940253753445,412.62131232398343,True,False,NOT_VERIFIED,,,False,False
S121,consumed_test,0,Rigid,ENG_MID_UP,12866,-0.08193132150727857,-0.27637998536621333,1.4942483018416055,213.19810917769985,283.37748718066734,True,True,NOT_VERIFIED,,,True,False
S121,consumed_test,0,Rigid,ENG_MID_DOWN,14858,-0.07959591619022968,0.06074790474269005,1.5199566297516416,214.55960491444503,413.3273313637713,True,False,NOT_VERIFIED,,,True,False
S121,consumed_test,0,Rigid,ENG_PAIR_1_NEG_X,13030,0.03910410203667677,-0.22991333777827366,1.5170238408561922,257.7402582772653,302.67793712220765,True,True,NOT_VERIFIED,,,True,False
S121,consumed_test,0,Rigid,ENG_PAIR_1_POS_X,13013,-0.2046176418620547,-0.23900265558845127,1.5192037323028573,169.07132426371766,299.3470095761274,True,True,NOT_VERIFIED,,,True,False
S121,consumed_test,0,Rigid,ENG_PAIR_2_NEG_X,13846,0.02745768034175262,-0.10943743397477931,1.556826118539611,253.2423370120048,349.62494510025095,True,True,NOT_VERIFIED,,,True,False
S121,consumed_test,0,Rigid,ENG_PAIR_2_POS_X,13694,-0.18945415643254093,-0.10875125022925362,1.564530196316562,176.58312023503427,350.078315557837,True,True,NOT_VERIFIED,,,True,False
S121,consumed_test,0,Rigid,ENG_PAIR_3_NEG_X,14459,0.02537386211223409,0.024677059372892635,1.5328383446313216,252.64364951961818,399.5379636184641,True,False,NOT_VERIFIED,,,True,False
S121,consumed_test,0,Rigid,ENG_PAIR_3_POS_X,14436,-0.18182534608943568,0.0285318676178501,1.5462219735351803,178.51715181144047,400.89778233293254,True,False,NOT_VERIFIED,,,True,False
S121,consumed_test,0,RigidD,ENG_MID_UP,12866,-0.08192482067107654,-0.2788277077263445,1.496104054605272,213.2380921140696,282.5648213535043,True,True,NOT_VERIFIED,3.6107439383153803,85.85055468535595,True,False
S121,consumed_test,0,RigidD,ENG_MID_DOWN,14858,-0.07963842149416761,0.061677064171793944,1.522060628009614,214.58417411656933,413.6480984654224,True,False,NOT_VERIFIED,22.20292882573157,40.91502322387857,True,False
S121,consumed_test,0,RigidD,ENG_PAIR_1_NEG_X,13030,0.03573871132384188,-0.23261546161005342,1.521348267791758,256.4774082547097,301.900684755852,True,True,NOT_VERIFIED,8.789886087595795,3.4055106840360967,True,False
S121,consumed_test,0,RigidD,ENG_PAIR_1_POS_X,13013,-0.19928441782436274,-0.24389041155697955,1.5306988534333572,171.55551377405595,298.18476842459347,True,True,NOT_VERIFIED,4.730349764851741,151.60960602896347,True,False
S121,consumed_test,0,RigidD,ENG_PAIR_2_NEG_X,13846,0.021188845971703434,-0.10989284033221505,1.5689021247943842,250.95939898754972,349.7698407584717,True,True,NOT_VERIFIED,2.043691140895113,17.926225374199202,True,False
S121,consumed_test,0,RigidD,ENG_PAIR_2_POS_X,13694,-0.18708587545091207,-0.11028895454224015,1.571098257507165,177.69581323973907,349.6807450232498,True,True,NOT_VERIFIED,3.3299627118602197,112.57095780942953,True,False
S121,consumed_test,0,RigidD,ENG_PAIR_3_NEG_X,14459,0.020765858984927235,0.027229418270557634,1.5419109505201354,250.9384496392837,400.4395760813227,True,False,NOT_VERIFIED,3.794525907053626,32.010511922235985,True,False
S121,consumed_test,0,RigidD,ENG_PAIR_3_POS_X,14436,-0.18004495748330906,0.02951505687783907,1.550068781272545,179.3130943955368,401.2377763092006,True,False,NOT_VERIFIED,2.47529232520594,5.357559721444448,True,False
S121,consumed_test,1,Official,ENG_MID_UP,12866,-0.07887736646617027,-0.24602447724708207,1.5946723195967767,216.1643849239072,301.1044751449351,True,True,NOT_VERIFIED,,,False,False
S121,consumed_test,1,Official,ENG_MID_DOWN,14858,-0.06723775494386956,0.09153225799887219,1.6102144064871677,220.4225663598901,423.07830140376046,True,False,NOT_VERIFIED,,,False,False
S121,consumed_test,1,Official,ENG_PAIR_1_NEG_X,13030,0.042261578183973136,-0.2024892051306213,1.6221947547856663,257.8923523940797,318.12157035581845,True,True,NOT_VERIFIED,,,False,False
S121,consumed_test,1,Official,ENG_PAIR_1_POS_X,13013,-0.20142685601996546,-0.2042225019750164,1.6121648599061362,174.45651121580661,317.05176747531294,True,True,NOT_VERIFIED,,,False,False
S121,consumed_test,1,Official,ENG_PAIR_2_NEG_X,13846,0.03242339407219947,-0.08050975889831069,1.6576705024817264,254.3047516524365,362.1775376520119,True,True,NOT_VERIFIED,,,False,False
S121,consumed_test,1,Official,ENG_PAIR_2_POS_X,13694,-0.18447254980491906,-0.07310106816360949,1.654231109137677,181.8755603411762,364.7066645183169,True,True,NOT_VERIFIED,,,False,False
S121,consumed_test,1,Official,ENG_PAIR_3_NEG_X,14459,0.03576580679459463,0.052772757065505604,1.6295448533880637,255.6247087846541,408.94699431453483,True,False,NOT_VERIFIED,,,False,False
S121,consumed_test,1,Official,ENG_PAIR_3_POS_X,14436,-0.17162040365153966,0.06323837447651406,1.6321761111934878,185.3940253753445,412.62131232398343,True,False,NOT_VERIFIED,,,False,False
S121,consumed_test,1,Rigid,ENG_MID_UP,12866,-0.09378109930499741,-0.2829664968200594,1.4958394193567224,208.85291620330472,280.947253562581,True,True,NOT_VERIFIED,,,True,False
S121,consumed_test,1,Rigid,ENG_MID_DOWN,14858,-0.08868147172490498,0.054119763619382685,1.521693497423883,211.29336703618156,410.78449267703434,True,False,NOT_VERIFIED,,,True,False
S121,consumed_test,1,Rigid,ENG_PAIR_1_NEG_X,13030,0.0282580173733415,-0.23717241191599112,1.514191641459269,253.80881393280663,299.7444815712821,True,True,NOT_VERIFIED,,,True,False
S121,consumed_test,1,Rigid,ENG_PAIR_1_POS_X,13013,-0.2152651329554854,-0.2449536486208712,1.5253084612958372,165.51190191665194,297.4567398107016,True,True,NOT_VERIFIED,,,True,False
S121,consumed_test,1,Rigid,ENG_PAIR_2_NEG_X,13846,0.01873150980920501,-0.11667295217137845,1.5544834483092944,250.15510349804956,346.874603386735,True,True,NOT_VERIFIED,,,True,False
S121,consumed_test,1,Rigid,ENG_PAIR_2_POS_X,13694,-0.19774461672365523,-0.11482810393596303,1.5701439646367046,173.9047133341706,347.98591128257505,True,True,NOT_VERIFIED,,,True,False
S121,consumed_test,1,Rigid,ENG_PAIR_3_NEG_X,14459,0.01649380768216951,0.017473194901408032,1.530687296601326,249.45080831251957,396.8320381798509,True,True,NOT_VERIFIED,,,True,False
S121,consumed_test,1,Rigid,ENG_PAIR_3_POS_X,14436,-0.19005082012710373,0.02242910052736682,1.5516694001945286,175.81603488428973,398.5881006274206,True,False,NOT_VERIFIED,,,True,False
S121,consumed_test,1,RigidD,ENG_MID_UP,12866,-0.09376951871476324,-0.2848559506272487,1.4964122987068476,208.87045535054463,280.2596116685612,True,True,NOT_VERIFIED,1.727388377943946,36.581560435980165,True,False
S121,consumed_test,1,RigidD,ENG_MID_DOWN,14858,-0.08796999504274466,0.056665954165206874,1.5291240562285966,211.70695910759738,411.64665099581873,True,False,NOT_VERIFIED,2.6103468165658232,100.04135271982398,True,False
S121,consumed_test,1,RigidD,ENG_PAIR_1_NEG_X,13030,0.025443626170758418,-0.23929197981089081,1.516882266068611,252.76528180452644,299.0977145812257,True,True,NOT_VERIFIED,5.837919344086073,4.909888005882112,True,False
S121,consumed_test,1,RigidD,ENG_PAIR_1_POS_X,13013,-0.21045055283728825,-0.24899783858974625,1.534165346187106,167.69623569864433,296.46940808102414,True,True,NOT_VERIFIED,6.716995386645618,79.61511772423893,True,False
S121,consumed_test,1,RigidD,ENG_PAIR_2_NEG_X,13846,0.014410502514303659,-0.11620990623839435,1.5634979955830464,248.58956597713143,347.2957174468496,True,True,NOT_VERIFIED,3.656101708318416,69.84465136875356,True,False
S121,consumed_test,1,RigidD,ENG_PAIR_2_POS_X,13694,-0.19541753260561062,-0.11583062853802156,1.5746861785397694,174.92205578056422,347.73996956797953,True,True,NOT_VERIFIED,6.088480881036519,9.369021091517544,True,False
S121,consumed_test,1,RigidD,ENG_PAIR_3_NEG_X,14459,0.01322351731313686,0.019629672831249348,1.5386410727934399,248.2455581837842,397.60767059775054,True,True,NOT_VERIFIED,1.876192766033564,194.23979610463837,True,False
S121,consumed_test,1,RigidD,ENG_PAIR_3_POS_X,14436,-0.18816742870631742,0.023223372441390465,1.5548069582969797,176.62196842294796,398.8663844193078,True,False,NOT_VERIFIED,12.888458855395683,3.867410129011054,True,False
S121,consumed_test,2,Official,ENG_MID_UP,12866,-0.07887736646617027,-0.24602447724708207,1.5946723195967767,216.1643849239072,301.1044751449351,True,True,NOT_VERIFIED,,,False,False
S121,consumed_test,2,Official,ENG_MID_DOWN,14858,-0.06723775494386956,0.09153225799887219,1.6102144064871677,220.4225663598901,423.07830140376046,True,False,NOT_VERIFIED,,,False,False
S121,consumed_test,2,Official,ENG_PAIR_1_NEG_X,13030,0.042261578183973136,-0.2024892051306213,1.6221947547856663,257.8923523940797,318.12157035581845,True,True,NOT_VERIFIED,,,False,False
S121,consumed_test,2,Official,ENG_PAIR_1_POS_X,13013,-0.20142685601996546,-0.2042225019750164,1.6121648599061362,174.45651121580661,317.05176747531294,True,True,NOT_VERIFIED,,,False,False
S121,consumed_test,2,Official,ENG_PAIR_2_NEG_X,13846,0.03242339407219947,-0.08050975889831069,1.6576705024817264,254.3047516524365,362.1775376520119,True,True,NOT_VERIFIED,,,False,False
S121,consumed_test,2,Official,ENG_PAIR_2_POS_X,13694,-0.18447254980491906,-0.07310106816360949,1.654231109137677,181.8755603411762,364.7066645183169,True,True,NOT_VERIFIED,,,False,False
S121,consumed_test,2,Official,ENG_PAIR_3_NEG_X,14459,0.03576580679459463,0.052772757065505604,1.6295448533880637,255.6247087846541,408.94699431453483,True,False,NOT_VERIFIED,,,False,False
S121,consumed_test,2,Official,ENG_PAIR_3_POS_X,14436,-0.17162040365153966,0.06323837447651406,1.6321761111934878,185.3940253753445,412.62131232398343,True,False,NOT_VERIFIED,,,False,False
S121,consumed_test,2,Rigid,ENG_MID_UP,12866,-0.08797333590650759,-0.27524720265608266,1.4950505268761305,210.98121126414117,283.8725706805901,True,True,NOT_VERIFIED,,,True,False
S121,consumed_test,2,Rigid,ENG_MID_DOWN,14858,-0.08391219796984495,0.06191724846927861,1.5200550582094507,212.9924041084486,413.7702753999389,True,False,NOT_VERIFIED,,,True,False
S121,consumed_test,2,Rigid,ENG_PAIR_1_NEG_X,13030,0.03351543031897346,-0.22925115213314465,1.516317667850723,255.71026470151781,302.88946052557714,True,True,NOT_VERIFIED,,,True,False
S121,consumed_test,2,Rigid,ENG_PAIR_1_POS_X,13013,-0.21020043235677244,-0.23730001315054472,1.521362486038937,167.14919321057835,300.1225559410173,True,True,NOT_VERIFIED,,,True,False
S121,consumed_test,2,Rigid,ENG_PAIR_2_NEG_X,13846,0.02284454923635535,-0.10864936907799755,1.5560120763384768,251.6092015654327,349.8963013337948,True,True,NOT_VERIFIED,,,True,False
S121,consumed_test,2,Rigid,ENG_PAIR_2_POS_X,13694,-0.1939575723877105,-0.1070260268125217,1.5662479648937824,175.06768710454725,350.75873604200586,True,True,NOT_VERIFIED,,,True,False
S121,consumed_test,2,Rigid,ENG_PAIR_3_NEG_X,14459,0.021047538068252426,0.02542569601428411,1.5317819175945941,251.0892731487512,399.82673851138736,True,False,NOT_VERIFIED,,,True,False
S121,consumed_test,2,Rigid,ENG_PAIR_3_POS_X,14436,-0.18596291835930254,0.030187423476082817,1.5475771646605778,177.09669314813462,401.5064931765353,True,False,NOT_VERIFIED,,,True,False
S121,consumed_test,2,RigidD,ENG_MID_UP,12866,-0.08811156833503281,-0.2774428038808938,1.497138719350655,210.97554323485383,283.1736584311636,True,True,NOT_VERIFIED,2.769167842403442,30.83852641849866,True,False
S121,consumed_test,2,RigidD,ENG_MID_DOWN,14858,-0.08366309430608332,0.0634898852359125,1.5242766673889192,213.16719235221092,414.30116382703244,True,False,NOT_VERIFIED,2.1330003927724297,52.05161031297206,True,False
S121,consumed_test,2,RigidD,ENG_PAIR_1_NEG_X,13030,0.028300976377736563,-0.23310499123067174,1.5223544810729104,253.76911281831835,301.77329410893043,True,True,NOT_VERIFIED,2.9231256606553586,35.72548546593483,True,False
S121,consumed_test,2,RigidD,ENG_PAIR_1_POS_X,13013,-0.20504051149769656,-0.241331900986646,1.530297256550129,169.45815751451832,299.12653053663666,True,True,NOT_VERIFIED,10.977384541999761,8.660937461442796,True,False
S121,consumed_test,2,RigidD,ENG_PAIR_2_NEG_X,13846,0.017081734099959528,-0.10913115342994459,1.5675777087153377,249.51793089230816,350.0163731057022,True,True,NOT_VERIFIED,4.64316176753182,17.225104669152454,True,False
S121,consumed_test,2,RigidD,ENG_PAIR_2_POS_X,13694,-0.19034628463256154,-0.10890095012306795,1.5737497253741999,176.66187510145838,350.25862212119125,True,True,NOT_VERIFIED,13.162572586241112,6.169651753555034,True,False
S121,consumed_test,2,RigidD,ENG_PAIR_3_NEG_X,14459,0.016965973987842886,0.02781289263166197,1.5401755559541894,249.58352882772382,400.66993919421304,True,False,NOT_VERIFIED,4.9450475299372885,23.66341687628774,True,False
S121,consumed_test,2,RigidD,ENG_PAIR_3_POS_X,14436,-0.18342619102671504,0.03128574684042466,1.5517911098265902,178.18030777039786,401.88479933900334,True,False,NOT_VERIFIED,1.2800549249094837,34.43640678375637,True,False
S130,consumed_test,0,Official,ENG_MID_UP,12866,-0.03423918268190793,-0.4256225775210057,1.6878828888951176,224.4807790293673,298.0082198044715,True,True,NOT_VERIFIED,,,False,False
S130,consumed_test,0,Official,ENG_MID_DOWN,14858,-0.025317722865781447,-0.10095786753243895,1.7057314590775,227.5084610471609,409.9249217628121,True,False,NOT_VERIFIED,,,False,False
S130,consumed_test,0,Official,ENG_PAIR_1_NEG_X,13030,0.07230831854600243,-0.3978887600047651,1.7262836274087294,259.0669748291042,310.5786196118689,True,True,NOT_VERIFIED,,,False,False
S130,consumed_test,0,Official,ENG_PAIR_1_POS_X,13013,-0.1453993411194547,-0.38529315101226347,1.6949213320969585,188.04319850409044,312.41503027796693,True,True,NOT_VERIFIED,,,False,False
S130,consumed_test,0,Official,ENG_PAIR_2_NEG_X,13846,0.05593438983302213,-0.27191706402752197,1.7692211830593911,253.35298798325633,355.1162750368622,True,True,NOT_VERIFIED,,,False,False
S130,consumed_test,0,Official,ENG_PAIR_2_POS_X,13694,-0.1312737960864479,-0.2616946336426325,1.7438812423167749,193.88906721229637,357.22068825723,True,True,NOT_VERIFIED,,,False,False
S130,consumed_test,0,Official,ENG_PAIR_3_NEG_X,14459,0.06775902733576797,-0.13918122261139265,1.7374213553252562,257.46097922720327,397.79206111325715,True,False,NOT_VERIFIED,,,False,False
S130,consumed_test,0,Official,ENG_PAIR_3_POS_X,14436,-0.12414880934728376,-0.12821143445298686,1.716095596808553,195.520712219527,400.92194099507384,True,False,NOT_VERIFIED,,,False,False
S130,consumed_test,0,Rigid,ENG_MID_UP,12866,-0.056530960292579084,-0.3580861727232718,1.4984755317922613,214.77872574132792,305.66159597653666,True,True,NOT_VERIFIED,,,True,False
S130,consumed_test,0,Rigid,ENG_MID_DOWN,14858,-0.03426822107912469,-0.038157157387527195,1.5528366705200412,223.4889766331282,429.99985750653696,True,False,NOT_VERIFIED,,,True,False
S130,consumed_test,0,Rigid,ENG_PAIR_1_NEG_X,13030,0.05403780726522334,-0.3377829044785884,1.5294348003504743,255.420538593205,316.16581543364447,True,True,NOT_VERIFIED,,,True,False
S130,consumed_test,0,Rigid,ENG_PAIR_1_POS_X,13013,-0.16503647896473894,-0.3161025302662026,1.5207580211687342,175.3945181249168,323.7029710893084,True,False,NOT_VERIFIED,,,True,False
S130,consumed_test,0,Rigid,ENG_PAIR_2_NEG_X,13846,0.04626057856413687,-0.217423131977782,1.5880321321277795,251.97086150216722,364.84757815261565,True,True,NOT_VERIFIED,,,True,False
S130,consumed_test,0,Rigid,ENG_PAIR_2_POS_X,13694,-0.14199451526521373,-0.19957735752609446,1.5821106849572013,185.83761422386357,371.0920799117949,True,True,NOT_VERIFIED,,,True,False
S130,consumed_test,0,Rigid,ENG_PAIR_3_NEG_X,14459,0.059892219027773315,-0.08219081475498825,1.5708201174501288,256.97601285813863,413.9056637819948,True,False,NOT_VERIFIED,,,True,False
S130,consumed_test,0,Rigid,ENG_PAIR_3_POS_X,14436,-0.13264201411555684,-0.06396153684439818,1.5694043124882344,188.74851682147636,420.61465837712143,True,False,NOT_VERIFIED,,,True,False
S130,consumed_test,0,RigidD,ENG_MID_UP,12866,-0.0548584513260265,-0.356581349658218,1.492555324839936,215.31885237476743,305.6966012152244,True,True,NOT_VERIFIED,2.3312876402300704,65.06137046532689,True,False
S130,consumed_test,0,RigidD,ENG_MID_DOWN,14858,-0.03441224936241331,-0.04078137922767584,1.5391313831273132,223.32760285253818,428.8841422361693,True,False,NOT_VERIFIED,0.9665533049340711,276.89849538398556,True,False
S130,consumed_test,0,RigidD,ENG_PAIR_1_NEG_X,13030,0.05440428340577272,-0.33675278489158156,1.5272022006205774,255.5827647572117,316.36975471675777,True,True,NOT_VERIFIED,3.300211798391067,8.40265161156679,True,False
S130,consumed_test,0,RigidD,ENG_PAIR_1_POS_X,13013,-0.16039069621426544,-0.31990235658626454,1.526285914130825,177.30645826549485,322.6957299847596,True,True,NOT_VERIFIED,7.109834171597527,118.03458814579682,True,False
S130,consumed_test,0,RigidD,ENG_PAIR_2_NEG_X,13846,0.04904462654505873,-0.21523038050493642,1.580247339512437,253.03077037182948,365.2611534705238,True,True,NOT_VERIFIED,2.362515733037974,89.95619519398471,True,False
S130,consumed_test,0,RigidD,ENG_PAIR_2_POS_X,13694,-0.14008114041990613,-0.1995912253405543,1.5809960705466635,186.47566626776288,371.0354154186186,True,True,NOT_VERIFIED,1.6340472787515024,227.12082716983076,True,False
S130,consumed_test,0,RigidD,ENG_PAIR_3_NEG_X,14459,0.056861743735159835,-0.08177727496334955,1.5694914731363419,255.91983102273485,414.03278457976376,True,False,NOT_VERIFIED,6.34874704878273,219.4320265041121,True,False
S130,consumed_test,0,RigidD,ENG_PAIR_3_POS_X,14436,-0.12859580058628567,-0.06392289533157205,1.5702318481818058,190.2067803235791,420.64138683671007,True,False,NOT_VERIFIED,2.790937326273456,303.82963712148546,True,False
S130,consumed_test,1,Official,ENG_MID_UP,12866,-0.03423918268190793,-0.4256225775210057,1.6878828888951176,224.4807790293673,298.0082198044715,True,True,NOT_VERIFIED,,,False,False
S130,consumed_test,1,Official,ENG_MID_DOWN,14858,-0.025317722865781447,-0.10095786753243895,1.7057314590775,227.5084610471609,409.9249217628121,True,False,NOT_VERIFIED,,,False,False
S130,consumed_test,1,Official,ENG_PAIR_1_NEG_X,13030,0.07230831854600243,-0.3978887600047651,1.7262836274087294,259.0669748291042,310.5786196118689,True,True,NOT_VERIFIED,,,False,False
S130,consumed_test,1,Official,ENG_PAIR_1_POS_X,13013,-0.1453993411194547,-0.38529315101226347,1.6949213320969585,188.04319850409044,312.41503027796693,True,True,NOT_VERIFIED,,,False,False
S130,consumed_test,1,Official,ENG_PAIR_2_NEG_X,13846,0.05593438983302213,-0.27191706402752197,1.7692211830593911,253.35298798325633,355.1162750368622,True,True,NOT_VERIFIED,,,False,False
S130,consumed_test,1,Official,ENG_PAIR_2_POS_X,13694,-0.1312737960864479,-0.2616946336426325,1.7438812423167749,193.88906721229637,357.22068825723,True,True,NOT_VERIFIED,,,False,False
S130,consumed_test,1,Official,ENG_PAIR_3_NEG_X,14459,0.06775902733576797,-0.13918122261139265,1.7374213553252562,257.46097922720327,397.79206111325715,True,False,NOT_VERIFIED,,,False,False
S130,consumed_test,1,Official,ENG_PAIR_3_POS_X,14436,-0.12414880934728376,-0.12821143445298686,1.716095596808553,195.520712219527,400.92194099507384,True,False,NOT_VERIFIED,,,False,False
S130,consumed_test,1,Rigid,ENG_MID_UP,12866,-0.05775632130323206,-0.3537246004741451,1.4983633211230394,214.3222131285325,307.33939129045234,True,True,NOT_VERIFIED,,,True,False
S130,consumed_test,1,Rigid,ENG_MID_DOWN,14858,-0.03438566892745981,-0.03401961532498226,1.5535708649288518,223.4527228830484,431.5511446588243,True,False,NOT_VERIFIED,,,True,False
S130,consumed_test,1,Rigid,ENG_PAIR_1_NEG_X,13030,0.052823969397978496,-0.33392171858502084,1.5296042645730639,254.97690270789263,317.64397840693573,True,True,NOT_VERIFIED,,,True,False
S130,consumed_test,1,Rigid,ENG_PAIR_1_POS_X,13013,-0.16614719359049326,-0.31138185017225484,1.5205239495159453,174.9788585737629,325.4849530668215,True,False,NOT_VERIFIED,,,True,False
S130,consumed_test,1,Rigid,ENG_PAIR_2_NEG_X,13846,0.045383620086823576,-0.21367953627422337,1.58848606319878,251.65911368911233,366.2370430272686,True,True,NOT_VERIFIED,,,True,False
S130,consumed_test,1,Rigid,ENG_PAIR_2_POS_X,13694,-0.14278907707475455,-0.19509899849283424,1.5822158786908547,185.56156993389308,372.7384573854972,True,True,NOT_VERIFIED,,,True,False
S130,consumed_test,1,Rigid,ENG_PAIR_3_NEG_X,14459,0.059567899897656006,-0.07845786701428606,1.5716408543474787,256.8501401962255,415.2990050435642,True,False,NOT_VERIFIED,,,True,False
S130,consumed_test,1,Rigid,ENG_PAIR_3_POS_X,14436,-0.13289188939619795,-0.05948869247131678,1.5698683050405264,188.673867374752,422.27403163202365,True,False,NOT_VERIFIED,,,True,False
S130,consumed_test,1,RigidD,ENG_MID_UP,12866,-0.05624449051747365,-0.3526840349345541,1.4938128497964334,214.8199011322091,307.32631460648685,True,True,NOT_VERIFIED,2.9323831259674824,5.940384613485008,True,False
S130,consumed_test,1,RigidD,ENG_MID_DOWN,14858,-0.03444234618523037,-0.036921835840613204,1.5385260361965183,223.31182668640122,430.3329600220748,True,False,NOT_VERIFIED,1.1706182672042975,162.8998090977205,True,False
S130,consumed_test,1,RigidD,ENG_PAIR_1_NEG_X,13030,0.05313405162719801,-0.33318946445798936,1.5278939249593755,255.11130762620851,317.7801992236104,True,True,NOT_VERIFIED,2.4137941479564313,8.40373773701528,True,False
S130,consumed_test,1,RigidD,ENG_PAIR_1_POS_X,13013,-0.1618394959506699,-0.3152302744515019,1.5265537053196652,176.78874919338213,324.4920179258419,True,True,NOT_VERIFIED,9.954827330835188,24.748965087907283,True,False
S130,consumed_test,1,RigidD,ENG_PAIR_2_NEG_X,13846,0.04841926018753949,-0.21179554385036187,1.5806670853393991,252.8060946130084,366.54237990903465,True,True,NOT_VERIFIED,1.5136304074045288,36.21777037563983,True,False
S130,consumed_test,1,RigidD,ENG_PAIR_2_POS_X,13694,-0.14039673142128048,-0.19580197194168153,1.5825861796217084,186.41425618948313,372.497580086281,True,True,NOT_VERIFIED,1.3215734518808973,19.614660480064927,True,False
S130,consumed_test,1,RigidD,ENG_PAIR_3_NEG_X,14459,0.05782870181059152,-0.07858606182402847,1.5687727132462963,256.2719557990471,415.19868181344924,True,False,NOT_VERIFIED,2.631306422326583,165.53072781636976,True,False
S130,consumed_test,1,RigidD,ENG_PAIR_3_POS_X,14436,-0.12847428906369607,-0.05994982346030668,1.5699097675158449,190.24049126819853,422.1042625343865,True,False,NOT_VERIFIED,4.770460917503585,103.94745955410107,True,False
S130,consumed_test,2,Official,ENG_MID_UP,12866,-0.03423918268190793,-0.4256225775210057,1.6878828888951176,224.4807790293673,298.0082198044715,True,True,NOT_VERIFIED,,,False,False
S130,consumed_test,2,Official,ENG_MID_DOWN,14858,-0.025317722865781447,-0.10095786753243895,1.7057314590775,227.5084610471609,409.9249217628121,True,False,NOT_VERIFIED,,,False,False
S130,consumed_test,2,Official,ENG_PAIR_1_NEG_X,13030,0.07230831854600243,-0.3978887600047651,1.7262836274087294,259.0669748291042,310.5786196118689,True,True,NOT_VERIFIED,,,False,False
S130,consumed_test,2,Official,ENG_PAIR_1_POS_X,13013,-0.1453993411194547,-0.38529315101226347,1.6949213320969585,188.04319850409044,312.41503027796693,True,True,NOT_VERIFIED,,,False,False
S130,consumed_test,2,Official,ENG_PAIR_2_NEG_X,13846,0.05593438983302213,-0.27191706402752197,1.7692211830593911,253.35298798325633,355.1162750368622,True,True,NOT_VERIFIED,,,False,False
S130,consumed_test,2,Official,ENG_PAIR_2_POS_X,13694,-0.1312737960864479,-0.2616946336426325,1.7438812423167749,193.88906721229637,357.22068825723,True,True,NOT_VERIFIED,,,False,False
S130,consumed_test,2,Official,ENG_PAIR_3_NEG_X,14459,0.06775902733576797,-0.13918122261139265,1.7374213553252562,257.46097922720327,397.79206111325715,True,False,NOT_VERIFIED,,,False,False
S130,consumed_test,2,Official,ENG_PAIR_3_POS_X,14436,-0.12414880934728376,-0.12821143445298686,1.716095596808553,195.520712219527,400.92194099507384,True,False,NOT_VERIFIED,,,False,False
S130,consumed_test,2,Rigid,ENG_MID_UP,12866,-0.05479650834597463,-0.3551803825160976,1.498496283590636,215.42291085040165,306.78811987660197,True,True,NOT_VERIFIED,,,True,False
S130,consumed_test,2,Rigid,ENG_MID_DOWN,14858,-0.03262319235110156,-0.035406020894306105,1.553795827186705,224.08551737879296,431.0355104044328,True,False,NOT_VERIFIED,,,True,False
S130,consumed_test,2,Rigid,ENG_PAIR_1_NEG_X,13030,0.05551706302903304,-0.33508776306767063,1.530486188006221,255.944713887243,317.2750817831539,True,True,NOT_VERIFIED,,,True,False
S130,consumed_test,2,Rigid,ENG_PAIR_1_POS_X,13013,-0.16344422711972462,-0.3131118608333918,1.5199087995049778,175.94356385007188,324.7767657306263,True,False,NOT_VERIFIED,,,True,False
S130,consumed_test,2,Rigid,ENG_PAIR_2_NEG_X,13846,0.04736696857025595,-0.21485395142191463,1.5892910680042307,252.34529375273334,365.84800048891697,True,True,NOT_VERIFIED,,,True,False
S130,consumed_test,2,Rigid,ENG_PAIR_2_POS_X,13694,-0.14080567000064326,-0.19675776515867455,1.5817345019147988,186.24385885360985,372.10849849214867,True,True,NOT_VERIFIED,,,True,False
S130,consumed_test,2,Rigid,ENG_PAIR_3_NEG_X,14459,0.06131872823089268,-0.07959949828801578,1.5725150135735362,257.45779879707,414.8940602507227,True,False,NOT_VERIFIED,,,True,False
S130,consumed_test,2,Rigid,ENG_PAIR_3_POS_X,14436,-0.13117254666036113,-0.0611248328735309,1.5694266746212018,189.27005398272854,421.66324373150167,True,False,NOT_VERIFIED,,,True,False
S130,consumed_test,2,RigidD,ENG_MID_UP,12866,-0.05317233871560122,-0.35403396661070474,1.4928418679765085,215.95109696869696,306.71282341870364,True,True,NOT_VERIFIED,3.3332815113657843,55.7767752334157,True,False
S130,consumed_test,2,RigidD,ENG_MID_DOWN,14858,-0.03258615704341218,-0.038261860486583324,1.5387437874368917,223.98465313939042,429.82987561483105,True,False,NOT_VERIFIED,1.2446640436302077,147.0375065523195,True,False
S130,consumed_test,2,RigidD,ENG_PAIR_1_NEG_X,13030,0.054804624959816875,-0.33481840349200576,1.5292622883833906,255.7017006136861,317.27561138577477,True,True,NOT_VERIFIED,6.363444986797511,2.9313546454545474,True,False
S130,consumed_test,2,RigidD,ENG_PAIR_1_POS_X,13013,-0.15851479818331968,-0.31744429511257277,1.5262326775330775,177.98816795426566,323.6255253090536,True,True,NOT_VERIFIED,6.807110147500596,86.67573952266049,True,False
S130,consumed_test,2,RigidD,ENG_PAIR_2_NEG_X,13846,0.050045745271315126,-0.2127496999973899,1.581762419584984,253.36632188990296,366.24635114046833,True,True,NOT_VERIFIED,1.3577678521784564,52.39741696087317,True,False
S130,consumed_test,2,RigidD,ENG_PAIR_2_POS_X,13694,-0.13847103793649504,-0.19698443479300906,1.5812720335232147,187.0507097546133,372.00426545826656,True,True,NOT_VERIFIED,20.786896398926416,2.749026172076554,True,False
S130,consumed_test,2,RigidD,ENG_PAIR_3_NEG_X,14459,0.058896317243944146,-0.07946161145148242,1.5702704422909082,256.63062011285376,414.9030233334491,True,False,NOT_VERIFIED,1.6660260208669464,108.51586327876244,True,False
S130,consumed_test,2,RigidD,ENG_PAIR_3_POS_X,14436,-0.12692749153286628,-0.06162451048844132,1.5691403084829387,190.7665449032066,421.47444173773414,True,False,NOT_VERIFIED,3.803121397864893,102.4315584191128,True,False
S134,consumed_test,0,Official,ENG_MID_UP,12866,-0.046567749750512144,-0.33147365531191403,1.764721825255374,223.71753704782978,279.5112558915357,True,True,NOT_VERIFIED,,,False,False
S134,consumed_test,0,Official,ENG_MID_DOWN,14858,-0.02442469425016249,0.0058657511221024,1.7498592827219532,230.60814954183923,390.18427664104274,True,False,NOT_VERIFIED,,,False,False
S134,consumed_test,0,Official,ENG_PAIR_1_NEG_X,13030,0.06001289903199298,-0.2847909935961065,1.7672019180944842,257.1711701666813,294.95556800211574,True,True,NOT_VERIFIED,,,False,False
S134,consumed_test,0,Official,ENG_PAIR_1_POS_X,13013,-0.14475333512474783,-0.27215964166818496,1.768123694888748,192.96206817945492,299.1396636752458,True,True,NOT_VERIFIED,,,False,False
S134,consumed_test,0,Official,ENG_PAIR_2_NEG_X,13846,0.06320206659858915,-0.16080789282662772,1.8022289114703092,257.78625389357666,336.592152788737,True,True,NOT_VERIFIED,,,False,False
S134,consumed_test,0,Official,ENG_PAIR_2_POS_X,13694,-0.13115430050267862,-0.14852937477514114,1.806976209165535,198.1098425835335,340.66136291085496,True,True,NOT_VERIFIED,,,False,False
S134,consumed_test,0,Official,ENG_PAIR_3_NEG_X,14459,0.07479789149770329,-0.032636693722592994,1.7682712087603714,261.7948610520403,377.55955376449,True,True,NOT_VERIFIED,,,False,False
S134,consumed_test,0,Official,ENG_PAIR_3_POS_X,14436,-0.1264417799909967,-0.021633912262368712,1.7732124085338279,198.81695968114346,381.1812618321825,True,True,NOT_VERIFIED,,,False,False
S134,consumed_test,0,Rigid,ENG_MID_UP,12866,-0.07108104543808125,-0.29718039040697186,1.554273120036794,212.9938978669176,277.56113637681665,True,True,NOT_VERIFIED,,,True,False
S134,consumed_test,0,Rigid,ENG_MID_DOWN,14858,-0.04173876680766948,0.03964290291308618,1.5401953015797565,223.32311358698075,403.14346854128087,True,False,NOT_VERIFIED,,,True,False
S134,consumed_test,0,Rigid,ENG_PAIR_1_NEG_X,13030,0.03655663841021504,-0.25304435248118806,1.5509571537747795,251.41207520311303,293.7977857437443,True,True,NOT_VERIFIED,,,True,False
S134,consumed_test,0,Rigid,ENG_PAIR_1_POS_X,13013,-0.16746484803223916,-0.2355933597775936,1.5636184056160949,178.9744105987775,301.0232028023574,True,True,NOT_VERIFIED,,,True,False
S134,consumed_test,0,Rigid,ENG_PAIR_2_NEG_X,13846,0.04470137638667179,-0.1294316864889192,1.5864880189586068,253.96537850806322,341.0167762899014,True,True,NOT_VERIFIED,,,True,False
S134,consumed_test,0,Rigid,ENG_PAIR_2_POS_X,13694,-0.14872117959740652,-0.11260708790868217,1.6023733578895367,186.89484927561557,347.5630671349222,True,True,NOT_VERIFIED,,,True,False
S134,consumed_test,0,Rigid,ENG_PAIR_3_NEG_X,14459,0.05741813830322929,-0.0013236486351019077,1.5526936464715186,258.84554108206737,387.750320167208,True,False,NOT_VERIFIED,,,True,False
S134,consumed_test,0,Rigid,ENG_PAIR_3_POS_X,14436,-0.14289418739759988,0.01438654967947106,1.569157056725299,187.86427768455258,393.5511465681988,True,False,NOT_VERIFIED,,,True,False
S134,consumed_test,0,RigidD,ENG_MID_UP,12866,-0.0700292861307978,-0.2964621281199995,1.5496051073072457,213.29378089297305,277.4960345679878,True,True,NOT_VERIFIED,1.5236056993117075,13.180458910236572,True,False
S134,consumed_test,0,RigidD,ENG_MID_DOWN,14858,-0.04152349603860977,0.0390338411184251,1.5382895276800894,223.38207881013668,402.9327299994173,True,False,NOT_VERIFIED,22.025048797604196,64.68685927033225,True,False
S134,consumed_test,0,RigidD,ENG_PAIR_1_NEG_X,13030,0.036187668019197074,-0.2524391719149994,1.5527473336534094,251.26528384474616,294.13229019105717,True,True,NOT_VERIFIED,1.8372472628102827,39.391180532268145,True,False
S134,consumed_test,0,RigidD,ENG_PAIR_1_POS_X,13013,-0.16089613055753524,-0.23847462593936883,1.5718484171463598,181.60189029885922,300.41877166535426,True,True,NOT_VERIFIED,1.8266955037615986,105.97026775410325,True,False
S134,consumed_test,0,RigidD,ENG_PAIR_2_NEG_X,13846,0.047062255693518934,-0.12797918908699957,1.5768094185396109,254.89125466351382,341.2601327733004,True,True,NOT_VERIFIED,2.779295722709811,18.107092406677495,True,False
S134,consumed_test,0,RigidD,ENG_PAIR_2_POS_X,13694,-0.1475224099566151,-0.1113293629285281,1.5955478727663808,187.09124625461797,347.8526107559767,True,True,NOT_VERIFIED,0.971503010650218,51.76929137220876,True,False
S134,consumed_test,0,RigidD,ENG_PAIR_3_NEG_X,14459,0.055472452112037586,-5.265091381844388e-05,1.5555271050061559,258.1148065475058,388.2242112909801,True,False,NOT_VERIFIED,2.3787895265921404,15.668258539384015,True,False
S134,consumed_test,0,RigidD,ENG_PAIR_3_POS_X,14436,-0.13607239748533057,0.016053007767348422,1.5751180666100157,190.45620036340483,394.1435074234218,True,False,NOT_VERIFIED,3.3658697181073745,19.105130103060898,True,False
S134,consumed_test,1,Official,ENG_MID_UP,12866,-0.046567749750512144,-0.33147365531191403,1.764721825255374,223.71753704782978,279.5112558915357,True,True,NOT_VERIFIED,,,False,False
S134,consumed_test,1,Official,ENG_MID_DOWN,14858,-0.02442469425016249,0.0058657511221024,1.7498592827219532,230.60814954183923,390.18427664104274,True,False,NOT_VERIFIED,,,False,False
S134,consumed_test,1,Official,ENG_PAIR_1_NEG_X,13030,0.06001289903199298,-0.2847909935961065,1.7672019180944842,257.1711701666813,294.95556800211574,True,True,NOT_VERIFIED,,,False,False
S134,consumed_test,1,Official,ENG_PAIR_1_POS_X,13013,-0.14475333512474783,-0.27215964166818496,1.768123694888748,192.96206817945492,299.1396636752458,True,True,NOT_VERIFIED,,,False,False
S134,consumed_test,1,Official,ENG_PAIR_2_NEG_X,13846,0.06320206659858915,-0.16080789282662772,1.8022289114703092,257.78625389357666,336.592152788737,True,True,NOT_VERIFIED,,,False,False
S134,consumed_test,1,Official,ENG_PAIR_2_POS_X,13694,-0.13115430050267862,-0.14852937477514114,1.806976209165535,198.1098425835335,340.66136291085496,True,True,NOT_VERIFIED,,,False,False
S134,consumed_test,1,Official,ENG_PAIR_3_NEG_X,14459,0.07479789149770329,-0.032636693722592994,1.7682712087603714,261.7948610520403,377.55955376449,True,True,NOT_VERIFIED,,,False,False
S134,consumed_test,1,Official,ENG_PAIR_3_POS_X,14436,-0.1264417799909967,-0.021633912262368712,1.7732124085338279,198.81695968114346,381.1812618321825,True,True,NOT_VERIFIED,,,False,False
S134,consumed_test,1,Rigid,ENG_MID_UP,12866,-0.06708202086777755,-0.30195215662959407,1.5551982633949484,214.4344317420134,275.8508260492835,True,True,NOT_VERIFIED,,,True,False
S134,consumed_test,1,Rigid,ENG_MID_DOWN,14858,-0.03956800822020533,0.03500089616250148,1.540545463907469,224.10765497889096,401.3957944297138,True,False,NOT_VERIFIED,,,True,False
S134,consumed_test,1,Rigid,ENG_PAIR_1_NEG_X,13030,0.04032278781204943,-0.2572032057339225,1.5526302045075073,252.74266031120118,292.34898334550684,True,True,NOT_VERIFIED,,,True,False
S134,consumed_test,1,Rigid,ENG_PAIR_1_POS_X,13013,-0.163889917124258,-0.24090091579263678,1.5636310162950768,180.24230164002398,299.05897607694885,True,True,NOT_VERIFIED,,,True,False
S134,consumed_test,1,Rigid,ENG_PAIR_2_NEG_X,13846,0.04747335039275603,-0.13346228210057698,1.5879278475489143,254.91892053290144,339.5902486070002,True,True,NOT_VERIFIED,,,True,False
S134,consumed_test,1,Rigid,ENG_PAIR_2_POS_X,13694,-0.14616294377227518,-0.11771758000006674,1.6022382008481943,187.7756206654135,345.7132497229684,True,True,NOT_VERIFIED,,,True,False
S134,consumed_test,1,Rigid,ENG_PAIR_3_NEG_X,14459,0.05972062368218434,-0.005362840146868049,1.5539281081923257,259.6506478291498,386.2460107764218,True,False,NOT_VERIFIED,,,True,False
S134,consumed_test,1,Rigid,ENG_PAIR_3_POS_X,14436,-0.14080328702338146,0.009229057557670787,1.568764542827004,188.59050339113722,391.6493481683177,True,False,NOT_VERIFIED,,,True,False
S134,consumed_test,1,RigidD,ENG_MID_UP,12866,-0.06635057293589201,-0.3009466271407318,1.549814568295327,214.61299951620092,275.835978501164,True,True,NOT_VERIFIED,3.026344967333721,83.19347074133042,True,False
S134,consumed_test,1,RigidD,ENG_MID_DOWN,14858,-0.03973922817791037,0.0333582699405771,1.5358975244280857,224.0027690507747,400.81649144875684,True,False,NOT_VERIFIED,0.7230908368933198,48.31820484685316,True,False
S134,consumed_test,1,RigidD,ENG_PAIR_1_NEG_X,13030,0.03981989033869214,-0.2561056339448357,1.55281019877373,252.56145796141178,292.7692667359363,True,True,NOT_VERIFIED,1.0886242506324835,85.61812860007964,True,False
S134,consumed_test,1,RigidD,ENG_PAIR_1_POS_X,13013,-0.15921122837811646,-0.2422462623487163,1.568475537711529,182.07536664036985,298.837912197471,True,True,NOT_VERIFIED,1.2831756085317758,6.586939953573551,True,False
S134,consumed_test,1,RigidD,ENG_PAIR_2_NEG_X,13846,0.04870829343765912,-0.13131694239357655,1.5787123163330434,255.44930296503037,340.09288668045906,True,True,NOT_VERIFIED,2.3148299094696196,15.63455786624272,True,False
S134,consumed_test,1,RigidD,ENG_PAIR_2_POS_X,13694,-0.1458255629273898,-0.11592274278887113,1.5937799200104839,187.62458994914843,346.1394414587805,True,True,NOT_VERIFIED,1.1948682726513542,56.90179284747106,True,False
S134,consumed_test,1,RigidD,ENG_PAIR_3_NEG_X,14459,0.057041079476098905,-0.0035327257028085323,1.5579551096400905,258.6421454387037,386.93117656009133,True,False,NOT_VERIFIED,1.6070896428470753,15.671902920201365,True,False
S134,consumed_test,1,RigidD,ENG_PAIR_3_POS_X,14436,-0.1339220632923052,0.011186120639693565,1.5752444087378596,191.21677408156705,392.3545293311274,True,False,NOT_VERIFIED,4.061845721698671,14.262897365384182,True,False
S134,consumed_test,2,Official,ENG_MID_UP,12866,-0.046567749750512144,-0.33147365531191403,1.764721825255374,223.71753704782978,279.5112558915357,True,True,NOT_VERIFIED,,,False,False
S134,consumed_test,2,Official,ENG_MID_DOWN,14858,-0.02442469425016249,0.0058657511221024,1.7498592827219532,230.60814954183923,390.18427664104274,True,False,NOT_VERIFIED,,,False,False
S134,consumed_test,2,Official,ENG_PAIR_1_NEG_X,13030,0.06001289903199298,-0.2847909935961065,1.7672019180944842,257.1711701666813,294.95556800211574,True,True,NOT_VERIFIED,,,False,False
S134,consumed_test,2,Official,ENG_PAIR_1_POS_X,13013,-0.14475333512474783,-0.27215964166818496,1.768123694888748,192.96206817945492,299.1396636752458,True,True,NOT_VERIFIED,,,False,False
S134,consumed_test,2,Official,ENG_PAIR_2_NEG_X,13846,0.06320206659858915,-0.16080789282662772,1.8022289114703092,257.78625389357666,336.592152788737,True,True,NOT_VERIFIED,,,False,False
S134,consumed_test,2,Official,ENG_PAIR_2_POS_X,13694,-0.13115430050267862,-0.14852937477514114,1.806976209165535,198.1098425835335,340.66136291085496,True,True,NOT_VERIFIED,,,False,False
S134,consumed_test,2,Official,ENG_PAIR_3_NEG_X,14459,0.07479789149770329,-0.032636693722592994,1.7682712087603714,261.7948610520403,377.55955376449,True,True,NOT_VERIFIED,,,False,False
S134,consumed_test,2,Official,ENG_PAIR_3_POS_X,14436,-0.1264417799909967,-0.021633912262368712,1.7732124085338279,198.81695968114346,381.1812618321825,True,True,NOT_VERIFIED,,,False,False
S134,consumed_test,2,Rigid,ENG_MID_UP,12866,-0.06211189766015765,-0.28067055165566474,1.54613596297507,216.0762656700655,283.1599551058051,True,True,NOT_VERIFIED,,,True,False
S134,consumed_test,2,Rigid,ENG_MID_DOWN,14858,-0.038692966845938696,0.05675065766427485,1.5357645411201806,224.37918625529556,409.6349026437916,True,False,NOT_VERIFIED,,,True,False
S134,consumed_test,2,Rigid,ENG_PAIR_1_NEG_X,13030,0.044721834688702035,-0.23463686662040595,1.5426274113152483,254.41683176633188,300.19529412669795,True,True,NOT_VERIFIED,,,True,False
S134,consumed_test,2,Rigid,ENG_PAIR_1_POS_X,13013,-0.15948096514179988,-0.22087767921106252,1.5568229274360939,181.55814246389676,306.11425925412584,True,True,NOT_VERIFIED,,,True,False
S134,consumed_test,2,Rigid,ENG_PAIR_2_NEG_X,13846,0.05096729807558684,-0.11131650664800358,1.5795320632509167,256.2332440133277,347.44777221361204,True,True,NOT_VERIFIED,,,True,False
S134,consumed_test,2,Rigid,ENG_PAIR_2_POS_X,13694,-0.14260585024978242,-0.09803644966854863,1.5968748602507543,188.84060809165754,352.7049443133135,True,True,NOT_VERIFIED,,,True,False
S134,consumed_test,2,Rigid,ENG_PAIR_3_NEG_X,14459,0.06123933719755809,0.017371747238742557,1.5471397256994122,260.2882922485346,394.7436165959831,True,False,NOT_VERIFIED,,,True,False
S134,consumed_test,2,Rigid,ENG_PAIR_3_POS_X,14436,-0.1391992337929661,0.029411377081319863,1.565092681123879,189.0419227837504,399.1221318824477,True,False,NOT_VERIFIED,,,True,False
S134,consumed_test,2,RigidD,ENG_MID_UP,12866,-0.06161818939131021,-0.2805617472101419,1.548743671762167,216.29047800243876,283.37755892903226,True,True,NOT_VERIFIED,4.353919007046792,5.477292938960892,True,False
S134,consumed_test,2,RigidD,ENG_MID_DOWN,14858,-0.038843110744974665,0.05496223080787435,1.5318392156011256,224.28906193856167,409.0138757318388,True,False,NOT_VERIFIED,1.9040475833881718,118.73574831800453,True,False
S134,consumed_test,2,RigidD,ENG_PAIR_1_NEG_X,13030,0.03996264286850765,-0.23704753345757162,1.5553912222650288,252.58874631550995,300.0206456594117,True,True,NOT_VERIFIED,3.548506438226771,4.649447364608632,True,False
S134,consumed_test,2,RigidD,ENG_PAIR_1_POS_X,13013,-0.15283647997670588,-0.22439448817046753,1.5680903001133075,184.31514072415047,305.40612526981903,True,True,NOT_VERIFIED,2.423132257059387,16.656814879642468,True,False
S134,consumed_test,2,RigidD,ENG_PAIR_2_NEG_X,13846,0.04807499423943806,-0.110263973188166,1.5812926700555536,255.199379082107,347.87850456246497,True,True,NOT_VERIFIED,3.4328559708880775,13.582420343684195,True,False
S134,consumed_test,2,RigidD,ENG_PAIR_2_POS_X,13694,-0.14162079035505087,-0.09712854199244018,1.592329621788107,189.04223438093436,352.9335621152144,True,True,NOT_VERIFIED,3.5038679879429195,25.461149348783714,True,False
S134,consumed_test,2,RigidD,ENG_PAIR_3_NEG_X,14459,0.05901942550873823,0.018151955761192835,1.5497158235992978,259.45773010990234,395.02424943583605,True,False,NOT_VERIFIED,3.034223335817821,37.757519734175524,True,False
S134,consumed_test,2,RigidD,ENG_PAIR_3_POS_X,14436,-0.1329296060716882,0.030374666621922324,1.569517320260709,191.3953366196012,399.4467502488899,True,False,NOT_VERIFIED,2.046071756218513,123.74295590451405,True,False
S140,consumed_test,0,Official,ENG_MID_UP,12866,-0.11425474482149235,-0.13127301740115663,1.7273281901912318,213.4790578380037,354.3936074189062,True,True,NOT_VERIFIED,,,False,False
S140,consumed_test,0,Official,ENG_MID_DOWN,14858,-0.10614681037083307,0.19595256387723778,1.709380064015489,215.69376564432977,464.76869291637774,True,False,NOT_VERIFIED,,,False,False
S140,consumed_test,0,Official,ENG_PAIR_1_NEG_X,13030,0.011491810841938926,-0.09226559276549684,1.736507662958731,253.2818319087284,367.6323129928058,True,True,NOT_VERIFIED,,,False,False
S140,consumed_test,0,Official,ENG_PAIR_1_POS_X,13013,-0.23121915243261076,-0.08669031864730978,1.7651699864715558,178.00798827300065,369.96060433860697,True,True,NOT_VERIFIED,,,False,False
S140,consumed_test,0,Official,ENG_PAIR_2_NEG_X,13846,0.007233143399366183,0.0342096698350623,1.766645627827284,251.90143604502913,409.6079043520165,True,True,NOT_VERIFIED,,,False,False
S140,consumed_test,0,Official,ENG_PAIR_2_POS_X,13694,-0.20678916337840372,0.036256984705267975,1.786645442982513,186.34901220693143,410.1458709383916,True,True,NOT_VERIFIED,,,False,False
S140,consumed_test,0,Official,ENG_PAIR_3_NEG_X,14459,0.004914329447272712,0.16516222458855317,1.7240263469632207,251.22106255382124,453.8641984757188,True,False,NOT_VERIFIED,,,False,False
S140,consumed_test,0,Official,ENG_PAIR_3_POS_X,14436,-0.21228892498756408,0.16151797638678755,1.7425244125083617,183.01941987225584,452.06447466737757,True,False,NOT_VERIFIED,,,False,False
S140,consumed_test,0,Rigid,ENG_MID_UP,12866,-0.11862984967636396,-0.12148043069602715,1.518054225721312,206.91449221541114,352.06253648615757,True,True,NOT_VERIFIED,,,True,False
S140,consumed_test,0,Rigid,ENG_MID_DOWN,14858,-0.11351840992946863,0.20629148231940286,1.5200293457629626,208.809510103902,476.97497468602097,True,False,NOT_VERIFIED,,,True,False
S140,consumed_test,0,Rigid,ENG_PAIR_1_NEG_X,13030,0.006405543912015366,-0.08197001560360281,1.5329912805727801,251.9474839963742,367.43673419051834,True,True,NOT_VERIFIED,,,True,False
S140,consumed_test,0,Rigid,ENG_PAIR_1_POS_X,13013,-0.23703001498605292,-0.08031551344121239,1.5552985764843503,166.29529633166868,368.496705434934,True,True,NOT_VERIFIED,,,True,False
S140,consumed_test,0,Rigid,ENG_PAIR_2_NEG_X,13846,1.2804728244898353e-06,0.04241236311398795,1.5705470324496928,249.662234926588,414.03181445710214,True,True,NOT_VERIFIED,,,True,False
S140,consumed_test,0,Rigid,ENG_PAIR_2_POS_X,13694,-0.21448861367592426,0.041326034416181115,1.584782098340578,175.62686300954448,413.49448064891726,True,True,NOT_VERIFIED,,,True,False
S140,consumed_test,0,Rigid,ENG_PAIR_3_NEG_X,14459,-0.0025676927180607488,0.17567231774902164,1.535826196293378,248.7472484478492,464.62350351288876,True,False,NOT_VERIFIED,,,True,False
S140,consumed_test,0,Rigid,ENG_PAIR_3_POS_X,14436,-0.22013669886490045,0.16896709106364716,1.5481339259917042,171.8785752578914,461.5892586727826,True,False,NOT_VERIFIED,,,True,False
S140,consumed_test,0,RigidD,ENG_MID_UP,12866,-0.11894346616174785,-0.12191061407395526,1.5208765365892754,206.88101951928508,351.9847475712093,True,True,NOT_VERIFIED,1.5588845465966654,4.812670609463645,True,False
S140,consumed_test,0,RigidD,ENG_MID_DOWN,14858,-0.11323458089862114,0.2075116746343326,1.5237205624000016,209.01036997968248,477.2482770149233,True,False,NOT_VERIFIED,1.0458362612515584,110.76815242361815,True,False
S140,consumed_test,0,RigidD,ENG_PAIR_1_NEG_X,13030,0.0007952479815937687,-0.08385728289535516,1.5390838100092512,249.94443456479684,366.84930554275036,True,True,NOT_VERIFIED,3.946178351916156,2.683738047658352,True,False
S140,consumed_test,0,RigidD,ENG_PAIR_1_POS_X,13013,-0.23243440890558245,-0.08242918859884556,1.559078613528711,168.10983579160106,367.7842388165775,True,True,NOT_VERIFIED,4.288178637702238,73.62246618758921,True,False
S140,consumed_test,0,RigidD,ENG_PAIR_2_NEG_X,13846,-0.0028596116355693547,0.04398031685306854,1.5670353444225533,248.66355984473594,414.6461903881732,True,True,NOT_VERIFIED,4.393367721282106,2.832424961844203,True,False
S140,consumed_test,0,RigidD,ENG_PAIR_2_POS_X,13694,-0.21275088216973412,0.04249415160570776,1.5805394796349734,176.0295541231826,413.9629241454695,True,True,NOT_VERIFIED,1.1024987221697216,18.636662806709488,True,False
S140,consumed_test,0,RigidD,ENG_PAIR_3_NEG_X,14459,-0.008338829257498789,0.1785742230705646,1.5451267766721,246.70960833028977,465.3122767575815,True,False,NOT_VERIFIED,1.178090204563507,101.77391654097958,True,False
S140,consumed_test,0,RigidD,ENG_PAIR_3_POS_X,14436,-0.21322227228444923,0.172285232047611,1.5570644797217303,174.7538357354608,462.46067069658864,True,False,NOT_VERIFIED,11.04476641144497,72.7035989363093,True,False
S140,consumed_test,1,Official,ENG_MID_UP,12866,-0.11425474482149235,-0.13127301740115663,1.7273281901912318,213.4790578380037,354.3936074189062,True,True,NOT_VERIFIED,,,False,False
S140,consumed_test,1,Official,ENG_MID_DOWN,14858,-0.10614681037083307,0.19595256387723778,1.709380064015489,215.69376564432977,464.76869291637774,True,False,NOT_VERIFIED,,,False,False
S140,consumed_test,1,Official,ENG_PAIR_1_NEG_X,13030,0.011491810841938926,-0.09226559276549684,1.736507662958731,253.2818319087284,367.6323129928058,True,True,NOT_VERIFIED,,,False,False
S140,consumed_test,1,Official,ENG_PAIR_1_POS_X,13013,-0.23121915243261076,-0.08669031864730978,1.7651699864715558,178.00798827300065,369.96060433860697,True,True,NOT_VERIFIED,,,False,False
S140,consumed_test,1,Official,ENG_PAIR_2_NEG_X,13846,0.007233143399366183,0.0342096698350623,1.766645627827284,251.90143604502913,409.6079043520165,True,True,NOT_VERIFIED,,,False,False
S140,consumed_test,1,Official,ENG_PAIR_2_POS_X,13694,-0.20678916337840372,0.036256984705267975,1.786645442982513,186.34901220693143,410.1458709383916,True,True,NOT_VERIFIED,,,False,False
S140,consumed_test,1,Official,ENG_PAIR_3_NEG_X,14459,0.004914329447272712,0.16516222458855317,1.7240263469632207,251.22106255382124,453.8641984757188,True,False,NOT_VERIFIED,,,False,False
S140,consumed_test,1,Official,ENG_PAIR_3_POS_X,14436,-0.21228892498756408,0.16151797638678755,1.7425244125083617,183.01941987225584,452.06447466737757,True,False,NOT_VERIFIED,,,False,False
S140,consumed_test,1,Rigid,ENG_MID_UP,12866,-0.12114905236784235,-0.12451941322946004,1.51697837561869,205.97575767957764,350.86976359606257,True,True,NOT_VERIFIED,,,True,False
S140,consumed_test,1,Rigid,ENG_MID_DOWN,14858,-0.11404289231540644,0.20321468821769462,1.5190559018387342,208.59446276106232,475.85259111884005,True,False,NOT_VERIFIED,,,True,False
S140,consumed_test,1,Rigid,ENG_PAIR_1_NEG_X,13030,0.00410267522852772,-0.08577605240342885,1.5321109525387326,251.12659080045677,365.98061283789974,True,True,NOT_VERIFIED,,,True,False
S140,consumed_test,1,Rigid,ENG_PAIR_1_POS_X,13013,-0.23935089750128008,-0.08264402402143088,1.5540602688746246,165.4119336298116,367.6053461788711,True,True,NOT_VERIFIED,,,True,False
S140,consumed_test,1,Rigid,ENG_PAIR_2_NEG_X,13846,-0.0015987280545680226,0.03863251249497421,1.5696932383288265,249.10465223802407,412.64608276590087,True,True,NOT_VERIFIED,,,True,False
S140,consumed_test,1,Rigid,ENG_PAIR_2_POS_X,13694,-0.21611201063747834,0.0388495926005728,1.583612159789598,175.01140652333018,412.60020299396837,True,True,NOT_VERIFIED,,,True,False
S140,consumed_test,1,Rigid,ENG_PAIR_3_NEG_X,14459,-0.003304263417611828,0.17191538414338792,1.5350072343753838,248.4842746231165,463.24174016401315,True,False,NOT_VERIFIED,,,True,False
S140,consumed_test,1,Rigid,ENG_PAIR_3_POS_X,14436,-0.22092800285448916,0.16653297960302788,1.5469926616029313,171.54138614712454,460.7248564579159,True,False,NOT_VERIFIED,,,True,False
S140,consumed_test,1,RigidD,ENG_MID_UP,12866,-0.12113485629474369,-0.12493927004956638,1.5218140613276003,206.11967633315595,350.86104137064353,True,True,NOT_VERIFIED,5.131237936580601,2.4198796482510336,True,False
S140,consumed_test,1,RigidD,ENG_MID_DOWN,14858,-0.11355575510262764,0.2048458350774806,1.5244062030616705,208.91340373565788,476.2002766799311,True,False,NOT_VERIFIED,1.2720347822684115,108.28905567569613,True,False
S140,consumed_test,1,RigidD,ENG_PAIR_1_NEG_X,13030,-0.0013906708683310088,-0.08767389585571057,1.538297105538478,249.1672663960253,365.39664295837264,True,True,NOT_VERIFIED,2.96236064636792,37.15628752546824,True,False
S140,consumed_test,1,RigidD,ENG_PAIR_1_POS_X,13013,-0.23484963891336744,-0.08447738069873814,1.5577536104925573,167.19234029734054,366.99691371605917,True,True,NOT_VERIFIED,20.91065131755481,8.024806407411054,True,False
S140,consumed_test,1,RigidD,ENG_PAIR_2_NEG_X,13846,-0.0030507409395531186,0.0399946335032382,1.564731231787551,248.59527253609554,413.19529719792763,True,True,NOT_VERIFIED,1.9275874769194001,22.053880219531163,True,False
S140,consumed_test,1,RigidD,ENG_PAIR_2_POS_X,13694,-0.2131145079169332,0.04046376136224149,1.581506380359819,175.948798884594,413.210070980576,True,True,NOT_VERIFIED,2.909285568087589,53.48164380558802,True,False
S140,consumed_test,1,RigidD,ENG_PAIR_3_NEG_X,14459,-0.008839498612982371,0.17525739720671968,1.5457328638118115,246.53358432655398,464.0436291437255,True,False,NOT_VERIFIED,1.6333218274451167,82.36167721484142,True,False
S140,consumed_test,1,RigidD,ENG_PAIR_3_POS_X,14436,-0.2113330998683527,0.1718951390966806,1.5613956741579746,175.62347631832,462.13830593986927,True,False,NOT_VERIFIED,5.531172913102557,83.17660024601967,True,False
S140,consumed_test,2,Official,ENG_MID_UP,12866,-0.11425474482149235,-0.13127301740115663,1.7273281901912318,213.4790578380037,354.3936074189062,True,True,NOT_VERIFIED,,,False,False
S140,consumed_test,2,Official,ENG_MID_DOWN,14858,-0.10614681037083307,0.19595256387723778,1.709380064015489,215.69376564432977,464.76869291637774,True,False,NOT_VERIFIED,,,False,False
S140,consumed_test,2,Official,ENG_PAIR_1_NEG_X,13030,0.011491810841938926,-0.09226559276549684,1.736507662958731,253.2818319087284,367.6323129928058,True,True,NOT_VERIFIED,,,False,False
S140,consumed_test,2,Official,ENG_PAIR_1_POS_X,13013,-0.23121915243261076,-0.08669031864730978,1.7651699864715558,178.00798827300065,369.96060433860697,True,True,NOT_VERIFIED,,,False,False
S140,consumed_test,2,Official,ENG_PAIR_2_NEG_X,13846,0.007233143399366183,0.0342096698350623,1.766645627827284,251.90143604502913,409.6079043520165,True,True,NOT_VERIFIED,,,False,False
S140,consumed_test,2,Official,ENG_PAIR_2_POS_X,13694,-0.20678916337840372,0.036256984705267975,1.786645442982513,186.34901220693143,410.1458709383916,True,True,NOT_VERIFIED,,,False,False
S140,consumed_test,2,Official,ENG_PAIR_3_NEG_X,14459,0.004914329447272712,0.16516222458855317,1.7240263469632207,251.22106255382124,453.8641984757188,True,False,NOT_VERIFIED,,,False,False
S140,consumed_test,2,Official,ENG_PAIR_3_POS_X,14436,-0.21228892498756408,0.16151797638678755,1.7425244125083617,183.01941987225584,452.06447466737757,True,False,NOT_VERIFIED,,,False,False
S140,consumed_test,2,Rigid,ENG_MID_UP,12866,-0.12292258753103343,-0.1258023215247598,1.5200899287494616,205.4269579000107,350.4783921620288,True,True,NOT_VERIFIED,,,True,False
S140,consumed_test,2,Rigid,ENG_MID_DOWN,14858,-0.11495478113266895,0.20191825643535002,1.5205277871162648,208.3061591848544,475.28394803662513,True,False,NOT_VERIFIED,,,True,False
S140,consumed_test,2,Rigid,ENG_PAIR_1_NEG_X,13030,0.002606304227828848,-0.08731537336579084,1.5334798620358159,250.59150212997088,365.42834679715327,True,True,NOT_VERIFIED,,,True,False
S140,consumed_test,2,Rigid,ENG_PAIR_1_POS_X,13013,-0.2405463292510003,-0.08344464732548214,1.5584406007375766,165.22913495514172,367.394439791522,True,True,NOT_VERIFIED,,,True,False
S140,consumed_test,2,Rigid,ENG_PAIR_2_NEG_X,13846,-0.0023092332412322125,0.03728293880688904,1.5705409375705952,248.85748443747266,412.1408560429711,True,True,NOT_VERIFIED,,,True,False
S140,consumed_test,2,Rigid,ENG_PAIR_2_POS_X,13694,-0.21663133636429854,0.03812545823899329,1.5871258155264671,174.99768045293897,412.3045867186575,True,True,NOT_VERIFIED,,,True,False
S140,consumed_test,2,Rigid,ENG_PAIR_3_NEG_X,14459,-0.0041063656574080315,0.17040528921427706,1.5352484208981942,248.19866566012422,462.66204192504415,True,False,NOT_VERIFIED,,,True,False
S140,consumed_test,2,Rigid,ENG_PAIR_3_POS_X,14436,-0.22157703713493399,0.16564743649673846,1.549965166312348,171.46214536657763,460.27452398956837,True,False,NOT_VERIFIED,,,True,False
S140,consumed_test,2,RigidD,ENG_MID_UP,12866,-0.12320965319406091,-0.12598005718251531,1.5202509824057715,205.32835179515888,350.4157767455186,True,True,NOT_VERIFIED,1.8698876956937662,6.313059331237727,True,False
S140,consumed_test,2,RigidD,ENG_MID_DOWN,14858,-0.11458867446539442,0.20325835463211395,1.5247443072533824,208.55186854029756,475.58020364043097,True,False,NOT_VERIFIED,1.4730759497303891,107.49177061570475,True,False
S140,consumed_test,2,RigidD,ENG_PAIR_1_NEG_X,13030,-0.002757046988843599,-0.08883330503438727,1.5381003852965458,248.6812576715305,364.9559783138357,True,True,NOT_VERIFIED,2.665847096532798,30.10287220031085,True,False
S140,consumed_test,2,RigidD,ENG_PAIR_1_POS_X,13013,-0.2360124295200492,-0.08536362948375557,1.5620201674803607,167.0103917548969,366.7541708184883,True,True,NOT_VERIFIED,4.663981483176679,32.03744682527371,True,False
S140,consumed_test,2,RigidD,ENG_PAIR_2_NEG_X,13846,-0.0042218542146091,0.039212914106793624,1.5646199251181299,248.18575502437216,412.9070698954164,True,True,NOT_VERIFIED,1.9795395352457135,43.510519658705945,True,False
S140,consumed_test,2,RigidD,ENG_PAIR_2_POS_X,13694,-0.21415734165330313,0.038792513905448134,1.5868986741128173,175.8398018938106,412.54996006351,True,True,NOT_VERIFIED,22.621866307265314,6.562958472057712,True,False
S140,consumed_test,2,RigidD,ENG_PAIR_3_NEG_X,14459,-0.010851606602789707,0.1737639912743586,1.545680063254808,245.82138950955616,463.48645575581565,True,False,NOT_VERIFIED,0.795764028200234,127.26814749334187,True,False
S140,consumed_test,2,RigidD,ENG_PAIR_3_POS_X,14436,-0.21216228549815477,0.17051194634474667,1.5631348493616606,175.41567964213397,461.55503970753045,True,False,NOT_VERIFIED,4.3970557734000275,78.22116511052565,True,False
S141,consumed_test,0,Official,ENG_MID_UP,12866,-0.18125472350106722,-0.2625806647939341,1.762261005128509,208.99038590341883,295.3041547439375,True,True,NOT_VERIFIED,,,False,False
S141,consumed_test,0,Official,ENG_MID_DOWN,14858,-0.18609907337977985,0.08953799973554219,1.7441281680503544,206.90696263841392,410.606920649833,True,False,NOT_VERIFIED,,,False,False
S141,consumed_test,0,Official,ENG_PAIR_1_NEG_X,13030,-0.0822651159037601,-0.20645202561058562,1.7221924856688962,238.82454269820227,312.0665392153062,True,True,NOT_VERIFIED,,,False,False
S141,consumed_test,0,Official,ENG_PAIR_1_POS_X,13013,-0.2735489342484234,-0.203392997989638,1.8017132601481254,182.46657420675558,316.0888494090065,True,True,NOT_VERIFIED,,,False,False
S141,consumed_test,0,Official,ENG_PAIR_2_NEG_X,13846,-0.07538253363564874,-0.07746810816453678,1.7502316864613112,241.36875326016107,355.58634031433144,True,True,NOT_VERIFIED,,,False,False
S141,consumed_test,0,Official,ENG_PAIR_2_POS_X,13694,-0.25358553172590775,-0.07477004476277235,1.832703013997761,189.756518682304,357.5799725112085,True,True,NOT_VERIFIED,,,False,False
S141,consumed_test,0,Official,ENG_PAIR_3_NEG_X,14459,-0.09057951051873415,0.05834373371985985,1.7219161481089569,236.205266070842,400.5615915518667,True,False,NOT_VERIFIED,,,False,False
S141,consumed_test,0,Official,ENG_PAIR_3_POS_X,14436,-0.26641422593446007,0.05593677188702924,1.8028179483529387,184.6603352335331,398.9180736211804,True,False,NOT_VERIFIED,,,False,False
S141,consumed_test,0,Rigid,ENG_MID_UP,12866,-0.19743456073315374,-0.26613549035328166,1.5709814615201763,196.6298981553926,283.5602899956124,True,True,NOT_VERIFIED,,,True,False
S141,consumed_test,0,Rigid,ENG_MID_DOWN,14858,-0.193508561473345,0.08594947049267057,1.5519922990271,197.16713916256325,412.93397480469537,True,False,NOT_VERIFIED,,,True,False
S141,consumed_test,0,Rigid,ENG_PAIR_1_NEG_X,13030,-0.09328790604495954,-0.21196116974712917,1.5431701310117565,231.95471947518382,302.0078915808364,True,True,NOT_VERIFIED,,,True,False
S141,consumed_test,0,Rigid,ENG_PAIR_1_POS_X,13013,-0.29272258448499483,-0.20513785986560884,1.598862696602298,165.53925453631072,307.21767313259807,True,False,NOT_VERIFIED,,,True,False
S141,consumed_test,0,Rigid,ENG_PAIR_2_NEG_X,13846,-0.08746963625222057,-0.08303033888721904,1.5716904092340316,234.55377321250964,350.65567104983035,True,True,NOT_VERIFIED,,,True,False
S141,consumed_test,0,Rigid,ENG_PAIR_2_POS_X,13694,-0.2742875461604101,-0.07679697498025981,1.6319010532435434,173.66490349535667,353.975873002574,True,False,NOT_VERIFIED,,,True,False
S141,consumed_test,0,Rigid,ENG_PAIR_3_NEG_X,14459,-0.09659383656034473,0.052939855009072646,1.5415834406861508,230.75957109805674,400.8252980161492,True,False,NOT_VERIFIED,,,True,False
S141,consumed_test,0,Rigid,ENG_PAIR_3_POS_X,14436,-0.28096550843426477,0.05402048213080496,1.6005296937371334,169.6209368678582,400.48596533675425,True,False,NOT_VERIFIED,,,True,False
S141,consumed_test,0,RigidD,ENG_MID_UP,12866,-0.1990044341205458,-0.2659950461797439,1.5637460456737304,195.77124542134294,283.1608489653241,True,True,NOT_VERIFIED,22.964132107652137,7.061255274748323,True,False
S141,consumed_test,0,RigidD,ENG_MID_DOWN,14858,-0.1927580569090121,0.0866244253539144,1.554069363639047,197.51894386355684,413.1413396752823,True,False,NOT_VERIFIED,1.5710936504265496,56.59347915318563,True,False
S141,consumed_test,0,RigidD,ENG_PAIR_1_NEG_X,13030,-0.09358746971922474,-0.2126136960207985,1.546791694810465,231.92648680893376,301.95018538396545,True,True,NOT_VERIFIED,1.2336939150859678,26.893844648885015,True,False
S141,consumed_test,0,RigidD,ENG_PAIR_1_POS_X,13013,-0.28939769380768465,-0.20624460610515954,1.6009881581557135,166.79566158918084,306.9178429128833,True,False,NOT_VERIFIED,4.048188087441683,73.04777042606311,True,False
S141,consumed_test,0,RigidD,ENG_PAIR_2_NEG_X,13846,-0.08812088838881374,-0.081995303379124,1.5685756434500764,234.26905773955886,350.97506808762716,True,True,NOT_VERIFIED,29.80754061976291,3.701603826412696,True,False
S141,consumed_test,0,RigidD,ENG_PAIR_2_POS_X,13694,-0.2723406296014269,-0.07631177547732326,1.6307526668283345,174.2473953937274,354.12804028379895,True,False,NOT_VERIFIED,2.5172137159633556,114.39725713096033,True,False
S141,consumed_test,0,RigidD,ENG_PAIR_3_NEG_X,14459,-0.0977723752887272,0.056475367603626855,1.5522962166641956,230.58257884118692,401.99974430641146,True,False,NOT_VERIFIED,5.324752166827725,39.5840018303875,True,False
S141,consumed_test,0,RigidD,ENG_PAIR_3_POS_X,14436,-0.2766780916974358,0.05592904544661413,1.6051569999794455,171.3416263216629,401.11429289751766,True,False,NOT_VERIFIED,13.547819910776449,106.91208497777485,True,False
S141,consumed_test,1,Official,ENG_MID_UP,12866,-0.18125472350106722,-0.2625806647939341,1.762261005128509,208.99038590341883,295.3041547439375,True,True,NOT_VERIFIED,,,False,False
S141,consumed_test,1,Official,ENG_MID_DOWN,14858,-0.18609907337977985,0.08953799973554219,1.7441281680503544,206.90696263841392,410.606920649833,True,False,NOT_VERIFIED,,,False,False
S141,consumed_test,1,Official,ENG_PAIR_1_NEG_X,13030,-0.0822651159037601,-0.20645202561058562,1.7221924856688962,238.82454269820227,312.0665392153062,True,True,NOT_VERIFIED,,,False,False
S141,consumed_test,1,Official,ENG_PAIR_1_POS_X,13013,-0.2735489342484234,-0.203392997989638,1.8017132601481254,182.46657420675558,316.0888494090065,True,True,NOT_VERIFIED,,,False,False
S141,consumed_test,1,Official,ENG_PAIR_2_NEG_X,13846,-0.07538253363564874,-0.07746810816453678,1.7502316864613112,241.36875326016107,355.58634031433144,True,True,NOT_VERIFIED,,,False,False
S141,consumed_test,1,Official,ENG_PAIR_2_POS_X,13694,-0.25358553172590775,-0.07477004476277235,1.832703013997761,189.756518682304,357.5799725112085,True,True,NOT_VERIFIED,,,False,False
S141,consumed_test,1,Official,ENG_PAIR_3_NEG_X,14459,-0.09057951051873415,0.05834373371985985,1.7219161481089569,236.205266070842,400.5615915518667,True,False,NOT_VERIFIED,,,False,False
S141,consumed_test,1,Official,ENG_PAIR_3_POS_X,14436,-0.26641422593446007,0.05593677188702924,1.8028179483529387,184.6603352335331,398.9180736211804,True,False,NOT_VERIFIED,,,False,False
S141,consumed_test,1,Rigid,ENG_MID_UP,12866,-0.19332155021656325,-0.26832359918722976,1.5701009699151554,198.0104785376786,282.70353691090185,True,True,NOT_VERIFIED,,,True,False
S141,consumed_test,1,Rigid,ENG_MID_DOWN,14858,-0.19116124346856814,0.08379807543136683,1.5515138573147018,197.9657043403933,412.1457376270323,True,False,NOT_VERIFIED,,,True,False
S141,consumed_test,1,Rigid,ENG_PAIR_1_NEG_X,13030,-0.08913064004072428,-0.2135260880487404,1.5437127185466748,233.42475635893874,301.45223278969877,True,True,NOT_VERIFIED,,,True,False
S141,consumed_test,1,Rigid,ENG_PAIR_1_POS_X,13013,-0.28931460027090267,-0.2079006110219503,1.5967895162935217,166.56642521890507,306.12600822867483,True,False,NOT_VERIFIED,,,True,False
S141,consumed_test,1,Rigid,ENG_PAIR_2_NEG_X,13846,-0.08442481145440693,-0.08459461958797784,1.5724346491459822,235.61676880802196,350.09750792953207,True,True,NOT_VERIFIED,,,True,False
S141,consumed_test,1,Rigid,ENG_PAIR_2_POS_X,13694,-0.2720491962749524,-0.07949187883083708,1.6301941522392258,174.31322932599315,352.99608075795845,True,False,NOT_VERIFIED,,,True,False
S141,consumed_test,1,Rigid,ENG_PAIR_3_NEG_X,14459,-0.09393102296844781,0.05135329215184022,1.5423452581446013,231.71137903413916,400.22349701515157,True,False,NOT_VERIFIED,,,True,False
S141,consumed_test,1,Rigid,ENG_PAIR_3_POS_X,14436,-0.2790633509206484,0.05131869359548776,1.5988674824749465,170.16642511688707,399.53360749875424,True,False,NOT_VERIFIED,,,True,False
S141,consumed_test,1,RigidD,ENG_MID_UP,12866,-0.1956560372781169,-0.26872774900164903,1.5588335082370262,196.71738867374162,281.8433820225628,True,True,NOT_VERIFIED,1.7427090547116502,38.688163533531906,True,False
S141,consumed_test,1,RigidD,ENG_MID_DOWN,14858,-0.19006836465583038,0.08450350852219671,1.5538344566793756,198.4462890032132,412.36060459206027,True,False,NOT_VERIFIED,2.1638379387200355,54.053613676323224,True,False
S141,consumed_test,1,RigidD,ENG_PAIR_1_NEG_X,13030,-0.08941236072846007,-0.2142900393896937,1.5471074553735977,233.3947498991975,301.34271625785107,True,True,NOT_VERIFIED,1.7073441560870453,30.02377357861348,True,False
S141,consumed_test,1,RigidD,ENG_PAIR_1_POS_X,13013,-0.28622509183941663,-0.2088964137070452,1.5985654945283991,167.72216993785653,305.8507361433719,True,False,NOT_VERIFIED,2.836986381656884,53.01817509743491,True,False
S141,consumed_test,1,RigidD,ENG_PAIR_2_NEG_X,13846,-0.08555121493065995,-0.08327699089922311,1.570839655360608,235.1988819554856,350.5488333981412,True,True,NOT_VERIFIED,0.39129084705178935,43.12161626934444,True,False
S141,consumed_test,1,RigidD,ENG_PAIR_2_POS_X,13694,-0.27063947527290066,-0.07888222561704326,1.629052773595457,174.7185791573601,353.19180589531,True,False,NOT_VERIFIED,3.4019749794442475,43.58346611472364,True,False
S141,consumed_test,1,RigidD,ENG_PAIR_3_NEG_X,14459,-0.09505097679432695,0.05458241131176947,1.5517926659827208,231.52130957621563,401.3044677234549,True,False,NOT_VERIFIED,5.211244780675634,38.243915994165285,True,False
S141,consumed_test,1,RigidD,ENG_PAIR_3_POS_X,14436,-0.27012109427072223,0.055431678585888405,1.6086396200944109,173.7513302004696,400.89293002351957,True,False,NOT_VERIFIED,6.26104375893573,102.18527378984413,True,False
S141,consumed_test,2,Official,ENG_MID_UP,12866,-0.18125472350106722,-0.2625806647939341,1.762261005128509,208.99038590341883,295.3041547439375,True,True,NOT_VERIFIED,,,False,False
S141,consumed_test,2,Official,ENG_MID_DOWN,14858,-0.18609907337977985,0.08953799973554219,1.7441281680503544,206.90696263841392,410.606920649833,True,False,NOT_VERIFIED,,,False,False
S141,consumed_test,2,Official,ENG_PAIR_1_NEG_X,13030,-0.0822651159037601,-0.20645202561058562,1.7221924856688962,238.82454269820227,312.0665392153062,True,True,NOT_VERIFIED,,,False,False
S141,consumed_test,2,Official,ENG_PAIR_1_POS_X,13013,-0.2735489342484234,-0.203392997989638,1.8017132601481254,182.46657420675558,316.0888494090065,True,True,NOT_VERIFIED,,,False,False
S141,consumed_test,2,Official,ENG_PAIR_2_NEG_X,13846,-0.07538253363564874,-0.07746810816453678,1.7502316864613112,241.36875326016107,355.58634031433144,True,True,NOT_VERIFIED,,,False,False
S141,consumed_test,2,Official,ENG_PAIR_2_POS_X,13694,-0.25358553172590775,-0.07477004476277235,1.832703013997761,189.756518682304,357.5799725112085,True,True,NOT_VERIFIED,,,False,False
S141,consumed_test,2,Official,ENG_PAIR_3_NEG_X,14459,-0.09057951051873415,0.05834373371985985,1.7219161481089569,236.205266070842,400.5615915518667,True,False,NOT_VERIFIED,,,False,False
S141,consumed_test,2,Official,ENG_PAIR_3_POS_X,14436,-0.26641422593446007,0.05593677188702924,1.8028179483529387,184.6603352335331,398.9180736211804,True,False,NOT_VERIFIED,,,False,False
S141,consumed_test,2,Rigid,ENG_MID_UP,12866,-0.18435691542599011,-0.2679543292293166,1.5676649406996344,201.00394079642317,282.6862681308579,True,True,NOT_VERIFIED,,,True,False
S141,consumed_test,2,Rigid,ENG_MID_DOWN,14858,-0.1764587876589518,0.0838507901521797,1.5450685035685585,202.840999844121,412.29504751351425,True,False,NOT_VERIFIED,,,True,False
S141,consumed_test,2,Rigid,ENG_PAIR_1_NEG_X,13030,-0.07823113293288081,-0.2148519748637192,1.5459322222414085,237.28812873012743,301.07290976819564,True,True,NOT_VERIFIED,,,True,False
S141,consumed_test,2,Rigid,ENG_PAIR_1_POS_X,13013,-0.28073899763239896,-0.20595799953863392,1.5887559577397834,168.99358901121659,306.45082588925385,True,False,NOT_VERIFIED,,,True,False
S141,consumed_test,2,Rigid,ENG_PAIR_2_NEG_X,13846,-0.07321919109089917,-0.08564544823687409,1.57333608320082,239.49077155775817,349.7308468942229,True,True,NOT_VERIFIED,,,True,False
S141,consumed_test,2,Rigid,ENG_PAIR_2_POS_X,13694,-0.2634275881734635,-0.07737956328956037,1.6214770092972353,176.70705784084652,353.5949644842135,True,False,NOT_VERIFIED,,,True,False
S141,consumed_test,2,Rigid,ENG_PAIR_3_NEG_X,14459,-0.07934192952464596,0.050029959712756034,1.5412071248240786,236.81375908578164,399.74347152839226,True,False,NOT_VERIFIED,,,True,False
S141,consumed_test,2,Rigid,ENG_PAIR_3_POS_X,14436,-0.26706944175840386,0.053111466447818514,1.5882988158117386,173.6272254704243,400.3061602235742,True,False,NOT_VERIFIED,,,True,False
S141,consumed_test,2,RigidD,ENG_MID_UP,12866,-0.1860641512435835,-0.2683975287557994,1.5569872681992893,199.97329448059088,281.84779799582276,True,True,NOT_VERIFIED,1.749766938605485,29.928719234776842,True,False
S141,consumed_test,2,RigidD,ENG_MID_DOWN,14858,-0.17493405455600292,0.08556552608523299,1.5503540111572902,203.58451851463255,412.8251241841495,True,False,NOT_VERIFIED,1.2898028310772631,56.76060029617348,True,False
S141,consumed_test,2,RigidD,ENG_PAIR_1_NEG_X,13030,-0.07855670390191676,-0.21533327473805625,1.547621582228896,237.2041115400383,300.98123455494203,True,True,NOT_VERIFIED,1.5201535636568315,41.93916186670241,True,False
S141,consumed_test,2,RigidD,ENG_PAIR_1_POS_X,13013,-0.27627396278497063,-0.2077855325846403,1.5920986979692127,170.7134205034846,305.94682804655844,True,False,NOT_VERIFIED,3.7461447753513584,103.28564940721542,True,False
S141,consumed_test,2,RigidD,ENG_PAIR_2_NEG_X,13846,-0.07556461458157386,-0.08409253305699307,1.5728669904579946,238.6756420107679,350.2897407777935,True,True,NOT_VERIFIED,2.8050981417218757,16.746283474615137,True,False
S141,consumed_test,2,RigidD,ENG_PAIR_2_POS_X,13694,-0.26226505131399347,-0.07674129740566782,1.6189871485165412,176.96063899743115,353.77962369649276,True,False,NOT_VERIFIED,1.6163997692928105,23.89072338357323,True,False
S141,consumed_test,2,RigidD,ENG_PAIR_3_NEG_X,14459,-0.08274360192435701,0.05464620615949391,1.555305095532801,235.88194634651987,401.282357111528,True,False,NOT_VERIFIED,2.6743051366206445,103.35957205705108,True,False
S141,consumed_test,2,RigidD,ENG_PAIR_3_POS_X,14436,-0.2571855247729253,0.05746444216616517,1.5991329180902336,177.591692326324,401.7424363037799,True,False,NOT_VERIFIED,4.453353435683622,33.32209697051188,True,False
S145,consumed_test,0,Official,ENG_MID_UP,12866,-0.09373945940823498,-0.26976354796739854,1.7024993429116728,219.37406422413525,292.5973331106286,True,True,NOT_VERIFIED,,,False,False
S145,consumed_test,0,Official,ENG_MID_DOWN,14858,-0.07160869311976867,0.08891406622697047,1.6903429409207835,226.4515908434985,413.21949389686176,True,False,NOT_VERIFIED,,,False,False
S145,consumed_test,0,Official,ENG_PAIR_1_NEG_X,13030,0.025709292150730832,-0.22099585915650022,1.721521728459692,258.3914459918813,309.78832664440995,True,True,NOT_VERIFIED,,,False,False
S145,consumed_test,0,Official,ENG_PAIR_1_POS_X,13013,-0.2039654020472313,-0.19937923023915025,1.6927222637522532,182.89770075313524,315.83864421071286,True,True,NOT_VERIFIED,,,False,False
S145,consumed_test,0,Official,ENG_PAIR_2_NEG_X,13846,0.027949028145261963,-0.08841475325649426,1.7495579141566584,258.97166138152426,354.27416704707326,True,True,NOT_VERIFIED,,,False,False
S145,consumed_test,0,Official,ENG_PAIR_2_POS_X,13694,-0.1964358598119882,-0.07314381116487693,1.7221754652165584,186.4836316637216,358.88280048938856,True,True,NOT_VERIFIED,,,False,False
S145,consumed_test,0,Official,ENG_PAIR_3_NEG_X,14459,0.03383678308262066,0.046668993289146754,1.7227225446040575,261.01554006943314,398.63931811785733,True,False,NOT_VERIFIED,,,False,False
S145,consumed_test,0,Official,ENG_PAIR_3_POS_X,14436,-0.18426299690386774,0.06165283392481106,1.6969433125277587,189.53694293722825,403.9210464761909,True,False,NOT_VERIFIED,,,False,False
S145,consumed_test,0,Rigid,ENG_MID_UP,12866,-0.10759260438910619,-0.2535863046737188,1.5448406375283892,211.24297593646548,289.3402173445434,True,True,NOT_VERIFIED,,,True,False
S145,consumed_test,0,Rigid,ENG_MID_DOWN,14858,-0.08269203428038262,0.10358736054382858,1.5117632383959396,219.57521351063485,422.31801505037777,True,False,NOT_VERIFIED,,,True,False
S145,consumed_test,0,Rigid,ENG_PAIR_1_NEG_X,13030,0.01295201286919468,-0.2051882930830638,1.5564497114367686,254.70535670214923,307.811650776467,True,True,NOT_VERIFIED,,,True,False
S145,consumed_test,0,Rigid,ENG_PAIR_1_POS_X,13013,-0.21747251732970985,-0.18261431851895019,1.5354234297135134,171.11268510587809,315.182515082788,True,True,NOT_VERIFIED,,,True,False
S145,consumed_test,0,Rigid,ENG_PAIR_2_NEG_X,13846,0.017501922454677875,-0.07128697555566511,1.576907698987338,256.25357608065457,357.3196403292942,True,True,NOT_VERIFIED,,,True,False
S145,consumed_test,0,Rigid,ENG_PAIR_2_POS_X,13694,-0.20763910060234947,-0.055029398319450674,1.5574451954188349,175.7486348757265,362.962716976358,True,True,NOT_VERIFIED,,,True,False
S145,consumed_test,0,Rigid,ENG_PAIR_3_NEG_X,14459,0.023558025359473076,0.062020234115371,1.542339899442632,258.58106501204117,406.1386152618833,True,False,NOT_VERIFIED,,,True,False
S145,consumed_test,0,Rigid,ENG_PAIR_3_POS_X,14436,-0.19524248652321843,0.07800935131711542,1.5242489501094885,178.6636976952207,412.4065998512409,True,False,NOT_VERIFIED,,,True,False
S145,consumed_test,0,RigidD,ENG_MID_UP,12866,-0.1075698074065983,-0.2545238670485797,1.5448096542068381,211.25042348692105,288.99146997606294,True,True,NOT_VERIFIED,13.687018216453675,5.259943008293556,True,False
S145,consumed_test,0,RigidD,ENG_MID_DOWN,14858,-0.08258867377149315,0.10340511692677573,1.5090303918858874,219.55817533368483,422.31991383325715,True,False,NOT_VERIFIED,20.170676947680704,115.25149413560032,True,False
S145,consumed_test,0,RigidD,ENG_PAIR_1_NEG_X,13030,0.00842986543074506,-0.20616272397865842,1.5615051460763283,253.0759842954986,307.6989314521233,True,True,NOT_VERIFIED,2.752926704045611,29.189536826194775,True,False
S145,consumed_test,0,RigidD,ENG_PAIR_1_POS_X,13013,-0.21381824288017573,-0.18444699758928654,1.5443884271175394,172.88999569279284,314.8988834054484,True,True,NOT_VERIFIED,1.485068454083987,55.756044729416786,True,False
S145,consumed_test,0,RigidD,ENG_PAIR_2_NEG_X,13846,0.01153953076404037,-0.0699712485600287,1.5813229927715222,254.1344716875585,357.86731466809783,True,True,NOT_VERIFIED,5.649024587410499,14.616055836895308,True,False
S145,consumed_test,0,RigidD,ENG_PAIR_2_POS_X,13694,-0.20118956646110153,-0.05385875084520188,1.5655937163874665,178.4318375602988,363.4951702452811,True,True,NOT_VERIFIED,1.3189405635581177,25.388823031466217,True,False
S145,consumed_test,0,RigidD,ENG_PAIR_3_NEG_X,14459,0.015325447482288816,0.0659872634113094,1.5529842503917524,255.56764556284037,407.44103166531147,True,False,NOT_VERIFIED,5.679199090543733,72.50885760800695,True,False
S145,consumed_test,0,RigidD,ENG_PAIR_3_POS_X,14436,-0.19009566410282772,0.08009395743673298,1.5331319753300572,180.94876835309182,413.01423056710524,True,False,NOT_VERIFIED,10.645410257632275,85.67444618187639,True,False
S145,consumed_test,1,Official,ENG_MID_UP,12866,-0.09373945940823498,-0.26976354796739854,1.7024993429116728,219.37406422413525,292.5973331106286,True,True,NOT_VERIFIED,,,False,False
S145,consumed_test,1,Official,ENG_MID_DOWN,14858,-0.07160869311976867,0.08891406622697047,1.6903429409207835,226.4515908434985,413.21949389686176,True,False,NOT_VERIFIED,,,False,False
S145,consumed_test,1,Official,ENG_PAIR_1_NEG_X,13030,0.025709292150730832,-0.22099585915650022,1.721521728459692,258.3914459918813,309.78832664440995,True,True,NOT_VERIFIED,,,False,False
S145,consumed_test,1,Official,ENG_PAIR_1_POS_X,13013,-0.2039654020472313,-0.19937923023915025,1.6927222637522532,182.89770075313524,315.83864421071286,True,True,NOT_VERIFIED,,,False,False
S145,consumed_test,1,Official,ENG_PAIR_2_NEG_X,13846,0.027949028145261963,-0.08841475325649426,1.7495579141566584,258.97166138152426,354.27416704707326,True,True,NOT_VERIFIED,,,False,False
S145,consumed_test,1,Official,ENG_PAIR_2_POS_X,13694,-0.1964358598119882,-0.07314381116487693,1.7221754652165584,186.4836316637216,358.88280048938856,True,True,NOT_VERIFIED,,,False,False
S145,consumed_test,1,Official,ENG_PAIR_3_NEG_X,14459,0.03383678308262066,0.046668993289146754,1.7227225446040575,261.01554006943314,398.63931811785733,True,False,NOT_VERIFIED,,,False,False
S145,consumed_test,1,Official,ENG_PAIR_3_POS_X,14436,-0.18426299690386774,0.06165283392481106,1.6969433125277587,189.53694293722825,403.9210464761909,True,False,NOT_VERIFIED,,,False,False
S145,consumed_test,1,Rigid,ENG_MID_UP,12866,-0.10068492629449396,-0.24754605335247473,1.544832035457957,213.7353356121435,291.5743472901696,True,True,NOT_VERIFIED,,,True,False
S145,consumed_test,1,Rigid,ENG_MID_DOWN,14858,-0.08155877340773088,0.11017208200447985,1.5138626027453772,220.03479067689318,424.74962759564585,True,False,NOT_VERIFIED,,,True,False
S145,consumed_test,1,Rigid,ENG_PAIR_1_NEG_X,13030,0.01915727798435237,-0.19734178883750383,1.5560356407253577,256.92958546050636,310.673593887274,True,True,NOT_VERIFIED,,,True,False
S145,consumed_test,1,Rigid,ENG_PAIR_1_POS_X,13013,-0.21171324494725444,-0.1782440599306463,1.536510493862929,173.25798290750467,316.8561840014688,True,True,NOT_VERIFIED,,,True,False
S145,consumed_test,1,Rigid,ENG_PAIR_2_NEG_X,13846,0.02173993147263734,-0.06351545117113613,1.5773108614103555,257.7497543945106,360.1421956000867,True,True,NOT_VERIFIED,,,True,False
S145,consumed_test,1,Rigid,ENG_PAIR_2_POS_X,13694,-0.20373990262598768,-0.05066031388572589,1.5592784465376823,177.22996722395487,364.58787059393524,True,True,NOT_VERIFIED,,,True,False
S145,consumed_test,1,Rigid,ENG_PAIR_3_NEG_X,14459,0.025508178210445542,0.070082479286296,1.5435497211445393,259.27867183766733,409.1057895013174,True,False,NOT_VERIFIED,,,True,False
S145,consumed_test,1,Rigid,ENG_PAIR_3_POS_X,14436,-0.19361962471500288,0.08275983176040368,1.5268497500036542,179.3778161696514,414.1349630695136,True,False,NOT_VERIFIED,,,True,False
S145,consumed_test,1,RigidD,ENG_MID_UP,12866,-0.10095808080150806,-0.24912313262597724,1.541571988067421,213.55972995795574,290.7959830364529,True,True,NOT_VERIFIED,3.503507064878824,80.07474654328978,True,False
S145,consumed_test,1,RigidD,ENG_MID_DOWN,14858,-0.08129012753439291,0.10862433633170535,1.5066495106596718,219.99040836402366,424.3616392271034,True,False,NOT_VERIFIED,2.018561945245142,114.5784325877572,True,False
S145,consumed_test,1,RigidD,ENG_PAIR_1_NEG_X,13030,0.014016698622872482,-0.19846046057833722,1.5624070001160306,255.0675308058816,310.5599643872836,True,True,NOT_VERIFIED,15.228376159423531,7.987834469814409,True,False
S145,consumed_test,1,RigidD,ENG_PAIR_1_POS_X,13013,-0.2093493676289963,-0.17965378358444126,1.543963197312482,174.48220252858385,316.6543803732655,True,True,NOT_VERIFIED,1.6114009510311509,61.44824294093011,True,False
S145,consumed_test,1,RigidD,ENG_PAIR_2_NEG_X,13846,0.01373760858483145,-0.06152876042199725,1.584355022145466,254.90005833494698,360.9611803858712,True,True,NOT_VERIFIED,5.443693513919764,3.6958586786816925,True,False
S145,consumed_test,1,RigidD,ENG_PAIR_2_POS_X,13694,-0.19849421094439557,-0.0493998625908863,1.5661809332517345,179.41803406615912,365.129666846581,True,True,NOT_VERIFIED,1.1705210836679216,12.683820237267991,True,False
S145,consumed_test,1,RigidD,ENG_PAIR_3_NEG_X,14459,0.017597237443460572,0.07317113451829332,1.5523332095937348,256.3857471932762,410.0961198235743,True,False,NOT_VERIFIED,5.283583298150572,109.69001392232568,True,False
S145,consumed_test,1,RigidD,ENG_PAIR_3_POS_X,14436,-0.18706730192166293,0.08472990010966955,1.5360588887352877,182.17946984744285,414.682247523039,True,False,NOT_VERIFIED,2.028937231816299,82.22738541730303,True,False
S145,consumed_test,2,Official,ENG_MID_UP,12866,-0.09373945940823498,-0.26976354796739854,1.7024993429116728,219.37406422413525,292.5973331106286,True,True,NOT_VERIFIED,,,False,False
S145,consumed_test,2,Official,ENG_MID_DOWN,14858,-0.07160869311976867,0.08891406622697047,1.6903429409207835,226.4515908434985,413.21949389686176,True,False,NOT_VERIFIED,,,False,False
S145,consumed_test,2,Official,ENG_PAIR_1_NEG_X,13030,0.025709292150730832,-0.22099585915650022,1.721521728459692,258.3914459918813,309.78832664440995,True,True,NOT_VERIFIED,,,False,False
S145,consumed_test,2,Official,ENG_PAIR_1_POS_X,13013,-0.2039654020472313,-0.19937923023915025,1.6927222637522532,182.89770075313524,315.83864421071286,True,True,NOT_VERIFIED,,,False,False
S145,consumed_test,2,Official,ENG_PAIR_2_NEG_X,13846,0.027949028145261963,-0.08841475325649426,1.7495579141566584,258.97166138152426,354.27416704707326,True,True,NOT_VERIFIED,,,False,False
S145,consumed_test,2,Official,ENG_PAIR_2_POS_X,13694,-0.1964358598119882,-0.07314381116487693,1.7221754652165584,186.4836316637216,358.88280048938856,True,True,NOT_VERIFIED,,,False,False
S145,consumed_test,2,Official,ENG_PAIR_3_NEG_X,14459,0.03383678308262066,0.046668993289146754,1.7227225446040575,261.01554006943314,398.63931811785733,True,False,NOT_VERIFIED,,,False,False
S145,consumed_test,2,Official,ENG_PAIR_3_POS_X,14436,-0.18426299690386774,0.06165283392481106,1.6969433125277587,189.53694293722825,403.9210464761909,True,False,NOT_VERIFIED,,,False,False
S145,consumed_test,2,Rigid,ENG_MID_UP,12866,-0.11101024445338291,-0.24671951176902204,1.5439504407875615,209.98666134716436,291.82801598849994,True,True,NOT_VERIFIED,,,True,False
S145,consumed_test,2,Rigid,ENG_MID_DOWN,14858,-0.08378955140502974,0.11042987943015742,1.512477816396414,219.18511809884703,424.8851241757413,True,False,NOT_VERIFIED,,,True,False
S145,consumed_test,2,Rigid,ENG_PAIR_1_NEG_X,13030,0.010081995820303648,-0.19933789599552978,1.553940170768024,253.68329733343606,309.84169985500773,True,True,NOT_VERIFIED,,,True,False
S145,consumed_test,2,Rigid,ENG_PAIR_1_POS_X,13013,-0.22045592314708337,-0.17483311101061078,1.5366503934663291,170.09345916381181,318.1308541778692,True,True,NOT_VERIFIED,,,True,False
S145,consumed_test,2,Rigid,ENG_PAIR_2_NEG_X,13846,0.01601544378620686,-0.06559518930046221,1.5750701581921005,255.7347085272496,359.3548063364694,True,True,NOT_VERIFIED,,,True,False
S145,consumed_test,2,Rigid,ENG_PAIR_2_POS_X,13694,-0.2092655945339995,-0.047456961161814006,1.559226024284863,175.25202696581357,365.76141882262255,True,True,NOT_VERIFIED,,,True,False
S145,consumed_test,2,Rigid,ENG_PAIR_3_NEG_X,14459,0.02259102623243055,0.06785498663371552,1.5411550648461585,258.2378451178312,408.3200599502572,True,False,NOT_VERIFIED,,,True,False
S145,consumed_test,2,Rigid,ENG_PAIR_3_POS_X,14436,-0.19633119542659566,0.08566709232457453,1.52658152472966,178.37525161805345,415.22883526981377,True,False,NOT_VERIFIED,,,True,False
S145,consumed_test,2,RigidD,ENG_MID_UP,12866,-0.11085595716096919,-0.24844832905168426,1.5413477000495936,209.97478087063436,291.03275805572764,True,True,NOT_VERIFIED,3.5752187899113963,10.258053822245525,True,False
S145,consumed_test,2,RigidD,ENG_MID_DOWN,14858,-0.08357384502530898,0.10917639651724989,1.5062949183872565,219.13818574308692,424.5808047635454,True,False,NOT_VERIFIED,1.4411525127984304,115.66187123845464,True,False
S145,consumed_test,2,RigidD,ENG_PAIR_1_NEG_X,13030,0.00608399253815506,-0.20054160123476938,1.5590257284406,252.24198894964684,309.63958488439556,True,True,NOT_VERIFIED,7.090658024009873,7.2399978584125915,True,False
S145,consumed_test,2,RigidD,ENG_PAIR_1_POS_X,13013,-0.21637655170538372,-0.17698084796378882,1.5460439150292795,172.05021564321737,317.7319857345865,True,True,NOT_VERIFIED,2.8755224157774952,26.78298750697507,True,False
S145,consumed_test,2,RigidD,ENG_PAIR_2_NEG_X,13846,0.012768243784826218,-0.06495617341718005,1.577759237740974,254.57777742141639,359.6268498086576,True,True,NOT_VERIFIED,13.519709831789605,8.141638843551279,True,False
S145,consumed_test,2,RigidD,ENG_PAIR_2_POS_X,13694,-0.2028648145214717,-0.04664955308273419,1.5676110230584022,177.92830720740307,366.14883182824565,True,True,NOT_VERIFIED,3.6795319344109236,16.509526667745686,True,False
S145,consumed_test,2,RigidD,ENG_PAIR_3_NEG_X,14459,0.01593385106090592,0.07082797347345982,1.5493482305149806,255.79945264043516,409.2836723544236,True,False,NOT_VERIFIED,6.599141321739879,81.15377630654108,True,False
S145,consumed_test,2,RigidD,ENG_PAIR_3_POS_X,14436,-0.19046495819583056,0.08748626280053359,1.5351906607618593,180.90736169446032,415.72622553994813,True,False,NOT_VERIFIED,5.197726956014963,83.32808468362173,True,False
S151,consumed_test,0,Official,ENG_MID_UP,12866,-0.04117907844570672,-0.33319457673451747,1.7030507282785996,227.54303789425413,280.0961551496391,True,True,NOT_VERIFIED,,,False,False
S151,consumed_test,0,Official,ENG_MID_DOWN,14858,-0.03517498443465799,-0.0005806885891930891,1.7034392330972348,229.4981186624838,392.05491894912643,True,False,NOT_VERIFIED,,,False,False
S151,consumed_test,0,Official,ENG_PAIR_1_NEG_X,13030,0.07945077968388782,-0.2936029076894692,1.7274766767206564,266.4053531491292,294.8202046453501,True,True,NOT_VERIFIED,,,False,False
S151,consumed_test,0,Official,ENG_PAIR_1_POS_X,13013,-0.16406425717443465,-0.30062917189537935,1.7255083987601418,188.27637637370924,292.3747889045563,True,True,NOT_VERIFIED,,,False,False
S151,consumed_test,0,Official,ENG_PAIR_2_NEG_X,13846,0.06556042048332178,-0.170777118811461,1.7585996665256245,261.58024402764323,336.58205316123,True,True,NOT_VERIFIED,,,False,False
S151,consumed_test,0,Official,ENG_PAIR_2_POS_X,13694,-0.14765186543272374,-0.16681932332461402,1.7608003522775253,194.4939044013255,337.94014024471477,True,True,NOT_VERIFIED,,,False,False
S151,consumed_test,0,Official,ENG_PAIR_3_NEG_X,14459,0.06834415009089102,-0.04091847008386893,1.7216644103382552,262.91862549815926,378.6259787766305,True,True,NOT_VERIFIED,,,False,False
S151,consumed_test,0,Official,ENG_PAIR_3_POS_X,14436,-0.1393431119459147,-0.02752150428316058,1.7294588271141442,196.31297565888735,383.1279786196314,True,True,NOT_VERIFIED,,,False,False
S151,consumed_test,0,Rigid,ENG_MID_UP,12866,-0.07289992871036904,-0.29315543458212834,1.5150662093481975,214.2863257394703,281.3299261618039,True,True,NOT_VERIFIED,,,True,False
S151,consumed_test,0,Rigid,ENG_MID_DOWN,14858,-0.05911540982199866,0.03878874870220227,1.532132107823017,219.56579500255046,406.7632517349862,True,False,NOT_VERIFIED,,,True,False
S151,consumed_test,0,Rigid,ENG_PAIR_1_NEG_X,13030,0.04890813664539354,-0.2576063810043484,1.5398603596954699,258.52402003386766,296.3499388742616,True,True,NOT_VERIFIED,,,True,False
S151,consumed_test,0,Rigid,ENG_PAIR_1_POS_X,13013,-0.19471065550753136,-0.25898318290868205,1.5407571369238928,170.94657354082716,295.8935059196393,True,True,NOT_VERIFIED,,,True,False
S151,consumed_test,0,Rigid,ENG_PAIR_2_NEG_X,13846,0.03826951023926485,-0.13623131229251445,1.5773125867322477,254.3709964134274,342.7390392824422,True,True,NOT_VERIFIED,,,True,False
S151,consumed_test,0,Rigid,ENG_PAIR_2_POS_X,13694,-0.17474996236201149,-0.1275415117857769,1.5825258091778218,179.77917568983256,346.0499197184364,True,True,NOT_VERIFIED,,,True,False
S151,consumed_test,0,Rigid,ENG_PAIR_3_NEG_X,14459,0.04364411774242258,-0.0047648650588155254,1.546933024598358,256.5590340108781,390.48460599434173,True,False,NOT_VERIFIED,,,True,False
S151,consumed_test,0,Rigid,ENG_PAIR_3_POS_X,14436,-0.16356415898233834,0.012940420379172013,1.558134960243623,182.7976874792174,397.01122890062936,True,False,NOT_VERIFIED,,,True,False
S151,consumed_test,0,RigidD,ENG_MID_UP,12866,-0.07215747792190294,-0.29346160416959854,1.5135147350753932,214.53068231775626,281.10026053683026,True,True,NOT_VERIFIED,0.890363237316985,14.547152775030101,True,False
S151,consumed_test,0,RigidD,ENG_MID_DOWN,14858,-0.0594628412472849,0.037048338093950736,1.5244121752356627,219.3313607439931,406.18227100990157,True,False,NOT_VERIFIED,1.1962440821740765,37.74575979341836,True,False
S151,consumed_test,0,RigidD,ENG_PAIR_1_NEG_X,13030,0.046089037049782546,-0.2584005518447715,1.540568382825101,257.5025045665991,296.0984993053557,True,True,NOT_VERIFIED,3.378245454071267,47.700668527280584,True,False
S151,consumed_test,0,RigidD,ENG_PAIR_1_POS_X,13013,-0.1886610098968612,-0.2618799062191906,1.5470147995356858,173.3953827548262,295.20987821714704,True,True,NOT_VERIFIED,1.9981224115494622,12.60116986571014,True,False
S151,consumed_test,0,RigidD,ENG_PAIR_2_NEG_X,13846,0.03652836408330861,-0.13650073267078955,1.5759128476836972,253.77104883766214,342.59705902933337,True,True,NOT_VERIFIED,2.7988117833189206,89.03263872137214,True,False
S151,consumed_test,0,RigidD,ENG_PAIR_2_POS_X,13694,-0.1721336934062782,-0.12837929337762188,1.583152061025542,180.71858513570635,345.76483884158876,True,True,NOT_VERIFIED,1.7735159617977452,12.772348079797892,True,False
S151,consumed_test,0,RigidD,ENG_PAIR_3_NEG_X,14459,0.04308444600876102,-0.005428320130480367,1.5446417333245774,256.38154729523296,390.2357635968106,True,False,NOT_VERIFIED,3.180877227241639,46.96143318431941,True,False
S151,consumed_test,0,RigidD,ENG_PAIR_3_POS_X,14436,-0.1605984038354236,0.011860370153540157,1.5565558285129777,183.79390964377998,396.6182958497912,True,False,NOT_VERIFIED,2.7993914245699143,87.84897966317023,True,False
S151,consumed_test,1,Official,ENG_MID_UP,12866,-0.04117907844570672,-0.33319457673451747,1.7030507282785996,227.54303789425413,280.0961551496391,True,True,NOT_VERIFIED,,,False,False
S151,consumed_test,1,Official,ENG_MID_DOWN,14858,-0.03517498443465799,-0.0005806885891930891,1.7034392330972348,229.4981186624838,392.05491894912643,True,False,NOT_VERIFIED,,,False,False
S151,consumed_test,1,Official,ENG_PAIR_1_NEG_X,13030,0.07945077968388782,-0.2936029076894692,1.7274766767206564,266.4053531491292,294.8202046453501,True,True,NOT_VERIFIED,,,False,False
S151,consumed_test,1,Official,ENG_PAIR_1_POS_X,13013,-0.16406425717443465,-0.30062917189537935,1.7255083987601418,188.27637637370924,292.3747889045563,True,True,NOT_VERIFIED,,,False,False
S151,consumed_test,1,Official,ENG_PAIR_2_NEG_X,13846,0.06556042048332178,-0.170777118811461,1.7585996665256245,261.58024402764323,336.58205316123,True,True,NOT_VERIFIED,,,False,False
S151,consumed_test,1,Official,ENG_PAIR_2_POS_X,13694,-0.14765186543272374,-0.16681932332461402,1.7608003522775253,194.4939044013255,337.94014024471477,True,True,NOT_VERIFIED,,,False,False
S151,consumed_test,1,Official,ENG_PAIR_3_NEG_X,14459,0.06834415009089102,-0.04091847008386893,1.7216644103382552,262.91862549815926,378.6259787766305,True,True,NOT_VERIFIED,,,False,False
S151,consumed_test,1,Official,ENG_PAIR_3_POS_X,14436,-0.1393431119459147,-0.02752150428316058,1.7294588271141442,196.31297565888735,383.1279786196314,True,True,NOT_VERIFIED,,,False,False
S151,consumed_test,1,Rigid,ENG_MID_UP,12866,-0.06813024686231278,-0.2897208688380463,1.5156029233908688,216.03864800319033,282.6682728648732,True,True,NOT_VERIFIED,,,True,False
S151,consumed_test,1,Rigid,ENG_MID_DOWN,14858,-0.05932842379730499,0.04230135569810134,1.5343637600683264,219.51998850124016,408.0544834241839,True,False,NOT_VERIFIED,,,True,False
S151,consumed_test,1,Rigid,ENG_PAIR_1_NEG_X,13030,0.053417502347872896,-0.2523942854625487,1.539024296597463,260.1562631341348,298.2392282829375,True,True,NOT_VERIFIED,,,True,False
S151,consumed_test,1,Rigid,ENG_PAIR_1_POS_X,13013,-0.1901176192859243,-0.2576106771901421,1.5430553598675065,172.69929118186673,296.5469110618468,True,True,NOT_VERIFIED,,,True,False
S151,consumed_test,1,Rigid,ENG_PAIR_2_NEG_X,13846,0.04136549138265477,-0.13140739278511068,1.5772954060480433,255.45819441667348,344.49170272197955,True,True,NOT_VERIFIED,,,True,False
S151,consumed_test,1,Rigid,ENG_PAIR_2_POS_X,13694,-0.1716783388424319,-0.12610039928747496,1.585304666405925,180.9594236810681,346.6520147874776,True,True,NOT_VERIFIED,,,True,False
S151,consumed_test,1,Rigid,ENG_PAIR_3_NEG_X,14459,0.04428448020577055,0.00029079279836005103,1.5475918983800416,256.7815394495847,392.3580497360936,True,False,NOT_VERIFIED,,,True,False
S151,consumed_test,1,Rigid,ENG_PAIR_3_POS_X,14436,-0.16301286394852224,0.014670897229828443,1.5615652351684792,183.1209140392332,397.6360296385908,True,False,NOT_VERIFIED,,,True,False
S151,consumed_test,1,RigidD,ENG_MID_UP,12866,-0.06809273264781057,-0.29027513778555675,1.5140888656114493,216.02747484229545,282.3488404735896,True,True,NOT_VERIFIED,1.6136281726364754,80.64964442662145,True,False
S151,consumed_test,1,RigidD,ENG_MID_DOWN,14858,-0.059967713695726024,0.04020557618879897,1.524472650187477,219.14880605081078,407.36894276599395,True,False,NOT_VERIFIED,0.9589544188806116,41.424564664538515,True,False
S151,consumed_test,1,RigidD,ENG_PAIR_1_NEG_X,13030,0.0488972452318228,-0.254494505627244,1.5425389864228882,258.4895646649596,297.67293188283685,True,True,NOT_VERIFIED,2.0328948267375653,21.53557561630771,True,False
S151,consumed_test,1,RigidD,ENG_PAIR_1_POS_X,13013,-0.18555225712840004,-0.25991793328730833,1.5474220517368673,174.5257659988776,295.9622415921164,True,True,NOT_VERIFIED,1.5858808426197617,22.02028075286747,True,False
S151,consumed_test,1,RigidD,ENG_PAIR_2_NEG_X,13846,0.038926938725798735,-0.13216652265852696,1.5779765545221958,254.59607721699481,344.236539522958,True,True,NOT_VERIFIED,14.604984924969555,5.133419926946424,True,False
S151,consumed_test,1,RigidD,ENG_PAIR_2_POS_X,13694,-0.17092829125487669,-0.1267177642334207,1.5836220386312698,181.15800186559588,346.3800873245764,True,True,NOT_VERIFIED,1.456751778374204,13.721790609563255,True,False
S151,consumed_test,1,RigidD,ENG_PAIR_3_NEG_X,14459,0.04381909349126592,-0.0006280602674827286,1.5442526699744992,256.6489057613858,392.0171896305348,True,False,NOT_VERIFIED,3.426734452954933,28.29889054518976,True,False
S151,consumed_test,1,RigidD,ENG_PAIR_3_POS_X,14436,-0.16134342907781535,0.013081274665955796,1.5575644307821461,183.56600597625325,397.06481329548296,True,False,NOT_VERIFIED,3.285995419331825,52.58862581236447,True,False
S151,consumed_test,2,Official,ENG_MID_UP,12866,-0.04117907844570672,-0.33319457673451747,1.7030507282785996,227.54303789425413,280.0961551496391,True,True,NOT_VERIFIED,,,False,False
S151,consumed_test,2,Official,ENG_MID_DOWN,14858,-0.03517498443465799,-0.0005806885891930891,1.7034392330972348,229.4981186624838,392.05491894912643,True,False,NOT_VERIFIED,,,False,False
S151,consumed_test,2,Official,ENG_PAIR_1_NEG_X,13030,0.07945077968388782,-0.2936029076894692,1.7274766767206564,266.4053531491292,294.8202046453501,True,True,NOT_VERIFIED,,,False,False
S151,consumed_test,2,Official,ENG_PAIR_1_POS_X,13013,-0.16406425717443465,-0.30062917189537935,1.7255083987601418,188.27637637370924,292.3747889045563,True,True,NOT_VERIFIED,,,False,False
S151,consumed_test,2,Official,ENG_PAIR_2_NEG_X,13846,0.06556042048332178,-0.170777118811461,1.7585996665256245,261.58024402764323,336.58205316123,True,True,NOT_VERIFIED,,,False,False
S151,consumed_test,2,Official,ENG_PAIR_2_POS_X,13694,-0.14765186543272374,-0.16681932332461402,1.7608003522775253,194.4939044013255,337.94014024471477,True,True,NOT_VERIFIED,,,False,False
S151,consumed_test,2,Official,ENG_PAIR_3_NEG_X,14459,0.06834415009089102,-0.04091847008386893,1.7216644103382552,262.91862549815926,378.6259787766305,True,True,NOT_VERIFIED,,,False,False
S151,consumed_test,2,Official,ENG_PAIR_3_POS_X,14436,-0.1393431119459147,-0.02752150428316058,1.7294588271141442,196.31297565888735,383.1279786196314,True,True,NOT_VERIFIED,,,False,False
S151,consumed_test,2,Rigid,ENG_MID_UP,12866,-0.07813233715773621,-0.29140145877671164,1.516079957767792,212.39277556460658,282.067297879461,True,True,NOT_VERIFIED,,,True,False
S151,consumed_test,2,Rigid,ENG_MID_DOWN,14858,-0.06381435069004612,0.04049183575372926,1.533687767889409,217.89068003963507,407.3850992186339,True,False,NOT_VERIFIED,,,True,False
S151,consumed_test,2,Rigid,ENG_PAIR_1_NEG_X,13030,0.0442102447551555,-0.25596821368574807,1.5382715706123746,256.8508321006932,296.8613675625115,True,True,NOT_VERIFIED,,,True,False
S151,consumed_test,2,Rigid,ENG_PAIR_1_POS_X,13013,-0.19933010320725117,-0.257243454914352,1.5445396131369624,169.46160383268622,296.7751724822825,True,True,NOT_VERIFIED,,,True,False
S151,consumed_test,2,Rigid,ENG_PAIR_2_NEG_X,13846,0.03445910099182793,-0.1346853287999935,1.5762601743735243,253.04118958317912,343.26822280219,True,True,NOT_VERIFIED,,,True,False
S151,consumed_test,2,Rigid,ENG_PAIR_2_POS_X,13694,-0.17838928738378199,-0.12591814681176683,1.5861942628737717,178.64995095360044,346.7434541503348,True,True,NOT_VERIFIED,,,True,False
S151,consumed_test,2,Rigid,ENG_PAIR_3_NEG_X,14459,0.03922565742891098,-0.0031434995643453453,1.5461062683150637,254.98469678834533,391.0848171419751,True,False,NOT_VERIFIED,,,True,False
S151,consumed_test,2,Rigid,ENG_PAIR_3_POS_X,14436,-0.1676764727952666,0.014621259477785592,1.5619224714864615,181.4805479055863,397.61657996866813,True,False,NOT_VERIFIED,,,True,False
S151,consumed_test,2,RigidD,ENG_MID_UP,12866,-0.07759522162795165,-0.29174500995615915,1.5147725745650646,212.56451643794267,281.8421864307278,True,True,NOT_VERIFIED,1.8703295339077004,11.09837306049228,True,False
S151,consumed_test,2,RigidD,ENG_MID_DOWN,14858,-0.06446716911229458,0.03834772060687436,1.5239584009035894,217.50632679136837,406.675194441286,True,False,NOT_VERIFIED,6.017361117768516,35.896823222398524,True,False
S151,consumed_test,2,RigidD,ENG_PAIR_1_NEG_X,13030,0.04188957216008744,-0.2567157426692767,1.5389460326513467,256.0087238707911,296.62472131662133,True,True,NOT_VERIFIED,2.5817522979073835,83.89854075224727,True,False
S151,consumed_test,2,RigidD,ENG_PAIR_1_POS_X,13013,-0.1947891661591422,-0.25940317073728686,1.549326756492085,171.30562355614146,296.271078151692,True,True,NOT_VERIFIED,18.45430565388765,4.9492550994649145,True,False
S151,consumed_test,2,RigidD,ENG_PAIR_2_NEG_X,13846,0.03359251219747146,-0.1349646183394479,1.573690108925648,252.7559911274748,343.08649048091223,True,True,NOT_VERIFIED,34.13147297987393,2.4852849035029436,True,False
S151,consumed_test,2,RigidD,ENG_PAIR_2_POS_X,13694,-0.17568000350867805,-0.1268966468701247,1.5864152800934141,179.60443531747293,346.3962129616249,True,True,NOT_VERIFIED,3.584175480089562,10.086081723718596,True,False
S151,consumed_test,2,RigidD,ENG_PAIR_3_NEG_X,14459,0.039000308487514186,-0.0038750183719064384,1.543363057655005,254.92880725472023,390.81103746054134,True,False,NOT_VERIFIED,7.713357076346399,5.8533485136527315,True,False
S151,consumed_test,2,RigidD,ENG_PAIR_3_POS_X,14436,-0.16445073898685217,0.013884085960346095,1.5607505212112358,182.58052126672507,397.3498513809729,True,False,NOT_VERIFIED,15.373338904684138,4.618101914561999,True,False
S163,consumed_test,0,Official,ENG_MID_UP,12866,-0.08969379359301133,-0.2966931484212382,1.676834109443379,209.09478775564014,293.8576730391213,True,True,NOT_VERIFIED,,,False,False
S163,consumed_test,0,Official,ENG_MID_DOWN,14858,-0.10321016900299883,0.034499190694437826,1.6999359819277182,205.0960519874948,408.34234958805206,True,False,NOT_VERIFIED,,,False,False
S163,consumed_test,0,Official,ENG_PAIR_1_NEG_X,13030,0.01728943671260911,-0.24911114135995174,1.6923494417914517,244.35746970096733,311.11944752102187,True,True,NOT_VERIFIED,,,False,False
S163,consumed_test,0,Official,ENG_PAIR_1_POS_X,13013,-0.19824605673283588,-0.28200314661514464,1.7142462039625035,174.69004023742735,301.0732959151021,True,True,NOT_VERIFIED,,,False,False
S163,consumed_test,0,Official,ENG_PAIR_2_NEG_X,13846,-0.007191127458851023,-0.12887353443026636,1.7403429017458139,236.41541946865294,353.57880111394655,True,True,NOT_VERIFIED,,,False,False
S163,consumed_test,0,Official,ENG_PAIR_2_POS_X,13694,-0.1802541792414112,-0.1429223632703609,1.7596912687700903,182.0026445093457,349.41720431356646,True,True,NOT_VERIFIED,,,False,False
S163,consumed_test,0,Official,ENG_PAIR_3_NEG_X,14459,-0.014235967690097535,0.0045488292393199015,1.709737145156509,234.09373904548625,398.1065950479822,True,False,NOT_VERIFIED,,,False,False
S163,consumed_test,0,Official,ENG_PAIR_3_POS_X,14436,-0.18707779304937325,-0.000620326291324387,1.7277616591662124,178.76873987849746,396.35385055850173,True,False,NOT_VERIFIED,,,False,False
S163,consumed_test,0,Rigid,ENG_MID_UP,12866,-0.10713704068416187,-0.27763997132595514,1.5173026167409254,199.61838643117025,290.3481519819894,True,True,NOT_VERIFIED,,,True,False
S163,consumed_test,0,Rigid,ENG_MID_DOWN,14858,-0.11430728032376816,0.05133596801698706,1.5634347465677476,198.23307926641564,415.6218830393024,True,False,NOT_VERIFIED,,,True,False
S163,consumed_test,0,Rigid,ENG_PAIR_1_NEG_X,13030,0.0013769681996748193,-0.23206543224739554,1.5271948239876592,239.20164760363346,308.3582283745323,True,True,NOT_VERIFIED,,,True,False
S163,consumed_test,0,Rigid,ENG_PAIR_1_POS_X,13013,-0.2121112783885083,-0.26464492855588806,1.5643195613879792,163.64890220274324,298.36247805087356,True,False,NOT_VERIFIED,,,True,False
S163,consumed_test,0,Rigid,ENG_PAIR_2_NEG_X,13846,-0.017539408001348157,-0.11514909206644357,1.584922568191246,232.57708971477712,354.3901902274345,True,True,NOT_VERIFIED,,,True,False
S163,consumed_test,0,Rigid,ENG_PAIR_2_POS_X,13694,-0.18865052113519654,-0.12909473895224785,1.617311681881023,174.1374569662886,350.229596788825,True,True,NOT_VERIFIED,,,True,False
S163,consumed_test,0,Rigid,ENG_PAIR_3_NEG_X,14459,-0.02524171958444383,0.02008601092122991,1.5639461396664194,229.7688870178256,404.01719851812453,True,False,NOT_VERIFIED,,,True,False
S163,consumed_test,0,Rigid,ENG_PAIR_3_POS_X,14436,-0.19612015769671362,0.01508708332021432,1.5955921501395158,170.66732162394197,402.0507828344382,True,False,NOT_VERIFIED,,,True,False
S163,consumed_test,0,RigidD,ENG_MID_UP,12866,-0.10340779274267,-0.280899846234561,1.5263160604758437,201.20160906116493,289.7356493463515,True,True,NOT_VERIFIED,1.918247601337245,48.84941023004127,True,False
S163,consumed_test,0,RigidD,ENG_MID_DOWN,14858,-0.11361485681375921,0.05280821234927369,1.5662570762115657,198.55070836931563,416.13315709421835,True,False,NOT_VERIFIED,7.758054486775355,117.37839191395564,True,False
S163,consumed_test,0,RigidD,ENG_PAIR_1_NEG_X,13030,0.004316942602917503,-0.23102116997844602,1.5264887928603,240.26794321819688,308.71452174572124,True,True,NOT_VERIFIED,3.653576659486668,16.39824952561353,True,False
S163,consumed_test,0,RigidD,ENG_PAIR_1_POS_X,13013,-0.2077936936204383,-0.2673725917664663,1.5696107708111158,165.42449918895903,297.6847914484345,True,False,NOT_VERIFIED,29.13698550930442,7.978797977572361,True,False
S163,consumed_test,0,RigidD,ENG_PAIR_2_NEG_X,13846,-0.01973583884436061,-0.11380815391390912,1.587133278109663,231.8196059385026,354.9393510124592,True,True,NOT_VERIFIED,1.0146541983627129,43.50121515346308,True,False
S163,consumed_test,0,RigidD,ENG_PAIR_2_POS_X,13694,-0.19240575888986888,-0.12798339039021886,1.6127831408043258,172.66733577518283,350.499486884766,True,True,NOT_VERIFIED,5.951031374504496,81.01686333149007,True,False
S163,consumed_test,0,RigidD,ENG_PAIR_3_NEG_X,14459,-0.030575757196096287,0.02476354917073119,1.5779928725659649,227.97736451314134,405.6714562674123,True,False,NOT_VERIFIED,1.721769702904669,92.45475900181523,True,False
S163,consumed_test,0,RigidD,ENG_PAIR_3_POS_X,14436,-0.1878504806245415,0.019569069800697888,1.6062338799010376,173.96786720574664,403.63411831815955,True,False,NOT_VERIFIED,5.560270082915341,108.67325629365934,True,False
S163,consumed_test,1,Official,ENG_MID_UP,12866,-0.08969379359301133,-0.2966931484212382,1.676834109443379,209.09478775564014,293.8576730391213,True,True,NOT_VERIFIED,,,False,False
S163,consumed_test,1,Official,ENG_MID_DOWN,14858,-0.10321016900299883,0.034499190694437826,1.6999359819277182,205.0960519874948,408.34234958805206,True,False,NOT_VERIFIED,,,False,False
S163,consumed_test,1,Official,ENG_PAIR_1_NEG_X,13030,0.01728943671260911,-0.24911114135995174,1.6923494417914517,244.35746970096733,311.11944752102187,True,True,NOT_VERIFIED,,,False,False
S163,consumed_test,1,Official,ENG_PAIR_1_POS_X,13013,-0.19824605673283588,-0.28200314661514464,1.7142462039625035,174.69004023742735,301.0732959151021,True,True,NOT_VERIFIED,,,False,False
S163,consumed_test,1,Official,ENG_PAIR_2_NEG_X,13846,-0.007191127458851023,-0.12887353443026636,1.7403429017458139,236.41541946865294,353.57880111394655,True,True,NOT_VERIFIED,,,False,False
S163,consumed_test,1,Official,ENG_PAIR_2_POS_X,13694,-0.1802541792414112,-0.1429223632703609,1.7596912687700903,182.0026445093457,349.41720431356646,True,True,NOT_VERIFIED,,,False,False
S163,consumed_test,1,Official,ENG_PAIR_3_NEG_X,14459,-0.014235967690097535,0.0045488292393199015,1.709737145156509,234.09373904548625,398.1065950479822,True,False,NOT_VERIFIED,,,False,False
S163,consumed_test,1,Official,ENG_PAIR_3_POS_X,14436,-0.18707779304937325,-0.000620326291324387,1.7277616591662124,178.76873987849746,396.35385055850173,True,False,NOT_VERIFIED,,,False,False
S163,consumed_test,1,Rigid,ENG_MID_UP,12866,-0.09970353264582167,-0.2796801273421683,1.515203380800967,202.27977948693976,289.41943327857206,True,True,NOT_VERIFIED,,,True,False
S163,consumed_test,1,Rigid,ENG_MID_DOWN,14858,-0.10891395379116381,0.049106720511213495,1.5623110365097999,200.1148047763031,414.80733855756534,True,False,NOT_VERIFIED,,,True,False
S163,consumed_test,1,Rigid,ENG_PAIR_1_NEG_X,13030,0.008538201834118308,-0.23340130238035006,1.5248045149737843,241.80203482572355,307.7114213628338,True,True,NOT_VERIFIED,,,True,False
S163,consumed_test,1,Rigid,ENG_PAIR_1_POS_X,13013,-0.2045784115535248,-0.2675295339265426,1.5626657622824247,166.2377297150542,297.1870500111757,True,True,NOT_VERIFIED,,,True,False
S163,consumed_test,1,Rigid,ENG_PAIR_2_NEG_X,13846,-0.01094108833155705,-0.11678088210781853,1.5829421720543806,234.87671507514582,353.7390568528098,True,True,NOT_VERIFIED,,,True,False
S163,consumed_test,1,Rigid,ENG_PAIR_2_POS_X,13694,-0.18182617188012712,-0.13197569112311905,1.6159566354024992,176.42088959748554,349.1558917273233,True,True,NOT_VERIFIED,,,True,False
S163,consumed_test,1,Rigid,ENG_PAIR_3_NEG_X,14459,-0.019638143499501902,0.01845839970615318,1.5623857345392427,231.74519395421723,403.4199511873448,True,False,NOT_VERIFIED,,,True,False
S163,consumed_test,1,Rigid,ENG_PAIR_3_POS_X,14436,-0.19035386241255536,0.012213764438469473,1.5946819837655117,172.62999441595218,401.00803472778625,True,False,NOT_VERIFIED,,,True,False
S163,consumed_test,1,RigidD,ENG_MID_UP,12866,-0.0964265314787997,-0.2832128001228692,1.5243708436755699,203.68874882723702,288.7185881349607,True,True,NOT_VERIFIED,3.291410287721598,86.61767636279052,True,False
S163,consumed_test,1,RigidD,ENG_MID_DOWN,14858,-0.1082193307030621,0.050921741430950275,1.5666381162857865,200.46680721989785,415.42943460260955,True,False,NOT_VERIFIED,1.7655830121378382,178.22177107593538,True,False
S163,consumed_test,1,RigidD,ENG_PAIR_1_NEG_X,13030,0.009506506949795508,-0.23354055690224376,1.525184588256037,242.15268002811746,307.6805648541191,True,True,NOT_VERIFIED,2.7658583708665625,64.52732016968893,True,False
S163,consumed_test,1,RigidD,ENG_PAIR_1_POS_X,13013,-0.19968676447889216,-0.27065212820837786,1.568016686180784,168.21180344627905,296.37022683956525,True,True,NOT_VERIFIED,3.4346196669472833,123.39221949376496,True,False
S163,consumed_test,1,RigidD,ENG_PAIR_2_NEG_X,13846,-0.01545674158833367,-0.11605909850681573,1.5887057476601107,233.31729743285578,354.15812838895806,True,True,NOT_VERIFIED,1.2841046691530904,7.684488805093538,True,False
S163,consumed_test,1,RigidD,ENG_PAIR_2_POS_X,13694,-0.18720045032747745,-0.13055475410541698,1.6098329346876032,174.33609723141006,349.48791060240546,True,True,NOT_VERIFIED,3.0948647104842886,134.04806554188278,True,False
S163,consumed_test,1,RigidD,ENG_PAIR_3_NEG_X,14459,-0.026348224672191965,0.0238198917369415,1.5795410455785994,229.46933598199473,405.3157465188395,True,False,NOT_VERIFIED,3.1397391615711223,144.87537048952424,True,False
S163,consumed_test,1,RigidD,ENG_PAIR_3_POS_X,14436,-0.18327522160475496,0.016356810119617572,1.6041051213924296,175.4607212733162,402.4811175545955,True,False,NOT_VERIFIED,3.577120552827653,187.34673728550425,True,False
S163,consumed_test,2,Official,ENG_MID_UP,12866,-0.08969379359301133,-0.2966931484212382,1.676834109443379,209.09478775564014,293.8576730391213,True,True,NOT_VERIFIED,,,False,False
S163,consumed_test,2,Official,ENG_MID_DOWN,14858,-0.10321016900299883,0.034499190694437826,1.6999359819277182,205.0960519874948,408.34234958805206,True,False,NOT_VERIFIED,,,False,False
S163,consumed_test,2,Official,ENG_PAIR_1_NEG_X,13030,0.01728943671260911,-0.24911114135995174,1.6923494417914517,244.35746970096733,311.11944752102187,True,True,NOT_VERIFIED,,,False,False
S163,consumed_test,2,Official,ENG_PAIR_1_POS_X,13013,-0.19824605673283588,-0.28200314661514464,1.7142462039625035,174.69004023742735,301.0732959151021,True,True,NOT_VERIFIED,,,False,False
S163,consumed_test,2,Official,ENG_PAIR_2_NEG_X,13846,-0.007191127458851023,-0.12887353443026636,1.7403429017458139,236.41541946865294,353.57880111394655,True,True,NOT_VERIFIED,,,False,False
S163,consumed_test,2,Official,ENG_PAIR_2_POS_X,13694,-0.1802541792414112,-0.1429223632703609,1.7596912687700903,182.0026445093457,349.41720431356646,True,True,NOT_VERIFIED,,,False,False
S163,consumed_test,2,Official,ENG_PAIR_3_NEG_X,14459,-0.014235967690097535,0.0045488292393199015,1.709737145156509,234.09373904548625,398.1065950479822,True,False,NOT_VERIFIED,,,False,False
S163,consumed_test,2,Official,ENG_PAIR_3_POS_X,14436,-0.18707779304937325,-0.000620326291324387,1.7277616591662124,178.76873987849746,396.35385055850173,True,False,NOT_VERIFIED,,,False,False
S163,consumed_test,2,Rigid,ENG_MID_UP,12866,-0.10552635141595923,-0.28090139428832256,1.5166445175111418,200.18927048377085,289.0538305771977,True,True,NOT_VERIFIED,,,True,False
S163,consumed_test,2,Rigid,ENG_MID_DOWN,14858,-0.11229091311040137,0.04808145215888991,1.5627886596528175,198.93052076753528,414.42095125849863,True,False,NOT_VERIFIED,,,True,False
S163,consumed_test,2,Rigid,ENG_PAIR_1_NEG_X,13030,0.0030551190576410007,-0.2354085027089466,1.5261653150625398,239.81062790379121,307.0272284001936,True,True,NOT_VERIFIED,,,True,False
S163,consumed_test,2,Rigid,ENG_PAIR_1_POS_X,13013,-0.21032996314440566,-0.2678254400369279,1.5640183203059048,164.26487015365927,297.1631685956146,True,False,NOT_VERIFIED,,,True,False
S163,consumed_test,2,Rigid,ENG_PAIR_2_NEG_X,13846,-0.015576174634455674,-0.11847592316359554,1.5839528489859598,233.25940157126746,353.14521129950003,True,True,NOT_VERIFIED,,,True,False
S163,consumed_test,2,Rigid,ENG_PAIR_2_POS_X,13694,-0.18658643990470805,-0.132291191828837,1.6169252058092538,174.82861960474236,349.0710274533274,True,True,NOT_VERIFIED,,,True,False
S163,consumed_test,2,Rigid,ENG_PAIR_3_NEG_X,14459,-0.023247755671208854,0.016764239164498387,1.5629977881334058,230.46960939061796,402.7880949194652,True,False,NOT_VERIFIED,,,True,False
S163,consumed_test,2,Rigid,ENG_PAIR_3_POS_X,14436,-0.19402112135710559,0.011895485932593281,1.5952259230777397,171.3800377131569,400.8907057535269,True,False,NOT_VERIFIED,,,True,False
S163,consumed_test,2,RigidD,ENG_MID_UP,12866,-0.10208234089107453,-0.2842620511953373,1.525841025030005,201.67076043469288,288.42334199084104,True,True,NOT_VERIFIED,2.120740010616014,85.02918731759345,True,False
S163,consumed_test,2,RigidD,ENG_MID_DOWN,14858,-0.11159713781272823,0.049895211216665444,1.567338832685846,199.2909970938381,415.04082659717096,True,False,NOT_VERIFIED,1.3979926375573386,96.57359463886638,True,False
S163,consumed_test,2,RigidD,ENG_PAIR_1_NEG_X,13030,0.005377311596467264,-0.23490968662591838,1.5258092316593568,240.65331228655728,307.1960967703525,True,True,NOT_VERIFIED,5.278573260948208,12.676289190138467,True,False
S163,consumed_test,2,RigidD,ENG_PAIR_1_POS_X,13013,-0.2052537203360995,-0.27098635002725346,1.5695126231896888,166.31568990483643,296.34211525876816,True,True,NOT_VERIFIED,5.3464264549705804,29.483538448249476,True,False
S163,consumed_test,2,RigidD,ENG_PAIR_2_NEG_X,13846,-0.018319858245068727,-0.11697706533401939,1.5867445525963912,232.31187082557784,353.76990841920076,True,True,NOT_VERIFIED,1.0621516627870162,119.68995109543948,True,False
S163,consumed_test,2,RigidD,ENG_PAIR_2_POS_X,13694,-0.18981723929082145,-0.13089821034219934,1.6122605022324987,173.5346186736626,349.43513593986535,True,True,NOT_VERIFIED,4.127178001013714,12.416918518124017,True,False
S163,consumed_test,2,RigidD,ENG_PAIR_3_NEG_X,14459,-0.03007369811378339,0.021881044542660474,1.5792091708159681,228.1615991468458,404.6049360196484,True,False,NOT_VERIFIED,1.9010378669400896,113.13220702721058,True,False
S163,consumed_test,2,RigidD,ENG_PAIR_3_POS_X,14436,-0.18590871453987987,0.016212165633087413,1.6054539652072308,174.6058921523203,402.42384778450736,True,False,NOT_VERIFIED,3.941625125363863,61.73419201827614,True,False
S165,dev,0,Official,ENG_MID_UP,12866,-0.08518645604176657,-0.38083387763565574,1.4496485693890706,217.26724787727633,243.84962067085772,True,True,NOT_VERIFIED,,,False,False
S165,dev,0,Official,ENG_MID_DOWN,14858,-0.0684989318250949,-0.03253495149842755,1.4385745327592732,223.27525235502827,381.8479654717453,True,False,NOT_VERIFIED,,,False,False
S165,dev,0,Official,ENG_PAIR_1_NEG_X,13030,0.02394012683011281,-0.33084384568254244,1.4547734567436836,257.80667833156394,264.1323661953717,True,True,NOT_VERIFIED,,,False,False
S165,dev,0,Official,ENG_PAIR_1_POS_X,13013,-0.18590947793557094,-0.31643464158494505,1.444821198640874,179.5897858280278,268.9641920694561,True,True,NOT_VERIFIED,,,False,False
S165,dev,0,Official,ENG_PAIR_2_NEG_X,13846,0.02505705305587099,-0.20456831618632557,1.4842868447016573,258.0358846565853,315.63028663962183,True,True,NOT_VERIFIED,,,False,False
S165,dev,0,Official,ENG_PAIR_2_POS_X,13694,-0.17816230611032619,-0.19044174532252656,1.4833456419514481,184.2056337004768,321.05385200948103,True,True,NOT_VERIFIED,,,False,False
S165,dev,0,Official,ENG_PAIR_3_NEG_X,14459,0.03143933182106471,-0.07344987673181244,1.4559560794476365,260.57543004315426,365.85100144584425,True,True,NOT_VERIFIED,,,False,False
S165,dev,0,Official,ENG_PAIR_3_POS_X,14436,-0.16998259770243537,-0.05785412482070176,1.4608435532474888,186.22626020517495,372.084211997056,True,True,NOT_VERIFIED,,,False,False
S165,dev,0,Rigid,ENG_MID_UP,12866,-0.10371527853358263,-0.35471717775757866,1.5227894003606826,212.23067237907316,260.9598483588987,True,True,NOT_VERIFIED,,,True,False
S165,dev,0,Rigid,ENG_MID_DOWN,14858,-0.08900099577307181,-0.006361748530533775,1.5107380721769754,217.18708563351646,392.42672335293923,True,False,NOT_VERIFIED,,,True,False
S165,dev,0,Rigid,ENG_PAIR_1_NEG_X,13030,0.004783996474727358,-0.3039378845077085,1.5319135197197622,250.62070735736137,280.8096664255184,True,True,NOT_VERIFIED,,,True,False
S165,dev,0,Rigid,ENG_PAIR_1_POS_X,13013,-0.20461423695554642,-0.29105067336448914,1.5137523289654227,176.08813178994964,284.3347966483148,True,True,NOT_VERIFIED,,,True,False
S165,dev,0,Rigid,ENG_PAIR_2_NEG_X,13846,0.0038863238203849003,-0.1775283890794625,1.560855368172884,250.27954274724942,329.47356376772245,True,True,NOT_VERIFIED,,,True,False
S165,dev,0,Rigid,ENG_PAIR_2_POS_X,13694,-0.1992350957048497,-0.16483728553871796,1.5519571308261648,179.7494892359449,333.79894290969446,True,True,NOT_VERIFIED,,,True,False
S165,dev,0,Rigid,ENG_PAIR_3_NEG_X,14459,0.010464720021538011,-0.04649478247866706,1.532179079157209,252.6186191254461,377.4052963346373,True,False,NOT_VERIFIED,,,True,False
S165,dev,0,Rigid,ENG_PAIR_3_POS_X,14436,-0.19109728025205408,-0.03229612738316249,1.529167964749822,181.58650537811565,382.7078492021568,True,False,NOT_VERIFIED,,,True,False
S165,dev,0,RigidD,ENG_MID_UP,12866,-0.10371387614215787,-0.3567145302758408,1.523411409885412,212.2461559808731,260.26092585938665,True,True,NOT_VERIFIED,8.641978224476595,8.352513453817373,True,False
S165,dev,0,RigidD,ENG_MID_DOWN,14858,-0.0889650352392008,-0.0034958951584041532,1.5210160163330206,217.414375283468,393.52605014704534,True,False,NOT_VERIFIED,3.9052947124498956,158.6826081921292,True,False
S165,dev,0,RigidD,ENG_PAIR_1_NEG_X,13030,-0.003700150456972377,-0.3079145889331844,1.5449848696299888,247.64689147868148,280.2950453626791,True,True,NOT_VERIFIED,10.215051968588865,5.744336894831681,True,False
S165,dev,0,RigidD,ENG_PAIR_1_POS_X,13013,-0.19896599416515967,-0.2960998641273316,1.5303194951798758,178.86598965648224,283.63476887359224,True,True,NOT_VERIFIED,2.1553805197275855,48.10357701250571,True,False
S165,dev,0,RigidD,ENG_PAIR_2_NEG_X,13846,-0.0019599250619624867,-0.17813018611193407,1.5712395345556822,248.26536899890542,329.6854682202205,True,True,NOT_VERIFIED,2.429125651514323,5.559546114449076,True,False
S165,dev,0,RigidD,ENG_PAIR_2_POS_X,13694,-0.19636946102426467,-0.16625898913721718,1.5595125728312222,181.07501273802308,333.5707229165287,True,True,NOT_VERIFIED,2.345680147405572,76.50030356029974,True,False
S165,dev,0,RigidD,ENG_PAIR_3_NEG_X,14459,0.0048330136671987135,-0.042381956823642083,1.545596859692533,250.6228991453107,379.08618376278406,True,False,NOT_VERIFIED,4.737815317710627,82.31427562677824,True,False
S165,dev,0,RigidD,ENG_PAIR_3_POS_X,14436,-0.18589770127764285,-0.02972678490398411,1.5404138577345978,183.897389581157,383.7551698435642,True,False,NOT_VERIFIED,1.627240557340254,83.24115020234152,True,False
S165,dev,1,Official,ENG_MID_UP,12866,-0.08518645604176657,-0.38083387763565574,1.4496485693890706,217.26724787727633,243.84962067085772,True,True,NOT_VERIFIED,,,False,False
S165,dev,1,Official,ENG_MID_DOWN,14858,-0.0684989318250949,-0.03253495149842755,1.4385745327592732,223.27525235502827,381.8479654717453,True,False,NOT_VERIFIED,,,False,False
S165,dev,1,Official,ENG_PAIR_1_NEG_X,13030,0.02394012683011281,-0.33084384568254244,1.4547734567436836,257.80667833156394,264.1323661953717,True,True,NOT_VERIFIED,,,False,False
S165,dev,1,Official,ENG_PAIR_1_POS_X,13013,-0.18590947793557094,-0.31643464158494505,1.444821198640874,179.5897858280278,268.9641920694561,True,True,NOT_VERIFIED,,,False,False
S165,dev,1,Official,ENG_PAIR_2_NEG_X,13846,0.02505705305587099,-0.20456831618632557,1.4842868447016573,258.0358846565853,315.63028663962183,True,True,NOT_VERIFIED,,,False,False
S165,dev,1,Official,ENG_PAIR_2_POS_X,13694,-0.17816230611032619,-0.19044174532252656,1.4833456419514481,184.2056337004768,321.05385200948103,True,True,NOT_VERIFIED,,,False,False
S165,dev,1,Official,ENG_PAIR_3_NEG_X,14459,0.03143933182106471,-0.07344987673181244,1.4559560794476365,260.57543004315426,365.85100144584425,True,True,NOT_VERIFIED,,,False,False
S165,dev,1,Official,ENG_PAIR_3_POS_X,14436,-0.16998259770243537,-0.05785412482070176,1.4608435532474888,186.22626020517495,372.084211997056,True,True,NOT_VERIFIED,,,False,False
S165,dev,1,Rigid,ENG_MID_UP,12866,-0.09654202482018531,-0.3586500518539856,1.5257147096180617,214.83494599871588,259.7349464325517,True,True,NOT_VERIFIED,,,True,False
S165,dev,1,Rigid,ENG_MID_DOWN,14858,-0.08434313379422753,-0.010268710833643242,1.5117548390344524,218.86898592585797,390.9429125634763,True,False,NOT_VERIFIED,,,True,False
S165,dev,1,Rigid,ENG_PAIR_1_NEG_X,13030,0.011437909040989777,-0.3069792701604789,1.5359295545450362,252.95111568835546,279.9696994539548,True,True,NOT_VERIFIED,,,True,False
S165,dev,1,Rigid,ENG_PAIR_1_POS_X,13013,-0.197800649997387,-0.29582112948464917,1.5149951204092176,178.57176683901423,282.615590534351,True,True,NOT_VERIFIED,,,True,False
S165,dev,1,Rigid,ENG_PAIR_2_NEG_X,13846,0.009197478781819072,-0.1804111936769429,1.5640951262596876,252.10684877775904,328.5496009456749,True,True,NOT_VERIFIED,,,True,False
S165,dev,1,Rigid,ENG_PAIR_2_POS_X,13694,-0.19388322192799554,-0.1693456655141985,1.5525047469476463,181.63177765788245,332.15136843176487,True,True,NOT_VERIFIED,,,True,False
S165,dev,1,Rigid,ENG_PAIR_3_NEG_X,14459,0.015141712766495594,-0.04950285754798113,1.534716826081085,254.254951647434,376.3075697362077,True,False,NOT_VERIFIED,,,True,False
S165,dev,1,Rigid,ENG_PAIR_3_POS_X,14436,-0.18646740501372197,-0.03688288638101529,1.5290239773728995,183.21208938964958,380.9825026445409,True,False,NOT_VERIFIED,,,True,False
S165,dev,1,RigidD,ENG_MID_UP,12866,-0.09651983566260733,-0.3610984401707888,1.5205882382178024,214.72783764364584,258.3539560100347,True,True,NOT_VERIFIED,3.8058667252595058,84.57102281570442,True,False
S165,dev,1,RigidD,ENG_MID_DOWN,14858,-0.0845122881303875,-0.007323591322703303,1.5221207093019142,219.0138644600077,392.0816182823605,True,False,NOT_VERIFIED,1.9485389973850848,122.4761485439941,True,False
S165,dev,1,RigidD,ENG_PAIR_1_NEG_X,13030,0.0022219010531629086,-0.31108977675486327,1.5505112025933512,249.70995396666697,279.52629144571756,True,True,NOT_VERIFIED,1.7427357422594174,76.33377468941448,True,False
S165,dev,1,RigidD,ENG_PAIR_1_POS_X,13013,-0.1934948160907187,-0.30008835551670154,1.5278472366877454,180.68255645401706,281.95434856349334,True,True,NOT_VERIFIED,1.5519865011580662,60.39848556191759,True,False
S165,dev,1,RigidD,ENG_PAIR_2_NEG_X,13846,0.0030654072948609863,-0.1807386784586461,1.5735321093505106,249.9875620496766,328.82758625446627,True,True,NOT_VERIFIED,0.943838949577351,2.385175295764705,True,False
S165,dev,1,RigidD,ENG_PAIR_2_POS_X,13694,-0.19250345011733588,-0.17012197358734174,1.5573170141853634,182.31726226969596,332.05858526710733,True,True,NOT_VERIFIED,2.5782192432535296,11.452722908723624,True,False
S165,dev,1,RigidD,ENG_PAIR_3_NEG_X,14459,0.00897477729569955,-0.04540802002312123,1.5477826706313174,252.06270398478432,377.98470412993976,True,False,NOT_VERIFIED,2.1240616046351954,79.13763153502907,True,False
S165,dev,1,RigidD,ENG_PAIR_3_POS_X,14436,-0.18219757436382134,-0.03451213652804295,1.5392196845080879,185.1425015152903,381.95962376718234,True,False,NOT_VERIFIED,3.1703520540576084,147.62034716229402,True,False
S165,dev,2,Official,ENG_MID_UP,12866,-0.08518645604176657,-0.38083387763565574,1.4496485693890706,217.26724787727633,243.84962067085772,True,True,NOT_VERIFIED,,,False,False
S165,dev,2,Official,ENG_MID_DOWN,14858,-0.0684989318250949,-0.03253495149842755,1.4385745327592732,223.27525235502827,381.8479654717453,True,False,NOT_VERIFIED,,,False,False
S165,dev,2,Official,ENG_PAIR_1_NEG_X,13030,0.02394012683011281,-0.33084384568254244,1.4547734567436836,257.80667833156394,264.1323661953717,True,True,NOT_VERIFIED,,,False,False
S165,dev,2,Official,ENG_PAIR_1_POS_X,13013,-0.18590947793557094,-0.31643464158494505,1.444821198640874,179.5897858280278,268.9641920694561,True,True,NOT_VERIFIED,,,False,False
S165,dev,2,Official,ENG_PAIR_2_NEG_X,13846,0.02505705305587099,-0.20456831618632557,1.4842868447016573,258.0358846565853,315.63028663962183,True,True,NOT_VERIFIED,,,False,False
S165,dev,2,Official,ENG_PAIR_2_POS_X,13694,-0.17816230611032619,-0.19044174532252656,1.4833456419514481,184.2056337004768,321.05385200948103,True,True,NOT_VERIFIED,,,False,False
S165,dev,2,Official,ENG_PAIR_3_NEG_X,14459,0.03143933182106471,-0.07344987673181244,1.4559560794476365,260.57543004315426,365.85100144584425,True,True,NOT_VERIFIED,,,False,False
S165,dev,2,Official,ENG_PAIR_3_POS_X,14436,-0.16998259770243537,-0.05785412482070176,1.4608435532474888,186.22626020517495,372.084211997056,True,True,NOT_VERIFIED,,,False,False
S165,dev,2,Rigid,ENG_MID_UP,12866,-0.09282731461142858,-0.34532124814221393,1.5221239104772357,216.06978227435755,264.449335912964,True,True,NOT_VERIFIED,,,True,False
S165,dev,2,Rigid,ENG_MID_DOWN,14858,-0.07983163187195584,0.0031240169794055877,1.5107107976430574,220.45768500507498,396.0356883242624,True,False,NOT_VERIFIED,,,True,False
S165,dev,2,Rigid,ENG_PAIR_1_NEG_X,13030,0.01493591310245682,-0.2938755789746608,1.535326513665694,254.18059815333794,284.8301516031946,True,True,NOT_VERIFIED,,,True,False
S165,dev,2,Rigid,ENG_PAIR_1_POS_X,13013,-0.19370875508390423,-0.2822763246615094,1.5093190347189174,179.7682728965398,287.35160821294375,True,True,NOT_VERIFIED,,,True,False
S165,dev,2,Rigid,ENG_PAIR_2_NEG_X,13846,0.01216836448569647,-0.16748722674630212,1.5642422885672211,253.13014408899042,333.3046907437547,True,True,NOT_VERIFIED,,,True,False
S165,dev,2,Rigid,ENG_PAIR_2_POS_X,13694,-0.1905505819392455,-0.15604943897235124,1.5477268540253635,182.58448721845397,336.8955954489823,True,True,NOT_VERIFIED,,,True,False
S165,dev,2,Rigid,ENG_PAIR_3_NEG_X,14459,0.019005971405215618,-0.03640239684904469,1.5358622707814067,255.60698540399264,381.22404967415383,True,False,NOT_VERIFIED,,,True,False
S165,dev,2,Rigid,ENG_PAIR_3_POS_X,14436,-0.18238505690348067,-0.023450110901846094,1.5252886916194148,184.49359312785396,386.0104148031192,True,False,NOT_VERIFIED,,,True,False
S165,dev,2,RigidD,ENG_MID_UP,12866,-0.0933431298768172,-0.34776516238302213,1.5211244346118693,215.8654285693685,263.4401962423968,True,True,NOT_VERIFIED,2.6192436487261395,28.85586258589222,True,False
S165,dev,2,RigidD,ENG_MID_DOWN,14858,-0.08022252085795582,0.004876826246303366,1.5174025043556727,220.4444461129836,396.69438962112275,True,False,NOT_VERIFIED,1.6555928709291456,87.01491529051088,True,False
S165,dev,2,RigidD,ENG_PAIR_1_NEG_X,13030,0.0035513438250075404,-0.298622307948211,1.5529508960239087,250.1701193181245,284.3218844047475,True,True,NOT_VERIFIED,2.633887677694715,120.97439999745585,True,False
S165,dev,2,RigidD,ENG_PAIR_1_POS_X,13013,-0.18828874791470507,-0.2876097549771247,1.5263781898580617,182.45506726908417,286.54464372863123,True,True,NOT_VERIFIED,3.7985202172028436,9.162178533105676,True,False
S165,dev,2,RigidD,ENG_PAIR_2_NEG_X,13846,0.005633992083458083,-0.16855924659647548,1.5747860419541433,250.8657848569794,333.32546770150856,True,True,NOT_VERIFIED,11.942216917459284,3.509178190767129,True,False
S165,dev,2,RigidD,ENG_PAIR_2_POS_X,13694,-0.18848816413983088,-0.15805850516457734,1.5575209833238755,183.71538948022592,336.51860291936134,True,True,NOT_VERIFIED,1.2478828969233349,23.33237585829803,True,False
S165,dev,2,RigidD,ENG_PAIR_3_NEG_X,14459,0.013362761052048332,-0.032835355726416465,1.5473138985953296,253.59203364672314,382.6499061484234,True,False,NOT_VERIFIED,3.0827192604075893,29.264217771458917,True,False
S165,dev,2,RigidD,ENG_PAIR_3_POS_X,14436,-0.17985877083566112,-0.02226377043387854,1.5315711271166657,185.64691753398054,386.49187675661005,True,False,NOT_VERIFIED,24.107077069610614,40.40433701550839,True,False
S170,consumed_test,0,Official,ENG_MID_UP,12866,-0.030383894947808663,-0.3254523249297413,1.658629598122033,233.80649488651017,270.8835673787355,True,True,NOT_VERIFIED,,,False,False
S170,consumed_test,0,Official,ENG_MID_DOWN,14858,0.02069820166919594,0.01871927232201657,1.6597563117834122,251.0575894709803,389.6860177164885,True,False,NOT_VERIFIED,,,False,False
S170,consumed_test,0,Official,ENG_PAIR_1_NEG_X,13030,0.07012725335408113,-0.28179870633366777,1.7039999597725766,267.1290189028973,288.5426939952239,True,True,NOT_VERIFIED,,,False,False
S170,consumed_test,0,Official,ENG_PAIR_1_POS_X,13013,-0.1286518511058952,-0.26366062013125,1.63591515954342,200.00755831953606,290.9501227498337,True,True,NOT_VERIFIED,,,False,False
S170,consumed_test,0,Official,ENG_PAIR_2_NEG_X,13846,0.06991445150826142,-0.1558572883629767,1.7420293952686166,266.55719176716076,332.00292946024047,True,True,NOT_VERIFIED,,,False,False
S170,consumed_test,0,Official,ENG_PAIR_2_POS_X,13694,-0.11166566280913262,-0.13518099683057194,1.670438168368318,206.61567994638702,336.8944419450488,True,True,NOT_VERIFIED,,,False,False
S170,consumed_test,0,Official,ENG_PAIR_3_NEG_X,14459,0.09901050554476457,-0.024964731754822188,1.714767464940071,276.4217427833691,374.89296475504847,True,False,NOT_VERIFIED,,,False,False
S170,consumed_test,0,Official,ENG_PAIR_3_POS_X,14436,-0.07960970617441579,-0.003505353563632154,1.641478140602291,216.8967227736171,382.00589740795436,True,False,NOT_VERIFIED,,,False,False
S170,consumed_test,0,Rigid,ENG_MID_UP,12866,-0.023586644145275063,-0.30475639587958475,1.5516886223995612,235.55351986771973,270.77738286634445,True,True,NOT_VERIFIED,,,True,False
S170,consumed_test,0,Rigid,ENG_MID_DOWN,14858,0.015306995260176797,0.040977043042307426,1.5471706075333955,249.61366065974778,398.39273207619067,True,False,NOT_VERIFIED,,,True,False
S170,consumed_test,0,Rigid,ENG_PAIR_1_NEG_X,13030,0.07956360707047858,-0.2574549567649845,1.5861733813172592,272.17516705783675,290.2963340648367,True,True,NOT_VERIFIED,,,True,False
S170,consumed_test,0,Rigid,ENG_PAIR_1_POS_X,13013,-0.12579402003317286,-0.2464993446138953,1.539419963089356,198.28572812323034,291.5486046705887,True,True,NOT_VERIFIED,,,True,False
S170,consumed_test,0,Rigid,ENG_PAIR_2_NEG_X,13846,0.07897158322621307,-0.13143009550718326,1.6239213330757474,271.3176088746454,336.8896837703921,True,True,NOT_VERIFIED,,,True,False
S170,consumed_test,0,Rigid,ENG_PAIR_2_POS_X,13694,-0.10975125524241634,-0.11735866402876902,1.5718652501206036,204.94926244892923,340.4805903883408,True,True,NOT_VERIFIED,,,True,False
S170,consumed_test,0,Rigid,ENG_PAIR_3_NEG_X,14459,0.10045449741879522,0.000268893020236548,1.5936473277279046,279.38818688106204,383.3251824437544,True,False,NOT_VERIFIED,,,True,False
S170,consumed_test,0,Rigid,ENG_PAIR_3_POS_X,14436,-0.08553295370702582,0.015217791106569215,1.5395898723811121,212.94278583887814,388.88787240330123,True,False,NOT_VERIFIED,,,True,False
S170,consumed_test,0,RigidD,ENG_MID_UP,12866,-0.023553061544048046,-0.30539272444048154,1.552343835406709,235.5692357869824,270.590148287317,True,True,NOT_VERIFIED,2.3690584576284426,65.52782090125234,True,False
S170,consumed_test,0,RigidD,ENG_MID_DOWN,14858,0.015407422084555176,0.040590383316833255,1.5448368789819675,249.65845841288976,398.272334752454,True,False,NOT_VERIFIED,0.8034675717779284,89.24707152855012,True,False
S170,consumed_test,0,RigidD,ENG_PAIR_1_NEG_X,13030,0.07420938453495032,-0.25923817576176034,1.5928082750544412,270.17466445667304,290.04244781473227,True,True,NOT_VERIFIED,22.894947472519757,87.83084592244005,True,False
S170,consumed_test,0,RigidD,ENG_PAIR_1_POS_X,13013,-0.1233397022615141,-0.24843962284605275,1.547174982701434,199.40402628448632,291.29011260608144,True,True,NOT_VERIFIED,2.5263812226851523,65.73550671889993,True,False
S170,consumed_test,0,RigidD,ENG_PAIR_2_NEG_X,13846,0.07223887962041953,-0.1308783456091657,1.6283036569669238,268.92757116010426,337.2084069911593,True,True,NOT_VERIFIED,15.646071783719364,7.082191310901548,True,False
S170,consumed_test,0,RigidD,ENG_PAIR_2_POS_X,13694,-0.11035332921005281,-0.1164397902016735,1.5641004091839015,204.53937304572463,340.604733825635,True,True,NOT_VERIFIED,3.1389826443395226,12.164354045944453,True,False
S170,consumed_test,0,RigidD,ENG_PAIR_3_NEG_X,14459,0.09319673757847668,0.004278358381525459,1.6010200462888586,276.6856125240636,384.75859349134373,True,False,NOT_VERIFIED,16.141375225014333,109.3848527232313,True,False
S170,consumed_test,0,RigidD,ENG_PAIR_3_POS_X,14436,-0.08331087349250968,0.018866631568116597,1.5494770037618943,213.94491950175387,390.2000577000423,True,False,NOT_VERIFIED,2.2530242851094773,62.10923424020203,True,False
S170,consumed_test,1,Official,ENG_MID_UP,12866,-0.030383894947808663,-0.3254523249297413,1.658629598122033,233.80649488651017,270.8835673787355,True,True,NOT_VERIFIED,,,False,False
S170,consumed_test,1,Official,ENG_MID_DOWN,14858,0.02069820166919594,0.01871927232201657,1.6597563117834122,251.0575894709803,389.6860177164885,True,False,NOT_VERIFIED,,,False,False
S170,consumed_test,1,Official,ENG_PAIR_1_NEG_X,13030,0.07012725335408113,-0.28179870633366777,1.7039999597725766,267.1290189028973,288.5426939952239,True,True,NOT_VERIFIED,,,False,False
S170,consumed_test,1,Official,ENG_PAIR_1_POS_X,13013,-0.1286518511058952,-0.26366062013125,1.63591515954342,200.00755831953606,290.9501227498337,True,True,NOT_VERIFIED,,,False,False
S170,consumed_test,1,Official,ENG_PAIR_2_NEG_X,13846,0.06991445150826142,-0.1558572883629767,1.7420293952686166,266.55719176716076,332.00292946024047,True,True,NOT_VERIFIED,,,False,False
S170,consumed_test,1,Official,ENG_PAIR_2_POS_X,13694,-0.11166566280913262,-0.13518099683057194,1.670438168368318,206.61567994638702,336.8944419450488,True,True,NOT_VERIFIED,,,False,False
S170,consumed_test,1,Official,ENG_PAIR_3_NEG_X,14459,0.09901050554476457,-0.024964731754822188,1.714767464940071,276.4217427833691,374.89296475504847,True,False,NOT_VERIFIED,,,False,False
S170,consumed_test,1,Official,ENG_PAIR_3_POS_X,14436,-0.07960970617441579,-0.003505353563632154,1.641478140602291,216.8967227736171,382.00589740795436,True,False,NOT_VERIFIED,,,False,False
S170,consumed_test,1,Rigid,ENG_MID_UP,12866,-0.018534495395321576,-0.3074970155261982,1.5537299405436418,237.38657960138838,269.91519842469955,True,True,NOT_VERIFIED,,,True,False
S170,consumed_test,1,Rigid,ENG_MID_DOWN,14858,0.020266154156474397,0.0382581086633678,1.5501743640353403,251.39535811773555,397.35911679877205,True,False,NOT_VERIFIED,,,True,False
S170,consumed_test,1,Rigid,ENG_PAIR_1_NEG_X,13030,0.08310401077198504,-0.2600554186194949,1.5922722291733702,273.31332916204326,289.7172100739362,True,True,NOT_VERIFIED,,,True,False
S170,consumed_test,1,Rigid,ENG_PAIR_1_POS_X,13013,-0.12020342580953206,-0.24934082693499043,1.5372363652396825,200.2583638388932,290.36004842924376,True,True,NOT_VERIFIED,,,True,False
S170,consumed_test,1,Rigid,ENG_PAIR_2_NEG_X,13846,0.08089763492118171,-0.13396539627717302,1.6297417124972582,271.88246402494076,336.16448632108836,True,True,NOT_VERIFIED,,,True,False
S170,consumed_test,1,Rigid,ENG_PAIR_2_POS_X,13694,-0.10557645250969874,-0.12013132603656136,1.5700744355899028,206.39445692958677,339.4207361063259,True,True,NOT_VERIFIED,,,True,False
S170,consumed_test,1,Rigid,ENG_PAIR_3_NEG_X,14459,0.10349392634899085,-0.0023027807899115506,1.600127224861718,280.30943941165623,382.40460191533674,True,False,NOT_VERIFIED,,,True,False
S170,consumed_test,1,Rigid,ENG_PAIR_3_POS_X,14436,-0.08016672393178736,0.012407386870187624,1.538569231760098,214.87633692581886,387.8457810298649,True,False,NOT_VERIFIED,,,True,False
S170,consumed_test,1,RigidD,ENG_MID_UP,12866,-0.018463037307263314,-0.30808753779555026,1.5533153361913292,237.41057118400747,269.66728636000505,True,True,NOT_VERIFIED,1.4529262520807995,102.36948338365843,True,False
S170,consumed_test,1,RigidD,ENG_MID_DOWN,14858,0.020742826040368333,0.03772834486443191,1.5467624283039947,251.58418436963692,397.194188146173,True,False,NOT_VERIFIED,1.9258471634134258,117.41190139821411,True,False
S170,consumed_test,1,RigidD,ENG_PAIR_1_NEG_X,13030,0.07757008522554962,-0.2619415587801387,1.5979874164118872,271.2684066454732,289.37585535633013,True,True,NOT_VERIFIED,23.436949553770514,146.48727732565774,True,False
S170,consumed_test,1,RigidD,ENG_PAIR_1_POS_X,13013,-0.11784630057431388,-0.25132007099634607,1.5449976682477577,201.33326765879312,290.09309549726777,True,True,NOT_VERIFIED,2.408314690625568,50.64180021955307,True,False
S170,consumed_test,1,RigidD,ENG_PAIR_2_NEG_X,13846,0.07373800155594701,-0.13407259487329765,1.6338254399988956,269.3576627284678,336.24455608969527,True,True,NOT_VERIFIED,5.465425346905814,17.754948950242525,True,False
S170,consumed_test,1,RigidD,ENG_PAIR_2_POS_X,13694,-0.106318914201424,-0.11929531576818353,1.5622383244626579,205.93919335670887,339.50739203670673,True,True,NOT_VERIFIED,4.400805828213617,60.30663895363147,True,False
S170,consumed_test,1,RigidD,ENG_PAIR_3_NEG_X,14459,0.09753181177729672,0.0010266598227848863,1.605816854123622,278.10076253969726,383.59463168438606,True,False,NOT_VERIFIED,19.040545705195765,66.13053485978566,True,False
S170,consumed_test,1,RigidD,ENG_PAIR_3_POS_X,14436,-0.07893414849232526,0.013696039099158088,1.5419821139680152,215.38882130169858,388.31405100961535,True,False,NOT_VERIFIED,30.61218329112078,59.30672020055862,True,False
S170,consumed_test,2,Official,ENG_MID_UP,12866,-0.030383894947808663,-0.3254523249297413,1.658629598122033,233.80649488651017,270.8835673787355,True,True,NOT_VERIFIED,,,False,False
S170,consumed_test,2,Official,ENG_MID_DOWN,14858,0.02069820166919594,0.01871927232201657,1.6597563117834122,251.0575894709803,389.6860177164885,True,False,NOT_VERIFIED,,,False,False
S170,consumed_test,2,Official,ENG_PAIR_1_NEG_X,13030,0.07012725335408113,-0.28179870633366777,1.7039999597725766,267.1290189028973,288.5426939952239,True,True,NOT_VERIFIED,,,False,False
S170,consumed_test,2,Official,ENG_PAIR_1_POS_X,13013,-0.1286518511058952,-0.26366062013125,1.63591515954342,200.00755831953606,290.9501227498337,True,True,NOT_VERIFIED,,,False,False
S170,consumed_test,2,Official,ENG_PAIR_2_NEG_X,13846,0.06991445150826142,-0.1558572883629767,1.7420293952686166,266.55719176716076,332.00292946024047,True,True,NOT_VERIFIED,,,False,False
S170,consumed_test,2,Official,ENG_PAIR_2_POS_X,13694,-0.11166566280913262,-0.13518099683057194,1.670438168368318,206.61567994638702,336.8944419450488,True,True,NOT_VERIFIED,,,False,False
S170,consumed_test,2,Official,ENG_PAIR_3_NEG_X,14459,0.09901050554476457,-0.024964731754822188,1.714767464940071,276.4217427833691,374.89296475504847,True,False,NOT_VERIFIED,,,False,False
S170,consumed_test,2,Official,ENG_PAIR_3_POS_X,14436,-0.07960970617441579,-0.003505353563632154,1.641478140602291,216.8967227736171,382.00589740795436,True,False,NOT_VERIFIED,,,False,False
S170,consumed_test,2,Rigid,ENG_MID_UP,12866,-0.02117898726991281,-0.3064164926963871,1.5517977627159052,236.42343212343377,270.172780420887,True,True,NOT_VERIFIED,,,True,False
S170,consumed_test,2,Rigid,ENG_MID_DOWN,14858,0.01886098054418856,0.039187137538383515,1.547362655131676,250.89985945309127,397.72855145150396,True,False,NOT_VERIFIED,,,True,False
S170,consumed_test,2,Rigid,ENG_PAIR_1_NEG_X,13030,0.08132147473662694,-0.2593444107617371,1.5884648250004756,272.7546725322471,289.7493506846313,True,True,NOT_VERIFIED,,,True,False
S170,consumed_test,2,Rigid,ENG_PAIR_1_POS_X,13013,-0.12290939282110201,-0.24788174836090077,1.5371226136092382,199.26877215430406,290.89665890965864,True,True,NOT_VERIFIED,,,True,False
S170,consumed_test,2,Rigid,ENG_PAIR_2_NEG_X,13846,0.08027354103554718,-0.13323044885096177,1.6259040351332632,271.73304385299747,336.31220701871956,True,True,NOT_VERIFIED,,,True,False
S170,consumed_test,2,Rigid,ENG_PAIR_2_POS_X,13694,-0.10719911632975501,-0.11871431673292615,1.5696240620978692,205.80441830503634,339.9250500282571,True,True,NOT_VERIFIED,,,True,False
S170,consumed_test,2,Rigid,ENG_PAIR_3_NEG_X,14459,0.10282743715061801,-0.0016676633224400233,1.5958173301764338,280.17330602841866,382.6302463314105,True,False,NOT_VERIFIED,,,True,False
S170,consumed_test,2,Rigid,ENG_PAIR_3_POS_X,14436,-0.08186326600823257,0.013713040131838609,1.5375954430824332,214.2396330173384,388.33489023453916,True,False,NOT_VERIFIED,,,True,False
S170,consumed_test,2,RigidD,ENG_MID_UP,12866,-0.020994888700866497,-0.3068342781017229,1.5521476803926597,236.4916120544037,270.04415597640764,True,True,NOT_VERIFIED,0.8684528712711619,41.95016090714399,True,False
S170,consumed_test,2,RigidD,ENG_MID_DOWN,14858,0.018796362845923294,0.03916043602690993,1.5457340471236671,250.88363259972493,397.73393836800636,True,False,NOT_VERIFIED,2.845533863570274,105.79030700260633,True,False
S170,consumed_test,2,RigidD,ENG_PAIR_1_NEG_X,13030,0.07726260380115527,-0.26081395449325623,1.5927118828904232,271.2503267143945,289.47034213941356,True,True,NOT_VERIFIED,25.439986814830796,36.89191093147392,True,False
S170,consumed_test,2,RigidD,ENG_PAIR_1_POS_X,13013,-0.11958481703843786,-0.24970298263347554,1.5429688971299889,200.6457709491367,290.57069325178514,True,True,NOT_VERIFIED,7.556646938133165,5.800828778111482,True,False
S170,consumed_test,2,RigidD,ENG_PAIR_2_NEG_X,13846,0.07127611030245,-0.13233700149586136,1.6320156407777828,268.5405010290912,336.8013447680645,True,True,NOT_VERIFIED,5.732701702419158,22.044419465109993,True,False
S170,consumed_test,2,RigidD,ENG_PAIR_2_POS_X,13694,-0.10795462531976055,-0.11783773012367814,1.5629279273761791,205.36963057985326,340.0606456514436,True,True,NOT_VERIFIED,3.3789882632136785,15.233109316256192,True,False
S170,consumed_test,2,RigidD,ENG_PAIR_3_NEG_X,14459,0.09508206622479246,0.002444266754448631,1.603461184188403,277.29474612093156,384.1013590336275,True,False,NOT_VERIFIED,17.532175480015695,74.23748821243292,True,False
S170,consumed_test,2,RigidD,ENG_PAIR_3_POS_X,14436,-0.07995228696656372,0.018079716811162425,1.5500064718204625,215.16926925914132,389.90699975685936,True,False,NOT_VERIFIED,1.1499841901575059,120.45210435825142,True,False
S179,consumed_test,0,Official,ENG_MID_UP,12866,-0.034192186047183895,-0.295016589957649,1.6992078850147374,240.06589308947073,289.51545866372703,True,True,NOT_VERIFIED,,,False,False
S179,consumed_test,0,Official,ENG_MID_DOWN,14858,0.04152405396684838,0.03385252474829883,1.6903644042577213,264.9073167140862,401.7368343844455,True,False,NOT_VERIFIED,,,False,False
S179,consumed_test,0,Official,ENG_PAIR_1_NEG_X,13030,0.08326257406913964,-0.28958842047203226,1.7279335865957335,278.0380540937936,293.0086263228745,True,True,NOT_VERIFIED,,,False,False
S179,consumed_test,0,Official,ENG_PAIR_1_POS_X,13013,-0.13379597983578181,-0.2262239381696478,1.7082716293307072,207.71303370840369,313.3865888424746,True,True,NOT_VERIFIED,,,False,False
S179,consumed_test,0,Official,ENG_PAIR_2_NEG_X,13846,0.10213405099726378,-0.15249316820048792,1.7585076324480813,283.5378994803321,339.8769321086257,True,True,NOT_VERIFIED,,,False,False
S179,consumed_test,0,Official,ENG_PAIR_2_POS_X,13694,-0.08715860834359264,-0.10762780073074976,1.7373763672320524,223.3644961862769,354.2309042180701,True,True,NOT_VERIFIED,,,False,False
S179,consumed_test,0,Official,ENG_PAIR_3_NEG_X,14459,0.1303610187418256,-0.013987185119908478,1.719290967898069,293.4008449773673,385.4163980134122,True,False,NOT_VERIFIED,,,False,False
S179,consumed_test,0,Official,ENG_PAIR_3_POS_X,14436,-0.05870907520872386,0.017705571866501492,1.7018623332592713,232.07521915735254,396.16008753870994,True,False,NOT_VERIFIED,,,False,False
S179,consumed_test,0,Rigid,ENG_MID_UP,12866,-0.0149240874337179,-0.2822957199756111,1.5218911419177399,245.8005478927712,282.63659707306596,True,True,NOT_VERIFIED,,,True,False
S179,consumed_test,0,Rigid,ENG_MID_DOWN,14858,0.056783840503002204,0.046992533011298215,1.5417221851854945,271.7260351959063,407.794966122891,True,False,NOT_VERIFIED,,,True,False
S179,consumed_test,0,Rigid,ENG_PAIR_1_NEG_X,13030,0.10089701956022948,-0.2779613255734912,1.5567757492558134,287.2799201231299,286.65885268884887,True,False,NOT_VERIFIED,,,True,False
S179,consumed_test,0,Rigid,ENG_PAIR_1_POS_X,13013,-0.11575280886462376,-0.21533686226802626,1.5311418957916783,209.2269577555271,308.62903634005664,True,True,NOT_VERIFIED,,,True,False
S179,consumed_test,0,Rigid,ENG_PAIR_2_NEG_X,13846,0.11643218271103078,-0.14341994414487408,1.5985284558242017,291.74126417068345,338.1368750931864,True,True,NOT_VERIFIED,,,True,False
S179,consumed_test,0,Rigid,ENG_PAIR_2_POS_X,13694,-0.07217114197166334,-0.09886590729591221,1.5714200407607217,225.72117284513828,353.6707768851054,True,True,NOT_VERIFIED,,,True,False
S179,consumed_test,0,Rigid,ENG_PAIR_3_NEG_X,14459,0.14471798789797224,-0.0020695470525336863,1.5713513643248787,302.4481073874661,389.36776129396947,True,False,NOT_VERIFIED,,,True,False
S179,consumed_test,0,Rigid,ENG_PAIR_3_POS_X,14436,-0.04367079691942475,0.02907088311829241,1.546945874347369,235.5587805914388,401.0215240702083,True,False,NOT_VERIFIED,,,True,False
S179,consumed_test,0,RigidD,ENG_MID_UP,12866,-0.014713419504916735,-0.2823438589096823,1.5141907093716418,245.8501662452481,282.0715092323806,True,True,NOT_VERIFIED,3.3148975354259296,119.87386824428019,True,False
S179,consumed_test,0,RigidD,ENG_MID_DOWN,14858,0.05678741157460908,0.04736646980339393,1.543809906589795,271.6996333476484,407.9114473170155,True,False,NOT_VERIFIED,6.061586863490021,111.2498795861282,True,False
S179,consumed_test,0,RigidD,ENG_PAIR_1_NEG_X,13030,0.09638926497445169,-0.27868172773894917,1.560203268728314,285.59468610350336,286.61858132445525,True,True,NOT_VERIFIED,7.982988408017612,161.60410235125423,True,False
S179,consumed_test,0,RigidD,ENG_PAIR_1_POS_X,13013,-0.11349458914225098,-0.2171015672185731,1.5313767385572756,210.0531380996274,307.97372140321465,True,True,NOT_VERIFIED,2.065505623250078,50.521949561787444,True,False
S179,consumed_test,0,RigidD,ENG_PAIR_2_NEG_X,13846,0.1183689989169562,-0.14373566790332304,1.5970009370298555,292.4541674856471,337.9725740676482,True,True,NOT_VERIFIED,2.068218842581002,25.78037143050477,True,False
S179,consumed_test,0,RigidD,ENG_PAIR_2_POS_X,13694,-0.06690924781927975,-0.10041266425938399,1.5824031030313768,227.7468539181903,353.35737703799697,True,True,NOT_VERIFIED,9.868912359062461,6.743008267817449,True,False
S179,consumed_test,0,RigidD,ENG_PAIR_3_NEG_X,14459,0.13930159058495367,0.0015771493946362628,1.579402556494323,300.28075724727404,390.7097009169222,True,False,NOT_VERIFIED,4.234456580622397,66.38693609292916,True,False
S179,consumed_test,0,RigidD,ENG_PAIR_3_POS_X,14436,-0.03677403575619253,0.0314703337312389,1.5616485348938296,238.16152789713516,401.80940926837275,True,False,NOT_VERIFIED,0.27464861860734824,100.02163375174945,True,False
S179,consumed_test,1,Official,ENG_MID_UP,12866,-0.034192186047183895,-0.295016589957649,1.6992078850147374,240.06589308947073,289.51545866372703,True,True,NOT_VERIFIED,,,False,False
S179,consumed_test,1,Official,ENG_MID_DOWN,14858,0.04152405396684838,0.03385252474829883,1.6903644042577213,264.9073167140862,401.7368343844455,True,False,NOT_VERIFIED,,,False,False
S179,consumed_test,1,Official,ENG_PAIR_1_NEG_X,13030,0.08326257406913964,-0.28958842047203226,1.7279335865957335,278.0380540937936,293.0086263228745,True,True,NOT_VERIFIED,,,False,False
S179,consumed_test,1,Official,ENG_PAIR_1_POS_X,13013,-0.13379597983578181,-0.2262239381696478,1.7082716293307072,207.71303370840369,313.3865888424746,True,True,NOT_VERIFIED,,,False,False
S179,consumed_test,1,Official,ENG_PAIR_2_NEG_X,13846,0.10213405099726378,-0.15249316820048792,1.7585076324480813,283.5378994803321,339.8769321086257,True,True,NOT_VERIFIED,,,False,False
S179,consumed_test,1,Official,ENG_PAIR_2_POS_X,13694,-0.08715860834359264,-0.10762780073074976,1.7373763672320524,223.3644961862769,354.2309042180701,True,True,NOT_VERIFIED,,,False,False
S179,consumed_test,1,Official,ENG_PAIR_3_NEG_X,14459,0.1303610187418256,-0.013987185119908478,1.719290967898069,293.4008449773673,385.4163980134122,True,False,NOT_VERIFIED,,,False,False
S179,consumed_test,1,Official,ENG_PAIR_3_POS_X,14436,-0.05870907520872386,0.017705571866501492,1.7018623332592713,232.07521915735254,396.16008753870994,True,False,NOT_VERIFIED,,,False,False
S179,consumed_test,1,Rigid,ENG_MID_UP,12866,-0.037145364488048935,-0.2772296404843412,1.51599622699903,237.63117164099754,284.1552038221323,True,True,NOT_VERIFIED,,,True,False
S179,consumed_test,1,Rigid,ENG_MID_DOWN,14858,0.04269012151835705,0.050097950695214506,1.5371857052358036,266.68975938576256,409.01783101618065,True,False,NOT_VERIFIED,,,True,False
S179,consumed_test,1,Rigid,ENG_PAIR_1_NEG_X,13030,0.07837254667886587,-0.27589541197330825,1.5521083255697476,279.32107209258623,287.11905312620763,True,True,NOT_VERIFIED,,,True,False
S179,consumed_test,1,Rigid,ENG_PAIR_1_POS_X,13013,-0.1363329391622003,-0.207743858688641,1.5243056972969478,201.53322528072326,311.15025042599717,True,True,NOT_VERIFIED,,,True,False
S179,consumed_test,1,Rigid,ENG_PAIR_2_NEG_X,13846,0.09687734548424584,-0.14185786080308652,1.5942689756369748,285.03104462313394,338.56577624729584,True,True,NOT_VERIFIED,,,True,False
S179,consumed_test,1,Rigid,ENG_PAIR_2_POS_X,13694,-0.09023567793731398,-0.09248152047272759,1.5652545666341764,219.20509401680505,355.89089989116974,True,True,NOT_VERIFIED,,,True,False
S179,consumed_test,1,Rigid,ENG_PAIR_3_NEG_X,14459,0.1290308896627589,-0.0012298604458025803,1.5676507309940497,297.00629659153014,389.67636769431374,True,False,NOT_VERIFIED,,,True,False
S179,consumed_test,1,Rigid,ENG_PAIR_3_POS_X,14436,-0.05823703775520287,0.034727544629130386,1.5413167803200605,230.24800972133173,403.1881311138856,True,False,NOT_VERIFIED,,,True,False
S179,consumed_test,1,RigidD,ENG_MID_UP,12866,-0.03558340466890156,-0.2781555566213056,1.510189888329364,238.15375074608988,283.3924425514586,True,True,NOT_VERIFIED,4.156733831861852,36.81902245938599,True,False
S179,consumed_test,1,RigidD,ENG_MID_DOWN,14858,0.04275407907669,0.050954223673467636,1.542167583004448,266.66294210463747,409.2785885388361,True,False,NOT_VERIFIED,1.6304372557489264,131.54535240530353,True,False
S179,consumed_test,1,RigidD,ENG_PAIR_1_NEG_X,13030,0.0788215603664927,-0.2758208670260122,1.551478701935412,279.4933437370109,287.1050930263345,True,True,NOT_VERIFIED,3.528093050725256,111.94383821597701,True,False
S179,consumed_test,1,RigidD,ENG_PAIR_1_POS_X,13013,-0.13056470612531612,-0.21412056953451847,1.5344519947861093,203.9516575879781,309.26420793795825,True,True,NOT_VERIFIED,7.456846027373433,99.64102983126841,True,False
S179,consumed_test,1,RigidD,ENG_PAIR_2_NEG_X,13846,0.10093055553977708,-0.14190852994442402,1.5911276690705176,286.51380072481396,338.44551828215776,True,True,NOT_VERIFIED,1.3251916056165076,21.93013915735249,True,False
S179,consumed_test,1,RigidD,ENG_PAIR_2_POS_X,13694,-0.07760284541327354,-0.09850931581054281,1.5924205952781283,224.1617364429804,354.28137908193065,True,True,NOT_VERIFIED,5.362072877733144,43.376351402773814,True,False
S179,consumed_test,1,RigidD,ENG_PAIR_3_NEG_X,14459,0.12624382976065598,0.0009893593903002684,1.5725050180223712,295.87980907881865,390.49562083805097,True,False,NOT_VERIFIED,0.4885121503391304,62.90638971956447,True,False
S179,consumed_test,1,RigidD,ENG_PAIR_3_POS_X,14436,-0.052079095683956717,0.036515780868196755,1.5556864476577337,232.64242663714995,403.73366809761717,True,False,NOT_VERIFIED,22.203714560896387,63.5056236502242,True,False
S179,consumed_test,2,Official,ENG_MID_UP,12866,-0.034192186047183895,-0.295016589957649,1.6992078850147374,240.06589308947073,289.51545866372703,True,True,NOT_VERIFIED,,,False,False
S179,consumed_test,2,Official,ENG_MID_DOWN,14858,0.04152405396684838,0.03385252474829883,1.6903644042577213,264.9073167140862,401.7368343844455,True,False,NOT_VERIFIED,,,False,False
S179,consumed_test,2,Official,ENG_PAIR_1_NEG_X,13030,0.08326257406913964,-0.28958842047203226,1.7279335865957335,278.0380540937936,293.0086263228745,True,True,NOT_VERIFIED,,,False,False
S179,consumed_test,2,Official,ENG_PAIR_1_POS_X,13013,-0.13379597983578181,-0.2262239381696478,1.7082716293307072,207.71303370840369,313.3865888424746,True,True,NOT_VERIFIED,,,False,False
S179,consumed_test,2,Official,ENG_PAIR_2_NEG_X,13846,0.10213405099726378,-0.15249316820048792,1.7585076324480813,283.5378994803321,339.8769321086257,True,True,NOT_VERIFIED,,,False,False
S179,consumed_test,2,Official,ENG_PAIR_2_POS_X,13694,-0.08715860834359264,-0.10762780073074976,1.7373763672320524,223.3644961862769,354.2309042180701,True,True,NOT_VERIFIED,,,False,False
S179,consumed_test,2,Official,ENG_PAIR_3_NEG_X,14459,0.1303610187418256,-0.013987185119908478,1.719290967898069,293.4008449773673,385.4163980134122,True,False,NOT_VERIFIED,,,False,False
S179,consumed_test,2,Official,ENG_PAIR_3_POS_X,14436,-0.05870907520872386,0.017705571866501492,1.7018623332592713,232.07521915735254,396.16008753870994,True,False,NOT_VERIFIED,,,False,False
S179,consumed_test,2,Rigid,ENG_MID_UP,12866,-0.008190359368382269,-0.28022020143975507,1.523262827920116,248.2628258897908,283.5230128036112,True,True,NOT_VERIFIED,,,True,False
S179,consumed_test,2,Rigid,ENG_MID_DOWN,14858,0.06068715629721212,0.049718424443916304,1.54230073082371,273.1252260178715,408.81258701136704,True,False,NOT_VERIFIED,,,True,False
S179,consumed_test,2,Rigid,ENG_PAIR_1_NEG_X,13030,0.10778744942775847,-0.27481053616994733,1.5574700642566368,289.7231859757137,287.87735068675704,True,False,NOT_VERIFIED,,,True,False
S179,consumed_test,2,Rigid,ENG_PAIR_1_POS_X,13013,-0.10955787756684697,-0.21415290063915768,1.533021626890241,211.52483937862146,309.17653424813784,True,True,NOT_VERIFIED,,,True,False
S179,consumed_test,2,Rigid,ENG_PAIR_2_NEG_X,13846,0.12236176571237391,-0.14008601102092239,1.5989779519990202,293.79132512190404,339.3598048432267,True,True,NOT_VERIFIED,,,True,False
S179,consumed_test,2,Rigid,ENG_PAIR_2_POS_X,13694,-0.06678578076339307,-0.09724951488826074,1.5729129810718854,227.64867284225468,354.30091836251177,True,True,NOT_VERIFIED,,,True,False
S179,consumed_test,2,Rigid,ENG_PAIR_3_NEG_X,14459,0.149226088939657,0.001478599200048143,1.5714754956337569,304.0387513206816,390.6762774997493,True,False,NOT_VERIFIED,,,True,False
S179,consumed_test,2,Rigid,ENG_PAIR_3_POS_X,14436,-0.03957147123932674,0.03090718060815248,1.5481275097674865,237.04271640646087,401.7005990030667,True,False,NOT_VERIFIED,,,True,False
S179,consumed_test,2,RigidD,ENG_MID_UP,12866,-0.008109895714707497,-0.2802904906929095,1.5156465329746212,248.27731762289827,282.9604200939275,True,True,NOT_VERIFIED,2.4018334832383905,42.93853156235093,True,False
S179,consumed_test,2,RigidD,ENG_MID_DOWN,14858,0.0607960235390181,0.04924084879267449,1.5418998374291117,273.1701623022834,408.63794968760004,True,False,NOT_VERIFIED,1.2039549007161678,182.64660159328648,True,False
S179,consumed_test,2,RigidD,ENG_PAIR_1_NEG_X,13030,0.10418687920998707,-0.27578743874098105,1.5612848416218945,288.3472137017433,287.76458752759623,True,False,NOT_VERIFIED,12.406412452428361,39.782575705415596,True,False
S179,consumed_test,2,RigidD,ENG_PAIR_1_POS_X,13013,-0.10827992007643518,-0.21477471799372774,1.5316627355075807,211.95340667032738,308.8694423263508,True,True,NOT_VERIFIED,34.258895376690695,2.9957214338224465,True,False
S179,consumed_test,2,RigidD,ENG_PAIR_2_NEG_X,13846,0.12372593983307704,-0.1404923560574584,1.598557299723189,294.2769045554381,339.19913475246346,True,True,NOT_VERIFIED,1.7283206730558835,46.42827492120568,True,False
S179,consumed_test,2,RigidD,ENG_PAIR_2_POS_X,13694,-0.05984842248691658,-0.0987852656986572,1.584037976517596,230.24898912367104,353.9907098551232,True,True,NOT_VERIFIED,3.074592039096603,22.878562228007723,True,False
S179,consumed_test,2,RigidD,ENG_PAIR_3_NEG_X,14459,0.1436834793161021,0.00505733804043446,1.5795815081205196,301.8172901251982,391.98644437264414,True,False,NOT_VERIFIED,4.231267393100109,191.46414151108002,True,False
S179,consumed_test,2,RigidD,ENG_PAIR_3_POS_X,14436,-0.03353073116568843,0.03276404354161801,1.5599847724161027,239.30329862425816,402.3024622911518,True,False,NOT_VERIFIED,1.3163610916163084,154.10566489977384,True,False
S184,consumed_test,0,Official,ENG_MID_UP,12866,-0.044755460230539515,-0.3015554117374943,1.5766308966022213,223.60155649222986,274.0674547368001,True,True,NOT_VERIFIED,,,False,False
S184,consumed_test,0,Official,ENG_MID_DOWN,14858,-0.0182353604139523,0.050334715917397646,1.5956500055733618,232.94801111202696,401.0928808960084,True,False,NOT_VERIFIED,,,False,False
S184,consumed_test,0,Official,ENG_PAIR_1_NEG_X,13030,0.060863170437901605,-0.2724973159484564,1.6279217225053761,259.8517127379532,287.67928123913947,True,True,NOT_VERIFIED,,,False,False
S184,consumed_test,0,Official,ENG_PAIR_1_POS_X,13013,-0.14955324428080943,-0.24063930518286053,1.5604725640362231,186.42667914411695,295.1935140060234,True,True,NOT_VERIFIED,,,False,False
S184,consumed_test,0,Official,ENG_PAIR_2_NEG_X,13846,0.05463342284080917,-0.13281061939982125,1.6687072313085336,257.29055707461697,337.7349181817724,True,True,NOT_VERIFIED,,,False,False
S184,consumed_test,0,Official,ENG_PAIR_2_POS_X,13694,-0.13579037573414593,-0.11256339003163147,1.6027196118833875,192.55168011440176,343.0689256635193,True,True,NOT_VERIFIED,,,False,False
S184,consumed_test,0,Official,ENG_PAIR_3_NEG_X,14459,0.06662510107458107,0.011540264181406041,1.6451064090471177,261.5667986335916,387.108178403351,True,False,NOT_VERIFIED,,,False,False
S184,consumed_test,0,Official,ENG_PAIR_3_POS_X,14436,-0.11722325112143715,0.02329609534445913,1.5836434084020756,198.4508662371253,391.49544161056906,True,False,NOT_VERIFIED,,,False,False
S184,consumed_test,0,Rigid,ENG_MID_UP,12866,-0.05662095494848582,-0.27049665984374627,1.5222718696120414,218.74702638640622,281.80546410813344,True,True,NOT_VERIFIED,,,True,False
S184,consumed_test,0,Rigid,ENG_MID_DOWN,14858,-0.03276133741595776,0.08097371678889692,1.5503965410274265,227.60048839932242,412.88423632046477,True,False,NOT_VERIFIED,,,True,False
S184,consumed_test,0,Rigid,ENG_PAIR_1_NEG_X,13030,0.05291637474757492,-0.24148046116575012,1.564580858188049,257.8865911348415,295.1178614130397,True,True,NOT_VERIFIED,,,True,False
S184,consumed_test,0,Rigid,ENG_PAIR_1_POS_X,13013,-0.16319909334548013,-0.2106988606642471,1.5178263190212493,179.98770045911772,303.96917414586727,True,True,NOT_VERIFIED,,,True,False
S184,consumed_test,0,Rigid,ENG_PAIR_2_NEG_X,13846,0.04876964207745825,-0.10327179657377454,1.6103608791141228,255.9374942800086,346.54835601162426,True,True,NOT_VERIFIED,,,True,False
S184,consumed_test,0,Rigid,ENG_PAIR_2_POS_X,13694,-0.14716325323068924,-0.08383611058678833,1.5628414733457123,187.34956843311963,352.5265952549757,True,True,NOT_VERIFIED,,,True,False
S184,consumed_test,0,Rigid,ENG_PAIR_3_NEG_X,14459,0.056767833624512376,0.04192206681983471,1.5905430156124014,258.91688731860324,398.13524454360333,True,False,NOT_VERIFIED,,,True,False
S184,consumed_test,0,Rigid,ENG_PAIR_3_POS_X,14436,-0.13209693785196636,0.05282782018692944,1.5466422267988587,192.17477109018992,402.581708293458,True,False,NOT_VERIFIED,,,True,False
S184,consumed_test,0,RigidD,ENG_MID_UP,12866,-0.05506509205646262,-0.27078346166390843,1.5211615813014292,219.2957702245653,281.62403488281274,True,True,NOT_VERIFIED,8.108514073391916,5.552731487762653,True,False
S184,consumed_test,0,RigidD,ENG_MID_DOWN,14858,-0.032138747227761756,0.07991651483780055,1.5446508186156387,227.77930930325516,412.6047975268775,True,False,NOT_VERIFIED,2.227082018049027,98.61623802175748,True,False
S184,consumed_test,0,RigidD,ENG_PAIR_1_NEG_X,13030,0.050449599571070994,-0.24225586113932907,1.564859695710927,257.0144872204426,294.85104897649575,True,True,NOT_VERIFIED,4.735276872428329,5.5233001097013465,True,False
S184,consumed_test,0,RigidD,ENG_PAIR_1_POS_X,13013,-0.15617608345563216,-0.21643442595346502,1.5288975270393044,182.94845010946625,302.40353593367627,True,True,NOT_VERIFIED,3.512534677327026,54.870871402823056,True,False
S184,consumed_test,0,RigidD,ENG_PAIR_2_NEG_X,13846,0.05612412167887296,-0.10203823716933172,1.6005032928011644,258.5728116786601,346.762575468151,True,True,NOT_VERIFIED,7.214677338668755,8.020468729998695,True,False
S184,consumed_test,0,RigidD,ENG_PAIR_2_POS_X,13694,-0.14594207311506363,-0.08333446662108734,1.5562599990428276,187.56256326872662,352.58102874576326,True,True,NOT_VERIFIED,1.5716741192021073,24.82104180952333,True,False
S184,consumed_test,0,RigidD,ENG_PAIR_3_NEG_X,14459,0.04755705525763902,0.04601249184320111,1.5997846617980407,255.63009707081076,399.50611855123407,True,False,NOT_VERIFIED,5.252869030119219,90.2718089985538,True,False
S184,consumed_test,0,RigidD,ENG_PAIR_3_POS_X,14436,-0.13077089798668629,0.05409659871704777,1.5490571644671567,192.7199416278114,403.018303687994,True,False,NOT_VERIFIED,2.276927859095614,56.60185539277732,True,False
S184,consumed_test,1,Official,ENG_MID_UP,12866,-0.044755460230539515,-0.3015554117374943,1.5766308966022213,223.60155649222986,274.0674547368001,True,True,NOT_VERIFIED,,,False,False
S184,consumed_test,1,Official,ENG_MID_DOWN,14858,-0.0182353604139523,0.050334715917397646,1.5956500055733618,232.94801111202696,401.0928808960084,True,False,NOT_VERIFIED,,,False,False
S184,consumed_test,1,Official,ENG_PAIR_1_NEG_X,13030,0.060863170437901605,-0.2724973159484564,1.6279217225053761,259.8517127379532,287.67928123913947,True,True,NOT_VERIFIED,,,False,False
S184,consumed_test,1,Official,ENG_PAIR_1_POS_X,13013,-0.14955324428080943,-0.24063930518286053,1.5604725640362231,186.42667914411695,295.1935140060234,True,True,NOT_VERIFIED,,,False,False
S184,consumed_test,1,Official,ENG_PAIR_2_NEG_X,13846,0.05463342284080917,-0.13281061939982125,1.6687072313085336,257.29055707461697,337.7349181817724,True,True,NOT_VERIFIED,,,False,False
S184,consumed_test,1,Official,ENG_PAIR_2_POS_X,13694,-0.13579037573414593,-0.11256339003163147,1.6027196118833875,192.55168011440176,343.0689256635193,True,True,NOT_VERIFIED,,,False,False
S184,consumed_test,1,Official,ENG_PAIR_3_NEG_X,14459,0.06662510107458107,0.011540264181406041,1.6451064090471177,261.5667986335916,387.108178403351,True,False,NOT_VERIFIED,,,False,False
S184,consumed_test,1,Official,ENG_PAIR_3_POS_X,14436,-0.11722325112143715,0.02329609534445913,1.5836434084020756,198.4508662371253,391.49544161056906,True,False,NOT_VERIFIED,,,False,False
S184,consumed_test,1,Rigid,ENG_MID_UP,12866,-0.06364648904089804,-0.2597642252801172,1.5160428696862231,216.10877717306565,285.42514607737326,True,True,NOT_VERIFIED,,,True,False
S184,consumed_test,1,Rigid,ENG_MID_DOWN,14858,-0.03655105920209438,0.09129125469561336,1.5463346474843969,226.2191911919355,416.76633384685255,True,False,NOT_VERIFIED,,,True,False
S184,consumed_test,1,Rigid,ENG_PAIR_1_NEG_X,13030,0.04631469496621704,-0.23199451087382283,1.558088058121232,255.6290929658463,298.22210010641385,True,True,NOT_VERIFIED,,,True,False
S184,consumed_test,1,Rigid,ENG_PAIR_1_POS_X,13013,-0.1697061847070412,-0.19899697909424546,1.5124204344381258,177.40467350983803,308.0973108709538,True,True,NOT_VERIFIED,,,True,False
S184,consumed_test,1,Rigid,ENG_PAIR_2_NEG_X,13846,0.04358155401816016,-0.0940542282622698,1.6047747698251993,254.2138307539467,349.6956814483413,True,True,NOT_VERIFIED,,,True,False
S184,consumed_test,1,Rigid,ENG_PAIR_2_POS_X,13694,-0.1523616289684531,-0.07257577635671036,1.5581863117801393,185.3558479410321,356.55512812366214,True,True,NOT_VERIFIED,,,True,False
S184,consumed_test,1,Rigid,ENG_PAIR_3_NEG_X,14459,0.052789325822138924,0.05118850438089434,1.585860693011606,257.592315700098,401.5108238114936,True,False,NOT_VERIFIED,,,True,False
S184,consumed_test,1,Rigid,ENG_PAIR_3_POS_X,14436,-0.1361472200339905,0.06405145813455257,1.5428067421998195,190.61087504550667,406.7775269490913,True,False,NOT_VERIFIED,,,True,False
S184,consumed_test,1,RigidD,ENG_MID_UP,12866,-0.06261163099132788,-0.26070666001364606,1.5186563063915859,216.5241535260516,285.2394581578757,True,True,NOT_VERIFIED,5.659337612676003,4.2136709678813835,True,False
S184,consumed_test,1,RigidD,ENG_MID_DOWN,14858,-0.03585245875947126,0.09017936081644448,1.5410645641876708,226.42448264881313,416.4700978441424,True,False,NOT_VERIFIED,2.629962780071883,174.05689702756487,True,False
S184,consumed_test,1,RigidD,ENG_PAIR_1_NEG_X,13030,0.04395897483588198,-0.23298603032362927,1.5601517683007016,254.775249408045,297.97206792919474,True,True,NOT_VERIFIED,2.705299509917713,27.272304848578326,True,False
S184,consumed_test,1,RigidD,ENG_PAIR_1_POS_X,13013,-0.16073177625816132,-0.20655870860786685,1.5284013072385847,181.28741280395215,306.06104799303114,True,True,NOT_VERIFIED,28.44036334698269,10.953739521483897,True,False
S184,consumed_test,1,RigidD,ENG_PAIR_2_NEG_X,13846,0.05058142634957906,-0.09322699117695715,1.5961342752630494,256.7118601660044,349.8102737404255,True,True,NOT_VERIFIED,4.934490105246045,149.46831476079745,True,False
S184,consumed_test,1,RigidD,ENG_PAIR_2_POS_X,13694,-0.14987911203422358,-0.07343672051546549,1.556057960649117,186.16140942811472,356.2033775712708,True,True,NOT_VERIFIED,14.77642871398126,3.8698596919089137,True,False
S184,consumed_test,1,RigidD,ENG_PAIR_3_NEG_X,14459,0.04511182796687972,0.054656507241697495,1.593821857304158,254.84584724801687,402.65939929453043,True,False,NOT_VERIFIED,4.888932537786455,208.54948689798286,True,False
S184,consumed_test,1,RigidD,ENG_PAIR_3_POS_X,14436,-0.13388993266690855,0.06502702690809939,1.5458077815392284,191.51009695817126,407.0913732801021,True,False,NOT_VERIFIED,2.5779190611789096,125.76592764570066,True,False
S184,consumed_test,2,Official,ENG_MID_UP,12866,-0.044755460230539515,-0.3015554117374943,1.5766308966022213,223.60155649222986,274.0674547368001,True,True,NOT_VERIFIED,,,False,False
S184,consumed_test,2,Official,ENG_MID_DOWN,14858,-0.0182353604139523,0.050334715917397646,1.5956500055733618,232.94801111202696,401.0928808960084,True,False,NOT_VERIFIED,,,False,False
S184,consumed_test,2,Official,ENG_PAIR_1_NEG_X,13030,0.060863170437901605,-0.2724973159484564,1.6279217225053761,259.8517127379532,287.67928123913947,True,True,NOT_VERIFIED,,,False,False
S184,consumed_test,2,Official,ENG_PAIR_1_POS_X,13013,-0.14955324428080943,-0.24063930518286053,1.5604725640362231,186.42667914411695,295.1935140060234,True,True,NOT_VERIFIED,,,False,False
S184,consumed_test,2,Official,ENG_PAIR_2_NEG_X,13846,0.05463342284080917,-0.13281061939982125,1.6687072313085336,257.29055707461697,337.7349181817724,True,True,NOT_VERIFIED,,,False,False
S184,consumed_test,2,Official,ENG_PAIR_2_POS_X,13694,-0.13579037573414593,-0.11256339003163147,1.6027196118833875,192.55168011440176,343.0689256635193,True,True,NOT_VERIFIED,,,False,False
S184,consumed_test,2,Official,ENG_PAIR_3_NEG_X,14459,0.06662510107458107,0.011540264181406041,1.6451064090471177,261.5667986335916,387.108178403351,True,False,NOT_VERIFIED,,,False,False
S184,consumed_test,2,Official,ENG_PAIR_3_POS_X,14436,-0.11722325112143715,0.02329609534445913,1.5836434084020756,198.4508662371253,391.49544161056906,True,False,NOT_VERIFIED,,,False,False
S184,consumed_test,2,Rigid,ENG_MID_UP,12866,-0.06934563435638855,-0.25955605299608214,1.5161755475433505,214.0391483259888,285.5119701232446,True,True,NOT_VERIFIED,,,True,False
S184,consumed_test,2,Rigid,ENG_MID_DOWN,14858,-0.04078108443873234,0.0913671173272741,1.5466501133240222,224.71452030119622,416.7874322804322,True,False,NOT_VERIFIED,,,True,False
S184,consumed_test,2,Rigid,ENG_PAIR_1_NEG_X,13030,0.04059908149311901,-0.232288939351907,1.5585911209483614,253.6027063690597,298.1418021574583,True,True,NOT_VERIFIED,,,True,False
S184,consumed_test,2,Rigid,ENG_PAIR_1_POS_X,13013,-0.1751200195060596,-0.1983142024945116,1.5122189727256274,175.42334335786893,308.34472361273254,True,True,NOT_VERIFIED,,,True,False
S184,consumed_test,2,Rigid,ENG_PAIR_2_NEG_X,13846,0.03832846973686668,-0.09434955626451921,1.6053052686110305,252.40539499338252,349.60184121955865,True,True,NOT_VERIFIED,,,True,False
S184,consumed_test,2,Rigid,ENG_PAIR_2_POS_X,13694,-0.15736170604277472,-0.0719833404451578,1.5580755452214539,183.5833537932722,356.7700145462832,True,True,NOT_VERIFIED,,,True,False
S184,consumed_test,2,Rigid,ENG_PAIR_3_NEG_X,14459,0.04824800499770758,0.0508552975034505,1.5864603751013877,256.00773392148005,401.3841278548912,True,False,NOT_VERIFIED,,,True,False
S184,consumed_test,2,Rigid,ENG_PAIR_3_POS_X,14436,-0.1404858426796038,0.06457387895302631,1.5427859903461734,189.06032296824344,406.97089516970806,True,False,NOT_VERIFIED,,,True,False
S184,consumed_test,2,RigidD,ENG_MID_UP,12866,-0.0676764713087685,-0.2601973800857699,1.5165957380819117,214.65270914503313,285.2979286909985,True,True,NOT_VERIFIED,2.4394299871726095,9.727687332831836,True,False
S184,consumed_test,2,RigidD,ENG_MID_DOWN,14858,-0.03979404482766609,0.08994052111499976,1.540248103234775,225.00730240221245,416.3993783392956,True,False,NOT_VERIFIED,2.8354075101120664,154.10433781370682,True,False
S184,consumed_test,2,RigidD,ENG_PAIR_1_NEG_X,13030,0.0401791691121609,-0.23242358876772296,1.5581142222100839,253.45856972894455,298.06652847034536,True,True,NOT_VERIFIED,2.0123494752767996,51.64957582518475,True,False
S184,consumed_test,2,RigidD,ENG_PAIR_1_POS_X,13013,-0.1663101259888829,-0.20665108948238597,1.529890350790916,179.334258151157,306.1016135790416,True,True,NOT_VERIFIED,10.9907164790916,34.21067374432692,True,False
S184,consumed_test,2,RigidD,ENG_PAIR_2_NEG_X,13846,0.04293960473183746,-0.09318214267847963,1.5976602346580269,254.0590331732217,349.85808163282394,True,True,NOT_VERIFIED,30.508786281823195,9.86809418537806,True,False
S184,consumed_test,2,RigidD,ENG_PAIR_2_POS_X,13694,-0.15432327407822477,-0.07322544083353835,1.5576730689329428,184.64402494285557,356.308603098247,True,True,NOT_VERIFIED,14.327123173346209,5.5843497865976035,True,False
S184,consumed_test,2,RigidD,ENG_PAIR_3_NEG_X,14459,0.041144719813751944,0.05386818642618792,1.5927055304725557,253.48401823093155,402.3909248169968,True,False,NOT_VERIFIED,3.724251381829478,117.69401880715337,True,False
S184,consumed_test,2,RigidD,ENG_PAIR_3_POS_X,14436,-0.13803977748990856,0.06561152729103444,1.546352740616993,190.04787910986704,407.29841338386717,True,False,NOT_VERIFIED,3.0169127168650562,76.56719162557548,True,False
S187,dev,0,Official,ENG_MID_UP,12866,-0.05299438813276855,-0.30043137762238514,1.7565540986590784,236.71576565884533,297.9089802051173,True,True,NOT_VERIFIED,,,False,False
S187,dev,0,Official,ENG_MID_DOWN,14858,-0.07002683615431618,0.014705973578404263,1.7873582793540344,231.5597209417759,401.50285377573255,True,True,NOT_VERIFIED,,,False,False
S187,dev,0,Official,ENG_PAIR_1_NEG_X,13030,0.05670007966380322,-0.2654080854611469,1.778620712715068,272.22554234181877,310.51462086074355,True,True,NOT_VERIFIED,,,False,False
S187,dev,0,Official,ENG_PAIR_1_POS_X,13013,-0.16517849785240807,-0.2782576087835737,1.7854542573842938,201.03675183889501,306.6857184832444,True,True,NOT_VERIFIED,,,False,False
S187,dev,0,Official,ENG_PAIR_2_NEG_X,13846,0.03431533723724764,-0.14472059501033485,1.8308970177363975,264.7077145793647,351.0696360314884,True,True,NOT_VERIFIED,,,False,False
S187,dev,0,Official,ENG_PAIR_2_POS_X,13694,-0.15118530031327299,-0.1545414076715838,1.8382734994632237,206.91439802850928,348.16560539530155,True,True,NOT_VERIFIED,,,False,False
S187,dev,0,Official,ENG_PAIR_3_NEG_X,14459,0.027716536024277857,-0.013017034927643903,1.8035912856198564,262.7762537762061,392.57731058456744,True,True,NOT_VERIFIED,,,False,False
S187,dev,0,Official,ENG_PAIR_3_POS_X,14436,-0.16053955597612404,-0.023411019292696008,1.8125056036668203,203.2916773006376,389.28385906826264,True,True,NOT_VERIFIED,,,False,False
S187,dev,0,Rigid,ENG_MID_UP,12866,-0.04637183276609624,-0.30698444681128295,1.526334109944765,236.59463157389297,280.5198020812372,True,True,NOT_VERIFIED,,,True,False
S187,dev,0,Rigid,ENG_MID_DOWN,14858,-0.05638286349858296,0.00868406353056246,1.554684115200098,233.22653436301792,399.97605178749217,True,True,NOT_VERIFIED,,,True,False
S187,dev,0,Rigid,ENG_PAIR_1_NEG_X,13030,0.06426104782594755,-0.27413418623135344,1.547014265326625,277.7539408137464,294.3447909429375,True,False,NOT_VERIFIED,,,True,False
S187,dev,0,Rigid,ENG_PAIR_1_POS_X,13013,-0.15775996078813592,-0.2821863789817383,1.5561654766602677,195.9639780264934,291.9567628341611,True,True,NOT_VERIFIED,,,True,False
S187,dev,0,Rigid,ENG_PAIR_2_NEG_X,13846,0.044980212422755836,-0.15257648819779096,1.5985053766608879,270.0853015538213,341.5888191304827,True,True,NOT_VERIFIED,,,True,False
S187,dev,0,Rigid,ENG_PAIR_2_POS_X,13694,-0.1406030210169394,-0.15837327453803896,1.607811724485694,203.9345605050008,339.8245745868457,True,True,NOT_VERIFIED,,,True,False
S187,dev,0,Rigid,ENG_PAIR_3_NEG_X,14459,0.0409082039890098,-0.020987642195041505,1.5701721933363166,268.8917291727696,389.0237655571218,True,True,NOT_VERIFIED,,,True,False
S187,dev,0,Rigid,ENG_PAIR_3_POS_X,14436,-0.14742631621299557,-0.027286140982758035,1.581048477894414,200.6175540602136,386.774734565013,True,True,NOT_VERIFIED,,,True,False
S187,dev,0,RigidD,ENG_MID_UP,12866,-0.04624777942569047,-0.3053188438965906,1.5205629661289595,236.57533103800804,280.71168162138304,True,True,NOT_VERIFIED,6.084328161759767,3.926740284899872,True,False
S187,dev,0,RigidD,ENG_MID_DOWN,14858,-0.056832988104959355,0.005158445698486261,1.5415933743928538,232.883186802418,398.6818305084315,True,True,NOT_VERIFIED,4.698187983745156,1.9035551315348678,True,False
S187,dev,0,RigidD,ENG_PAIR_1_NEG_X,13030,0.06197743381737272,-0.2741506009095429,1.5458446338938314,276.92650160666346,294.2611732150426,True,False,NOT_VERIFIED,1.9509612696858887,72.01854539314886,True,False
S187,dev,0,RigidD,ENG_PAIR_1_POS_X,13013,-0.15360839951562513,-0.2836969980275429,1.5580703476898994,197.55981573090048,291.52458878379537,True,True,NOT_VERIFIED,4.883384330614401,48.68449453046416,True,False
S187,dev,0,RigidD,ENG_PAIR_2_NEG_X,13846,0.04583301139685884,-0.15085143414745936,1.5913194469758785,270.4647171802437,341.9661919047687,True,True,NOT_VERIFIED,1.5335934755727654,20.87260588701476,True,False
S187,dev,0,RigidD,ENG_PAIR_2_POS_X,13694,-0.13905956816227202,-0.15702857808386844,1.602979581910727,204.3347362968728,340.137756331829,True,True,NOT_VERIFIED,1.129767815302827,86.48788887075192,True,False
S187,dev,0,RigidD,ENG_PAIR_3_NEG_X,14459,0.038008603930014026,-0.02090480894293189,1.5691877211256204,267.84357955070044,389.0494247585575,True,True,NOT_VERIFIED,1.7924800632108921,42.851597962717825,True,False
S187,dev,0,RigidD,ENG_PAIR_3_POS_X,14436,-0.14522111798421763,-0.0273533811710631,1.5792389594880853,201.355540746035,386.738701745787,True,True,NOT_VERIFIED,27.490013440090525,9.801159518759075,True,False
S187,dev,1,Official,ENG_MID_UP,12866,-0.05299438813276855,-0.30043137762238514,1.7565540986590784,236.71576565884533,297.9089802051173,True,True,NOT_VERIFIED,,,False,False
S187,dev,1,Official,ENG_MID_DOWN,14858,-0.07002683615431618,0.014705973578404263,1.7873582793540344,231.5597209417759,401.50285377573255,True,True,NOT_VERIFIED,,,False,False
S187,dev,1,Official,ENG_PAIR_1_NEG_X,13030,0.05670007966380322,-0.2654080854611469,1.778620712715068,272.22554234181877,310.51462086074355,True,True,NOT_VERIFIED,,,False,False
S187,dev,1,Official,ENG_PAIR_1_POS_X,13013,-0.16517849785240807,-0.2782576087835737,1.7854542573842938,201.03675183889501,306.6857184832444,True,True,NOT_VERIFIED,,,False,False
S187,dev,1,Official,ENG_PAIR_2_NEG_X,13846,0.03431533723724764,-0.14472059501033485,1.8308970177363975,264.7077145793647,351.0696360314884,True,True,NOT_VERIFIED,,,False,False
S187,dev,1,Official,ENG_PAIR_2_POS_X,13694,-0.15118530031327299,-0.1545414076715838,1.8382734994632237,206.91439802850928,348.16560539530155,True,True,NOT_VERIFIED,,,False,False
S187,dev,1,Official,ENG_PAIR_3_NEG_X,14459,0.027716536024277857,-0.013017034927643903,1.8035912856198564,262.7762537762061,392.57731058456744,True,True,NOT_VERIFIED,,,False,False
S187,dev,1,Official,ENG_PAIR_3_POS_X,14436,-0.16053955597612404,-0.023411019292696008,1.8125056036668203,203.2916773006376,389.28385906826264,True,True,NOT_VERIFIED,,,False,False
S187,dev,1,Rigid,ENG_MID_UP,12866,-0.05222672196745281,-0.30194212700092204,1.5254952321636315,234.3885936672791,282.36602523463216,True,True,NOT_VERIFIED,,,True,False
S187,dev,1,Rigid,ENG_MID_DOWN,14858,-0.05976035759548802,0.013779529060678601,1.5540194706931407,231.97383931101697,401.87227241379446,True,True,NOT_VERIFIED,,,True,False
S187,dev,1,Rigid,ENG_PAIR_1_NEG_X,13030,0.058632146066604746,-0.2699891165161269,1.5463700786072954,275.68065327793903,295.8511750361608,True,False,NOT_VERIFIED,,,True,False
S187,dev,1,Rigid,ENG_PAIR_1_POS_X,13013,-0.1634603438555836,-0.27627240491755356,1.5551653585917204,193.8289533692131,294.0869687712223,True,True,NOT_VERIFIED,,,True,False
S187,dev,1,Rigid,ENG_PAIR_2_NEG_X,13846,0.04024146759674368,-0.14831161597204176,1.5979038337418043,268.39417000802797,343.1104664798253,True,True,NOT_VERIFIED,,,True,False
S187,dev,1,Rigid,ENG_PAIR_2_POS_X,13694,-0.1453966824723638,-0.15263081496274988,1.6069132252107874,202.19934029801206,341.85789156558,True,True,NOT_VERIFIED,,,True,False
S187,dev,1,Rigid,ENG_PAIR_3_NEG_X,14459,0.03726585679736101,-0.016677752145761216,1.5696434983429026,267.5687481593185,390.6079203936516,True,True,NOT_VERIFIED,,,True,False
S187,dev,1,Rigid,ENG_PAIR_3_POS_X,14436,-0.1511299871077279,-0.021477589133829054,1.5802181717026103,199.24818928378426,388.8936969113886,True,True,NOT_VERIFIED,,,True,False
S187,dev,1,RigidD,ENG_MID_UP,12866,-0.05195200246571439,-0.3003924343856304,1.5192156396598757,234.41109487499583,282.4827163217989,True,True,NOT_VERIFIED,2.2478921810629453,8.64476801843211,True,False
S187,dev,1,RigidD,ENG_MID_DOWN,14858,-0.060147573305786975,0.009662141490064275,1.5394488844530965,231.6215919937548,400.3751555853909,True,True,NOT_VERIFIED,2.5580440640382656,2.3558904469246964,True,False
S187,dev,1,RigidD,ENG_PAIR_1_NEG_X,13030,0.05741915051236589,-0.2694933619528175,1.5445193752168722,275.2572005935651,295.9157655407812,True,True,NOT_VERIFIED,1.0987434360743826,120.85990518501441,True,False
S187,dev,1,RigidD,ENG_PAIR_1_POS_X,13013,-0.1601814425746413,-0.27746576159398445,1.557311683938134,195.116814291905,293.7856259930224,True,True,NOT_VERIFIED,11.919190163468015,25.343790991564987,True,False
S187,dev,1,RigidD,ENG_PAIR_2_NEG_X,13846,0.042065616481386306,-0.1466501294889738,1.5901537631560727,269.1209217646952,343.4528615689715,True,True,NOT_VERIFIED,2.0027525797214567,106.18278606938924,True,False
S187,dev,1,RigidD,ENG_PAIR_2_POS_X,13694,-0.14191941825947152,-0.15190363105706536,1.6061243940707917,203.41292507347734,342.09257647727316,True,True,NOT_VERIFIED,3.225538840038961,28.376508221594154,True,False
S187,dev,1,RigidD,ENG_PAIR_3_NEG_X,14459,0.035686060472891495,-0.01717030313424691,1.5668466876374079,267.01597782333585,390.4152957977359,True,True,NOT_VERIFIED,0.941740421672467,81.2962529306625,True,False
S187,dev,1,RigidD,ENG_PAIR_3_POS_X,14436,-0.144821194836626,-0.019309798359083266,1.5845326458455813,201.67579868584082,389.70569164484954,True,True,NOT_VERIFIED,1.8469193167247897,46.59937629036959,True,False
S187,dev,2,Official,ENG_MID_UP,12866,-0.05299438813276855,-0.30043137762238514,1.7565540986590784,236.71576565884533,297.9089802051173,True,True,NOT_VERIFIED,,,False,False
S187,dev,2,Official,ENG_MID_DOWN,14858,-0.07002683615431618,0.014705973578404263,1.7873582793540344,231.5597209417759,401.50285377573255,True,True,NOT_VERIFIED,,,False,False
S187,dev,2,Official,ENG_PAIR_1_NEG_X,13030,0.05670007966380322,-0.2654080854611469,1.778620712715068,272.22554234181877,310.51462086074355,True,True,NOT_VERIFIED,,,False,False
S187,dev,2,Official,ENG_PAIR_1_POS_X,13013,-0.16517849785240807,-0.2782576087835737,1.7854542573842938,201.03675183889501,306.6857184832444,True,True,NOT_VERIFIED,,,False,False
S187,dev,2,Official,ENG_PAIR_2_NEG_X,13846,0.03431533723724764,-0.14472059501033485,1.8308970177363975,264.7077145793647,351.0696360314884,True,True,NOT_VERIFIED,,,False,False
S187,dev,2,Official,ENG_PAIR_2_POS_X,13694,-0.15118530031327299,-0.1545414076715838,1.8382734994632237,206.91439802850928,348.16560539530155,True,True,NOT_VERIFIED,,,False,False
S187,dev,2,Official,ENG_PAIR_3_NEG_X,14459,0.027716536024277857,-0.013017034927643903,1.8035912856198564,262.7762537762061,392.57731058456744,True,True,NOT_VERIFIED,,,False,False
S187,dev,2,Official,ENG_PAIR_3_POS_X,14436,-0.16053955597612404,-0.023411019292696008,1.8125056036668203,203.2916773006376,389.28385906826264,True,True,NOT_VERIFIED,,,False,False
S187,dev,2,Rigid,ENG_MID_UP,12866,-0.03992385269455037,-0.308370184729092,1.528079723998572,239.0293786971744,280.12851735469616,True,True,NOT_VERIFIED,,,True,False
S187,dev,2,Rigid,ENG_MID_DOWN,14858,-0.0558982894400285,0.007198917287874616,1.5547538908761709,233.40583396941818,399.4238895897964,True,True,NOT_VERIFIED,,,True,False
S187,dev,2,Rigid,ENG_PAIR_1_NEG_X,13030,0.0701301914061935,-0.27328904468918314,1.54817608450122,279.90566846356035,294.73710610002877,True,False,NOT_VERIFIED,,,True,False
S187,dev,2,Rigid,ENG_PAIR_1_POS_X,13013,-0.151661116793819,-0.285551557153596,1.5581839383153235,198.27913141431227,290.84445169861476,True,True,NOT_VERIFIED,,,True,False
S187,dev,2,Rigid,ENG_PAIR_2_NEG_X,13846,0.048700264825366636,-0.15184290863495864,1.5990774930842875,271.41090863473363,341.87366198301527,True,True,NOT_VERIFIED,,,True,False
S187,dev,2,Rigid,ENG_PAIR_2_POS_X,13694,-0.13670301758720937,-0.16115010806335228,1.6090947923753072,205.3615492586706,338.87269316468064,True,True,NOT_VERIFIED,,,True,False
S187,dev,2,Rigid,ENG_PAIR_3_NEG_X,14459,0.04199949799480314,-0.02051408691667302,1.5700462128456765,269.29071029935255,389.1974481654292,True,True,NOT_VERIFIED,,,True,False
S187,dev,2,Rigid,ENG_PAIR_3_POS_X,14436,-0.1461393188957,-0.030367093066016645,1.581646212903861,201.10340082276005,385.6528086832379,True,True,NOT_VERIFIED,,,True,False
S187,dev,2,RigidD,ENG_MID_UP,12866,-0.040679648124209586,-0.306234063322629,1.5180433399222526,238.64559331667817,280.1706795889172,True,True,NOT_VERIFIED,1.4219945223630457,9.280902220244345,True,False
S187,dev,2,RigidD,ENG_MID_DOWN,14858,-0.056332676833974936,0.0035416291845878777,1.5413802337573086,233.06602808660801,398.07592558964467,True,True,NOT_VERIFIED,1.7178684561225745,59.040996658370645,True,False
S187,dev,2,RigidD,ENG_PAIR_1_NEG_X,13030,0.06556897072195914,-0.274548502801171,1.5482468537932743,278.2184753803232,294.2716706678371,True,False,NOT_VERIFIED,1.7384379542390316,72.07383081115113,True,False
S187,dev,2,RigidD,ENG_PAIR_1_POS_X,13013,-0.14812281312772715,-0.2862109370984318,1.5575275168112386,199.55575974274726,290.5551685378552,True,True,NOT_VERIFIED,2.247416849598901,61.31244721749015,True,False
S187,dev,2,RigidD,ENG_PAIR_2_NEG_X,13846,0.04815668161134698,-0.15023467775758337,1.5928760050854658,271.2834653434081,342.2434818857484,True,True,NOT_VERIFIED,2.1184419249445634,33.0173033931599,True,False
S187,dev,2,RigidD,ENG_PAIR_2_POS_X,13694,-0.13759101650827918,-0.1593624387565984,1.6016639516110702,204.81868650801374,339.24918483823774,True,True,NOT_VERIFIED,21.44109869914772,2.8790154600167415,True,False
S187,dev,2,RigidD,ENG_PAIR_3_NEG_X,14459,0.03917177215424365,-0.020316354658521895,1.5693434311115215,268.26637745436904,389.26687912463245,True,True,NOT_VERIFIED,22.93646926560299,3.289884054721912,True,False
S187,dev,2,RigidD,ENG_PAIR_3_POS_X,14436,-0.14029471982332944,-0.02783339583418071,1.5858202020538235,203.35178860382905,386.6053188306104,True,True,NOT_VERIFIED,3.698865135623995,37.34313709646052,True,False
S188,consumed_test,0,Official,ENG_MID_UP,12866,-0.04018952391443307,-0.2994438310903561,1.4579295902848581,218.3210644209982,279.8807493830034,True,True,NOT_VERIFIED,,,False,False
S188,consumed_test,0,Official,ENG_MID_DOWN,14858,-0.011713815664674953,0.03734896081684662,1.4645814722956343,229.01325329377474,413.66608241747485,True,False,NOT_VERIFIED,,,False,False
S188,consumed_test,0,Official,ENG_PAIR_1_NEG_X,13030,0.07618701550670255,-0.27686641195438033,1.484775704546281,261.42089173391815,290.8433252724437,True,True,NOT_VERIFIED,,,False,False
S188,consumed_test,0,Official,ENG_PAIR_1_POS_X,13013,-0.15201057409950539,-0.2533734132064701,1.4767352688044277,177.1377928780829,299.47304430833987,True,True,NOT_VERIFIED,,,False,False
S188,consumed_test,0,Official,ENG_PAIR_2_NEG_X,13846,0.07356445957850988,-0.14445881352175644,1.5245223144155386,259.74995446573,343.98484317187797,True,True,NOT_VERIFIED,,,False,False
S188,consumed_test,0,Official,ENG_PAIR_2_POS_X,13694,-0.12356317723786825,-0.12610945442699595,1.5180720705063862,188.90860104697003,350.75528659966255,True,True,NOT_VERIFIED,,,False,False
S188,consumed_test,0,Official,ENG_PAIR_3_NEG_X,14459,0.08429882804490679,-0.0053798081760285926,1.4858477564220938,264.3837196843038,396.7918282016273,True,False,NOT_VERIFIED,,,False,False
S188,consumed_test,0,Official,ENG_PAIR_3_POS_X,14436,-0.11154702918883647,0.006991981286291871,1.4819699830760003,192.25556360171566,401.62354012884737,True,False,NOT_VERIFIED,,,False,False
S188,consumed_test,0,Rigid,ENG_MID_UP,12866,-0.05220249088482152,-0.3245958168375915,1.50170312587279,214.389088360231,273.6449147464614,True,True,NOT_VERIFIED,,,True,False
S188,consumed_test,0,Rigid,ENG_MID_DOWN,14858,-0.02411967294989189,0.011441106691831576,1.5256831078780642,224.74523265164558,403.2349203813602,True,False,NOT_VERIFIED,,,True,False
S188,consumed_test,0,Rigid,ENG_PAIR_1_NEG_X,13030,0.06355446878969981,-0.3034197102534516,1.532130932732083,256.04911972533966,284.14075410692294,True,True,NOT_VERIFIED,,,True,False
S188,consumed_test,0,Rigid,ENG_PAIR_1_POS_X,13013,-0.1644348108905595,-0.2794777802111405,1.520367351819065,174.28677069944612,292.3774581623968,True,True,NOT_VERIFIED,,,True,False
S188,consumed_test,0,Rigid,ENG_PAIR_2_NEG_X,13846,0.05998340898217178,-0.1731487345016878,1.5783387602824541,254.14928020246325,335.3244614467212,True,True,NOT_VERIFIED,,,True,False
S188,consumed_test,0,Rigid,ENG_PAIR_2_POS_X,13694,-0.13697351156259907,-0.1544337751611291,1.5685749716280446,185.66908745674797,341.84207965411406,True,True,NOT_VERIFIED,,,True,False
S188,consumed_test,0,Rigid,ENG_PAIR_3_NEG_X,14459,0.07144510829963482,-0.032324224486426155,1.5468585338214642,258.62059417311144,386.78159856207066,True,False,NOT_VERIFIED,,,True,False
S188,consumed_test,0,Rigid,ENG_PAIR_3_POS_X,14436,-0.1242812389102301,-0.019707665876408945,1.539394114690224,189.26974287346272,391.4717772914078,True,True,NOT_VERIFIED,,,True,False
S188,consumed_test,0,RigidD,ENG_MID_UP,12866,-0.05378327213880917,-0.3287458847354888,1.5149066038218881,213.9844683620813,273.149170239767,True,True,NOT_VERIFIED,8.685459937827332,3.8428209439103664,True,False
S188,consumed_test,0,RigidD,ENG_MID_DOWN,14858,-0.02405606637669351,0.015385250448635436,1.540839767227171,224.85275974114433,404.675367182081,True,False,NOT_VERIFIED,1.7920188635082286,166.94483411678848,True,False
S188,consumed_test,0,RigidD,ENG_PAIR_1_NEG_X,13030,0.05514243517166805,-0.30851704252547496,1.5452488638767696,252.8821613449917,283.203508229533,True,True,NOT_VERIFIED,9.527257031848618,18.881192900708413,True,False
S188,consumed_test,0,RigidD,ENG_PAIR_1_POS_X,13013,-0.16016684929911595,-0.28515805276391165,1.5306610158970981,176.2077544562526,290.943490098412,True,True,NOT_VERIFIED,8.316246534822087,41.44020898518956,True,False
S188,consumed_test,0,RigidD,ENG_PAIR_2_NEG_X,13846,0.057394665546685125,-0.173794472774986,1.581772163889044,253.20994733058723,335.2258917260192,True,True,NOT_VERIFIED,1.8177427444303014,4.4465040884046685,True,False
S188,consumed_test,0,RigidD,ENG_PAIR_2_POS_X,13694,-0.13759987531685783,-0.15443477443295964,1.5677179611176557,185.42469232904418,341.81052456571587,True,True,NOT_VERIFIED,1.0049941218130756,94.44377556014005,True,False
S188,consumed_test,0,RigidD,ENG_PAIR_3_NEG_X,14459,0.06672258361616162,-0.028049760683215873,1.5598973464300734,256.75541182904715,388.4705745982406,True,False,NOT_VERIFIED,11.531253155830088,95.26697724888272,True,False
S188,consumed_test,0,RigidD,ENG_PAIR_3_POS_X,14436,-0.11640113739611636,-0.015017220211035508,1.5580093401147597,192.56044635091365,393.3048042267973,True,True,NOT_VERIFIED,12.380344377450832,204.89248112401432,True,False
S188,consumed_test,1,Official,ENG_MID_UP,12866,-0.04018952391443307,-0.2994438310903561,1.4579295902848581,218.3210644209982,279.8807493830034,True,True,NOT_VERIFIED,,,False,False
S188,consumed_test,1,Official,ENG_MID_DOWN,14858,-0.011713815664674953,0.03734896081684662,1.4645814722956343,229.01325329377474,413.66608241747485,True,False,NOT_VERIFIED,,,False,False
S188,consumed_test,1,Official,ENG_PAIR_1_NEG_X,13030,0.07618701550670255,-0.27686641195438033,1.484775704546281,261.42089173391815,290.8433252724437,True,True,NOT_VERIFIED,,,False,False
S188,consumed_test,1,Official,ENG_PAIR_1_POS_X,13013,-0.15201057409950539,-0.2533734132064701,1.4767352688044277,177.1377928780829,299.47304430833987,True,True,NOT_VERIFIED,,,False,False
S188,consumed_test,1,Official,ENG_PAIR_2_NEG_X,13846,0.07356445957850988,-0.14445881352175644,1.5245223144155386,259.74995446573,343.98484317187797,True,True,NOT_VERIFIED,,,False,False
S188,consumed_test,1,Official,ENG_PAIR_2_POS_X,13694,-0.12356317723786825,-0.12610945442699595,1.5180720705063862,188.90860104697003,350.75528659966255,True,True,NOT_VERIFIED,,,False,False
S188,consumed_test,1,Official,ENG_PAIR_3_NEG_X,14459,0.08429882804490679,-0.0053798081760285926,1.4858477564220938,264.3837196843038,396.7918282016273,True,False,NOT_VERIFIED,,,False,False
S188,consumed_test,1,Official,ENG_PAIR_3_POS_X,14436,-0.11154702918883647,0.006991981286291871,1.4819699830760003,192.25556360171566,401.62354012884737,True,False,NOT_VERIFIED,,,False,False
S188,consumed_test,1,Rigid,ENG_MID_UP,12866,-0.05034401443418975,-0.33002824129963243,1.5031830675425075,215.08334788872145,271.6741932073518,True,True,NOT_VERIFIED,,,True,False
S188,consumed_test,1,Rigid,ENG_MID_DOWN,14858,-0.022083167375636245,0.006039072638669311,1.5265193740430432,225.4789208208064,401.1820575311448,True,False,NOT_VERIFIED,,,True,False
S188,consumed_test,1,Rigid,ENG_PAIR_1_NEG_X,13030,0.06512797061923768,-0.3089097073922645,1.5347137006925475,256.5711947717118,282.2611204086369,True,True,NOT_VERIFIED,,,True,False
S188,consumed_test,1,Rigid,ENG_PAIR_1_POS_X,13013,-0.1627015742042347,-0.284721580457869,1.5205948296290952,174.91843115539947,290.3952163893868,True,True,NOT_VERIFIED,,,True,False
S188,consumed_test,1,Rigid,ENG_PAIR_2_NEG_X,13846,0.061256031287493316,-0.1785072651297851,1.5805247698372693,254.56052225307295,333.44790772206693,True,True,NOT_VERIFIED,,,True,False
S188,consumed_test,1,Rigid,ENG_PAIR_2_POS_X,13694,-0.13556936039906828,-0.1595785090086499,1.568731670091059,186.1629372784771,339.9475080745403,True,True,NOT_VERIFIED,,,True,False
S188,consumed_test,1,Rigid,ENG_PAIR_3_NEG_X,14459,0.07320936091340328,-0.037784409819982566,1.5487739630029793,259.211812723137,384.753798803358,True,True,NOT_VERIFIED,,,True,False
S188,consumed_test,1,Rigid,ENG_PAIR_3_POS_X,14436,-0.12241623564231037,-0.024949177234687717,1.539309245735892,189.92933159663488,389.49834726523676,True,True,NOT_VERIFIED,,,True,False
S188,consumed_test,1,RigidD,ENG_MID_UP,12866,-0.05199036118117821,-0.33340620915753466,1.512231907908637,214.59798311073035,271.1411117082642,True,True,NOT_VERIFIED,2.0340097486450497,88.69268847137351,True,False
S188,consumed_test,1,RigidD,ENG_MID_DOWN,14858,-0.022183602332357426,0.010387385639081852,1.5427843257802154,225.526684143937,402.79100540642435,True,False,NOT_VERIFIED,1.0691798221791278,135.7923338495928,True,False
S188,consumed_test,1,RigidD,ENG_PAIR_1_NEG_X,13030,0.05551414025465836,-0.3140946889287097,1.5473150425674653,252.98738573796587,281.26930108801395,True,True,NOT_VERIFIED,9.410277300587682,48.41718547287714,True,False
S188,consumed_test,1,RigidD,ENG_PAIR_1_POS_X,13013,-0.1597104688867787,-0.2892861793562981,1.5287642988680408,176.2999362897223,289.244925829668,True,True,NOT_VERIFIED,9.44787613090274,28.957847521688034,True,False
S188,consumed_test,1,RigidD,ENG_PAIR_2_NEG_X,13846,0.059908374305566024,-0.17954735120834128,1.5825507066660296,254.06810484390155,333.15087072103853,True,True,NOT_VERIFIED,1.9285868404720714,4.896978575345169,True,False
S188,consumed_test,1,RigidD,ENG_PAIR_2_POS_X,13694,-0.13648180097618717,-0.15921615309453713,1.566884448173652,185.78907900934934,340.01201856858654,True,True,NOT_VERIFIED,2.0238277742389057,137.5796519483355,True,False
S188,consumed_test,1,RigidD,ENG_PAIR_3_NEG_X,14459,0.0688767695440319,-0.03374703891569358,1.560751330890066,257.49679046288014,386.3611567278646,True,False,NOT_VERIFIED,16.635084967540312,90.3407064931832,True,False
S188,consumed_test,1,RigidD,ENG_PAIR_3_POS_X,14436,-0.1149684617092031,-0.02031290858398775,1.5576722166985086,193.05417329928457,391.33368083408556,True,True,NOT_VERIFIED,17.4276350735396,155.86140251633236,True,False
S188,consumed_test,2,Official,ENG_MID_UP,12866,-0.04018952391443307,-0.2994438310903561,1.4579295902848581,218.3210644209982,279.8807493830034,True,True,NOT_VERIFIED,,,False,False
S188,consumed_test,2,Official,ENG_MID_DOWN,14858,-0.011713815664674953,0.03734896081684662,1.4645814722956343,229.01325329377474,413.66608241747485,True,False,NOT_VERIFIED,,,False,False
S188,consumed_test,2,Official,ENG_PAIR_1_NEG_X,13030,0.07618701550670255,-0.27686641195438033,1.484775704546281,261.42089173391815,290.8433252724437,True,True,NOT_VERIFIED,,,False,False
S188,consumed_test,2,Official,ENG_PAIR_1_POS_X,13013,-0.15201057409950539,-0.2533734132064701,1.4767352688044277,177.1377928780829,299.47304430833987,True,True,NOT_VERIFIED,,,False,False
S188,consumed_test,2,Official,ENG_PAIR_2_NEG_X,13846,0.07356445957850988,-0.14445881352175644,1.5245223144155386,259.74995446573,343.98484317187797,True,True,NOT_VERIFIED,,,False,False
S188,consumed_test,2,Official,ENG_PAIR_2_POS_X,13694,-0.12356317723786825,-0.12610945442699595,1.5180720705063862,188.90860104697003,350.75528659966255,True,True,NOT_VERIFIED,,,False,False
S188,consumed_test,2,Official,ENG_PAIR_3_NEG_X,14459,0.08429882804490679,-0.0053798081760285926,1.4858477564220938,264.3837196843038,396.7918282016273,True,False,NOT_VERIFIED,,,False,False
S188,consumed_test,2,Official,ENG_PAIR_3_POS_X,14436,-0.11154702918883647,0.006991981286291871,1.4819699830760003,192.25556360171566,401.62354012884737,True,False,NOT_VERIFIED,,,False,False
S188,consumed_test,2,Rigid,ENG_MID_UP,12866,-0.05858625563728328,-0.32557011052550466,1.5016545065659803,212.065603737066,273.26491760400455,True,True,NOT_VERIFIED,,,True,False
S188,consumed_test,2,Rigid,ENG_MID_DOWN,14858,-0.02702511491173383,0.010151813474649498,1.5257207135167192,223.70491426404212,402.74517234799515,True,False,NOT_VERIFIED,,,True,False
S188,consumed_test,2,Rigid,ENG_PAIR_1_NEG_X,13030,0.05742583754392681,-0.3055937334925247,1.5319215055874968,253.86624445606267,283.3027698570489,True,True,NOT_VERIFIED,,,True,False
S188,consumed_test,2,Rigid,ENG_PAIR_1_POS_X,13013,-0.17032288048125488,-0.279311280264529,1.520499439689596,172.17595813731506,292.4501606342346,True,True,NOT_VERIFIED,,,True,False
S188,consumed_test,2,Rigid,ENG_PAIR_2_NEG_X,13846,0.05525766534447443,-0.17531118627280856,1.5781837994956722,252.51514112511873,334.5242759369085,True,True,NOT_VERIFIED,,,True,False
S188,consumed_test,2,Rigid,ENG_PAIR_2_POS_X,13694,-0.14151103451622082,-0.1545743332065578,1.5687142956794076,184.09283074714892,341.7952288992105,True,True,NOT_VERIFIED,,,True,False
S188,consumed_test,2,Rigid,ENG_PAIR_3_NEG_X,14459,0.06811666613830589,-0.03459919622064645,1.5467402026202801,257.44670277974564,385.9284365990608,True,False,NOT_VERIFIED,,,True,False
S188,consumed_test,2,Rigid,ENG_PAIR_3_POS_X,14436,-0.12748070177476584,-0.01997394248902851,1.539565962938777,188.1391417464925,391.37238959205246,True,True,NOT_VERIFIED,,,True,False
S188,consumed_test,2,RigidD,ENG_MID_UP,12866,-0.05979443168303143,-0.32919459330081324,1.5118805696267459,211.77314634310025,272.72553187540836,True,True,NOT_VERIFIED,1.1871575274429016,62.71188625412844,True,False
S188,consumed_test,2,RigidD,ENG_MID_DOWN,14858,-0.026847119169813013,0.014080633024969955,1.5407303030895447,223.8623263922418,404.18514426206116,True,False,NOT_VERIFIED,0.7731613764484258,85.94298472978532,True,False
S188,consumed_test,2,RigidD,ENG_PAIR_1_NEG_X,13030,0.05034841317574055,-0.31000181595536846,1.5432860951699259,251.2096093726855,282.4989157254795,True,True,NOT_VERIFIED,8.144128547785025,14.912157140971047,True,False
S188,consumed_test,2,RigidD,ENG_PAIR_1_POS_X,13013,-0.16605846116457906,-0.2838048800635755,1.528337335664673,174.0144632207267,291.2923897572978,True,True,NOT_VERIFIED,23.442961922252113,12.105648121035786,True,False
S188,consumed_test,2,RigidD,ENG_PAIR_2_NEG_X,13846,0.055104643234959484,-0.17628860375705374,1.5796610701417562,252.44431875338387,334.2259462013669,True,True,NOT_VERIFIED,6.141401474528982,4.115045587228215,True,False
S188,consumed_test,2,RigidD,ENG_PAIR_2_POS_X,13694,-0.1405237524377147,-0.15471908746220803,1.5694102035037647,184.45842141931644,341.76710213118685,True,True,NOT_VERIFIED,0.5529603497099791,35.90840972835796,True,False
S188,consumed_test,2,RigidD,ENG_PAIR_3_NEG_X,14459,0.06407326342037248,-0.03045677304197841,1.559233260811633,255.83695277641613,387.57166183090857,True,False,NOT_VERIFIED,14.386730831450755,40.17934382252029,True,False
S188,consumed_test,2,RigidD,ENG_PAIR_3_POS_X,14436,-0.12021964117052791,-0.01529549662309635,1.5578187736233824,191.2161019055957,393.200616214977,True,True,NOT_VERIFIED,13.226283224252878,48.15828067603409,True,False
S196,consumed_test,0,Official,ENG_MID_UP,12866,-0.08320537303692038,-0.23316204396963902,1.7328007313947669,223.6365415569626,277.2101290037676,True,True,NOT_VERIFIED,,,False,False
S196,consumed_test,0,Official,ENG_MID_DOWN,14858,-0.10878219455602606,0.11421063546342375,1.6789777577455314,214.4308095416219,390.99801613104324,True,False,NOT_VERIFIED,,,False,False
S196,consumed_test,0,Official,ENG_PAIR_1_NEG_X,13030,0.007438524757972751,-0.1668273050950604,1.7219350025010813,252.3619084057041,298.37134274837047,True,True,NOT_VERIFIED,,,False,False
S196,consumed_test,0,Official,ENG_PAIR_1_POS_X,13013,-0.18352492606370488,-0.19141782407584768,1.733074113316467,191.8705497133602,290.7513340514599,True,True,NOT_VERIFIED,,,False,False
S196,consumed_test,0,Official,ENG_PAIR_2_NEG_X,13846,-0.009454537257182866,-0.04086551619947734,1.743621645137594,247.01492637505442,339.62538777690855,True,True,NOT_VERIFIED,,,False,False
S196,consumed_test,0,Official,ENG_PAIR_2_POS_X,13694,-0.18636025249548968,-0.056027869616222234,1.755606149478104,191.73009264486535,334.86421079490486,True,True,NOT_VERIFIED,,,False,False
S196,consumed_test,0,Official,ENG_PAIR_3_NEG_X,14459,-0.014769103859647102,0.08762745008379746,1.6981158131945515,245.21745898005236,381.77443901161166,True,False,NOT_VERIFIED,,,False,False
S196,consumed_test,0,Official,ENG_PAIR_3_POS_X,14436,-0.19821370349218115,0.07514370464975643,1.7038716130695786,186.14292114263827,377.5612068361325,True,False,NOT_VERIFIED,,,False,False
S196,consumed_test,0,Rigid,ENG_MID_UP,12866,-0.08439801552278305,-0.25025630919995684,1.5943382002165878,220.93719086064607,264.6239660059301,True,True,NOT_VERIFIED,,,True,False
S196,consumed_test,0,Rigid,ENG_MID_DOWN,14858,-0.10624244662697582,0.09791116870804903,1.5441277146096524,212.22804013040354,388.40571808854514,True,False,NOT_VERIFIED,,,True,False
S196,consumed_test,0,Rigid,ENG_PAIR_1_NEG_X,13030,0.006655730189384606,-0.1836227678113288,1.592372390664636,252.28501145978657,288.01923426559586,True,True,NOT_VERIFIED,,,True,False
S196,consumed_test,0,Rigid,ENG_PAIR_1_POS_X,13013,-0.18448831206692998,-0.20866648266132976,1.5866644646268118,186.17423460483167,278.9206042228743,True,True,NOT_VERIFIED,,,True,False
S196,consumed_test,0,Rigid,ENG_PAIR_2_NEG_X,13846,-0.012394537037123704,-0.05805603075354232,1.6145566224098753,245.77761396541905,332.59263625154796,True,True,NOT_VERIFIED,,,True,False
S196,consumed_test,0,Rigid,ENG_PAIR_2_POS_X,13694,-0.1896321813466173,-0.07366641345658866,1.6110508014097755,185.38783005422,327.1061670849029,True,True,NOT_VERIFIED,,,True,False
S196,consumed_test,0,Rigid,ENG_PAIR_3_NEG_X,14459,-0.014145434957609318,0.07115454400526797,1.5708412993498182,245.04860202992583,378.23262217884707,True,False,NOT_VERIFIED,,,True,False
S196,consumed_test,0,Rigid,ENG_PAIR_3_POS_X,14436,-0.19737041297152283,0.05831463250771689,1.5606120094849254,180.57843188305384,373.77810773033264,True,False,NOT_VERIFIED,,,True,False
S196,consumed_test,0,RigidD,ENG_MID_UP,12866,-0.08366311321013684,-0.25155502259457047,1.5913231698163022,221.1356109290611,263.9985148036262,True,True,NOT_VERIFIED,2.2188900981548594,14.409774008909142,True,False
S196,consumed_test,0,RigidD,ENG_MID_DOWN,14858,-0.1060872734660423,0.09763631791266247,1.5422079181141624,212.23625503604458,388.3499505378527,True,False,NOT_VERIFIED,17.16948695128542,54.55054307978308,True,False
S196,consumed_test,0,RigidD,ENG_PAIR_1_NEG_X,13030,0.0039088723575320585,-0.1853882016016274,1.59506552037268,251.33597137158318,287.50691143337446,True,True,NOT_VERIFIED,5.607791176440638,2.3246277137823084,True,False
S196,consumed_test,0,RigidD,ENG_PAIR_1_POS_X,13013,-0.17944911601008456,-0.20999890071074367,1.5970772537393783,188.3220672487383,278.93361551659785,True,True,NOT_VERIFIED,3.07592333143852,3.5865227340724224,True,False
S196,consumed_test,0,RigidD,ENG_PAIR_2_NEG_X,13846,-0.014051710498067648,-0.05726493908690576,1.6134296889056987,245.21094420550727,332.85393446852896,True,True,NOT_VERIFIED,0.8974606103890602,4.736854464685574,True,False
S196,consumed_test,0,RigidD,ENG_PAIR_2_POS_X,13694,-0.1879338555261256,-0.07319782560855163,1.6089833716719015,185.88414191008772,327.23674729718186,True,True,NOT_VERIFIED,2.266125358379113,12.156479791602953,True,False
S196,consumed_test,0,RigidD,ENG_PAIR_3_NEG_X,14459,-0.021103175700912163,0.0748130361389595,1.5789317071485625,242.6553731029296,379.4037241290153,True,False,NOT_VERIFIED,2.8712866964522514,49.25533457634964,True,False
S196,consumed_test,0,RigidD,ENG_PAIR_3_POS_X,14436,-0.19193464609821673,0.06258872304916488,1.5682876140962103,182.82048498770504,375.206168132544,True,False,NOT_VERIFIED,2.2606274076728456,70.48127160928205,True,False
S196,consumed_test,1,Official,ENG_MID_UP,12866,-0.08320537303692038,-0.23316204396963902,1.7328007313947669,223.6365415569626,277.2101290037676,True,True,NOT_VERIFIED,,,False,False
S196,consumed_test,1,Official,ENG_MID_DOWN,14858,-0.10878219455602606,0.11421063546342375,1.6789777577455314,214.4308095416219,390.99801613104324,True,False,NOT_VERIFIED,,,False,False
S196,consumed_test,1,Official,ENG_PAIR_1_NEG_X,13030,0.007438524757972751,-0.1668273050950604,1.7219350025010813,252.3619084057041,298.37134274837047,True,True,NOT_VERIFIED,,,False,False
S196,consumed_test,1,Official,ENG_PAIR_1_POS_X,13013,-0.18352492606370488,-0.19141782407584768,1.733074113316467,191.8705497133602,290.7513340514599,True,True,NOT_VERIFIED,,,False,False
S196,consumed_test,1,Official,ENG_PAIR_2_NEG_X,13846,-0.009454537257182866,-0.04086551619947734,1.743621645137594,247.01492637505442,339.62538777690855,True,True,NOT_VERIFIED,,,False,False
S196,consumed_test,1,Official,ENG_PAIR_2_POS_X,13694,-0.18636025249548968,-0.056027869616222234,1.755606149478104,191.73009264486535,334.86421079490486,True,True,NOT_VERIFIED,,,False,False
S196,consumed_test,1,Official,ENG_PAIR_3_NEG_X,14459,-0.014769103859647102,0.08762745008379746,1.6981158131945515,245.21745898005236,381.77443901161166,True,False,NOT_VERIFIED,,,False,False
S196,consumed_test,1,Official,ENG_PAIR_3_POS_X,14436,-0.19821370349218115,0.07514370464975643,1.7038716130695786,186.14292114263827,377.5612068361325,True,False,NOT_VERIFIED,,,False,False
S196,consumed_test,1,Rigid,ENG_MID_UP,12866,-0.07470678592235926,-0.2513684239519588,1.5945306647723345,224.2764731776731,264.242854917321,True,True,NOT_VERIFIED,,,True,False
S196,consumed_test,1,Rigid,ENG_MID_DOWN,14858,-0.10342564596432727,0.0962101757434389,1.5437053874032127,213.21918943426434,387.7965431305478,True,False,NOT_VERIFIED,,,True,False
S196,consumed_test,1,Rigid,ENG_PAIR_1_NEG_X,13030,0.015088209028884747,-0.18308818807761013,1.5914735216533424,255.19438910375405,288.17132418929344,True,True,NOT_VERIFIED,,,True,False
S196,consumed_test,1,Rigid,ENG_PAIR_1_POS_X,13013,-0.17561395327013196,-0.21163384653570938,1.5877797917094771,189.2866537244623,277.9227668599926,True,True,NOT_VERIFIED,,,True,False
S196,consumed_test,1,Rigid,ENG_PAIR_2_NEG_X,13846,-0.0060289516026993135,-0.05783308006520059,1.613547980163726,247.94022627355173,332.65762171877566,True,True,NOT_VERIFIED,,,True,False
S196,consumed_test,1,Rigid,ENG_PAIR_2_POS_X,13694,-0.1829779053950836,-0.07668727513508097,1.6118913361324303,187.68728804344008,326.0668939120928,True,True,NOT_VERIFIED,,,True,False
S196,consumed_test,1,Rigid,ENG_PAIR_3_NEG_X,14459,-0.010587623656787856,0.0712098021980277,1.5695409263021332,246.28862379877728,378.2734768637508,True,False,NOT_VERIFIED,,,True,False
S196,consumed_test,1,Rigid,ENG_PAIR_3_POS_X,14436,-0.19364167715103045,0.054998754646175534,1.5612156813686462,181.91611094765537,372.5770176554434,True,False,NOT_VERIFIED,,,True,False
S196,consumed_test,1,RigidD,ENG_MID_UP,12866,-0.07555228319187005,-0.2519734586236968,1.5949316424812032,223.99198626913793,264.0520406560919,True,True,NOT_VERIFIED,15.934300421055148,4.50898726091071,True,False
S196,consumed_test,1,RigidD,ENG_MID_DOWN,14858,-0.10341863698626673,0.09620433947196139,1.541862561016755,213.17773492916172,387.8362569483021,True,False,NOT_VERIFIED,3.1327337108050326,80.31798159971169,True,False
S196,consumed_test,1,RigidD,ENG_PAIR_1_NEG_X,13030,0.011111116371587376,-0.1851974287809242,1.5958644091032999,253.8122788723477,287.606737359253,True,True,NOT_VERIFIED,1.1888885458071112,6.585209989081742,True,False
S196,consumed_test,1,RigidD,ENG_PAIR_1_POS_X,13013,-0.1720536355130869,-0.21261492559326645,1.5951613294645894,190.79255700053554,277.9237527840175,True,True,NOT_VERIFIED,1.6676254491834877,64.13853859759017,True,False
S196,consumed_test,1,RigidD,ENG_PAIR_2_NEG_X,13846,-0.009964160143479582,-0.05722321323450245,1.6159742071546446,246.60675859256696,332.899828775361,True,True,NOT_VERIFIED,1.3234358746620867,13.68247217274161,True,False
S196,consumed_test,1,RigidD,ENG_PAIR_2_POS_X,13694,-0.18342437260835986,-0.07629627899282664,1.607159371433708,187.35137815833318,326.12486350315356,True,True,NOT_VERIFIED,1.4105721222041028,8.317482523671499,True,False
S196,consumed_test,1,RigidD,ENG_PAIR_3_NEG_X,14459,-0.017438486174473824,0.07540832604790063,1.5789611687964658,243.92935483137742,379.6149917864355,True,False,NOT_VERIFIED,3.5010775003663728,30.50255831686562,True,False
S196,consumed_test,1,RigidD,ENG_PAIR_3_POS_X,14436,-0.1889612642451856,0.05917344253080577,1.5683878085444052,183.86529032890166,373.9816177320743,True,False,NOT_VERIFIED,2.4824205411427394,66.98485439029774,True,False
S196,consumed_test,2,Official,ENG_MID_UP,12866,-0.08320537303692038,-0.23316204396963902,1.7328007313947669,223.6365415569626,277.2101290037676,True,True,NOT_VERIFIED,,,False,False
S196,consumed_test,2,Official,ENG_MID_DOWN,14858,-0.10878219455602606,0.11421063546342375,1.6789777577455314,214.4308095416219,390.99801613104324,True,False,NOT_VERIFIED,,,False,False
S196,consumed_test,2,Official,ENG_PAIR_1_NEG_X,13030,0.007438524757972751,-0.1668273050950604,1.7219350025010813,252.3619084057041,298.37134274837047,True,True,NOT_VERIFIED,,,False,False
S196,consumed_test,2,Official,ENG_PAIR_1_POS_X,13013,-0.18352492606370488,-0.19141782407584768,1.733074113316467,191.8705497133602,290.7513340514599,True,True,NOT_VERIFIED,,,False,False
S196,consumed_test,2,Official,ENG_PAIR_2_NEG_X,13846,-0.009454537257182866,-0.04086551619947734,1.743621645137594,247.01492637505442,339.62538777690855,True,True,NOT_VERIFIED,,,False,False
S196,consumed_test,2,Official,ENG_PAIR_2_POS_X,13694,-0.18636025249548968,-0.056027869616222234,1.755606149478104,191.73009264486535,334.86421079490486,True,True,NOT_VERIFIED,,,False,False
S196,consumed_test,2,Official,ENG_PAIR_3_NEG_X,14459,-0.014769103859647102,0.08762745008379746,1.6981158131945515,245.21745898005236,381.77443901161166,True,False,NOT_VERIFIED,,,False,False
S196,consumed_test,2,Official,ENG_PAIR_3_POS_X,14436,-0.19821370349218115,0.07514370464975643,1.7038716130695786,186.14292114263827,377.5612068361325,True,False,NOT_VERIFIED,,,False,False
S196,consumed_test,2,Rigid,ENG_MID_UP,12866,-0.07839373106736612,-0.25275630942515015,1.593935646733384,222.99733303948432,263.72072193664917,True,True,NOT_VERIFIED,,,True,False
S196,consumed_test,2,Rigid,ENG_MID_DOWN,14858,-0.10575984495304808,0.09496838113477091,1.5433639145722755,212.3809728587385,387.35235240700365,True,False,NOT_VERIFIED,,,True,False
S196,consumed_test,2,Rigid,ENG_PAIR_1_NEG_X,13030,0.011683780659355417,-0.18485841523448532,1.5906805432025783,254.02232349063743,287.5140222954334,True,True,NOT_VERIFIED,,,True,False
S196,consumed_test,2,Rigid,ENG_PAIR_1_POS_X,13013,-0.17914747607620474,-0.21258779926481386,1.58746718401779,188.05302959901988,277.5704897746682,True,True,NOT_VERIFIED,,,True,False
S196,consumed_test,2,Rigid,ENG_PAIR_2_NEG_X,13846,-0.008841004485052165,-0.0595259218721806,1.6128741814178618,246.98245360063976,332.05967374332226,True,True,NOT_VERIFIED,,,True,False
S196,consumed_test,2,Rigid,ENG_PAIR_2_POS_X,13694,-0.18587255683286913,-0.07762371240828399,1.6116671849670245,186.69286164805615,325.73681581032145,True,True,NOT_VERIFIED,,,True,False
S196,consumed_test,2,Rigid,ENG_PAIR_3_NEG_X,14459,-0.01296272755338303,0.06955835435569283,1.5689455031660717,245.45636313658179,377.69192337470514,True,False,NOT_VERIFIED,,,True,False
S196,consumed_test,2,Rigid,ENG_PAIR_3_POS_X,14436,-0.19610531298176914,0.05413325295274003,1.5610871371833164,181.04434140430996,372.26723427909866,True,True,NOT_VERIFIED,,,True,False
S196,consumed_test,2,RigidD,ENG_MID_UP,12866,-0.07879145710227736,-0.2532435204663098,1.5946634975514435,222.8727655967591,263.5897652287875,True,True,NOT_VERIFIED,16.565062532458143,4.537845355528772,True,False
S196,consumed_test,2,RigidD,ENG_MID_DOWN,14858,-0.10585518934620985,0.09529094807276844,1.5423228894907812,212.32165818984217,387.49315474752075,True,False,NOT_VERIFIED,2.475203690606902,102.8672857477471,True,False
S196,consumed_test,2,RigidD,ENG_PAIR_1_NEG_X,13030,0.007275195769119797,-0.1871968749795473,1.595422833368093,252.49372953677815,286.8847662113482,True,True,NOT_VERIFIED,1.785168716395103,8.3444980016386,True,False
S196,consumed_test,2,RigidD,ENG_PAIR_1_POS_X,13013,-0.1745377734454852,-0.2138224813713653,1.5957053314011267,189.95831397193965,277.52421599535114,True,True,NOT_VERIFIED,2.2249602716634826,62.96358485813894,True,False
S196,consumed_test,2,RigidD,ENG_PAIR_2_NEG_X,13846,-0.012361423023216776,-0.05873626768508593,1.6144517761794033,245.78859772633282,332.35466142583897,True,True,NOT_VERIFIED,2.1044456210013323,55.71243589578259,True,False
S196,consumed_test,2,RigidD,ENG_PAIR_2_POS_X,13694,-0.18554965649644428,-0.0769586593669412,1.6070254383667606,186.62031078319816,325.8911255879597,True,True,NOT_VERIFIED,1.4256920942938682,72.9097708711487,True,False
S196,consumed_test,2,RigidD,ENG_PAIR_3_NEG_X,14459,-0.020222456709251668,0.07320316484181041,1.577792341149853,242.9564402884599,378.8498342469172,True,False,NOT_VERIFIED,16.18229985276957,86.27557835955282,True,False
S196,consumed_test,2,RigidD,ENG_PAIR_3_POS_X,14436,-0.19078506655593225,0.0588671646050352,1.5694476949655063,183.272150727951,373.857692762527,True,False,NOT_VERIFIED,2.741110256261554,94.93802954683228,True,False
