cell,role,identity,sequence,frame,median_mm,p95_mm,coverage_50mm,delta_median_mm,delta_p95_mm,delta_coverage,fallback,official_fallback,raw_norm_mm,applied_norm_mm
g0_seed11,VAL,p001194,p001194_a000062,5,10.068835235991436,50.59566782316306,0.9482421875,0.0641847435035725,0.5178866786757439,-0.00146484375,False,False,7.433586551669616,7.433586551669616
g0_seed11,VAL,p001194,p001194_a000062,17,9.92668082550178,52.019243301636656,0.94482421875,0.09113033995953224,2.429458227624707,-0.005859375,False,False,16.267537547004792,16.267537547004792
g0_seed11,VAL,p001194,p001194_a000062,29,10.025670476211957,42.75033989840275,0.96875,0.8321639324901291,3.602195554748583,-0.00634765625,False,False,7.421031155889045,7.421031155889045
g0_seed11,VAL,p001194,p001194_a000062,41,9.950585003441757,73.90372696418922,0.90478515625,-0.9000559882835244,19.8977353618341,-0.03466796875,False,False,21.562917148236803,21.562917148236803
g0_seed11,VAL,p001194,p001194_a000062,53,8.723465284601163,41.79708133817325,0.96728515625,-2.5034688955991644,3.533121844944155,-0.01611328125,False,False,16.199823083453953,16.199823083453953
g0_seed11,VAL,p001194,p001194_a000062,65,9.107691692786023,47.92979097235037,0.953125,0.9434651035931072,4.49227613513856,-0.009765625,False,False,7.906531024337029,7.906531024337029
g0_seed11,VAL,p001194,p001194_a000062,77,11.851567939397217,50.702178420935155,0.9462890625,-0.021814763573175355,3.671801512441796,-0.01025390625,False,False,7.01365968243842,7.01365968243842
g0_seed11,VAL,p001194,p001194_a000062,89,10.427457381914756,48.41583503747617,0.95361328125,0.2642166341507295,3.632241655096209,-0.00244140625,False,False,9.64081478520316,9.64081478520316
g0_seed11,VAL,p001194,p001194_a000986,10,10.225419382752412,59.146679232630945,0.9306640625,0.2977546350848339,8.703221598535684,-0.01806640625,False,False,25.04504913116697,25.04504913116697
g0_seed11,VAL,p001194,p001194_a000986,36,10.140421995198931,50.56524447299929,0.94775390625,1.7355311819583363,4.396348937185479,-0.00439453125,False,False,11.682538352340169,11.682538352340169
g0_seed11,VAL,p001194,p001194_a000986,62,9.769190791197719,41.848652471130194,0.9609375,-1.0595739228928736,-5.893622053376397,0.00537109375,False,False,26.289681403421326,26.289681403421326
g0_seed11,VAL,p001194,p001194_a000986,88,9.009862514108761,41.79395935077476,0.97216796875,1.158379219364603,15.642589362044092,-0.02490234375,False,False,4.962515512202591,4.962515512202591
g0_seed11,VAL,p001194,p001194_a000986,114,8.50764172032865,35.08184194883441,0.97900390625,-0.9876398713185388,1.4186383338512627,0.0009765625,False,False,5.703529962463407,5.703529962463407
g0_seed11,VAL,p001194,p001194_a000986,140,10.113515839444954,49.416207410056124,0.95068359375,-0.5280653444832843,1.8290686666519989,-0.00244140625,False,False,30.798936092770223,30.798936092770223
g0_seed11,VAL,p001194,p001194_a000986,166,12.195120539008045,48.46573138916213,0.95556640625,2.4639948608673734,10.326040140440647,-0.0283203125,False,False,2.970749526707033,2.970749526707033
g0_seed11,VAL,p001194,p001194_a000986,192,7.733145999431111,31.48610699874198,0.99072265625,-0.013555686070040984,2.7490117378637677,-0.00927734375,False,False,6.2365652670723675,6.2365652670723675
g0_seed11,TRAIN,p001195,p001195_a000053,6,166.70825065902503,211.99574042673757,0.0048828125,-6.6325813232333815,-1.4541838063904606,0.001953125,True,True,192.26809013548663,0.0
g0_seed11,TRAIN,p001195,p001195_a000053,21,166.02853435810658,205.46613341601858,0.0078125,-2.7163993457853337,-1.1646668320888693,0.0009765625,True,True,190.89673531138436,0.0
g0_seed11,TRAIN,p001195,p001195_a000053,37,187.29650661052526,266.22880087809233,0.0029296875,-30.909526890274094,-16.30769936646783,0.00146484375,True,True,211.7859283114124,0.0
g0_seed11,TRAIN,p001195,p001195_a000053,52,188.2456783570374,246.63966344399705,0.0,-26.719018000812326,-16.674016656580875,0.0,True,True,217.84659704519942,0.0
g0_seed11,TRAIN,p001195,p001195_a000053,68,205.57084877748244,260.8085317030069,0.00439453125,-9.082957316175452,-11.31160995109758,0.00146484375,True,True,236.45068966139883,0.0
g0_seed11,TRAIN,p001195,p001195_a000053,83,164.00630055396624,205.37311868105948,0.001953125,-19.874675361562765,-17.261973956112087,0.00146484375,True,True,190.84405232671128,0.0
g0_seed11,TRAIN,p001195,p001195_a000053,99,15.194456090486181,36.979003315696644,0.99072265625,1.3989686429522763,-1.3248283061063049,-0.00146484375,False,False,143.04225119748847,143.04225119748847
g0_seed11,TRAIN,p001195,p001195_a000053,114,174.54557889786986,209.05280361920498,0.0029296875,-1.7007407311635347,2.0935612269416026,-0.00048828125,True,True,202.1974103938693,0.0
g0_seed11,TRAIN,p001195,p001195_a000986,11,183.2069509959884,218.7165943636394,0.00146484375,0.4942398691902383,2.6598538976436714,0.0,True,True,211.89876958311646,0.0
g0_seed11,TRAIN,p001195,p001195_a000986,39,12.5284746428391,48.34982014171058,0.9609375,2.3066215848012863,7.794896521360414,-0.01611328125,False,False,166.33924988171262,166.33924988171262
g0_seed11,TRAIN,p001195,p001195_a000986,68,131.46270121027538,185.05766174635406,0.11376953125,113.3465192790333,53.70562946412096,-0.75732421875,True,False,181.30293603641508,0.0
g0_seed11,TRAIN,p001195,p001195_a000986,96,170.03959583180279,205.60365180165834,0.01123046875,5.955150323951159,9.340905546855993,-0.00634765625,True,True,201.01845724227195,0.0
g0_seed11,TRAIN,p001195,p001195_a000986,125,18.389696734727828,76.52436266222486,0.90869140625,1.7865147801249819,13.16472370920684,0.0166015625,False,False,166.1178530482878,166.1178530482878
g0_seed11,TRAIN,p001195,p001195_a000986,153,161.24123237074986,215.3868416600011,0.06884765625,142.80968940423406,133.59201236007294,-0.81787109375,True,False,206.5649994071781,0.0
g0_seed11,TRAIN,p001195,p001195_a000986,182,168.47797567797875,210.26858570100975,0.0126953125,7.440176557216034,7.247004283287822,-0.00927734375,True,True,195.09670371719145,0.0
g0_seed11,TRAIN,p001195,p001195_a000986,210,173.14409208478673,207.00607267563618,0.00537109375,4.271160325267601,2.091300075343895,-0.0009765625,True,True,197.29555895587592,0.0
g0_seed11,VAL,p001196,p001196_a000388,11,16.457776768903905,51.236234341247176,0.94482421875,2.0509865379754952,8.744700509554988,-0.0244140625,False,False,29.377875543549628,29.377875543549628
g0_seed11,VAL,p001196,p001196_a000388,40,21.839012912693434,55.83418843275689,0.90087890625,7.694011049745006,16.28305849059867,-0.0751953125,False,False,27.5962041081411,27.5962041081411
g0_seed11,VAL,p001196,p001196_a000388,69,10.99472556403204,43.42389369778585,0.9755859375,0.5197156573347499,3.5745553318624133,-0.0029296875,False,False,10.310694620208471,10.310694620208471
g0_seed11,VAL,p001196,p001196_a000388,98,13.914234114798756,45.21808842643895,0.9658203125,2.0476287854791835,4.783702860097058,-0.0087890625,False,False,42.84768866598264,42.84768866598264
g0_seed11,VAL,p001196,p001196_a000388,127,14.081328567519991,51.35013826988919,0.947265625,1.7080235004866822,2.706613101121718,-0.005859375,False,False,30.57697731306915,30.57697731306915
g0_seed11,VAL,p001196,p001196_a000388,156,21.413572757965436,67.7795596970372,0.86376953125,6.973072284230081,6.295689093548347,-0.0517578125,False,False,25.35594104925677,25.35594104925677
g0_seed11,VAL,p001196,p001196_a000388,185,15.792639641567838,56.50692741055008,0.9345703125,2.783595648188811,3.3362934344271338,-0.0087890625,False,False,45.26113475786193,45.26113475786193
g0_seed11,VAL,p001196,p001196_a000388,214,15.922865354800589,52.72297862027044,0.94140625,1.6960606887156313,5.875490167111529,-0.01611328125,False,False,33.584196184618634,33.584196184618634
g0_seed11,TRAIN,p001197,p001197_a000062,5,10.276625605109126,56.19475156828685,0.93603515625,0.08205298275166051,1.3964433288924454,-0.0048828125,False,False,8.206025052938195,8.206025052938195
g0_seed11,TRAIN,p001197,p001197_a000062,16,9.986082019929004,50.568689047787956,0.94921875,-0.21064399192463057,2.6501926251607486,-0.00390625,False,False,7.437048704392761,7.437048704392761
g0_seed11,TRAIN,p001197,p001197_a000062,28,13.931178857437004,51.00273396281776,0.9453125,-0.2954038685069911,-0.34444258248520043,-0.00244140625,False,False,5.129816542118812,5.129816542118812
g0_seed11,TRAIN,p001197,p001197_a000062,40,15.301698001738568,75.64144281245737,0.8447265625,-2.0910454955318265,3.7884438987910443,0.001953125,False,False,58.202726601131225,58.202726601131225
g0_seed11,TRAIN,p001197,p001197_a000062,52,12.445192358459376,118.03351463082227,0.861328125,-1.3008637210658591,-5.114771220774827,-0.0078125,False,False,59.83551827208042,59.83551827208042
g0_seed11,TRAIN,p001197,p001197_a000062,64,15.18304257349583,77.37524731989814,0.86669921875,-6.165709996179034,-7.448982636508944,0.0458984375,False,False,79.60615107637548,79.60615107637548
g0_seed11,TRAIN,p001197,p001197_a000062,76,17.004029530955634,67.08281138261978,0.8671875,-0.5706714702589082,5.265406429007136,-0.017578125,False,False,47.309587965202304,47.309587965202304
g0_seed11,TRAIN,p001197,p001197_a000062,87,12.148410964049983,58.24333326564918,0.93212890625,-0.17989477410753807,-0.25310811616403583,-0.00390625,False,False,6.5895468338279715,6.5895468338279715
g0_seed11,TRAIN,p001197,p001197_a001238,3,17.016451045734662,85.6981777535616,0.88427734375,0.09566929509157163,-9.959897997287399,0.0087890625,False,False,139.24292856118652,139.24292856118652
g0_seed11,TRAIN,p001197,p001197_a001238,10,12.774659472100403,72.24593487029101,0.92431640625,-3.5237339064233595,-32.520236057230846,0.0361328125,False,False,110.85086378915854,110.85086378915854
g0_seed11,TRAIN,p001197,p001197_a001238,18,13.903247081659593,69.81450755482021,0.9267578125,-2.6422046060819326,-20.571441875027418,0.03515625,False,False,120.58320746903516,120.58320746903516
g0_seed11,TRAIN,p001197,p001197_a001238,25,12.927171617834471,82.67051656479897,0.923828125,-3.1910365402924548,-24.6566152299487,0.033203125,False,False,114.62212194535535,114.62212194535535
g0_seed11,TRAIN,p001197,p001197_a001238,33,12.926037667914509,101.79940792392611,0.9091796875,-2.729962032368677,-28.280010722860993,0.0244140625,False,False,120.36666271361203,120.36666271361203
g0_seed11,TRAIN,p001197,p001197_a001238,40,12.198018184818025,75.58884120468026,0.92626953125,-2.316716459724619,-21.722826249840466,0.02001953125,False,False,95.16231827301232,95.16231827301232
g0_seed11,TRAIN,p001197,p001197_a001238,48,14.354391295459685,88.30668199106366,0.90478515625,-1.5039523312577323,-16.38287810196104,0.0234375,False,False,125.30719821324129,125.30719821324129
g0_seed11,TRAIN,p001197,p001197_a001238,55,14.695726635175198,99.75151655364208,0.91162109375,-1.5952934495851814,-24.190284415052133,0.02880859375,False,False,130.00404056684985,130.00404056684985
g0_seed11,VAL,p001199,p001199_a001398,1,12.225726591472437,45.835080401378555,0.9658203125,0.06913697449821754,2.6697640899281794,-0.00341796875,False,False,36.711048629597755,36.711048629597755
g0_seed11,VAL,p001199,p001199_a001398,4,12.482993740955468,41.71592476968287,0.9716796875,0.07524547121450276,2.231305281228572,0.00146484375,False,False,38.901134979727715,38.901134979727715
g0_seed11,VAL,p001199,p001199_a001398,8,11.600457524081275,45.21760116185723,0.96826171875,0.2195629546836031,1.3203529874370616,-0.00439453125,False,False,33.36527343427957,33.36527343427957
g0_seed11,VAL,p001199,p001199_a001398,11,11.70678090352215,45.20548796704516,0.9736328125,0.1531860229122426,3.228248550982883,-0.00244140625,False,False,30.978232910356393,30.978232910356393
g0_seed11,VAL,p001199,p001199_a001398,14,12.122042173356308,44.55810823955921,0.9677734375,0.9073943799193103,3.004657693552609,0.0,False,False,30.63895177372445,30.63895177372445
g0_seed11,VAL,p001199,p001199_a001398,17,11.57012023751061,43.7388342259003,0.97314453125,0.7570805900224524,1.6456527535566252,-0.00341796875,False,False,30.764114265649344,30.764114265649344
g0_seed11,VAL,p001199,p001199_a001398,21,11.743407028614257,43.14775037633337,0.9736328125,0.1183562743908162,1.4300331563343107,0.00146484375,False,False,35.374485784404186,35.374485784404186
g0_seed11,VAL,p001199,p001199_a001398,24,11.952738309922733,43.09049101447531,0.96875,0.37606581294684105,0.5190188951354315,0.0,False,False,35.68143555813578,35.68143555813578
g0_seed11,VAL,p001201,p001201_a005135,2,11.305105999092003,28.65815710738649,0.99462890625,0.8925792968147608,-6.5467284021003955,0.0048828125,False,False,41.89809168331831,41.89809168331831
g0_seed11,VAL,p001201,p001201_a005135,7,10.132356065857131,24.308615370379542,0.9990234375,-0.10698210764546445,-6.90986350958131,0.00537109375,False,False,40.48268179962436,40.48268179962436
g0_seed11,VAL,p001201,p001201_a005135,11,9.517156640366501,33.16020047001768,0.962890625,-0.8673766180744114,-8.214028069094724,0.00439453125,False,False,39.54066881402882,39.54066881402882
g0_seed11,VAL,p001201,p001201_a005135,16,10.323639750265437,25.411507168020695,0.99853515625,0.16824795273792326,-7.6649363834323445,0.00390625,False,False,43.72722738935035,43.72722738935035
g0_seed11,VAL,p001201,p001201_a005135,21,9.800422137547027,25.97962569544097,0.99951171875,-0.14114579246098558,-7.6479465735880545,0.0068359375,False,False,38.81976671456516,38.81976671456516
g0_seed11,VAL,p001201,p001201_a005135,26,10.91550596119281,26.981670996412422,0.99853515625,-0.04239405305256305,-8.070850306931877,0.0068359375,False,False,40.66247171910952,40.66247171910952
g0_seed11,VAL,p001201,p001201_a005135,30,9.89125469313625,28.455045220008053,0.998046875,-0.5358931551667467,-8.996331005977673,0.0107421875,False,False,38.30642522874038,38.30642522874038
g0_seed11,VAL,p001201,p001201_a005135,35,11.123190255341225,25.58025101886159,0.998046875,0.04280650223925164,-7.33429579428423,0.005859375,False,False,38.87065603080258,38.87065603080258
g0_seed11,TRAIN,p001202,p001202_a001230,2,31.479977298679913,90.64645356397635,0.7763671875,13.018875155206423,19.592869883342587,-0.0966796875,False,False,46.90675365681157,46.90675365681157
g0_seed11,TRAIN,p001202,p001202_a001230,9,30.870729525658113,90.79049074101557,0.78515625,12.589774641197657,22.851522825493205,-0.10595703125,False,False,47.50874527229575,47.50874527229575
g0_seed11,TRAIN,p001202,p001202_a001230,15,30.139312755598247,91.00703822128243,0.7802734375,12.296917228459513,22.544920968703522,-0.1083984375,False,False,48.213764012133296,48.213764012133296
g0_seed11,TRAIN,p001202,p001202_a001230,21,31.091419323545914,88.28655727169622,0.7783203125,12.097428511156757,19.969799966853586,-0.0966796875,False,False,45.60396781666177,45.60396781666177
g0_seed11,TRAIN,p001202,p001202_a001230,28,28.298392581309255,83.422469482175,0.8056640625,8.462939084326766,18.23320191571365,-0.0927734375,False,False,42.05783389230329,42.05783389230329
g0_seed11,TRAIN,p001202,p001202_a001230,34,27.309661358176854,85.6896983067497,0.822265625,7.915598779998092,20.09343540616844,-0.06298828125,False,False,47.013089881515135,47.013089881515135
g0_seed11,TRAIN,p001202,p001202_a001230,40,29.134949076201085,85.33031789949493,0.7998046875,10.980752509732142,20.33312295882307,-0.09326171875,False,False,47.43434593433468,47.43434593433468
g0_seed11,TRAIN,p001202,p001202_a001230,47,28.61803283964567,85.90338436830534,0.82421875,8.897848206530444,18.578193844147464,-0.0556640625,False,False,49.02231651932512,49.02231651932512
g0_seed11,TRAIN,p001202,p001202_a005135,1,12.570068015786092,42.23892947265297,0.98095703125,3.2175142343002143,3.9166760242864385,-0.0087890625,False,False,37.230392603487466,37.230392603487466
g0_seed11,TRAIN,p001202,p001202_a005135,5,10.067445852009767,40.60044646580992,0.98193359375,1.1532067973967823,2.0878164884453625,-0.0078125,False,False,30.0240165191362,30.0240165191362
g0_seed11,TRAIN,p001202,p001202_a005135,8,13.099690217227396,42.37520266890231,0.97607421875,3.524580176712277,4.638646753501284,-0.01416015625,False,False,34.41551371972043,34.41551371972043
g0_seed11,TRAIN,p001202,p001202_a005135,12,13.6659560481419,42.25975003849135,0.9794921875,3.627595501864665,4.902688788336668,-0.013671875,False,False,33.3500829871599,33.3500829871599
g0_seed11,TRAIN,p001202,p001202_a005135,15,12.29611559419142,42.55457512591296,0.97998046875,2.513031469936923,3.177902132459991,-0.0107421875,False,False,31.578476745409457,31.578476745409457
g0_seed11,TRAIN,p001202,p001202_a005135,19,13.152428090973304,42.291602702109,0.97705078125,3.8749322077383983,5.613129180668778,-0.01416015625,False,False,33.79324487225408,33.79324487225408
g0_seed11,TRAIN,p001202,p001202_a005135,22,11.876968864288848,44.19996205121173,0.97216796875,2.731955226317716,4.071087459113784,-0.0166015625,False,False,34.42405023093582,34.42405023093582
g0_seed11,TRAIN,p001202,p001202_a005135,26,13.284449159388835,42.999755470738556,0.98193359375,4.078016394961704,4.741607667246299,-0.009765625,False,False,33.89427490217781,33.89427490217781
g0_seed11,TRAIN,p001203,p001203_a000032,3,12.307159344292902,42.46863028732653,0.97802734375,-3.802380697015323,-2.8531100007182033,0.00732421875,False,False,62.84707314931,62.84707314931
g0_seed11,TRAIN,p001203,p001203_a000032,9,12.029942115432284,42.73874351644195,0.98046875,-5.308335250921498,-1.4793666752732975,0.0078125,False,False,70.13121384092999,70.13121384092999
g0_seed11,TRAIN,p001203,p001203_a000032,16,11.608660921477707,44.507302984802045,0.97705078125,-5.18100872667986,-0.3896185761232047,0.0068359375,False,False,69.5714229499294,69.5714229499294
g0_seed11,TRAIN,p001203,p001203_a000032,22,12.018543355666928,45.41046674862838,0.974609375,-6.013911787142586,-0.8484563889270902,0.01025390625,False,False,69.936969998212,69.936969998212
g0_seed11,TRAIN,p001203,p001203_a000032,29,12.184885920203028,43.96485511739446,0.97900390625,-5.557001780142921,0.5979277657806463,0.00341796875,False,False,74.50805947350564,74.50805947350564
g0_seed11,TRAIN,p001203,p001203_a000032,35,12.041203415822471,45.54318197860985,0.97265625,-4.141033086975073,0.08458390851212982,0.00634765625,False,False,66.88409985676348,66.88409985676348
g0_seed11,TRAIN,p001203,p001203_a000032,42,10.19766768582976,43.450357463680554,0.9765625,-5.352472654211777,0.303579992613102,0.0029296875,False,False,70.48480272832586,70.48480272832586
g0_seed11,TRAIN,p001203,p001203_a000032,48,11.270326524641503,43.51028937605231,0.9794921875,-5.674527031092241,-0.17100393888522092,0.0087890625,False,False,74.35472325029278,74.35472325029278
g0_seed11,TRAIN,p001204,p001204_a003011,1,14.525896894710915,45.83639220997866,0.96728515625,2.168852698976689,0.2978663699477764,0.00244140625,False,False,52.162908689549944,52.162908689549944
g0_seed11,TRAIN,p001204,p001204_a003011,3,14.216983633677689,43.75181427086269,0.96923828125,2.0410854813597457,-1.458541842933542,0.0029296875,False,False,55.035131018898056,55.035131018898056
g0_seed11,TRAIN,p001204,p001204_a003011,6,16.15163957348195,45.48476477322964,0.96533203125,2.980191763001546,-1.392125609739125,0.00244140625,False,False,48.404199592746856,48.404199592746856
g0_seed11,TRAIN,p001204,p001204_a003011,8,14.941084516816657,43.84011897414569,0.97021484375,2.0254348043466575,-2.2416432263361656,0.00634765625,False,False,53.29888616558109,53.29888616558109
g0_seed11,TRAIN,p001204,p001204_a003011,10,15.805223381253622,46.37451305282689,0.96142578125,2.7957654237068823,-2.3503043138469977,0.00390625,False,False,51.30069898638719,51.30069898638719
g0_seed11,TRAIN,p001204,p001204_a003011,12,15.06286834214804,45.29611523849054,0.9658203125,2.282063141298252,-1.3616821464580795,0.0048828125,False,False,53.242094785010245,53.242094785010245
g0_seed11,TRAIN,p001204,p001204_a003011,15,13.863466185345654,44.82766207707388,0.9658203125,2.0904965144404564,0.5904925826779888,-0.00048828125,False,False,55.35513537910313,55.35513537910313
g0_seed11,TRAIN,p001204,p001204_a003011,17,13.942616135106261,46.965666364012435,0.95703125,2.0093176833483657,-0.058008367298228336,0.0,False,False,56.85711173373461,56.85711173373461
g0_seed11,TRAIN,p001210,p001210_a001226,2,46.30826555921172,241.80110378008646,0.52197265625,-2.5782152673549774,7.770134863987579,0.0166015625,False,False,47.71844012625238,47.71844012625238
g0_seed11,TRAIN,p001210,p001210_a001226,6,48.46938076658742,225.68143131749318,0.515625,-0.7352377061537183,10.4231397482055,0.00732421875,False,False,51.73130485143312,51.73130485143312
g0_seed11,TRAIN,p001210,p001210_a001226,10,49.29823109292487,239.9787783612931,0.50634765625,-1.4343756642663905,5.0316389390281415,0.01513671875,False,False,47.20292052184731,47.20292052184731
g0_seed11,TRAIN,p001210,p001210_a001226,14,49.545255060412615,234.62040219075706,0.50146484375,-2.4113681170563126,7.8072017425403715,0.0166015625,False,False,47.891395725985234,47.891395725985234
g0_seed11,TRAIN,p001210,p001210_a001226,18,48.86169631304219,231.9743621138057,0.50927734375,-1.1253400328432974,5.9088399920428,0.00830078125,False,False,51.32762477606503,51.32762477606503
g0_seed11,TRAIN,p001210,p001210_a001226,22,46.38721744963542,259.26937520009096,0.525390625,-2.2880739270344392,14.259725987057692,0.01513671875,False,False,50.28076178710602,50.28076178710602
g0_seed11,TRAIN,p001210,p001210_a001226,26,46.88526471812919,237.41944428521964,0.51806640625,-1.845845948244346,12.021332325970036,0.0087890625,False,False,45.51955352160411,45.51955352160411
g0_seed11,TRAIN,p001210,p001210_a001226,30,47.06628017953389,221.6177155335233,0.521484375,-2.140119402401865,11.01768078409188,0.01318359375,False,False,43.44825670749614,43.44825670749614
g0_seed11,TRAIN,p001216,p001216_a001423,1,24.51979663983942,75.21911788682291,0.77783203125,7.171152871638199,10.38900659945692,-0.10986328125,False,False,134.6415611171584,134.6415611171584
g0_seed11,TRAIN,p001216,p001216_a001423,4,24.481030323894203,75.60949895778816,0.7724609375,7.888494625640526,8.697962995145929,-0.1083984375,False,False,140.4449964503065,140.4449964503065
g0_seed11,TRAIN,p001216,p001216_a001423,7,22.07029612377697,73.94032394014344,0.79638671875,7.058521187755169,5.461991642127373,-0.087890625,False,False,139.65547940509472,139.65547940509472
g0_seed11,TRAIN,p001216,p001216_a001423,10,25.03827537094869,76.89004529880802,0.79052734375,7.199070186273353,11.087802561441634,-0.0927734375,False,False,132.27347047602507,132.27347047602507
g0_seed11,TRAIN,p001216,p001216_a001423,13,25.802107239834157,78.05689112678013,0.76806640625,8.26903387735711,8.735977412623072,-0.10791015625,False,False,134.28187147896418,134.28187147896418
g0_seed11,TRAIN,p001216,p001216_a001423,16,25.802876748881474,76.9441759730691,0.76416015625,7.954233802525586,9.268607464733705,-0.11962890625,False,False,135.3941882973969,135.3941882973969
g0_seed11,TRAIN,p001216,p001216_a001423,19,25.528569412173887,77.2720031102677,0.77685546875,7.585471754521599,9.736545554684795,-0.11083984375,False,False,133.90161180732355,133.90161180732355
g0_seed11,TRAIN,p001216,p001216_a001423,22,27.17779617831077,77.14039725212712,0.74951171875,8.472315791404473,12.410012380557305,-0.13525390625,False,False,132.26161309297265,132.26161309297265
g0_seed11,TRAIN,p001225,p001225_a005341,1,14.06880106316147,48.66118778054267,0.95849609375,-1.9505661710376572,-3.8284634148004173,0.0166015625,False,False,123.02280673433107,123.02280673433107
g0_seed11,TRAIN,p001225,p001225_a005341,5,14.793410836427423,47.99584678377312,0.9619140625,-1.5281738338657256,-4.885239331919202,0.02001953125,False,False,115.18981851953276,115.18981851953276
g0_seed11,TRAIN,p001225,p001225_a005341,9,15.131667750611783,51.68672640245797,0.94384765625,-1.292449719693746,-5.39623146569987,0.01953125,False,False,121.21151789711554,121.21151789711554
g0_seed11,TRAIN,p001225,p001225_a005341,13,14.52527032060378,48.80152187672516,0.9580078125,-2.748472491245863,-5.082231508457923,0.0185546875,False,False,117.44090746692964,117.44090746692964
g0_seed11,TRAIN,p001225,p001225_a005341,16,15.611533765420141,48.68394000405131,0.9541015625,-0.7825046817844452,-2.2769517165568303,0.00830078125,False,False,113.88210539420352,113.88210539420352
g0_seed11,TRAIN,p001225,p001225_a005341,20,15.964451661656362,51.3622923023493,0.94189453125,-1.3031286489350862,-4.512444708700322,0.00634765625,False,False,119.69892251317421,119.69892251317421
g0_seed11,TRAIN,p001225,p001225_a005341,24,15.840186922808677,52.29179476477637,0.9404296875,-1.0877802842726965,-5.136776494508759,0.01123046875,False,False,115.37034206010046,115.37034206010046
g0_seed11,TRAIN,p001225,p001225_a005341,28,15.835276310221442,52.60547788587285,0.9404296875,-1.625113255234119,-5.047650857743058,0.009765625,False,False,113.51326481821323,113.51326481821323
g0_seed11,TRAIN,p001226,p001226_a000223,6,18.105965673026567,48.51530666209789,0.9599609375,5.68161619824169,9.784199091658387,-0.02294921875,False,False,40.15263861879776,40.15263861879776
g0_seed11,TRAIN,p001226,p001226_a000223,21,18.189965396415957,51.05065294590988,0.94580078125,6.211745385995048,11.660156524090489,-0.0361328125,False,False,42.827932230378515,42.827932230378515
g0_seed11,TRAIN,p001226,p001226_a000223,36,13.096180299362386,39.61281665680999,0.9853515625,2.0012157648988325,-1.2370994712959273,0.0087890625,False,False,23.59856498444572,23.59856498444572
g0_seed11,TRAIN,p001226,p001226_a000223,51,15.065095983454986,38.403013768455125,0.9873046875,3.399081468745729,2.6787867714756004,-0.0009765625,False,False,42.314855298353244,42.314855298353244
g0_seed11,TRAIN,p001226,p001226_a000223,66,14.518763197467145,41.65547603037806,0.98193359375,1.3776590474763957,4.89177988909843,-0.00244140625,False,False,38.832527029485576,38.832527029485576
g0_seed11,TRAIN,p001226,p001226_a000223,81,12.558806307943296,43.85001704061118,0.96875,1.77232981113964,6.002936543420425,-0.02099609375,False,False,33.45796905210166,33.45796905210166
g0_seed11,TRAIN,p001226,p001226_a000223,96,22.23277227225429,53.28614187367721,0.9365234375,9.69735282892793,14.349587880770954,-0.0478515625,False,False,39.11830363690184,39.11830363690184
g0_seed11,TRAIN,p001226,p001226_a000223,111,18.991191555861608,47.425185052143895,0.9658203125,6.297967031142193,9.580957638910185,-0.01708984375,False,False,41.955730523895085,41.955730523895085
g0_seed11,TRAIN,p001231,p001231_a000029,1,21.088523894488823,112.81920501841758,0.80615234375,1.4426754364770176,7.975680390200452,-0.025390625,False,False,26.9902159611473,26.9902159611473
g0_seed11,TRAIN,p001231,p001231_a000029,3,20.49071378216155,111.05329512756191,0.7998046875,1.1537640264841684,10.227887536327842,-0.01904296875,False,False,29.00598462441279,29.00598462441279
g0_seed11,TRAIN,p001231,p001231_a000029,5,20.13069160197915,112.97298997026134,0.81884765625,0.6203515665167636,6.407839301061813,-0.01904296875,False,False,26.87032570506205,26.87032570506205
g0_seed11,TRAIN,p001231,p001231_a000029,7,20.72941581154329,104.547059896867,0.81591796875,1.6710657643441778,8.838870579786814,-0.03271484375,False,False,32.12026937953033,32.12026937953033
g0_seed11,TRAIN,p001231,p001231_a000029,8,20.67288684433374,112.34752671173787,0.7958984375,0.7745961208092496,3.841555241960549,-0.0322265625,False,False,30.47790429818629,30.47790429818629
g0_seed11,TRAIN,p001231,p001231_a000029,10,20.9491303015484,109.16632110173298,0.80908203125,1.7417050846346385,6.366945515746323,-0.03564453125,False,False,29.811746635449257,29.811746635449257
g0_seed11,TRAIN,p001231,p001231_a000029,12,20.215831567942825,114.7191140177516,0.8193359375,1.0455947124776621,4.671243048156413,-0.01611328125,False,False,28.79110737472171,28.79110737472171
g0_seed11,TRAIN,p001231,p001231_a000029,14,19.294600350689713,99.0636624290116,0.8310546875,-0.17680395523135317,4.1480708423464705,-0.02294921875,False,False,29.374876698805824,29.374876698805824
g0_seed11,TRAIN,p001231,p001231_a000075,3,27.084248724389052,68.58718511507955,0.81640625,14.711736325097405,17.69180461296419,-0.1318359375,False,False,24.04883243237383,24.04883243237383
g0_seed11,TRAIN,p001231,p001231_a000075,12,27.45694156694541,69.76635733560393,0.7861328125,15.219526231816621,19.981252548594405,-0.1650390625,False,False,23.259548662420386,23.259548662420386
g0_seed11,TRAIN,p001231,p001231_a000075,20,16.57312658376557,52.74626093335828,0.94091796875,4.973485036992498,7.468220627156505,-0.02587890625,False,False,35.92715042293393,35.92715042293393
g0_seed11,TRAIN,p001231,p001231_a000075,29,21.521829718441683,63.62020853653078,0.8955078125,6.10213869323427,2.4494476701598558,-0.01025390625,False,False,35.52165210434105,35.52165210434105
g0_seed11,TRAIN,p001231,p001231_a000075,37,21.43500235108805,64.19386005943957,0.89990234375,5.739319825636656,3.2049561042425694,-0.00537109375,False,False,34.72692678444006,34.72692678444006
g0_seed11,TRAIN,p001231,p001231_a000075,46,16.876457511284357,62.443632293806296,0.91015625,4.2934043264736985,14.942422122586493,-0.0458984375,False,False,47.15956341457515,47.15956341457515
g0_seed11,TRAIN,p001231,p001231_a000075,54,19.48380392775013,64.85911211830324,0.90673828125,8.971358143187423,14.930634674709346,-0.04345703125,False,False,35.92456486124245,35.92456486124245
g0_seed11,TRAIN,p001231,p001231_a000075,63,19.575806457494338,67.70456292726227,0.8974609375,9.170735497608057,13.007445217941068,-0.04052734375,False,False,36.915982340674155,36.915982340674155
g0_seed11,TRAIN,p001231,p001231_a000214,4,39.59726462462436,96.71323929243339,0.615234375,6.251745293171268,10.205074968145908,-0.087890625,False,False,28.474620798036867,28.474620798036867
g0_seed11,TRAIN,p001231,p001231_a000214,16,35.45843833523848,86.36253385843118,0.69140625,6.3214937487773035,9.323933743917763,-0.0849609375,False,False,32.72200076951589,32.72200076951589
g0_seed11,TRAIN,p001231,p001231_a000214,27,41.32569312100445,115.74573795331655,0.5693359375,0.5645651945034587,1.3649960457729549,-0.009765625,False,False,17.745118794886313,17.745118794886313
g0_seed11,TRAIN,p001231,p001231_a000214,38,17.07282457299941,82.5005496776946,0.8349609375,-0.4251040309220393,1.9464874275752777,-0.00830078125,False,False,25.760756365518635,25.760756365518635
g0_seed11,TRAIN,p001231,p001231_a000214,49,15.644894402254458,68.6969283272219,0.86962890625,0.12080735489214334,3.2504829989014894,-0.01025390625,False,False,14.68380065997583,14.68380065997583
g0_seed11,TRAIN,p001231,p001231_a000214,60,31.26105554064128,82.14667323981286,0.73681640625,11.973558350677642,15.435878963343484,-0.1181640625,False,False,21.02614470847312,21.02614470847312
g0_seed11,TRAIN,p001231,p001231_a000214,71,45.64391567504765,103.31557406443271,0.5439453125,11.997139516659765,19.95384033900804,-0.14306640625,False,False,13.562997487346824,13.562997487346824
g0_seed11,TRAIN,p001231,p001231_a000214,83,45.11917325936484,101.80891025755149,0.54296875,3.4472944540020194,2.2816724986774375,-0.04052734375,False,False,16.528348025940776,16.528348025940776
g0_seed11,TRAIN,p100067,p100067_a005746,2,11.072841288456736,86.12265902777163,0.8935546875,-1.2076322942257143,3.8271722695623254,-0.00439453125,False,False,51.92620962510685,51.92620962510685
g0_seed11,TRAIN,p100067,p100067_a005746,8,11.621113365378402,94.84262552009885,0.89892578125,-0.12794504324622835,1.2847463726265858,0.0,False,False,53.007002656411856,53.007002656411856
g0_seed11,TRAIN,p100067,p100067_a005746,14,11.815929462823046,92.28225278654423,0.90087890625,-0.025489956192158658,3.1042414255708195,-0.0068359375,False,False,52.00157545752621,52.00157545752621
g0_seed11,TRAIN,p100067,p100067_a005746,20,11.63711950814342,90.19044445552775,0.9033203125,-0.1190123709061659,5.165554386554959,-0.00537109375,False,False,59.54290715201668,59.54290715201668
g0_seed11,TRAIN,p100067,p100067_a005746,26,12.448758768983827,89.2095873007442,0.892578125,0.5566840708405056,2.645634398033124,-0.00634765625,False,False,53.62546624013072,53.62546624013072
g0_seed11,TRAIN,p100067,p100067_a005746,32,12.335134113927634,97.58983451708026,0.8828125,0.21069961973846318,1.1789232506768457,-0.00732421875,False,False,51.141969704409966,51.141969704409966
g0_seed11,TRAIN,p100067,p100067_a005746,38,12.262821526653411,97.64829856129735,0.8896484375,-0.07241680854453136,4.81459342050384,-0.0078125,False,False,52.53412259308822,52.53412259308822
g0_seed11,TRAIN,p100067,p100067_a005746,44,12.400936684633958,88.41451702694285,0.88330078125,-0.20831544092586363,7.369429684675993,-0.00390625,False,False,50.47353389135101,50.47353389135101
g0_seed11,TRAIN,p100069,p100069_a005191,6,7.895940275663737,35.09958688308244,0.9794921875,-0.9498674182132092,-2.6550066548515616,0.0078125,False,False,65.12920862238057,65.12920862238057
g0_seed11,TRAIN,p100069,p100069_a005191,21,8.138922299339832,35.616104765167755,0.9833984375,-0.39139056203388556,-3.847383975992429,0.0029296875,False,False,65.21784615509976,65.21784615509976
g0_seed11,TRAIN,p100069,p100069_a005191,37,9.314569197990725,45.04028726894861,0.96142578125,-0.14304522534782294,7.452051116176634,-0.0205078125,False,False,75.5779221029158,75.5779221029158
g0_seed11,TRAIN,p100069,p100069_a005191,52,11.592286090421233,45.07654853183608,0.9658203125,-0.04744520705029842,4.051453062684786,-0.0029296875,False,False,32.57547341349476,32.57547341349476
g0_seed11,TRAIN,p100069,p100069_a005191,68,8.654253108107772,36.88340864746824,0.98486328125,-1.589086003860599,-6.509751512300149,0.02392578125,False,False,2.738529096137116,2.738529096137116
g0_seed11,TRAIN,p100069,p100069_a005191,83,9.198790288161634,58.4551829962112,0.93310546875,-0.13755663650671757,16.091083741965797,-0.03662109375,False,False,70.54443796270158,70.54443796270158
g0_seed11,TRAIN,p100069,p100069_a005191,99,9.4405183298569,39.944269616731916,0.9755859375,-0.4152579095178428,-3.0116976787654437,0.00830078125,False,False,59.36795500283384,59.36795500283384
g0_seed11,TRAIN,p100069,p100069_a005191,114,11.527345866944279,51.80934565352937,0.9443359375,-1.9170527738978578,-0.3480648630375711,0.00048828125,False,False,5.806230749800731,5.806230749800731
g0_seed11,TRAIN,p100069,p100069_a005746,2,10.492230341675993,89.10036228057696,0.8671875,-2.22139764523334,0.6718164061709473,0.0087890625,False,False,27.953781637612334,27.953781637612334
g0_seed11,TRAIN,p100069,p100069_a005746,8,10.222462460278837,78.02983650433775,0.89453125,-1.5939825091562891,-1.1233247864001328,0.00146484375,False,False,20.617342598883962,20.617342598883962
g0_seed11,TRAIN,p100069,p100069_a005746,14,10.713847893078633,88.44454438899837,0.8740234375,-1.8881662801804922,-2.059177648297805,-0.0029296875,False,False,21.520474409659883,21.520474409659883
g0_seed11,TRAIN,p100069,p100069_a005746,20,10.421837585250454,79.47150853716064,0.88916015625,-1.6342739018335983,-5.356094939294266,0.0,False,False,22.954052651533004,22.954052651533004
g0_seed11,TRAIN,p100069,p100069_a005746,27,10.712497965311453,88.12449626739146,0.88037109375,-1.6663415174409213,0.9776586003920897,0.00048828125,False,False,20.606247070307653,20.606247070307653
g0_seed11,TRAIN,p100069,p100069_a005746,33,10.88660769123749,86.46483911726328,0.8779296875,-1.1316653287858074,-0.23698000058814728,-0.00634765625,False,False,20.284708882824066,20.284708882824066
g0_seed11,TRAIN,p100069,p100069_a005746,39,10.665647897445224,84.8570301038292,0.89306640625,-1.1300482572887933,-0.9160067948968873,0.00634765625,False,False,21.544052078993285,21.544052078993285
g0_seed11,TRAIN,p100069,p100069_a005746,45,10.781011744222168,91.24549092944815,0.873046875,-1.5345270276822003,-1.1132352197691517,-0.0068359375,False,False,20.997638232109384,20.997638232109384
g0_seed11,TRAIN,p100072,p100072_a001242,6,12.686270453929815,47.71648788767427,0.95703125,0.09021569403794061,2.589880112235562,-0.0078125,False,False,74.64146164789918,74.64146164789918
g0_seed11,TRAIN,p100072,p100072_a001242,20,13.175847076808417,47.85121573123223,0.95703125,0.9799184937341252,2.730856235154164,-0.00830078125,False,False,68.0198451970904,68.0198451970904
g0_seed11,TRAIN,p100072,p100072_a001242,34,17.398802977655535,51.32222190033777,0.94189453125,2.1279179679662317,3.6982790550690154,-0.01708984375,False,False,17.42251815284174,17.42251815284174
g0_seed11,TRAIN,p100072,p100072_a001242,48,23.242861796776218,180.72479028779446,0.73974609375,0.30285945004530745,42.243397957130895,-0.01904296875,False,False,11.268245046088664,11.268245046088664
g0_seed11,TRAIN,p100072,p100072_a001242,63,21.833320994301246,123.76951013233605,0.7744140625,-0.4738857026421712,20.538362289672108,-0.0263671875,False,False,12.928604572959816,12.928604572959816
g0_seed11,TRAIN,p100072,p100072_a001242,77,17.060650686527453,51.79444370317916,0.94482421875,0.5966040229105118,4.262534835713616,-0.013671875,False,False,28.223881501020536,28.223881501020536
g0_seed11,TRAIN,p100072,p100072_a001242,91,12.389515742660498,52.45552290581658,0.9423828125,-0.06748640094924063,3.667582781563368,-0.009765625,False,False,92.08551865563813,92.08551865563813
g0_seed11,TRAIN,p100072,p100072_a001242,105,12.426175606551947,47.65747497010507,0.9609375,0.873069334979867,1.9689582072297398,-0.00439453125,False,False,45.343109689289435,45.343109689289435
g0_seed11,TRAIN,p100085,p100085_a000042,1,14.129706778389853,52.76328848789661,0.9384765625,1.210818027462805,1.6775179382330023,-0.0087890625,False,False,57.021973957274305,57.021973957274305
g0_seed11,TRAIN,p100085,p100085_a000042,2,12.85198055127551,54.65220470232069,0.93359375,-0.23663536087667225,1.5572834608848822,-0.00537109375,False,False,63.10836767410724,63.10836767410724
g0_seed11,TRAIN,p100085,p100085_a000042,4,13.691733505305773,55.31816448515882,0.9326171875,0.36515231855974406,1.6808964610099935,-0.0068359375,False,False,58.573582312491354,58.573582312491354
g0_seed11,TRAIN,p100085,p100085_a000042,6,12.935605345595002,55.18634706101213,0.93212890625,0.15886391384949405,3.0955756116080906,-0.01025390625,False,False,56.323625735498084,56.323625735498084
g0_seed11,TRAIN,p100085,p100085_a000042,8,13.072904539197442,53.52925325625556,0.9384765625,0.8021163389355639,1.7120315533807329,-0.00537109375,False,False,57.55206036280206,57.55206036280206
g0_seed11,TRAIN,p100085,p100085_a000042,10,12.430525576596184,54.56911529270918,0.93798828125,0.2119303368421761,1.9463790380827106,-0.00439453125,False,False,53.66896601773599,53.66896601773599
g0_seed11,TRAIN,p100085,p100085_a000042,12,12.430163331298367,52.24569252745929,0.94287109375,0.6516775012599894,0.002428831013077115,0.00439453125,False,False,53.28324173880805,53.28324173880805
g0_seed11,TRAIN,p100085,p100085_a000042,13,12.518805149716481,54.280754512094795,0.93701171875,-0.27573893269843097,1.6981213397258088,0.0,False,False,57.08906082413237,57.08906082413237
g0_seed11,TRAIN,p100086,p100086_a001415,3,15.68466409277918,53.07498511069746,0.93798828125,4.362237359294159,13.059347251401775,-0.03955078125,False,False,103.04991270429811,103.04991270429811
g0_seed11,TRAIN,p100086,p100086_a001415,10,16.864709616533183,53.24065138586112,0.93603515625,4.723045174102047,12.309360758874561,-0.04345703125,False,False,100.20257731009966,100.20257731009966
g0_seed11,TRAIN,p100086,p100086_a001415,17,15.732163006530586,53.784751304445706,0.93603515625,4.1995474503212495,13.056009782237695,-0.0439453125,False,False,99.76603971354794,99.76603971354794
g0_seed11,TRAIN,p100086,p100086_a001415,24,16.305383919872234,54.7293746926403,0.931640625,4.863280381658882,14.441368897612534,-0.044921875,False,False,101.22441697632073,101.22441697632073
g0_seed11,TRAIN,p100086,p100086_a001415,32,16.123412365064347,54.6406213791125,0.935546875,4.60366240437687,15.41545209515305,-0.04248046875,False,False,108.087442096873,108.087442096873
g0_seed11,TRAIN,p100086,p100086_a001415,39,16.304488797056585,55.497324678218554,0.93212890625,4.846895738701594,13.933052151156637,-0.04345703125,False,False,106.85970205368335,106.85970205368335
g0_seed11,TRAIN,p100086,p100086_a001415,46,15.311808208412373,54.14980875851694,0.93310546875,3.8988097584707226,11.180410032091494,-0.0439453125,False,False,105.15157314189456,105.15157314189456
g0_seed11,TRAIN,p100086,p100086_a001415,53,16.892394134374328,54.43768554572914,0.93115234375,5.54497537502081,12.83159026167943,-0.04345703125,False,False,102.98571779997282,102.98571779997282
g0_seed11,TRAIN,p100089,p100089_a005814,4,44.78949144535082,123.7020410959405,0.55126953125,11.963257743484832,27.931705167456826,-0.134765625,False,False,10.576488130426204,10.576488130426204
g0_seed11,TRAIN,p100089,p100089_a005814,14,43.212719248407744,144.31722037964352,0.54736328125,7.195345847113394,37.489426543088854,-0.11181640625,False,False,3.351678892965654,3.351678892965654
g0_seed11,TRAIN,p100089,p100089_a005814,24,42.15728730490818,122.55863798559896,0.57861328125,12.837049485800872,29.781259020429502,-0.12548828125,False,False,13.645009250824696,13.645009250824696
g0_seed11,TRAIN,p100089,p100089_a005814,34,45.92745257736618,127.508024523573,0.54443359375,14.33830895603559,32.41642379645211,-0.1376953125,False,False,12.324234937744572,12.324234937744572
g0_seed11,TRAIN,p100089,p100089_a005814,43,46.13790484347177,140.34185511165896,0.53955078125,16.280960443380604,45.767313187350354,-0.16015625,False,False,6.142087202117748,6.142087202117748
g0_seed11,TRAIN,p100089,p100089_a005814,53,44.095050044026465,116.75841558049044,0.5576171875,14.141677915133876,26.178168494647636,-0.1298828125,False,False,16.61653814199288,16.61653814199288
g0_seed11,TRAIN,p100089,p100089_a005814,63,45.16439917016841,123.05191537106703,0.54296875,15.339377363818706,34.99226655273904,-0.1552734375,False,False,12.368413018639108,12.368413018639108
g0_seed11,TRAIN,p100089,p100089_a005814,73,42.60901146187119,117.49250369779406,0.57568359375,13.103150571856965,26.655977223134016,-0.13720703125,False,False,16.990350254316603,16.990350254316603
g0_seed11,TRAIN,p100090,p100090_a005401,1,15.683134030710141,63.18900371131255,0.91845703125,-3.454030378139814,-11.083740312199282,0.03076171875,False,False,86.54421322183299,86.54421322183299
g0_seed11,TRAIN,p100090,p100090_a005401,3,14.302836359610655,56.908701051632505,0.9296875,-4.633376868490682,-27.29204499916588,0.046875,False,False,95.04710932473658,95.04710932473658
g0_seed11,TRAIN,p100090,p100090_a005401,5,14.825291375575198,55.254013872097175,0.9345703125,-5.160540737499005,-22.51629621260861,0.06201171875,False,False,91.86874218909682,91.86874218909682
g0_seed11,TRAIN,p100090,p100090_a005401,7,14.08870055672654,58.804934170151206,0.91064453125,-5.643837547738453,-23.308974887833166,0.0380859375,False,False,96.97714914693111,96.97714914693111
g0_seed11,TRAIN,p100090,p100090_a005401,9,13.393783356066793,58.6538700412663,0.9140625,-6.179238129609656,-18.92882586502205,0.02880859375,False,False,108.43334518576283,108.43334518576283
g0_seed11,TRAIN,p100090,p100090_a005401,11,14.358090951394745,50.730644627897256,0.9482421875,-4.750694171515205,-17.056192728920045,0.0537109375,False,False,78.48183860751256,78.48183860751256
g0_seed11,TRAIN,p100090,p100090_a005401,13,14.96005868272644,58.56967335791853,0.9345703125,-4.5923834719676435,-22.441622046838077,0.05126953125,False,False,90.80841146174535,90.80841146174535
g0_seed11,TRAIN,p100090,p100090_a005401,15,14.49253229606278,54.599124971121505,0.9384765625,-4.6755648934921545,-18.29208221763094,0.05078125,False,False,88.9726297451096,88.9726297451096
g0_seed11,TRAIN,p100092,p100092_a001307,4,26.383137781003363,114.54178065897439,0.75830078125,1.355609206658798,12.77446269093008,-0.01123046875,False,False,40.16610807881517,40.16610807881517
g0_seed11,TRAIN,p100092,p100092_a001307,14,26.225469465458247,118.43914810175076,0.76171875,2.49455240124081,35.87976951967788,-0.03759765625,False,False,36.587303835877606,36.587303835877606
g0_seed11,TRAIN,p100092,p100092_a001307,24,21.01089628818439,67.65271855583595,0.87158203125,3.1398880056219873,7.382554413644321,-0.02197265625,False,False,14.354159279180747,14.354159279180747
g0_seed11,TRAIN,p100092,p100092_a001307,34,25.164141338829957,81.15647141343686,0.82421875,4.117108230390546,13.352689617331336,-0.0361328125,False,False,44.89753314540197,44.89753314540197
g0_seed11,TRAIN,p100092,p100092_a001307,44,23.352095356107682,70.90970702358433,0.85009765625,3.5246634691250023,9.560996896605694,-0.03662109375,False,False,18.855521750236196,18.855521750236196
g0_seed11,TRAIN,p100092,p100092_a001307,54,31.20054037465762,140.04497009945143,0.72021484375,6.64808874830641,46.894934519380925,-0.025390625,False,False,34.26203116281177,34.26203116281177
g0_seed11,TRAIN,p100092,p100092_a001307,64,32.31287149754047,145.4235758186567,0.70654296875,2.5258333976118124,32.01453000668914,0.00927734375,False,False,35.11528638689301,35.11528638689301
g0_seed11,TRAIN,p100092,p100092_a001307,74,31.24272668931839,125.97400539291866,0.6953125,4.834786008346008,15.836464629186125,-0.0439453125,False,False,21.155203216417814,21.155203216417814
g0_seed23,VAL,p001194,p001194_a000062,5,8.43075952311817,39.55313008503543,0.9755859375,-1.5738909693696943,-10.524651059451891,0.02587890625,False,False,10.825877975156926,10.825877975156926
g0_seed23,VAL,p001194,p001194_a000062,17,8.722712013221914,40.45688240750463,0.97265625,-1.112838472320334,-9.13290266650732,0.02197265625,False,False,11.596408636975116,11.596408636975116
g0_seed23,VAL,p001194,p001194_a000062,29,12.518169224710952,45.70635087004315,0.96240234375,3.3246626809891247,6.558206526388986,-0.0126953125,False,False,2.187813654123305,2.187813654123305
g0_seed23,VAL,p001194,p001194_a000062,41,11.257206629980296,119.14245910372028,0.90869140625,0.4065656382550138,65.13646750136516,-0.03076171875,False,False,11.185919665540881,11.185919665540881
g0_seed23,VAL,p001194,p001194_a000062,53,10.534027919144112,57.25822991639013,0.9306640625,-0.6929062610562156,18.994270423161034,-0.052734375,False,False,6.477891280200086,6.477891280200086
g0_seed23,VAL,p001194,p001194_a000062,65,10.761411586295075,40.84468081587942,0.97412109375,2.5971849971021594,-2.5928340213323864,0.01123046875,False,False,18.724522493178718,18.724522493178718
g0_seed23,VAL,p001194,p001194_a000062,77,9.361837204349932,42.19065172285287,0.97900390625,-2.5115454986204604,-4.839725185640489,0.0224609375,False,False,7.867317016277025,7.867317016277025
g0_seed23,VAL,p001194,p001194_a000062,89,9.257518090667247,43.439663731054985,0.96875,-0.9057226570967796,-1.3439296513249772,0.0126953125,False,False,11.680052312372263,11.680052312372263
g0_seed23,VAL,p001194,p001194_a000986,10,11.426136447616253,50.97008158638305,0.94677734375,1.4984716999486754,0.5266239522877925,-0.001953125,False,False,36.75724590587467,36.75724590587467
g0_seed23,VAL,p001194,p001194_a000986,36,16.51288702558664,54.35975414933305,0.931640625,8.107996212346045,8.19085861351924,-0.0205078125,False,False,35.475178736003635,35.475178736003635
g0_seed23,VAL,p001194,p001194_a000986,62,11.612425223411403,62.26859771861046,0.9169921875,0.7836605093208107,14.526323194103867,-0.03857421875,False,False,42.85019025780332,42.85019025780332
g0_seed23,VAL,p001194,p001194_a000986,88,9.701072141513135,31.417152031100223,0.99267578125,1.8495888467689774,5.265782042369551,-0.00439453125,False,False,16.554355448621656,16.554355448621656
g0_seed23,VAL,p001194,p001194_a000986,114,9.528416811744648,37.36315078777265,0.97998046875,0.03313522009745995,3.699947172789507,0.001953125,False,False,11.992133445298023,11.992133445298023
g0_seed23,VAL,p001194,p001194_a000986,140,12.78497164220082,61.95097746493087,0.92578125,2.143390458272581,14.363838721526747,-0.02734375,False,False,36.90325564930204,36.90325564930204
g0_seed23,VAL,p001194,p001194_a000986,166,15.068975713010296,46.28207836199655,0.96240234375,5.337850034869625,8.142387113275063,-0.021484375,False,False,13.33943946640583,13.33943946640583
g0_seed23,VAL,p001194,p001194_a000986,192,7.711010042638625,31.725743414999275,0.99658203125,-0.035691642862526685,2.988648154121062,-0.00341796875,False,False,15.990274890555717,15.990274890555717
g0_seed23,TRAIN,p001195,p001195_a000053,6,163.9334653560353,204.7021520178606,0.00634765625,-9.407366626223109,-8.747772215267418,0.00341796875,True,True,188.65543074719676,0.0
g0_seed23,TRAIN,p001195,p001195_a000053,21,160.44066037616358,198.9062138238978,0.00830078125,-8.304273327728339,-7.724586424209662,0.00146484375,True,True,183.77477546110694,0.0
g0_seed23,TRAIN,p001195,p001195_a000053,37,23.33355562177327,90.90664744172452,0.82275390625,-194.87247787902606,-191.62985280283564,0.8212890625,False,True,177.36215347347792,177.36215347347792
g0_seed23,TRAIN,p001195,p001195_a000053,52,160.74644450856854,222.7335080871797,0.01318359375,-54.21825184928119,-40.580172013398226,0.01318359375,True,True,188.99816874766498,0.0
g0_seed23,TRAIN,p001195,p001195_a000053,68,153.53133509832537,209.93337185987355,0.01220703125,-61.12247099533252,-62.18676979423094,0.00927734375,True,True,178.38062684498783,0.0
g0_seed23,TRAIN,p001195,p001195_a000053,83,19.430408431356142,56.180200867962434,0.9169921875,-164.45056748417286,-166.45489176920913,0.91650390625,False,True,171.0632789954828,171.0632789954828
g0_seed23,TRAIN,p001195,p001195_a000053,99,12.672752211299455,42.15208964615384,0.9755859375,-1.1227352362344494,3.8482580243508906,-0.0166015625,False,False,110.59761347209982,110.59761347209982
g0_seed23,TRAIN,p001195,p001195_a000053,114,154.23441775108103,190.6637166049243,0.00390625,-22.01190187795237,-16.295525787339074,0.00048828125,True,True,178.04865017739786,0.0
g0_seed23,TRAIN,p001195,p001195_a000986,11,173.15922700465973,208.51492648164378,0.001953125,-9.553484122138428,-7.541813984351933,0.00048828125,True,True,200.45343263222637,0.0
g0_seed23,TRAIN,p001195,p001195_a000986,39,12.940841602785277,57.29311859886939,0.91259765625,2.7189885447474627,16.738194978519225,-0.064453125,False,False,141.746426577997,141.746426577997
g0_seed23,TRAIN,p001195,p001195_a000986,68,15.009107955336653,88.23446588115871,0.87646484375,-3.107073975905429,-43.117566401074384,0.00537109375,False,False,126.6060749037633,126.6060749037633
g0_seed23,TRAIN,p001195,p001195_a000986,96,19.448537638586338,57.36772645788139,0.9169921875,-144.63590786926528,-138.89501979692096,0.8994140625,False,True,177.22299587267437,177.22299587267437
g0_seed23,TRAIN,p001195,p001195_a000986,125,18.873999987355973,70.7249685148064,0.888671875,2.2708180327531267,7.365329561788386,-0.00341796875,False,False,168.75768884194784,168.75768884194784
g0_seed23,TRAIN,p001195,p001195_a000986,153,140.2319959105547,187.72069096741401,0.08740234375,121.80045294403891,105.92586166748588,-0.79931640625,True,False,186.0165623998692,0.0
g0_seed23,TRAIN,p001195,p001195_a000986,182,157.6955347941252,209.22924952481995,0.01708984375,-3.342264326637519,6.207668107098016,-0.0048828125,True,True,180.6541458475713,0.0
g0_seed23,TRAIN,p001195,p001195_a000986,210,162.6773032758361,198.36898449268878,0.0078125,-6.195628483683038,-6.545788107603499,0.00146484375,True,True,184.7165812124439,0.0
g0_seed23,VAL,p001196,p001196_a000388,11,18.23703720485253,50.846530120705324,0.94482421875,3.8302469739241207,8.354996289013137,-0.0244140625,False,False,38.21295975939414,38.21295975939414
g0_seed23,VAL,p001196,p001196_a000388,40,34.72082885415476,90.79985577960464,0.69091796875,20.575826991206334,51.24872583744642,-0.28515625,False,False,10.891111586776272,10.891111586776272
g0_seed23,VAL,p001196,p001196_a000388,69,13.583611093506384,47.87259900810417,0.9541015625,3.1086011868090946,8.02326064218073,-0.0244140625,False,False,7.1231829805273605,7.1231829805273605
g0_seed23,VAL,p001196,p001196_a000388,98,15.875214070063905,53.37246480030643,0.93701171875,4.008608740744332,12.938079233964537,-0.03759765625,False,False,46.046186840840015,46.046186840840015
g0_seed23,VAL,p001196,p001196_a000388,127,27.724419772060692,84.7282382574044,0.76123046875,15.351114705027383,36.084713088636924,-0.19189453125,False,False,30.01858385637518,30.01858385637518
g0_seed23,VAL,p001196,p001196_a000388,156,26.047957333481804,105.90913766806413,0.70947265625,11.60745685974645,44.42526706457528,-0.2060546875,False,False,14.458586756542896,14.458586756542896
g0_seed23,VAL,p001196,p001196_a000388,185,28.30204743415601,66.39011104907902,0.83056640625,15.293003440776982,13.219477072956082,-0.11279296875,False,False,36.05987852733688,36.05987852733688
g0_seed23,VAL,p001196,p001196_a000388,214,20.85521543156376,54.072161296037194,0.9365234375,6.628410765478803,7.2246728428782845,-0.02099609375,False,False,44.89159259868399,44.89159259868399
g0_seed23,TRAIN,p001197,p001197_a000062,5,14.809366280438587,58.97589937243578,0.92529296875,4.614793658081121,4.177591133041375,-0.015625,False,False,20.564905165686856,20.564905165686856
g0_seed23,TRAIN,p001197,p001197_a000062,16,14.842004966852452,52.028205020977914,0.9423828125,4.645278954998817,4.109708598350707,-0.0107421875,False,False,18.532919280443064,18.532919280443064
g0_seed23,TRAIN,p001197,p001197_a000062,28,18.151887770274968,62.427061924252534,0.8681640625,3.9253050443309725,11.079885378949577,-0.07958984375,False,False,8.13853013383548,8.13853013383548
g0_seed23,TRAIN,p001197,p001197_a000062,40,16.44898439338138,83.58432959112105,0.8271484375,-0.9437591038890147,11.731330677454721,-0.015625,False,False,32.30467569407829,32.30467569407829
g0_seed23,TRAIN,p001197,p001197_a000062,52,13.40132740023625,159.62431180787576,0.83544921875,-0.3447286792889859,36.47602595627866,-0.03369140625,False,False,87.75192968505135,87.75192968505135
g0_seed23,TRAIN,p001197,p001197_a000062,64,13.138887276734511,93.70305432198244,0.84521484375,-8.209865292940353,8.878824365575355,0.0244140625,False,False,82.46353160805202,82.46353160805202
g0_seed23,TRAIN,p001197,p001197_a000062,76,17.00984969628736,77.4263744036101,0.84375,-0.5648513049271813,15.608969449997453,-0.041015625,False,False,26.15107393116633,26.15107393116633
g0_seed23,TRAIN,p001197,p001197_a000062,87,15.030137805377828,64.62281461996918,0.91064453125,2.701832067220307,6.1263732381559635,-0.025390625,False,False,15.589629131168437,15.589629131168437
g0_seed23,TRAIN,p001197,p001197_a001238,3,14.916703658473502,64.79215595705536,0.92041015625,-2.004078092169589,-30.865919793793637,0.044921875,False,False,128.3648313032887,128.3648313032887
g0_seed23,TRAIN,p001197,p001197_a001238,10,14.01694895780063,70.91274635244785,0.90478515625,-2.2814444207231332,-33.853424575074,0.0166015625,False,False,126.08896751766937,126.08896751766937
g0_seed23,TRAIN,p001197,p001197_a001238,18,14.96358671036284,63.26544815402736,0.92431640625,-1.581864977378686,-27.120501275820267,0.03271484375,False,False,125.08690764058866,125.08690764058866
g0_seed23,TRAIN,p001197,p001197_a001238,25,14.388339923281439,70.84961473282199,0.92138671875,-1.7298682348454868,-36.47751706192568,0.03076171875,False,False,126.24696664087747,126.24696664087747
g0_seed23,TRAIN,p001197,p001197_a001238,33,14.759165722848941,91.79686901785801,0.90625,-0.8968339774342446,-38.28254962892909,0.021484375,False,False,136.9417236694009,136.9417236694009
g0_seed23,TRAIN,p001197,p001197_a001238,40,13.174643711252791,65.20379774644309,0.92529296875,-1.3400909332898525,-32.107869708077644,0.01904296875,False,False,83.87497087745699,83.87497087745699
g0_seed23,TRAIN,p001197,p001197_a001238,48,13.729924484364245,72.48305899833257,0.912109375,-2.128419142353172,-32.20650109469213,0.03076171875,False,False,127.13298596229863,127.13298596229863
g0_seed23,TRAIN,p001197,p001197_a001238,55,14.083650847439094,76.45007090243398,0.9208984375,-2.207369237321286,-47.49173006626023,0.0380859375,False,False,129.2352338200009,129.2352338200009
g0_seed23,VAL,p001199,p001199_a001398,1,12.100060924909581,56.11482698878007,0.923828125,-0.05652869206463862,12.949510677329691,-0.04541015625,False,False,25.31695695921839,25.31695695921839
g0_seed23,VAL,p001199,p001199_a001398,4,12.305635754142216,55.56610146053354,0.92431640625,-0.10211251559874945,16.08148197207924,-0.0458984375,False,False,25.709871568116238,25.709871568116238
g0_seed23,VAL,p001199,p001199_a001398,8,11.406807573753458,57.079445752651225,0.923828125,0.02591300435578603,13.182197578231055,-0.048828125,False,False,20.970743808750736,20.970743808750736
g0_seed23,VAL,p001199,p001199_a001398,11,11.853008570376646,57.79265325424529,0.9228515625,0.2994136897667392,15.815413838183012,-0.05322265625,False,False,23.05642503694351,23.05642503694351
g0_seed23,VAL,p001199,p001199_a001398,14,11.453722218062133,53.94471552572743,0.93115234375,0.2390744246251355,12.39126497972083,-0.03662109375,False,False,25.467458507393463,25.467458507393463
g0_seed23,VAL,p001199,p001199_a001398,17,12.11746482011008,51.837988428044106,0.94189453125,1.3044251726219223,9.744806955700433,-0.03466796875,False,False,24.80014631462098,24.80014631462098
g0_seed23,VAL,p001199,p001199_a001398,21,12.482654407764494,52.70020187329641,0.93505859375,0.8576036535410534,10.982484653297348,-0.037109375,False,False,27.604793581132085,27.604793581132085
g0_seed23,VAL,p001199,p001199_a001398,24,11.888422814600627,55.761792679926316,0.92529296875,0.3117503176247354,13.190320560586436,-0.04345703125,False,False,27.752714239281588,27.752714239281588
g0_seed23,VAL,p001201,p001201_a005135,2,12.222796570224599,33.73626508607514,0.990234375,1.8102698679473566,-1.4686204234117426,0.00048828125,False,False,26.59772198765842,26.59772198765842
g0_seed23,VAL,p001201,p001201_a005135,7,11.57012113151578,30.011437869797337,0.9970703125,1.3307829580131845,-1.2070410101635147,0.00341796875,False,False,31.237468106239273,31.237468106239273
g0_seed23,VAL,p001201,p001201_a005135,11,12.406844953852964,39.823599438525605,0.9609375,2.0223116954120517,-1.5506291005867965,0.00244140625,False,False,31.20848788812967,31.20848788812967
g0_seed23,VAL,p001201,p001201_a005135,16,11.990667877143363,31.38006483929157,0.99365234375,1.8352760796158485,-1.6963787121614686,-0.0009765625,False,False,34.24586551232494,34.24586551232494
g0_seed23,VAL,p001201,p001201_a005135,21,12.07218962832884,29.99297705514207,0.99462890625,2.1306216983208266,-3.6345952138869535,0.001953125,False,False,26.35467097338163,26.35467097338163
g0_seed23,VAL,p001201,p001201_a005135,26,13.48697638573812,30.587796529892017,0.99267578125,2.5290763714927476,-4.464724773452282,0.0009765625,False,False,27.838957455862833,27.838957455862833
g0_seed23,VAL,p001201,p001201_a005135,30,12.888827200538154,32.98831772165104,0.9912109375,2.4616793522351568,-4.463058504334683,0.00390625,False,False,23.87000012077838,23.87000012077838
g0_seed23,VAL,p001201,p001201_a005135,35,12.365799390029798,30.73088605061084,0.99267578125,1.2854156369278247,-2.183660762534977,0.00048828125,False,False,27.79535808904767,27.79535808904767
g0_seed23,TRAIN,p001202,p001202_a001230,2,28.828022694350118,96.15754023809063,0.7783203125,10.366920550876628,25.10395655745687,-0.0947265625,False,False,55.592630520041496,55.592630520041496
g0_seed23,TRAIN,p001202,p001202_a001230,9,30.8970909537763,98.74720571414595,0.77197265625,12.616136069315843,30.80823779862358,-0.119140625,False,False,53.66623459445349,53.66623459445349
g0_seed23,TRAIN,p001202,p001202_a001230,15,28.57328434110152,96.61055032532602,0.7998046875,10.730888813962785,28.14843307274711,-0.0888671875,False,False,56.14747141676313,56.14747141676313
g0_seed23,TRAIN,p001202,p001202_a001230,21,29.372740537788932,96.29634176502681,0.7900390625,10.378749725399775,27.97958446018417,-0.0849609375,False,False,54.14251372167297,54.14251372167297
g0_seed23,TRAIN,p001202,p001202_a001230,28,28.074049696504517,91.95407217169786,0.80224609375,8.238596199522028,26.764804605236506,-0.09619140625,False,False,50.75728242116537,50.75728242116537
g0_seed23,TRAIN,p001202,p001202_a001230,34,28.984448221427378,92.81046635530383,0.79638671875,9.590385643248617,27.214203454722565,-0.0888671875,False,False,52.916553931839346,52.916553931839346
g0_seed23,TRAIN,p001202,p001202_a001230,40,27.58567513494895,96.40180409350579,0.79931640625,9.431478568480006,31.404609152833928,-0.09375,False,False,56.13084107028073,56.13084107028073
g0_seed23,TRAIN,p001202,p001202_a001230,47,28.1403321905588,85.87249446926194,0.81494140625,8.420147557443574,18.547303945104062,-0.06494140625,False,False,53.496525562950204,53.496525562950204
g0_seed23,TRAIN,p001202,p001202_a005135,1,26.24867117346004,58.3529656968054,0.8994140625,16.896117391974162,20.030712248438867,-0.09033203125,False,False,34.830140125294854,34.830140125294854
g0_seed23,TRAIN,p001202,p001202_a005135,5,21.672434043672304,55.246455141176824,0.92822265625,12.75819498905932,16.73382516381227,-0.0615234375,False,False,28.76843322124492,28.76843322124492
g0_seed23,TRAIN,p001202,p001202_a005135,8,18.377633611801162,47.07033844655047,0.96142578125,8.802523571286043,9.333782531149446,-0.02880859375,False,False,36.01722515296373,36.01722515296373
g0_seed23,TRAIN,p001202,p001202_a005135,12,23.470503459875246,52.28343579612588,0.9375,13.43214291359801,14.9263745459712,-0.0556640625,False,False,31.835598670214758,31.835598670214758
g0_seed23,TRAIN,p001202,p001202_a005135,15,17.078688105406602,47.19889460257339,0.9638671875,7.295603981152105,7.822221609120419,-0.02685546875,False,False,37.79241931124667,37.79241931124667
g0_seed23,TRAIN,p001202,p001202_a005135,19,14.821697472249802,44.09616873706875,0.9736328125,5.544201589014897,7.417695215628527,-0.017578125,False,False,36.02858184072905,36.02858184072905
g0_seed23,TRAIN,p001202,p001202_a005135,22,17.207152946572286,48.95090462137352,0.9541015625,8.062139308601154,8.822030029275574,-0.03466796875,False,False,35.75683689176663,35.75683689176663
g0_seed23,TRAIN,p001202,p001202_a005135,26,16.725339137245097,45.76656312680538,0.966796875,7.518906372817966,7.508415323313123,-0.02490234375,False,False,39.93367989204626,39.93367989204626
g0_seed23,TRAIN,p001203,p001203_a000032,3,16.644492985191434,46.017531438544665,0.96630859375,0.5349529438832086,0.6957911504999288,-0.00439453125,False,False,46.28916891108112,46.28916891108112
g0_seed23,TRAIN,p001203,p001203_a000032,9,18.845626354692058,47.79628137080684,0.9609375,1.5073489883382756,3.5781711790915907,-0.01171875,False,False,48.75233169373531,48.75233169373531
g0_seed23,TRAIN,p001203,p001203_a000032,16,17.89034433554255,48.69138535213625,0.958984375,1.1006746873849842,3.794463791211001,-0.01123046875,False,False,53.636970961127666,53.636970961127666
g0_seed23,TRAIN,p001203,p001203_a000032,22,18.17633956514764,48.96895752661682,0.95751953125,0.14388442233812526,2.7100343890613487,-0.0068359375,False,False,64.9075619721287,64.9075619721287
g0_seed23,TRAIN,p001203,p001203_a000032,29,19.66581157304143,49.77745722501979,0.95166015625,1.9239238726954824,6.410529873405977,-0.02392578125,False,False,58.889525320569,58.889525320569
g0_seed23,TRAIN,p001203,p001203_a000032,35,16.141078989407614,51.55531110581043,0.94384765625,-0.04115751338992979,6.09671303571271,-0.0224609375,False,False,62.305330651434225,62.305330651434225
g0_seed23,TRAIN,p001203,p001203_a000032,42,18.961475452060938,54.44324929840468,0.9228515625,3.411335112019401,11.296471827337228,-0.05078125,False,False,45.08123399605252,45.08123399605252
g0_seed23,TRAIN,p001203,p001203_a000032,48,16.983016101658933,47.490146737250164,0.962890625,0.038162545925189306,3.8088534223126302,-0.0078125,False,False,51.94564292661051,51.94564292661051
g0_seed23,TRAIN,p001204,p001204_a003011,1,13.024032352928057,54.01380633205628,0.94091796875,0.6669881571938312,8.47528049202539,-0.02392578125,False,False,30.967888154818798,30.967888154818798
g0_seed23,TRAIN,p001204,p001204_a003011,3,13.106335284340073,51.36346222141076,0.94580078125,0.9304371320221296,6.153106107614526,-0.0205078125,False,False,36.70260622257739,36.70260622257739
g0_seed23,TRAIN,p001204,p001204_a003011,6,13.230946886669358,59.53573913296718,0.93212890625,0.05949907618895267,12.658848749998413,-0.03076171875,False,False,29.00597652285569,29.00597652285569
g0_seed23,TRAIN,p001204,p001204_a003011,8,12.998735415804187,55.37150280103826,0.9365234375,0.08308570333418785,9.289740600556406,-0.02734375,False,False,31.588857680524878,31.588857680524878
g0_seed23,TRAIN,p001204,p001204_a003011,10,13.228448325657785,62.580444991578375,0.93115234375,0.21899036811104544,13.855627624904486,-0.0263671875,False,False,29.691648691213967,29.691648691213967
g0_seed23,TRAIN,p001204,p001204_a003011,12,13.47609794164909,58.98123056670269,0.9287109375,0.695292740799303,12.32343318175407,-0.0322265625,False,False,36.499254322517714,36.499254322517714
g0_seed23,TRAIN,p001204,p001204_a003011,15,12.447060222641454,59.57389384609424,0.9345703125,0.6740905517362563,15.33672435169835,-0.03173828125,False,False,34.09445363342496,34.09445363342496
g0_seed23,TRAIN,p001204,p001204_a003011,17,12.918979106528095,62.50954484267501,0.9248046875,0.9856806547701993,15.485870111364349,-0.0322265625,False,False,32.724003560250324,32.724003560250324
g0_seed23,TRAIN,p001210,p001210_a001226,2,49.15418007119517,245.12364970771915,0.50634765625,0.2676992446284743,11.092680791620268,0.0009765625,False,False,84.89529346447776,84.89529346447776
g0_seed23,TRAIN,p001210,p001210_a001226,6,48.97794831089881,229.67019339946478,0.5087890625,-0.22667016184232835,14.4119018301771,0.00048828125,False,False,87.76718999749222,87.76718999749222
g0_seed23,TRAIN,p001210,p001210_a001226,10,52.00268488670353,239.1366915013958,0.48046875,1.2700781295122638,4.189552079130834,-0.0107421875,False,False,93.7169057856719,93.7169057856719
g0_seed23,TRAIN,p001210,p001210_a001226,14,52.13470176258316,232.5996571718529,0.482421875,0.17807858511423547,5.786456723636206,-0.00244140625,False,False,92.08024861163962,92.08024861163962
g0_seed23,TRAIN,p001210,p001210_a001226,18,51.30717216557799,236.22456505759104,0.48974609375,1.3201358196925028,10.159042935828126,-0.01123046875,False,False,96.11763331393003,96.11763331393003
g0_seed23,TRAIN,p001210,p001210_a001226,22,50.17208628460085,261.95684596940043,0.49853515625,1.4967949079309903,16.947196756367163,-0.01171875,False,False,88.23914291675925,88.23914291675925
g0_seed23,TRAIN,p001210,p001210_a001226,26,50.344308023931504,242.28625671422367,0.49658203125,1.613197357557965,16.888144754974064,-0.0126953125,False,False,82.63038007911986,82.63038007911986
g0_seed23,TRAIN,p001210,p001210_a001226,30,49.71710056024456,224.854303638769,0.50341796875,0.5107009783088046,14.254268889337595,-0.0048828125,False,False,96.60051619052038,96.60051619052038
g0_seed23,TRAIN,p001216,p001216_a001423,1,26.35725307831699,92.6986363649587,0.7314453125,9.00860931011577,27.868525077592707,-0.15625,False,False,32.05977095378303,32.05977095378303
g0_seed23,TRAIN,p001216,p001216_a001423,4,24.045354633036766,96.13872491845883,0.7373046875,7.452818934783089,29.2271889558166,-0.1435546875,False,False,31.064316419424365,31.064316419424365
g0_seed23,TRAIN,p001216,p001216_a001423,7,23.20673701852922,89.13616705651074,0.763671875,8.19496208250742,20.657834758494673,-0.12060546875,False,False,40.86660633100729,40.86660633100729
g0_seed23,TRAIN,p001216,p001216_a001423,10,25.120794985709733,86.38455677149415,0.7861328125,7.2815898010343965,20.582314034127762,-0.09716796875,False,False,55.33411129636273,55.33411129636273
g0_seed23,TRAIN,p001216,p001216_a001423,13,28.070681116885055,96.43483606220191,0.7236328125,10.537607754408008,27.113922348044852,-0.15234375,False,False,36.021181029360136,36.021181029360136
g0_seed23,TRAIN,p001216,p001216_a001423,16,26.10958913537045,93.43610017918346,0.7548828125,8.260946189014561,25.760531670848067,-0.12890625,False,False,40.14963417606624,40.14963417606624
g0_seed23,TRAIN,p001216,p001216_a001423,19,24.4648298421843,97.56325138658859,0.71923828125,6.521732184532013,30.02779383100568,-0.16845703125,False,False,29.193510053227193,29.193510053227193
g0_seed23,TRAIN,p001216,p001216_a001423,22,25.117687579213886,90.28989672219322,0.74462890625,6.412207192307587,25.55951185062341,-0.14013671875,False,False,35.96749590790224,35.96749590790224
g0_seed23,TRAIN,p001225,p001225_a005341,1,18.90140620812523,61.38602935491819,0.8935546875,2.882038973926104,8.896378159575107,-0.04833984375,False,False,105.39633889155492,105.39633889155492
g0_seed23,TRAIN,p001225,p001225_a005341,5,19.43748723737088,65.41453888391867,0.873046875,3.1159025670777325,12.533452768226347,-0.06884765625,False,False,90.80877306394122,90.80877306394122
g0_seed23,TRAIN,p001225,p001225_a005341,9,20.372897527888917,65.30678934545725,0.8759765625,3.948780057583388,8.223831477299406,-0.04833984375,False,False,100.7913650460328,100.7913650460328
g0_seed23,TRAIN,p001225,p001225_a005341,13,21.12246295469508,62.603552658100945,0.86962890625,3.848720142845437,8.71979927291786,-0.06982421875,False,False,100.66840758267001,100.66840758267001
g0_seed23,TRAIN,p001225,p001225_a005341,16,21.55858225874706,70.13918265561199,0.8505859375,5.164543811542472,19.17829093500385,-0.09521484375,False,False,104.12979950738695,104.12979950738695
g0_seed23,TRAIN,p001225,p001225_a005341,20,22.481892377465705,71.89452589917126,0.822265625,5.214312066874257,16.01978888812163,-0.11328125,False,False,89.5126462084757,89.5126462084757
g0_seed23,TRAIN,p001225,p001225_a005341,24,22.029193636695876,72.98938846153675,0.822265625,5.101226429614503,15.56081720225162,-0.10693359375,False,False,96.02819263631727,96.02819263631727
g0_seed23,TRAIN,p001225,p001225_a005341,28,20.76112533684288,66.4676445093797,0.859375,3.3007357713873198,8.814515765763787,-0.0712890625,False,False,89.29897237782613,89.29897237782613
g0_seed23,TRAIN,p001226,p001226_a000223,6,34.71991052123295,77.73415920084864,0.67578125,22.29556104644807,39.00305163040913,-0.30712890625,False,False,24.155256344641767,24.155256344641767
g0_seed23,TRAIN,p001226,p001226_a000223,21,35.374262984892134,77.57658351525176,0.65576171875,23.396042974471225,38.18608709343236,-0.326171875,False,False,26.168027426073095,26.168027426073095
g0_seed23,TRAIN,p001226,p001226_a000223,36,19.31311397596869,51.07447579781205,0.939453125,8.218149441505137,10.224559669706132,-0.037109375,False,False,33.834573881267126,33.834573881267126
g0_seed23,TRAIN,p001226,p001226_a000223,51,24.261053179505353,62.94518230429636,0.8271484375,12.595038664796096,27.220955307316835,-0.1611328125,False,False,43.79049348348282,43.79049348348282
g0_seed23,TRAIN,p001226,p001226_a000223,66,32.52806922686358,78.5738097055993,0.68994140625,19.38696507687283,41.81011356431967,-0.29443359375,False,False,25.08762982927532,25.08762982927532
g0_seed23,TRAIN,p001226,p001226_a000223,81,14.710700011177762,51.876485519689425,0.94189453125,3.9242235143741055,14.029405022498672,-0.0478515625,False,False,47.88860761095255,47.88860761095255
g0_seed23,TRAIN,p001226,p001226_a000223,96,37.238025527360215,81.94112667831763,0.66162109375,24.702606084033853,43.004572685411375,-0.32275390625,False,False,20.27718462980029,20.27718462980029
g0_seed23,TRAIN,p001226,p001226_a000223,111,33.913480469469874,79.71397228201762,0.6953125,21.22025594475046,41.86974486878391,-0.28759765625,False,False,24.91144985452463,24.91144985452463
g0_seed23,TRAIN,p001231,p001231_a000029,1,30.839729668342276,166.60482512603346,0.69775390625,11.19388121033047,61.761300497816336,-0.1337890625,False,False,47.200550829562694,47.200550829562694
g0_seed23,TRAIN,p001231,p001231_a000029,3,29.6402466141111,157.73178282024597,0.7138671875,10.303296858433718,56.9063752290119,-0.10498046875,False,False,49.393190907179495,49.393190907179495
g0_seed23,TRAIN,p001231,p001231_a000029,5,32.666046442838876,168.12847300731144,0.68212890625,13.155706407376488,61.56332233811192,-0.15576171875,False,False,49.29540128074298,49.29540128074298
g0_seed23,TRAIN,p001231,p001231_a000029,7,28.774545078761353,148.57533592719474,0.72119140625,9.71619503156224,52.86714661011456,-0.12744140625,False,False,53.707622023061575,53.707622023061575
g0_seed23,TRAIN,p001231,p001231_a000029,8,30.588656516748703,165.09053572283318,0.70166015625,10.690365793224213,56.58456425305586,-0.12646484375,False,False,46.41970693199909,46.41970693199909
g0_seed23,TRAIN,p001231,p001231_a000029,10,31.546914804122856,167.4190258956693,0.6943359375,12.339489587209094,64.61965030968265,-0.150390625,False,False,49.60280753766299,49.60280753766299
g0_seed23,TRAIN,p001231,p001231_a000029,12,29.982741777217242,171.60461805805724,0.71630859375,10.81250492175208,61.55674708846206,-0.119140625,False,False,48.44887884861861,48.44887884861861
g0_seed23,TRAIN,p001231,p001231_a000029,14,28.333646979953986,143.78009727548752,0.73388671875,8.86224267403292,48.86450568882239,-0.1201171875,False,False,54.18924169944718,54.18924169944718
g0_seed23,TRAIN,p001231,p001231_a000075,3,43.29842099065229,116.11363817714253,0.55712890625,30.925908591360642,65.21825767502717,-0.39111328125,False,False,4.368317691821074,4.368317691821074
g0_seed23,TRAIN,p001231,p001231_a000075,12,41.40473620253594,112.84177654938357,0.59130859375,29.167320867407156,63.056671762374044,-0.35986328125,False,False,4.718415346369414,4.718415346369414
g0_seed23,TRAIN,p001231,p001231_a000075,20,40.16619212930246,105.68125164932697,0.5927734375,28.566550582529388,60.40321134312519,-0.3740234375,False,False,10.633127972447872,10.633127972447872
g0_seed23,TRAIN,p001231,p001231_a000075,29,43.62762155939643,110.38053997022354,0.556640625,28.207930534189018,49.20977910385261,-0.34912109375,False,False,11.690976642393725,11.690976642393725
g0_seed23,TRAIN,p001231,p001231_a000075,37,40.61359119279362,99.4687586216187,0.58056640625,24.91790866734223,38.4798546664217,-0.32470703125,False,False,22.738022263838836,22.738022263838836
g0_seed23,TRAIN,p001231,p001231_a000075,46,51.3449534327454,131.77858683181984,0.486328125,38.76190024793474,84.27737666060003,-0.4697265625,False,False,6.846206543026509,6.846206543026509
g0_seed23,TRAIN,p001231,p001231_a000075,54,42.532270390613014,119.88335124623327,0.57763671875,32.01982460605031,69.95487380263938,-0.37255859375,False,False,8.544375118795394,8.544375118795394
g0_seed23,TRAIN,p001231,p001231_a000075,63,44.17651126890958,127.55203107772094,0.55419921875,33.7714403090233,72.85491336839974,-0.3837890625,False,False,7.048731792740028,7.048731792740028
g0_seed23,TRAIN,p001231,p001231_a000214,4,50.73627112951638,122.52974639193975,0.4951171875,17.39075179806329,36.021582067652275,-0.2080078125,False,False,9.355734957824936,9.355734957824936
g0_seed23,TRAIN,p001231,p001231_a000214,16,52.530818911342834,119.50508785257885,0.4755859375,23.393874324881654,42.46648773806544,-0.30078125,False,False,12.117701201015006,12.117701201015006
g0_seed23,TRAIN,p001231,p001231_a000214,27,40.30314174148094,120.37287559579697,0.5908203125,-0.4579861850200473,5.992133688253375,0.01171875,False,False,29.75088716758223,29.75088716758223
g0_seed23,TRAIN,p001231,p001231_a000214,38,24.133637838983987,113.82593138016034,0.76513671875,6.635709235062539,33.271869130041026,-0.078125,False,False,31.778874683592868,31.778874683592868
g0_seed23,TRAIN,p001231,p001231_a000214,49,18.38702785034854,89.48300135443135,0.81201171875,2.862940802986227,24.036556026110944,-0.06787109375,False,False,23.00685628090425,23.00685628090425
g0_seed23,TRAIN,p001231,p001231_a000214,60,23.774027917982373,84.2271421423621,0.7724609375,4.486530728018735,17.516347865892726,-0.08251953125,False,False,32.12599209154656,32.12599209154656
g0_seed23,TRAIN,p001231,p001231_a000214,71,51.7950431635098,120.16870644583524,0.4833984375,18.148267005121916,36.80697272041057,-0.20361328125,False,False,23.711687944932205,23.711687944932205
g0_seed23,TRAIN,p001231,p001231_a000214,83,50.87397037739182,119.87162772767252,0.4912109375,9.202091572028998,20.344389968798467,-0.09228515625,False,False,26.931873649524672,26.931873649524672
g0_seed23,TRAIN,p100067,p100067_a005746,2,8.78766753484414,74.74438500966075,0.88671875,-3.492806047838311,-7.551101748548561,-0.01123046875,False,False,4.138684246040006,4.138684246040006
g0_seed23,TRAIN,p100067,p100067_a005746,8,8.018349152663511,75.11157130253976,0.8984375,-3.73070925596112,-18.446307844932505,-0.00048828125,False,False,8.03906430165818,8.03906430165818
g0_seed23,TRAIN,p100067,p100067_a005746,14,8.46639898712155,71.71043208996521,0.89599609375,-3.3750204318936543,-17.467579271008205,-0.01171875,False,False,21.141016516330918,21.141016516330918
g0_seed23,TRAIN,p100067,p100067_a005746,20,8.411829876943106,72.27894397448289,0.89599609375,-3.344302002106481,-12.74594609448991,-0.0126953125,False,False,21.59153704151412,21.59153704151412
g0_seed23,TRAIN,p100067,p100067_a005746,26,8.578768123726487,67.80848727083854,0.8876953125,-3.313306574416835,-18.75546563187254,-0.01123046875,False,False,20.463563279051456,20.463563279051456
g0_seed23,TRAIN,p100067,p100067_a005746,32,8.789200061150042,75.20362340937845,0.88330078125,-3.335234433039128,-21.207287857024966,-0.0068359375,False,False,17.453166362802424,17.453166362802424
g0_seed23,TRAIN,p100067,p100067_a005746,38,9.724041942752383,74.39279399878245,0.890625,-2.61119639244556,-18.44091114201106,-0.0068359375,False,False,15.572461984394847,15.572461984394847
g0_seed23,TRAIN,p100067,p100067_a005746,44,9.787752656679933,74.82541025547171,0.884765625,-2.821499468879889,-6.219677086795144,-0.00244140625,False,False,19.191055159958594,19.191055159958594
g0_seed23,TRAIN,p100069,p100069_a005191,6,9.89301666772797,38.9334910072393,0.96044921875,1.0472089738510242,1.1788974693052978,-0.01123046875,False,False,9.464670046742322,9.464670046742322
g0_seed23,TRAIN,p100069,p100069_a005191,21,10.652460256046199,58.56693659559146,0.91943359375,2.1221473946724814,19.103447854431273,-0.06103515625,False,False,9.240197942456902,9.240197942456902
g0_seed23,TRAIN,p100069,p100069_a005191,37,10.163958493069511,43.59431498979528,0.9599609375,0.7063440697309638,6.006078837023303,-0.02197265625,False,False,30.669764433422635,30.669764433422635
g0_seed23,TRAIN,p100069,p100069_a005191,52,8.052731726344582,34.96164878823779,0.98486328125,-3.586999571126949,-6.063446680913508,0.01611328125,False,False,6.089547902061176,6.089547902061176
g0_seed23,TRAIN,p100069,p100069_a005191,68,8.852008167490101,25.445689061739046,0.99658203125,-1.3913309444782698,-17.94747109802934,0.03564453125,False,False,9.876295737173976,9.876295737173976
g0_seed23,TRAIN,p100069,p100069_a005191,83,8.173989777776145,42.42768734338631,0.96142578125,-1.162357146892207,0.0635880891409073,-0.00830078125,False,False,21.949644880271983,21.949644880271983
g0_seed23,TRAIN,p100069,p100069_a005191,99,8.633560996271385,36.37231979256384,0.97607421875,-1.2222152431033582,-6.583647502933516,0.0087890625,False,False,25.708974407758962,25.708974407758962
g0_seed23,TRAIN,p100069,p100069_a005191,114,10.712587766115526,52.168591033981045,0.9443359375,-2.7318108747266105,0.011180517414103974,0.00048828125,False,False,25.94204214113168,25.94204214113168
g0_seed23,TRAIN,p100069,p100069_a005746,2,27.749211105790124,62.27250172815744,0.83447265625,15.03558311888079,-26.156044146248576,-0.02392578125,False,False,21.825645195042746,21.825645195042746
g0_seed23,TRAIN,p100069,p100069_a005746,8,20.555190173599755,57.61402796102168,0.9208984375,8.738745204164628,-21.539133329716208,0.02783203125,False,False,37.857477373450024,37.857477373450024
g0_seed23,TRAIN,p100069,p100069_a005746,14,28.253051230415558,68.82835734501028,0.720703125,15.651037057156433,-21.675364692285896,-0.15625,False,False,14.093341982575247,14.093341982575247
g0_seed23,TRAIN,p100069,p100069_a005746,20,27.819853538502525,65.84190981908577,0.78466796875,15.763742051418472,-18.98569365736914,-0.1044921875,False,False,20.527434831170822,20.527434831170822
g0_seed23,TRAIN,p100069,p100069_a005746,27,26.96456913572235,62.12512841589,0.85302734375,14.585729652969976,-25.02170925110937,-0.02685546875,False,False,24.24097455440625,24.24097455440625
g0_seed23,TRAIN,p100069,p100069_a005746,33,24.226299530910055,65.22614783900384,0.8681640625,12.208026510886757,-21.475671278847585,-0.01611328125,False,False,33.85179058985769,33.85179058985769
g0_seed23,TRAIN,p100069,p100069_a005746,39,22.94822054330066,64.51595503239213,0.88134765625,11.152524388566643,-21.257081866333962,-0.00537109375,False,False,33.68367912109882,33.68367912109882
g0_seed23,TRAIN,p100069,p100069_a005746,45,21.24427595829933,67.05054070906353,0.89453125,8.928737186394962,-25.30818544015378,0.0146484375,False,False,37.046238297070616,37.046238297070616
g0_seed23,TRAIN,p100072,p100072_a001242,6,14.69769935567431,57.18636773937938,0.92138671875,2.1016445957824352,12.059759963940671,-0.04345703125,False,False,103.11184499178647,103.11184499178647
g0_seed23,TRAIN,p100072,p100072_a001242,20,14.753836636865636,57.95805233804279,0.91015625,2.557908053791344,12.837692841964724,-0.05517578125,False,False,76.13218370098066,76.13218370098066
g0_seed23,TRAIN,p100072,p100072_a001242,34,18.616948642987474,76.48919238438278,0.8056640625,3.3460636332981704,28.865249539114018,-0.1533203125,False,False,31.16972475699598,31.16972475699598
g0_seed23,TRAIN,p100072,p100072_a001242,48,33.23717287244105,424.1822399680876,0.6015625,10.29717052571014,285.700847637424,-0.1572265625,False,False,48.94871022044878,48.94871022044878
g0_seed23,TRAIN,p100072,p100072_a001242,63,33.61361369797807,415.41059022920734,0.615234375,11.30640700103465,312.1794423865434,-0.185546875,False,False,42.11802463814109,42.11802463814109
g0_seed23,TRAIN,p100072,p100072_a001242,77,17.751194066256907,67.57923712822137,0.8447265625,1.2871474026399667,20.04732826075582,-0.11376953125,False,False,48.98726780037485,48.98726780037485
g0_seed23,TRAIN,p100072,p100072_a001242,91,15.342222796069338,63.56357082111027,0.9033203125,2.8852206524595996,14.775630696857057,-0.048828125,False,False,93.24509781525639,93.24509781525639
g0_seed23,TRAIN,p100072,p100072_a001242,105,14.848597845537727,61.58430661773601,0.8857421875,3.2954915739656467,15.89578985486068,-0.07958984375,False,False,69.4067486576076,69.4067486576076
g0_seed23,TRAIN,p100085,p100085_a000042,1,16.167963561875396,56.98201366153881,0.92822265625,3.2490748109483487,5.896243111875201,-0.01904296875,False,False,63.0063830836409,63.0063830836409
g0_seed23,TRAIN,p100085,p100085_a000042,2,16.266286351036065,53.8024350424972,0.93017578125,3.177670438883883,0.7075138010613955,-0.0087890625,False,False,53.288216189045556,53.288216189045556
g0_seed23,TRAIN,p100085,p100085_a000042,4,15.244030598622256,54.30951553656024,0.93017578125,1.9174494118762269,0.6722475124114169,-0.00927734375,False,False,51.35084477699989,51.35084477699989
g0_seed23,TRAIN,p100085,p100085_a000042,6,16.921794515941276,54.93438610794541,0.9326171875,4.145053084195768,2.8436146585413695,-0.009765625,False,False,69.96918839430147,69.96918839430147
g0_seed23,TRAIN,p100085,p100085_a000042,8,15.221487097788303,53.468861090067584,0.93994140625,2.9506988975264257,1.651639387192759,-0.00390625,False,False,54.180184362362574,54.180184362362574
g0_seed23,TRAIN,p100085,p100085_a000042,10,15.151141112532919,53.39186239526705,0.93603515625,2.9325458727789115,0.76912614064058,-0.00634765625,False,False,48.820015302733644,48.820015302733644
g0_seed23,TRAIN,p100085,p100085_a000042,12,15.63460381347486,54.81609178542834,0.93701171875,3.856117983436482,2.572828088982128,-0.00146484375,False,False,60.541631902686184,60.541631902686184
g0_seed23,TRAIN,p100085,p100085_a000042,13,16.181627044079114,57.38867615152925,0.9228515625,3.387082961664202,4.806042979160267,-0.01416015625,False,False,50.59126481431568,50.59126481431568
g0_seed23,TRAIN,p100086,p100086_a001415,3,16.617237675617297,51.55918525160187,0.9443359375,5.294810942132276,11.54354739230618,-0.033203125,False,False,79.26396638283498,79.26396638283498
g0_seed23,TRAIN,p100086,p100086_a001415,10,18.515470807420026,52.97561231651188,0.93408203125,6.373806364988891,12.044321689525319,-0.04541015625,False,False,83.48767043331377,83.48767043331377
g0_seed23,TRAIN,p100086,p100086_a001415,17,17.483022055109323,51.86091934558049,0.93994140625,5.950406498899987,11.13217782337248,-0.0400390625,False,False,82.4990722609571,82.4990722609571
g0_seed23,TRAIN,p100086,p100086_a001415,24,17.534914356467212,51.221966323259515,0.94189453125,6.092810818253859,10.93396052823175,-0.03466796875,False,False,84.13693228063963,84.13693228063963
g0_seed23,TRAIN,p100086,p100086_a001415,32,17.192472193447202,51.071231708622214,0.9453125,5.672722232759725,11.846062424662762,-0.03271484375,False,False,85.4128808296168,85.4128808296168
g0_seed23,TRAIN,p100086,p100086_a001415,39,18.17800905687123,52.86338122351206,0.93994140625,6.720415998516238,11.29910869645014,-0.03564453125,False,False,84.19459159737261,84.19459159737261
g0_seed23,TRAIN,p100086,p100086_a001415,46,17.346222662885584,49.37854292212392,0.9521484375,5.933224212943934,6.409144195698474,-0.02490234375,False,False,86.69183447733774,86.69183447733774
g0_seed23,TRAIN,p100086,p100086_a001415,53,20.355744039524964,56.12800742953081,0.912109375,9.008325280171446,14.521912145481103,-0.0625,False,False,82.02973889040852,82.02973889040852
g0_seed23,TRAIN,p100089,p100089_a005814,4,38.426071467412626,112.01026311220537,0.60986328125,5.5998377655466385,16.23992718372169,-0.076171875,False,False,27.838935107549943,27.838935107549943
g0_seed23,TRAIN,p100089,p100089_a005814,14,42.69740275297256,154.42969337542257,0.56494140625,6.680029351678208,47.60189953886791,-0.09423828125,False,False,9.272013550285493,9.272013550285493
g0_seed23,TRAIN,p100089,p100089_a005814,24,36.694311686638684,123.06775618817304,0.61279296875,7.374073867531376,30.290377223003574,-0.09130859375,False,False,24.60671996037301,24.60671996037301
g0_seed23,TRAIN,p100089,p100089_a005814,34,36.239843591457365,113.48921562718654,0.61474609375,4.650699970126773,18.397614900065648,-0.0673828125,False,False,30.281308591045345,30.281308591045345
g0_seed23,TRAIN,p100089,p100089_a005814,43,42.71942418391947,146.58668884267146,0.56103515625,12.862479783828302,52.01214691836286,-0.138671875,False,False,14.556943022972279,14.556943022972279
g0_seed23,TRAIN,p100089,p100089_a005814,53,36.42276702679728,109.86502431504177,0.6162109375,6.469394897904692,19.284777229198966,-0.0712890625,False,False,32.5410597600288,32.5410597600288
g0_seed23,TRAIN,p100089,p100089_a005814,63,38.00414873016881,115.43729760968569,0.603515625,8.179126923819105,27.3776487913577,-0.0947265625,False,False,27.403158916426364,27.403158916426364
g0_seed23,TRAIN,p100089,p100089_a005814,73,34.66909302130305,108.15655866959321,0.65625,5.163232131288822,17.320032194933162,-0.056640625,False,False,32.99709249914422,32.99709249914422
g0_seed23,TRAIN,p100090,p100090_a005401,1,16.12266311813256,73.71397025856217,0.890625,-3.0145012907173943,-0.5587737649496631,0.0029296875,False,False,24.017929037329015,24.017929037329015
g0_seed23,TRAIN,p100090,p100090_a005401,3,14.797434863962836,75.46586374737747,0.88818359375,-4.138778364138501,-8.734882303420918,0.00537109375,False,False,25.557375924999818,25.557375924999818
g0_seed23,TRAIN,p100090,p100090_a005401,5,15.180376105836059,76.49893774596194,0.8916015625,-4.805456007238144,-1.271372338743845,0.01904296875,False,False,21.3623514393296,21.3623514393296
g0_seed23,TRAIN,p100090,p100090_a005401,7,16.43879951301309,72.58439564676367,0.884765625,-3.293738591451902,-9.529513411220705,0.01220703125,False,False,22.096169736327994,22.096169736327994
g0_seed23,TRAIN,p100090,p100090_a005401,9,21.509510358551466,90.92577641189526,0.85009765625,1.9364888728750174,13.343080505606906,-0.03515625,False,False,21.375617898037927,21.375617898037927
g0_seed23,TRAIN,p100090,p100090_a005401,11,15.622069410895605,61.52036783145575,0.9130859375,-3.4867157120143446,-6.2664695253615506,0.0185546875,False,False,26.050524115256156,26.050524115256156
g0_seed23,TRAIN,p100090,p100090_a005401,13,16.226884388533527,68.16348715182562,0.8974609375,-3.325557766160557,-12.847808252930989,0.01416015625,False,False,18.58428486589372,18.58428486589372
g0_seed23,TRAIN,p100090,p100090_a005401,15,15.171354929862648,60.010137959064764,0.91650390625,-3.9967422596922866,-12.881069229687682,0.02880859375,False,False,32.32288166710071,32.32288166710071
g0_seed23,TRAIN,p100092,p100092_a001307,4,25.63868430602802,100.65977570495536,0.76953125,0.6111557316834535,-1.1075422630889449,0.0,False,False,16.298997681362827,16.298997681362827
g0_seed23,TRAIN,p100092,p100092_a001307,14,24.20412122849782,140.84041785706086,0.78271484375,0.47320416428038214,58.281039274987975,-0.0166015625,False,False,11.532427290985117,11.532427290985117
g0_seed23,TRAIN,p100092,p100092_a001307,24,24.474408441734983,104.00975892617406,0.8095703125,6.60340015917258,43.73959478398243,-0.083984375,False,False,14.697124760741284,14.697124760741284
g0_seed23,TRAIN,p100092,p100092_a001307,34,28.530525631688107,109.60606975279657,0.72119140625,7.483492523248696,41.802287956691046,-0.13916015625,False,False,45.633724682841766,45.633724682841766
g0_seed23,TRAIN,p100092,p100092_a001307,44,27.439844738553546,108.15287710388252,0.73779296875,7.612412851570866,46.80416697690388,-0.14892578125,False,False,23.678305448453496,23.678305448453496
g0_seed23,TRAIN,p100092,p100092_a001307,54,29.86908308952121,153.59451497727608,0.7373046875,5.316631463170001,60.44447939720557,-0.00830078125,False,False,12.790922238248719,12.790922238248719
g0_seed23,TRAIN,p100092,p100092_a001307,64,31.79881656677724,163.49038558953345,0.7119140625,2.0117784668485825,50.08133977756589,0.0146484375,False,False,16.562486635630144,16.562486635630144
g0_seed23,TRAIN,p100092,p100092_a001307,74,31.207401891047837,126.97615756009989,0.72705078125,4.799461210075457,16.83861679636736,-0.01220703125,False,False,10.397533538213665,10.397533538213665
g0_seed37,VAL,p001194,p001194_a000062,5,7.646735786123944,26.080843603140256,0.99658203125,-2.3579147063639194,-23.996937541347062,0.046875,False,False,73.28659065198546,73.28659065198546
g0_seed37,VAL,p001194,p001194_a000062,17,8.106486364965825,28.213060683068047,0.99609375,-1.7290641205764228,-21.376724390943902,0.04541015625,False,False,70.80914832141657,70.80914832141657
g0_seed37,VAL,p001194,p001194_a000062,29,23.220863464158484,49.07128189636134,0.958984375,14.027356920436656,9.923137552707175,-0.01611328125,False,False,77.22158053085312,77.22158053085312
g0_seed37,VAL,p001194,p001194_a000062,41,14.170708269989635,200.13386392208469,0.86962890625,3.3200672782643537,146.12787231972956,-0.06982421875,False,False,125.53070652775067,125.53070652775067
g0_seed37,VAL,p001194,p001194_a000062,53,16.826670903749584,102.99403457481384,0.857421875,5.599736723549256,64.73007508158474,-0.1259765625,False,False,138.08172587045482,138.08172587045482
g0_seed37,VAL,p001194,p001194_a000062,65,10.184737646997537,33.788691300656275,0.99365234375,2.0205110578046206,-9.648823536555533,0.03076171875,False,False,44.813136817271726,44.813136817271726
g0_seed37,VAL,p001194,p001194_a000062,77,9.068357687260963,29.06257564898509,0.9990234375,-2.805025015709429,-17.96780125950827,0.04248046875,False,False,52.8819124358992,52.8819124358992
g0_seed37,VAL,p001194,p001194_a000062,89,8.437500446525263,30.312802748015283,0.99755859375,-1.7257403012387638,-14.470790634364679,0.04150390625,False,False,31.75442646445558,31.75442646445558
g0_seed37,VAL,p001194,p001194_a000986,10,8.950693847444668,36.25820199999198,0.978515625,-0.9769709002229092,-14.185255634103278,0.02978515625,False,False,26.494966625801325,26.494966625801325
g0_seed37,VAL,p001194,p001194_a000986,36,11.096009775324335,48.42483389441345,0.9521484375,2.69111896208374,2.255938358599643,0.0,False,False,34.49320280765902,34.49320280765902
g0_seed37,VAL,p001194,p001194_a000986,62,200.0015028362986,323.9555332396207,0.0859375,189.17273812220802,276.21325871511414,-0.86962890625,True,False,241.6886357738152,0.0
g0_seed37,VAL,p001194,p001194_a000986,88,12.48741959417794,39.47435017477345,0.9853515625,4.635936299433782,13.322980186042777,-0.01171875,False,False,62.59636577880173,62.59636577880173
g0_seed37,VAL,p001194,p001194_a000986,114,10.925354790292467,39.60111162815894,0.97314453125,1.4300731986452782,5.937908013175793,-0.0048828125,False,False,31.625378049646027,31.625378049646027
g0_seed37,VAL,p001194,p001194_a000986,140,190.19701727091908,284.59567135398294,0.10888671875,179.55543608699082,237.0085326105788,-0.84423828125,True,False,225.89010180868894,0.0
g0_seed37,VAL,p001194,p001194_a000986,166,14.886399873836943,48.23441273965014,0.95556640625,5.155274195696272,10.094721490928656,-0.0283203125,False,False,128.99467214000717,128.99467214000717
g0_seed37,VAL,p001194,p001194_a000986,192,7.825320329537188,34.2808628849387,0.9970703125,0.07861864403603658,5.543767624060486,-0.0029296875,False,False,37.12902549535373,37.12902549535373
g0_seed37,TRAIN,p001195,p001195_a000053,6,186.99937902789475,220.49859752102293,0.00146484375,13.65854704563634,7.0486732878949,-0.00146484375,True,True,220.6570321660949,0.0
g0_seed37,TRAIN,p001195,p001195_a000053,21,180.6801348059529,213.0636257233125,0.00341796875,11.935201102060972,6.43282547520505,-0.00341796875,True,True,212.55539032739853,0.0
g0_seed37,TRAIN,p001195,p001195_a000053,37,21.158949966157607,64.0479687541947,0.865234375,-197.04708353464173,-218.48853149036546,0.86376953125,False,True,176.45514597516066,176.45514597516066
g0_seed37,TRAIN,p001195,p001195_a000053,52,19.678935023297093,119.21853466905111,0.80224609375,-195.28576133455263,-144.09514543152682,0.80224609375,False,True,154.3211479454054,154.3211479454054
g0_seed37,TRAIN,p001195,p001195_a000053,68,167.8966422481156,250.70393752259736,0.056640625,-46.757163845542294,-21.41620413150713,0.0537109375,True,True,211.37847647186499,0.0
g0_seed37,TRAIN,p001195,p001195_a000053,83,151.71048540327678,188.2192175586367,0.0048828125,-32.17049051225223,-34.41587507853487,0.00439453125,True,True,178.05147214719796,0.0
g0_seed37,TRAIN,p001195,p001195_a000053,99,19.915719010506223,51.32445293187867,0.9443359375,6.120231562972318,13.020621310075718,-0.0478515625,False,False,122.35805088416184,122.35805088416184
g0_seed37,TRAIN,p001195,p001195_a000053,114,170.38932952990882,201.55985175665603,0.0029296875,-5.856990099124573,-5.399390635607347,-0.00048828125,True,True,195.92587506491125,0.0
g0_seed37,TRAIN,p001195,p001195_a000986,11,188.89835246829944,220.31813897238965,0.0,6.185641341501281,4.261398506393931,-0.00146484375,True,True,222.56508006726665,0.0
g0_seed37,TRAIN,p001195,p001195_a000986,39,136.0879496657464,187.88478008984228,0.04052734375,125.8660966077086,147.3298564694921,-0.9365234375,True,False,178.50504070754047,0.0
g0_seed37,TRAIN,p001195,p001195_a000986,68,197.51537397554074,261.79578800872724,0.0625,179.39919204429867,130.44375572649415,-0.80859375,True,False,248.35596713989779,0.0
g0_seed37,TRAIN,p001195,p001195_a000986,96,189.5091930964025,230.57076353708308,0.0078125,25.424747588550872,34.30801728228073,-0.009765625,True,True,216.065760723324,0.0
g0_seed37,TRAIN,p001195,p001195_a000986,125,17.661658082506488,55.30426523681655,0.9130859375,1.058476127903642,-8.055373716201473,0.02099609375,False,False,168.69874999480905,168.69874999480905
g0_seed37,TRAIN,p001195,p001195_a000986,153,222.87739101313923,282.92156122488063,0.03564453125,204.44584804662344,201.12673192495248,-0.85107421875,True,False,273.64975025053366,0.0
g0_seed37,TRAIN,p001195,p001195_a000986,182,168.50137490586687,216.36339178015356,0.0302734375,7.463575785104155,13.34181036243163,0.00830078125,True,True,205.25422537441008,0.0
g0_seed37,TRAIN,p001195,p001195_a000986,210,182.61340817861145,214.49820152207266,0.00390625,13.740476419092317,9.583428921780381,-0.00244140625,True,True,212.6640853313543,0.0
g0_seed37,VAL,p001196,p001196_a000388,11,14.809652440164736,52.66647107313549,0.94189453125,0.40286220923632676,10.174937241443303,-0.02734375,False,False,14.584834800627384,14.584834800627384
g0_seed37,VAL,p001196,p001196_a000388,40,18.08317429452636,54.68267067988901,0.9375,3.9381724315779305,15.131540737730788,-0.03857421875,False,False,28.786108167881384,28.786108167881384
g0_seed37,VAL,p001196,p001196_a000388,69,17.284085485075792,58.087827555258116,0.91845703125,6.809075578378502,18.23848918933468,-0.06005859375,False,False,39.4094338602829,39.4094338602829
g0_seed37,VAL,p001196,p001196_a000388,98,19.017508085707895,54.73608403692742,0.93017578125,7.150902756388323,14.301698470585528,-0.04443359375,False,False,14.389658300777409,14.389658300777409
g0_seed37,VAL,p001196,p001196_a000388,127,16.169706978753975,87.37758407574988,0.8916015625,3.7964019117206664,38.734058906982405,-0.0615234375,False,False,4.203536577892741,4.203536577892741
g0_seed37,VAL,p001196,p001196_a000388,156,14.24270306951911,67.2558119215122,0.875,-0.1977974042162458,5.771941318023352,-0.04052734375,False,False,7.255839569276822,7.255839569276822
g0_seed37,VAL,p001196,p001196_a000388,185,25.565032524116457,92.64819889370058,0.8251953125,12.55598853073743,39.47756491757764,-0.1181640625,False,False,67.24045620051797,67.24045620051797
g0_seed37,VAL,p001196,p001196_a000388,214,16.39696392593134,60.92068322824955,0.90576171875,2.170159259846381,14.073194775090641,-0.0517578125,False,False,12.278200197017634,12.278200197017634
g0_seed37,TRAIN,p001197,p001197_a000062,5,18.61680443885986,63.95402987034306,0.89453125,8.422231816502393,9.155721630948655,-0.04638671875,False,False,22.220307485869224,22.220307485869224
g0_seed37,TRAIN,p001197,p001197_a000062,16,19.373450047225624,57.977607192552526,0.90771484375,9.17672403537199,10.059110769925319,-0.04541015625,False,False,19.28518826155152,19.28518826155152
g0_seed37,TRAIN,p001197,p001197_a000062,28,22.246715064098723,66.56046019502672,0.88916015625,8.020132338154728,15.213283649723763,-0.05859375,False,False,35.42612146878676,35.42612146878676
g0_seed37,TRAIN,p001197,p001197_a000062,40,26.91803684337286,95.03915434078993,0.78271484375,9.525293346102465,23.18615542712361,-0.06005859375,False,False,138.19348350791606,138.19348350791606
g0_seed37,TRAIN,p001197,p001197_a000062,52,152.27694235517487,252.18981730068114,0.17236328125,138.53088627564964,129.04153144908406,-0.69677734375,True,False,202.972026327698,0.0
g0_seed37,TRAIN,p001197,p001197_a000062,64,126.93707037805468,223.84776971139124,0.23583984375,105.58831780837983,139.02353975498414,-0.5849609375,True,False,180.36078116211746,0.0
g0_seed37,TRAIN,p001197,p001197_a000062,76,27.87937641349518,77.70735069978092,0.830078125,10.304675412280638,15.889945746168273,-0.0546875,False,False,92.36701798254006,92.36701798254006
g0_seed37,TRAIN,p001197,p001197_a000062,87,14.260023416978342,59.67758905676315,0.92578125,1.9317176788208208,1.1811476749499406,-0.01025390625,False,False,39.55309591575546,39.55309591575546
g0_seed37,TRAIN,p001197,p001197_a001238,3,36.85037314334008,114.81142233323457,0.64794921875,19.929591392696988,19.15334658238558,-0.2275390625,False,False,172.2305629593193,172.2305629593193
g0_seed37,TRAIN,p001197,p001197_a001238,10,118.20147977605157,234.3478950370971,0.111328125,101.9030863975278,129.58172410957525,-0.77685546875,True,False,188.45109690625986,0.0
g0_seed37,TRAIN,p001197,p001197_a001238,18,117.94184255977638,242.54382846329693,0.09765625,101.39639087203486,152.15787903344932,-0.7939453125,True,False,194.613936920647,0.0
g0_seed37,TRAIN,p001197,p001197_a001238,25,111.76870422153632,229.37328202961967,0.11767578125,95.6504960634094,122.046150234872,-0.77294921875,True,False,180.9032814488434,0.0
g0_seed37,TRAIN,p001197,p001197_a001238,33,110.23414080876594,217.02050494034341,0.12060546875,94.57814110848275,86.94108629355631,-0.76416015625,True,False,178.518306725068,0.0
g0_seed37,TRAIN,p001197,p001197_a001238,40,30.847932031540566,100.92405427284938,0.73974609375,16.333197386997924,3.6123868183286447,-0.16650390625,False,False,168.2340204152665,168.2340204152665
g0_seed37,TRAIN,p001197,p001197_a001238,48,107.69399238144851,221.6744146070698,0.1259765625,91.8356487547311,116.9848545140451,-0.75537109375,True,False,184.02987757008893,0.0
g0_seed37,TRAIN,p001197,p001197_a001238,55,108.78876199254444,216.68570371065636,0.123046875,92.49774190778406,92.74390274196215,-0.759765625,True,False,179.30400191454535,0.0
g0_seed37,VAL,p001199,p001199_a001398,1,12.636353571883765,43.60903289537959,0.9755859375,0.4797639549095454,0.4437165839292163,0.00634765625,False,False,67.38153835726013,67.38153835726013
g0_seed37,VAL,p001199,p001199_a001398,4,13.598126379619753,42.911166816685125,0.9716796875,1.1903781098787878,3.426547328230825,0.00146484375,False,False,61.69685949424247,61.69685949424247
g0_seed37,VAL,p001199,p001199_a001398,8,12.758439435022797,44.92709882303782,0.97412109375,1.3775448656251257,1.0298506486176464,0.00146484375,False,False,53.685404509755976,53.685404509755976
g0_seed37,VAL,p001199,p001199_a001398,11,15.594634902176058,41.567412960060416,0.9853515625,4.04104002156615,-0.4098264560018592,0.00927734375,False,False,56.038700238820134,56.038700238820134
g0_seed37,VAL,p001199,p001199_a001398,14,13.477279601917541,40.50853513042368,0.9833984375,2.2626318084805437,-1.0449154155829206,0.015625,False,False,62.35026874827075,62.35026874827075
g0_seed37,VAL,p001199,p001199_a001398,17,12.835552298682725,41.837403710899764,0.98486328125,2.0225126511945675,-0.25577776144390896,0.00830078125,False,False,66.50019192048407,66.50019192048407
g0_seed37,VAL,p001199,p001199_a001398,21,13.50171809777995,42.29832914054956,0.98193359375,1.8766673435565089,0.5806119205505027,0.009765625,False,False,68.34656120955043,68.34656120955043
g0_seed37,VAL,p001199,p001199_a001398,24,13.693058513315208,40.73489794766864,0.9814453125,2.116386016339316,-1.8365741716712378,0.0126953125,False,False,75.0704309301274,75.0704309301274
g0_seed37,VAL,p001201,p001201_a005135,2,14.423217272853648,39.53075030382566,0.9794921875,4.010690570576406,4.325864794338777,-0.01025390625,False,False,64.0492054130687,64.0492054130687
g0_seed37,VAL,p001201,p001201_a005135,7,14.984341662969033,37.95422771791402,0.984375,4.745003489466438,6.735748837953171,-0.00927734375,False,False,77.33729367178505,77.33729367178505
g0_seed37,VAL,p001201,p001201_a005135,11,15.037281898250505,49.11049638923589,0.9521484375,4.652748639809593,7.73626785012349,-0.00634765625,False,False,72.27812882275018,72.27812882275018
g0_seed37,VAL,p001201,p001201_a005135,16,15.293344262220963,38.22672719080901,0.98974609375,5.1379524646934485,5.150283639355969,-0.0048828125,False,False,71.76026532816456,71.76026532816456
g0_seed37,VAL,p001201,p001201_a005135,21,16.021158037081015,43.11990957695348,0.9775390625,6.0795901070730025,9.492337307924458,-0.01513671875,False,False,71.89741880007769,71.89741880007769
g0_seed37,VAL,p001201,p001201_a005135,26,19.997711252400737,49.22586520496325,0.9541015625,9.039811238155364,14.17334390161895,-0.03759765625,False,False,68.48578633421435,68.48578633421435
g0_seed37,VAL,p001201,p001201_a005135,30,18.09821213118659,46.884058875098354,0.96875,7.6710642828835915,9.432682649112628,-0.0185546875,False,False,69.89770196404861,69.89770196404861
g0_seed37,VAL,p001201,p001201_a005135,35,16.471666854068847,39.681313488486545,0.9853515625,5.391283100966874,6.766766675340726,-0.0068359375,False,False,72.34135784118182,72.34135784118182
g0_seed37,TRAIN,p001202,p001202_a001230,2,16.294456908684825,68.53391928254376,0.884765625,-2.166645234788664,-2.5196643980900006,0.01171875,False,False,42.14658045933173,42.14658045933173
g0_seed37,TRAIN,p001202,p001202_a001230,9,15.132838644371159,70.48285492902299,0.87841796875,-3.1481162400892977,2.5438870135006226,-0.0126953125,False,False,42.36312360468543,42.36312360468543
g0_seed37,TRAIN,p001202,p001202_a001230,15,15.44658275304287,73.88516070699312,0.87646484375,-2.395812774095864,5.423043454414213,-0.01220703125,False,False,38.267996234179044,38.267996234179044
g0_seed37,TRAIN,p001202,p001202_a001230,21,17.372985235947795,76.62938422367878,0.8564453125,-1.6210055764413625,8.312626918836145,-0.0185546875,False,False,44.21561347901315,44.21561347901315
g0_seed37,TRAIN,p001202,p001202_a001230,28,15.865670759419075,71.59134505327692,0.87158203125,-3.9697827375634134,6.402077486815571,-0.02685546875,False,False,46.62286406692128,46.62286406692128
g0_seed37,TRAIN,p001202,p001202_a001230,34,14.944074532017215,74.4164620213791,0.87841796875,-4.449988046161547,8.820199120797838,-0.0068359375,False,False,48.20879561180876,48.20879561180876
g0_seed37,TRAIN,p001202,p001202_a001230,40,14.926552864911413,74.67473478335798,0.8740234375,-3.2276437015575308,9.677539842686116,-0.01904296875,False,False,43.01239858901562,43.01239858901562
g0_seed37,TRAIN,p001202,p001202_a001230,47,16.0776174035271,77.82428468790047,0.86376953125,-3.6425672295881277,10.499094163742598,-0.01611328125,False,False,48.017295567797056,48.017295567797056
g0_seed37,TRAIN,p001202,p001202_a005135,1,8.613877191134787,36.54101946327907,0.984375,-0.7386765903510906,-1.7812339850874608,-0.00537109375,False,False,15.534279271193954,15.534279271193954
g0_seed37,TRAIN,p001202,p001202_a005135,5,8.674258366010477,38.64567636382875,0.98681640625,-0.23998068860250754,0.1330463864641942,-0.0029296875,False,False,9.792659347470439,9.792659347470439
g0_seed37,TRAIN,p001202,p001202_a005135,8,8.347509637296247,35.28147390768198,0.98876953125,-1.2276004032188723,-2.4550820077190494,-0.00146484375,False,False,10.432750759470812,10.432750759470812
g0_seed37,TRAIN,p001202,p001202_a005135,12,8.37313630469314,32.794306016794586,0.99072265625,-1.6652242415840952,-4.562755233360093,-0.00244140625,False,False,5.166418268393111,5.166418268393111
g0_seed37,TRAIN,p001202,p001202_a005135,15,8.947825611073316,37.42461444386607,0.984375,-0.8352585131811807,-1.9520585495869014,-0.00634765625,False,False,4.689546617457761,4.689546617457761
g0_seed37,TRAIN,p001202,p001202_a005135,19,8.295714355300115,35.56924575051429,0.98779296875,-0.9817815279347908,-1.1092277709259335,-0.00341796875,False,False,5.673627958821401,5.673627958821401
g0_seed37,TRAIN,p001202,p001202_a005135,22,8.513709807595223,36.49522737884938,0.9853515625,-0.6313038303759093,-3.6336472132485653,-0.00341796875,False,False,5.980400271808908,5.980400271808908
g0_seed37,TRAIN,p001202,p001202_a005135,26,8.241326345446948,34.98056034001689,0.9873046875,-0.9651064189801826,-3.2775874634753634,-0.00439453125,False,False,9.913382455532243,9.913382455532243
g0_seed37,TRAIN,p001203,p001203_a000032,3,24.887798356712793,74.30206176881002,0.77001953125,8.778258315404567,28.980321480765284,-0.20068359375,False,False,98.13958904355397,98.13958904355397
g0_seed37,TRAIN,p001203,p001203_a000032,9,24.721872623525275,73.3187515880616,0.77880859375,7.383595257171493,29.100641396346354,-0.19384765625,False,False,106.78102420195476,106.78102420195476
g0_seed37,TRAIN,p001203,p001203_a000032,16,25.25350350897103,73.6036307543819,0.77587890625,8.463833860813462,28.706709193456646,-0.1943359375,False,False,107.97233724695022,107.97233724695022
g0_seed37,TRAIN,p001203,p001203_a000032,22,25.96726388387182,78.89409527421006,0.7275390625,7.934808741062305,32.63517213665459,-0.23681640625,False,False,118.42274828183174,118.42274828183174
g0_seed37,TRAIN,p001203,p001203_a000032,29,25.32511718033424,77.87854794226284,0.736328125,7.58322947998829,34.51162059064903,-0.2392578125,False,False,119.71237584153317,119.71237584153317
g0_seed37,TRAIN,p001203,p001203_a000032,35,25.343608275808585,79.74708441890924,0.73388671875,9.16137177301104,34.28848634881152,-0.232421875,False,False,109.58595787793534,109.58595787793534
g0_seed37,TRAIN,p001203,p001203_a000032,42,24.122112081867126,77.28580717562402,0.7392578125,8.571971741825589,34.13902970455656,-0.234375,False,False,115.55179899184327,115.55179899184327
g0_seed37,TRAIN,p001203,p001203_a000032,48,25.122768225519508,81.55662704467716,0.69775390625,8.177914669785764,37.87533372973962,-0.27294921875,False,False,105.28129135093224,105.28129135093224
g0_seed37,TRAIN,p001204,p001204_a003011,1,21.456312618096256,70.67561728246191,0.8720703125,9.09926842236203,25.13709144243103,-0.0927734375,False,False,19.754227002267818,19.754227002267818
g0_seed37,TRAIN,p001204,p001204_a003011,3,23.86238612552375,62.56204231270689,0.86962890625,11.686487973205805,17.351686198910663,-0.0966796875,False,False,20.74217407690038,20.74217407690038
g0_seed37,TRAIN,p001204,p001204_a003011,6,24.972245873646862,66.81641973053249,0.83837890625,11.800798063166457,19.93952934756372,-0.12451171875,False,False,12.002729486670553,12.002729486670553
g0_seed37,TRAIN,p001204,p001204_a003011,8,23.96285353937355,65.52732466975588,0.85302734375,11.047203826903552,19.44556246927403,-0.11083984375,False,False,15.116450768672529,15.116450768672529
g0_seed37,TRAIN,p001204,p001204_a003011,10,24.62962104973851,68.5697625923108,0.8427734375,11.62016309219177,19.844945225636906,-0.11474609375,False,False,16.51491009658579,16.51491009658579
g0_seed37,TRAIN,p001204,p001204_a003011,12,23.86203455050098,67.09756925129928,0.86572265625,11.081229349651192,20.439771866350654,-0.09521484375,False,False,19.6851080048033,19.6851080048033
g0_seed37,TRAIN,p001204,p001204_a003011,15,22.126895055948815,68.14929519702824,0.857421875,10.353925385043617,23.912125702632345,-0.10888671875,False,False,23.875401415419137,23.875401415419137
g0_seed37,TRAIN,p001204,p001204_a003011,17,23.462475427399518,70.65364981172343,0.8447265625,11.529176975641622,23.629975080412763,-0.1123046875,False,False,22.25429436816604,22.25429436816604
g0_seed37,TRAIN,p001210,p001210_a001226,2,53.36309860361717,262.4313168659811,0.470703125,4.476617777050471,28.400347949882217,-0.03466796875,False,False,38.13846645081349,38.13846645081349
g0_seed37,TRAIN,p001210,p001210_a001226,6,54.262991411709905,246.18966765265728,0.46923828125,5.058372938968766,30.9313760833696,-0.0390625,False,False,33.8290761842994,33.8290761842994
g0_seed37,TRAIN,p001210,p001210_a001226,10,55.800427148385296,250.36726934772142,0.4521484375,5.067820391194033,15.42012992545645,-0.0390625,False,False,39.47102639799565,39.47102639799565
g0_seed37,TRAIN,p001210,p001210_a001226,14,55.50138255422972,249.796037784226,0.45263671875,3.544759376760794,22.98283733600931,-0.0322265625,False,False,39.5549007339293,39.5549007339293
g0_seed37,TRAIN,p001210,p001210_a001226,18,55.27291344394351,260.86038886345784,0.44873046875,5.285877098058023,34.79486674169493,-0.05224609375,False,False,40.29310553239548,40.29310553239548
g0_seed37,TRAIN,p001210,p001210_a001226,22,52.80580275671623,265.6511047969265,0.47314453125,4.1305113800463715,20.641455583893247,-0.037109375,False,False,36.81769104070514,36.81769104070514
g0_seed37,TRAIN,p001210,p001210_a001226,26,53.45950675714078,249.4842309572536,0.46435546875,4.728396090767241,24.086118998003997,-0.044921875,False,False,37.415520150022346,37.415520150022346
g0_seed37,TRAIN,p001210,p001210_a001226,30,54.13534474217591,247.21275085728524,0.45947265625,4.928945160240154,36.61271610785383,-0.048828125,False,False,35.96681260391883,35.96681260391883
g0_seed37,TRAIN,p001216,p001216_a001423,1,29.338536509084307,119.21579957071295,0.69580078125,11.989892740883086,54.38568828334695,-0.19189453125,False,False,43.51067951412386,43.51067951412386
g0_seed37,TRAIN,p001216,p001216_a001423,4,32.33222224859155,126.16591407257795,0.68603515625,15.739686550337872,59.254378109935715,-0.19482421875,False,False,50.10670431810884,50.10670431810884
g0_seed37,TRAIN,p001216,p001216_a001423,7,26.540355190961073,120.0701643505737,0.7333984375,11.528580254939271,51.591832052557635,-0.15087890625,False,False,53.894664077202584,53.894664077202584
g0_seed37,TRAIN,p001216,p001216_a001423,10,25.651913903801542,111.18682864791107,0.72705078125,7.812708719126206,45.384585910544686,-0.15625,False,False,54.107103736173684,54.107103736173684
g0_seed37,TRAIN,p001216,p001216_a001423,13,29.641843226430325,120.44237464869929,0.70263671875,12.108769863953277,51.12146093454223,-0.17333984375,False,False,43.86609644484,43.86609644484
g0_seed37,TRAIN,p001216,p001216_a001423,16,28.434774064422914,114.48883714331582,0.72412109375,10.586131118067026,46.81326863498043,-0.15966796875,False,False,32.90663212229284,32.90663212229284
g0_seed37,TRAIN,p001216,p001216_a001423,19,26.455372917821407,112.04616057002606,0.72509765625,8.512275260169119,44.51070301444315,-0.16259765625,False,False,50.83301850053011,50.83301850053011
g0_seed37,TRAIN,p001216,p001216_a001423,22,28.38660338842812,116.09999701625763,0.72802734375,9.681123001521822,51.36961214468782,-0.15673828125,False,False,38.45082286289105,38.45082286289105
g0_seed37,TRAIN,p001225,p001225_a005341,1,17.25867250284179,59.73840320024271,0.9072265625,1.2393052686426635,7.248752004899622,-0.03466796875,False,False,133.26793352287123,133.26793352287123
g0_seed37,TRAIN,p001225,p001225_a005341,5,17.2958426433481,59.2413302481016,0.8984375,0.9742579730549501,6.360244132409278,-0.04345703125,False,False,131.53750066165205,131.53750066165205
g0_seed37,TRAIN,p001225,p001225_a005341,9,18.49513244465922,66.73909724214185,0.88525390625,2.071014974353691,9.656139373984011,-0.0390625,False,False,137.95497063616077,137.95497063616077
g0_seed37,TRAIN,p001225,p001225_a005341,13,17.98392783888822,59.618493463261906,0.89599609375,0.7101850270385768,5.734740078078822,-0.04345703125,False,False,144.29002324679325,144.29002324679325
g0_seed37,TRAIN,p001225,p001225_a005341,16,18.155494423389072,59.947811004995266,0.90283203125,1.761455976184486,8.986919284387128,-0.04296875,False,False,127.21301674109401,127.21301674109401
g0_seed37,TRAIN,p001225,p001225_a005341,20,19.120134622841007,61.673804586506485,0.87890625,1.8525543122495591,5.79906757545686,-0.056640625,False,False,135.1003245998791,135.1003245998791
g0_seed37,TRAIN,p001225,p001225_a005341,24,18.865575566921585,62.29612693427959,0.8818359375,1.9376083598402118,4.867555674994463,-0.04736328125,False,False,135.7940004207878,135.7940004207878
g0_seed37,TRAIN,p001225,p001225_a005341,28,18.721284379300542,59.9410269589896,0.90087890625,1.2608948138449811,2.287898215373694,-0.02978515625,False,False,127.49407293185635,127.49407293185635
g0_seed37,TRAIN,p001226,p001226_a000223,6,15.068567519173385,57.396558414053594,0.921875,2.6442180443885075,18.66545084361409,-0.06103515625,False,False,22.33895789574631,22.33895789574631
g0_seed37,TRAIN,p001226,p001226_a000223,21,13.243125048007938,57.48346041159363,0.9189453125,1.2649050375870292,18.09296398977424,-0.06298828125,False,False,25.248055839887197,25.248055839887197
g0_seed37,TRAIN,p001226,p001226_a000223,36,19.260464095459618,58.11879944135515,0.91650390625,8.165499560996064,17.268883313249233,-0.06005859375,False,False,9.421759443965566,9.421759443965566
g0_seed37,TRAIN,p001226,p001226_a000223,51,19.20455431659667,55.79789788770823,0.921875,7.5385398018874135,20.073670890728707,-0.06640625,False,False,7.8278117599015085,7.8278117599015085
g0_seed37,TRAIN,p001226,p001226_a000223,66,16.349320127159558,58.19789043464132,0.9150390625,3.208215977168809,21.434194293361692,-0.0693359375,False,False,10.827641366911264,10.827641366911264
g0_seed37,TRAIN,p001226,p001226_a000223,81,19.399349071968754,61.559733444972196,0.888671875,8.612872575165097,23.712652947781443,-0.10107421875,False,False,35.8328178664471,35.8328178664471
g0_seed37,TRAIN,p001226,p001226_a000223,96,17.64278764454677,58.412420357787845,0.91748046875,5.10736820122041,19.47586636488159,-0.06689453125,False,False,17.468906314969992,17.468906314969992
g0_seed37,TRAIN,p001226,p001226_a000223,111,15.82804707624915,56.69001500547152,0.923828125,3.1348225515297354,18.845787592237812,-0.05908203125,False,False,26.722743140887548,26.722743140887548
g0_seed37,TRAIN,p001231,p001231_a000029,1,22.824824092073555,113.57366471840797,0.77880859375,3.17897563406175,8.730140090190844,-0.052734375,False,False,12.015474432355834,12.015474432355834
g0_seed37,TRAIN,p001231,p001231_a000029,3,21.100679194919614,100.65572457206306,0.8046875,1.7637294392422334,-0.16968301917100348,-0.01416015625,False,False,21.954202783975425,21.954202783975425
g0_seed37,TRAIN,p001231,p001231_a000029,5,20.90999249579631,107.12443799764816,0.80859375,1.3996524603339218,0.559287328448633,-0.029296875,False,False,15.082104053117346,15.082104053117346
g0_seed37,TRAIN,p001231,p001231_a000029,7,20.89343387927609,102.3671080488983,0.810546875,1.8350838320769753,6.658918731818119,-0.0380859375,False,False,21.6012799050512,21.6012799050512
g0_seed37,TRAIN,p001231,p001231_a000029,8,21.81093962514653,106.2622456526144,0.78857421875,1.9126489016220418,-2.2437258171629253,-0.03955078125,False,False,23.36116523566416,23.36116523566416
g0_seed37,TRAIN,p001231,p001231_a000029,10,21.917192545316347,105.08103066655794,0.7939453125,2.7097673284025845,2.2816550805712836,-0.05078125,False,False,18.248306986012704,18.248306986012704
g0_seed37,TRAIN,p001231,p001231_a000029,12,20.078399191955373,99.9200706491514,0.80810546875,0.9081623364902107,-10.127800320443782,-0.02734375,False,False,12.427503709303988,12.427503709303988
g0_seed37,TRAIN,p001231,p001231_a000029,14,19.751563153759136,95.28165757382183,0.82470703125,0.2801588478380701,0.366065987156702,-0.029296875,False,False,22.05398019690667,22.05398019690667
g0_seed37,TRAIN,p001231,p001231_a000075,3,15.329775064868254,69.36392986862496,0.9150390625,2.957262665576607,18.468549366509606,-0.033203125,False,False,32.582394269084716,32.582394269084716
g0_seed37,TRAIN,p001231,p001231_a000075,12,14.444146981336445,68.16300448741305,0.91796875,2.206731646207656,18.377899700403525,-0.033203125,False,False,30.390222428396065,30.390222428396065
g0_seed37,TRAIN,p001231,p001231_a000075,20,15.759501825061383,56.907747101027546,0.93798828125,4.15986027828831,11.629706794825772,-0.02880859375,False,False,36.104814497469164,36.104814497469164
g0_seed37,TRAIN,p001231,p001231_a000075,29,25.88138253260678,66.98740437815722,0.8583984375,10.461691507399365,5.816643511786296,-0.04736328125,False,False,44.556487782937694,44.556487782937694
g0_seed37,TRAIN,p001231,p001231_a000075,37,22.86238043372589,66.3427494048451,0.88818359375,7.166697908274497,5.353845449648091,-0.01708984375,False,False,44.318402614545434,44.318402614545434
g0_seed37,TRAIN,p001231,p001231_a000075,46,18.574123908468053,69.44133443119496,0.89404296875,5.991070723657394,21.940124259975157,-0.06201171875,False,False,46.45485986076378,46.45485986076378
g0_seed37,TRAIN,p001231,p001231_a000075,54,18.706818131768202,73.80100687733953,0.8916015625,8.194372347205494,23.872529433745633,-0.05859375,False,False,37.78405023209596,37.78405023209596
g0_seed37,TRAIN,p001231,p001231_a000075,63,19.351600261559824,83.0456035095605,0.87060546875,8.946529301673543,28.34848580023929,-0.0673828125,False,False,38.49855442517118,38.49855442517118
g0_seed37,TRAIN,p001231,p001231_a000214,4,26.16109429240178,95.72279038176855,0.779296875,-7.184425039051309,9.21462605748107,0.076171875,False,False,53.19260874125064,53.19260874125064
g0_seed37,TRAIN,p001231,p001231_a000214,16,25.833209247220505,87.28094429271982,0.80029296875,-3.3037353392406743,10.242344178206409,0.02392578125,False,False,50.60952550103995,50.60952550103995
g0_seed37,TRAIN,p001231,p001231_a000214,27,29.008207226608995,106.9533710566208,0.68212890625,-11.752920699891995,-7.427370850922799,0.10302734375,False,False,21.718480183513016,21.718480183513016
g0_seed37,TRAIN,p001231,p001231_a000214,38,22.655480225978724,87.8941215433511,0.810546875,5.157551622057277,7.340059293231789,-0.03271484375,False,False,21.938153294968853,21.938153294968853
g0_seed37,TRAIN,p001231,p001231_a000214,49,21.758563616869242,73.27957561528913,0.8408203125,6.234476569506928,7.833130286968725,-0.0390625,False,False,46.06316724576116,46.06316724576116
g0_seed37,TRAIN,p001231,p001231_a000214,60,21.609100983047977,77.04836954608852,0.8173828125,2.321603793084339,10.337575269619151,-0.03759765625,False,False,4.606383384575039,4.606383384575039
g0_seed37,TRAIN,p001231,p001231_a000214,71,28.0254239391434,89.36186112793011,0.75146484375,-5.621352219244486,6.000127402505441,0.064453125,False,False,47.48842441099294,47.48842441099294
g0_seed37,TRAIN,p001231,p001231_a000214,83,34.22516212771029,98.88941535392858,0.6513671875,-7.446716677652532,-0.6378224049454673,0.06787109375,False,False,45.63344385649768,45.63344385649768
g0_seed37,TRAIN,p100067,p100067_a005746,2,15.181173936416181,103.25878740668166,0.91796875,2.900700353733731,20.963300648472355,0.02001953125,False,False,147.34520923367288,147.34520923367288
g0_seed37,TRAIN,p100067,p100067_a005746,8,15.222198152813105,106.04315748483849,0.92578125,3.473139744188474,12.485278337366225,0.02685546875,False,False,140.21710475710165,140.21710475710165
g0_seed37,TRAIN,p100067,p100067_a005746,14,14.772615530382758,93.66567868598031,0.931640625,2.9311961113675533,4.487667325006896,0.02392578125,False,False,144.90948628146992,144.90948628146992
g0_seed37,TRAIN,p100067,p100067_a005746,20,18.93900855542324,98.06669163988224,0.9208984375,7.1828766763736525,13.041801570909442,0.01220703125,False,False,162.8381343763456,162.8381343763456
g0_seed37,TRAIN,p100067,p100067_a005746,26,16.982138053253042,103.3490143489838,0.93017578125,5.09006335510972,16.78506144627272,0.03125,False,False,152.02031207776682,152.02031207776682
g0_seed37,TRAIN,p100067,p100067_a005746,32,17.6632950478015,119.28535172687356,0.91552734375,5.538860553612331,22.87444046047014,0.025390625,False,False,155.3634428143543,155.3634428143543
g0_seed37,TRAIN,p100067,p100067_a005746,38,16.398982155538636,120.05616035741541,0.93017578125,4.063743820340694,27.222455216621896,0.03271484375,False,False,148.5121870442847,148.5121870442847
g0_seed37,TRAIN,p100067,p100067_a005746,44,16.232039561592572,104.64814353572733,0.9150390625,3.62278743603275,23.603056193460475,0.02783203125,False,False,157.03372999153518,157.03372999153518
g0_seed37,TRAIN,p100069,p100069_a005191,6,10.151821869374343,43.23247408282572,0.95947265625,1.3060141754973973,5.477880544891718,-0.01220703125,False,False,45.241434656039445,45.241434656039445
g0_seed37,TRAIN,p100069,p100069_a005191,21,11.842108351846964,46.93208692710552,0.95556640625,3.311795490473246,7.468598185945339,-0.02490234375,False,False,59.00297688683742,59.00297688683742
g0_seed37,TRAIN,p100069,p100069_a005191,37,11.44471529679954,99.82846821364653,0.900390625,1.9871008734609923,62.240232060874554,-0.08154296875,False,False,101.48057052581869,101.48057052581869
g0_seed37,TRAIN,p100069,p100069_a005191,52,8.273559658112099,34.306035462418905,0.990234375,-3.3661716393594325,-6.719060006732391,0.021484375,False,False,13.316140833418633,13.316140833418633
g0_seed37,TRAIN,p100069,p100069_a005191,68,7.564604473320596,29.82301972179375,0.9775390625,-2.678734638647775,-13.570140437974636,0.0166015625,False,False,3.966151734632807,3.966151734632807
g0_seed37,TRAIN,p100069,p100069_a005191,83,9.289842437632126,50.4969200965512,0.94970703125,-0.04650448703622523,8.132820842305797,-0.02001953125,False,False,77.01556030238028,77.01556030238028
g0_seed37,TRAIN,p100069,p100069_a005191,99,7.599550666764211,30.627735206664465,0.99169921875,-2.256225572610532,-12.328232088832895,0.0244140625,False,False,31.40303599448987,31.40303599448987
g0_seed37,TRAIN,p100069,p100069_a005191,114,9.74981746005454,92.8369929262428,0.9140625,-3.694581180787596,40.67958240967586,-0.02978515625,False,False,22.25430230357161,22.25430230357161
g0_seed37,TRAIN,p100069,p100069_a005746,2,11.991032227252585,64.0167981697525,0.9375,-0.7225957596567483,-24.411747704653507,0.0791015625,False,False,71.19083509814428,71.19083509814428
g0_seed37,TRAIN,p100069,p100069_a005746,8,11.211249301867554,47.968909166213315,0.9521484375,-0.6051956675675729,-31.18425212452457,0.05908203125,False,False,71.8447030452724,71.8447030452724
g0_seed37,TRAIN,p100069,p100069_a005746,14,11.711306577364738,68.93790605160369,0.94091796875,-0.8907075958943871,-21.56581598569248,0.06396484375,False,False,69.56400219891404,69.56400219891404
g0_seed37,TRAIN,p100069,p100069_a005746,20,11.473868018938123,57.502417110524085,0.94091796875,-0.5822434681459292,-27.325186365930826,0.0517578125,False,False,65.5748420807357,65.5748420807357
g0_seed37,TRAIN,p100069,p100069_a005746,27,11.672758372462901,63.099487685353026,0.94287109375,-0.7060811102894728,-24.04734998164635,0.06298828125,False,False,67.55972220000633,67.55972220000633
g0_seed37,TRAIN,p100069,p100069_a005746,33,12.884720392569218,49.50781755413,0.95068359375,0.8664473725459203,-37.19400156372143,0.06640625,False,False,72.83959938250356,72.83959938250356
g0_seed37,TRAIN,p100069,p100069_a005746,39,11.780080282899497,47.20875521693166,0.9541015625,-0.015615871834519623,-38.564281681794434,0.0673828125,False,False,67.53158013321767,67.53158013321767
g0_seed37,TRAIN,p100069,p100069_a005746,45,11.730505563652715,65.28008150368672,0.9365234375,-0.5850332082516534,-27.078644645530588,0.056640625,False,False,69.00857225575871,69.00857225575871
g0_seed37,TRAIN,p100072,p100072_a001242,6,138.27630486376287,235.64899587215803,0.2041015625,125.680250103871,190.5223880967193,-0.7607421875,True,False,188.3716461210486,0.0
g0_seed37,TRAIN,p100072,p100072_a001242,20,139.67383401399468,243.91678484527105,0.20849609375,127.47790543092039,198.796425349193,-0.7568359375,True,False,195.04126270545154,0.0
g0_seed37,TRAIN,p100072,p100072_a001242,34,131.04513924096742,320.2744162103629,0.19873046875,115.7742542312781,272.6504733650942,-0.76025390625,True,False,249.79095670688974,0.0
g0_seed37,TRAIN,p100072,p100072_a001242,48,42.170021084767924,441.9752082571101,0.556640625,19.230018738037014,303.4938159264466,-0.2021484375,False,False,172.11518071019032,172.11518071019032
g0_seed37,TRAIN,p100072,p100072_a001242,63,38.96789813269474,381.6860197539184,0.61474609375,16.660691435751325,278.4548719112545,-0.18603515625,False,False,173.1733348588809,173.1733348588809
g0_seed37,TRAIN,p100072,p100072_a001242,77,147.60602030294598,321.54112338345163,0.19287109375,131.14197363932902,274.00921451598606,-0.765625,True,False,238.6831610496263,0.0
g0_seed37,TRAIN,p100072,p100072_a001242,91,128.73064860289443,224.55706755855104,0.20361328125,116.27364645928469,175.76912743429784,-0.74853515625,True,False,183.82327781325358,0.0
g0_seed37,TRAIN,p100072,p100072_a001242,105,147.81983067815912,299.71323316008295,0.169921875,136.26672440658703,254.0247163972076,-0.79541015625,True,False,249.12276831784962,0.0
g0_seed37,TRAIN,p100085,p100085_a000042,1,12.968797207297946,54.736081863312364,0.94091796875,0.04990845637089869,3.650311313648757,-0.00634765625,False,False,79.74206714024076,79.74206714024076
g0_seed37,TRAIN,p100085,p100085_a000042,2,12.640005561914517,56.0469669690934,0.9365234375,-0.44861035023766505,2.952045727657591,-0.00244140625,False,False,74.11653115708882,74.11653115708882
g0_seed37,TRAIN,p100085,p100085_a000042,4,12.388994749196005,57.997252083695265,0.9326171875,-0.9375864375500242,4.359984059546441,-0.0068359375,False,False,77.816988681234,77.816988681234
g0_seed37,TRAIN,p100085,p100085_a000042,6,13.73605992711544,59.08371603776393,0.9345703125,0.9593184953699314,6.99294458835989,-0.0078125,False,False,72.95529899383915,72.95529899383915
g0_seed37,TRAIN,p100085,p100085_a000042,8,11.800301305224487,56.82931631742549,0.9345703125,-0.47048689503739105,5.012094614550662,-0.00927734375,False,False,74.61913524004825,74.61913524004825
g0_seed37,TRAIN,p100085,p100085_a000042,10,11.680470681165588,58.87520680919984,0.93603515625,-0.5381245585884198,6.252470554573371,-0.00634765625,False,False,71.53029178575328,71.53029178575328
g0_seed37,TRAIN,p100085,p100085_a000042,12,11.221761124090431,54.83987851773843,0.943359375,-0.5567247059479463,2.5966148212922135,0.0048828125,False,False,77.77143600594506,77.77143600594506
g0_seed37,TRAIN,p100085,p100085_a000042,13,13.38154442506054,72.68827663027177,0.92626953125,0.5870003426456272,20.105643457902787,-0.0107421875,False,False,73.28340995235155,73.28340995235155
g0_seed37,TRAIN,p100086,p100086_a001415,3,30.492584744067067,95.77473177687126,0.76171875,19.170158010582046,55.759093917575576,-0.2158203125,False,False,152.42432585238572,152.42432585238572
g0_seed37,TRAIN,p100086,p100086_a001415,10,33.22055910208944,95.89305121619543,0.7333984375,21.078894659658303,54.96176058920887,-0.24609375,False,False,156.72313692135953,156.72313692135953
g0_seed37,TRAIN,p100086,p100086_a001415,17,29.312072814838142,92.97122826806164,0.77587890625,17.779457258628806,52.242486745853626,-0.2041015625,False,False,152.10453037790109,152.10453037790109
g0_seed37,TRAIN,p100086,p100086_a001415,24,32.187645143605266,95.16687192158008,0.76708984375,20.745541605391914,54.87886612655232,-0.20947265625,False,False,151.49934330804746,151.49934330804746
g0_seed37,TRAIN,p100086,p100086_a001415,32,35.84467148768883,97.29131293312712,0.71044921875,24.32492152700135,58.066143649167664,-0.267578125,False,False,158.59698940606003,158.59698940606003
g0_seed37,TRAIN,p100086,p100086_a001415,39,35.999436166998414,100.22247948115728,0.7099609375,24.541843108643423,58.65820695409536,-0.265625,False,False,157.98847266617287,157.98847266617287
g0_seed37,TRAIN,p100086,p100086_a001415,46,34.3172706962296,94.62051824274567,0.72509765625,22.90427224628795,51.65111951632023,-0.251953125,False,False,157.10724749884193,157.10724749884193
g0_seed37,TRAIN,p100086,p100086_a001415,53,34.87457730103931,96.5224335463172,0.7275390625,23.527158541685793,54.916338262267494,-0.2470703125,False,False,155.84933321512636,155.84933321512636
g0_seed37,TRAIN,p100089,p100089_a005814,4,26.391781594089593,111.033011459924,0.73779296875,-6.434452107776394,15.262675531440323,0.0517578125,False,False,36.45791537893611,36.45791537893611
g0_seed37,TRAIN,p100089,p100089_a005814,14,27.01470485422403,127.38015022717347,0.7236328125,-9.002668547070321,20.55235639061881,0.064453125,False,False,35.306340251679664,35.306340251679664
g0_seed37,TRAIN,p100089,p100089_a005814,24,24.57940304743412,118.33528190922281,0.72705078125,-4.740834771673189,25.557902944053353,0.02294921875,False,False,33.279361066607315,33.279361066607315
g0_seed37,TRAIN,p100089,p100089_a005814,34,26.30577830081473,122.80228644857229,0.7021484375,-5.283365320515863,27.710685721451398,0.02001953125,False,False,32.24871793118556,32.24871793118556
g0_seed37,TRAIN,p100089,p100089_a005814,43,26.055549674833205,121.24266261261202,0.732421875,-3.801394725257964,26.668120688303418,0.03271484375,False,False,32.7474667397589,32.7474667397589
g0_seed37,TRAIN,p100089,p100089_a005814,53,25.193826339949904,120.44978573517378,0.72998046875,-4.759545788942685,29.869538649330977,0.04248046875,False,False,31.002955088453703,31.002955088453703
g0_seed37,TRAIN,p100089,p100089_a005814,63,26.923498007996763,121.26563760058131,0.720703125,-2.9015237983529403,33.20598878225333,0.0224609375,False,False,30.844946266743197,30.844946266743197
g0_seed37,TRAIN,p100089,p100089_a005814,73,27.22274093112223,116.94236657567379,0.7109375,-2.2831199588919944,26.10584010101374,-0.001953125,False,False,29.84178241771899,29.84178241771899
g0_seed37,TRAIN,p100090,p100090_a005401,1,146.7588606135362,325.10346896981434,0.17333984375,127.62169620468624,250.8307249463025,-0.71435546875,True,False,204.70325325342233,0.0
g0_seed37,TRAIN,p100090,p100090_a005401,3,161.64599620428024,341.54026198788824,0.14794921875,142.7097829761789,257.33951593708986,-0.73486328125,True,False,213.89594690099472,0.0
g0_seed37,TRAIN,p100090,p100090_a005401,5,160.54859511637846,354.67983339822524,0.15087890625,140.56276300330427,276.90952331351946,-0.7216796875,True,False,211.51342898510808,0.0
g0_seed37,TRAIN,p100090,p100090_a005401,7,153.34515140662012,355.32754397229957,0.17626953125,133.61261330215513,273.2136349143152,-0.6962890625,True,False,206.0846094269518,0.0
g0_seed37,TRAIN,p100090,p100090_a005401,9,136.6439814764176,309.41244686922124,0.21728515625,117.07095999074114,231.8297509629329,-0.66796875,True,False,189.13965097792394,0.0
g0_seed37,TRAIN,p100090,p100090_a005401,11,159.7125358424077,316.9404244760408,0.13525390625,140.60375071949775,249.1535871192235,-0.75927734375,True,False,207.72397826974577,0.0
g0_seed37,TRAIN,p100090,p100090_a005401,13,147.67590826046683,343.3775474552148,0.20068359375,128.12346610577274,262.36625205045823,-0.6826171875,True,False,199.2872535661624,0.0
g0_seed37,TRAIN,p100090,p100090_a005401,15,143.3400765299424,324.0391668850903,0.20751953125,124.17197934038745,251.14795969633786,-0.68017578125,True,False,195.27119194218403,0.0
g0_seed37,TRAIN,p100092,p100092_a001307,4,20.856783621665052,137.1192795137079,0.78515625,-4.170744952679513,35.3519615456636,0.015625,False,False,46.064814078081625,46.064814078081625
g0_seed37,TRAIN,p100092,p100092_a001307,14,22.232343188345013,174.6694091157575,0.79150390625,-1.4985738758724239,92.11003053368462,-0.0078125,False,False,42.31146522778359,42.31146522778359
g0_seed37,TRAIN,p100092,p100092_a001307,24,20.738039265670764,119.84922021189256,0.806640625,2.8670309831083607,59.57905606970093,-0.0869140625,False,False,31.234613766377056,31.234613766377056
g0_seed37,TRAIN,p100092,p100092_a001307,34,28.743974723079464,149.19717491423455,0.7119140625,7.696941614640053,81.39339311812903,-0.1484375,False,False,34.96412175143913,34.96412175143913
g0_seed37,TRAIN,p100092,p100092_a001307,44,24.108776432857837,118.77200199410561,0.76611328125,4.281344545875157,57.42329186712697,-0.12060546875,False,False,33.496380615644966,33.496380615644966
g0_seed37,TRAIN,p100092,p100092_a001307,54,22.690268823862958,169.24066092891476,0.76513671875,-1.8621828024882525,76.09062534884426,0.01953125,False,False,29.395188719660748,29.395188719660748
g0_seed37,TRAIN,p100092,p100092_a001307,64,25.042549821899442,216.44109566133042,0.751953125,-4.744488278029216,103.03204984936286,0.0546875,False,False,24.977793800800033,24.977793800800033
g0_seed37,TRAIN,p100092,p100092_a001307,74,25.3693860382431,154.25089179006088,0.75390625,-1.0385546427292809,44.113351026328345,0.0146484375,False,False,38.10061737642747,38.10061737642747
g1_seed11,VAL,p001194,p001194_a000062,5,11.155336553567945,44.5637084978407,0.96826171875,1.1506860610800818,-5.514072646646618,0.0185546875,False,False,8.953500834420359,8.953500834420359
g1_seed11,VAL,p001194,p001194_a000062,17,13.205778456561372,46.64017699826793,0.96240234375,3.3702279710191245,-2.949608075744017,0.01171875,False,False,11.54039472704693,11.54039472704693
g1_seed11,VAL,p001194,p001194_a000062,29,17.62835368427306,61.35252674783538,0.90576171875,8.43484714055123,22.20438240418121,-0.0693359375,False,False,45.59181841051964,45.59181841051964
g1_seed11,VAL,p001194,p001194_a000062,41,16.897872487544795,165.05843966616388,0.84326171875,6.0472314958195135,111.05244806380875,-0.09619140625,False,False,11.547633769218088,11.547633769218088
g1_seed11,VAL,p001194,p001194_a000062,53,15.64165529820905,97.40179959094914,0.8544921875,4.414721118008723,59.137840097720044,-0.12890625,False,False,37.023784377157895,37.023784377157895
g1_seed11,VAL,p001194,p001194_a000062,65,19.0010769141295,61.96409087744563,0.9150390625,10.836850324936583,18.52657604023382,-0.0478515625,False,False,33.3604627366321,33.3604627366321
g1_seed11,VAL,p001194,p001194_a000062,77,10.314141872817,46.77353484006961,0.96044921875,-1.5592408301533922,-0.2568420684237509,0.00390625,False,False,7.443624282205818,7.443624282205818
g1_seed11,VAL,p001194,p001194_a000062,89,10.656676622297988,41.279549549014384,0.98046875,0.49343587453396154,-3.5040438333655786,0.0244140625,False,False,3.6575099343454682,3.6575099343454682
g1_seed11,VAL,p001194,p001194_a000986,10,9.761764698270643,35.842722499455604,0.98583984375,-0.16590004939693515,-14.600735134639656,0.037109375,False,False,6.8480262314558855,6.8480262314558855
g1_seed11,VAL,p001194,p001194_a000986,36,21.02250792293943,101.96718850020385,0.77783203125,12.617617109698834,55.798292964390036,-0.17431640625,False,False,20.057949497399438,20.057949497399438
g1_seed11,VAL,p001194,p001194_a000986,62,49.416677671674094,405.37836405493334,0.505859375,38.5879129575835,357.6360895304268,-0.44970703125,False,False,127.04165620883676,127.04165620883676
g1_seed11,VAL,p001194,p001194_a000986,88,16.008404863982015,53.601669303377136,0.9375,8.156921569237857,27.450299314646465,-0.0595703125,False,False,19.37841950978346,19.37841950978346
g1_seed11,VAL,p001194,p001194_a000986,114,14.93245094115128,55.956324400413216,0.93017578125,5.437169349504092,22.29312078543007,-0.0478515625,False,False,5.581218573372461,5.581218573372461
g1_seed11,VAL,p001194,p001194_a000986,140,41.408736431312995,390.99083945711203,0.58642578125,30.767155247384757,343.4037007137079,-0.36669921875,False,False,104.94674371022198,104.94674371022198
g1_seed11,VAL,p001194,p001194_a000986,166,23.751057497513877,213.25034382905287,0.68408203125,14.019931819373205,175.1106525803314,-0.2998046875,False,False,27.51608854157424,27.51608854157424
g1_seed11,VAL,p001194,p001194_a000986,192,11.028876188140309,46.22137461256672,0.96142578125,3.2821745026391573,17.484279351688507,-0.03857421875,False,False,13.584535351155782,13.584535351155782
g1_seed11,TRAIN,p001195,p001195_a000053,6,12.913348290867177,40.12075284247074,0.9755859375,-160.42748369139122,-173.32917139065728,0.97265625,False,True,90.2687634239842,90.2687634239842
g1_seed11,TRAIN,p001195,p001195_a000053,21,13.953917606562424,41.325534577588236,0.9833984375,-154.7910160973295,-165.30526567051922,0.9765625,False,True,87.87826188578794,87.87826188578794
g1_seed11,TRAIN,p001195,p001195_a000053,37,26.43233533068695,112.82557224200558,0.7587890625,-191.7736981701124,-169.71092800255457,0.75732421875,False,True,67.55462905684634,67.55462905684634
g1_seed11,TRAIN,p001195,p001195_a000053,52,15.18706948458458,56.21414507659582,0.92724609375,-199.77762687326515,-207.0995350239821,0.92724609375,False,True,68.78899198368596,68.78899198368596
g1_seed11,TRAIN,p001195,p001195_a000053,68,26.158896095974665,61.47149410781042,0.86328125,-188.49490999768324,-210.64864754629406,0.8603515625,False,True,96.35675360285285,96.35675360285285
g1_seed11,TRAIN,p001195,p001195_a000053,83,17.204082472881716,42.00223517851326,0.994140625,-166.6768934426473,-180.6328574586583,0.99365234375,False,True,109.07112869902163,109.07112869902163
g1_seed11,TRAIN,p001195,p001195_a000053,99,18.407474669284138,46.53663397766243,0.966796875,4.611987221750233,8.232802355859484,-0.025390625,False,False,50.56283400876821,50.56283400876821
g1_seed11,TRAIN,p001195,p001195_a000053,114,14.2618663320387,40.22134519887954,0.97314453125,-161.9844532969947,-166.73789719338384,0.9697265625,False,True,87.46730856972093,87.46730856972093
g1_seed11,TRAIN,p001195,p001195_a000986,11,10.344771390803547,38.752120916253034,0.990234375,-172.3679397359946,-177.30461954974268,0.98876953125,False,True,72.63726994787851,72.63726994787851
g1_seed11,TRAIN,p001195,p001195_a000986,39,17.3697557643114,55.65349831278221,0.923828125,7.147902706273586,15.098574692432045,-0.05322265625,False,False,45.37413293719539,45.37413293719539
g1_seed11,TRAIN,p001195,p001195_a000986,68,24.486729769817593,204.09832513730237,0.77392578125,6.370547838575511,72.74629285506927,-0.09716796875,False,False,105.07673933291055,105.07673933291055
g1_seed11,TRAIN,p001195,p001195_a000986,96,21.109187033499524,54.45885794559775,0.9267578125,-142.9752584743521,-141.8038883092046,0.9091796875,False,True,78.47709628880462,78.47709628880462
g1_seed11,TRAIN,p001195,p001195_a000986,125,19.411560970273364,51.05843958439978,0.94384765625,2.8083790156705177,-12.301199368618242,0.0517578125,False,False,53.37996692862587,53.37996692862587
g1_seed11,TRAIN,p001195,p001195_a000986,153,15.221272999475122,116.18564560233729,0.912109375,-3.210269967040677,34.39081630240915,0.025390625,False,False,118.29513378387547,118.29513378387547
g1_seed11,TRAIN,p001195,p001195_a000986,182,17.29324806927307,55.61883770228704,0.927734375,-143.74455105148965,-147.4027437154349,0.90576171875,False,True,104.2452024373658,104.2452024373658
g1_seed11,TRAIN,p001195,p001195_a000986,210,12.216926852969866,37.655590376388346,0.98876953125,-156.65600490654927,-167.25918222390393,0.982421875,False,True,54.13986808240841,54.13986808240841
g1_seed11,VAL,p001196,p001196_a000388,11,20.70716160330108,72.83606106469284,0.88916015625,6.3003713723726715,30.344527233000655,-0.080078125,False,False,19.375372280743274,19.375372280743274
g1_seed11,VAL,p001196,p001196_a000388,40,25.45194184104416,78.17244697343098,0.83837890625,11.306939978095732,38.62131703127276,-0.1376953125,False,False,38.77198435303138,38.77198435303138
g1_seed11,VAL,p001196,p001196_a000388,69,19.246998333566587,83.4947993580322,0.84033203125,8.771988426869298,43.64546099210876,-0.13818359375,False,False,22.41265107593937,22.41265107593937
g1_seed11,VAL,p001196,p001196_a000388,98,24.52373070381433,82.77914879295922,0.7900390625,12.657125374494758,42.344763226617324,-0.1845703125,False,False,6.537345800185126,6.537345800185126
g1_seed11,VAL,p001196,p001196_a000388,127,19.824052201976922,80.48025158449674,0.82568359375,7.450747134943613,31.836726415729267,-0.12744140625,False,False,12.001357023893325,12.001357023893325
g1_seed11,VAL,p001196,p001196_a000388,156,40.76834077702598,350.02112642792963,0.59814453125,26.32784030329063,288.53725582444076,-0.3173828125,False,False,42.83524070418124,42.83524070418124
g1_seed11,VAL,p001196,p001196_a000388,185,21.57462284852776,95.61650356768232,0.81005859375,8.565578855148733,42.44586959155937,-0.13330078125,False,False,30.770530976156746,30.770530976156746
g1_seed11,VAL,p001196,p001196_a000388,214,20.749862756064285,74.19335614945533,0.8671875,6.523058089979328,27.345867696296416,-0.09033203125,False,False,2.5127631825649828,2.5127631825649828
g1_seed11,TRAIN,p001197,p001197_a000062,5,21.9422832478321,68.8823826837213,0.84326171875,11.747710625474635,14.084074444326902,-0.09765625,False,False,14.849382975565078,14.849382975565078
g1_seed11,TRAIN,p001197,p001197_a000062,16,21.313312475866034,63.66737202081894,0.85595703125,11.1165864640124,15.74887559819173,-0.09716796875,False,False,10.465647113597992,10.465647113597992
g1_seed11,TRAIN,p001197,p001197_a000062,28,22.70099800414998,87.15861755836809,0.76171875,8.474415278205985,35.811441013065135,-0.18603515625,False,False,20.865903760251893,20.865903760251893
g1_seed11,TRAIN,p001197,p001197_a000062,40,23.009897457581133,99.86777761560546,0.75830078125,5.617153960310738,28.014778701939136,-0.08447265625,False,False,62.918875850436706,62.918875850436706
g1_seed11,TRAIN,p001197,p001197_a000062,52,16.89937047272126,279.80840908060566,0.8076171875,3.1533143931960232,156.66012322900855,-0.0615234375,False,False,80.59580498669297,80.59580498669297
g1_seed11,TRAIN,p001197,p001197_a000062,64,18.659966766781263,123.71410049949904,0.81689453125,-2.6887858028936016,38.88987054309196,-0.00390625,False,False,71.41838017153715,71.41838017153715
g1_seed11,TRAIN,p001197,p001197_a000062,76,19.720890001917994,97.07345495450845,0.7568359375,2.146189000703451,35.256050000895804,-0.1279296875,False,False,58.08148324558879,58.08148324558879
g1_seed11,TRAIN,p001197,p001197_a000062,87,19.579630397769158,68.02162021032855,0.87353515625,7.251324659611637,9.525178828515337,-0.0625,False,False,16.13948359246917,16.13948359246917
g1_seed11,TRAIN,p001197,p001197_a001238,3,13.062073541203329,94.02392490449223,0.8427734375,-3.8587082094397616,-1.6341508463567607,-0.03271484375,False,False,15.869539859040025,15.869539859040025
g1_seed11,TRAIN,p001197,p001197_a001238,10,14.44630343866791,122.18126578231688,0.82568359375,-1.852089939855853,17.41509485479503,-0.0625,False,False,26.834094295901664,26.834094295901664
g1_seed11,TRAIN,p001197,p001197_a001238,18,13.367396057824976,98.59977426117636,0.8427734375,-3.1780556299165497,8.213824831328736,-0.048828125,False,False,15.358552972017108,15.358552972017108
g1_seed11,TRAIN,p001197,p001197_a001238,25,12.82496341875435,95.70039333560268,0.8505859375,-3.2932447393725752,-11.626738459144988,-0.0400390625,False,False,22.914026372536867,22.914026372536867
g1_seed11,TRAIN,p001197,p001197_a001238,33,13.505131203014173,113.75862738492117,0.8251953125,-2.1508684972690126,-16.320791261865935,-0.0595703125,False,False,12.383601109399887,12.383601109399887
g1_seed11,TRAIN,p001197,p001197_a001238,40,14.45900158062171,130.54269672902714,0.806640625,-0.055733063920934356,33.23102927450641,-0.099609375,False,False,14.166555729907344,14.166555729907344
g1_seed11,TRAIN,p001197,p001197_a001238,48,14.242850163679183,107.04515849895733,0.80078125,-1.6154934630382343,2.355598405932639,-0.08056640625,False,False,14.010819046787901,14.010819046787901
g1_seed11,TRAIN,p001197,p001197_a001238,55,12.363475072148912,101.1941530920498,0.830078125,-3.9275450126114677,-22.747647876644407,-0.052734375,False,False,10.685185395764638,10.685185395764638
g1_seed11,VAL,p001199,p001199_a001398,1,14.158005429900205,82.5008820242961,0.78369140625,2.001415812925986,39.33556571284573,-0.185546875,False,False,3.7870959947729435,3.7870959947729435
g1_seed11,VAL,p001199,p001199_a001398,4,14.841158802387056,81.51253587840954,0.798828125,2.433410532646091,42.02791638995524,-0.17138671875,False,False,6.167851989395604,6.167851989395604
g1_seed11,VAL,p001199,p001199_a001398,8,15.635538103481759,82.12799165100563,0.80810546875,4.254643534084087,38.23074347658546,-0.16455078125,False,False,4.9836243793624995,4.9836243793624995
g1_seed11,VAL,p001199,p001199_a001398,11,15.213650251992952,82.77310805307766,0.798828125,3.660055371383045,40.79586863701539,-0.17724609375,False,False,1.8504681652373023,1.8504681652373023
g1_seed11,VAL,p001199,p001199_a001398,14,15.765397810165254,83.73049459432765,0.80029296875,4.550750016728257,42.17704404832105,-0.16748046875,False,False,1.3868528151070771,1.3868528151070771
g1_seed11,VAL,p001199,p001199_a001398,17,14.606125665278164,86.31737009874875,0.79248046875,3.7930860177900065,44.22418862640508,-0.18408203125,False,False,1.5823134279090265,1.5823134279090265
g1_seed11,VAL,p001199,p001199_a001398,21,14.541746464423126,82.1449805116727,0.80517578125,2.9166957101996847,40.42726329167364,-0.1669921875,False,False,3.2829469837139102,3.2829469837139102
g1_seed11,VAL,p001199,p001199_a001398,24,15.479849491358513,86.59102896508209,0.78515625,3.903176994382621,44.01955684574221,-0.18359375,False,False,9.839738318789346,9.839738318789346
g1_seed11,VAL,p001201,p001201_a005135,2,16.908038847524594,78.1909095359643,0.84521484375,6.495512145247352,42.98602402647741,-0.14453125,False,False,37.432372470860486,37.432372470860486
g1_seed11,VAL,p001201,p001201_a005135,7,17.85833321794255,67.42402945814018,0.87841796875,7.618995044439956,36.20555057817933,-0.115234375,False,False,29.85133940230333,29.85133940230333
g1_seed11,VAL,p001201,p001201_a005135,11,18.25655514252985,91.59033946044093,0.8359375,7.872021884088939,50.21611092132853,-0.12255859375,False,False,32.12183965188304,32.12183965188304
g1_seed11,VAL,p001201,p001201_a005135,16,17.754761060323077,75.34057988029106,0.8525390625,7.5993692627955625,42.26413632883802,-0.14208984375,False,False,34.95507398882099,34.95507398882099
g1_seed11,VAL,p001201,p001201_a005135,21,18.784881829807123,72.29525561865452,0.85986328125,8.84331389979911,38.6676833496255,-0.1328125,False,False,30.67717014949788,30.67717014949788
g1_seed11,VAL,p001201,p001201_a005135,26,21.517406105814292,68.85545283252343,0.87841796875,10.559506091568919,33.802931529179126,-0.11328125,False,False,31.09173698931585,31.09173698931585
g1_seed11,VAL,p001201,p001201_a005135,30,19.771372090094847,68.48039996455934,0.86572265625,9.34422424179185,31.029023738573613,-0.12158203125,False,False,36.413044954175064,36.413044954175064
g1_seed11,VAL,p001201,p001201_a005135,35,21.3703972019386,70.99270523087314,0.86767578125,10.290013448836628,38.07815841772732,-0.12451171875,False,False,31.243210508324044,31.243210508324044
g1_seed11,TRAIN,p001202,p001202_a001230,2,16.936386741599843,110.37961825788807,0.80224609375,-1.524715401873646,39.326034577254305,-0.07080078125,False,False,52.4180781299341,52.4180781299341
g1_seed11,TRAIN,p001202,p001202_a001230,9,16.662165987372916,115.23936670015196,0.8095703125,-1.6187888970875406,47.30039878462959,-0.08154296875,False,False,52.34035370345012,52.34035370345012
g1_seed11,TRAIN,p001202,p001202_a001230,15,17.03704946507675,114.10837494479922,0.7958984375,-0.8053460620619859,45.64625769222032,-0.0927734375,False,False,49.99873480958771,49.99873480958771
g1_seed11,TRAIN,p001202,p001202_a001230,21,18.363966420447618,115.27878033326833,0.7919921875,-0.6300243919415394,46.96202302842569,-0.0830078125,False,False,54.33887941950678,54.33887941950678
g1_seed11,TRAIN,p001202,p001202_a001230,28,17.142829895620203,105.28575710744197,0.81201171875,-2.6926236013622855,40.09648954098061,-0.08642578125,False,False,53.90973386552104,53.90973386552104
g1_seed11,TRAIN,p001202,p001202_a001230,34,16.5956140616111,113.03211662193955,0.8154296875,-2.7984485165676602,47.435853721358285,-0.06982421875,False,False,53.40592953776112,53.40592953776112
g1_seed11,TRAIN,p001202,p001202_a001230,40,17.657647003557134,112.33340882777787,0.7998046875,-0.4965495629118095,47.33621388710601,-0.09326171875,False,False,53.41904369873222,53.41904369873222
g1_seed11,TRAIN,p001202,p001202_a001230,47,17.568265264757393,99.27581265816342,0.830078125,-2.1519193683578344,31.950622134005542,-0.0498046875,False,False,56.85249426882371,56.85249426882371
g1_seed11,TRAIN,p001202,p001202_a005135,1,10.149657544450424,55.004081730688945,0.93017578125,0.7971037629645465,16.681828282322414,-0.0595703125,False,False,7.390527642705454,7.390527642705454
g1_seed11,TRAIN,p001202,p001202_a005135,5,11.555528620023372,56.78456450283833,0.92822265625,2.6412895654103874,18.271934525473775,-0.0615234375,False,False,6.952834015590415,6.952834015590415
g1_seed11,TRAIN,p001202,p001202_a005135,8,12.13821534874646,59.26518491442844,0.9052734375,2.563105308231341,21.52862899902741,-0.0849609375,False,False,4.555041078357271,4.555041078357271
g1_seed11,TRAIN,p001202,p001202_a005135,12,12.301660444338077,54.46815609404754,0.9267578125,2.2632998980608416,17.111094843892865,-0.06640625,False,False,11.710435721642957,11.710435721642957
g1_seed11,TRAIN,p001202,p001202_a005135,15,11.320663088550607,56.8403904221133,0.92041015625,1.5375789642961095,17.46371742866033,-0.0703125,False,False,23.37693274531892,23.37693274531892
g1_seed11,TRAIN,p001202,p001202_a005135,19,12.48915768362806,61.13871643909567,0.91259765625,3.211661800393154,24.460242917655442,-0.07861328125,False,False,5.208155342842623,5.208155342842623
g1_seed11,TRAIN,p001202,p001202_a005135,22,12.20019418252502,58.28342726549758,0.921875,3.055180544553888,18.154552673399635,-0.06689453125,False,False,5.428899279174944,5.428899279174944
g1_seed11,TRAIN,p001202,p001202_a005135,26,10.68456244780382,54.72655419296304,0.9345703125,1.4781296833766895,16.468406389470786,-0.05712890625,False,False,7.963935146397916,7.963935146397916
g1_seed11,TRAIN,p001203,p001203_a000032,3,16.84830749593351,76.48391417505192,0.8447265625,0.738767454625286,31.162173887007185,-0.1259765625,False,False,37.520808144024514,37.520808144024514
g1_seed11,TRAIN,p001203,p001203_a000032,9,17.143462934564486,82.66468446278031,0.83740234375,-0.1948144317892968,38.44657427106507,-0.13525390625,False,False,36.44327853279024,36.44327853279024
g1_seed11,TRAIN,p001203,p001203_a000032,16,20.16954867324074,81.45985145466567,0.82080078125,3.3798790250831736,36.56292989374042,-0.1494140625,False,False,36.974959521032154,36.974959521032154
g1_seed11,TRAIN,p001203,p001203_a000032,22,16.680624025632735,81.66567490868907,0.84912109375,-1.3518311171767792,35.4067517711336,-0.115234375,False,False,37.427427518259655,37.427427518259655
g1_seed11,TRAIN,p001203,p001203_a000032,29,17.81875266576639,81.37374187231845,0.8388671875,0.07686496542044097,38.00681452070464,-0.13671875,False,False,34.55453079046113,34.55453079046113
g1_seed11,TRAIN,p001203,p001203_a000032,35,18.70950746992913,82.48761127836083,0.81689453125,2.527270967131585,37.02901320826311,-0.1494140625,False,False,39.610039942555304,39.610039942555304
g1_seed11,TRAIN,p001203,p001203_a000032,42,16.105726785338742,80.15427083237799,0.84375,0.5555864452972052,37.00749336131054,-0.1298828125,False,False,26.686856924684324,26.686856924684324
g1_seed11,TRAIN,p001203,p001203_a000032,48,18.602565794997865,80.35443737632674,0.8310546875,1.6577122392641215,36.67314406138921,-0.1396484375,False,False,40.41093014421617,40.41093014421617
g1_seed11,TRAIN,p001204,p001204_a003011,1,20.456310428133573,85.61255103158291,0.81640625,8.099266232399348,40.074025191552025,-0.1484375,False,False,8.730052238233283,8.730052238233283
g1_seed11,TRAIN,p001204,p001204_a003011,3,19.664470213490123,88.32818964156887,0.79443359375,7.48857206117218,43.11783352777264,-0.171875,False,False,11.452601494040954,11.452601494040954
g1_seed11,TRAIN,p001204,p001204_a003011,6,21.753714574558906,85.02345764478949,0.78955078125,8.5822667640785,38.14656726182072,-0.17333984375,False,False,10.888672084972246,10.888672084972246
g1_seed11,TRAIN,p001204,p001204_a003011,8,20.15508236800752,79.86495357065161,0.810546875,7.23943265553752,33.78319137016975,-0.1533203125,False,False,11.559224873322949,11.559224873322949
g1_seed11,TRAIN,p001204,p001204_a003011,10,21.239476515459,91.53273406918069,0.78857421875,8.23001855791226,42.8079167025068,-0.1689453125,False,False,10.207332268661949,10.207332268661949
g1_seed11,TRAIN,p001204,p001204_a003011,12,19.98579973857128,88.99171605569987,0.8037109375,7.204994537721493,42.333918670751245,-0.1572265625,False,False,7.125429658880595,7.125429658880595
g1_seed11,TRAIN,p001204,p001204_a003011,15,20.219200261260074,88.23004890486999,0.78759765625,8.446230590354876,43.992879410474096,-0.1787109375,False,False,8.675560927477445,8.675560927477445
g1_seed11,TRAIN,p001204,p001204_a003011,17,21.733470255166765,88.81348694462487,0.78369140625,9.800171803408869,41.78981221331421,-0.17333984375,False,False,11.673043140369224,11.673043140369224
g1_seed11,TRAIN,p001210,p001210_a001226,2,48.39062300567181,261.09168561579554,0.51220703125,-0.4958578208948836,27.060716699696655,0.0068359375,False,False,22.526202370255106,22.526202370255106
g1_seed11,TRAIN,p001210,p001210_a001226,6,47.52246008440294,240.47584431861995,0.5234375,-1.6821583883382019,25.21755274933227,0.01513671875,False,False,17.326144447722925,17.326144447722925
g1_seed11,TRAIN,p001210,p001210_a001226,10,50.203849023935774,244.80239115094201,0.498046875,-0.5287577332554889,9.855251728677047,0.0068359375,False,False,24.359493368278162,24.359493368278162
g1_seed11,TRAIN,p001210,p001210_a001226,14,48.494813195280145,245.59327968644504,0.509765625,-3.4618099821887824,18.780079238228353,0.02490234375,False,False,19.450818941594772,19.450818941594772
g1_seed11,TRAIN,p001210,p001210_a001226,18,49.738104513375504,255.64446731200258,0.50146484375,-0.24893183250998163,29.578945190239665,0.00048828125,False,False,25.028950531768064,25.028950531768064
g1_seed11,TRAIN,p001210,p001210_a001226,22,47.021112388708254,260.144996855492,0.5234375,-1.6541789879616076,15.135347642458754,0.01318359375,False,False,21.590039129018265,21.590039129018265
g1_seed11,TRAIN,p001210,p001210_a001226,26,48.246288055927344,251.6476811172553,0.5166015625,-0.48482261044619435,26.2495691580057,0.00732421875,False,False,23.88855817188545,23.88855817188545
g1_seed11,TRAIN,p001210,p001210_a001226,30,48.769352434691825,248.2333722029979,0.50927734375,-0.43704714724393057,37.6333374535665,0.0009765625,False,False,27.602341329304735,27.602341329304735
g1_seed11,TRAIN,p001216,p001216_a001423,1,26.48098858333278,86.68522721615196,0.77880859375,9.13234481513156,21.855115928785963,-0.10888671875,False,False,71.41969339642361,71.41969339642361
g1_seed11,TRAIN,p001216,p001216_a001423,4,29.206821472483067,91.23629692397431,0.75341796875,12.61428577422939,24.324760961332075,-0.12744140625,False,False,67.19012724980323,67.19012724980323
g1_seed11,TRAIN,p001216,p001216_a001423,7,27.157540722253927,97.06945259652068,0.76806640625,12.145765786232126,28.591120298504606,-0.1162109375,False,False,66.27403825040889,66.27403825040889
g1_seed11,TRAIN,p001216,p001216_a001423,10,24.193488130677284,81.47413831977124,0.80029296875,6.354282946001948,15.671895582404858,-0.0830078125,False,False,68.67069237385982,68.67069237385982
g1_seed11,TRAIN,p001216,p001216_a001423,13,26.276736778773184,83.90046870617408,0.76611328125,8.743663416296137,14.579554992017023,-0.10986328125,False,False,67.26318008074608,67.26318008074608
g1_seed11,TRAIN,p001216,p001216_a001423,16,26.834231875472042,85.45689413224554,0.775390625,8.985588929116155,17.78132562391015,-0.1083984375,False,False,69.59792733585292,69.59792733585292
g1_seed11,TRAIN,p001216,p001216_a001423,19,27.480965579599186,88.90362718010675,0.76904296875,9.537867921946898,21.368169624523844,-0.11865234375,False,False,62.20937009002281,62.20937009002281
g1_seed11,TRAIN,p001216,p001216_a001423,22,26.55497787999036,87.57081181353905,0.7802734375,7.849497493084062,22.84042694196924,-0.1044921875,False,False,71.8834527650744,71.8834527650744
g1_seed11,TRAIN,p001225,p001225_a005341,1,29.694531324082543,85.54772210170525,0.744140625,13.675164089883417,33.05807090636216,-0.19775390625,False,False,74.59300678414333,74.59300678414333
g1_seed11,TRAIN,p001225,p001225_a005341,5,27.31065902818755,82.11194466630967,0.76171875,10.989074357894403,29.23085855061735,-0.18017578125,False,False,64.09321160900312,64.09321160900312
g1_seed11,TRAIN,p001225,p001225_a005341,9,29.851465279644444,94.59608639653035,0.73046875,13.427347809338915,37.51312852837251,-0.19384765625,False,False,68.66924085188761,68.66924085188761
g1_seed11,TRAIN,p001225,p001225_a005341,13,29.32502083594287,82.44117863689954,0.76123046875,12.051278024093225,28.557425251716452,-0.17822265625,False,False,55.839978313561915,55.839978313561915
g1_seed11,TRAIN,p001225,p001225_a005341,16,25.92412910968276,76.96637068180135,0.787109375,9.530090662478173,26.005478961193212,-0.15869140625,False,False,65.43267042001122,65.43267042001122
g1_seed11,TRAIN,p001225,p001225_a005341,20,29.240164293302833,87.42065882791138,0.74609375,11.972583982711384,31.545921816861757,-0.189453125,False,False,66.59365660500812,66.59365660500812
g1_seed11,TRAIN,p001225,p001225_a005341,24,28.153419231468405,86.23154305796977,0.740234375,11.225452024387032,28.802971798684645,-0.18896484375,False,False,59.720211197381026,59.720211197381026
g1_seed11,TRAIN,p001225,p001225_a005341,28,26.2159087708184,81.36813451445786,0.77978515625,8.755519205362841,23.715005770841955,-0.15087890625,False,False,60.80861263176961,60.80861263176961
g1_seed11,TRAIN,p001226,p001226_a000223,6,19.12033412240826,68.67115978680508,0.89013671875,6.695984647623382,29.940052216365572,-0.0927734375,False,False,13.495059994733102,13.495059994733102
g1_seed11,TRAIN,p001226,p001226_a000223,21,16.376162539789746,69.22964590371471,0.900390625,4.397942529368837,29.83914948189532,-0.08154296875,False,False,11.965128358796042,11.965128358796042
g1_seed11,TRAIN,p001226,p001226_a000223,36,25.01784598112873,72.25893392202481,0.81591796875,13.922881446665176,31.409017793918892,-0.16064453125,False,False,10.007850078812652,10.007850078812652
g1_seed11,TRAIN,p001226,p001226_a000223,51,25.498455826415785,70.31215121291602,0.87548828125,13.832441311706528,34.587924215936496,-0.11279296875,False,False,9.990815348943391,9.990815348943391
g1_seed11,TRAIN,p001226,p001226_a000223,66,25.730689832532022,85.69698957038644,0.80517578125,12.589585682541273,48.933293429106804,-0.17919921875,False,False,15.205321104886938,15.205321104886938
g1_seed11,TRAIN,p001226,p001226_a000223,81,18.55496925741156,64.1344070485488,0.89892578125,7.768492760607904,26.287326551358042,-0.0908203125,False,False,21.30469140162292,21.30469140162292
g1_seed11,TRAIN,p001226,p001226_a000223,96,20.642188873383926,69.24599131581107,0.8759765625,8.106769430057565,30.309437322904813,-0.1083984375,False,False,9.850481864813714,9.850481864813714
g1_seed11,TRAIN,p001226,p001226_a000223,111,20.498077916946478,71.74931120303481,0.88671875,7.804853392227063,33.9050837898011,-0.09619140625,False,False,2.846199884809348,2.846199884809348
g1_seed11,TRAIN,p001231,p001231_a000029,1,25.92016732410935,125.71007672193505,0.73095703125,6.274318866097545,20.866552093717928,-0.1005859375,False,False,8.023514215150813,8.023514215150813
g1_seed11,TRAIN,p001231,p001231_a000029,3,26.795019337229206,130.03881248112955,0.72412109375,7.458069581551825,29.213404889895486,-0.0947265625,False,False,18.439416480984697,18.439416480984697
g1_seed11,TRAIN,p001231,p001231_a000029,5,27.18099525147141,130.30739672481408,0.71142578125,7.6706552160090204,23.742246055614558,-0.12646484375,False,False,12.474675404111546,12.474675404111546
g1_seed11,TRAIN,p001231,p001231_a000029,7,28.416213986025024,129.06399551783292,0.70947265625,9.357863938825911,33.35580620075274,-0.13916015625,False,False,18.196861692117594,18.196861692117594
g1_seed11,TRAIN,p001231,p001231_a000029,8,25.904085341610774,112.62637904626331,0.74169921875,6.005794618086284,4.120407576485988,-0.08642578125,False,False,7.038664034345473,7.038664034345473
g1_seed11,TRAIN,p001231,p001231_a000029,10,26.888820774810593,121.22600901273348,0.7275390625,7.681395557896831,18.426633426746832,-0.1171875,False,False,7.4759729418188146,7.4759729418188146
g1_seed11,TRAIN,p001231,p001231_a000029,12,27.344346190231924,129.5966640725035,0.72021484375,8.174109334766761,19.54879310290832,-0.115234375,False,False,13.129971056574162,13.129971056574162
g1_seed11,TRAIN,p001231,p001231_a000029,14,25.04281824310948,116.11397920864556,0.7548828125,5.571413937188414,21.19838762198043,-0.09912109375,False,False,17.427741982810286,17.427741982810286
g1_seed11,TRAIN,p001231,p001231_a000075,3,16.30097380440843,83.78652750725388,0.87255859375,3.9284614051167814,32.89114700513852,-0.07568359375,False,False,16.8442635530544,16.8442635530544
g1_seed11,TRAIN,p001231,p001231_a000075,12,16.025962904529706,81.01889004411842,0.87744140625,3.788547569400917,31.2337852571089,-0.07373046875,False,False,10.050901959121957,10.050901959121957
g1_seed11,TRAIN,p001231,p001231_a000075,20,16.84448985031718,74.12078797036938,0.87939453125,5.244848303544108,28.842747664167604,-0.08740234375,False,False,17.929102956068746,17.929102956068746
g1_seed11,TRAIN,p001231,p001231_a000075,29,23.611175962369753,97.79321490770539,0.78759765625,8.19148493716234,36.622454041334464,-0.1181640625,False,False,19.743911698151365,19.743911698151365
g1_seed11,TRAIN,p001231,p001231_a000075,37,20.368082866434435,97.85555196042243,0.77880859375,4.672400340983042,36.86664800522543,-0.12646484375,False,False,26.933302321675708,26.933302321675708
g1_seed11,TRAIN,p001231,p001231_a000075,46,16.462158701005407,77.56755156856548,0.876953125,3.8791055161947483,30.066341397345674,-0.0791015625,False,False,26.70378339417665,26.70378339417665
g1_seed11,TRAIN,p001231,p001231_a000075,54,19.646408058516535,88.87282113784997,0.83984375,9.133962273953827,38.94434369425607,-0.1103515625,False,False,14.471537197292346,14.471537197292346
g1_seed11,TRAIN,p001231,p001231_a000075,63,19.524776130000937,97.74214595351144,0.81689453125,9.119705170114656,43.045028244190235,-0.12109375,False,False,11.41513622515722,11.41513622515722
g1_seed11,TRAIN,p001231,p001231_a000214,4,21.744262081451012,94.05243950680561,0.84619140625,-11.601257250002078,7.544275182518135,0.14306640625,False,False,26.913397804700146,26.913397804700146
g1_seed11,TRAIN,p001231,p001231_a000214,16,23.56715279988419,92.15894335179252,0.833984375,-5.569791786576989,15.120343237279101,0.0576171875,False,False,24.37411112634906,24.37411112634906
g1_seed11,TRAIN,p001231,p001231_a000214,27,30.149722205050683,107.2913693264649,0.71240234375,-10.611405721450307,-7.089372581078692,0.13330078125,False,False,3.2691886134615533,3.2691886134615533
g1_seed11,TRAIN,p001231,p001231_a000214,38,24.32675339441772,111.47326757399577,0.7568359375,6.828824790496274,30.919205323876454,-0.08642578125,False,False,9.054788722394216,9.054788722394216
g1_seed11,TRAIN,p001231,p001231_a000214,49,23.051150792317927,102.2202766097246,0.75927734375,7.527063744955612,36.7738312814042,-0.12060546875,False,False,12.307173526044215,12.307173526044215
g1_seed11,TRAIN,p001231,p001231_a000214,60,29.50836021527174,82.3505052623533,0.77392578125,10.220863025308102,15.639710985883923,-0.0810546875,False,False,21.804747130517224,21.804747130517224
g1_seed11,TRAIN,p001231,p001231_a000214,71,24.18516819608292,86.8838177592749,0.7919921875,-9.461607962304967,3.522084033850234,0.10498046875,False,False,13.400599829858098,13.400599829858098
g1_seed11,TRAIN,p001231,p001231_a000214,83,26.544582819555963,89.13393241543439,0.7548828125,-15.12729598580686,-10.393305343439664,0.17138671875,False,False,19.018832281106842,19.018832281106842
g1_seed11,TRAIN,p100067,p100067_a005746,2,12.253110610442032,104.79234691626523,0.923828125,-0.02736297224041806,22.496860158055924,0.02587890625,False,False,45.86479667236374,45.86479667236374
g1_seed11,TRAIN,p100067,p100067_a005746,8,13.670847888387883,116.9814398578286,0.9140625,1.9217894797632518,23.42356071035634,0.01513671875,False,False,47.498061089547654,47.498061089547654
g1_seed11,TRAIN,p100067,p100067_a005746,14,12.934217767219732,111.2851712927972,0.91748046875,1.0927983482045267,22.107159931823787,0.009765625,False,False,51.099071903303205,51.099071903303205
g1_seed11,TRAIN,p100067,p100067_a005746,20,15.840435474754349,135.11425681978724,0.8994140625,4.084303595704762,50.08936675081445,-0.00927734375,False,False,49.19796647202768,49.19796647202768
g1_seed11,TRAIN,p100067,p100067_a005746,26,11.597338449183942,110.66353509445909,0.91162109375,-0.29473624895937967,24.099582191748013,0.0126953125,False,False,45.20433717328021,45.20433717328021
g1_seed11,TRAIN,p100067,p100067_a005746,32,12.963421652594633,137.79276836303478,0.9091796875,0.8389871584054625,41.381857096631364,0.01904296875,False,False,56.5117025838552,56.5117025838552
g1_seed11,TRAIN,p100067,p100067_a005746,38,13.297179729007752,134.0431333046821,0.91650390625,0.9619413938098091,41.20942816388859,0.01904296875,False,False,45.52378828414699,45.52378828414699
g1_seed11,TRAIN,p100067,p100067_a005746,44,13.427922727067724,124.84875178938687,0.91015625,0.8186706015079022,43.80366444712001,0.02294921875,False,False,49.2887251649569,49.2887251649569
g1_seed11,TRAIN,p100069,p100069_a005191,6,20.680352845476396,100.29398037979585,0.837890625,11.83454515159945,62.539386841861855,-0.1337890625,False,False,28.418676189447964,28.418676189447964
g1_seed11,TRAIN,p100069,p100069_a005191,21,21.129087834844515,108.93827157226438,0.80908203125,12.598774973470798,69.47478283110419,-0.17138671875,False,False,24.818398293154328,24.818398293154328
g1_seed11,TRAIN,p100069,p100069_a005191,37,16.976666320459625,83.30796523106093,0.87158203125,7.519051897121077,45.71972907828896,-0.1103515625,False,False,42.455151718769834,42.455151718769834
g1_seed11,TRAIN,p100069,p100069_a005191,52,14.108378737760127,52.004188828771944,0.94140625,2.4686474402885956,10.979093359620649,-0.02734375,False,False,12.87443568349258,12.87443568349258
g1_seed11,TRAIN,p100069,p100069_a005191,68,14.110799781609241,51.473072978691874,0.94580078125,3.86746066964087,8.07991281892349,-0.01513671875,False,False,28.327650922260144,28.327650922260144
g1_seed11,TRAIN,p100069,p100069_a005191,83,13.624205829938834,90.87541878851215,0.88330078125,4.2878589052704825,48.51131953426675,-0.08642578125,False,False,40.942798809144385,40.942798809144385
g1_seed11,TRAIN,p100069,p100069_a005191,99,15.635685890778202,67.23628168842906,0.9072265625,5.779909651403459,24.2803143929317,-0.06005859375,False,False,27.422318951179886,27.422318951179886
g1_seed11,TRAIN,p100069,p100069_a005191,114,15.330125103208315,80.84296366745991,0.86767578125,1.8857264623661791,28.68555315089297,-0.076171875,False,False,41.395516119816634,41.395516119816634
g1_seed11,TRAIN,p100069,p100069_a005746,2,11.604381286344857,69.89972152333526,0.94140625,-1.1092467005644764,-18.528824351070753,0.0830078125,False,False,2.448774571597588,2.448774571597588
g1_seed11,TRAIN,p100069,p100069_a005746,8,11.588420586396754,66.40784960925001,0.943359375,-0.22802438303837214,-12.745311681487877,0.05029296875,False,False,2.075172836044073,2.075172836044073
g1_seed11,TRAIN,p100069,p100069_a005746,14,11.733619570656497,47.44516303750319,0.951171875,-0.8683946026026277,-43.05855899979298,0.07421875,False,False,1.268023550025019,1.268023550025019
g1_seed11,TRAIN,p100069,p100069_a005746,20,11.322695304784801,54.27081624314523,0.94775390625,-0.7334161822992513,-30.556787233309684,0.05859375,False,False,5.041364996745896,5.041364996745896
g1_seed11,TRAIN,p100069,p100069_a005746,27,11.671807144895611,44.17468922032853,0.95263671875,-0.7070323378567629,-42.97214844667084,0.07275390625,False,False,3.023926182144427,3.023926182144427
g1_seed11,TRAIN,p100069,p100069_a005746,33,13.467295759259645,47.64345954729842,0.951171875,1.449022739236348,-39.05835957055301,0.06689453125,False,False,5.515520238385175,5.515520238385175
g1_seed11,TRAIN,p100069,p100069_a005746,39,13.843084494091869,52.36912074552677,0.9482421875,2.047388339357852,-33.40391615319932,0.0615234375,False,False,8.407936332746155,8.407936332746155
g1_seed11,TRAIN,p100069,p100069_a005746,45,14.250338313791426,84.97512404285423,0.94287109375,1.9347995418870578,-7.383602106363071,0.06298828125,False,False,6.894746892899393,6.894746892899393
g1_seed11,TRAIN,p100072,p100072_a001242,6,22.50566277124968,206.42807481689724,0.78662109375,9.909608011357804,161.30146704145852,-0.17822265625,False,False,52.18791918761813,52.18791918761813
g1_seed11,TRAIN,p100072,p100072_a001242,20,22.38345940955861,171.60814445432356,0.783203125,10.18753082648432,126.4877849582455,-0.18212890625,False,False,48.05204980107634,48.05204980107634
g1_seed11,TRAIN,p100072,p100072_a001242,34,21.583877343269233,184.0624405853285,0.72509765625,6.312992333579929,136.43849774005974,-0.23388671875,False,False,27.289966396179572,27.289966396179572
g1_seed11,TRAIN,p100072,p100072_a001242,48,41.419143369909705,635.8014954413228,0.59619140625,18.479141023178794,497.32010311065926,-0.16259765625,False,False,30.9624478810024,30.9624478810024
g1_seed11,TRAIN,p100072,p100072_a001242,63,39.05393358799675,615.0345200218784,0.63525390625,16.746726891053335,511.8033721792144,-0.16552734375,False,False,18.90048020901821,18.90048020901821
g1_seed11,TRAIN,p100072,p100072_a001242,77,21.958422282064056,202.65191706314855,0.74365234375,5.4943756184471155,155.120008195683,-0.21484375,False,False,44.65386937372943,44.65386937372943
g1_seed11,TRAIN,p100072,p100072_a001242,91,21.194432988123605,155.7440263743121,0.7998046875,8.737430844513867,106.9560862500589,-0.15234375,False,False,49.285105350839764,49.285105350839764
g1_seed11,TRAIN,p100072,p100072_a001242,105,22.020151374093473,208.3934451960036,0.76171875,10.467045102521393,162.70492843312826,-0.20361328125,False,False,54.46257624982905,54.46257624982905
g1_seed11,TRAIN,p100085,p100085_a000042,1,18.0654105541248,60.2769673306114,0.91943359375,5.146521803197752,9.191196780947791,-0.02783203125,False,False,16.118610937615674,16.118610937615674
g1_seed11,TRAIN,p100085,p100085_a000042,2,19.759653764595313,64.53930130056969,0.904296875,6.671037852443131,11.444380059133884,-0.03466796875,False,False,17.051567546214816,17.051567546214816
g1_seed11,TRAIN,p100085,p100085_a000042,4,16.94923934041074,69.8495688267829,0.91015625,3.6226581536647124,16.212300802634076,-0.029296875,False,False,15.972355738795185,15.972355738795185
g1_seed11,TRAIN,p100085,p100085_a000042,6,21.24066244586251,66.88943129436646,0.900390625,8.463921014117004,14.798659844962422,-0.0419921875,False,False,17.96456124427888,17.96456124427888
g1_seed11,TRAIN,p100085,p100085_a000042,8,17.642589622869508,60.426125573612524,0.9228515625,5.37180142260763,8.608903870737699,-0.02099609375,False,False,16.465832906380474,16.465832906380474
g1_seed11,TRAIN,p100085,p100085_a000042,10,18.551991436393727,62.88786720187425,0.91259765625,6.33339619663972,10.265130947247783,-0.02978515625,False,False,18.138929064594073,18.138929064594073
g1_seed11,TRAIN,p100085,p100085_a000042,12,17.312009323755255,58.478198719555564,0.92333984375,5.533523493716878,6.234935023109351,-0.01513671875,False,False,18.214336238229542,18.214336238229542
g1_seed11,TRAIN,p100085,p100085_a000042,13,20.83163260230679,71.796464024637,0.89404296875,8.037088519891878,19.213830852268018,-0.04296875,False,False,20.464041480653133,20.464041480653133
g1_seed11,TRAIN,p100086,p100086_a001415,3,13.60095646457911,54.98432476445489,0.9296875,2.278529731094089,14.968686905159203,-0.0478515625,False,False,47.969961818573765,47.969961818573765
g1_seed11,TRAIN,p100086,p100086_a001415,10,13.498433686036446,56.12451375073643,0.92236328125,1.35676924360531,15.193223123749874,-0.05712890625,False,False,48.367520582659026,48.367520582659026
g1_seed11,TRAIN,p100086,p100086_a001415,17,13.466632400539147,55.5617703783588,0.9228515625,1.9340168443298111,14.83302885615079,-0.05712890625,False,False,45.15795925896831,45.15795925896831
g1_seed11,TRAIN,p100086,p100086_a001415,24,13.900986563386091,54.54262687309823,0.9287109375,2.4588830251727387,14.254621078070464,-0.0478515625,False,False,46.13210031162409,46.13210031162409
g1_seed11,TRAIN,p100086,p100086_a001415,32,14.209533741542504,57.75307834697828,0.91015625,2.689783780855027,18.527909063018825,-0.06787109375,False,False,48.82942499167559,48.82942499167559
g1_seed11,TRAIN,p100086,p100086_a001415,39,14.422411092808304,58.29764403127089,0.90625,2.9648180344533124,16.733371504208975,-0.0693359375,False,False,47.4838039169016,47.4838039169016
g1_seed11,TRAIN,p100086,p100086_a001415,46,13.618661063927497,53.48351787807332,0.93310546875,2.2056626139858473,10.514119151647876,-0.0439453125,False,False,47.51152010170198,47.51152010170198
g1_seed11,TRAIN,p100086,p100086_a001415,53,13.539030281162312,57.65123101632209,0.9150390625,2.1916115218087935,16.045135732272385,-0.0595703125,False,False,46.96907724037541,46.96907724037541
g1_seed11,TRAIN,p100089,p100089_a005814,4,47.435532265525296,392.13390119730997,0.52001953125,14.609298563659308,296.3635652688263,-0.166015625,False,False,19.00927193330451,19.00927193330451
g1_seed11,TRAIN,p100089,p100089_a005814,14,47.907674855158135,353.6957756212265,0.5185546875,11.890301453863785,246.86798178467185,-0.140625,False,False,22.31072781639317,22.31072781639317
g1_seed11,TRAIN,p100089,p100089_a005814,24,41.652275546398585,365.6060140314966,0.57177734375,12.332037727291276,272.82863506632714,-0.13232421875,False,False,21.80765885852081,21.80765885852081
g1_seed11,TRAIN,p100089,p100089_a005814,34,42.786845392154866,406.85729106116133,0.5615234375,11.197701770824274,311.7656903340404,-0.12060546875,False,False,21.53271340099618,21.53271340099618
g1_seed11,TRAIN,p100089,p100089_a005814,43,44.015316451790184,388.1910505570835,0.5556640625,14.158372051699015,293.61650863277487,-0.14404296875,False,False,10.270607389212916,10.270607389212916
g1_seed11,TRAIN,p100089,p100089_a005814,53,37.77021902207117,383.9840775637071,0.595703125,7.816846893178578,293.4038304778643,-0.091796875,False,False,11.656517899992773,11.656517899992773
g1_seed11,TRAIN,p100089,p100089_a005814,63,39.14196047116529,355.14447402107663,0.591796875,9.316938664815588,267.0848252027487,-0.1064453125,False,False,21.1908452551242,21.1908452551242
g1_seed11,TRAIN,p100089,p100089_a005814,73,38.77829908514337,388.07133638067165,0.58056640625,9.27243819512914,297.2348099060116,-0.13232421875,False,False,5.783182852103284,5.783182852103284
g1_seed11,TRAIN,p100090,p100090_a005401,1,34.32968611901765,186.56411325119402,0.63525390625,15.192521710167696,112.29136922768218,-0.25244140625,False,False,70.40317676370218,70.40317676370218
g1_seed11,TRAIN,p100090,p100090_a005401,3,31.123702619526323,186.0511139841166,0.662109375,12.187489391424986,101.85036793331821,-0.220703125,False,False,84.13191446565972,84.13191446565972
g1_seed11,TRAIN,p100090,p100090_a005401,5,32.68142203532615,180.48506291783735,0.64501953125,12.695589922251948,102.71475283313157,-0.2275390625,False,False,83.8187790552203,83.8187790552203
g1_seed11,TRAIN,p100090,p100090_a005401,7,35.53346518872117,193.33999324508804,0.63916015625,15.80092708425618,111.22608418710367,-0.2333984375,False,False,73.98550093918927,73.98550093918927
g1_seed11,TRAIN,p100090,p100090_a005401,9,32.88176982900415,188.57365399665204,0.64697265625,13.3087483433277,110.99095809036369,-0.23828125,False,False,77.71965402483384,77.71965402483384
g1_seed11,TRAIN,p100090,p100090_a005401,11,37.265401923513295,188.48900707741896,0.6279296875,18.156616800603345,120.70216972060166,-0.2666015625,False,False,75.07691841334174,75.07691841334174
g1_seed11,TRAIN,p100090,p100090_a005401,13,31.416932084222818,187.218600114076,0.65380859375,11.864489929528734,106.20730470931939,-0.2294921875,False,False,87.15805042663567,87.15805042663567
g1_seed11,TRAIN,p100090,p100090_a005401,15,33.56926320998571,176.43646648185387,0.65185546875,14.401166020430772,103.54525929310142,-0.23583984375,False,False,66.53572564687241,66.53572564687241
g1_seed11,TRAIN,p100092,p100092_a001307,4,26.985875668433792,113.96354162898157,0.75390625,1.958347094089227,12.196223660937264,-0.015625,False,False,13.278187117722936,13.278187117722936
g1_seed11,TRAIN,p100092,p100092_a001307,14,28.744109816865652,136.76824208737787,0.7568359375,5.013192752648216,54.20886350530499,-0.04248046875,False,False,14.674403130125457,14.674403130125457
g1_seed11,TRAIN,p100092,p100092_a001307,24,24.88621387148992,105.46750040106974,0.7998046875,7.015205588927518,45.19733625887812,-0.09375,False,False,18.755706730164693,18.755706730164693
g1_seed11,TRAIN,p100092,p100092_a001307,34,25.995623488738538,120.2005402121811,0.75341796875,4.948590380299127,52.39675841607557,-0.10693359375,False,False,18.987172924190155,18.987172924190155
g1_seed11,TRAIN,p100092,p100092_a001307,44,24.203677000973173,91.51201611100433,0.77197265625,4.3762451139904925,30.16330598402569,-0.11474609375,False,False,18.945247957633725,18.945247957633725
g1_seed11,TRAIN,p100092,p100092_a001307,54,31.597064521851472,134.6461830243502,0.73974609375,7.044612895500261,41.496147444279686,-0.005859375,False,False,16.165546746677297,16.165546746677297
g1_seed11,TRAIN,p100092,p100092_a001307,64,32.642502058141645,152.31315083807948,0.68408203125,2.8554639582129866,38.90410502611192,-0.01318359375,False,False,26.897114663756934,26.897114663756934
g1_seed11,TRAIN,p100092,p100092_a001307,74,29.57748766145592,124.55393757031723,0.74365234375,3.1695469804835383,14.4163968065847,0.00439453125,False,False,20.149261853534036,20.149261853534036
g1_seed23,VAL,p001194,p001194_a000062,5,8.287096323148987,33.5733074546394,0.9912109375,-1.717554169338877,-16.50447368984792,0.04150390625,False,False,11.095497875179847,11.095497875179847
g1_seed23,VAL,p001194,p001194_a000062,17,8.418675592920508,29.861733345700845,0.98974609375,-1.41687489262174,-19.728051728311105,0.0390625,False,False,29.426842084472685,29.426842084472685
g1_seed23,VAL,p001194,p001194_a000062,29,21.72819402213176,44.81181704181142,0.96630859375,12.534687478409932,5.6636726981572565,-0.0087890625,False,False,56.358943095381676,56.358943095381676
g1_seed23,VAL,p001194,p001194_a000062,41,11.754900850337428,59.684865444794106,0.9306640625,0.9042598586121464,5.678873842438989,-0.0087890625,False,False,24.184332229258406,24.184332229258406
g1_seed23,VAL,p001194,p001194_a000062,53,11.966888315564969,45.5441020073974,0.9638671875,0.7399541353646413,7.280142514168304,-0.01953125,False,False,51.32026447726642,51.32026447726642
g1_seed23,VAL,p001194,p001194_a000062,65,9.996159767879522,41.47409670427529,0.97265625,1.8319331786866062,-1.9634181329365177,0.009765625,False,False,35.710208346130656,35.710208346130656
g1_seed23,VAL,p001194,p001194_a000062,77,8.620328472985541,30.840242326751103,0.9970703125,-3.2530542299848513,-16.190134581742257,0.04052734375,False,False,12.578146757592584,12.578146757592584
g1_seed23,VAL,p001194,p001194_a000062,89,8.352192105492644,32.765178730171115,0.98876953125,-1.8110486422713823,-12.018414652208847,0.03271484375,False,False,17.746666551855526,17.746666551855526
g1_seed23,VAL,p001194,p001194_a000986,10,9.049113298037515,40.788347442164316,0.9716796875,-0.8785514496300628,-9.655110191930945,0.02294921875,False,False,23.55647320691782,23.55647320691782
g1_seed23,VAL,p001194,p001194_a000986,36,13.649374372586582,43.41508397557786,0.9677734375,5.244483559345987,-2.7538115602359525,0.015625,False,False,6.047886034344991,6.047886034344991
g1_seed23,VAL,p001194,p001194_a000986,62,11.061551477648521,89.62889206636538,0.90576171875,0.23278676355792882,41.88661754185879,-0.0498046875,False,False,54.54393630853928,54.54393630853928
g1_seed23,VAL,p001194,p001194_a000986,88,8.463927415692384,25.3894906157776,0.99609375,0.6124441209482256,-0.7618793729530715,-0.0009765625,False,False,49.15851085295038,49.15851085295038
g1_seed23,VAL,p001194,p001194_a000986,114,9.962415666928482,35.275952529386785,0.970703125,0.4671340752812938,1.6127489144036389,-0.00732421875,False,False,21.863071070126757,21.863071070126757
g1_seed23,VAL,p001194,p001194_a000986,140,9.261278556469641,57.28091539028143,0.9404296875,-1.3803026274585974,9.693776646877303,-0.0126953125,False,False,18.45588140997491,18.45588140997491
g1_seed23,VAL,p001194,p001194_a000986,166,9.523481589891865,40.03897951572709,0.97265625,-0.20764408824880576,1.899288267005609,-0.01123046875,False,False,29.489624620727383,29.489624620727383
g1_seed23,VAL,p001194,p001194_a000986,192,6.580798139529632,29.882874482900053,1.0,-1.1659035459715197,1.1457792220218401,0.0,False,False,9.736770471007654,9.736770471007654
g1_seed23,TRAIN,p001195,p001195_a000053,6,12.435398748274466,58.600175699503595,0.9248046875,-160.90543323398396,-154.84974853362445,0.921875,False,True,102.35442789363697,102.35442789363697
g1_seed23,TRAIN,p001195,p001195_a000053,21,12.280742737569195,48.94979621519135,0.9521484375,-156.46419096632272,-157.6810040329161,0.9453125,False,True,104.80122744251337,104.80122744251337
g1_seed23,TRAIN,p001195,p001195_a000053,37,17.03880318729833,99.46000612139443,0.82275390625,-201.16723031350102,-183.07649412316573,0.8212890625,False,True,105.73508211021318,105.73508211021318
g1_seed23,TRAIN,p001195,p001195_a000053,52,13.718799165189807,54.64444887368471,0.93115234375,-201.24589719265992,-208.6692312268932,0.93115234375,False,True,82.3915158444289,82.3915158444289
g1_seed23,TRAIN,p001195,p001195_a000053,68,14.393578532738974,49.451984986384346,0.95166015625,-200.2602275609189,-222.66815666772015,0.94873046875,False,True,119.84648142258328,119.84648142258328
g1_seed23,TRAIN,p001195,p001195_a000053,83,16.415576294962946,41.720018086458765,0.9658203125,-167.46539962056607,-180.9150745507128,0.96533203125,False,True,118.35327319418218,118.35327319418218
g1_seed23,TRAIN,p001195,p001195_a000053,99,14.537979550257145,38.36429598161899,0.98583984375,0.7424921027232401,0.06046435981603793,-0.00634765625,False,False,81.09264490966132,81.09264490966132
g1_seed23,TRAIN,p001195,p001195_a000053,114,10.991115813912906,35.97961657097721,0.99365234375,-165.2552038151205,-170.97962582128616,0.990234375,False,True,120.32038980565879,120.32038980565879
g1_seed23,TRAIN,p001195,p001195_a000986,11,11.056624296324232,41.96166547510997,0.9765625,-171.65608683047392,-174.09507499088573,0.97509765625,False,True,84.00540492489252,84.00540492489252
g1_seed23,TRAIN,p001195,p001195_a000986,39,8.970250990121976,40.20630668505064,0.974609375,-1.2516020679158384,-0.34861693529952476,-0.00244140625,False,False,79.5111998252035,79.5111998252035
g1_seed23,TRAIN,p001195,p001195_a000986,68,14.439084973663665,81.49074952657979,0.9072265625,-3.677096957578417,-49.861282755653306,0.0361328125,False,False,65.8189971617479,65.8189971617479
g1_seed23,TRAIN,p001195,p001195_a000986,96,14.641533939222953,46.970621115045844,0.95849609375,-149.4429115686287,-149.2921251397565,0.94091796875,False,True,107.8442547044318,107.8442547044318
g1_seed23,TRAIN,p001195,p001195_a000986,125,12.173216069024836,46.848029998757475,0.97216796875,-4.42996588557801,-16.511608954260545,0.080078125,False,False,72.42467864867568,72.42467864867568
g1_seed23,TRAIN,p001195,p001195_a000986,153,12.800907834880888,80.24071225615705,0.89208984375,-5.630635131634911,-1.554117043771086,0.00537109375,False,False,86.6304065000981,86.6304065000981
g1_seed23,TRAIN,p001195,p001195_a000986,182,12.796129298835785,59.23463113523817,0.9384765625,-148.24166982192693,-143.78695028248376,0.91650390625,False,True,115.3732936616347,115.3732936616347
g1_seed23,TRAIN,p001195,p001195_a000986,210,12.289006564667414,48.98681486297214,0.953125,-156.58392519485173,-155.92795773732013,0.94677734375,False,True,71.17271712680612,71.17271712680612
g1_seed23,VAL,p001196,p001196_a000388,11,14.153833976982746,47.50647068803448,0.95361328125,-0.2529562539456638,5.014936856342295,-0.015625,False,False,25.800312263092064,25.800312263092064
g1_seed23,VAL,p001196,p001196_a000388,40,17.415650652397144,51.0269596614635,0.94873046875,3.2706487894487157,11.475829719305281,-0.02734375,False,False,33.38054619594777,33.38054619594777
g1_seed23,VAL,p001196,p001196_a000388,69,17.15660037078618,60.73695238076045,0.89892578125,6.68159046408889,20.887614014837013,-0.07958984375,False,False,32.65122124313337,32.65122124313337
g1_seed23,VAL,p001196,p001196_a000388,98,18.194712850236375,55.08636122343691,0.9306640625,6.328107520916802,14.651975657095015,-0.0439453125,False,False,2.3223834136936112,2.3223834136936112
g1_seed23,VAL,p001196,p001196_a000388,127,12.80473434902516,62.52347829433518,0.92431640625,0.4314292819918517,13.879953125567702,-0.02880859375,False,False,11.964885458817804,11.964885458817804
g1_seed23,VAL,p001196,p001196_a000388,156,12.64749925355115,65.75199845402948,0.90234375,-1.7930012201842054,4.268127850540623,-0.01318359375,False,False,28.173477807526606,28.173477807526606
g1_seed23,VAL,p001196,p001196_a000388,185,14.980373028247488,64.9972016489117,0.91064453125,1.971329034868461,11.826567672788755,-0.03271484375,False,False,10.418326872239108,10.418326872239108
g1_seed23,VAL,p001196,p001196_a000388,214,15.592792713196907,60.164475976186296,0.9140625,1.3659880471119497,13.316987523027386,-0.04345703125,False,False,3.8511775882191044,3.8511775882191044
g1_seed23,TRAIN,p001197,p001197_a000062,5,15.816901907052088,57.54781966751032,0.92822265625,5.622329284694622,2.749511428115916,-0.0126953125,False,False,5.977307754327774,5.977307754327774
g1_seed23,TRAIN,p001197,p001197_a000062,16,14.505963610880796,51.450951711803874,0.94677734375,4.309237599027162,3.532455289176667,-0.00634765625,False,False,4.212270458130189,4.212270458130189
g1_seed23,TRAIN,p001197,p001197_a000062,28,21.59590715587851,59.39451145500133,0.9033203125,7.369324429934515,8.047334909698371,-0.04443359375,False,False,16.544589023503665,16.544589023503665
g1_seed23,TRAIN,p001197,p001197_a000062,40,17.455454479594486,84.39808870751477,0.8291015625,0.06271098232409145,12.545089793848447,-0.013671875,False,False,84.03704827815643,84.03704827815643
g1_seed23,TRAIN,p001197,p001197_a000062,52,11.856899145521087,146.37514458079508,0.85205078125,-1.8891569340041485,23.226858729197986,-0.01708984375,False,False,55.77727395202701,55.77727395202701
g1_seed23,TRAIN,p001197,p001197_a000062,64,17.033909483158418,90.87302948955603,0.82861328125,-4.314843086516447,6.0487995331489515,0.0078125,False,False,72.74868940234398,72.74868940234398
g1_seed23,TRAIN,p001197,p001197_a000062,76,24.9314177628127,74.7981037580767,0.8427734375,7.3567167615981575,12.980698804464062,-0.0419921875,False,False,66.5505873594373,66.5505873594373
g1_seed23,TRAIN,p001197,p001197_a000062,87,15.206926438607356,61.283083285562256,0.9228515625,2.8786207004498348,2.786641903749043,-0.01318359375,False,False,9.788223087743994,9.788223087743994
g1_seed23,TRAIN,p001197,p001197_a001238,3,10.498589294724486,70.77305852929527,0.92431640625,-6.422192455918605,-24.885017221553724,0.048828125,False,False,15.471032291050454,15.471032291050454
g1_seed23,TRAIN,p001197,p001197_a001238,10,10.400092964213858,69.30425398644634,0.90771484375,-5.8983004143099045,-35.461916941075515,0.01953125,False,False,20.430900901454386,20.430900901454386
g1_seed23,TRAIN,p001197,p001197_a001238,18,10.181746712188868,59.845110996573744,0.9345703125,-6.363704975552658,-30.540838433273883,0.04296875,False,False,17.120001386461443,17.120001386461443
g1_seed23,TRAIN,p001197,p001197_a001238,25,10.180322345941946,64.49147274764789,0.92724609375,-5.93788581218498,-42.83565904709978,0.03662109375,False,False,17.342249783318433,17.342249783318433
g1_seed23,TRAIN,p001197,p001197_a001238,33,10.192476143745413,81.73157434423268,0.9169921875,-5.463523556537773,-48.34784430255442,0.0322265625,False,False,9.96339678909921,9.96339678909921
g1_seed23,TRAIN,p001197,p001197_a001238,40,10.183617958811498,73.33690362181919,0.91259765625,-4.331116685731146,-23.97476383270154,0.00634765625,False,False,8.832842771825668,8.832842771825668
g1_seed23,TRAIN,p001197,p001197_a001238,48,9.921009042964467,66.94903222081302,0.931640625,-5.93733458375295,-37.74052787221167,0.05029296875,False,False,25.059174273265274,25.059174273265274
g1_seed23,TRAIN,p001197,p001197_a001238,55,9.980596672430785,72.1874262260382,0.9296875,-6.310423412329595,-51.75437474265601,0.046875,False,False,19.447914242428812,19.447914242428812
g1_seed23,VAL,p001199,p001199_a001398,1,10.602781177099187,48.40149284367284,0.95263671875,-1.5538084398750325,5.236176532222466,-0.0166015625,False,False,1.4356569416616476,1.4356569416616476
g1_seed23,VAL,p001199,p001199_a001398,4,11.061145592173553,45.166335261071495,0.966796875,-1.3466026775674127,5.681715772617196,-0.00341796875,False,False,6.374252933338665,6.374252933338665
g1_seed23,VAL,p001199,p001199_a001398,8,10.567291604401714,47.026780089946264,0.95654296875,-0.8136029649959582,3.129531915526094,-0.01611328125,False,False,4.888165430290093,4.888165430290093
g1_seed23,VAL,p001199,p001199_a001398,11,10.483784809494374,46.91978582170415,0.96044921875,-1.0698100711155334,4.9425464056418775,-0.015625,False,False,3.8481071704000454,3.8481071704000454
g1_seed23,VAL,p001199,p001199_a001398,14,11.529652701904844,47.68339081290773,0.95654296875,0.3150049084678468,6.12994026690113,-0.01123046875,False,False,12.240684413794481,12.240684413794481
g1_seed23,VAL,p001199,p001199_a001398,17,11.429241482826612,47.70979415120213,0.95751953125,0.6162018353384546,5.616612678858459,-0.01904296875,False,False,12.755270497103794,12.755270497103794
g1_seed23,VAL,p001199,p001199_a001398,21,11.52087917158508,46.90660349431178,0.9619140625,-0.10417158263836157,5.188886274312722,-0.01025390625,False,False,6.632567685307214,6.632567685307214
g1_seed23,VAL,p001199,p001199_a001398,24,11.078862324949776,47.27850522808426,0.958984375,-0.49781017202611544,4.707033108744383,-0.009765625,False,False,5.269945887632392,5.269945887632392
g1_seed23,VAL,p001201,p001201_a005135,2,12.610989040196538,44.399246289152316,0.9677734375,2.1984623379192954,9.19436077966543,-0.02197265625,False,False,43.8536088263391,43.8536088263391
g1_seed23,VAL,p001201,p001201_a005135,7,11.752612846964105,37.50355315004732,0.98828125,1.5132746734615097,6.285074270086465,-0.00537109375,False,False,43.9739423612996,43.9739423612996
g1_seed23,VAL,p001201,p001201_a005135,11,13.719795114713158,53.99887025840101,0.9423828125,3.335261856272245,12.624641719288611,-0.01611328125,False,False,41.65563970783619,41.65563970783619
g1_seed23,VAL,p001201,p001201_a005135,16,11.702578757504988,43.311526009529864,0.97607421875,1.5471869599774735,10.235082458076825,-0.0185546875,False,False,40.07939018861923,40.07939018861923
g1_seed23,VAL,p001201,p001201_a005135,21,12.128787732496875,38.52389496545011,0.98583984375,2.187219802488862,4.8963226964210875,-0.0068359375,False,False,32.565327467457166,32.565327467457166
g1_seed23,VAL,p001201,p001201_a005135,26,13.386203533655149,37.00241631714429,0.98974609375,2.4283035194097753,1.9498950137999884,-0.001953125,False,False,45.018087984601344,45.018087984601344
g1_seed23,VAL,p001201,p001201_a005135,30,15.392624220256144,47.528144541713786,0.96240234375,4.965476371953146,10.07676831572806,-0.02490234375,False,False,53.90455195993055,53.90455195993055
g1_seed23,VAL,p001201,p001201_a005135,35,13.814747808999147,39.05144495242852,0.9853515625,2.7343640558971742,6.1368981392827,-0.0068359375,False,False,47.62143704996403,47.62143704996403
g1_seed23,TRAIN,p001202,p001202_a001230,2,28.18568272162414,63.44344962149434,0.8720703125,9.72458057815065,-7.610134059139426,-0.0009765625,False,False,27.4342369904408,27.4342369904408
g1_seed23,TRAIN,p001202,p001202_a001230,9,23.490951073132635,65.18196019244571,0.87060546875,5.209996188672179,-2.7570077230766543,-0.0205078125,False,False,37.21262345875249,37.21262345875249
g1_seed23,TRAIN,p001202,p001202_a001230,15,23.45998954414921,62.48081656932886,0.88330078125,5.617594017010475,-5.981300683250048,-0.00537109375,False,False,36.953715567121414,36.953715567121414
g1_seed23,TRAIN,p001202,p001202_a001230,21,24.343737239645556,66.303455730499,0.8662109375,5.349746427256399,-2.013301574343643,-0.0087890625,False,False,36.45342766480178,36.45342766480178
g1_seed23,TRAIN,p001202,p001202_a001230,28,21.42410828282881,61.60962077083987,0.88671875,1.5886547858463231,-3.5796467956214855,-0.01171875,False,False,38.10729957048184,38.10729957048184
g1_seed23,TRAIN,p001202,p001202_a001230,34,21.963072738217917,61.12671598320036,0.888671875,2.5690101600391557,-4.469546917380903,0.00341796875,False,False,40.10219333952259,40.10219333952259
g1_seed23,TRAIN,p001202,p001202_a001230,40,20.264614225951327,62.60755568246168,0.89208984375,2.1104176594823834,-2.389639258210181,-0.0009765625,False,False,42.50631580475818,42.50631580475818
g1_seed23,TRAIN,p001202,p001202_a001230,47,32.53321239736174,68.27478068444643,0.78662109375,12.81302776424651,0.949590160288551,-0.09326171875,False,False,23.866061794387335,23.866061794387335
g1_seed23,TRAIN,p001202,p001202_a005135,1,7.251222070976196,30.70968194821221,0.9892578125,-2.1013317105096814,-7.612571500154321,-0.00048828125,False,False,4.029052136404579,4.029052136404579
g1_seed23,TRAIN,p001202,p001202_a005135,5,8.888720534987197,30.279057091346466,0.99169921875,-0.02551851962578766,-8.233572886018088,0.001953125,False,False,15.953433629040191,15.953433629040191
g1_seed23,TRAIN,p001202,p001202_a005135,8,7.9388754072703875,30.80116227016827,0.98876953125,-1.6362346332447313,-6.935393645232757,-0.00146484375,False,False,7.156778532074108,7.156778532074108
g1_seed23,TRAIN,p001202,p001202_a005135,12,8.464236154300064,33.383508342345415,0.990234375,-1.574124391977172,-3.973552907809264,-0.0029296875,False,False,6.984108192724048,6.984108192724048
g1_seed23,TRAIN,p001202,p001202_a005135,15,8.805985932865728,30.773750297718532,0.9912109375,-0.9770981913887695,-8.602922695734438,0.00048828125,False,False,20.051389295294047,20.051389295294047
g1_seed23,TRAIN,p001202,p001202_a005135,19,8.754794928001012,35.10178821746812,0.98291015625,-0.5227009552338941,-1.5766853039721056,-0.00830078125,False,False,7.589507869513534,7.589507869513534
g1_seed23,TRAIN,p001202,p001202_a005135,22,8.413625159777563,32.96660769181052,0.986328125,-0.7313884781935691,-7.16226690028742,-0.00244140625,False,False,5.8305632625619515,5.8305632625619515
g1_seed23,TRAIN,p001202,p001202_a005135,26,10.247361023184077,29.212930197770934,0.9921875,1.0409282587569457,-9.045217605721323,0.00048828125,False,False,7.348539776473471,7.348539776473471
g1_seed23,TRAIN,p001203,p001203_a000032,3,12.42473843936153,53.509721782740435,0.93896484375,-3.6848016019466954,8.187981494695698,-0.03173828125,False,False,37.61671664461936,37.61671664461936
g1_seed23,TRAIN,p001203,p001203_a000032,9,12.685448044563362,51.43056506321003,0.94189453125,-4.652829321790421,7.212454871494785,-0.03076171875,False,False,32.524061721188836,32.524061721188836
g1_seed23,TRAIN,p001203,p001203_a000032,16,14.083545858362022,54.36359072473333,0.927734375,-2.7061237897955444,9.466669163808078,-0.04248046875,False,False,40.50851435082953,40.50851435082953
g1_seed23,TRAIN,p001203,p001203_a000032,22,13.341291302822615,55.45328859092949,0.93359375,-4.691163839986899,9.194365453374019,-0.03076171875,False,False,35.55366681342301,35.55366681342301
g1_seed23,TRAIN,p001203,p001203_a000032,29,13.782731970219313,54.391338270897556,0.9306640625,-3.9591557301266356,11.024410919283746,-0.044921875,False,False,32.862399950148266,32.862399950148266
g1_seed23,TRAIN,p001203,p001203_a000032,35,14.332487563697153,54.83004888916637,0.9248046875,-1.8497489391003903,9.371450819068649,-0.04150390625,False,False,37.2873610194608,37.2873610194608
g1_seed23,TRAIN,p001203,p001203_a000032,42,13.596632530416331,49.860861688535415,0.95068359375,-1.953507809625206,6.714084217467963,-0.02294921875,False,False,25.535443200968633,25.535443200968633
g1_seed23,TRAIN,p001203,p001203_a000032,48,16.997517144002245,50.858936693301324,0.9443359375,0.05266358826850137,7.17764337836379,-0.0263671875,False,False,37.8468697048135,37.8468697048135
g1_seed23,TRAIN,p001204,p001204_a003011,1,13.719713089753508,55.826243179678826,0.93017578125,1.3626688940192828,10.28771733964794,-0.03466796875,False,False,2.564804568484335,2.564804568484335
g1_seed23,TRAIN,p001204,p001204_a003011,3,13.500794148842344,56.19675143431276,0.93017578125,1.3248959965244005,10.986395320516529,-0.0361328125,False,False,4.966186811927383,4.966186811927383
g1_seed23,TRAIN,p001204,p001204_a003011,6,14.14783316204829,59.12409803486973,0.91796875,0.9763853515678846,12.247207651900965,-0.044921875,False,False,3.320505579950156,3.320505579950156
g1_seed23,TRAIN,p001204,p001204_a003011,8,13.716112421200076,56.868483926312386,0.92919921875,0.8004627087300769,10.786721725830532,-0.03466796875,False,False,5.751753921875386,5.751753921875386
g1_seed23,TRAIN,p001204,p001204_a003011,10,14.51419818820888,55.282250753913864,0.9306640625,1.50474023066214,6.557433387239975,-0.02685546875,False,False,5.907848566871506,5.907848566871506
g1_seed23,TRAIN,p001204,p001204_a003011,12,14.031681693682152,59.48051060972037,0.91943359375,1.250876492832365,12.822713224771746,-0.04150390625,False,False,3.7177837543491075,3.7177837543491075
g1_seed23,TRAIN,p001204,p001204_a003011,15,13.678577558518192,57.94342479400963,0.921875,1.9056078876129945,13.706255299613737,-0.04443359375,False,False,3.3076419310946923,3.3076419310946923
g1_seed23,TRAIN,p001204,p001204_a003011,17,13.427966203781958,54.76964985210797,0.93505859375,1.4946677520240623,7.745975120797304,-0.02197265625,False,False,3.439887444929022,3.439887444929022
g1_seed23,TRAIN,p001210,p001210_a001226,2,47.175672515267465,247.9851490039055,0.5185546875,-1.7108083112992318,13.954180087806606,0.01318359375,False,False,25.32264566981816,25.32264566981816
g1_seed23,TRAIN,p001210,p001210_a001226,6,48.32696082070129,229.28355659486488,0.5146484375,-0.8776576520398507,14.025265025577198,0.00634765625,False,False,23.206022511506745,23.206022511506745
g1_seed23,TRAIN,p001210,p001210_a001226,10,48.358031642647475,234.99136508589442,0.5087890625,-2.374575114543788,0.044225663629447354,0.017578125,False,False,16.41403772752527,16.41403772752527
g1_seed23,TRAIN,p001210,p001210_a001226,14,49.26963189114584,234.77789657057792,0.50634765625,-2.686991286323085,7.964696122361232,0.021484375,False,False,9.427569732830102,9.427569732830102
g1_seed23,TRAIN,p001210,p001210_a001226,18,49.708419634613605,238.39510075011128,0.5029296875,-0.27861671127188004,12.329578628348372,0.001953125,False,False,34.59264179174655,34.59264179174655
g1_seed23,TRAIN,p001210,p001210_a001226,22,47.22400122617351,260.16846408948345,0.51904296875,-1.451290150496348,15.15881487645018,0.0087890625,False,False,28.37965900028595,28.37965900028595
g1_seed23,TRAIN,p001210,p001210_a001226,26,47.066575879457446,240.5470521543571,0.52197265625,-1.664534786916093,15.148940195107485,0.0126953125,False,False,21.262843394848257,21.262843394848257
g1_seed23,TRAIN,p001210,p001210_a001226,30,47.47687401519556,230.57341854096475,0.51513671875,-1.7295255667401932,19.973383791533337,0.0068359375,False,False,38.28067590504935,38.28067590504935
g1_seed23,TRAIN,p001216,p001216_a001423,1,26.512214506824996,102.25806263909091,0.775390625,9.163570738623775,37.427951351724914,-0.1123046875,False,False,12.016440508704424,12.016440508704424
g1_seed23,TRAIN,p001216,p001216_a001423,4,24.979848881226346,103.60684604732408,0.7724609375,8.387313182972669,36.69531008468185,-0.1083984375,False,False,7.599984293575814,7.599984293575814
g1_seed23,TRAIN,p001216,p001216_a001423,7,24.677333353258035,106.87382939439449,0.80029296875,9.665558417236234,38.39549709637842,-0.083984375,False,False,11.290075894769197,11.290075894769197
g1_seed23,TRAIN,p001216,p001216_a001423,10,26.40490280975646,100.39179946097849,0.7939453125,8.565697625081125,34.589556723612105,-0.08935546875,False,False,13.76569002955889,13.76569002955889
g1_seed23,TRAIN,p001216,p001216_a001423,13,26.55775640631539,107.68898311736662,0.76904296875,9.024683043838344,38.36806940320956,-0.10693359375,False,False,11.065350964315796,11.065350964315796
g1_seed23,TRAIN,p001216,p001216_a001423,16,26.452968025530055,104.41155660168293,0.7509765625,8.604325079174167,36.735988093347544,-0.1328125,False,False,12.473402983295673,12.473402983295673
g1_seed23,TRAIN,p001216,p001216_a001423,19,24.7347505799805,104.07016530388539,0.802734375,6.791652922328211,36.53470774830248,-0.0849609375,False,False,13.542080787918191,13.542080787918191
g1_seed23,TRAIN,p001216,p001216_a001423,22,26.529798279333086,106.22415988289708,0.771484375,7.824317892426787,41.49377501132727,-0.11328125,False,False,11.694235602842848,11.694235602842848
g1_seed23,TRAIN,p001225,p001225_a005341,1,18.823888765005478,52.20938952574006,0.9384765625,2.804521530806351,-0.28026166960302845,-0.00341796875,False,False,86.50741883350082,86.50741883350082
g1_seed23,TRAIN,p001225,p001225_a005341,5,19.06156337544664,55.44732675453038,0.91845703125,2.73997870515349,2.5662406388380603,-0.0234375,False,False,79.22015021593441,79.22015021593441
g1_seed23,TRAIN,p001225,p001225_a005341,9,19.39504157846649,53.362598795591786,0.935546875,2.970924108160961,-3.7203590725660547,0.01123046875,False,False,86.02263356389759,86.02263356389759
g1_seed23,TRAIN,p001225,p001225_a005341,13,22.379400578839387,63.279455756909044,0.8642578125,5.105657766989744,9.39570237172596,-0.0751953125,False,False,88.65060303522608,88.65060303522608
g1_seed23,TRAIN,p001225,p001225_a005341,16,19.738146824190583,54.23100519326461,0.92626953125,3.3441083769859965,3.270113472656469,-0.01953125,False,False,80.15325396265712,80.15325396265712
g1_seed23,TRAIN,p001225,p001225_a005341,20,21.265139380474874,63.61800811440472,0.87109375,3.997559069883426,7.743271103355092,-0.064453125,False,False,90.86223353370481,90.86223353370481
g1_seed23,TRAIN,p001225,p001225_a005341,24,19.30778528040365,58.60242765041898,0.89404296875,2.3798180733222765,1.173856391133853,-0.03515625,False,False,84.0407338820052,84.0407338820052
g1_seed23,TRAIN,p001225,p001225_a005341,28,20.16989766188885,57.499037988622995,0.91455078125,2.7095080964332894,-0.15409075499291447,-0.01611328125,False,False,74.3540819534131,74.3540819534131
g1_seed23,TRAIN,p001226,p001226_a000223,6,10.978484943170622,53.828285731505105,0.93798828125,-1.445864531614255,15.0971781610656,-0.044921875,False,False,22.662669729779804,22.662669729779804
g1_seed23,TRAIN,p001226,p001226_a000223,21,11.306077586958818,53.95113725116655,0.93310546875,-0.6721424234620912,14.560640829347157,-0.048828125,False,False,23.06978430645393,23.06978430645393
g1_seed23,TRAIN,p001226,p001226_a000223,36,13.507592486864777,50.82067398426033,0.9453125,2.4126279524012233,9.970757856154414,-0.03125,False,False,4.500040434580296,4.500040434580296
g1_seed23,TRAIN,p001226,p001226_a000223,51,13.509212194844116,48.23987426020933,0.96044921875,1.8431976801348586,12.515647263229802,-0.02783203125,False,False,8.314209683406126,8.314209683406126
g1_seed23,TRAIN,p001226,p001226_a000223,66,18.43731416084934,56.10431345064699,0.92529296875,5.296210010858591,19.34061730936736,-0.05908203125,False,False,11.013811837246276,11.013811837246276
g1_seed23,TRAIN,p001226,p001226_a000223,81,13.455449356912377,55.05540278954032,0.93408203125,2.6689728601087204,17.208322292349564,-0.0556640625,False,False,37.125131503746516,37.125131503746516
g1_seed23,TRAIN,p001226,p001226_a000223,96,13.157163954206322,53.6977104351643,0.93603515625,0.6217445108799602,14.761156442258049,-0.04833984375,False,False,11.524433163567176,11.524433163567176
g1_seed23,TRAIN,p001226,p001226_a000223,111,11.686564713377111,49.22996199697989,0.953125,-1.0066598113423044,11.385734583746178,-0.02978515625,False,False,2.9810040296476563,2.9810040296476563
g1_seed23,TRAIN,p001231,p001231_a000029,1,24.494492275283836,99.397290100247,0.77978515625,4.8486438172720305,-5.44623452797012,-0.0517578125,False,False,31.423272760907707,31.423272760907707
g1_seed23,TRAIN,p001231,p001231_a000029,3,24.168093384940498,105.15883359729482,0.77099609375,4.831143629263117,4.333426006060748,-0.0478515625,False,False,32.68260552273436,32.68260552273436
g1_seed23,TRAIN,p001231,p001231_a000029,5,25.95661864990325,102.25488278695325,0.76025390625,6.44627861444086,-4.310267882246279,-0.07763671875,False,False,32.72392768736906,32.72392768736906
g1_seed23,TRAIN,p001231,p001231_a000029,7,24.589630041798127,95.38457159186778,0.78369140625,5.531279994599014,-0.32361772521240084,-0.06494140625,False,False,32.76493801724694,32.76493801724694
g1_seed23,TRAIN,p001231,p001231_a000029,8,26.070702786643295,103.25300672332742,0.75732421875,6.172412063118806,-5.252964746449905,-0.07080078125,False,False,30.446195431011507,30.446195431011507
g1_seed23,TRAIN,p001231,p001231_a000029,10,25.38021648195253,95.0797362548918,0.7783203125,6.172791265038768,-7.719639331094854,-0.06640625,False,False,31.200555362178335,31.200555362178335
g1_seed23,TRAIN,p001231,p001231_a000029,12,24.913921891483586,101.35265890515964,0.77978515625,5.743685036018423,-8.695212064435538,-0.0556640625,False,False,31.232055225486494,31.232055225486494
g1_seed23,TRAIN,p001231,p001231_a000029,14,24.03329349140064,92.6875017268889,0.8037109375,4.561889185479576,-2.228089859776233,-0.05029296875,False,False,34.39843725178203,34.39843725178203
g1_seed23,TRAIN,p001231,p001231_a000075,3,12.183204710846358,61.68885634592514,0.9169921875,-0.18930768844528956,10.79347584380978,-0.03125,False,False,29.225716523797942,29.225716523797942
g1_seed23,TRAIN,p001231,p001231_a000075,12,10.785723241888842,61.343449045798565,0.92529296875,-1.4516920932399469,11.558344258789042,-0.02587890625,False,False,23.822237303383297,23.822237303383297
g1_seed23,TRAIN,p001231,p001231_a000075,20,11.68349472989373,55.615910406739886,0.93701171875,0.0838531831206577,10.337870100538112,-0.02978515625,False,False,22.024333950708225,22.024333950708225
g1_seed23,TRAIN,p001231,p001231_a000075,29,15.865903088998268,66.27552952710141,0.88720703125,0.44621206379085443,5.104768660730485,-0.0185546875,False,False,35.85379718030205,35.85379718030205
g1_seed23,TRAIN,p001231,p001231_a000075,37,18.13085036808612,68.08275418019643,0.88623046875,2.4351678426347263,7.093850224999429,-0.01904296875,False,False,38.79540649397791,38.79540649397791
g1_seed23,TRAIN,p001231,p001231_a000075,46,13.90105809232799,59.93250730954918,0.9189453125,1.3180049075173308,12.431297138329377,-0.037109375,False,False,35.51422800399098,35.51422800399098
g1_seed23,TRAIN,p001231,p001231_a000075,54,11.597072731024149,57.8045676865315,0.931640625,1.0846269464614409,7.8760902429376,-0.0185546875,False,False,27.993985884699896,27.993985884699896
g1_seed23,TRAIN,p001231,p001231_a000075,63,12.02228127371871,67.55115433036728,0.90966796875,1.6172103138324285,12.854036621046077,-0.0283203125,False,False,28.57704292717199,28.57704292717199
g1_seed23,TRAIN,p001231,p001231_a000214,4,18.320601896411283,82.21003336480172,0.8740234375,-15.024917435041807,-4.298130959485761,0.1708984375,False,False,34.138543660431864,34.138543660431864
g1_seed23,TRAIN,p001231,p001231_a000214,16,18.923669820467396,81.07875690865457,0.87255859375,-10.213274765993784,4.040156794141154,0.09619140625,False,False,23.607962743088624,23.607962743088624
g1_seed23,TRAIN,p001231,p001231_a000214,27,27.051674040213246,89.15108286861553,0.74609375,-13.709453886287744,-25.229659038928062,0.1669921875,False,False,9.996085003716136,9.996085003716136
g1_seed23,TRAIN,p001231,p001231_a000214,38,18.075245495169355,82.8030348294576,0.822265625,0.5773168912479072,2.248972579338286,-0.02099609375,False,False,6.420555794360026,6.420555794360026
g1_seed23,TRAIN,p001231,p001231_a000214,49,16.70958826050815,66.02510135124649,0.87060546875,1.1855012131458338,0.5786560229260829,-0.00927734375,False,False,5.0525007193092755,5.0525007193092755
g1_seed23,TRAIN,p001231,p001231_a000214,60,19.979746208399007,65.05321344580325,0.8662109375,0.6922490184353691,-1.6575808306661202,0.01123046875,False,False,13.436322459490842,13.436322459490842
g1_seed23,TRAIN,p001231,p001231_a000214,71,19.829954691223165,82.7111217139193,0.84716796875,-13.816821467164722,-0.6506120115053733,0.16015625,False,False,26.749875439261896,26.749875439261896
g1_seed23,TRAIN,p001231,p001231_a000214,83,22.550541685757434,83.31678870521336,0.8291015625,-19.12133711960539,-16.210449053660696,0.24560546875,False,False,30.6989284011787,30.6989284011787
g1_seed23,TRAIN,p100067,p100067_a005746,2,10.707183430880978,85.40323058038737,0.91259765625,-1.5732901518014728,3.1077438221780653,0.0146484375,False,False,85.25874015617,85.25874015617
g1_seed23,TRAIN,p100067,p100067_a005746,8,10.684007468462084,97.3529853947339,0.9052734375,-1.0650509401625463,3.795106247261643,0.00634765625,False,False,87.02168610814634,87.02168610814634
g1_seed23,TRAIN,p100067,p100067_a005746,14,11.088755559025287,97.44407217816178,0.9140625,-0.7526638599899176,8.266060817188361,0.00634765625,False,False,84.06244369960048,84.06244369960048
g1_seed23,TRAIN,p100067,p100067_a005746,20,11.81806514738724,87.14263602359622,0.91845703125,0.061933268337652336,2.1177459546234303,0.009765625,False,False,89.75901028315192,89.75901028315192
g1_seed23,TRAIN,p100067,p100067_a005746,26,11.949702771618805,87.6971587082287,0.90283203125,0.05762807347548282,1.133205805517619,0.00390625,False,False,70.80711214744764,70.80711214744764
g1_seed23,TRAIN,p100067,p100067_a005746,32,11.883426784696802,101.99228648014642,0.90380859375,-0.2410077094923686,5.5813752137430015,0.013671875,False,False,86.3914791525831,86.3914791525831
g1_seed23,TRAIN,p100067,p100067_a005746,38,11.6171839650024,96.78939621489795,0.90478515625,-0.7180543701955422,3.955691074104436,0.00732421875,False,False,79.18272339556847,79.18272339556847
g1_seed23,TRAIN,p100067,p100067_a005746,44,11.932442442971073,85.8042497631895,0.89990234375,-0.6768096825887486,4.7591624209226495,0.0126953125,False,False,77.39537195119493,77.39537195119493
g1_seed23,TRAIN,p100069,p100069_a005191,6,8.456580681598908,41.567339254293486,0.96630859375,-0.38922701227803813,3.812745716359487,-0.00537109375,False,False,28.835276029871764,28.835276029871764
g1_seed23,TRAIN,p100069,p100069_a005191,21,8.813748756369266,46.40695180211555,0.958984375,0.28343589499554867,6.9434630609553665,-0.021484375,False,False,38.03464320800332,38.03464320800332
g1_seed23,TRAIN,p100069,p100069_a005191,37,8.484901287633178,39.04081450614677,0.9716796875,-0.9727131357053693,1.452578353374797,-0.01025390625,False,False,46.55714169946665,46.55714169946665
g1_seed23,TRAIN,p100069,p100069_a005191,52,8.00647370254202,38.52971369856,0.97802734375,-3.6332575949295105,-2.495381770591294,0.00927734375,False,False,31.895027934055012,31.895027934055012
g1_seed23,TRAIN,p100069,p100069_a005191,68,6.861049439993517,28.848305356197965,0.98779296875,-3.3822896719748545,-14.54485480357042,0.02685546875,False,False,18.36192893889413,18.36192893889413
g1_seed23,TRAIN,p100069,p100069_a005191,83,8.814210651453017,53.694728855191016,0.9404296875,-0.5221362732153345,11.330629600945613,-0.029296875,False,False,48.78143211322532,48.78143211322532
g1_seed23,TRAIN,p100069,p100069_a005191,99,7.979893353040675,37.08960137460066,0.97509765625,-1.8758828863340682,-5.866365920896698,0.0078125,False,False,52.14773514206647,52.14773514206647
g1_seed23,TRAIN,p100069,p100069_a005191,114,10.966534996714042,46.1056747913907,0.96533203125,-2.477863644128094,-6.051735725176243,0.021484375,False,False,3.0317290471344673,3.0317290471344673
g1_seed23,TRAIN,p100069,p100069_a005746,2,11.332983770499876,67.94066402770797,0.896484375,-1.3806442164094577,-20.487881846698045,0.0380859375,False,False,38.66966176687034,38.66966176687034
g1_seed23,TRAIN,p100069,p100069_a005746,8,10.481977956372901,62.07531734919233,0.92138671875,-1.3344670130622251,-17.077843941545552,0.0283203125,False,False,47.01940109036642,47.01940109036642
g1_seed23,TRAIN,p100069,p100069_a005746,14,10.326683751438864,64.67853154513735,0.91455078125,-2.275330421820261,-25.825190492158825,0.03759765625,False,False,40.60022730283962,40.60022730283962
g1_seed23,TRAIN,p100069,p100069_a005746,20,10.245883406807632,63.64818187843797,0.9169921875,-1.8102280802764206,-21.179421598016944,0.02783203125,False,False,35.588123484270724,35.588123484270724
g1_seed23,TRAIN,p100069,p100069_a005746,27,10.194175745317347,65.58198014964428,0.91162109375,-2.1846637374350273,-21.564857517355094,0.03173828125,False,False,36.4143228348189,36.4143228348189
g1_seed23,TRAIN,p100069,p100069_a005746,33,11.120023586524912,64.52081345120541,0.9140625,-0.8982494334983855,-22.181005666646016,0.02978515625,False,False,45.43010530042919,45.43010530042919
g1_seed23,TRAIN,p100069,p100069_a005746,39,11.08665046971543,65.70057738114907,0.91845703125,-0.7090456850185873,-20.072459517577016,0.03173828125,False,False,45.1191870258612,45.1191870258612
g1_seed23,TRAIN,p100069,p100069_a005746,45,11.060787312180459,69.46404392524468,0.9052734375,-1.2547514597239093,-22.894682223972623,0.025390625,False,False,43.44147080711162,43.44147080711162
g1_seed23,TRAIN,p100072,p100072_a001242,6,13.494298307841959,58.76245255996503,0.91650390625,0.8982435479500843,13.63584478452632,-0.04833984375,False,False,47.79771495527365,47.79771495527365
g1_seed23,TRAIN,p100072,p100072_a001242,20,14.823805773989914,61.50125999159825,0.90283203125,2.6278771909156227,16.380900495520187,-0.0625,False,False,46.463992864871926,46.463992864871926
g1_seed23,TRAIN,p100072,p100072_a001242,34,18.377999664286392,71.9633859385532,0.83447265625,3.1071146545970887,24.339443093284444,-0.12451171875,False,False,74.1148349285352,74.1148349285352
g1_seed23,TRAIN,p100072,p100072_a001242,48,28.486225254581562,371.77990413543205,0.70947265625,5.546222907850652,233.29851180476848,-0.04931640625,False,False,70.25685509382053,70.25685509382053
g1_seed23,TRAIN,p100072,p100072_a001242,63,26.17469808180179,318.07317764745187,0.7041015625,3.867491384858372,214.84202980478793,-0.0966796875,False,False,76.1163608824978,76.1163608824978
g1_seed23,TRAIN,p100072,p100072_a001242,77,16.161616243223584,69.17057709093675,0.86572265625,-0.30243042039335677,21.6386682234712,-0.0927734375,False,False,70.45193525192983,70.45193525192983
g1_seed23,TRAIN,p100072,p100072_a001242,91,14.633082490302272,61.618306570727434,0.90673828125,2.176080346692533,12.830366446474223,-0.04541015625,False,False,41.7457918979036,41.7457918979036
g1_seed23,TRAIN,p100072,p100072_a001242,105,13.92874286554186,64.84658844703173,0.88818359375,2.37563659396978,19.158071684156404,-0.0771484375,False,False,55.563932480896135,55.563932480896135
g1_seed23,TRAIN,p100085,p100085_a000042,1,24.785734743377322,80.50752548254714,0.833984375,11.866845992450274,29.42175493288353,-0.11328125,False,False,31.38258639312308,31.38258639312308
g1_seed23,TRAIN,p100085,p100085_a000042,2,24.280394016715352,76.42354502173878,0.7919921875,11.19177810456317,23.32862378030297,-0.14697265625,False,False,33.15204460409077,33.15204460409077
g1_seed23,TRAIN,p100085,p100085_a000042,4,23.58134819892144,79.6847770523999,0.84130859375,10.25476701217541,26.04750902825107,-0.09814453125,False,False,32.93767521102686,32.93767521102686
g1_seed23,TRAIN,p100085,p100085_a000042,6,24.255400470875834,80.65538207892823,0.83837890625,11.478659039130326,28.56461062952419,-0.10400390625,False,False,29.76176899862548,29.76176899862548
g1_seed23,TRAIN,p100085,p100085_a000042,8,23.550993006538434,78.52988331773395,0.82958984375,11.280204806276556,26.712661614859122,-0.1142578125,False,False,33.79848555587835,33.79848555587835
g1_seed23,TRAIN,p100085,p100085_a000042,10,24.27601280827694,81.08243300601926,0.82763671875,12.057417568522931,28.45969675139279,-0.11474609375,False,False,34.22853307997805,34.22853307997805
g1_seed23,TRAIN,p100085,p100085_a000042,12,24.04230269199707,81.67193182684845,0.861328125,12.263816861958691,29.428668130402237,-0.0771484375,False,False,32.38595119247759,32.38595119247759
g1_seed23,TRAIN,p100085,p100085_a000042,13,23.04562159886448,80.72114382895838,0.86328125,10.251077516449566,28.13851065658939,-0.07373046875,False,False,35.199095998016034,35.199095998016034
g1_seed23,TRAIN,p100086,p100086_a001415,3,14.36545118994117,71.58374239226096,0.8876953125,3.04302445645615,31.568104532965272,-0.08984375,False,False,29.77148983484419,29.77148983484419
g1_seed23,TRAIN,p100086,p100086_a001415,10,15.579834346035117,79.36059212772184,0.85107421875,3.4381699036039812,38.429301500735285,-0.12841796875,False,False,36.665224156685305,36.665224156685305
g1_seed23,TRAIN,p100086,p100086_a001415,17,13.963612319372784,76.33463751606754,0.86376953125,2.4309967631634475,35.605895993859534,-0.1162109375,False,False,33.405733258551045,33.405733258551045
g1_seed23,TRAIN,p100086,p100086_a001415,24,15.3324474080847,77.05553222319968,0.86572265625,3.890343869871348,36.76752642817191,-0.11083984375,False,False,33.34266788334199,33.34266788334199
g1_seed23,TRAIN,p100086,p100086_a001415,32,15.0996423692763,76.05299048923081,0.85400390625,3.5798924085888224,36.827821205271356,-0.1240234375,False,False,35.737607282828456,35.737607282828456
g1_seed23,TRAIN,p100086,p100086_a001415,39,15.385087779187954,77.32611703713019,0.84619140625,3.9274947208329625,35.76184451006827,-0.12939453125,False,False,35.26057273557514,35.26057273557514
g1_seed23,TRAIN,p100086,p100086_a001415,46,16.38376897361006,83.51049123246422,0.82763671875,4.97077052366841,40.54109250603877,-0.1494140625,False,False,38.22274217804149,38.22274217804149
g1_seed23,TRAIN,p100086,p100086_a001415,53,16.743077330486948,76.33587014238479,0.83837890625,5.3956585711334295,34.729774858335084,-0.13623046875,False,False,37.105870567258705,37.105870567258705
g1_seed23,TRAIN,p100089,p100089_a005814,4,35.52419182518659,100.51843681356827,0.64306640625,2.6979581233206034,4.748100885084597,-0.04296875,False,False,46.553441445848335,46.553441445848335
g1_seed23,TRAIN,p100089,p100089_a005814,14,31.09818891554407,101.28205619980346,0.6884765625,-4.919184485750279,-5.545737636751198,0.029296875,False,False,39.490508570257504,39.490508570257504
g1_seed23,TRAIN,p100089,p100089_a005814,24,31.819171136879405,96.53243753697767,0.685546875,2.498933317772096,3.755058571808206,-0.0185546875,False,False,46.563468925472634,46.563468925472634
g1_seed23,TRAIN,p100089,p100089_a005814,34,33.65232235400926,98.26390293955508,0.6689453125,2.063178732678665,3.1723022124341895,-0.01318359375,False,False,47.648909035406,47.648909035406
g1_seed23,TRAIN,p100089,p100089_a005814,43,30.59764925569401,114.49406461096463,0.69921875,0.7407048556028393,19.919522686656023,-0.00048828125,False,False,57.786818501954215,57.786818501954215
g1_seed23,TRAIN,p100089,p100089_a005814,53,32.73201453267672,112.10060180079297,0.66845703125,2.778642403784133,21.520354714950173,-0.01904296875,False,False,65.00187881885724,65.00187881885724
g1_seed23,TRAIN,p100089,p100089_a005814,63,29.16982555872748,101.9406701669334,0.708984375,-0.6551962476222215,13.881021348605415,0.0107421875,False,False,49.2494626695155,49.2494626695155
g1_seed23,TRAIN,p100089,p100089_a005814,73,31.186262458472655,110.98782120095483,0.6787109375,1.6804015684584286,20.15129472629478,-0.0341796875,False,False,72.4258299246291,72.4258299246291
g1_seed23,TRAIN,p100090,p100090_a005401,1,21.34829567774519,98.15176955205571,0.7939453125,2.2111312688952367,23.879025528543877,-0.09375,False,False,9.62528654211377,9.62528654211377
g1_seed23,TRAIN,p100090,p100090_a005401,3,19.734763957009758,81.9762950139872,0.8466796875,0.7985507289084204,-2.224451036811189,-0.0361328125,False,False,21.908586496794,21.908586496794
g1_seed23,TRAIN,p100090,p100090_a005401,5,20.691043304651636,80.08732728602817,0.830078125,0.7052111915774333,2.317017201322386,-0.04248046875,False,False,19.288755954358038,19.288755954358038
g1_seed23,TRAIN,p100090,p100090_a005401,7,21.851237411369006,88.76873866692279,0.8212890625,2.1186993069040128,6.654829608938414,-0.05126953125,False,False,13.867450642499543,13.867450642499543
g1_seed23,TRAIN,p100090,p100090_a005401,9,21.580862157438013,81.1594093966653,0.8330078125,2.0078406717615636,3.576713490376946,-0.05224609375,False,False,15.328197862477733,15.328197862477733
g1_seed23,TRAIN,p100090,p100090_a005401,11,22.756900576871317,95.32005544266607,0.7880859375,3.648115453961367,27.533218085848773,-0.1064453125,False,False,18.811523444485665,18.811523444485665
g1_seed23,TRAIN,p100090,p100090_a005401,13,17.53555479795918,77.1208841977614,0.875,-2.0168873567349053,-3.8904112069952106,-0.00830078125,False,False,20.141313346660414,20.141313346660414
g1_seed23,TRAIN,p100090,p100090_a005401,15,20.067229480879014,80.42928607986255,0.85400390625,0.8991322913240793,7.5380788911101035,-0.03369140625,False,False,14.683082170478329,14.683082170478329
g1_seed23,TRAIN,p100092,p100092_a001307,4,26.42580044684135,225.66697803454835,0.7255859375,1.3982718724967853,123.89966006650404,-0.0439453125,False,False,53.123489448330815,53.123489448330815
g1_seed23,TRAIN,p100092,p100092_a001307,14,21.18824895323405,218.31953336732556,0.77392578125,-2.542668110983385,135.76015478525267,-0.025390625,False,False,46.971279534271375,46.971279534271375
g1_seed23,TRAIN,p100092,p100092_a001307,24,18.60680386485744,145.1817721570412,0.8466796875,0.7357955822950366,84.91160801484958,-0.046875,False,False,20.28364940627926,20.28364940627926
g1_seed23,TRAIN,p100092,p100092_a001307,34,25.52792025333661,151.4128257321084,0.77783203125,4.480887144897199,83.60904393600286,-0.08251953125,False,False,35.9556628457816,35.9556628457816
g1_seed23,TRAIN,p100092,p100092_a001307,44,25.11006729153942,134.2706996675604,0.77392578125,5.282635404556739,72.92198954058176,-0.11279296875,False,False,36.2033576692885,36.2033576692885
g1_seed23,TRAIN,p100092,p100092_a001307,54,27.815726113383754,208.29570320252475,0.70068359375,3.263274487032543,115.14566762245424,-0.044921875,False,False,20.944468912400552,20.944468912400552
g1_seed23,TRAIN,p100092,p100092_a001307,64,28.367779782681446,244.41484362549232,0.6767578125,-1.4192583172472126,131.00579781352477,-0.0205078125,False,False,36.456604557421414,36.456604557421414
g1_seed23,TRAIN,p100092,p100092_a001307,74,28.106985156704575,205.26319724616482,0.703125,1.6990444757321939,95.12565648243229,-0.0361328125,False,False,39.560743256540256,39.560743256540256
g1_seed37,VAL,p001194,p001194_a000062,5,11.560140145438524,41.11258413864898,0.96875,1.5554896529506603,-8.965197005838341,0.01904296875,False,False,22.478352891406168,22.478352891406168
g1_seed37,VAL,p001194,p001194_a000062,17,9.595384781735401,34.18898873935987,0.98583984375,-0.24016570380684676,-15.400796334652078,0.03515625,False,False,2.2046499038317586,2.2046499038317586
g1_seed37,VAL,p001194,p001194_a000062,29,11.374812764286546,40.199847228544954,0.97998046875,2.181306220564718,1.051702884890787,0.0048828125,False,False,41.782639757940466,41.782639757940466
g1_seed37,VAL,p001194,p001194_a000062,41,12.923465224518782,130.90832927603662,0.86376953125,2.0728242327935007,76.9023376736815,-0.07568359375,False,False,10.210742422726234,10.210742422726234
g1_seed37,VAL,p001194,p001194_a000062,53,11.443041593102384,84.06184276204152,0.8984375,0.2161074129020566,45.79788326881243,-0.0849609375,False,False,38.508738747548485,38.508738747548485
g1_seed37,VAL,p001194,p001194_a000062,65,7.392444847386788,31.986599189270613,0.98974609375,-0.7717817418061284,-11.450915647941194,0.02685546875,False,False,1.1630588468092817,1.1630588468092817
g1_seed37,VAL,p001194,p001194_a000062,77,12.55830987502629,35.83503016722027,0.99609375,0.6849271720558967,-11.195346741273092,0.03955078125,False,False,9.4731148499856,9.4731148499856
g1_seed37,VAL,p001194,p001194_a000062,89,10.08353059522221,32.62720470266954,0.9970703125,-0.07971015254181602,-12.156388679710425,0.041015625,False,False,6.348404019683506,6.348404019683506
g1_seed37,VAL,p001194,p001194_a000986,10,11.005733333678966,47.08592346489114,0.95556640625,1.0780685860113888,-3.357534169204122,0.0068359375,False,False,27.157774415960734,27.157774415960734
g1_seed37,VAL,p001194,p001194_a000986,36,10.143763950948081,35.139295424243315,0.9814453125,1.7388731377074862,-11.029600111570495,0.029296875,False,False,17.54459235842963,17.54459235842963
g1_seed37,VAL,p001194,p001194_a000986,62,7.725513832613242,122.29560506371304,0.900390625,-3.1032508814773507,74.55333053920646,-0.05517578125,False,False,61.54775682600425,61.54775682600425
g1_seed37,VAL,p001194,p001194_a000986,88,6.789940407952594,26.601055307974555,0.9931640625,-1.061542886791564,0.44968531924388344,-0.00390625,False,False,7.027524580667455,7.027524580667455
g1_seed37,VAL,p001194,p001194_a000986,114,9.922852950495944,41.092627890248245,0.96923828125,0.4275713588487555,7.429424275265099,-0.0087890625,False,False,26.98001639075884,26.98001639075884
g1_seed37,VAL,p001194,p001194_a000986,140,14.714996253984712,71.59108745258615,0.921875,4.073415070056473,24.003948709182026,-0.03125,False,False,75.64424547351103,75.64424547351103
g1_seed37,VAL,p001194,p001194_a000986,166,9.85140923610141,35.89478703434542,0.9765625,0.12028355796073953,-2.2449042143760636,-0.00732421875,False,False,12.848036168897739,12.848036168897739
g1_seed37,VAL,p001194,p001194_a000986,192,8.351821032578698,29.22212908487415,0.9970703125,0.6051193470775464,0.48503382399593775,-0.0029296875,False,False,19.567861068520042,19.567861068520042
g1_seed37,TRAIN,p001195,p001195_a000053,6,12.704667427149438,59.497717560912626,0.91845703125,-160.63616455510896,-153.9522066722154,0.91552734375,False,True,76.56120452248781,76.56120452248781
g1_seed37,TRAIN,p001195,p001195_a000053,21,12.550567419366885,52.098462315779514,0.93994140625,-156.19436628452502,-154.53233793232795,0.93310546875,False,True,75.13800558456788,75.13800558456788
g1_seed37,TRAIN,p001195,p001195_a000053,37,24.681086006807064,88.92518670977105,0.76416015625,-193.52494749399227,-193.6113135347891,0.7626953125,False,True,98.84943064669356,98.84943064669356
g1_seed37,TRAIN,p001195,p001195_a000053,52,14.411250166851598,55.59447581434516,0.92919921875,-200.55344619099813,-207.71920428623275,0.92919921875,False,True,98.54305626153221,98.54305626153221
g1_seed37,TRAIN,p001195,p001195_a000053,68,16.326932855125882,56.64099075005346,0.919921875,-198.32687323853202,-215.47915090405104,0.9169921875,False,True,84.30823336162905,84.30823336162905
g1_seed37,TRAIN,p001195,p001195_a000053,83,14.299626466563426,41.94726888674454,0.9658203125,-169.58134944896557,-180.68782375042701,0.96533203125,False,True,101.4628689875748,101.4628689875748
g1_seed37,TRAIN,p001195,p001195_a000053,99,11.398069380652668,39.17406814793082,0.97705078125,-2.3974180668812366,0.8702365261278686,-0.01513671875,False,False,50.20863727463548,50.20863727463548
g1_seed37,TRAIN,p001195,p001195_a000053,114,12.419838430109714,43.51939972058104,0.9697265625,-163.8264811989237,-163.43984267168233,0.96630859375,False,True,86.1165001188615,86.1165001188615
g1_seed37,TRAIN,p001195,p001195_a000986,11,12.022893443395473,39.730965449261376,0.98095703125,-170.68981768340268,-176.32577501673433,0.9794921875,False,True,66.72832782288009,66.72832782288009
g1_seed37,TRAIN,p001195,p001195_a000986,39,9.2476697974896,44.093488345191254,0.96875,-0.9741832605482141,3.5385647248410876,-0.00830078125,False,False,31.62039619975525,31.62039619975525
g1_seed37,TRAIN,p001195,p001195_a000986,68,14.630209449438944,83.05985564240025,0.89794921875,-3.485972481803138,-48.292176639832846,0.02685546875,False,False,68.15281145640789,68.15281145640789
g1_seed37,TRAIN,p001195,p001195_a000986,96,13.018041898772605,44.39557568701087,0.96142578125,-151.06640360907903,-151.86717056779148,0.94384765625,False,True,82.87914224040213,82.87914224040213
g1_seed37,TRAIN,p001195,p001195_a000986,125,14.286421943181509,43.939880751266735,0.970703125,-2.316760011421337,-19.419758201751286,0.07861328125,False,False,32.52915608263469,32.52915608263469
g1_seed37,TRAIN,p001195,p001195_a000986,153,11.218160100054037,59.831709228339236,0.935546875,-7.213382866461762,-21.963120071588904,0.048828125,False,False,97.91858131250734,97.91858131250734
g1_seed37,TRAIN,p001195,p001195_a000986,182,13.338815092784248,48.54233181387096,0.9541015625,-147.69898402797847,-154.47924960385097,0.93212890625,False,True,77.08885957077699,77.08885957077699
g1_seed37,TRAIN,p001195,p001195_a000986,210,12.837179400256804,42.318390092214884,0.98291015625,-156.03575235926232,-162.5963825080774,0.9765625,False,True,55.32724429997521,55.32724429997521
g1_seed37,VAL,p001196,p001196_a000388,11,11.82762686112647,46.897125159745315,0.958984375,-2.5791633698019396,4.405591328053127,-0.01025390625,False,False,31.002627776637677,31.002627776637677
g1_seed37,VAL,p001196,p001196_a000388,40,26.368203758282828,63.06669914096336,0.8359375,12.2232018953344,23.51556919880514,-0.14013671875,False,False,27.982814449728586,27.982814449728586
g1_seed37,VAL,p001196,p001196_a000388,69,14.762672680178063,87.4884829905741,0.86083984375,4.287662773480774,47.63914462465066,-0.11767578125,False,False,90.47730377071713,90.47730377071713
g1_seed37,VAL,p001196,p001196_a000388,98,14.709647929887247,51.88497712733821,0.9423828125,2.8430426005676743,11.450591560996315,-0.0322265625,False,False,13.015381655876864,13.015381655876864
g1_seed37,VAL,p001196,p001196_a000388,127,13.093677444136603,56.50372696003117,0.93505859375,0.7203723771032937,7.860201791263698,-0.01806640625,False,False,12.807279101732753,12.807279101732753
g1_seed37,VAL,p001196,p001196_a000388,156,20.97331714695337,73.60686921465316,0.869140625,6.532816673218015,12.122998611164306,-0.04638671875,False,False,36.517470861851976,36.517470861851976
g1_seed37,VAL,p001196,p001196_a000388,185,17.02784466675581,144.90303369510295,0.8095703125,4.018800673376784,91.73239971898,-0.1337890625,False,False,50.29169792869332,50.29169792869332
g1_seed37,VAL,p001196,p001196_a000388,214,13.922310949840245,58.849673504308484,0.91455078125,-0.30449371624471233,12.002185051149574,-0.04296875,False,False,4.706032727214757,4.706032727214757
g1_seed37,TRAIN,p001197,p001197_a000062,5,12.9082882918186,48.77512963045271,0.95263671875,2.713715669461134,-6.023178608941691,0.01171875,False,False,11.431395649094899,11.431395649094899
g1_seed37,TRAIN,p001197,p001197_a000062,16,10.850479098088528,46.460418636815994,0.95947265625,0.653753086234893,-1.4580777858112128,0.00634765625,False,False,8.941016211359175,8.941016211359175
g1_seed37,TRAIN,p001197,p001197_a000062,28,13.818800452997358,45.247518262571276,0.9599609375,-0.40778227294663694,-6.099658282731681,0.01220703125,False,False,7.966598223011903,7.966598223011903
g1_seed37,TRAIN,p001197,p001197_a000062,40,20.102597380457055,89.66340008056812,0.79736328125,2.7098538831866605,17.810401166901798,-0.04541015625,False,False,72.70124222302421,72.70124222302421
g1_seed37,TRAIN,p001197,p001197_a000062,52,17.52130068941426,224.52582715876684,0.82763671875,3.7752446098890253,101.37754130716975,-0.04150390625,False,False,99.75582170847848,99.75582170847848
g1_seed37,TRAIN,p001197,p001197_a000062,64,22.327731430377924,133.00235756606784,0.80615234375,0.9789788607030587,48.17812760966076,-0.0146484375,False,False,110.44023510188222,110.44023510188222
g1_seed37,TRAIN,p001197,p001197_a000062,76,17.369288256398647,73.41445198728425,0.8388671875,-0.2054127448158951,11.597047033671608,-0.0458984375,False,False,34.83963251236854,34.83963251236854
g1_seed37,TRAIN,p001197,p001197_a000062,87,13.188516391928793,58.35232684853455,0.93603515625,0.8602106537712721,-0.14411453327866042,0.0,False,False,17.829279756692454,17.829279756692454
g1_seed37,TRAIN,p001197,p001197_a001238,3,11.934776825735707,81.08820177153365,0.89111328125,-4.986004924907384,-14.569873979315346,0.015625,False,False,44.92520750421258,44.92520750421258
g1_seed37,TRAIN,p001197,p001197_a001238,10,12.548161771560238,117.77494683086708,0.83154296875,-3.750231606963524,13.008775903345224,-0.056640625,False,False,49.503654286507775,49.503654286507775
g1_seed37,TRAIN,p001197,p001197_a001238,18,10.843363582137215,84.27922197467718,0.89208984375,-5.702088105604311,-6.106727455170443,0.00048828125,False,False,37.80370837029042,37.80370837029042
g1_seed37,TRAIN,p001197,p001197_a001238,25,11.416302685955284,99.11400099360692,0.88671875,-4.701905472171642,-8.21313080114075,-0.00390625,False,False,41.29780221377098,41.29780221377098
g1_seed37,TRAIN,p001197,p001197_a001238,33,12.230281606452785,108.36997095185593,0.8759765625,-3.425718093830401,-21.70944769493117,-0.0087890625,False,False,44.11842373214296,44.11842373214296
g1_seed37,TRAIN,p001197,p001197_a001238,40,12.364694146819858,106.10779182240469,0.8505859375,-2.1500404977227863,8.796124367883962,-0.0556640625,False,False,35.6778034945618,35.6778034945618
g1_seed37,TRAIN,p001197,p001197_a001238,48,12.569170085150768,83.71641478923551,0.8896484375,-3.289173541566649,-20.97314530378918,0.00830078125,False,False,59.70060372604953,59.70060372604953
g1_seed37,TRAIN,p001197,p001197_a001238,55,11.826329311462338,98.56450185345302,0.8818359375,-4.464690773298042,-25.377299115241186,-0.0009765625,False,False,49.347530124149024,49.347530124149024
g1_seed37,VAL,p001199,p001199_a001398,1,21.893938057000888,69.47248645457954,0.86669921875,9.737348440026668,26.307170143129163,-0.1025390625,False,False,30.28681621618339,30.28681621618339
g1_seed37,VAL,p001199,p001199_a001398,4,20.81217426180025,70.14734839771253,0.87646484375,8.404425992059286,30.662728909258234,-0.09375,False,False,30.666728472597352,30.666728472597352
g1_seed37,VAL,p001199,p001199_a001398,8,21.392605192052898,72.63909178639042,0.86279296875,10.011710622655226,28.741843611970253,-0.10986328125,False,False,29.978513438919215,29.978513438919215
g1_seed37,VAL,p001199,p001199_a001398,11,19.686874451544334,72.36350197706683,0.8740234375,8.133279570934427,30.386262561004557,-0.10205078125,False,False,33.06489072526117,33.06489072526117
g1_seed37,VAL,p001199,p001199_a001398,14,22.15079621919665,70.55529709295861,0.85302734375,10.936148425759653,29.00184654695201,-0.11474609375,False,False,29.138744276922658,29.138744276922658
g1_seed37,VAL,p001199,p001199_a001398,17,22.404669457043163,66.83939724184518,0.86474609375,11.591629809555005,24.746215769501504,-0.11181640625,False,False,28.749181293965563,28.749181293965563
g1_seed37,VAL,p001199,p001199_a001398,21,20.32723088304436,66.6383183422593,0.8828125,8.70218012882092,24.920601122260237,-0.08935546875,False,False,30.05732151301383,30.05732151301383
g1_seed37,VAL,p001199,p001199_a001398,24,15.788553477776166,63.298104006200596,0.89990234375,4.211880980800274,20.726631886860716,-0.06884765625,False,False,33.31679342083076,33.31679342083076
g1_seed37,VAL,p001201,p001201_a005135,2,11.739562168030155,51.80550029614214,0.94775390625,1.3270354657529122,16.600614786655257,-0.0419921875,False,False,44.52821594434894,44.52821594434894
g1_seed37,VAL,p001201,p001201_a005135,7,10.247272256973499,45.626867860763255,0.9677734375,0.00793408347090363,14.408388980802403,-0.02587890625,False,False,21.112254114504395,21.112254114504395
g1_seed37,VAL,p001201,p001201_a005135,11,11.091612392178394,63.9424167352846,0.92822265625,0.7070791337374818,22.5681881961722,-0.0302734375,False,False,48.796730574026,48.796730574026
g1_seed37,VAL,p001201,p001201_a005135,16,14.069212125655813,48.16124433736977,0.95556640625,3.913820328128299,15.084800785916734,-0.0390625,False,False,47.49288267665799,47.49288267665799
g1_seed37,VAL,p001201,p001201_a005135,21,12.305107364615035,50.56106619862963,0.9462890625,2.3635394346070218,16.93349392960061,-0.04638671875,False,False,26.311819347865665,26.311819347865665
g1_seed37,VAL,p001201,p001201_a005135,26,11.507428052752141,41.35599380759181,0.978515625,0.549528038506768,6.303472504247509,-0.01318359375,False,False,18.36158523682769,18.36158523682769
g1_seed37,VAL,p001201,p001201_a005135,30,17.34685774850683,48.160308232804404,0.9560546875,6.919709900203834,10.708932006818678,-0.03125,False,False,45.81013484714368,45.81013484714368
g1_seed37,VAL,p001201,p001201_a005135,35,11.106999269070851,45.601676078059214,0.9638671875,0.0266155159688779,12.687129264913395,-0.0283203125,False,False,27.385172888309416,27.385172888309416
g1_seed37,TRAIN,p001202,p001202_a001230,2,39.76005206359211,101.10683921966456,0.60107421875,21.298949920118623,30.0532555390308,-0.27197265625,False,False,44.214130400169616,44.214130400169616
g1_seed37,TRAIN,p001202,p001202_a001230,9,39.440287851168804,105.16024157328235,0.63623046875,21.159332966708348,37.22127365775998,-0.2548828125,False,False,52.58953514518697,52.58953514518697
g1_seed37,TRAIN,p001202,p001202_a001230,15,39.048476039840565,101.94824152618213,0.63525390625,21.20608051270183,33.486124273603224,-0.25341796875,False,False,44.16311693646853,44.16311693646853
g1_seed37,TRAIN,p001202,p001202_a001230,21,41.14699642427054,105.75439515922461,0.60302734375,22.153005611881383,37.437637854381975,-0.27197265625,False,False,48.31066427257337,48.31066427257337
g1_seed37,TRAIN,p001202,p001202_a001230,28,39.158966035693965,101.18872916437402,0.61865234375,19.323512538711476,35.99946159791267,-0.27978515625,False,False,48.87453038440884,48.87453038440884
g1_seed37,TRAIN,p001202,p001202_a001230,34,38.552659514975446,105.39490866767568,0.67578125,19.158596936796684,39.79864576709441,-0.20947265625,False,False,54.45294817361195,54.45294817361195
g1_seed37,TRAIN,p001202,p001202_a001230,40,39.34923066007485,104.78812404694045,0.654296875,21.19503409360591,39.79092910626859,-0.23876953125,False,False,56.8955654658747,56.8955654658747
g1_seed37,TRAIN,p001202,p001202_a001230,47,35.64665672723054,84.99032100517454,0.68701171875,15.926472094115315,17.66513048101666,-0.19287109375,False,False,40.706621653665266,40.706621653665266
g1_seed37,TRAIN,p001202,p001202_a005135,1,8.898218491620646,38.62774624680705,0.96630859375,-0.45433528986523086,0.30549279844051824,-0.0234375,False,False,22.037637963273507,22.037637963273507
g1_seed37,TRAIN,p001202,p001202_a005135,5,9.911742995253686,41.75278996540368,0.96435546875,0.9975039406407014,3.2401599880391245,-0.025390625,False,False,5.886925180488792,5.886925180488792
g1_seed37,TRAIN,p001202,p001202_a005135,8,9.67213023966079,36.367716727925284,0.9765625,0.09702019914567117,-1.3688391874757428,-0.013671875,False,False,26.25387527978443,26.25387527978443
g1_seed37,TRAIN,p001202,p001202_a005135,12,10.532610825218171,43.88998740294308,0.9609375,0.4942502789409353,6.532926152788399,-0.0322265625,False,False,26.03350516187334,26.03350516187334
g1_seed37,TRAIN,p001202,p001202_a005135,15,9.762920715311436,52.83844165119676,0.9462890625,-0.0201634089430609,13.46176865774379,-0.04443359375,False,False,3.9158465095874493,3.9158465095874493
g1_seed37,TRAIN,p001202,p001202_a005135,19,9.111322486497862,40.00379305602163,0.9697265625,-0.1661733967370438,3.3253195345814035,-0.021484375,False,False,21.461630251711778,21.461630251711778
g1_seed37,TRAIN,p001202,p001202_a005135,22,9.07776317110358,37.967575419739,0.97900390625,-0.0672504668675522,-2.1612991723589445,-0.009765625,False,False,20.52685099702842,20.52685099702842
g1_seed37,TRAIN,p001202,p001202_a005135,26,9.756820946540007,38.09491925667406,0.97265625,0.5503881821128758,-0.1632285468181962,-0.01904296875,False,False,10.389988979913554,10.389988979913554
g1_seed37,TRAIN,p001203,p001203_a000032,3,16.090639235732446,50.41318759269335,0.9482421875,-0.01890080557577889,5.091447304648611,-0.0224609375,False,False,27.11396102063117,27.11396102063117
g1_seed37,TRAIN,p001203,p001203_a000032,9,16.055783832334175,49.71017775683969,0.9501953125,-1.2824935340196078,5.492067565124444,-0.0224609375,False,False,25.664542058875995,25.664542058875995
g1_seed37,TRAIN,p001203,p001203_a000032,16,16.442409887766374,50.67227605768609,0.9443359375,-0.3472597603911929,5.775354496760841,-0.02587890625,False,False,22.528397626594547,22.528397626594547
g1_seed37,TRAIN,p001203,p001203_a000032,22,14.840911601232659,53.01123130270458,0.94287109375,-3.1915435415768556,6.75230816514911,-0.021484375,False,False,21.398996772235318,21.398996772235318
g1_seed37,TRAIN,p001203,p001203_a000032,29,14.98395173856008,50.887201163537014,0.9462890625,-2.7579359617858685,7.520273811923204,-0.029296875,False,False,25.467282914555994,25.467282914555994
g1_seed37,TRAIN,p001203,p001203_a000032,35,17.782629081335873,49.16481029070109,0.953125,1.6003925785383295,3.706212220603369,-0.01318359375,False,False,29.7518606924196,29.7518606924196
g1_seed37,TRAIN,p001203,p001203_a000032,42,15.767322067974211,50.60146094068332,0.9482421875,0.2171817279326742,7.4546834696158655,-0.025390625,False,False,21.10692260378181,21.10692260378181
g1_seed37,TRAIN,p001203,p001203_a000032,48,20.679397946792474,49.59025599900369,0.9521484375,3.73454439105873,5.908962684066154,-0.0185546875,False,False,29.826250460593254,29.826250460593254
g1_seed37,TRAIN,p001204,p001204_a003011,1,13.475994954969803,60.63091492294017,0.9248046875,1.1189507592355774,15.092389082909285,-0.0400390625,False,False,4.660845258193138,4.660845258193138
g1_seed37,TRAIN,p001204,p001204_a003011,3,15.826110100464504,66.08002659360415,0.89501953125,3.650211948146561,20.869670479807915,-0.0712890625,False,False,2.983337489263712,2.983337489263712
g1_seed37,TRAIN,p001204,p001204_a003011,6,16.700977062657834,66.86963262101541,0.89501953125,3.5295292521774293,19.992742238046645,-0.06787109375,False,False,3.456928948370786,3.456928948370786
g1_seed37,TRAIN,p001204,p001204_a003011,8,15.08653661056846,63.08940877206039,0.91162109375,2.170886898098461,17.007646571578533,-0.05224609375,False,False,2.8155976436545616,2.8155976436545616
g1_seed37,TRAIN,p001204,p001204_a003011,10,16.608098153912188,70.2454098605565,0.88818359375,3.598640196365448,21.520592493882617,-0.0693359375,False,False,3.2838228241897314,3.2838228241897314
g1_seed37,TRAIN,p001204,p001204_a003011,12,14.491519100466647,67.15008280623086,0.90869140625,1.7107138996168594,20.492285421282233,-0.05224609375,False,False,7.175310908544179,7.175310908544179
g1_seed37,TRAIN,p001204,p001204_a003011,15,15.098461008213928,70.88629454321801,0.88916015625,3.32549133730873,26.64912504882212,-0.0771484375,False,False,7.203258766134167,7.203258766134167
g1_seed37,TRAIN,p001204,p001204_a003011,17,15.199841822283531,70.53675516647007,0.89306640625,3.2665433705256355,23.51308043515941,-0.06396484375,False,False,4.058334517529623,4.058334517529623
g1_seed37,TRAIN,p001210,p001210_a001226,2,47.09715048370078,246.82878621888398,0.5205078125,-1.7893303428659166,12.797817302785091,0.01513671875,False,False,23.467655545045893,23.467655545045893
g1_seed37,TRAIN,p001210,p001210_a001226,6,51.09689694942368,232.82115001588278,0.49072265625,1.8922784766825416,17.5628584465951,-0.017578125,False,False,42.4478081006542,42.4478081006542
g1_seed37,TRAIN,p001210,p001210_a001226,10,53.001693540165846,240.54379047071848,0.47216796875,2.2690867829745827,5.596651048453509,-0.01904296875,False,False,49.5566823152926,49.5566823152926
g1_seed37,TRAIN,p001210,p001210_a001226,14,50.29710291657652,232.84626337247255,0.4970703125,-1.659520260892407,6.033062924255859,0.01220703125,False,False,38.0967304289529,38.0967304289529
g1_seed37,TRAIN,p001210,p001210_a001226,18,51.36749818733684,239.51116289064535,0.48583984375,1.380461841451357,13.445640768882441,-0.01513671875,False,False,39.574348207992315,39.574348207992315
g1_seed37,TRAIN,p001210,p001210_a001226,22,50.1672825916841,263.1814477492545,0.498046875,1.491991215014238,18.171798536221246,-0.01220703125,False,False,29.109019148001718,29.109019148001718
g1_seed37,TRAIN,p001210,p001210_a001226,26,49.42377556755242,240.35081492797295,0.505859375,0.6926649011788797,14.952702968723344,-0.00341796875,False,False,44.680183291330664,44.680183291330664
g1_seed37,TRAIN,p001210,p001210_a001226,30,46.84697813611391,232.835746968964,0.52099609375,-2.3594214458218445,22.235712219532587,0.0126953125,False,False,41.167251826149496,41.167251826149496
g1_seed37,TRAIN,p001216,p001216_a001423,1,21.43855421992765,71.49643494333411,0.859375,4.089910451726428,6.666323655968114,-0.0283203125,False,False,45.88089998881592,45.88089998881592
g1_seed37,TRAIN,p001216,p001216_a001423,4,21.6687915166577,75.13493669312471,0.83935546875,5.076255818404022,8.223400730482481,-0.04150390625,False,False,52.851852447609204,52.851852447609204
g1_seed37,TRAIN,p001216,p001216_a001423,7,19.858648595343798,73.33630755894978,0.84619140625,4.8468736593219965,4.8579752609337135,-0.0380859375,False,False,52.20637902490928,52.20637902490928
g1_seed37,TRAIN,p001216,p001216_a001423,10,23.799842426765572,77.98088997952846,0.8232421875,5.960637242090236,12.178647242162072,-0.06005859375,False,False,34.720055098169205,34.720055098169205
g1_seed37,TRAIN,p001216,p001216_a001423,13,24.02560496920632,84.3110324987352,0.810546875,6.492531606729273,14.990118784578144,-0.0654296875,False,False,39.767675158994706,39.767675158994706
g1_seed37,TRAIN,p001216,p001216_a001423,16,24.87253814034236,75.66216830683143,0.826171875,7.023895193986473,7.986599798496044,-0.0576171875,False,False,55.739381360990926,55.739381360990926
g1_seed37,TRAIN,p001216,p001216_a001423,19,22.653734265001003,79.69840962318263,0.82470703125,4.7106366073487145,12.162952067599718,-0.06298828125,False,False,40.606553341041426,40.606553341041426
g1_seed37,TRAIN,p001216,p001216_a001423,22,27.30895626913844,79.92178788963551,0.79638671875,8.603475882232143,15.1914030180657,-0.08837890625,False,False,59.912223320642646,59.912223320642646
g1_seed37,TRAIN,p001225,p001225_a005341,1,24.167196098097477,71.50040608856753,0.8076171875,8.14782886389835,19.010754893224444,-0.13427734375,False,False,112.06809807103684,112.06809807103684
g1_seed37,TRAIN,p001225,p001225_a005341,5,21.606267785244214,78.47683580524905,0.8388671875,5.284683114951065,25.595749689556733,-0.10302734375,False,False,81.5416834412573,81.5416834412573
g1_seed37,TRAIN,p001225,p001225_a005341,9,24.560145024160498,73.63519941243824,0.80126953125,8.13602755385497,16.5522415442804,-0.123046875,False,False,107.21994984925952,107.21994984925952
g1_seed37,TRAIN,p001225,p001225_a005341,13,26.579157192946063,84.69006497766894,0.79052734375,9.30541438109642,30.806311592485855,-0.14892578125,False,False,100.7431285083693,100.7431285083693
g1_seed37,TRAIN,p001225,p001225_a005341,16,23.318275755566724,77.29262613027521,0.83056640625,6.924237308362137,26.33173440966707,-0.115234375,False,False,83.40194223316264,83.40194223316264
g1_seed37,TRAIN,p001225,p001225_a005341,20,26.010489798101467,85.40229353075107,0.77294921875,8.742909487510019,29.52755651970144,-0.16259765625,False,False,101.17382430499892,101.17382430499892
g1_seed37,TRAIN,p001225,p001225_a005341,24,24.717062751272888,82.76797739085583,0.79345703125,7.789095544191515,25.339406131570705,-0.1357421875,False,False,101.3677979371719,101.3677979371719
g1_seed37,TRAIN,p001225,p001225_a005341,28,23.947839966043453,74.55437413347809,0.818359375,6.487450400587893,16.901245389862183,-0.1123046875,False,False,100.71955873086725,100.71955873086725
g1_seed37,TRAIN,p001226,p001226_a000223,6,14.444605815790013,59.31608514162245,0.92041015625,2.020256341005135,20.584977571182947,-0.0625,False,False,4.965470152698209,4.965470152698209
g1_seed37,TRAIN,p001226,p001226_a000223,21,13.583677380439527,61.578766950816785,0.9150390625,1.6054573700186179,22.188270528997393,-0.06689453125,False,False,3.5380911019652292,3.5380911019652292
g1_seed37,TRAIN,p001226,p001226_a000223,36,19.135657848109062,58.48821765060309,0.8974609375,8.040693313645509,17.638301522497173,-0.0791015625,False,False,2.575085755899003,2.575085755899003
g1_seed37,TRAIN,p001226,p001226_a000223,51,14.951037527520352,51.66202506887615,0.9443359375,3.285023012811095,15.937798071896623,-0.0439453125,False,False,16.196299559949306,16.196299559949306
g1_seed37,TRAIN,p001226,p001226_a000223,66,16.251970360553578,54.55838498770554,0.939453125,3.110866210562829,17.794688846425906,-0.044921875,False,False,37.31361199775572,37.31361199775572
g1_seed37,TRAIN,p001226,p001226_a000223,81,13.098464035121978,50.7976942291994,0.947265625,2.3119875383183217,12.950613732008648,-0.04248046875,False,False,12.56852898235928,12.56852898235928
g1_seed37,TRAIN,p001226,p001226_a000223,96,16.022044775129878,51.99509230544158,0.94189453125,3.4866253318035163,13.058538312535326,-0.04248046875,False,False,16.597998946656944,16.597998946656944
g1_seed37,TRAIN,p001226,p001226_a000223,111,14.813182476537659,54.59194460814752,0.9296875,2.119957951818243,16.74771719491381,-0.05322265625,False,False,16.52660028807472,16.52660028807472
g1_seed37,TRAIN,p001231,p001231_a000029,1,19.624388770193782,100.84718834396708,0.82080078125,-0.0214596878180231,-3.9963362842500487,-0.0107421875,False,False,8.467322167163982,8.467322167163982
g1_seed37,TRAIN,p001231,p001231_a000029,3,17.124324630108603,93.56056877449247,0.8212890625,-2.2126251255687777,-7.264838816741602,0.00244140625,False,False,2.6968420569716347,2.6968420569716347
g1_seed37,TRAIN,p001231,p001231_a000029,5,17.524433619900933,82.91238782791744,0.84619140625,-1.9859064155614554,-23.652762841282083,0.00830078125,False,False,6.37503576165745,6.37503576165745
g1_seed37,TRAIN,p001231,p001231_a000029,7,18.711397052828275,90.64319082916171,0.828125,-0.34695299437083804,-5.064998487918473,-0.0205078125,False,False,4.585419714336258,4.585419714336258
g1_seed37,TRAIN,p001231,p001231_a000029,8,20.559634465814995,89.2712160206112,0.814453125,0.6613437422905051,-19.234755449166116,-0.013671875,False,False,13.592861537224215,13.592861537224215
g1_seed37,TRAIN,p001231,p001231_a000029,10,18.06977063772171,87.69348634604147,0.84375,-1.137654579192052,-15.105889239945185,-0.0009765625,False,False,6.735945089045967,6.735945089045967
g1_seed37,TRAIN,p001231,p001231_a000029,12,18.25682354004297,85.14666237755938,0.85400390625,-0.9134133154221935,-24.9012085920358,0.0185546875,False,False,6.2019411104787485,6.2019411104787485
g1_seed37,TRAIN,p001231,p001231_a000029,14,16.35659399993144,78.08386073423276,0.87451171875,-3.114810305989625,-16.831730852432372,0.0205078125,False,False,3.894701916241753,3.894701916241753
g1_seed37,TRAIN,p001231,p001231_a000075,3,13.374511344004294,57.71937990086713,0.93212890625,1.0019989447126463,6.8239993987517735,-0.01611328125,False,False,23.985973307854092,23.985973307854092
g1_seed37,TRAIN,p001231,p001231_a000075,12,10.136319529989175,59.041938694544676,0.93115234375,-2.1010958051396145,9.256833907535153,-0.02001953125,False,False,20.520656793109595,20.520656793109595
g1_seed37,TRAIN,p001231,p001231_a000075,20,10.976531386230238,52.39372625676734,0.94482421875,-0.6231101605428346,7.115685950565563,-0.02197265625,False,False,22.827560928415235,22.827560928415235
g1_seed37,TRAIN,p001231,p001231_a000075,29,17.148165128246887,77.04209973236438,0.87109375,1.7284741030394741,15.871338865993451,-0.03466796875,False,False,22.636866786048394,22.636866786048394
g1_seed37,TRAIN,p001231,p001231_a000075,37,16.206787571912017,78.0039747836896,0.85595703125,0.5111050464606244,17.015070828492597,-0.04931640625,False,False,24.208538653208123,24.208538653208123
g1_seed37,TRAIN,p001231,p001231_a000075,46,10.798161720080664,54.11843804793737,0.9423828125,-1.784891464729995,6.617227876717564,-0.013671875,False,False,27.664237410010227,27.664237410010227
g1_seed37,TRAIN,p001231,p001231_a000075,54,11.074708707931713,54.551712889371494,0.9404296875,0.5622629233690049,4.6232354457775955,-0.009765625,False,False,22.649040275073887,22.649040275073887
g1_seed37,TRAIN,p001231,p001231_a000075,63,9.896871502792735,65.67020319910799,0.92333984375,-0.5081994570935464,10.973085489786783,-0.0146484375,False,False,21.288113081016007,21.288113081016007
g1_seed37,TRAIN,p001231,p001231_a000214,4,22.82668477502869,79.43952435679674,0.86181640625,-10.518834556424402,-7.068639967490739,0.15869140625,False,False,43.18306598586079,43.18306598586079
g1_seed37,TRAIN,p001231,p001231_a000214,16,21.54430698788606,71.14156202703202,0.87646484375,-7.59263759857512,-5.897038087481391,0.10009765625,False,False,48.87183244958322,48.87183244958322
g1_seed37,TRAIN,p001231,p001231_a000214,27,26.662179217394073,99.62774759079605,0.6962890625,-14.098948709106917,-14.752994316747547,0.1171875,False,False,3.6675046388622605,3.6675046388622605
g1_seed37,TRAIN,p001231,p001231_a000214,38,17.981852972819006,90.45683268684374,0.814453125,0.48392436889755786,9.902770436724424,-0.02880859375,False,False,8.939722158958899,8.939722158958899
g1_seed37,TRAIN,p001231,p001231_a000214,49,16.98416537318419,78.39447570825214,0.8525390625,1.4600783258218755,12.948030379931737,-0.02734375,False,False,3.1971595062831297,3.1971595062831297
g1_seed37,TRAIN,p001231,p001231_a000214,60,20.00348512308171,76.14235007123236,0.82275390625,0.7159879331180719,9.431555794762986,-0.0322265625,False,False,15.435199927207421,15.435199927207421
g1_seed37,TRAIN,p001231,p001231_a000214,71,23.281929203111762,76.24124663077036,0.85791015625,-10.364846955276125,-7.120487094654308,0.1708984375,False,False,48.71804359837918,48.71804359837918
g1_seed37,TRAIN,p001231,p001231_a000214,83,25.398599322875615,80.14117954158007,0.79345703125,-16.273279482487208,-19.38605821729398,0.2099609375,False,False,44.51789024756285,44.51789024756285
g1_seed37,TRAIN,p100067,p100067_a005746,2,11.242847977519183,112.91901291709019,0.90966796875,-1.0376256051632673,30.62352615888088,0.01171875,False,False,118.97545339074124,118.97545339074124
g1_seed37,TRAIN,p100067,p100067_a005746,8,12.393996255270242,127.1984814333809,0.9111328125,0.644937846645611,33.64060228590864,0.01220703125,False,False,119.96027557988407,119.96027557988407
g1_seed37,TRAIN,p100067,p100067_a005746,14,12.593676419505828,103.26723989550605,0.90966796875,0.7522570004906228,14.089228534532637,0.001953125,False,False,120.8886038867493,120.8886038867493
g1_seed37,TRAIN,p100067,p100067_a005746,20,14.509568751671088,117.68322933587562,0.9169921875,2.753436872621501,32.65833926690283,0.00830078125,False,False,134.42337063535942,134.42337063535942
g1_seed37,TRAIN,p100067,p100067_a005746,26,11.786735793478563,102.08844811011353,0.9033203125,-0.10533890466475881,15.524495207402452,0.00439453125,False,False,112.69102209204536,112.69102209204536
g1_seed37,TRAIN,p100067,p100067_a005746,32,13.736332919664328,132.24086588399803,0.90380859375,1.6118984254751574,35.82995461759461,0.013671875,False,False,118.8140149289742,118.8140149289742
g1_seed37,TRAIN,p100067,p100067_a005746,38,13.322575803880166,128.5671403132776,0.91455078125,0.9873374686822238,35.73343517248409,0.01708984375,False,False,117.32997821782624,117.32997821782624
g1_seed37,TRAIN,p100067,p100067_a005746,44,12.281703281810337,114.32319438241102,0.912109375,-0.3275488437494847,33.278107040144164,0.02490234375,False,False,111.89254890674906,111.89254890674906
g1_seed37,TRAIN,p100069,p100069_a005191,6,7.807452181149099,35.69844722958073,0.97998046875,-1.038355512727847,-2.05614630835327,0.00830078125,False,False,34.16436921146385,34.16436921146385
g1_seed37,TRAIN,p100069,p100069_a005191,21,8.696614777390408,38.622777402739544,0.98095703125,0.16630191601669075,-0.8407113384206397,0.00048828125,False,False,48.13909552848332,48.13909552848332
g1_seed37,TRAIN,p100069,p100069_a005191,37,11.869866019500869,76.5349679220374,0.91064453125,2.4122515961623208,38.94673176926542,-0.0712890625,False,False,71.82086888494491,71.82086888494491
g1_seed37,TRAIN,p100069,p100069_a005191,52,9.350509257958262,38.76744828027987,0.97705078125,-2.2892220395132696,-2.257647188871424,0.00830078125,False,False,19.498471987966976,19.498471987966976
g1_seed37,TRAIN,p100069,p100069_a005191,68,8.564341776895484,33.164123800830325,0.98876953125,-1.6789973350728875,-10.22903635893806,0.02783203125,False,False,24.51222492603508,24.51222492603508
g1_seed37,TRAIN,p100069,p100069_a005191,83,10.153164866544442,85.46968763796876,0.9052734375,0.8168179418760904,43.10558838372336,-0.064453125,False,False,62.563251616254824,62.563251616254824
g1_seed37,TRAIN,p100069,p100069_a005191,99,9.083476456699536,38.39115193084221,0.97705078125,-0.7722997826752067,-4.564815364655146,0.009765625,False,False,38.166755906458995,38.166755906458995
g1_seed37,TRAIN,p100069,p100069_a005191,114,10.311686101294788,48.06476004233126,0.95556640625,-3.1327125395473487,-4.092650474235683,0.01171875,False,False,14.734330005546326,14.734330005546326
g1_seed37,TRAIN,p100069,p100069_a005746,2,12.768190478389961,85.42360040627604,0.9423828125,0.05456249148062753,-3.004945468129975,0.083984375,False,False,50.72042385987847,50.72042385987847
g1_seed37,TRAIN,p100069,p100069_a005746,8,11.006137814719121,68.64694422619411,0.94580078125,-0.8103071547160052,-10.506217064543776,0.052734375,False,False,59.8345946722059,59.8345946722059
g1_seed37,TRAIN,p100069,p100069_a005746,14,9.348969350027186,55.37343002689101,0.94091796875,-3.2530448232319387,-35.130292010405164,0.06396484375,False,False,62.61923886082979,62.61923886082979
g1_seed37,TRAIN,p100069,p100069_a005746,20,11.661840576414452,57.219933898992345,0.94384765625,-0.39427091066960074,-27.607669577462566,0.0546875,False,False,50.64349925717735,50.64349925717735
g1_seed37,TRAIN,p100069,p100069_a005746,27,12.134815962793184,52.062733423318804,0.9423828125,-0.2440235199591907,-35.08410424368057,0.0625,False,False,49.54361423278774,49.54361423278774
g1_seed37,TRAIN,p100069,p100069_a005746,33,11.694958934503813,54.67118887674843,0.9375,-0.3233140855194847,-32.030630241103,0.05322265625,False,False,49.61096156968876,49.61096156968876
g1_seed37,TRAIN,p100069,p100069_a005746,39,12.490820449386124,50.97293267803691,0.94677734375,0.695124294652107,-34.80010422068918,0.06005859375,False,False,60.56393646228044,60.56393646228044
g1_seed37,TRAIN,p100069,p100069_a005746,45,12.101629821346691,72.51332083225417,0.91650390625,-0.213908950557677,-19.845405316963138,0.03662109375,False,False,51.9535023704737,51.9535023704737
g1_seed37,TRAIN,p100072,p100072_a001242,6,19.086988799797915,102.96296782421034,0.83740234375,6.4909340399060405,57.83636004877163,-0.12744140625,False,False,131.67520905274336,131.67520905274336
g1_seed37,TRAIN,p100072,p100072_a001242,20,22.357935662783696,121.19014789715064,0.7890625,10.162007079709404,76.06978840107257,-0.17626953125,False,False,133.79886630584122,133.79886630584122
g1_seed37,TRAIN,p100072,p100072_a001242,34,26.36373792711572,107.33534051909287,0.74853515625,11.092852917426418,59.71139767382411,-0.21044921875,False,False,139.45476673910215,139.45476673910215
g1_seed37,TRAIN,p100072,p100072_a001242,48,25.36986553252179,344.3565438476817,0.68505859375,2.429863185790879,205.8751515170181,-0.07373046875,False,False,93.82623168091641,93.82623168091641
g1_seed37,TRAIN,p100072,p100072_a001242,63,25.869190204820747,311.35403110927064,0.68994140625,3.561983507877329,208.1228832666067,-0.11083984375,False,False,84.56870840089377,84.56870840089377
g1_seed37,TRAIN,p100072,p100072_a001242,77,29.44652497708006,165.27328344383903,0.69140625,12.982478313463119,117.74137457637349,-0.26708984375,False,False,164.96555062974184,164.96555062974184
g1_seed37,TRAIN,p100072,p100072_a001242,91,21.319855060648614,181.44436266399606,0.818359375,8.862852917038875,132.65642253974283,-0.1337890625,False,False,141.40611350087678,141.40611350087678
g1_seed37,TRAIN,p100072,p100072_a001242,105,22.597545301590692,148.89581503601593,0.7607421875,11.044439030018612,103.2072982731406,-0.20458984375,False,False,155.89819584150052,155.89819584150052
g1_seed37,TRAIN,p100085,p100085_a000042,1,22.950074780920474,59.84666666119226,0.89306640625,10.031186029993426,8.760896111528652,-0.05419921875,False,False,22.62667105529025,22.62667105529025
g1_seed37,TRAIN,p100085,p100085_a000042,2,22.276059570739083,57.74354956738177,0.90966796875,9.1874436585869,4.648628325945964,-0.029296875,False,False,24.864216685319082,24.864216685319082
g1_seed37,TRAIN,p100085,p100085_a000042,4,21.435940702264915,60.92217905362103,0.90283203125,8.109359515518886,7.284911029472205,-0.03662109375,False,False,24.002511650353924,24.002511650353924
g1_seed37,TRAIN,p100085,p100085_a000042,6,21.54356018045836,60.11224182654163,0.912109375,8.766818748712852,8.02147037713759,-0.0302734375,False,False,25.69699045314825,25.69699045314825
g1_seed37,TRAIN,p100085,p100085_a000042,8,20.770459656168367,60.04957437638242,0.91162109375,8.499671455906489,8.232352673507592,-0.0322265625,False,False,22.297126890784625,22.297126890784625
g1_seed37,TRAIN,p100085,p100085_a000042,10,20.957414018139737,59.27895292630813,0.91845703125,8.73881877838573,6.656216671681662,-0.02392578125,False,False,25.45512027266313,25.45512027266313
g1_seed37,TRAIN,p100085,p100085_a000042,12,20.165305286243964,59.490288316882314,0.92138671875,8.386819456205586,7.2470246204361,-0.01708984375,False,False,25.768837801380993,25.768837801380993
g1_seed37,TRAIN,p100085,p100085_a000042,13,21.55335275766259,66.71070990931078,0.9150390625,8.758808675247678,14.128076736941793,-0.02197265625,False,False,24.921918486461195,24.921918486461195
g1_seed37,TRAIN,p100086,p100086_a001415,3,10.538497772262954,43.459139315742306,0.96630859375,-0.7839289612220668,3.4435014564466186,-0.01123046875,False,False,5.823943288193056,5.823943288193056
g1_seed37,TRAIN,p100086,p100086_a001415,10,11.724978319933147,47.58221125685622,0.95751953125,-0.416686122497989,6.65092062986966,-0.02197265625,False,False,11.66706875543271,11.66706875543271
g1_seed37,TRAIN,p100086,p100086_a001415,17,10.413049911861428,44.6625865512028,0.96484375,-1.119565644347908,3.9338450289947886,-0.01513671875,False,False,13.207757242032729,13.207757242032729
g1_seed37,TRAIN,p100086,p100086_a001415,24,10.613657734666592,44.003510341415236,0.9677734375,-0.8284458035467601,3.7155045463874714,-0.0087890625,False,False,17.673806343013517,17.673806343013517
g1_seed37,TRAIN,p100086,p100086_a001415,32,9.717717015816088,45.03956265707933,0.9599609375,-1.8020329448713888,5.814393373119877,-0.01806640625,False,False,16.74220962270194,16.74220962270194
g1_seed37,TRAIN,p100086,p100086_a001415,39,11.09670101624973,44.840027511417674,0.95947265625,-0.36089204210526127,3.275754984355757,-0.01611328125,False,False,23.5879391682744,23.5879391682744
g1_seed37,TRAIN,p100086,p100086_a001415,46,10.212338282027439,44.764452348236155,0.96435546875,-1.2006601679142115,1.795053621810709,-0.0126953125,False,False,16.450343033356262,16.450343033356262
g1_seed37,TRAIN,p100086,p100086_a001415,53,10.915930229057222,44.97955363276873,0.96533203125,-0.43148853029629564,3.3734583487190193,-0.00927734375,False,False,14.608666796785238,14.608666796785238
g1_seed37,TRAIN,p100089,p100089_a005814,4,28.65589632814536,118.23606550158162,0.716796875,-4.170337373720628,22.465729573097946,0.03076171875,False,False,51.44710312643097,51.44710312643097
g1_seed37,TRAIN,p100089,p100089_a005814,14,33.05780786414392,152.81954937451684,0.60400390625,-2.959565537150432,45.99175553796218,-0.05517578125,False,False,37.57011476958771,37.57011476958771
g1_seed37,TRAIN,p100089,p100089_a005814,24,27.81982034622053,135.04040812626153,0.6455078125,-1.5004174728867774,42.263029161092064,-0.05859375,False,False,46.89990562205808,46.89990562205808
g1_seed37,TRAIN,p100089,p100089_a005814,34,30.917472203600898,140.20186774672248,0.62890625,-0.6716714177296943,45.110267019601594,-0.05322265625,False,False,47.205627304078256,47.205627304078256
g1_seed37,TRAIN,p100089,p100089_a005814,43,36.37875445586723,162.20772002447669,0.6005859375,6.521810055776061,67.63317810016808,-0.09912109375,False,False,52.40211387509489,52.40211387509489
g1_seed37,TRAIN,p100089,p100089_a005814,53,34.86808712920909,125.81173506565545,0.6630859375,4.914715000316498,35.231487979812655,-0.0244140625,False,False,44.554107163875514,44.554107163875514
g1_seed37,TRAIN,p100089,p100089_a005814,63,30.739841043024967,135.3073102205556,0.67138671875,0.9148192366752639,47.24766140222761,-0.02685546875,False,False,40.83677898875803,40.83677898875803
g1_seed37,TRAIN,p100089,p100089_a005814,73,31.736825576563042,135.57864995034336,0.67529296875,2.230964686548816,44.742123475683314,-0.03759765625,False,False,61.375339368960255,61.375339368960255
g1_seed37,TRAIN,p100090,p100090_a005401,1,18.719074749522512,86.48737446628155,0.83447265625,-0.4180896593274426,12.214630442769717,-0.05322265625,False,False,28.66179028207692,28.66179028207692
g1_seed37,TRAIN,p100090,p100090_a005401,3,17.644412616160928,83.92646859489402,0.8623046875,-1.2918006119404097,-0.27427745590436814,-0.0205078125,False,False,47.353543544184724,47.353543544184724
g1_seed37,TRAIN,p100090,p100090_a005401,5,19.021323545582813,82.57023295256224,0.853515625,-0.9645085674913894,4.799922867856452,-0.01904296875,False,False,48.02468493521821,48.02468493521821
g1_seed37,TRAIN,p100090,p100090_a005401,7,18.415838509995282,82.29683745397354,0.8359375,-1.3166995944697106,0.18292839598916544,-0.03662109375,False,False,30.63922487023373,30.63922487023373
g1_seed37,TRAIN,p100090,p100090_a005401,9,18.479722329303854,76.94752547016266,0.85302734375,-1.093299156372595,-0.6351704361256907,-0.0322265625,False,False,34.27697118867465,34.27697118867465
g1_seed37,TRAIN,p100090,p100090_a005401,11,17.9622134277817,75.17642819147787,0.8759765625,-1.1465716951282516,7.3895908346605665,-0.0185546875,False,False,47.60557161920851,47.60557161920851
g1_seed37,TRAIN,p100090,p100090_a005401,13,14.54070823396799,76.66195300588774,0.86279296875,-5.011733920726094,-4.34934239886887,-0.0205078125,False,False,50.38127238701535,50.38127238701535
g1_seed37,TRAIN,p100090,p100090_a005401,15,18.928201553127824,83.63706837598994,0.85205078125,-0.23989563642711076,10.745861187237495,-0.03564453125,False,False,35.692853861899025,35.692853861899025
g1_seed37,TRAIN,p100092,p100092_a001307,4,33.07730253181113,149.89411229593424,0.638671875,8.049773957466563,48.126794327889925,-0.130859375,False,False,138.7194031130633,138.7194031130633
g1_seed37,TRAIN,p100092,p100092_a001307,14,34.9585432088529,144.11183868896075,0.68115234375,11.227626144635465,61.552460106887864,-0.1181640625,False,False,138.43171444909478,138.43171444909478
g1_seed37,TRAIN,p100092,p100092_a001307,24,19.25477578473386,90.97355558713853,0.82958984375,1.3837675021714553,30.70339144494691,-0.06396484375,False,False,101.10809541269491,101.10809541269491
g1_seed37,TRAIN,p100092,p100092_a001307,34,22.0513655962109,84.33250286253998,0.8271484375,1.0043324877714888,16.528721066434457,-0.033203125,False,False,79.82155188455013,79.82155188455013
g1_seed37,TRAIN,p100092,p100092_a001307,44,21.87956705795257,79.41329003833258,0.84326171875,2.0521351709698905,18.06457991135394,-0.04345703125,False,False,84.58316129206283,84.58316129206283
g1_seed37,TRAIN,p100092,p100092_a001307,54,33.6948952165897,145.21222070893617,0.63330078125,9.14244359023849,52.062185128865664,-0.1123046875,False,False,115.44239128404799,115.44239128404799
g1_seed37,TRAIN,p100092,p100092_a001307,64,39.20628728772901,178.9848946748379,0.6005859375,9.419249187800354,65.57584886287034,-0.0966796875,False,False,136.66580553858782,136.66580553858782
g1_seed37,TRAIN,p100092,p100092_a001307,74,42.843552088877246,200.11590015612208,0.57568359375,16.435611407904865,89.97835939238955,-0.16357421875,False,False,144.34382094640452,144.34382094640452
official,VAL,p001194,p001194_a000062,5,10.004650492487864,50.07778114448732,0.94970703125,0.0,0.0,0.0,False,False,25.993349334000474,25.993349334000474
official,VAL,p001194,p001194_a000062,17,9.835550485542248,49.58978507401195,0.95068359375,0.0,0.0,0.0,False,False,26.72507892006612,26.72507892006612
official,VAL,p001194,p001194_a000062,29,9.193506543721828,39.14814434365417,0.97509765625,0.0,0.0,0.0,False,False,51.803342603432505,51.803342603432505
official,VAL,p001194,p001194_a000062,41,10.850640991725282,54.00599160235512,0.939453125,0.0,0.0,0.0,False,False,25.239056025744162,25.239056025744162
official,VAL,p001194,p001194_a000062,53,11.226934180200328,38.263959493229095,0.9833984375,0.0,0.0,0.0,False,False,54.538836389981405,54.538836389981405
official,VAL,p001194,p001194_a000062,65,8.164226589192916,43.43751483721181,0.962890625,0.0,0.0,0.0,False,False,25.30291363638971,25.30291363638971
official,VAL,p001194,p001194_a000062,77,11.873382702970392,47.03037690849336,0.95654296875,0.0,0.0,0.0,False,False,35.90241960522913,35.90241960522913
official,VAL,p001194,p001194_a000062,89,10.163240747764027,44.78359338237996,0.9560546875,0.0,0.0,0.0,False,False,34.16491049572824,34.16491049572824
official,VAL,p001194,p001194_a000986,10,9.927664747667578,50.44345763409526,0.94873046875,0.0,0.0,0.0,False,False,33.924363977802436,33.924363977802436
official,VAL,p001194,p001194_a000986,36,8.404890813240595,46.16889553581381,0.9521484375,0.0,0.0,0.0,False,False,16.49559560791533,16.49559560791533
official,VAL,p001194,p001194_a000986,62,10.828764714090592,47.74227452450659,0.95556640625,0.0,0.0,0.0,False,False,56.42318403905517,56.42318403905517
official,VAL,p001194,p001194_a000986,88,7.851483294744158,26.15136998873067,0.9970703125,0.0,0.0,0.0,False,False,54.09116017277886,54.09116017277886
official,VAL,p001194,p001194_a000986,114,9.495281591647188,33.663203614983146,0.97802734375,0.0,0.0,0.0,False,False,44.94840021884962,44.94840021884962
official,VAL,p001194,p001194_a000986,140,10.641581183928238,47.587138743404125,0.953125,0.0,0.0,0.0,False,False,58.96421354547011,58.96421354547011
official,VAL,p001194,p001194_a000986,166,9.731125678140671,38.13969124872148,0.98388671875,0.0,0.0,0.0,False,False,36.21392964114326,36.21392964114326
official,VAL,p001194,p001194_a000986,192,7.746701685501152,28.737095260878213,1.0,0.0,0.0,0.0,False,False,50.89576044346997,50.89576044346997
official,TRAIN,p001195,p001195_a000053,6,173.3408319822584,213.44992423312803,0.0029296875,0.0,0.0,0.0,True,True,204.2724433787599,0.0
official,TRAIN,p001195,p001195_a000053,21,168.74493370389192,206.63080024810745,0.0068359375,0.0,0.0,0.0,True,True,198.10316221164416,0.0
official,TRAIN,p001195,p001195_a000053,37,218.20603350079935,282.53650024456016,0.00146484375,0.0,0.0,0.0,True,True,248.57099160127242,0.0
official,TRAIN,p001195,p001195_a000053,52,214.96469635784973,263.3136801005779,0.0,0.0,0.0,0.0,True,True,248.23069587246846,0.0
official,TRAIN,p001195,p001195_a000053,68,214.6538060936579,272.1201416541045,0.0029296875,0.0,0.0,0.0,True,True,248.3617033551178,0.0
official,TRAIN,p001195,p001195_a000053,83,183.880975915529,222.63509263717157,0.00048828125,0.0,0.0,0.0,True,True,216.23003846815914,0.0
official,TRAIN,p001195,p001195_a000053,99,13.795487447533905,38.30383162180295,0.9921875,0.0,0.0,0.0,False,False,153.8690262663559,153.8690262663559
official,TRAIN,p001195,p001195_a000053,114,176.2463196290334,206.95924239226338,0.00341796875,0.0,0.0,0.0,True,True,205.13355153212174,0.0
official,TRAIN,p001195,p001195_a000986,11,182.71271112679815,216.05674046599572,0.00146484375,0.0,0.0,0.0,True,True,214.47147906760017,0.0
official,TRAIN,p001195,p001195_a000986,39,10.221853058037814,40.554923620350166,0.97705078125,0.0,0.0,0.0,False,False,160.46130837135388,160.46130837135388
official,TRAIN,p001195,p001195_a000986,68,18.11618193124208,131.3520322822331,0.87109375,0.0,0.0,0.0,False,False,160.31726291645845,160.31726291645845
official,TRAIN,p001195,p001195_a000986,96,164.08444550785163,196.26274625480235,0.017578125,0.0,0.0,0.0,True,True,192.28822610753576,0.0
official,TRAIN,p001195,p001195_a000986,125,16.603181954602846,63.35963895301802,0.89208984375,0.0,0.0,0.0,False,False,153.12460659763946,153.12460659763946
official,TRAIN,p001195,p001195_a000986,153,18.4315429665158,81.79482929992814,0.88671875,0.0,0.0,0.0,False,False,164.00378301746625,164.00378301746625
official,TRAIN,p001195,p001195_a000986,182,161.0377991207627,203.02158141772193,0.02197265625,0.0,0.0,0.0,True,True,190.62588910846029,0.0
official,TRAIN,p001195,p001195_a000986,210,168.87293175951913,204.91477260029228,0.00634765625,0.0,0.0,0.0,True,True,195.382131605968,0.0
official,VAL,p001196,p001196_a000388,11,14.40679023092841,42.49153383169219,0.96923828125,0.0,0.0,0.0,False,False,1.5045636515918797,1.5045636515918797
official,VAL,p001196,p001196_a000388,40,14.145001862948428,39.55112994215822,0.97607421875,0.0,0.0,0.0,False,False,21.470260469446238,21.470260469446238
official,VAL,p001196,p001196_a000388,69,10.47500990669729,39.84933836592344,0.978515625,0.0,0.0,0.0,False,False,15.56010884261713,15.56010884261713
official,VAL,p001196,p001196_a000388,98,11.866605329319572,40.434385566341895,0.974609375,0.0,0.0,0.0,False,False,18.996469333926044,18.996469333926044
official,VAL,p001196,p001196_a000388,127,12.373305067033309,48.643525168767475,0.953125,0.0,0.0,0.0,False,False,14.347230981548282,14.347230981548282
official,VAL,p001196,p001196_a000388,156,14.440500473735355,61.48387060348885,0.91552734375,0.0,0.0,0.0,False,False,15.758431255288126,15.758431255288126
official,VAL,p001196,p001196_a000388,185,13.009043993379027,53.17063397612294,0.943359375,0.0,0.0,0.0,False,False,27.847235197875364,27.847235197875364
official,VAL,p001196,p001196_a000388,214,14.226804666084957,46.84748845315891,0.95751953125,0.0,0.0,0.0,False,False,16.500679339870278,16.500679339870278
official,TRAIN,p001197,p001197_a000062,5,10.194572622357466,54.7983082393944,0.94091796875,0.0,0.0,0.0,False,False,26.767918200152014,26.767918200152014
official,TRAIN,p001197,p001197_a000062,16,10.196726011853634,47.91849642262721,0.953125,0.0,0.0,0.0,False,False,27.561242616960534,27.561242616960534
official,TRAIN,p001197,p001197_a000062,28,14.226582725943995,51.34717654530296,0.94775390625,0.0,0.0,0.0,False,False,24.047705010066334,24.047705010066334
official,TRAIN,p001197,p001197_a000062,40,17.392743497270395,71.85299891366633,0.8427734375,0.0,0.0,0.0,False,False,90.26914555535112,90.26914555535112
official,TRAIN,p001197,p001197_a000062,52,13.746056079525236,123.1482858515971,0.869140625,0.0,0.0,0.0,False,False,92.31464980670091,92.31464980670091
official,TRAIN,p001197,p001197_a000062,64,21.348752569674865,84.82422995640708,0.82080078125,0.0,0.0,0.0,False,False,110.60536786137564,110.60536786137564
official,TRAIN,p001197,p001197_a000062,76,17.574701001214542,61.817404953612645,0.884765625,0.0,0.0,0.0,False,False,75.30409403697954,75.30409403697954
official,TRAIN,p001197,p001197_a000062,87,12.328305738157521,58.49644138181321,0.93603515625,0.0,0.0,0.0,False,False,29.373284794597406,29.373284794597406
official,TRAIN,p001197,p001197_a001238,3,16.92078175064309,95.658075750849,0.87548828125,0.0,0.0,0.0,False,False,157.31270669599044,157.31270669599044
official,TRAIN,p001197,p001197_a001238,10,16.298393378523762,104.76617092752186,0.88818359375,0.0,0.0,0.0,False,False,164.2072524859398,164.2072524859398
official,TRAIN,p001197,p001197_a001238,18,16.545451687741526,90.38594942984763,0.8916015625,0.0,0.0,0.0,False,False,162.83252914986346,162.83252914986346
official,TRAIN,p001197,p001197_a001238,25,16.118208158126926,107.32713179474767,0.890625,0.0,0.0,0.0,False,False,153.69398314089239,153.69398314089239
official,TRAIN,p001197,p001197_a001238,33,15.655999700283186,130.0794186467871,0.884765625,0.0,0.0,0.0,False,False,161.26964486529246,161.26964486529246
official,TRAIN,p001197,p001197_a001238,40,14.514734644542644,97.31166745452073,0.90625,0.0,0.0,0.0,False,False,142.83574746900928,142.83574746900928
official,TRAIN,p001197,p001197_a001238,48,15.858343626717417,104.6895600930247,0.88134765625,0.0,0.0,0.0,False,False,156.12176946151297,156.12176946151297
official,TRAIN,p001197,p001197_a001238,55,16.29102008476038,123.94180096869421,0.8828125,0.0,0.0,0.0,False,False,159.25434422727196,159.25434422727196
official,VAL,p001199,p001199_a001398,1,12.15658961697422,43.165316311450376,0.96923828125,0.0,0.0,0.0,False,False,59.96836235401977,59.96836235401977
official,VAL,p001199,p001199_a001398,4,12.407748269740965,39.4846194884543,0.97021484375,0.0,0.0,0.0,False,False,61.717049855838575,61.717049855838575
official,VAL,p001199,p001199_a001398,8,11.380894569397672,43.89724817442017,0.97265625,0.0,0.0,0.0,False,False,59.10622784568202,59.10622784568202
official,VAL,p001199,p001199_a001398,11,11.553594880609907,41.977239416062275,0.97607421875,0.0,0.0,0.0,False,False,56.956152096769195,56.956152096769195
official,VAL,p001199,p001199_a001398,14,11.214647793436997,41.5534505460066,0.9677734375,0.0,0.0,0.0,False,False,56.5907780127639,56.5907780127639
official,VAL,p001199,p001199_a001398,17,10.813039647488157,42.09318147234367,0.9765625,0.0,0.0,0.0,False,False,58.49812065277624,58.49812065277624
official,VAL,p001199,p001199_a001398,21,11.625050754223441,41.71771721999906,0.97216796875,0.0,0.0,0.0,False,False,60.446894889873775,60.446894889873775
official,VAL,p001199,p001199_a001398,24,11.576672496975892,42.57147211933988,0.96875,0.0,0.0,0.0,False,False,60.81705887389013,60.81705887389013
official,VAL,p001201,p001201_a005135,2,10.412526702277242,35.204885509486886,0.98974609375,0.0,0.0,0.0,False,False,75.90623236498105,75.90623236498105
official,VAL,p001201,p001201_a005135,7,10.239338173502595,31.218478879960852,0.99365234375,0.0,0.0,0.0,False,False,74.40511614615333,74.40511614615333
official,VAL,p001201,p001201_a005135,11,10.384533258440912,41.3742285391124,0.95849609375,0.0,0.0,0.0,False,False,72.53032949686742,72.53032949686742
official,VAL,p001201,p001201_a005135,16,10.155391797527514,33.07644355145304,0.99462890625,0.0,0.0,0.0,False,False,75.95502247187255,75.95502247187255
official,VAL,p001201,p001201_a005135,21,9.941567930008013,33.627572269029024,0.99267578125,0.0,0.0,0.0,False,False,72.61817027589935,72.61817027589935
official,VAL,p001201,p001201_a005135,26,10.957900014245373,35.0525213033443,0.99169921875,0.0,0.0,0.0,False,False,77.6309571510913,77.6309571510913
official,VAL,p001201,p001201_a005135,30,10.427147848302997,37.451376225985726,0.9873046875,0.0,0.0,0.0,False,False,77.96509165351786,77.96509165351786
official,VAL,p001201,p001201_a005135,35,11.080383753101973,32.91454681314582,0.9921875,0.0,0.0,0.0,False,False,72.24532180078192,72.24532180078192
official,TRAIN,p001202,p001202_a001230,2,18.46110214347349,71.05358368063376,0.873046875,0.0,0.0,0.0,False,False,43.06306838143999,43.06306838143999
official,TRAIN,p001202,p001202_a001230,9,18.280954884460456,67.93896791552237,0.89111328125,0.0,0.0,0.0,False,False,43.84380582669644,43.84380582669644
official,TRAIN,p001202,p001202_a001230,15,17.842395527138734,68.4621172525789,0.888671875,0.0,0.0,0.0,False,False,43.86294727788546,43.86294727788546
official,TRAIN,p001202,p001202_a001230,21,18.993990812389157,68.31675730484264,0.875,0.0,0.0,0.0,False,False,40.59763797109143,40.59763797109143
official,TRAIN,p001202,p001202_a001230,28,19.83545349698249,65.18926756646135,0.8984375,0.0,0.0,0.0,False,False,38.56968610804505,38.56968610804505
official,TRAIN,p001202,p001202_a001230,34,19.39406257817876,65.59626290058127,0.88525390625,0.0,0.0,0.0,False,False,40.28924161911975,40.28924161911975
official,TRAIN,p001202,p001202_a001230,40,18.154196566468944,64.99719494067186,0.89306640625,0.0,0.0,0.0,False,False,43.30995861651649,43.30995861651649
official,TRAIN,p001202,p001202_a001230,47,19.720184633115228,67.32519052415788,0.8798828125,0.0,0.0,0.0,False,False,43.622941477060806,43.622941477060806
official,TRAIN,p001202,p001202_a005135,1,9.352553781485877,38.32225344836653,0.98974609375,0.0,0.0,0.0,False,False,6.532470493819878,6.532470493819878
official,TRAIN,p001202,p001202_a005135,5,8.914239054612985,38.512629977364554,0.98974609375,0.0,0.0,0.0,False,False,5.153633849323683,5.153633849323683
official,TRAIN,p001202,p001202_a005135,8,9.575110040515119,37.73655591540103,0.990234375,0.0,0.0,0.0,False,False,4.268337893150914,4.268337893150914
official,TRAIN,p001202,p001202_a005135,12,10.038360546277236,37.35706125015468,0.9931640625,0.0,0.0,0.0,False,False,4.1318803920863685,4.1318803920863685
official,TRAIN,p001202,p001202_a005135,15,9.783084124254497,39.37667299345297,0.99072265625,0.0,0.0,0.0,False,False,4.34553338456915,4.34553338456915
official,TRAIN,p001202,p001202_a005135,19,9.277495883234906,36.678473521440225,0.9912109375,0.0,0.0,0.0,False,False,3.727533866830105,3.727533866830105
official,TRAIN,p001202,p001202_a005135,22,9.145013637971132,40.128874592097944,0.98876953125,0.0,0.0,0.0,False,False,3.6350569764800786,3.6350569764800786
official,TRAIN,p001202,p001202_a005135,26,9.20643276442713,38.25814780349226,0.99169921875,0.0,0.0,0.0,False,False,3.7227247850664704,3.7227247850664704
official,TRAIN,p001203,p001203_a000032,3,16.109540041308225,45.32174028804474,0.970703125,0.0,0.0,0.0,False,False,66.05732725945377,66.05732725945377
official,TRAIN,p001203,p001203_a000032,9,17.338277366353783,44.21811019171525,0.97265625,0.0,0.0,0.0,False,False,63.45812350242325,63.45812350242325
official,TRAIN,p001203,p001203_a000032,16,16.789669648157567,44.89692156092525,0.97021484375,0.0,0.0,0.0,False,False,64.95379343087218,64.95379343087218
official,TRAIN,p001203,p001203_a000032,22,18.032455142809514,46.25892313755547,0.96435546875,0.0,0.0,0.0,False,False,65.20856980321777,65.20856980321777
official,TRAIN,p001203,p001203_a000032,29,17.74188770034595,43.36692735161381,0.9755859375,0.0,0.0,0.0,False,False,66.24061744958452,66.24061744958452
official,TRAIN,p001203,p001203_a000032,35,16.182236502797544,45.45859807009772,0.96630859375,0.0,0.0,0.0,False,False,65.00239106433548,65.00239106433548
official,TRAIN,p001203,p001203_a000032,42,15.550140340041537,43.14677747106745,0.9736328125,0.0,0.0,0.0,False,False,58.49944940801415,58.49944940801415
official,TRAIN,p001203,p001203_a000032,48,16.944853555733744,43.681293314937534,0.970703125,0.0,0.0,0.0,False,False,59.32127775396073,59.32127775396073
official,TRAIN,p001204,p001204_a003011,1,12.357044195734225,45.538525840030886,0.96484375,0.0,0.0,0.0,False,False,92.82629492438726,92.82629492438726
official,TRAIN,p001204,p001204_a003011,3,12.175898152317943,45.21035611379623,0.96630859375,0.0,0.0,0.0,False,False,94.21499332114658,94.21499332114658
official,TRAIN,p001204,p001204_a003011,6,13.171447810480405,46.87689038296877,0.962890625,0.0,0.0,0.0,False,False,90.88140135096953,90.88140135096953
official,TRAIN,p001204,p001204_a003011,8,12.91564971247,46.081762200481855,0.9638671875,0.0,0.0,0.0,False,False,93.04933502705285,93.04933502705285
official,TRAIN,p001204,p001204_a003011,10,13.00945795754674,48.72481736667389,0.95751953125,0.0,0.0,0.0,False,False,91.72723028544617,91.72723028544617
official,TRAIN,p001204,p001204_a003011,12,12.780805200849787,46.65779738494862,0.9609375,0.0,0.0,0.0,False,False,91.9080239118095,91.9080239118095
official,TRAIN,p001204,p001204_a003011,15,11.772969670905198,44.23716949439589,0.96630859375,0.0,0.0,0.0,False,False,92.48557053053952,92.48557053053952
official,TRAIN,p001204,p001204_a003011,17,11.933298451757896,47.02367473131066,0.95703125,0.0,0.0,0.0,False,False,92.94246623383921,92.94246623383921
official,TRAIN,p001210,p001210_a001226,2,48.8864808265667,234.03096891609889,0.50537109375,0.0,0.0,0.0,False,False,20.386640668789443,20.386640668789443
official,TRAIN,p001210,p001210_a001226,6,49.20461847274114,215.25829156928768,0.50830078125,0.0,0.0,0.0,False,False,21.788281870250447,21.788281870250447
official,TRAIN,p001210,p001210_a001226,10,50.73260675719126,234.94713942226497,0.4912109375,0.0,0.0,0.0,False,False,19.153600712633043,19.153600712633043
official,TRAIN,p001210,p001210_a001226,14,51.95662317746893,226.8132004482167,0.48486328125,0.0,0.0,0.0,False,False,21.93588834871935,21.93588834871935
official,TRAIN,p001210,p001210_a001226,18,49.987036345885485,226.0655221217629,0.5009765625,0.0,0.0,0.0,False,False,23.289057323044034,23.289057323044034
official,TRAIN,p001210,p001210_a001226,22,48.67529137666986,245.00964921303327,0.51025390625,0.0,0.0,0.0,False,False,21.57070513730025,21.57070513730025
official,TRAIN,p001210,p001210_a001226,26,48.73111066637354,225.3981119592496,0.50927734375,0.0,0.0,0.0,False,False,20.140338390484022,20.140338390484022
official,TRAIN,p001210,p001210_a001226,30,49.206399581935756,210.60003474943142,0.50830078125,0.0,0.0,0.0,False,False,16.77740578883294,16.77740578883294
official,TRAIN,p001216,p001216_a001423,1,17.34864376820122,64.830111287366,0.8876953125,0.0,0.0,0.0,False,False,103.75444721380693,103.75444721380693
official,TRAIN,p001216,p001216_a001423,4,16.592535698253677,66.91153596264223,0.880859375,0.0,0.0,0.0,False,False,106.20090874060969,106.20090874060969
official,TRAIN,p001216,p001216_a001423,7,15.011774936021801,68.47833229801607,0.88427734375,0.0,0.0,0.0,False,False,107.56815078015026,107.56815078015026
official,TRAIN,p001216,p001216_a001423,10,17.839205184675336,65.80224273736638,0.88330078125,0.0,0.0,0.0,False,False,102.55120835287741,102.55120835287741
official,TRAIN,p001216,p001216_a001423,13,17.533073362477047,69.32091371415706,0.8759765625,0.0,0.0,0.0,False,False,101.57821828443883,101.57821828443883
official,TRAIN,p001216,p001216_a001423,16,17.848642946355888,67.67556850833539,0.8837890625,0.0,0.0,0.0,False,False,102.49794353908091,102.49794353908091
official,TRAIN,p001216,p001216_a001423,19,17.943097657652288,67.53545755558291,0.8876953125,0.0,0.0,0.0,False,False,102.25343284493735,102.25343284493735
official,TRAIN,p001216,p001216_a001423,22,18.7054803869063,64.73038487156981,0.884765625,0.0,0.0,0.0,False,False,103.32242941639436,103.32242941639436
official,TRAIN,p001225,p001225_a005341,1,16.019367234199127,52.489651195343086,0.94189453125,0.0,0.0,0.0,False,False,158.03724134587907,158.03724134587907
official,TRAIN,p001225,p001225_a005341,5,16.32158467029315,52.88108611569232,0.94189453125,0.0,0.0,0.0,False,False,152.5353303609392,152.5353303609392
official,TRAIN,p001225,p001225_a005341,9,16.42411747030553,57.08295786815784,0.92431640625,0.0,0.0,0.0,False,False,154.31099183828272,154.31099183828272
official,TRAIN,p001225,p001225_a005341,13,17.273742811849644,53.883753385183084,0.939453125,0.0,0.0,0.0,False,False,153.7459970634685,153.7459970634685
official,TRAIN,p001225,p001225_a005341,16,16.394038447204586,50.96089172060814,0.94580078125,0.0,0.0,0.0,False,False,150.44162999907113,150.44162999907113
official,TRAIN,p001225,p001225_a005341,20,17.26758031059145,55.874737011049625,0.935546875,0.0,0.0,0.0,False,False,153.37084848716813,153.37084848716813
official,TRAIN,p001225,p001225_a005341,24,16.927967207081373,57.42857125928513,0.92919921875,0.0,0.0,0.0,False,False,152.33005550563885,152.33005550563885
official,TRAIN,p001225,p001225_a005341,28,17.46038956545556,57.65312874361591,0.9306640625,0.0,0.0,0.0,False,False,148.4215288352283,148.4215288352283
official,TRAIN,p001226,p001226_a000223,6,12.424349474784878,38.731107570439505,0.98291015625,0.0,0.0,0.0,False,False,20.017107607385288,20.017107607385288
official,TRAIN,p001226,p001226_a000223,21,11.978220010420909,39.39049642181939,0.98193359375,0.0,0.0,0.0,False,False,19.449235485895098,19.449235485895098
official,TRAIN,p001226,p001226_a000223,36,11.094964534463553,40.84991612810592,0.9765625,0.0,0.0,0.0,False,False,3.2770828540183263,3.2770828540183263
official,TRAIN,p001226,p001226_a000223,51,11.666014514709257,35.724226996979525,0.98828125,0.0,0.0,0.0,False,False,18.15910141895747,18.15910141895747
official,TRAIN,p001226,p001226_a000223,66,13.141104149990749,36.76369614127963,0.984375,0.0,0.0,0.0,False,False,25.962672696098586,25.962672696098586
official,TRAIN,p001226,p001226_a000223,81,10.786476496803656,37.84708049719075,0.98974609375,0.0,0.0,0.0,False,False,9.585233734915832,9.585233734915832
official,TRAIN,p001226,p001226_a000223,96,12.535419443326361,38.936553992906255,0.984375,0.0,0.0,0.0,False,False,24.550770840168923,24.550770840168923
official,TRAIN,p001226,p001226_a000223,111,12.693224524719415,37.84422741323371,0.98291015625,0.0,0.0,0.0,False,False,23.859729006798876,23.859729006798876
official,TRAIN,p001231,p001231_a000029,1,19.645848458011805,104.84352462821712,0.83154296875,0.0,0.0,0.0,False,False,24.98777087520448,24.98777087520448
official,TRAIN,p001231,p001231_a000029,3,19.33694975567738,100.82540759123407,0.81884765625,0.0,0.0,0.0,False,False,25.122322564545534,25.122322564545534
official,TRAIN,p001231,p001231_a000029,5,19.510340035462388,106.56515066919953,0.837890625,0.0,0.0,0.0,False,False,26.553942569808004,26.553942569808004
official,TRAIN,p001231,p001231_a000029,7,19.058350047199113,95.70818931708018,0.8486328125,0.0,0.0,0.0,False,False,28.465051828334314,28.465051828334314
official,TRAIN,p001231,p001231_a000029,8,19.89829072352449,108.50597146977732,0.828125,0.0,0.0,0.0,False,False,27.356170662568548,27.356170662568548
official,TRAIN,p001231,p001231_a000029,10,19.207425216913762,102.79937558598665,0.8447265625,0.0,0.0,0.0,False,False,28.469947104805545,28.469947104805545
official,TRAIN,p001231,p001231_a000029,12,19.170236855465163,110.04787096959518,0.83544921875,0.0,0.0,0.0,False,False,27.30626583085205,27.30626583085205
official,TRAIN,p001231,p001231_a000029,14,19.471404305921066,94.91559158666513,0.85400390625,0.0,0.0,0.0,False,False,27.960950612411146,27.960950612411146
official,TRAIN,p001231,p001231_a000075,3,12.372512399291647,50.89538050211536,0.9482421875,0.0,0.0,0.0,False,False,16.44090440833937,16.44090440833937
official,TRAIN,p001231,p001231_a000075,12,12.237415335128789,49.78510478700952,0.951171875,0.0,0.0,0.0,False,False,16.362607239776644,16.362607239776644
official,TRAIN,p001231,p001231_a000075,20,11.599641546773073,45.278040306201774,0.966796875,0.0,0.0,0.0,False,False,11.589565089173629,11.589565089173629
official,TRAIN,p001231,p001231_a000075,29,15.419691025207413,61.17076086637093,0.90576171875,0.0,0.0,0.0,False,False,15.85122200482661,15.85122200482661
official,TRAIN,p001231,p001231_a000075,37,15.695682525451392,60.988903955197,0.9052734375,0.0,0.0,0.0,False,False,13.719328488461622,13.719328488461622
official,TRAIN,p001231,p001231_a000075,46,12.583053184810659,47.5012101712198,0.9560546875,0.0,0.0,0.0,False,False,22.53084703560763,22.53084703560763
official,TRAIN,p001231,p001231_a000075,54,10.512445784562708,49.9284774435939,0.9501953125,0.0,0.0,0.0,False,False,9.45152489069179,9.45152489069179
official,TRAIN,p001231,p001231_a000075,63,10.405070959886281,54.697117709321205,0.93798828125,0.0,0.0,0.0,False,False,11.353213302326719,11.353213302326719
official,TRAIN,p001231,p001231_a000214,4,33.34551933145309,86.50816432428748,0.703125,0.0,0.0,0.0,False,False,26.47200982389913,26.47200982389913
official,TRAIN,p001231,p001231_a000214,16,29.13694458646118,77.03860011451341,0.7763671875,0.0,0.0,0.0,False,False,32.877145731745536,32.877145731745536
official,TRAIN,p001231,p001231_a000214,27,40.76112792650099,114.3807419075436,0.5791015625,0.0,0.0,0.0,False,False,16.68052122424261,16.68052122424261
official,TRAIN,p001231,p001231_a000214,38,17.497928603921448,80.55406225011932,0.84326171875,0.0,0.0,0.0,False,False,26.741160559480743,26.741160559480743
official,TRAIN,p001231,p001231_a000214,49,15.524087047362315,65.44644532832041,0.8798828125,0.0,0.0,0.0,False,False,9.349417977234975,9.349417977234975
official,TRAIN,p001231,p001231_a000214,60,19.287497189963638,66.71079427646937,0.85498046875,0.0,0.0,0.0,False,False,29.514103057201105,29.514103057201105
official,TRAIN,p001231,p001231_a000214,71,33.64677615838789,83.36173372542467,0.68701171875,0.0,0.0,0.0,False,False,24.717962055542905,24.717962055542905
official,TRAIN,p001231,p001231_a000214,83,41.67187880536282,99.52723775887405,0.58349609375,0.0,0.0,0.0,False,False,9.739030877193702,9.739030877193702
official,TRAIN,p100067,p100067_a005746,2,12.28047358268245,82.29548675820931,0.89794921875,0.0,0.0,0.0,False,False,63.445065001341575,63.445065001341575
official,TRAIN,p100067,p100067_a005746,8,11.74905840862463,93.55787914747226,0.89892578125,0.0,0.0,0.0,False,False,67.64878589190296,67.64878589190296
official,TRAIN,p100067,p100067_a005746,14,11.841419419015205,89.17801136097341,0.90771484375,0.0,0.0,0.0,False,False,67.63375748522806,67.63375748522806
official,TRAIN,p100067,p100067_a005746,20,11.756131879049587,85.0248900689728,0.90869140625,0.0,0.0,0.0,False,False,73.73294939925493,73.73294939925493
official,TRAIN,p100067,p100067_a005746,26,11.892074698143322,86.56395290271108,0.89892578125,0.0,0.0,0.0,False,False,71.7392840285645,71.7392840285645
official,TRAIN,p100067,p100067_a005746,32,12.12443449418917,96.41091126640342,0.89013671875,0.0,0.0,0.0,False,False,69.42677818739837,69.42677818739837
official,TRAIN,p100067,p100067_a005746,38,12.335238335197943,92.83370514079351,0.8974609375,0.0,0.0,0.0,False,False,65.23595224757263,65.23595224757263
official,TRAIN,p100067,p100067_a005746,44,12.609252125559822,81.04508734226685,0.88720703125,0.0,0.0,0.0,False,False,65.62355928778807,65.62355928778807
official,TRAIN,p100069,p100069_a005191,6,8.845807693876946,37.754593537934,0.9716796875,0.0,0.0,0.0,False,False,102.98902020048313,102.98902020048313
official,TRAIN,p100069,p100069_a005191,21,8.530312861373718,39.463488741160184,0.98046875,0.0,0.0,0.0,False,False,100.07276231853136,100.07276231853136
official,TRAIN,p100069,p100069_a005191,37,9.457614423338548,37.58823615277198,0.98193359375,0.0,0.0,0.0,False,False,113.32889837206403,113.32889837206403
official,TRAIN,p100069,p100069_a005191,52,11.639731297471531,41.025095469151296,0.96875,0.0,0.0,0.0,False,False,83.77250694157867,83.77250694157867
official,TRAIN,p100069,p100069_a005191,68,10.243339111968371,43.393160159768385,0.9609375,0.0,0.0,0.0,False,False,75.33782464129906,75.33782464129906
official,TRAIN,p100069,p100069_a005191,83,9.336346924668351,42.3640992542454,0.9697265625,0.0,0.0,0.0,False,False,112.74085197525199,112.74085197525199
official,TRAIN,p100069,p100069_a005191,99,9.855776239374743,42.95596729549736,0.96728515625,0.0,0.0,0.0,False,False,107.39351444741548,107.39351444741548
official,TRAIN,p100069,p100069_a005191,114,13.444398640842136,52.15741051656694,0.94384765625,0.0,0.0,0.0,False,False,56.0197979256916,56.0197979256916
official,TRAIN,p100069,p100069_a005746,2,12.713627986909334,88.42854587440601,0.8583984375,0.0,0.0,0.0,False,False,5.629343467997564,5.629343467997564
official,TRAIN,p100069,p100069_a005746,8,11.816444969435127,79.15316129073788,0.89306640625,0.0,0.0,0.0,False,False,9.77860933999531,9.77860933999531
official,TRAIN,p100069,p100069_a005746,14,12.602014173259125,90.50372203729617,0.876953125,0.0,0.0,0.0,False,False,6.255219359283692,6.255219359283692
official,TRAIN,p100069,p100069_a005746,20,12.056111487084053,84.82760347645491,0.88916015625,0.0,0.0,0.0,False,False,5.961992195137152,5.961992195137152
official,TRAIN,p100069,p100069_a005746,27,12.378839482752374,87.14683766699937,0.8798828125,0.0,0.0,0.0,False,False,7.635911947927519,7.635911947927519
official,TRAIN,p100069,p100069_a005746,33,12.018273020023297,86.70181911785143,0.88427734375,0.0,0.0,0.0,False,False,6.992099884233605,6.992099884233605
official,TRAIN,p100069,p100069_a005746,39,11.795696154734017,85.77303689872609,0.88671875,0.0,0.0,0.0,False,False,7.7980240219564,7.7980240219564
official,TRAIN,p100069,p100069_a005746,45,12.315538771904368,92.3587261492173,0.8798828125,0.0,0.0,0.0,False,False,6.9763574909377795,6.9763574909377795
official,TRAIN,p100072,p100072_a001242,6,12.596054759891874,45.12660777543871,0.96484375,0.0,0.0,0.0,False,False,62.92143365831297,62.92143365831297
official,TRAIN,p100072,p100072_a001242,20,12.195928583074291,45.120359496078066,0.96533203125,0.0,0.0,0.0,False,False,53.158752618467666,53.158752618467666
official,TRAIN,p100072,p100072_a001242,34,15.270885009689303,47.62394284526876,0.958984375,0.0,0.0,0.0,False,False,4.201961451134533,4.201961451134533
official,TRAIN,p100072,p100072_a001242,48,22.94000234673091,138.48139233066357,0.7587890625,0.0,0.0,0.0,False,False,9.466051082177751,9.466051082177751
official,TRAIN,p100072,p100072_a001242,63,22.307206696943418,103.23114784266394,0.80078125,0.0,0.0,0.0,False,False,11.640094451169832,11.640094451169832
official,TRAIN,p100072,p100072_a001242,77,16.46404666361694,47.531908867465546,0.95849609375,0.0,0.0,0.0,False,False,16.805337872059773,16.805337872059773
official,TRAIN,p100072,p100072_a001242,91,12.457002143609738,48.78794012425321,0.9521484375,0.0,0.0,0.0,False,False,77.94418394868754,77.94418394868754
official,TRAIN,p100072,p100072_a001242,105,11.55310627157208,45.68851676287533,0.96533203125,0.0,0.0,0.0,False,False,37.202111999987565,37.202111999987565
official,TRAIN,p100085,p100085_a000042,1,12.918888750927048,51.08577054966361,0.947265625,0.0,0.0,0.0,False,False,76.59398538533591,76.59398538533591
official,TRAIN,p100085,p100085_a000042,2,13.088615912152182,53.094921241435806,0.93896484375,0.0,0.0,0.0,False,False,76.59743060286529,76.59743060286529
official,TRAIN,p100085,p100085_a000042,4,13.32658118674603,53.637268024148824,0.939453125,0.0,0.0,0.0,False,False,76.9236842787177,76.9236842787177
official,TRAIN,p100085,p100085_a000042,6,12.776741431745508,52.09077144940404,0.9423828125,0.0,0.0,0.0,False,False,75.11703835900536,75.11703835900536
official,TRAIN,p100085,p100085_a000042,8,12.270788200261878,51.817221702874825,0.94384765625,0.0,0.0,0.0,False,False,77.9206935815135,77.9206935815135
official,TRAIN,p100085,p100085_a000042,10,12.218595239754007,52.62273625462647,0.9423828125,0.0,0.0,0.0,False,False,75.1416751569223,75.1416751569223
official,TRAIN,p100085,p100085_a000042,12,11.778485830038377,52.24326369644621,0.9384765625,0.0,0.0,0.0,False,False,78.23158758239678,78.23158758239678
official,TRAIN,p100085,p100085_a000042,13,12.794544082414912,52.582633172368986,0.93701171875,0.0,0.0,0.0,False,False,77.62690820388373,77.62690820388373
official,TRAIN,p100086,p100086_a001415,3,11.32242673348502,40.01563785929569,0.9775390625,0.0,0.0,0.0,False,False,91.34629425581379,91.34629425581379
official,TRAIN,p100086,p100086_a001415,10,12.141664442431136,40.93129062698656,0.9794921875,0.0,0.0,0.0,False,False,93.77689860656096,93.77689860656096
official,TRAIN,p100086,p100086_a001415,17,11.532615556209336,40.72874152220801,0.97998046875,0.0,0.0,0.0,False,False,94.62185907307814,94.62185907307814
official,TRAIN,p100086,p100086_a001415,24,11.442103538213352,40.288005795027765,0.9765625,0.0,0.0,0.0,False,False,97.11581447075712,97.11581447075712
official,TRAIN,p100086,p100086_a001415,32,11.519749960687477,39.22516928395945,0.97802734375,0.0,0.0,0.0,False,False,98.60216408868457,98.60216408868457
official,TRAIN,p100086,p100086_a001415,39,11.457593058354991,41.56427252706192,0.9755859375,0.0,0.0,0.0,False,False,98.61080554138022,98.61080554138022
official,TRAIN,p100086,p100086_a001415,46,11.41299844994165,42.969398726425446,0.97705078125,0.0,0.0,0.0,False,False,98.13989107686604,98.13989107686604
official,TRAIN,p100086,p100086_a001415,53,11.347418759353518,41.60609528404971,0.974609375,0.0,0.0,0.0,False,False,94.63562739315273,94.63562739315273
official,TRAIN,p100089,p100089_a005814,4,32.82623370186599,95.77033592848368,0.68603515625,0.0,0.0,0.0,False,False,25.116282465390057,25.116282465390057
official,TRAIN,p100089,p100089_a005814,14,36.01737340129435,106.82779383655466,0.6591796875,0.0,0.0,0.0,False,False,16.10986957909462,16.10986957909462
official,TRAIN,p100089,p100089_a005814,24,29.32023781910731,92.77737896516946,0.7041015625,0.0,0.0,0.0,False,False,28.45354273492536,28.45354273492536
official,TRAIN,p100089,p100089_a005814,34,31.589143621330592,95.09160072712089,0.68212890625,0.0,0.0,0.0,False,False,26.535995248930046,26.535995248930046
official,TRAIN,p100089,p100089_a005814,43,29.85694440009117,94.5745419243086,0.69970703125,0.0,0.0,0.0,False,False,25.426378566943857,25.426378566943857
official,TRAIN,p100089,p100089_a005814,53,29.95337212889259,90.5802470858428,0.6875,0.0,0.0,0.0,False,False,30.124769602471723,30.124769602471723
official,TRAIN,p100089,p100089_a005814,63,29.825021806349703,88.05964881832799,0.6982421875,0.0,0.0,0.0,False,False,29.22643036080094,29.22643036080094
official,TRAIN,p100089,p100089_a005814,73,29.505860890014226,90.83652647466005,0.712890625,0.0,0.0,0.0,False,False,28.72119104586308,28.72119104586308
official,TRAIN,p100090,p100090_a005401,1,19.137164408849955,74.27274402351183,0.8876953125,0.0,0.0,0.0,False,False,104.46817566058549,104.46817566058549
official,TRAIN,p100090,p100090_a005401,3,18.936213228101337,84.20074605079839,0.8828125,0.0,0.0,0.0,False,False,104.53070343729033,104.53070343729033
official,TRAIN,p100090,p100090_a005401,5,19.985832113074203,77.77031008470578,0.87255859375,0.0,0.0,0.0,False,False,101.41258363916896,101.41258363916896
official,TRAIN,p100090,p100090_a005401,7,19.732538104464993,82.11390905798437,0.87255859375,0.0,0.0,0.0,False,False,108.79532685646527,108.79532685646527
official,TRAIN,p100090,p100090_a005401,9,19.57302148567645,77.58269590628835,0.88525390625,0.0,0.0,0.0,False,False,105.29367738922136,105.29367738922136
official,TRAIN,p100090,p100090_a005401,11,19.10878512290995,67.7868373568173,0.89453125,0.0,0.0,0.0,False,False,100.60886917645193,100.60886917645193
official,TRAIN,p100090,p100090_a005401,13,19.552442154694084,81.01129540475661,0.88330078125,0.0,0.0,0.0,False,False,107.04408523990489,107.04408523990489
official,TRAIN,p100090,p100090_a005401,15,19.168097189554935,72.89120718875245,0.8876953125,0.0,0.0,0.0,False,False,103.19143647086753,103.19143647086753
official,TRAIN,p100092,p100092_a001307,4,25.027528574344565,101.76731796804431,0.76953125,0.0,0.0,0.0,False,False,52.74649710245484,52.74649710245484
official,TRAIN,p100092,p100092_a001307,14,23.730917064217437,82.55937858207288,0.79931640625,0.0,0.0,0.0,False,False,46.24342172521716,46.24342172521716
official,TRAIN,p100092,p100092_a001307,24,17.871008282562403,60.270164142191625,0.8935546875,0.0,0.0,0.0,False,False,35.7403192984194,35.7403192984194
official,TRAIN,p100092,p100092_a001307,34,21.04703310843941,67.80378179610553,0.8603515625,0.0,0.0,0.0,False,False,68.81292052019533,68.81292052019533
official,TRAIN,p100092,p100092_a001307,44,19.82743188698268,61.34871012697864,0.88671875,0.0,0.0,0.0,False,False,50.27655771208238,50.27655771208238
official,TRAIN,p100092,p100092_a001307,54,24.55245162635121,93.15003558007051,0.74560546875,0.0,0.0,0.0,False,False,33.36993904928074,33.36993904928074
official,TRAIN,p100092,p100092_a001307,64,29.787038099928658,113.40904581196756,0.697265625,0.0,0.0,0.0,False,False,25.38074291106318,25.38074291106318
official,TRAIN,p100092,p100092_a001307,74,26.40794068097238,110.13754076373253,0.7392578125,0.0,0.0,0.0,False,False,30.60499749692272,30.60499749692272
