subject,role,case,method,probe_id,euclidean_mm,tangent_mm,normal_abs_mm,normal_signed_mm,normal_angle_deg
S103,validation_consumed,RIGID_ONLY,INITIAL,ENG_MID_UP,42.69336459983151,16.996535132789898,39.164284422595856,-39.164284422595856,2.1898508557638725
S103,validation_consumed,RIGID_ONLY,INITIAL,ENG_MID_DOWN,50.815684539015756,25.845905540940773,43.75183381228189,-43.75183381228189,2.4044616582153036
S103,validation_consumed,RIGID_ONLY,INITIAL,ENG_PAIR_1_NEG_X,45.20129370845026,35.79857298684417,27.597447799084172,-27.597447799084172,2.4361695720122816
S103,validation_consumed,RIGID_ONLY,INITIAL,ENG_PAIR_1_POS_X,41.79724237407903,6.570860040931228,41.27751528859267,-41.27751528859267,1.3938138604866257
S103,validation_consumed,RIGID_ONLY,INITIAL,ENG_PAIR_2_NEG_X,48.063037336968236,35.209112436127555,32.71657010621576,-32.71657010621576,2.4487047253584184
S103,validation_consumed,RIGID_ONLY,INITIAL,ENG_PAIR_2_POS_X,44.86764830523868,7.848334472535341,44.17589286533778,-44.17589286533778,1.6964981795921534
S103,validation_consumed,RIGID_ONLY,INITIAL,ENG_PAIR_3_NEG_X,51.73753485752946,37.87441289773756,35.24629570303476,-35.24629570303476,2.4277309085984986
S103,validation_consumed,RIGID_ONLY,INITIAL,ENG_PAIR_3_POS_X,48.02403610439466,26.00261667302021,40.37538817042101,-40.37538817042101,2.257803369107047
S103,validation_consumed,RIGID_ONLY,RIGID,ENG_MID_UP,0.42727626259772167,0.028765098031406342,0.42630690085280204,-0.42630690085280204,0.011407544922241606
S103,validation_consumed,RIGID_ONLY,RIGID,ENG_MID_DOWN,0.48790647417998056,0.163957395392486,0.4595331326932282,-0.4595331326932282,0.012095552920858938
S103,validation_consumed,RIGID_ONLY,RIGID,ENG_PAIR_1_NEG_X,0.4340624169162501,0.2790874997220956,0.33244600956854,-0.33244600956854,0.012328237646846374
S103,validation_consumed,RIGID_ONLY,RIGID,ENG_PAIR_1_POS_X,0.43426881764630165,0.1917081550855488,0.3896631741050365,-0.3896631741050365,0.009211742961588963
S103,validation_consumed,RIGID_ONLY,RIGID,ENG_PAIR_2_NEG_X,0.4576063682798546,0.2558650014187674,0.37938989092917613,-0.37938989092917613,0.012312076534548425
S103,validation_consumed,RIGID_ONLY,RIGID,ENG_PAIR_2_POS_X,0.45727709272030126,0.1525522203598037,0.43108022407670804,-0.43108022407670804,0.008937488534444487
S103,validation_consumed,RIGID_ONLY,RIGID,ENG_PAIR_3_NEG_X,0.4824479861398119,0.27945372516603,0.3932704855709224,-0.3932704855709224,0.012433599934676588
S103,validation_consumed,RIGID_ONLY,RIGID,ENG_PAIR_3_POS_X,0.48043950199366364,0.22766765141364795,0.4230715726395632,-0.4230715726395632,0.010562866794792543
S103,validation_consumed,RIGID_ONLY,D_VECTOR,ENG_MID_UP,0.06841804801025737,0.06546756177475414,0.019875302483299,-0.019875302483299,0.5422279841998846
S103,validation_consumed,RIGID_ONLY,D_VECTOR,ENG_MID_DOWN,0.14965069650321172,0.13792281722424335,0.058074326968328684,-0.058074326968328684,0.1552840095557935
S103,validation_consumed,RIGID_ONLY,D_VECTOR,ENG_PAIR_1_NEG_X,0.44205240050019273,0.17443288434758403,0.4061816018065874,-0.4061816018065874,0.3166960119619057
S103,validation_consumed,RIGID_ONLY,D_VECTOR,ENG_PAIR_1_POS_X,0.4099126199415154,0.12131314782094708,0.3915500940532262,-0.3915500940532262,0.20972261339304973
S103,validation_consumed,RIGID_ONLY,D_VECTOR,ENG_PAIR_2_NEG_X,0.22153167972832716,0.15417650779449368,0.1590782498255137,-0.1590782498255137,0.39322894823763865
S103,validation_consumed,RIGID_ONLY,D_VECTOR,ENG_PAIR_2_POS_X,0.19316379850064622,0.1065562125787825,0.16111494844384724,-0.16111494844384724,0.22866815603787627
S103,validation_consumed,RIGID_ONLY,D_VECTOR,ENG_PAIR_3_NEG_X,0.41970110943784444,0.20668079433723321,0.3652835481040554,-0.3652835481040554,0.31293641478056566
S103,validation_consumed,RIGID_ONLY,D_VECTOR,ENG_PAIR_3_POS_X,0.3923081533663127,0.18786337340837256,0.3444024392034887,-0.3444024392034887,0.21964566786552486
S103,validation_consumed,RIGID_ONLY,D_NORMAL,ENG_MID_UP,0.07174226041843797,0.06578389260989803,0.028625712271249694,-0.028625712271249694,0.5720007581195299
S103,validation_consumed,RIGID_ONLY,D_NORMAL,ENG_MID_DOWN,0.1695812615126974,0.15939973029258234,0.05787512625377046,-0.05787512625377046,0.15208353386632326
S103,validation_consumed,RIGID_ONLY,D_NORMAL,ENG_PAIR_1_NEG_X,0.4863778614045063,0.26926116752037527,0.40504548847010446,-0.40504548847010446,0.327519110514522
S103,validation_consumed,RIGID_ONLY,D_NORMAL,ENG_PAIR_1_POS_X,0.4355818046476414,0.1871545829937523,0.3933251461634899,-0.3933251461634899,0.22018348040185334
S103,validation_consumed,RIGID_ONLY,D_NORMAL,ENG_PAIR_2_NEG_X,0.31648198650169185,0.2621012134888892,0.17738038693076744,-0.17738038693076744,0.42617497147668076
S103,validation_consumed,RIGID_ONLY,D_NORMAL,ENG_PAIR_2_POS_X,0.24318023022320887,0.1668721498000762,0.17689067242936748,-0.17689067242936748,0.25815231857539656
S103,validation_consumed,RIGID_ONLY,D_NORMAL,ENG_PAIR_3_NEG_X,0.4640139902744971,0.2772822411872345,0.37205314390909994,-0.37205314390909994,0.33944778283087684
S103,validation_consumed,RIGID_ONLY,D_NORMAL,ENG_PAIR_3_POS_X,0.4191668309076804,0.22680839796302724,0.3525035925301089,-0.3525035925301089,0.24275875111011067
S103,validation_consumed,NORMAL_BUMP,INITIAL,ENG_MID_UP,39.91212441780274,17.31657275828905,35.95989409674404,-35.95989409674404,2.525000942223516
S103,validation_consumed,NORMAL_BUMP,INITIAL,ENG_MID_DOWN,47.517439679125765,25.76686925442848,39.924623009923884,-39.924623009923884,4.757516343149869
S103,validation_consumed,NORMAL_BUMP,INITIAL,ENG_PAIR_1_NEG_X,44.21975715430354,35.94315378933074,25.75803988004712,-25.75803988004712,2.7735730690383154
S103,validation_consumed,NORMAL_BUMP,INITIAL,ENG_PAIR_1_POS_X,34.05887054679109,6.536385872692619,33.425773329069564,-33.425773329069564,1.6892712140064077
S103,validation_consumed,NORMAL_BUMP,INITIAL,ENG_PAIR_2_NEG_X,45.952311010616164,35.44392397408371,29.246250025187322,-29.246250025187322,3.508067731589374
S103,validation_consumed,NORMAL_BUMP,INITIAL,ENG_PAIR_2_POS_X,33.485615106070156,8.71015941129142,32.332948242648165,-32.332948242648165,1.6735572975379878
S103,validation_consumed,NORMAL_BUMP,INITIAL,ENG_PAIR_3_NEG_X,50.63543596220306,37.91581717742169,33.56096218600864,-33.56096218600864,3.8181163087363963
S103,validation_consumed,NORMAL_BUMP,INITIAL,ENG_PAIR_3_POS_X,41.49303728793561,25.59779456900533,32.6561641437113,-32.6561641437113,4.535165738342284
S103,validation_consumed,NORMAL_BUMP,RIGID,ENG_MID_UP,1.2983420439696562,0.7056543261732748,1.0898367011127155,1.0898367011127155,2.420032066472546
S103,validation_consumed,NORMAL_BUMP,RIGID,ENG_MID_DOWN,2.1988030935964793,0.7145194399850274,2.079470368697984,2.079470368697984,2.289342632345023
S103,validation_consumed,NORMAL_BUMP,RIGID,ENG_PAIR_1_NEG_X,1.7138763756761182,1.5942417665119593,0.6290988960485736,0.6290988960485736,1.807232056608842
S103,validation_consumed,NORMAL_BUMP,RIGID,ENG_PAIR_1_POS_X,5.836748766243454,1.3417714237588119,5.680430054725497,5.680430054725497,2.9422115655824386
S103,validation_consumed,NORMAL_BUMP,RIGID,ENG_PAIR_2_NEG_X,2.6650311229696224,1.5246460432889144,2.1858282935949442,2.1858282935949442,2.1855540298039378
S103,validation_consumed,NORMAL_BUMP,RIGID,ENG_PAIR_2_POS_X,9.7170009420581,1.4487772009526556,9.608389663723978,9.608389663723978,0.16807666747749572
S103,validation_consumed,NORMAL_BUMP,RIGID,ENG_PAIR_3_NEG_X,1.297346376985301,1.236412671148162,0.3929266197410832,0.3929266197410832,1.489236423111122
S103,validation_consumed,NORMAL_BUMP,RIGID,ENG_PAIR_3_POS_X,5.870434792661725,0.9548644057024651,5.79225678139495,5.79225678139495,2.86050458115607
S103,validation_consumed,NORMAL_BUMP,D_VECTOR,ENG_MID_UP,1.1049129060046634,1.052801925126464,0.33532169077720225,-0.33532169077720225,0.3228859052329329
S103,validation_consumed,NORMAL_BUMP,D_VECTOR,ENG_MID_DOWN,0.8480562683664951,0.8439555417758486,0.08329752590286398,-0.08329752590286398,0.6474710706903618
S103,validation_consumed,NORMAL_BUMP,D_VECTOR,ENG_PAIR_1_NEG_X,1.8295958324181785,1.7360694701790154,0.5774804799422398,-0.5774804799422398,0.6623646773955063
S103,validation_consumed,NORMAL_BUMP,D_VECTOR,ENG_PAIR_1_POS_X,1.4191887039606108,1.3568304532595687,0.4160621330484553,0.4160621330484553,0.7906871249611289
S103,validation_consumed,NORMAL_BUMP,D_VECTOR,ENG_PAIR_2_NEG_X,1.822054933228233,1.8126560753880314,0.18483000854893497,-0.18483000854893497,1.1943106389185878
S103,validation_consumed,NORMAL_BUMP,D_VECTOR,ENG_PAIR_2_POS_X,0.7776616338988214,0.6327100226392123,0.452145600542648,0.452145600542648,0.2588199221106001
S103,validation_consumed,NORMAL_BUMP,D_VECTOR,ENG_PAIR_3_NEG_X,1.4291653473870647,1.3433125059554416,0.48787816257309685,-0.48787816257309685,0.6071939988231848
S103,validation_consumed,NORMAL_BUMP,D_VECTOR,ENG_PAIR_3_POS_X,1.3092062561987576,1.308561761435218,0.04107478276906771,0.04107478276906771,0.5032841733062139
S103,validation_consumed,NORMAL_BUMP,D_NORMAL,ENG_MID_UP,0.6066897089680359,0.5403451439075456,0.2758614297491656,-0.2758614297491656,0.33887176726123064
S103,validation_consumed,NORMAL_BUMP,D_NORMAL,ENG_MID_DOWN,0.7452680059215381,0.7416105039920546,0.07374456602975255,-0.07374456602975255,0.6805471052638078
S103,validation_consumed,NORMAL_BUMP,D_NORMAL,ENG_PAIR_1_NEG_X,1.6119286583078787,1.518516782754296,0.5407594474142638,-0.5407594474142638,0.5303242143385773
S103,validation_consumed,NORMAL_BUMP,D_NORMAL,ENG_PAIR_1_POS_X,1.407042908056954,1.2540254278868355,0.6381143873371042,0.6381143873371042,0.958099718532268
S103,validation_consumed,NORMAL_BUMP,D_NORMAL,ENG_PAIR_2_NEG_X,1.3427089182584793,1.340325985068302,0.07995932041695468,-0.07995932041695468,1.019606085695337
S103,validation_consumed,NORMAL_BUMP,D_NORMAL,ENG_PAIR_2_POS_X,0.9736500229242615,0.635980697081679,0.7372400695024087,0.7372400695024087,0.3936865167296597
S103,validation_consumed,NORMAL_BUMP,D_NORMAL,ENG_PAIR_3_NEG_X,1.2799514911051186,1.1909165702739615,0.4690346919249376,-0.4690346919249376,0.5538813558344303
S103,validation_consumed,NORMAL_BUMP,D_NORMAL,ENG_PAIR_3_POS_X,1.216598186981698,1.210112797221522,0.12545184959918934,0.12545184959918934,0.6892750201161089
S103,validation_consumed,TANGENTIAL_SHIFT,INITIAL,ENG_MID_UP,40.49818471707725,12.345250523574512,38.57068517525573,-38.57068517525573,2.1952376346381177
S103,validation_consumed,TANGENTIAL_SHIFT,INITIAL,ENG_MID_DOWN,48.9347038018758,22.22156001329484,43.59825118915728,-43.59825118915728,2.390084703665742
S103,validation_consumed,TANGENTIAL_SHIFT,INITIAL,ENG_PAIR_1_NEG_X,42.76592197154303,32.87551109680621,27.351871091387498,-27.351871091387498,2.2769513108511776
S103,validation_consumed,TANGENTIAL_SHIFT,INITIAL,ENG_PAIR_1_POS_X,44.64437494893122,13.813654221477508,42.45354133202805,-42.45354133202805,5.820597252604062
S103,validation_consumed,TANGENTIAL_SHIFT,INITIAL,ENG_PAIR_2_NEG_X,43.772933220051705,29.494309056640468,32.344325869593916,-32.344325869593916,3.592581861413391
S103,validation_consumed,TANGENTIAL_SHIFT,INITIAL,ENG_PAIR_2_POS_X,51.14169372981821,24.38948153155304,44.95137404102971,-44.95137404102971,8.508250109110927
S103,validation_consumed,TANGENTIAL_SHIFT,INITIAL,ENG_PAIR_3_NEG_X,50.00772336860308,35.7000595858285,35.018254412220855,-35.018254412220855,2.026113271484607
S103,validation_consumed,TANGENTIAL_SHIFT,INITIAL,ENG_PAIR_3_POS_X,49.2138442228164,27.511549072662266,40.80584677236995,-40.80584677236995,5.42493197224695
S103,validation_consumed,TANGENTIAL_SHIFT,RIGID,ENG_MID_UP,5.162250198958164,5.161947229545755,0.055927775107746214,-0.055927775107746214,0.6829960381621121
S103,validation_consumed,TANGENTIAL_SHIFT,RIGID,ENG_MID_DOWN,6.206447751282595,6.18437438176642,0.5229791540319488,-0.5229791540319488,0.18110337442663665
S103,validation_consumed,TANGENTIAL_SHIFT,RIGID,ENG_PAIR_1_NEG_X,2.6490835045897834,2.646686157070221,0.11267564183334809,-0.11267564183334809,1.522152771920363
S103,validation_consumed,TANGENTIAL_SHIFT,RIGID,ENG_PAIR_1_POS_X,13.219120473991904,13.08362264942365,1.8878465174373797,-1.8878465174373797,6.015773805199113
S103,validation_consumed,TANGENTIAL_SHIFT,RIGID,ENG_PAIR_2_NEG_X,5.359067169985822,5.357827245752591,0.11527418223979775,-0.11527418223979775,2.9188283248097813
S103,validation_consumed,TANGENTIAL_SHIFT,RIGID,ENG_PAIR_2_POS_X,19.907314530444065,19.834021783603237,1.7066785583646433,-1.7066785583646433,9.800700636380434
S103,validation_consumed,TANGENTIAL_SHIFT,RIGID,ENG_PAIR_3_NEG_X,2.4770096954831735,2.4645927739748004,0.24770847782997754,-0.24770847782997754,1.3401174872026043
S103,validation_consumed,TANGENTIAL_SHIFT,RIGID,ENG_PAIR_3_POS_X,12.895473943873242,12.831786352530418,1.2800418899894668,-1.2800418899894668,6.201017433637413
S103,validation_consumed,TANGENTIAL_SHIFT,D_VECTOR,ENG_MID_UP,5.047830055955682,5.024086096853158,0.489026753068114,0.489026753068114,1.014309508832473
S103,validation_consumed,TANGENTIAL_SHIFT,D_VECTOR,ENG_MID_DOWN,6.155615354994919,6.15538580142234,0.05316045802537214,-0.05316045802537214,0.18593025960668583
S103,validation_consumed,TANGENTIAL_SHIFT,D_VECTOR,ENG_PAIR_1_NEG_X,2.72257156426936,2.7085291603102406,0.2761624708703445,-0.2761624708703445,1.309048682851424
S103,validation_consumed,TANGENTIAL_SHIFT,D_VECTOR,ENG_PAIR_1_POS_X,13.072666609856594,12.791838055318903,2.695086540160557,-2.695086540160557,6.405807298084546
S103,validation_consumed,TANGENTIAL_SHIFT,D_VECTOR,ENG_PAIR_2_NEG_X,5.352510607146699,5.351347075649157,0.11159872561612369,-0.11159872561612369,2.779773991363323
S103,validation_consumed,TANGENTIAL_SHIFT,D_VECTOR,ENG_PAIR_2_POS_X,19.692987828255472,19.499790767788436,2.7517139415809515,-2.7517139415809515,10.109403525076694
S103,validation_consumed,TANGENTIAL_SHIFT,D_VECTOR,ENG_PAIR_3_NEG_X,2.5465136055710684,2.5356523379742355,0.23494417269716555,-0.23494417269716555,1.1514525390248982
S103,validation_consumed,TANGENTIAL_SHIFT,D_VECTOR,ENG_PAIR_3_POS_X,12.677703805628713,12.543519147681632,1.8396470245666727,-1.8396470245666727,6.2934853907415915
S103,validation_consumed,TANGENTIAL_SHIFT,D_NORMAL,ENG_MID_UP,5.130823539585493,5.107346832074142,0.49026373643870746,0.49026373643870746,1.0164932240576208
S103,validation_consumed,TANGENTIAL_SHIFT,D_NORMAL,ENG_MID_DOWN,6.1825941097865975,6.182363239651328,0.05342938681909327,-0.05342938681909327,0.1894261653844914
S103,validation_consumed,TANGENTIAL_SHIFT,D_NORMAL,ENG_PAIR_1_NEG_X,2.67680554209456,2.663363437773245,0.26792369906530217,-0.26792369906530217,1.3105299585783008
S103,validation_consumed,TANGENTIAL_SHIFT,D_NORMAL,ENG_PAIR_1_POS_X,13.190672640109003,12.919693150576757,2.659957442039298,-2.659957442039298,6.422251184970575
S103,validation_consumed,TANGENTIAL_SHIFT,D_NORMAL,ENG_PAIR_2_NEG_X,5.362007120231946,5.360508213650098,0.12677558443144116,-0.12677558443144116,2.793749421815066
S103,validation_consumed,TANGENTIAL_SHIFT,D_NORMAL,ENG_PAIR_2_POS_X,19.78901515396358,19.603854541328367,2.7007420991718685,-2.7007420991718685,10.081440373935843
S103,validation_consumed,TANGENTIAL_SHIFT,D_NORMAL,ENG_PAIR_3_NEG_X,2.4795429600475254,2.467256919635029,0.2465290717832524,-0.2465290717832524,1.1509167556373647
S103,validation_consumed,TANGENTIAL_SHIFT,D_NORMAL,ENG_PAIR_3_POS_X,12.873391501949463,12.740156667890082,1.8473269445554272,-1.8473269445554272,6.369960525122858
S104,dev,RIGID_ONLY,INITIAL,ENG_MID_UP,43.344575715086584,15.417017741539896,40.51009513538469,-40.51009513538469,2.150678595448436
S104,dev,RIGID_ONLY,INITIAL,ENG_MID_DOWN,52.27358162953889,26.913581593512625,44.812793510217645,-44.812793510217645,2.3889857022307606
S104,dev,RIGID_ONLY,INITIAL,ENG_PAIR_1_NEG_X,45.48869406127105,37.62169935809642,25.57008065706723,-25.57008065706723,2.447720245050338
S104,dev,RIGID_ONLY,INITIAL,ENG_PAIR_1_POS_X,42.51507905311111,9.423510696151446,41.457561349551256,-41.457561349551256,1.3351943186507778
S104,dev,RIGID_ONLY,INITIAL,ENG_PAIR_2_NEG_X,48.7589487998433,35.698928093688956,33.21176931491855,-33.21176931491855,2.448942020134609
S104,dev,RIGID_ONLY,INITIAL,ENG_PAIR_2_POS_X,46.235071015786744,6.977231483953776,45.70557988532875,-45.70557988532875,1.4748511219085285
S104,dev,RIGID_ONLY,INITIAL,ENG_PAIR_3_NEG_X,52.71443402051068,38.562706373405895,35.940634819953495,-35.940634819953495,2.4333907076362027
S104,dev,RIGID_ONLY,INITIAL,ENG_PAIR_3_POS_X,49.97541529751236,28.58024299160583,40.99648576036242,-40.99648576036242,2.2176392419286315
S104,dev,RIGID_ONLY,RIGID,ENG_MID_UP,0.42287079794487364,0.007329228711171526,0.4228072778004578,-0.4228072778004578,0.009453837561822396
S104,dev,RIGID_ONLY,RIGID,ENG_MID_DOWN,0.47478677083902954,0.18822619181053168,0.43588229888383634,-0.43588229888383634,0.009633458465149835
S104,dev,RIGID_ONLY,RIGID,ENG_PAIR_1_NEG_X,0.43099534510975324,0.28630940941021843,0.3221551017591482,-0.3221551017591482,0.009103675621949407
S104,dev,RIGID_ONLY,RIGID,ENG_PAIR_1_POS_X,0.42347462471566616,0.21925873980398275,0.3622932000433401,-0.3622932000433401,0.007754012872190489
S104,dev,RIGID_ONLY,RIGID,ENG_PAIR_2_NEG_X,0.4516774152426874,0.25427898263805465,0.37330240613860355,-0.37330240613860355,0.008973096368451143
S104,dev,RIGID_ONLY,RIGID,ENG_PAIR_2_POS_X,0.44555863797175754,0.18694278755681157,0.4044439319012421,-0.4044439319012421,0.007888049839573403
S104,dev,RIGID_ONLY,RIGID,ENG_PAIR_3_NEG_X,0.4728889425384627,0.2888750715806022,0.3743997128664062,-0.3743997128664062,0.009152411206983223
S104,dev,RIGID_ONLY,RIGID,ENG_PAIR_3_POS_X,0.4665678001488732,0.24609859611324203,0.39638490527118997,-0.39638490527118997,0.009185513794014761
S104,dev,RIGID_ONLY,D_VECTOR,ENG_MID_UP,0.06957526273314811,0.027888329004906228,0.06374133893871932,-0.06374133893871932,0.45203040358395236
S104,dev,RIGID_ONLY,D_VECTOR,ENG_MID_DOWN,0.17678711784357115,0.16592572242003262,0.06101097995301331,-0.06101097995301331,0.12955191993136522
S104,dev,RIGID_ONLY,D_VECTOR,ENG_PAIR_1_NEG_X,0.47645556154446655,0.19391434999647808,0.4352092910222578,-0.4352092910222578,0.33363541681329484
S104,dev,RIGID_ONLY,D_VECTOR,ENG_PAIR_1_POS_X,0.4548869983584748,0.13421925702927046,0.4346347573746186,-0.4346347573746186,0.3307143553806278
S104,dev,RIGID_ONLY,D_VECTOR,ENG_PAIR_2_NEG_X,0.26918240072101285,0.1617236127987867,0.21518512476757315,-0.21518512476757315,0.2114674183657808
S104,dev,RIGID_ONLY,D_VECTOR,ENG_PAIR_2_POS_X,0.16083822077071583,0.09221210438568975,0.13177959275036547,-0.13177959275036547,0.38224530600163065
S104,dev,RIGID_ONLY,D_VECTOR,ENG_PAIR_3_NEG_X,0.4182297257621893,0.2315969250380975,0.3482512998166897,-0.3482512998166897,0.21515012645129122
S104,dev,RIGID_ONLY,D_VECTOR,ENG_PAIR_3_POS_X,0.35845676354911876,0.20481187458587838,0.2941825068944911,-0.2941825068944911,0.30917785073618254
S104,dev,RIGID_ONLY,D_NORMAL,ENG_MID_UP,0.07808382807384939,0.03543152084749482,0.06958226452983556,-0.06958226452983556,0.4613170786747392
S104,dev,RIGID_ONLY,D_NORMAL,ENG_MID_DOWN,0.19752666454725704,0.18760834941744747,0.061805262203355624,-0.061805262203355624,0.12732967145469093
S104,dev,RIGID_ONLY,D_NORMAL,ENG_PAIR_1_NEG_X,0.5062027651904429,0.27827709019784175,0.4228511565048307,-0.4228511565048307,0.3180760682998813
S104,dev,RIGID_ONLY,D_NORMAL,ENG_PAIR_1_POS_X,0.5247696819925337,0.20678386882006178,0.48231074084489606,-0.48231074084489606,0.43267462566826986
S104,dev,RIGID_ONLY,D_NORMAL,ENG_PAIR_2_NEG_X,0.3420848610124706,0.2581164352213387,0.22449489527058253,-0.22449489527058253,0.245436023805459
S104,dev,RIGID_ONLY,D_NORMAL,ENG_PAIR_2_POS_X,0.23952020851500597,0.19227001622431286,0.14283616890750891,-0.14283616890750891,0.41924411116308496
S104,dev,RIGID_ONLY,D_NORMAL,ENG_PAIR_3_NEG_X,0.45578959609303793,0.2876483565855531,0.3535570376336541,-0.3535570376336541,0.2551087864178032
S104,dev,RIGID_ONLY,D_NORMAL,ENG_PAIR_3_POS_X,0.38897615736859215,0.24571741454665255,0.30153839422160533,-0.30153839422160533,0.3408067230932162
S104,dev,NORMAL_BUMP,INITIAL,ENG_MID_UP,40.59451887789345,15.734734292612622,37.42102483455694,-37.42102483455694,2.036200693831797
S104,dev,NORMAL_BUMP,INITIAL,ENG_MID_DOWN,48.90087975219777,26.839228835724654,40.87727774745416,-40.87727774745416,4.734661119352116
S104,dev,NORMAL_BUMP,INITIAL,ENG_PAIR_1_NEG_X,44.59469050742811,37.742525091896375,23.75264661339598,-23.75264661339598,2.6105227805455677
S104,dev,NORMAL_BUMP,INITIAL,ENG_PAIR_1_POS_X,35.61789382599677,9.44217308712411,34.343554387872665,-34.343554387872665,1.6254436806936645
S104,dev,NORMAL_BUMP,INITIAL,ENG_PAIR_2_NEG_X,46.239662957835876,35.950637035335134,29.080201636299723,-29.080201636299723,3.431712831635886
S104,dev,NORMAL_BUMP,INITIAL,ENG_PAIR_2_POS_X,34.67672147580602,7.511678612240701,33.85335576773789,-33.85335576773789,1.38448554252725
S104,dev,NORMAL_BUMP,INITIAL,ENG_PAIR_3_NEG_X,51.35675060542579,38.581472780327765,33.896692919055226,-33.896692919055226,4.021554758490567
S104,dev,NORMAL_BUMP,INITIAL,ENG_PAIR_3_POS_X,43.86615187721402,28.28736797085115,33.52706509368918,-33.52706509368918,4.620317206595101
S104,dev,NORMAL_BUMP,RIGID,ENG_MID_UP,1.2427467413581503,0.51431029893553,1.131328590448039,1.131328590448039,2.162817881164588
S104,dev,NORMAL_BUMP,RIGID,ENG_MID_DOWN,2.607482125251646,0.9991200214496433,2.4084688530776774,2.4084688530776774,2.2822858617704065
S104,dev,NORMAL_BUMP,RIGID,ENG_PAIR_1_NEG_X,1.4120018921780109,1.2959935567469107,0.560490895898207,0.560490895898207,1.7014347194785868
S104,dev,NORMAL_BUMP,RIGID,ENG_PAIR_1_POS_X,5.27328373994873,1.4006340997501086,5.08387111565831,5.08387111565831,2.905425729607816
S104,dev,NORMAL_BUMP,RIGID,ENG_PAIR_2_NEG_X,3.184375948129253,1.4048116571245923,2.857753381072435,2.857753381072435,2.438605516892101
S104,dev,NORMAL_BUMP,RIGID,ENG_PAIR_2_POS_X,9.921267089753815,1.5622630934975674,9.79749328618946,9.79749328618946,0.19864153387647307
S104,dev,NORMAL_BUMP,RIGID,ENG_PAIR_3_NEG_X,1.6046952196083957,1.283299418513364,0.9634258405696309,0.9634258405696309,1.710823679812013
S104,dev,NORMAL_BUMP,RIGID,ENG_PAIR_3_POS_X,5.970278294193012,1.2552364557528304,5.836831704808808,5.836831704808808,2.9008702449034978
S104,dev,NORMAL_BUMP,D_VECTOR,ENG_MID_UP,0.9687508375404633,0.9185220306166826,0.3078887209807388,-0.3078887209807388,0.23328651500363962
S104,dev,NORMAL_BUMP,D_VECTOR,ENG_MID_DOWN,1.1357581377934174,1.133417628495625,0.07287679314654945,-0.07287679314654945,0.8161274160249141
S104,dev,NORMAL_BUMP,D_VECTOR,ENG_PAIR_1_NEG_X,1.6604670448464434,1.5272341299409802,0.6516952657220225,-0.6516952657220225,0.6874024352831876
S104,dev,NORMAL_BUMP,D_VECTOR,ENG_PAIR_1_POS_X,1.1674873073855399,1.1609084104304468,0.12376702104434487,0.12376702104434487,0.5033542171940498
S104,dev,NORMAL_BUMP,D_VECTOR,ENG_PAIR_2_NEG_X,1.7042492964604612,1.7022242814485904,0.08305516319174458,-0.08305516319174458,1.363444927439821
S104,dev,NORMAL_BUMP,D_VECTOR,ENG_PAIR_2_POS_X,0.9619140966479902,0.8803250739512798,0.38769381411468623,0.38769381411468623,0.2619916022464724
S104,dev,NORMAL_BUMP,D_VECTOR,ENG_PAIR_3_NEG_X,1.5208905135062067,1.4728141024432382,0.379376559262023,-0.379376559262023,0.5536941982490232
S104,dev,NORMAL_BUMP,D_VECTOR,ENG_PAIR_3_POS_X,1.938135891195665,1.9380801789780413,0.014695325558050577,0.014695325558050577,0.6015033669349046
S104,dev,NORMAL_BUMP,D_NORMAL,ENG_MID_UP,0.4334210797811086,0.3501134194842071,0.25548860228138887,-0.25548860228138887,0.2922221082412734
S104,dev,NORMAL_BUMP,D_NORMAL,ENG_MID_DOWN,1.05705368393482,1.055122652537602,0.06386453493284955,-0.06386453493284955,0.8124238853983199
S104,dev,NORMAL_BUMP,D_NORMAL,ENG_PAIR_1_NEG_X,1.3727626543348126,1.2136928167545191,0.6414257959381119,-0.6414257959381119,0.5128172125733879
S104,dev,NORMAL_BUMP,D_NORMAL,ENG_PAIR_1_POS_X,1.2457393431959993,1.2001631777481536,0.33387850778966455,0.33387850778966455,0.5801742603534121
S104,dev,NORMAL_BUMP,D_NORMAL,ENG_PAIR_2_NEG_X,1.1318231377313774,1.1317600642802157,0.01194872397130794,0.01194872397130794,1.0639706049585966
S104,dev,NORMAL_BUMP,D_NORMAL,ENG_PAIR_2_POS_X,0.9747221729486377,0.7932788265757081,0.5663850437152994,0.5663850437152994,0.2770006832267918
S104,dev,NORMAL_BUMP,D_NORMAL,ENG_PAIR_3_NEG_X,1.3088341062998543,1.2564473954627078,0.3665878615676137,-0.3665878615676137,0.46267325999829606
S104,dev,NORMAL_BUMP,D_NORMAL,ENG_PAIR_3_POS_X,1.5412583124897723,1.5390527250777044,0.08242508871522246,0.08242508871522246,0.7745224485347717
S104,dev,TANGENTIAL_SHIFT,INITIAL,ENG_MID_UP,41.29326074120937,10.47618338395058,39.94224535936031,-39.94224535936031,2.1467881596493474
S104,dev,TANGENTIAL_SHIFT,INITIAL,ENG_MID_DOWN,50.819826287657754,24.334451322103945,44.61489911184226,-44.61489911184226,2.3359260793548464
S104,dev,TANGENTIAL_SHIFT,INITIAL,ENG_PAIR_1_NEG_X,43.077776430911676,34.826479206839494,25.353720994899064,-25.353720994899064,2.413929842788529
S104,dev,TANGENTIAL_SHIFT,INITIAL,ENG_PAIR_1_POS_X,45.349134566443155,15.756805883134515,42.523723664403924,-42.523723664403924,5.6333268595047254
S104,dev,TANGENTIAL_SHIFT,INITIAL,ENG_PAIR_2_NEG_X,43.65385642990845,28.801399799955345,32.80455076306017,-32.80455076306017,4.168147852729945
S104,dev,TANGENTIAL_SHIFT,INITIAL,ENG_PAIR_2_POS_X,53.71854233968891,26.776320912781184,46.569415172156795,-46.569415172156795,9.182633001426524
S104,dev,TANGENTIAL_SHIFT,INITIAL,ENG_PAIR_3_NEG_X,50.95067882974859,36.30860508757944,35.744326400232964,-35.744326400232964,2.27276176622663
S104,dev,TANGENTIAL_SHIFT,INITIAL,ENG_PAIR_3_POS_X,51.53487320078915,30.99209332569552,41.17442540112484,-41.17442540112484,6.264593858472372
S104,dev,TANGENTIAL_SHIFT,RIGID,ENG_MID_UP,5.038670331618386,5.038401938957112,0.052005886633716816,-0.052005886633716816,0.5493881853201849
S104,dev,TANGENTIAL_SHIFT,RIGID,ENG_MID_DOWN,6.449249348872192,6.434800535898086,0.4314617331051274,-0.4314617331051274,0.31777420881475194
S104,dev,TANGENTIAL_SHIFT,RIGID,ENG_PAIR_1_NEG_X,2.650249467461743,2.6464309243304265,0.1422167448961565,-0.1422167448961565,1.5606136842976286
S104,dev,TANGENTIAL_SHIFT,RIGID,ENG_PAIR_1_POS_X,12.06632512145603,11.943815496817372,1.715072393418439,-1.715072393418439,5.698187888574237
S104,dev,TANGENTIAL_SHIFT,RIGID,ENG_PAIR_2_NEG_X,6.501538984332091,6.501142597954669,0.07179196228820255,-0.07179196228820255,3.6843945997583814
S104,dev,TANGENTIAL_SHIFT,RIGID,ENG_PAIR_2_POS_X,19.98231858164462,19.911803040112314,1.6772464309438382,-1.6772464309438382,9.957800055722558
S104,dev,TANGENTIAL_SHIFT,RIGID,ENG_PAIR_3_NEG_X,3.1614429372048227,3.152308931481426,0.24014546779959722,-0.24014546779959722,1.9536852262914557
S104,dev,TANGENTIAL_SHIFT,RIGID,ENG_PAIR_3_POS_X,12.496951909198865,12.460905332890981,0.9484963392434745,-0.9484963392434745,6.965012741872838
S104,dev,TANGENTIAL_SHIFT,D_VECTOR,ENG_MID_UP,4.9153503708110104,4.8928429568736815,0.4698479192286951,0.4698479192286951,0.942843384621125
S104,dev,TANGENTIAL_SHIFT,D_VECTOR,ENG_MID_DOWN,6.404098297776976,6.4040976660155495,0.0028445956067252916,0.0028445956067252916,0.38639785775635804
S104,dev,TANGENTIAL_SHIFT,D_VECTOR,ENG_PAIR_1_NEG_X,2.7144691896384683,2.6977719658627444,0.300615039047594,-0.300615039047594,1.4222420661892774
S104,dev,TANGENTIAL_SHIFT,D_VECTOR,ENG_PAIR_1_POS_X,11.906835610514513,11.65724225979959,2.425167448272194,-2.425167448272194,6.013669067982984
S104,dev,TANGENTIAL_SHIFT,D_VECTOR,ENG_PAIR_2_NEG_X,6.464496438729949,6.463058537063816,0.13633984318137765,-0.13633984318137765,3.637461165338645
S104,dev,TANGENTIAL_SHIFT,D_VECTOR,ENG_PAIR_2_POS_X,19.696261996503807,19.48492478607265,2.8775758401842264,-2.8775758401842264,10.455659864249133
S104,dev,TANGENTIAL_SHIFT,D_VECTOR,ENG_PAIR_3_NEG_X,3.2608779938434256,3.2478675696936117,0.2910009286322668,-0.2910009286322668,1.7168385341605017
S104,dev,TANGENTIAL_SHIFT,D_VECTOR,ENG_PAIR_3_POS_X,12.249702986833533,12.160312755820174,1.477165172306599,-1.477165172306599,7.090260911240653
S104,dev,TANGENTIAL_SHIFT,D_NORMAL,ENG_MID_UP,5.007104707931422,4.980123547595101,0.5191021160405747,0.5191021160405747,1.0026656346117595
S104,dev,TANGENTIAL_SHIFT,D_NORMAL,ENG_MID_DOWN,6.428478697831459,6.428477404547054,0.004077707792090788,0.004077707792090788,0.394872143097367
S104,dev,TANGENTIAL_SHIFT,D_NORMAL,ENG_PAIR_1_NEG_X,2.6763920209090073,2.6601778204517976,0.2941567833005443,-0.2941567833005443,1.4391361935853908
S104,dev,TANGENTIAL_SHIFT,D_NORMAL,ENG_PAIR_1_POS_X,12.046556463722798,11.8055997567503,2.397360427027758,-2.397360427027758,6.038788856585047
S104,dev,TANGENTIAL_SHIFT,D_NORMAL,ENG_PAIR_2_NEG_X,6.502876490754425,6.501173453665224,0.14881659640363,-0.14881659640363,3.6645572183317534
S104,dev,TANGENTIAL_SHIFT,D_NORMAL,ENG_PAIR_2_POS_X,19.83069820839567,19.62364056375494,2.8582026619921286,-2.8582026619921286,10.480310093506683
S104,dev,TANGENTIAL_SHIFT,D_NORMAL,ENG_PAIR_3_NEG_X,3.169410753279789,3.155889130842258,0.29245224710584633,-0.29245224710584633,1.6821676766256461
S104,dev,TANGENTIAL_SHIFT,D_NORMAL,ENG_PAIR_3_POS_X,12.469809272906247,12.379921113370607,1.4945556294026974,-1.4945556294026974,7.194401406062267
S107,dev,RIGID_ONLY,INITIAL,ENG_MID_UP,37.14454241365543,19.36582884958457,31.6967144052573,-31.6967144052573,2.1096458164080953
S107,dev,RIGID_ONLY,INITIAL,ENG_MID_DOWN,44.6329520101038,16.43363382628681,41.497422623576895,-41.497422623576895,2.1955696711349226
S107,dev,RIGID_ONLY,INITIAL,ENG_PAIR_1_NEG_X,39.522600036717044,29.418458975804967,26.392995001537553,-26.392995001537553,2.345093406635014
S107,dev,RIGID_ONLY,INITIAL,ENG_PAIR_1_POS_X,36.849054630283874,12.73924540042047,34.5769352860185,-34.5769352860185,1.7252483258016211
S107,dev,RIGID_ONLY,INITIAL,ENG_PAIR_2_NEG_X,41.79349924615219,31.43383636215978,27.54288493958258,-27.54288493958258,2.43815439749217
S107,dev,RIGID_ONLY,INITIAL,ENG_PAIR_2_POS_X,39.23482614750209,4.921133052058443,38.92497954153158,-38.92497954153158,1.5888655605013937
S107,dev,RIGID_ONLY,INITIAL,ENG_PAIR_3_NEG_X,45.07539321602107,29.71482267118154,33.894253011375746,-33.894253011375746,2.439400940910699
S107,dev,RIGID_ONLY,INITIAL,ENG_PAIR_3_POS_X,42.43173256635157,17.25267696677977,38.765926611682154,-38.765926611682154,1.946204634962092
S107,dev,RIGID_ONLY,RIGID,ENG_MID_UP,0.4583170914423351,0.18843068560748102,0.41778993888036176,-0.41778993888036176,0.012443899617816506
S107,dev,RIGID_ONLY,RIGID,ENG_MID_DOWN,0.5037706904839967,0.14101326398242858,0.48363226523025177,-0.48363226523025177,0.012557142164643079
S107,dev,RIGID_ONLY,RIGID,ENG_PAIR_1_NEG_X,0.45112950127067913,0.15438949184253975,0.42388879641402893,-0.42388879641402893,0.008134296150084886
S107,dev,RIGID_ONLY,RIGID,ENG_PAIR_1_POS_X,0.47962599913511045,0.2901344662052885,0.3819202672890315,-0.3819202672890315,0.011999013547082068
S107,dev,RIGID_ONLY,RIGID,ENG_PAIR_2_NEG_X,0.46532999657183344,0.09370484870341744,0.45579755049694176,-0.45579755049694176,0.008890967852140755
S107,dev,RIGID_ONLY,RIGID,ENG_PAIR_2_POS_X,0.4938850023055135,0.30199534655714744,0.39079560662851054,-0.39079560662851054,0.012857895314121712
S107,dev,RIGID_ONLY,RIGID,ENG_PAIR_3_NEG_X,0.4827986442890754,0.10572543134342409,0.4710803159702346,-0.4710803159702346,0.011712871166916028
S107,dev,RIGID_ONLY,RIGID,ENG_PAIR_3_POS_X,0.5135817733312634,0.2816935717306099,0.42943564074694235,-0.42943564074694235,0.013336490717443047
S107,dev,RIGID_ONLY,D_VECTOR,ENG_MID_UP,0.134228944153254,0.1207133525198768,0.05870005086803026,-0.05870005086803026,0.3625396801178856
S107,dev,RIGID_ONLY,D_VECTOR,ENG_MID_DOWN,0.1345539958333853,0.12632494367863853,0.04633342637145962,-0.04633342637145962,0.08752924124772293
S107,dev,RIGID_ONLY,D_VECTOR,ENG_PAIR_1_NEG_X,0.36838364991281497,0.1378432662956284,0.34162222916555046,-0.34162222916555046,0.2637034313897232
S107,dev,RIGID_ONLY,D_VECTOR,ENG_PAIR_1_POS_X,0.46342479794558494,0.1975154573769622,0.4192256998897796,-0.4192256998897796,0.39886283867189903
S107,dev,RIGID_ONLY,D_VECTOR,ENG_PAIR_2_NEG_X,0.18531643379885754,0.04146826170522613,0.18061717500579297,-0.18061717500579297,0.25123303333363023
S107,dev,RIGID_ONLY,D_VECTOR,ENG_PAIR_2_POS_X,0.2482548547965107,0.22025850670807923,0.11452800160992775,-0.11452800160992775,0.20535605608295301
S107,dev,RIGID_ONLY,D_VECTOR,ENG_PAIR_3_NEG_X,0.36678191961282347,0.09374946777194772,0.3545983838758212,-0.3545983838758212,0.1965444799450182
S107,dev,RIGID_ONLY,D_VECTOR,ENG_PAIR_3_POS_X,0.3764965404004783,0.19768182345244809,0.320424002861902,-0.320424002861902,0.20913958932314514
S107,dev,RIGID_ONLY,D_NORMAL,ENG_MID_UP,0.14683642838673114,0.1329653553012521,0.06229888434782285,-0.06229888434782285,0.35917318806899984
S107,dev,RIGID_ONLY,D_NORMAL,ENG_MID_DOWN,0.14556233588020623,0.13779706307949707,0.04690802738942532,-0.04690802738942532,0.09117210337069183
S107,dev,RIGID_ONLY,D_NORMAL,ENG_PAIR_1_NEG_X,0.3789499661921318,0.15339568248413232,0.34651528317268365,-0.34651528317268365,0.2687305216303848
S107,dev,RIGID_ONLY,D_NORMAL,ENG_PAIR_1_POS_X,0.5190993175613697,0.2792975844438898,0.43755795138071485,-0.43755795138071485,0.42222260947616597
S107,dev,RIGID_ONLY,D_NORMAL,ENG_PAIR_2_NEG_X,0.2214603483067919,0.09825770046837845,0.19846941872951615,-0.19846941872951615,0.27514249061395263
S107,dev,RIGID_ONLY,D_NORMAL,ENG_PAIR_2_POS_X,0.3343075412172448,0.30813201068979257,0.1296772767410906,-0.1296772767410906,0.23760246180005176
S107,dev,RIGID_ONLY,D_NORMAL,ENG_PAIR_3_NEG_X,0.37715219982800313,0.10449317655144155,0.3623878556040354,-0.3623878556040354,0.21749982505419474
S107,dev,RIGID_ONLY,D_NORMAL,ENG_PAIR_3_POS_X,0.4324606803958738,0.2831775450501791,0.32685274676498577,-0.32685274676498577,0.23496601172757323
S107,dev,NORMAL_BUMP,INITIAL,ENG_MID_UP,35.24089556578296,19.760971056220683,29.17918338805302,-29.17918338805302,2.4645356953059023
S107,dev,NORMAL_BUMP,INITIAL,ENG_MID_DOWN,41.417743606808514,16.45726800380874,38.00773362527869,-38.00773362527869,4.38934021214498
S107,dev,NORMAL_BUMP,INITIAL,ENG_PAIR_1_NEG_X,38.40541684602586,29.564503716963067,24.513591395115565,-24.513591395115565,2.99992170167159
S107,dev,NORMAL_BUMP,INITIAL,ENG_PAIR_1_POS_X,29.78786143576051,12.213935596452142,27.16866699272873,-27.16866699272873,1.482788603092495
S107,dev,NORMAL_BUMP,INITIAL,ENG_PAIR_2_NEG_X,39.78306857777918,31.701270574680752,24.03584800699076,-24.03584800699076,3.502578875555737
S107,dev,NORMAL_BUMP,INITIAL,ENG_PAIR_2_POS_X,27.572533460510094,5.067562884513348,27.10284870345646,-27.10284870345646,1.3366362479344038
S107,dev,NORMAL_BUMP,INITIAL,ENG_PAIR_3_NEG_X,43.90478716321756,29.758400664036984,32.281076899107276,-32.281076899107276,3.7616834851086733
S107,dev,NORMAL_BUMP,INITIAL,ENG_PAIR_3_POS_X,35.80843649856953,16.883600572122035,31.57828615034588,-31.57828615034588,4.321308613669694
S107,dev,NORMAL_BUMP,RIGID,ENG_MID_UP,0.45121480603511277,0.3992374382840714,0.21024811308945604,-0.21024811308945604,2.1583957414502737
S107,dev,NORMAL_BUMP,RIGID,ENG_MID_DOWN,1.2735902069816718,0.027189533739871017,1.2732999428942995,1.2732999428942995,2.056878886692791
S107,dev,NORMAL_BUMP,RIGID,ENG_PAIR_1_NEG_X,1.480810886532227,1.4808034017638314,0.004708184047454709,-0.004708184047454709,1.9497106725718842
S107,dev,NORMAL_BUMP,RIGID,ENG_PAIR_1_POS_X,4.924980946218179,1.4730513781098833,4.699527312194353,4.699527312194353,2.8045382134261145
S107,dev,NORMAL_BUMP,RIGID,ENG_PAIR_2_NEG_X,2.2061096814183876,1.3965267856011219,1.7078152310910393,1.7078152310910393,2.2946792838129917
S107,dev,NORMAL_BUMP,RIGID,ENG_PAIR_2_POS_X,9.330941167173663,1.46000000775388,9.216011232773907,9.216011232773907,0.4331848680723114
S107,dev,NORMAL_BUMP,RIGID,ENG_PAIR_3_NEG_X,0.8161394762407699,0.7766858466498562,0.25068454338541557,-0.25068454338541557,1.3313425404917976
S107,dev,NORMAL_BUMP,RIGID,ENG_PAIR_3_POS_X,4.853774020500216,1.0638129222404262,4.735760161637952,4.735760161637952,2.8115198786568234
S107,dev,NORMAL_BUMP,D_VECTOR,ENG_MID_UP,0.7826007231087658,0.6414842002026605,0.4482877565813238,-0.4482877565813238,0.3328308927539315
S107,dev,NORMAL_BUMP,D_VECTOR,ENG_MID_DOWN,0.10627998035720562,0.07863122489895658,0.07150220063478968,-0.07150220063478968,0.6791377191861825
S107,dev,NORMAL_BUMP,D_VECTOR,ENG_PAIR_1_NEG_X,1.531450892638422,1.425439344614527,0.559879014955846,-0.559879014955846,0.5594498427003147
S107,dev,NORMAL_BUMP,D_VECTOR,ENG_PAIR_1_POS_X,1.181735375844615,1.1815113847507268,0.023007525443498572,0.023007525443498572,0.9143749159902129
S107,dev,NORMAL_BUMP,D_VECTOR,ENG_PAIR_2_NEG_X,1.7108572362745058,1.70132633823684,0.18033627958473938,-0.18033627958473938,1.3430227647971114
S107,dev,NORMAL_BUMP,D_VECTOR,ENG_PAIR_2_POS_X,1.2491971179580974,1.1315644924750836,0.5292024554784518,0.5292024554784518,0.31144609201168205
S107,dev,NORMAL_BUMP,D_VECTOR,ENG_PAIR_3_NEG_X,1.0149632709435155,0.8945658805923756,0.47948131000524685,-0.47948131000524685,0.39998569322269867
S107,dev,NORMAL_BUMP,D_VECTOR,ENG_PAIR_3_POS_X,0.650002414207476,0.649180539777508,0.03267667745855679,0.03267667745855679,0.5576918081443138
S107,dev,NORMAL_BUMP,D_NORMAL,ENG_MID_UP,0.545696116528855,0.37402447555676904,0.39735367530596405,-0.39735367530596405,0.28926179909478805
S107,dev,NORMAL_BUMP,D_NORMAL,ENG_MID_DOWN,0.09559931447326993,0.0698519136640877,0.06526820884032283,-0.06526820884032283,0.6985907653555277
S107,dev,NORMAL_BUMP,D_NORMAL,ENG_PAIR_1_NEG_X,1.5587166607338834,1.4568422249040898,0.5542638001763152,-0.5542638001763152,0.5240601083159113
S107,dev,NORMAL_BUMP,D_NORMAL,ENG_PAIR_1_POS_X,1.5045674269683083,1.497703805009835,0.14354948538081624,0.14354948538081624,0.7040179688557623
S107,dev,NORMAL_BUMP,D_NORMAL,ENG_PAIR_2_NEG_X,1.2946763965458556,1.2911012824797985,0.09614806369335273,-0.09614806369335273,1.0775277411658033
S107,dev,NORMAL_BUMP,D_NORMAL,ENG_PAIR_2_POS_X,1.4205086405925298,1.1139804649429568,0.8814149543339451,0.8814149543339451,0.4960681474626299
S107,dev,NORMAL_BUMP,D_NORMAL,ENG_PAIR_3_NEG_X,0.9016563160694545,0.767705415968871,0.47287684083702264,-0.47287684083702264,0.3600661640622339
S107,dev,NORMAL_BUMP,D_NORMAL,ENG_PAIR_3_POS_X,0.9552256151355702,0.9466106209017277,0.1280012039286127,0.1280012039286127,0.7600747834050041
S107,dev,TANGENTIAL_SHIFT,INITIAL,ENG_MID_UP,34.67623293938556,15.603470816867945,30.967286438008713,-30.967286438008713,2.7794408380445765
S107,dev,TANGENTIAL_SHIFT,INITIAL,ENG_MID_DOWN,43.346077794871356,13.091384840395715,41.32188407078865,-41.32188407078865,2.3931692452023383
S107,dev,TANGENTIAL_SHIFT,INITIAL,ENG_PAIR_1_NEG_X,37.13624655381245,26.356497539827448,26.16172481964093,-26.16172481964093,2.07694064346982
S107,dev,TANGENTIAL_SHIFT,INITIAL,ENG_PAIR_1_POS_X,35.4645902880493,0.6146972293146069,35.45926270546913,-35.45926270546913,5.554208367740114
S107,dev,TANGENTIAL_SHIFT,INITIAL,ENG_PAIR_2_NEG_X,37.342319490333864,25.643305925392465,27.14534372843527,-27.14534372843527,4.105786340833664
S107,dev,TANGENTIAL_SHIFT,INITIAL,ENG_PAIR_2_POS_X,43.255252385328646,16.813700022594396,39.85368678640268,-39.85368678640268,9.74126256884241
S107,dev,TANGENTIAL_SHIFT,INITIAL,ENG_PAIR_3_NEG_X,43.47566462495685,27.44775093522662,33.71578833691258,-33.71578833691258,2.001262848680603
S107,dev,TANGENTIAL_SHIFT,INITIAL,ENG_PAIR_3_POS_X,44.19934508156477,20.74846598273996,39.026699386475485,-39.026699386475485,5.688658790234502
S107,dev,TANGENTIAL_SHIFT,RIGID,ENG_MID_UP,4.2426546876259374,4.241892193242047,0.08043270072871612,0.08043270072871612,1.1938019732817726
S107,dev,TANGENTIAL_SHIFT,RIGID,ENG_MID_DOWN,5.875722376241912,5.85185374969993,0.5290757363485549,-0.5290757363485549,0.30959901636806636
S107,dev,TANGENTIAL_SHIFT,RIGID,ENG_PAIR_1_NEG_X,2.980978952731792,2.9677991078479304,0.2800070929225923,-0.2800070929225923,1.355263880601595
S107,dev,TANGENTIAL_SHIFT,RIGID,ENG_PAIR_1_POS_X,12.545953662542933,12.446193424759425,1.5789941532981249,-1.5789941532981249,5.888559005348435
S107,dev,TANGENTIAL_SHIFT,RIGID,ENG_PAIR_2_NEG_X,5.615779182022542,5.6123038120172115,0.1975392185234188,-0.1975392185234188,3.4419821895731233
S107,dev,TANGENTIAL_SHIFT,RIGID,ENG_PAIR_2_POS_X,20.014310388517636,19.937297673517314,1.7540757695966156,-1.7540757695966156,10.706265217413563
S107,dev,TANGENTIAL_SHIFT,RIGID,ENG_PAIR_3_NEG_X,2.563188047090184,2.530652181791222,0.4071025663654311,-0.4071025663654311,1.4606411825147998
S107,dev,TANGENTIAL_SHIFT,RIGID,ENG_PAIR_3_POS_X,12.23522180428999,12.186312801930844,1.0929011362742742,-1.0929011362742742,6.166862439281653
S107,dev,TANGENTIAL_SHIFT,D_VECTOR,ENG_MID_UP,4.090039976499437,4.037168176547347,0.6555151589680314,0.6555151589680314,1.9092983297797483
S107,dev,TANGENTIAL_SHIFT,D_VECTOR,ENG_MID_DOWN,5.809448924398488,5.809444885301851,0.006850535373802776,-0.006850535373802776,0.5370276986121032
S107,dev,TANGENTIAL_SHIFT,D_VECTOR,ENG_PAIR_1_NEG_X,3.002341872779499,2.989163946127489,0.28099043438638116,-0.28099043438638116,1.021057008647826
S107,dev,TANGENTIAL_SHIFT,D_VECTOR,ENG_PAIR_1_POS_X,12.24342263791754,12.010577759026585,2.3764300505269698,-2.3764300505269698,6.532579863793992
S107,dev,TANGENTIAL_SHIFT,D_VECTOR,ENG_PAIR_2_NEG_X,5.536843905778649,5.535920328893264,0.10112640161929423,-0.10112640161929423,3.519768963172242
S107,dev,TANGENTIAL_SHIFT,D_VECTOR,ENG_PAIR_2_POS_X,19.685989438921972,19.461129301194536,2.9669220602393547,-2.9669220602393547,11.072014059046959
S107,dev,TANGENTIAL_SHIFT,D_VECTOR,ENG_PAIR_3_NEG_X,2.5923875082610532,2.5797436166517094,0.25572615300885854,-0.25572615300885854,1.4949229954999725
S107,dev,TANGENTIAL_SHIFT,D_VECTOR,ENG_PAIR_3_POS_X,12.000109700823526,11.900463853915845,1.5432410354320323,-1.5432410354320323,6.306345258579732
S107,dev,TANGENTIAL_SHIFT,D_NORMAL,ENG_MID_UP,4.191944465669307,4.138584028263336,0.6667238140783239,0.6667238140783239,1.9212189097247967
S107,dev,TANGENTIAL_SHIFT,D_NORMAL,ENG_MID_DOWN,5.843896814030202,5.843892463167726,0.007131056288686233,-0.007131056288686233,0.5381391593464534
S107,dev,TANGENTIAL_SHIFT,D_NORMAL,ENG_PAIR_1_NEG_X,2.986328253669425,2.974333050453193,0.26739361182735905,-0.26739361182735905,1.0777765937514254
S107,dev,TANGENTIAL_SHIFT,D_NORMAL,ENG_PAIR_1_POS_X,12.50660439261918,12.278815761715002,2.3760969936727374,-2.3760969936727374,6.604564536023248
S107,dev,TANGENTIAL_SHIFT,D_NORMAL,ENG_PAIR_2_NEG_X,5.613618091232303,5.611697240235588,0.14684058751890447,-0.14684058751890447,3.512104976476542
S107,dev,TANGENTIAL_SHIFT,D_NORMAL,ENG_PAIR_2_POS_X,19.85697723431375,19.64202609102776,2.91382153253067,-2.91382153253067,11.070205153480028
S107,dev,TANGENTIAL_SHIFT,D_NORMAL,ENG_PAIR_3_NEG_X,2.5404064883601802,2.5268135911416154,0.26244656927557053,-0.26244656927557053,1.48184892353771
S107,dev,TANGENTIAL_SHIFT,D_NORMAL,ENG_PAIR_3_POS_X,12.2186070178757,12.120704273975825,1.543659729378699,-1.543659729378699,6.389193446792436
S114,validation_consumed,RIGID_ONLY,INITIAL,ENG_MID_UP,42.583160591543816,15.535084920370542,39.64828751008152,-39.64828751008152,2.145109845688296
S114,validation_consumed,RIGID_ONLY,INITIAL,ENG_MID_DOWN,52.12468668485259,25.54620215191044,45.4353883840314,-45.4353883840314,2.377717248813902
S114,validation_consumed,RIGID_ONLY,INITIAL,ENG_PAIR_1_NEG_X,44.83513051280759,36.396503249186765,26.18173942526408,-26.18173942526408,2.4422350990559316
S114,validation_consumed,RIGID_ONLY,INITIAL,ENG_PAIR_1_POS_X,41.974654920062555,8.07996970308497,41.18963152609599,-41.18963152609599,1.3434804848947426
S114,validation_consumed,RIGID_ONLY,INITIAL,ENG_PAIR_2_NEG_X,48.30801212038128,36.045222471575535,32.16218232641451,-32.16218232641451,2.4475088509220657
S114,validation_consumed,RIGID_ONLY,INITIAL,ENG_PAIR_2_POS_X,45.831000507627515,7.263890668282277,45.25170162424166,-45.25170162424166,1.4661340989532983
S114,validation_consumed,RIGID_ONLY,INITIAL,ENG_PAIR_3_NEG_X,52.48734665946985,35.85309433738496,38.33376039193044,-38.33376039193044,2.4464114331454625
S114,validation_consumed,RIGID_ONLY,INITIAL,ENG_PAIR_3_POS_X,49.790134019208466,26.101246226438096,42.40026404490414,-42.40026404490414,2.214815732093886
S114,validation_consumed,RIGID_ONLY,RIGID,ENG_MID_UP,0.3654010304894436,0.0780106740775596,0.35697653678177793,-0.35697653678177793,0.013301506122451843
S114,validation_consumed,RIGID_ONLY,RIGID,ENG_MID_DOWN,0.4408979765785867,0.12111180903116739,0.42393744286662155,-0.42393744286662155,0.013242062613542991
S114,validation_consumed,RIGID_ONLY,RIGID,ENG_PAIR_1_NEG_X,0.3668723714960175,0.2108052865862643,0.3002606669452307,-0.3002606669452307,0.009365927262695964
S114,validation_consumed,RIGID_ONLY,RIGID,ENG_PAIR_1_POS_X,0.37763005789312426,0.252840533080849,0.2804926477748686,-0.2804926477748686,0.01335507844524311
S114,validation_consumed,RIGID_ONLY,RIGID,ENG_PAIR_2_NEG_X,0.3972898563675914,0.19030153800919217,0.348747121284058,-0.348747121284058,0.009286256866206611
S114,validation_consumed,RIGID_ONLY,RIGID,ENG_PAIR_2_POS_X,0.4062472728911419,0.227205074129033,0.3367709919537467,-0.3367709919537467,0.01324725438158983
S114,validation_consumed,RIGID_ONLY,RIGID,ENG_PAIR_3_NEG_X,0.42862026513070106,0.19363199928682034,0.3823898279673523,-0.3823898279673523,0.012258048898139608
S114,validation_consumed,RIGID_ONLY,RIGID,ENG_PAIR_3_POS_X,0.43744229264512263,0.193615912682091,0.3922609306965225,-0.3922609306965225,0.013419897278830906
S114,validation_consumed,RIGID_ONLY,D_VECTOR,ENG_MID_UP,0.028056766274139434,0.0268139101752513,0.008258108432034708,-0.008258108432034708,0.5305648720566936
S114,validation_consumed,RIGID_ONLY,D_VECTOR,ENG_MID_DOWN,0.1134060524846783,0.10604328237999511,0.0401964550953717,-0.0401964550953717,0.08304702169336847
S114,validation_consumed,RIGID_ONLY,D_VECTOR,ENG_PAIR_1_NEG_X,0.4316836057634493,0.14468530370986576,0.4067147629178427,-0.4067147629178427,0.3172741138067254
S114,validation_consumed,RIGID_ONLY,D_VECTOR,ENG_PAIR_1_POS_X,0.4639897793928621,0.15658136511852433,0.43677086839515317,-0.43677086839515317,0.32389997440090873
S114,validation_consumed,RIGID_ONLY,D_VECTOR,ENG_PAIR_2_NEG_X,0.1819421156219716,0.11650003271119129,0.13975219431297042,-0.13975219431297042,0.24227215517184705
S114,validation_consumed,RIGID_ONLY,D_VECTOR,ENG_PAIR_2_POS_X,0.20007049343124667,0.13771330154498984,0.14513183289478984,-0.14513183289478984,0.43791186342097776
S114,validation_consumed,RIGID_ONLY,D_VECTOR,ENG_PAIR_3_NEG_X,0.3142745676431988,0.15129936547179157,0.275457811425185,-0.275457811425185,0.27571311754039524
S114,validation_consumed,RIGID_ONLY,D_VECTOR,ENG_PAIR_3_POS_X,0.31596931984731386,0.13587193224509397,0.2852637886461559,-0.2852637886461559,0.36803052967340344
S114,validation_consumed,RIGID_ONLY,D_NORMAL,ENG_MID_UP,0.04556937152113926,0.042997485943820926,0.015092508848516198,-0.015092508848516198,0.5341994760225014
S114,validation_consumed,RIGID_ONLY,D_NORMAL,ENG_MID_DOWN,0.13195168324358272,0.1254487570979963,0.040912785940127656,-0.040912785940127656,0.08195848134233108
S114,validation_consumed,RIGID_ONLY,D_NORMAL,ENG_PAIR_1_NEG_X,0.4521700217712595,0.20479703613774813,0.40313261165256176,-0.40313261165256176,0.3278536627679784
S114,validation_consumed,RIGID_ONLY,D_NORMAL,ENG_PAIR_1_POS_X,0.4960202611515534,0.24039787776274807,0.43387205468896245,-0.43387205468896245,0.3386211108790255
S114,validation_consumed,RIGID_ONLY,D_NORMAL,ENG_PAIR_2_NEG_X,0.24404370450180232,0.1938223400546971,0.14829103210472436,-0.14829103210472436,0.2720350831407731
S114,validation_consumed,RIGID_ONLY,D_NORMAL,ENG_PAIR_2_POS_X,0.2732195120536172,0.2271954236712653,0.1517601437454872,-0.1517601437454872,0.467981818381953
S114,validation_consumed,RIGID_ONLY,D_NORMAL,ENG_PAIR_3_NEG_X,0.34466669759681867,0.19424836865062348,0.28471512729194476,-0.28471512729194476,0.3101915567506174
S114,validation_consumed,RIGID_ONLY,D_NORMAL,ENG_PAIR_3_POS_X,0.35159553705034235,0.19354548460399096,0.2935294994768413,-0.2935294994768413,0.40667091216949824
S114,validation_consumed,NORMAL_BUMP,INITIAL,ENG_MID_UP,40.02248946115497,15.855732564965866,36.74772656228602,-36.74772656228602,2.132336183126296
S114,validation_consumed,NORMAL_BUMP,INITIAL,ENG_MID_DOWN,48.878950536090755,25.51766959458955,41.689331296759455,-41.689331296759455,4.646466033536707
S114,validation_consumed,NORMAL_BUMP,INITIAL,ENG_PAIR_1_NEG_X,43.852983799304276,36.541328436818475,24.24490676770286,-24.24490676770286,2.6847955147718623
S114,validation_consumed,NORMAL_BUMP,INITIAL,ENG_PAIR_1_POS_X,35.281854532002576,8.026498463931365,34.356725420591204,-34.356725420591204,1.5668564955221336
S114,validation_consumed,NORMAL_BUMP,INITIAL,ENG_PAIR_2_NEG_X,45.67390482337711,36.30448624776259,27.71443414722601,-27.71443414722601,3.49833235875262
S114,validation_consumed,NORMAL_BUMP,INITIAL,ENG_PAIR_2_POS_X,34.296394086654274,7.799296279193161,33.39780868405079,-33.39780868405079,1.3587114933429163
S114,validation_consumed,NORMAL_BUMP,INITIAL,ENG_PAIR_3_NEG_X,51.037185103328724,35.88167869782381,36.29461939595974,-36.29461939595974,4.119012231000423
S114,validation_consumed,NORMAL_BUMP,INITIAL,ENG_PAIR_3_POS_X,43.74415826523165,25.853101199590284,35.286945754731704,-35.286945754731704,4.631676416694782
S114,validation_consumed,NORMAL_BUMP,RIGID,ENG_MID_UP,1.0289833343724866,0.23774486609491577,1.0011413891463237,1.0011413891463237,2.184817561286903
S114,validation_consumed,NORMAL_BUMP,RIGID,ENG_MID_DOWN,2.32451584266402,0.8180614240756965,2.1758100581703497,2.1758100581703497,2.1938974429431832
S114,validation_consumed,NORMAL_BUMP,RIGID,ENG_PAIR_1_NEG_X,1.1573665431136853,1.0223282278820716,0.542533233631291,0.542533233631291,1.8620278288840404
S114,validation_consumed,NORMAL_BUMP,RIGID,ENG_PAIR_1_POS_X,5.281315184816162,1.6637285257744803,5.012414335816028,5.012414335816028,2.8426051903182254
S114,validation_consumed,NORMAL_BUMP,RIGID,ENG_PAIR_2_NEG_X,3.3038267041112013,1.1591313950715068,3.0938140376819465,3.0938140376819465,2.5713482773234886
S114,validation_consumed,NORMAL_BUMP,RIGID,ENG_PAIR_2_POS_X,10.135045213415658,1.6526414763826982,9.999395863176897,9.999395863176897,0.23431841949879678
S114,validation_consumed,NORMAL_BUMP,RIGID,ENG_PAIR_3_NEG_X,1.2679509285754604,0.9906648226778918,0.791380291884978,0.791380291884978,1.8015146225853769
S114,validation_consumed,NORMAL_BUMP,RIGID,ENG_PAIR_3_POS_X,5.5664110919324505,1.1499745767237939,5.446328205064174,5.446328205064174,2.901473629142221
S114,validation_consumed,NORMAL_BUMP,D_VECTOR,ENG_MID_UP,0.7144364346923674,0.6928001503709292,0.17449175012578455,-0.17449175012578455,0.37727614462530945
S114,validation_consumed,NORMAL_BUMP,D_VECTOR,ENG_MID_DOWN,0.9204428186936966,0.9182063513007,0.06412549349402814,-0.06412549349402814,0.7059010745724303
S114,validation_consumed,NORMAL_BUMP,D_VECTOR,ENG_PAIR_1_NEG_X,1.4107276063140108,1.2693445451991499,0.6155621859646854,-0.6155621859646854,0.5703033550287392
S114,validation_consumed,NORMAL_BUMP,D_VECTOR,ENG_PAIR_1_POS_X,1.3195921407044318,1.315313932265728,0.10617286563229292,0.10617286563229292,0.43002868976451253
S114,validation_consumed,NORMAL_BUMP,D_VECTOR,ENG_PAIR_2_NEG_X,1.5360500551495893,1.5360137468023227,0.010561323749709951,0.010561323749709951,1.1644281467465396
S114,validation_consumed,NORMAL_BUMP,D_VECTOR,ENG_PAIR_2_POS_X,1.2426101261055364,1.168351383837384,0.42312524078018193,0.42312524078018193,0.3617390258142045
S114,validation_consumed,NORMAL_BUMP,D_VECTOR,ENG_PAIR_3_NEG_X,1.2243881949939193,1.1577332550403123,0.39847228537782947,-0.39847228537782947,0.6312717038232158
S114,validation_consumed,NORMAL_BUMP,D_VECTOR,ENG_PAIR_3_POS_X,1.5433119978743328,1.542936710264143,0.034032791571207914,-0.034032791571207914,0.5367784104235857
S114,validation_consumed,NORMAL_BUMP,D_NORMAL,ENG_MID_UP,0.21080880161961832,0.17052575616859175,0.1239407815185526,-0.1239407815185526,0.4532015685801562
S114,validation_consumed,NORMAL_BUMP,D_NORMAL,ENG_MID_DOWN,0.857275478023169,0.8553680193005964,0.05715589888740329,-0.05715589888740329,0.7183093148827461
S114,validation_consumed,NORMAL_BUMP,D_NORMAL,ENG_PAIR_1_NEG_X,1.1120795176830485,0.9585505412615172,0.5638277338845741,-0.5638277338845741,0.5051823418359099
S114,validation_consumed,NORMAL_BUMP,D_NORMAL,ENG_PAIR_1_POS_X,1.4461736488033585,1.4178778916178665,0.2846761439855701,0.2846761439855701,0.5976951143710542
S114,validation_consumed,NORMAL_BUMP,D_NORMAL,ENG_PAIR_2_NEG_X,0.8884626322537627,0.884928876345148,0.07916269779257354,0.07916269779257354,1.0079463933639243
S114,validation_consumed,NORMAL_BUMP,D_NORMAL,ENG_PAIR_2_POS_X,1.17029289235597,1.0055770278426408,0.5986654282435743,0.5986654282435743,0.33172046704346986
S114,validation_consumed,NORMAL_BUMP,D_NORMAL,ENG_PAIR_3_NEG_X,1.0350033458405115,0.9711464429386443,0.35791970086692915,-0.35791970086692915,0.48457580772615305
S114,validation_consumed,NORMAL_BUMP,D_NORMAL,ENG_PAIR_3_POS_X,1.3130518702686649,1.3130298513219665,0.007604179998701088,-0.007604179998701088,0.7926131484841987
S114,validation_consumed,TANGENTIAL_SHIFT,INITIAL,ENG_MID_UP,40.595403584241915,11.12218339740115,39.04207766810132,-39.04207766810132,2.272288735098378
S114,validation_consumed,TANGENTIAL_SHIFT,INITIAL,ENG_MID_DOWN,50.79976576441401,23.0135691380352,45.2878773762715,-45.2878773762715,2.4972695642134015
S114,validation_consumed,TANGENTIAL_SHIFT,INITIAL,ENG_PAIR_1_NEG_X,42.26557144819931,33.38945031251306,25.913763479492168,-25.913763479492168,2.481784119457275
S114,validation_consumed,TANGENTIAL_SHIFT,INITIAL,ENG_PAIR_1_POS_X,44.647063376303734,14.277467995141645,42.302649748867836,-42.302649748867836,5.76857188688277
S114,validation_consumed,TANGENTIAL_SHIFT,INITIAL,ENG_PAIR_2_NEG_X,42.75121993434723,28.625972697605047,31.752487981115728,-31.752487981115728,4.407639512256675
S114,validation_consumed,TANGENTIAL_SHIFT,INITIAL,ENG_PAIR_2_POS_X,53.327951651297695,27.051673178891058,45.95734332558412,-45.95734332558412,9.208222802490134
S114,validation_consumed,TANGENTIAL_SHIFT,INITIAL,ENG_PAIR_3_NEG_X,50.789018073088926,33.551976644999954,38.12858796286496,-38.12858796286496,2.2905597524757897
S114,validation_consumed,TANGENTIAL_SHIFT,INITIAL,ENG_PAIR_3_POS_X,51.029619947680075,28.088964395733367,42.60319461237493,-42.60319461237493,6.407394613521532
S114,validation_consumed,TANGENTIAL_SHIFT,RIGID,ENG_MID_UP,4.777162821903306,4.776923530458095,0.047814340222570036,0.047814340222570036,0.8582959296986821
S114,validation_consumed,TANGENTIAL_SHIFT,RIGID,ENG_MID_DOWN,6.162699206662771,6.144482115681832,0.4734987242517889,-0.4734987242517889,0.3375205073885903
S114,validation_consumed,TANGENTIAL_SHIFT,RIGID,ENG_PAIR_1_NEG_X,2.9300493589061287,2.9291321926519527,0.07330650446024146,-0.07330650446024146,1.8104425162200248
S114,validation_consumed,TANGENTIAL_SHIFT,RIGID,ENG_PAIR_1_POS_X,11.603781661106131,11.482287293848112,1.6747618756579001,-1.6747618756579001,5.876837125906723
S114,validation_consumed,TANGENTIAL_SHIFT,RIGID,ENG_PAIR_2_NEG_X,7.081636462639709,7.081402223173634,0.057598112987824676,-0.057598112987824676,4.0570051242310745
S114,validation_consumed,TANGENTIAL_SHIFT,RIGID,ENG_PAIR_2_POS_X,19.989581574222015,19.9364072008729,1.4570653497559407,-1.4570653497559407,10.013570124433203
S114,validation_consumed,TANGENTIAL_SHIFT,RIGID,ENG_PAIR_3_NEG_X,3.1915048002984845,3.1805401333110455,0.26432432866844935,-0.26432432866844935,2.1048961909944692
S114,validation_consumed,TANGENTIAL_SHIFT,RIGID,ENG_PAIR_3_POS_X,11.919247274070518,11.880650923941781,0.9584305941896811,-0.9584305941896811,7.135277328827827
S114,validation_consumed,TANGENTIAL_SHIFT,D_VECTOR,ENG_MID_UP,4.646569288523354,4.615473445769511,0.5366665859217934,0.5366665859217934,1.2501214207025428
S114,validation_consumed,TANGENTIAL_SHIFT,D_VECTOR,ENG_MID_DOWN,6.114267803418288,6.114241765669962,0.017843846406524363,-0.017843846406524363,0.3740950339513012
S114,validation_consumed,TANGENTIAL_SHIFT,D_VECTOR,ENG_PAIR_1_NEG_X,2.990780454889343,2.9798440670208133,0.25553290510023274,-0.25553290510023274,1.5848852669568607
S114,validation_consumed,TANGENTIAL_SHIFT,D_VECTOR,ENG_PAIR_1_POS_X,11.446426067075242,11.18597983790589,2.4278642414645955,-2.4278642414645955,6.229964491434185
S114,validation_consumed,TANGENTIAL_SHIFT,D_VECTOR,ENG_PAIR_2_NEG_X,7.007093770692902,7.0045259847110986,0.18968089200096422,-0.18968089200096422,4.098850930411389
S114,validation_consumed,TANGENTIAL_SHIFT,D_VECTOR,ENG_PAIR_2_POS_X,19.721628447603717,19.526774722075956,2.76544708476363,-2.76544708476363,10.344298663211312
S114,validation_consumed,TANGENTIAL_SHIFT,D_VECTOR,ENG_PAIR_3_NEG_X,3.275801333246215,3.265475243873763,0.25989576092207967,-0.25989576092207967,1.8451898508786981
S114,validation_consumed,TANGENTIAL_SHIFT,D_VECTOR,ENG_PAIR_3_POS_X,11.648536120318045,11.556817850044997,1.45888825042752,-1.45888825042752,7.436703781472279
S114,validation_consumed,TANGENTIAL_SHIFT,D_NORMAL,ENG_MID_UP,4.748600466160801,4.717407132613405,0.5433933496011406,0.5433933496011406,1.2753823148994063
S114,validation_consumed,TANGENTIAL_SHIFT,D_NORMAL,ENG_MID_DOWN,6.1398695578040465,6.1398415975873135,0.01852952739102694,-0.01852952739102694,0.37716011391264354
S114,validation_consumed,TANGENTIAL_SHIFT,D_NORMAL,ENG_PAIR_1_NEG_X,2.9575663617346493,2.9472550236970014,0.2467521212818945,-0.2467521212818945,1.608209915830841
S114,validation_consumed,TANGENTIAL_SHIFT,D_NORMAL,ENG_PAIR_1_POS_X,11.580521046808286,11.327173426848727,2.409068258406496,-2.409068258406496,6.238964537250237
S114,validation_consumed,TANGENTIAL_SHIFT,D_NORMAL,ENG_PAIR_2_NEG_X,7.080471198428076,7.077487137957152,0.2055436786198633,-0.2055436786198633,4.141635435591635
S114,validation_consumed,TANGENTIAL_SHIFT,D_NORMAL,ENG_PAIR_2_POS_X,19.827351156237675,19.638015574574446,2.733532177518869,-2.733532177518869,10.37376721115716
S114,validation_consumed,TANGENTIAL_SHIFT,D_NORMAL,ENG_PAIR_3_NEG_X,3.1949678247509765,3.183766248864917,0.2673048330700415,-0.2673048330700415,1.8102531926949978
S114,validation_consumed,TANGENTIAL_SHIFT,D_NORMAL,ENG_PAIR_3_POS_X,11.89011046259203,11.79621763442297,1.491300215908597,-1.491300215908597,7.563305008983675
S118,validation_consumed,RIGID_ONLY,INITIAL,ENG_MID_UP,43.21840333760135,26.378083306720868,34.234881453209184,-34.234881453209184,2.3953415390619863
S118,validation_consumed,RIGID_ONLY,INITIAL,ENG_MID_DOWN,52.82787677464099,37.25752198511993,37.45212437292387,-37.45212437292387,2.4374730461094436
S118,validation_consumed,RIGID_ONLY,INITIAL,ENG_PAIR_1_NEG_X,45.02789044520669,41.647398516798056,17.11739217078765,-17.11739217078765,2.4219058530053235
S118,validation_consumed,RIGID_ONLY,INITIAL,ENG_PAIR_1_POS_X,42.84874191723751,14.19598347899223,40.428810728912204,-40.428810728912204,1.8748074394150636
S118,validation_consumed,RIGID_ONLY,INITIAL,ENG_PAIR_2_NEG_X,48.12709555985803,44.743567706886836,17.726547207139337,-17.726547207139337,2.2384366983853403
S118,validation_consumed,RIGID_ONLY,INITIAL,ENG_PAIR_2_POS_X,46.459485177743346,8.247440362118084,45.721586700969375,-45.721586700969375,2.0198631789833845
S118,validation_consumed,RIGID_ONLY,INITIAL,ENG_PAIR_3_NEG_X,52.30847880639892,44.91999057261491,26.802451417653433,-26.802451417653433,2.323790318161166
S118,validation_consumed,RIGID_ONLY,INITIAL,ENG_PAIR_3_POS_X,50.7002192480441,30.89193268509659,40.20199903959009,-40.20199903959009,2.4277864022465905
S118,validation_consumed,RIGID_ONLY,RIGID,ENG_MID_UP,0.4111532936671526,0.11506154317726786,0.394725058965115,-0.394725058965115,0.007730349817731979
S118,validation_consumed,RIGID_ONLY,RIGID,ENG_MID_DOWN,0.44188122238233946,0.21502817836517252,0.3860335441423013,-0.3860335441423013,0.007729793130129425
S118,validation_consumed,RIGID_ONLY,RIGID,ENG_PAIR_1_NEG_X,0.40754022156289293,0.34537013121239724,0.21635273203235347,-0.21635273203235347,0.0067680110897874075
S118,validation_consumed,RIGID_ONLY,RIGID,ENG_PAIR_1_POS_X,0.42177725994207366,0.19776096769271678,0.37254081207497763,-0.37254081207497763,0.00758492748139714
S118,validation_consumed,RIGID_ONLY,RIGID,ENG_PAIR_2_NEG_X,0.42057826176887886,0.3408588045478711,0.24637643887906127,-0.24637643887906127,0.0072900521606989975
S118,validation_consumed,RIGID_ONLY,RIGID,ENG_PAIR_2_POS_X,0.4337914992832245,0.08863781844029882,0.42463914326464586,-0.42463914326464586,0.007119836155255036
S118,validation_consumed,RIGID_ONLY,RIGID,ENG_PAIR_3_NEG_X,0.4315001290054483,0.2976217673650916,0.31243182443886514,-0.31243182443886514,0.007833540706495936
S118,validation_consumed,RIGID_ONLY,RIGID,ENG_PAIR_3_POS_X,0.44546741658879807,0.16858155256920168,0.41233660930804494,-0.41233660930804494,0.006970095107292436
S118,validation_consumed,RIGID_ONLY,D_VECTOR,ENG_MID_UP,0.1284299647245969,0.1284080835937169,0.0023706342928039048,-0.0023706342928039048,0.5303338495855513
S118,validation_consumed,RIGID_ONLY,D_VECTOR,ENG_MID_DOWN,0.18576284836277984,0.18535151127285615,0.012355286347204194,-0.012355286347204194,0.09738361575104378
S118,validation_consumed,RIGID_ONLY,D_VECTOR,ENG_PAIR_1_NEG_X,0.49348805154118497,0.263532756895483,0.41723008407470025,-0.41723008407470025,0.2771485747818107
S118,validation_consumed,RIGID_ONLY,D_VECTOR,ENG_PAIR_1_POS_X,0.3847266643732573,0.1592721055820177,0.35020994084012463,-0.35020994084012463,0.26392043728027914
S118,validation_consumed,RIGID_ONLY,D_VECTOR,ENG_PAIR_2_NEG_X,0.338411350937648,0.25139726960802256,0.2265428332061626,-0.2265428332061626,0.27116231783086964
S118,validation_consumed,RIGID_ONLY,D_VECTOR,ENG_PAIR_2_POS_X,0.0628066009790345,0.029651204748237677,0.05536673354567475,-0.05536673354567475,0.12307788920357188
S118,validation_consumed,RIGID_ONLY,D_VECTOR,ENG_PAIR_3_NEG_X,0.47328492513385145,0.20486126620571804,0.4266503040752993,-0.4266503040752993,0.4816177508756177
S118,validation_consumed,RIGID_ONLY,D_VECTOR,ENG_PAIR_3_POS_X,0.3671396359855903,0.16344836577470856,0.3287493635540742,-0.3287493635540742,0.15398782798353827
S118,validation_consumed,RIGID_ONLY,D_NORMAL,ENG_MID_UP,0.150949686839719,0.1506645253649464,0.009274090444062815,-0.009274090444062815,0.5457178334392376
S118,validation_consumed,RIGID_ONLY,D_NORMAL,ENG_MID_DOWN,0.2105586937219474,0.210348796227933,0.009399331218356517,-0.009399331218356517,0.12872752750126384
S118,validation_consumed,RIGID_ONLY,D_NORMAL,ENG_PAIR_1_NEG_X,0.5186892919383945,0.33487005558271793,0.39610683842314603,-0.39610683842314603,0.26922154234022067
S118,validation_consumed,RIGID_ONLY,D_NORMAL,ENG_PAIR_1_POS_X,0.40828231531863024,0.1965864942582565,0.3578382305975563,-0.3578382305975563,0.2766066801389095
S118,validation_consumed,RIGID_ONLY,D_NORMAL,ENG_PAIR_2_NEG_X,0.4059167014151955,0.33862855170697165,0.22382822086732443,-0.22382822086732443,0.28599969600845787
S118,validation_consumed,RIGID_ONLY,D_NORMAL,ENG_PAIR_2_POS_X,0.10129361208814093,0.08212751199029601,0.05929137900358329,-0.05929137900358329,0.07137209180782596
S118,validation_consumed,RIGID_ONLY,D_NORMAL,ENG_PAIR_3_NEG_X,0.5162352310099505,0.2876546389386331,0.4286649302578665,-0.4286649302578665,0.5122120773387834
S118,validation_consumed,RIGID_ONLY,D_NORMAL,ENG_PAIR_3_POS_X,0.3725597621775602,0.16560124723359945,0.3337319333064736,-0.3337319333064736,0.1638941246363382
S118,validation_consumed,NORMAL_BUMP,INITIAL,ENG_MID_UP,40.70479562596031,26.754393288199964,30.677073307789943,-30.677073307789943,2.103672047308331
S118,validation_consumed,NORMAL_BUMP,INITIAL,ENG_MID_DOWN,50.26864350470731,37.18373105339281,33.827602113544856,-33.827602113544856,4.548579546791711
S118,validation_consumed,NORMAL_BUMP,INITIAL,ENG_PAIR_1_NEG_X,44.31179402094117,41.807759421934406,14.68490182030419,-14.68490182030419,2.9142080132411428
S118,validation_consumed,NORMAL_BUMP,INITIAL,ENG_PAIR_1_POS_X,35.749341361830844,13.592237790209571,33.06458043978645,-33.06458043978645,1.0947293905557987
S118,validation_consumed,NORMAL_BUMP,INITIAL,ENG_PAIR_2_NEG_X,46.889770852005455,44.989979203020994,13.211827347695648,-13.211827347695648,3.2558496541451865
S118,validation_consumed,NORMAL_BUMP,INITIAL,ENG_PAIR_2_POS_X,34.79655203127823,8.009840587879625,33.862109902104585,-33.862109902104585,1.9254720388248832
S118,validation_consumed,NORMAL_BUMP,INITIAL,ENG_PAIR_3_NEG_X,51.327467136249695,44.995733320014864,24.69600910302912,-24.69600910302912,3.7745400211913807
S118,validation_consumed,NORMAL_BUMP,INITIAL,ENG_PAIR_3_POS_X,44.896594403808976,30.341261671546913,33.092476928130516,-33.092476928130516,5.170088747885255
S118,validation_consumed,NORMAL_BUMP,RIGID,ENG_MID_UP,1.5962429284987,0.36825427232230157,1.553183916250255,1.553183916250255,2.379148234656049
S118,validation_consumed,NORMAL_BUMP,RIGID,ENG_MID_DOWN,2.004981891636679,0.549633318809974,1.9281741624254094,1.9281741624254094,2.1594603004390294
S118,validation_consumed,NORMAL_BUMP,RIGID,ENG_PAIR_1_NEG_X,1.8347550234281442,1.3571943991330706,1.2346454385598455,1.2346454385598455,2.2114953708387795
S118,validation_consumed,NORMAL_BUMP,RIGID,ENG_PAIR_1_POS_X,5.753972919430861,1.6456184365713433,5.513632588299676,5.513632588299676,2.914330367497236
S118,validation_consumed,NORMAL_BUMP,RIGID,ENG_PAIR_2_NEG_X,3.480064642389498,1.3367430391895745,3.2130932078587087,3.2130932078587087,2.593757951713296
S118,validation_consumed,NORMAL_BUMP,RIGID,ENG_PAIR_2_POS_X,9.990228805040143,1.510515194753221,9.8753741915673,9.8753741915673,0.19199560811024333
S118,validation_consumed,NORMAL_BUMP,RIGID,ENG_PAIR_3_NEG_X,1.1908132037148893,0.9510175809930882,0.716660063617175,0.716660063617175,1.6703854155086377
S118,validation_consumed,NORMAL_BUMP,RIGID,ENG_PAIR_3_POS_X,5.368743902332683,0.940622902064799,5.285701433579612,5.285701433579612,2.9038010131727443
S118,validation_consumed,NORMAL_BUMP,D_VECTOR,ENG_MID_UP,0.7086749180561701,0.6804446645351447,0.1980282757274164,-0.1980282757274164,0.58559534731799
S118,validation_consumed,NORMAL_BUMP,D_VECTOR,ENG_MID_DOWN,0.6589037682509419,0.6585831273052887,0.020553351164150906,-0.020553351164150906,0.7140172283099597
S118,validation_consumed,NORMAL_BUMP,D_VECTOR,ENG_PAIR_1_NEG_X,1.758967731315798,1.7204690890568324,0.36599671229424857,-0.36599671229424857,0.4594642472554031
S118,validation_consumed,NORMAL_BUMP,D_VECTOR,ENG_PAIR_1_POS_X,1.5163994322826977,1.516398933785608,0.0012295695017044191,0.0012295695017044191,0.1321562535058512
S118,validation_consumed,NORMAL_BUMP,D_VECTOR,ENG_PAIR_2_NEG_X,1.874276140160036,1.8702913495352016,0.12215284453093297,0.12215284453093297,0.9893322015926421
S118,validation_consumed,NORMAL_BUMP,D_VECTOR,ENG_PAIR_2_POS_X,0.9086566772366536,0.8549779223937943,0.30768443136750845,0.30768443136750845,0.4272049556730106
S118,validation_consumed,NORMAL_BUMP,D_VECTOR,ENG_PAIR_3_NEG_X,1.1471231671858682,1.0480025971699707,0.46645698303223343,-0.46645698303223343,0.45614991728151183
S118,validation_consumed,NORMAL_BUMP,D_VECTOR,ENG_PAIR_3_POS_X,1.359547293854146,1.3587735617756307,0.045861225950657614,-0.045861225950657614,0.46982344871037696
S118,validation_consumed,NORMAL_BUMP,D_NORMAL,ENG_MID_UP,0.2715503727621098,0.22083145046637223,0.15802871711229888,-0.15802871711229888,0.49940666170343806
S118,validation_consumed,NORMAL_BUMP,D_NORMAL,ENG_MID_DOWN,0.5843584862951099,0.5841584174094694,0.015289992634931996,-0.015289992634931996,0.726174384707888
S118,validation_consumed,NORMAL_BUMP,D_NORMAL,ENG_PAIR_1_NEG_X,1.3772853521545463,1.336099223964741,0.334295984092375,-0.334295984092375,0.25392814896047083
S118,validation_consumed,NORMAL_BUMP,D_NORMAL,ENG_PAIR_1_POS_X,1.5262736129965382,1.5236689027683672,0.08913033415255804,0.08913033415255804,0.08465079815957512
S118,validation_consumed,NORMAL_BUMP,D_NORMAL,ENG_PAIR_2_NEG_X,1.154240901845659,1.1216457904873731,0.2723651596211166,0.2723651596211166,0.758855638689919
S118,validation_consumed,NORMAL_BUMP,D_NORMAL,ENG_PAIR_2_POS_X,0.9930736352874193,0.8960436639747141,0.4281366573347118,0.4281366573347118,0.5749186159857629
S118,validation_consumed,NORMAL_BUMP,D_NORMAL,ENG_PAIR_3_NEG_X,0.9980264811217674,0.8994188222023513,0.43255362591062946,-0.43255362591062946,0.37509798907993824
S118,validation_consumed,NORMAL_BUMP,D_NORMAL,ENG_PAIR_3_POS_X,1.0982380620775494,1.0957232978068991,0.07427850051680183,-0.07427850051680183,0.5969112351989699
S118,validation_consumed,TANGENTIAL_SHIFT,INITIAL,ENG_MID_UP,39.347780897090885,20.51765093740991,33.57489927812253,-33.57489927812253,2.576300828187845
S118,validation_consumed,TANGENTIAL_SHIFT,INITIAL,ENG_MID_DOWN,49.283707826891515,32.01494680227947,37.469014377397535,-37.469014377397535,2.424039640959891
S118,validation_consumed,TANGENTIAL_SHIFT,INITIAL,ENG_PAIR_1_NEG_X,41.417346401972644,37.84081358100479,16.836549839816932,-16.836549839816932,2.249204584883086
S118,validation_consumed,TANGENTIAL_SHIFT,INITIAL,ENG_PAIR_1_POS_X,42.39411334009598,8.196910744823738,41.59412819298292,-41.59412819298292,6.665516065216641
S118,validation_consumed,TANGENTIAL_SHIFT,INITIAL,ENG_PAIR_2_NEG_X,41.09883965509634,37.24881045980535,17.367807585438513,-17.367807585438513,4.62437636329382
S118,validation_consumed,TANGENTIAL_SHIFT,INITIAL,ENG_PAIR_2_POS_X,47.947305021372976,12.038616440805265,46.41137546985385,-46.41137546985385,9.389607851091382
S118,validation_consumed,TANGENTIAL_SHIFT,INITIAL,ENG_PAIR_3_NEG_X,49.6416007193513,41.94161175513234,26.55540858961211,-26.55540858961211,2.738282078504718
S118,validation_consumed,TANGENTIAL_SHIFT,INITIAL,ENG_PAIR_3_POS_X,47.25190685646989,23.78457750310396,40.829359223129465,-40.829359223129465,6.639319042108363
S118,validation_consumed,TANGENTIAL_SHIFT,RIGID,ENG_MID_UP,5.676483392389524,5.6758669534658654,0.08365423257790969,0.08365423257790969,1.0740384522882154
S118,validation_consumed,TANGENTIAL_SHIFT,RIGID,ENG_MID_DOWN,5.749953807062392,5.724663300801149,0.5387011006224046,-0.5387011006224046,0.5102022497956784
S118,validation_consumed,TANGENTIAL_SHIFT,RIGID,ENG_PAIR_1_NEG_X,3.6331359951899764,3.632743953432702,0.05337160615161759,0.05337160615161759,1.9144322535996916
S118,validation_consumed,TANGENTIAL_SHIFT,RIGID,ENG_PAIR_1_POS_X,12.327208104378393,12.192261273209743,1.819017508008736,-1.819017508008736,6.734713619476789
S118,validation_consumed,TANGENTIAL_SHIFT,RIGID,ENG_PAIR_2_NEG_X,7.040483039807806,7.040365744812087,0.04064004303536281,0.04064004303536281,4.1098428936989375
S118,validation_consumed,TANGENTIAL_SHIFT,RIGID,ENG_PAIR_2_POS_X,19.827970317661922,19.772892831790703,1.4768601763884364,-1.4768601763884364,10.132264451310732
S118,validation_consumed,TANGENTIAL_SHIFT,RIGID,ENG_PAIR_3_NEG_X,3.1221386423502437,3.1192940456081653,0.13324548431398772,-0.13324548431398772,1.9717827949615236
S118,validation_consumed,TANGENTIAL_SHIFT,RIGID,ENG_PAIR_3_POS_X,11.735755182228694,11.664348513307683,1.292642045310499,-1.292642045310499,6.527781307149113
S118,validation_consumed,TANGENTIAL_SHIFT,D_VECTOR,ENG_MID_UP,5.536582219654141,5.5009130107342745,0.6274541603374291,0.6274541603374291,1.5926794775148632
S118,validation_consumed,TANGENTIAL_SHIFT,D_VECTOR,ENG_MID_DOWN,5.710620289100944,5.710216642709023,0.06789683070838708,-0.06789683070838708,0.33854309553880957
S118,validation_consumed,TANGENTIAL_SHIFT,D_VECTOR,ENG_PAIR_1_NEG_X,3.6633081852371676,3.6559103885704616,0.2326931257433558,-0.2326931257433558,1.6623564936780728
S118,validation_consumed,TANGENTIAL_SHIFT,D_VECTOR,ENG_PAIR_1_POS_X,12.223309984837028,11.92542827690745,2.6820640182055255,-2.6820640182055255,7.060873375402736
S118,validation_consumed,TANGENTIAL_SHIFT,D_VECTOR,ENG_PAIR_2_NEG_X,6.958353467389911,6.955935143954109,0.18343731965254298,-0.18343731965254298,4.080483841254233
S118,validation_consumed,TANGENTIAL_SHIFT,D_VECTOR,ENG_PAIR_2_POS_X,19.570916151169623,19.389207132650956,2.660715272867328,-2.660715272867328,10.337094129376286
S118,validation_consumed,TANGENTIAL_SHIFT,D_VECTOR,ENG_PAIR_3_NEG_X,3.239160416944389,3.2270343785454436,0.2800166537639732,-0.2800166537639732,1.48295084485875
S118,validation_consumed,TANGENTIAL_SHIFT,D_VECTOR,ENG_PAIR_3_POS_X,11.457537155304221,11.304880147117254,1.8640929495309273,-1.8640929495309273,6.860733929796763
S118,validation_consumed,TANGENTIAL_SHIFT,D_NORMAL,ENG_MID_UP,5.6478035123745824,5.61264534583011,0.6292032551745701,0.6292032551745701,1.6077074064872932
S118,validation_consumed,TANGENTIAL_SHIFT,D_NORMAL,ENG_MID_DOWN,5.726449626508275,5.726028104192848,0.06948003260242273,-0.06948003260242273,0.3410185601539833
S118,validation_consumed,TANGENTIAL_SHIFT,D_NORMAL,ENG_PAIR_1_NEG_X,3.658479163899903,3.652020741565685,0.21728850835640792,-0.21728850835640792,1.684176587188583
S118,validation_consumed,TANGENTIAL_SHIFT,D_NORMAL,ENG_PAIR_1_POS_X,12.29963497050353,12.010569077137154,2.6508962354173935,-2.6508962354173935,7.108621253336301
S118,validation_consumed,TANGENTIAL_SHIFT,D_NORMAL,ENG_PAIR_2_NEG_X,7.038327539014408,7.035628903069343,0.19488582489215078,-0.19488582489215078,4.126968849481328
S118,validation_consumed,TANGENTIAL_SHIFT,D_NORMAL,ENG_PAIR_2_POS_X,19.67625974639321,19.495046932337097,2.6642715164764255,-2.6642715164764255,10.470749972589587
S118,validation_consumed,TANGENTIAL_SHIFT,D_NORMAL,ENG_PAIR_3_NEG_X,3.1418948620476614,3.129392706787889,0.28000823356512905,-0.28000823356512905,1.4706827104671496
S118,validation_consumed,TANGENTIAL_SHIFT,D_NORMAL,ENG_PAIR_3_POS_X,11.709429106554174,11.554857753303395,1.8963101809415253,-1.8963101809415253,6.987456949646984
S121,validation_consumed,RIGID_ONLY,INITIAL,ENG_MID_UP,43.475379928261866,13.36243397733118,41.37093204302001,-41.37093204302001,2.0769658364713153
S121,validation_consumed,RIGID_ONLY,INITIAL,ENG_MID_DOWN,52.958217420027786,23.40878423004002,47.503701047164355,-47.503701047164355,2.3366897109707976
S121,validation_consumed,RIGID_ONLY,INITIAL,ENG_PAIR_1_NEG_X,46.21913162500302,35.02796796618676,30.153765740436945,-30.153765740436945,2.4188557942317472
S121,validation_consumed,RIGID_ONLY,INITIAL,ENG_PAIR_1_POS_X,42.89854890688928,9.604140492735919,41.80963984193791,-41.80963984193791,1.4614808951691942
S121,validation_consumed,RIGID_ONLY,INITIAL,ENG_PAIR_2_NEG_X,49.36978746828258,34.44650449237182,35.36685231852561,-35.36685231852561,2.4494532581666624
S121,validation_consumed,RIGID_ONLY,INITIAL,ENG_PAIR_2_POS_X,46.604908251894926,6.708434992491038,46.119566055190354,-46.119566055190354,1.492776340791151
S121,validation_consumed,RIGID_ONLY,INITIAL,ENG_PAIR_3_NEG_X,53.34958204663387,34.35222579996685,40.81791870170025,-40.81791870170025,2.448955440272465
S121,validation_consumed,RIGID_ONLY,INITIAL,ENG_PAIR_3_POS_X,50.63353320433499,23.840625858146055,44.66966804719273,-44.66966804719273,2.0266243974354827
S121,validation_consumed,RIGID_ONLY,RIGID,ENG_MID_UP,0.42625306397933765,0.03255126402515688,0.4250083408147867,-0.4250083408147867,0.010631826341276972
S121,validation_consumed,RIGID_ONLY,RIGID,ENG_MID_DOWN,0.4814383856198548,0.16726798499425924,0.4514469407850852,-0.4514469407850852,0.01100691747999327
S121,validation_consumed,RIGID_ONLY,RIGID,ENG_PAIR_1_NEG_X,0.4455692514115161,0.25940739273353475,0.3622702891469414,-0.3622702891469414,0.011002063267340502
S121,validation_consumed,RIGID_ONLY,RIGID,ENG_PAIR_1_POS_X,0.4206764269283611,0.20175079270665267,0.36914126539232917,-0.36914126539232917,0.00863876038470772
S121,validation_consumed,RIGID_ONLY,RIGID,ENG_PAIR_2_NEG_X,0.4643399275117593,0.23339962109647341,0.40141771903299,-0.40141771903299,0.010674008746544915
S121,validation_consumed,RIGID_ONLY,RIGID,ENG_PAIR_2_POS_X,0.44369574498047093,0.1882639281928534,0.4017743240367299,-0.4017743240367299,0.009008705584091758
S121,validation_consumed,RIGID_ONLY,RIGID,ENG_PAIR_3_NEG_X,0.4857784048139607,0.24671799299875166,0.4184625317925898,-0.4184625317925898,0.010392620455147916
S121,validation_consumed,RIGID_ONLY,RIGID,ENG_PAIR_3_POS_X,0.46655920007128704,0.228967401362981,0.40651127448601326,-0.40651127448601326,0.010573600505662754
S121,validation_consumed,RIGID_ONLY,D_VECTOR,ENG_MID_UP,0.04266821506255805,0.03554673900582927,0.02360097291799984,-0.02360097291799984,0.40678857448860195
S121,validation_consumed,RIGID_ONLY,D_VECTOR,ENG_MID_DOWN,0.14067824420068628,0.13818138323656698,0.026386999037725546,-0.026386999037725546,0.1654429240314979
S121,validation_consumed,RIGID_ONLY,D_VECTOR,ENG_PAIR_1_NEG_X,0.44167771953978746,0.16829326274647458,0.40835840343014024,-0.40835840343014024,0.3190841402848226
S121,validation_consumed,RIGID_ONLY,D_VECTOR,ENG_PAIR_1_POS_X,0.4184465404045437,0.1353905445117415,0.3959380098365723,-0.3959380098365723,0.17412758711107004
S121,validation_consumed,RIGID_ONLY,D_VECTOR,ENG_PAIR_2_NEG_X,0.2269899511487914,0.16009045056411775,0.1609207431026481,-0.1609207431026481,0.1541824760479873
S121,validation_consumed,RIGID_ONLY,D_VECTOR,ENG_PAIR_2_POS_X,0.22635053928807908,0.09518762989065603,0.20536280518098632,-0.20536280518098632,0.41624633829361063
S121,validation_consumed,RIGID_ONLY,D_VECTOR,ENG_PAIR_3_NEG_X,0.34301463657882175,0.19159584742288982,0.28451726161624347,-0.28451726161624347,0.29555729929197794
S121,validation_consumed,RIGID_ONLY,D_VECTOR,ENG_PAIR_3_POS_X,0.29822073921464926,0.17446326033757265,0.241863970219039,-0.241863970219039,0.14641581988505586
S121,validation_consumed,RIGID_ONLY,D_NORMAL,ENG_MID_UP,0.04612542416343458,0.036466373397584545,0.028244616575281968,-0.028244616575281968,0.4049380945831864
S121,validation_consumed,RIGID_ONLY,D_NORMAL,ENG_MID_DOWN,0.16620341971220418,0.16408128842359643,0.026474657944601646,-0.026474657944601646,0.1612482709102578
S121,validation_consumed,RIGID_ONLY,D_NORMAL,ENG_PAIR_1_NEG_X,0.4772661471166619,0.24924956925654257,0.4070105986445698,-0.4070105986445698,0.33228969076767334
S121,validation_consumed,RIGID_ONLY,D_NORMAL,ENG_PAIR_1_POS_X,0.44404967319843575,0.1967351679388681,0.39808967075735957,-0.39808967075735957,0.1878219909975598
S121,validation_consumed,RIGID_ONLY,D_NORMAL,ENG_PAIR_2_NEG_X,0.2985716616355683,0.24297604148052368,0.17351564885703868,-0.17351564885703868,0.14761959961662668
S121,validation_consumed,RIGID_ONLY,D_NORMAL,ENG_PAIR_2_POS_X,0.28812813458437164,0.1902242314793062,0.21640832631203716,-0.21640832631203716,0.45257589536745024
S121,validation_consumed,RIGID_ONLY,D_NORMAL,ENG_PAIR_3_NEG_X,0.3738903173711792,0.24930109130373573,0.2786448192568589,-0.2786448192568589,0.28535583750169274
S121,validation_consumed,RIGID_ONLY,D_NORMAL,ENG_PAIR_3_POS_X,0.3387058740267658,0.23126263260902732,0.24746568218437354,-0.24746568218437354,0.1634594403556687
S121,validation_consumed,NORMAL_BUMP,INITIAL,ENG_MID_UP,41.146899590922956,13.755712644988192,38.7794754422234,-38.7794754422234,2.1752498957373754
S121,validation_consumed,NORMAL_BUMP,INITIAL,ENG_MID_DOWN,49.6617142818237,23.303355769053727,43.85475430680695,-43.85475430680695,4.591793028308546
S121,validation_consumed,NORMAL_BUMP,INITIAL,ENG_PAIR_1_NEG_X,45.256104754760614,35.14780683399258,28.50871256886587,-28.50871256886587,2.6600340959254964
S121,validation_consumed,NORMAL_BUMP,INITIAL,ENG_PAIR_1_POS_X,36.09551610700721,9.460294551450229,34.83373522938673,-34.83373522938673,1.5070371409902068
S121,validation_consumed,NORMAL_BUMP,INITIAL,ENG_PAIR_2_NEG_X,47.09129589204511,34.65480552753102,31.8847079748451,-31.8847079748451,3.3186930976011833
S121,validation_consumed,NORMAL_BUMP,INITIAL,ENG_PAIR_2_POS_X,35.03199087544697,7.231052272039321,34.27757674831223,-34.27757674831223,1.360067099547734
S121,validation_consumed,NORMAL_BUMP,INITIAL,ENG_PAIR_3_NEG_X,52.05368861464139,34.3761952953637,39.08789704505809,-39.08789704505809,3.844932284390011
S121,validation_consumed,NORMAL_BUMP,INITIAL,ENG_PAIR_3_POS_X,44.22552331501347,23.711123195775073,37.33201774993655,-37.33201774993655,4.5391977717662595
S121,validation_consumed,NORMAL_BUMP,RIGID,ENG_MID_UP,1.1118604840926682,0.8564047708391488,0.7090871628867127,0.7090871628867127,2.1855715434343908
S121,validation_consumed,NORMAL_BUMP,RIGID,ENG_MID_DOWN,2.3821638164493284,1.0320877334807832,2.146974466266175,2.146974466266175,2.2486997260408823
S121,validation_consumed,NORMAL_BUMP,RIGID,ENG_PAIR_1_NEG_X,1.4604391346407637,1.4135050863293377,0.367268072273311,0.367268072273311,1.7055628457095335
S121,validation_consumed,NORMAL_BUMP,RIGID,ENG_PAIR_1_POS_X,5.011370971776421,0.8375462989464321,4.940886075784839,4.940886075784839,2.8692187936579994
S121,validation_consumed,NORMAL_BUMP,RIGID,ENG_PAIR_2_NEG_X,2.7530042210662633,1.5565445221444982,2.2707270623724503,2.2707270623724503,2.2701432813020053
S121,validation_consumed,NORMAL_BUMP,RIGID,ENG_PAIR_2_POS_X,9.923229445637787,1.3989825978263775,9.824119824276972,9.824119824276972,0.25263610844644885
S121,validation_consumed,NORMAL_BUMP,RIGID,ENG_PAIR_3_NEG_X,1.4877744774615898,1.3670445036198426,0.5870793991521791,0.5870793991521791,1.5885649131200807
S121,validation_consumed,NORMAL_BUMP,RIGID,ENG_PAIR_3_POS_X,5.807842761947101,1.1552377737521433,5.691789106563728,5.691789106563728,2.9077521458570437
S121,validation_consumed,NORMAL_BUMP,D_VECTOR,ENG_MID_UP,1.129899644435174,1.108092117432409,0.22091868589798466,-0.22091868589798466,0.274824802581149
S121,validation_consumed,NORMAL_BUMP,D_VECTOR,ENG_MID_DOWN,1.2212193651086225,1.2209920151849096,0.02356345838370658,-0.02356345838370658,0.6793761650120775
S121,validation_consumed,NORMAL_BUMP,D_VECTOR,ENG_PAIR_1_NEG_X,1.6562235066477926,1.5052007458309589,0.6909754110839516,-0.6909754110839516,0.7872200616443873
S121,validation_consumed,NORMAL_BUMP,D_VECTOR,ENG_PAIR_1_POS_X,0.6778197103221416,0.6204804533155542,0.2728434839876448,0.2728434839876448,0.8999613467875264
S121,validation_consumed,NORMAL_BUMP,D_VECTOR,ENG_PAIR_2_NEG_X,1.8959725988773426,1.888924518431424,0.16332868505659937,-0.16332868505659937,0.8892206449724488
S121,validation_consumed,NORMAL_BUMP,D_VECTOR,ENG_PAIR_2_POS_X,0.6924402440841656,0.5096097579833007,0.46879780950377825,0.46879780950377825,0.12870130909142322
S121,validation_consumed,NORMAL_BUMP,D_VECTOR,ENG_PAIR_3_NEG_X,1.5577510187919001,1.513910549664875,0.3669646906183194,-0.3669646906183194,0.6380675061890868
S121,validation_consumed,NORMAL_BUMP,D_VECTOR,ENG_PAIR_3_POS_X,1.8546423259998575,1.8529419696771865,0.07939908311176852,0.07939908311176852,0.7684532630293965
S121,validation_consumed,NORMAL_BUMP,D_NORMAL,ENG_MID_UP,0.7366257563776348,0.7010420703145903,0.22618028342000923,-0.22618028342000923,0.36143409526236053
S121,validation_consumed,NORMAL_BUMP,D_NORMAL,ENG_MID_DOWN,1.075565419830523,1.0753675627955446,0.020629523076889943,-0.020629523076889943,0.680915054105583
S121,validation_consumed,NORMAL_BUMP,D_NORMAL,ENG_PAIR_1_NEG_X,1.4719359641669783,1.318279456117568,0.65477840387916,-0.65477840387916,0.65745306347994
S121,validation_consumed,NORMAL_BUMP,D_NORMAL,ENG_PAIR_1_POS_X,0.8831690771960609,0.6620539500971585,0.5845273185028147,0.5845273185028147,1.1495977726811077
S121,validation_consumed,NORMAL_BUMP,D_NORMAL,ENG_PAIR_2_NEG_X,1.3304656161560535,1.3288798429672606,0.06493934653825736,-0.06493934653825736,0.6464534907107036
S121,validation_consumed,NORMAL_BUMP,D_NORMAL,ENG_PAIR_2_POS_X,0.9158418953035236,0.5389719820427145,0.7404563321129061,0.7404563321129061,0.22310970498342939
S121,validation_consumed,NORMAL_BUMP,D_NORMAL,ENG_PAIR_3_NEG_X,1.385562953343274,1.3388984217577589,0.3565609539642819,-0.3565609539642819,0.574244119407868
S121,validation_consumed,NORMAL_BUMP,D_NORMAL,ENG_PAIR_3_POS_X,1.3934309284366522,1.3824249215101136,0.17478869732218424,0.17478869732218424,0.9316525925818846
S121,validation_consumed,TANGENTIAL_SHIFT,INITIAL,ENG_MID_UP,41.707288135356244,9.069786274091687,40.709174157036465,-40.709174157036465,2.4263014366566114
S121,validation_consumed,TANGENTIAL_SHIFT,INITIAL,ENG_MID_DOWN,52.05475202025371,21.592745282236944,47.36507742067506,-47.36507742067506,2.5144056062532667
S121,validation_consumed,TANGENTIAL_SHIFT,INITIAL,ENG_PAIR_1_NEG_X,44.24649820131652,32.591300960661314,29.92590357484137,-29.92590357484137,2.2531078244629072
S121,validation_consumed,TANGENTIAL_SHIFT,INITIAL,ENG_PAIR_1_POS_X,45.067742979621634,13.9452355917638,42.85594313006586,-42.85594313006586,5.365822333558534
S121,validation_consumed,TANGENTIAL_SHIFT,INITIAL,ENG_PAIR_2_NEG_X,45.253284121359805,28.63085785463108,35.04473858193873,-35.04473858193873,4.060521432213012
S121,validation_consumed,TANGENTIAL_SHIFT,INITIAL,ENG_PAIR_2_POS_X,53.99270646755025,26.431944168435983,47.08040653146196,-47.08040653146196,9.07094158416442
S121,validation_consumed,TANGENTIAL_SHIFT,INITIAL,ENG_PAIR_3_NEG_X,51.9309366264077,32.27709563321103,40.68182980619876,-40.68182980619876,2.164456621041643
S121,validation_consumed,TANGENTIAL_SHIFT,INITIAL,ENG_PAIR_3_POS_X,53.35305457907698,29.342538127235674,44.55966661870002,-44.55966661870002,6.579206489479444
S121,validation_consumed,TANGENTIAL_SHIFT,RIGID,ENG_MID_UP,4.1967235554477496,4.196279717359814,0.06103388013762429,0.06103388013762429,0.9986981344062303
S121,validation_consumed,TANGENTIAL_SHIFT,RIGID,ENG_MID_DOWN,5.986782403310874,5.965512567447866,0.5042056645995805,-0.5042056645995805,0.3172827503163012
S121,validation_consumed,TANGENTIAL_SHIFT,RIGID,ENG_PAIR_1_NEG_X,2.3894561429901384,2.383459427128631,0.16917984071681225,-0.16917984071681225,1.2808868766348576
S121,validation_consumed,TANGENTIAL_SHIFT,RIGID,ENG_PAIR_1_POS_X,11.761513140524183,11.642597633559317,1.668266075229621,-1.668266075229621,5.398290771206188
S121,validation_consumed,TANGENTIAL_SHIFT,RIGID,ENG_PAIR_2_NEG_X,5.4236816864377,5.420998774617208,0.17057350731699422,-0.17057350731699422,3.186789263904116
S121,validation_consumed,TANGENTIAL_SHIFT,RIGID,ENG_PAIR_2_POS_X,19.930099592749286,19.85398146694572,1.740198174657516,-1.740198174657516,9.894560010018797
S121,validation_consumed,TANGENTIAL_SHIFT,RIGID,ENG_PAIR_3_NEG_X,2.6306310493633616,2.6065545370078356,0.35509599192112606,-0.35509599192112606,1.6299611302808974
S121,validation_consumed,TANGENTIAL_SHIFT,RIGID,ENG_PAIR_3_POS_X,12.299842607404742,12.282006264606892,0.6621557846051996,-0.6621557846051996,7.128158819385797
S121,validation_consumed,TANGENTIAL_SHIFT,D_VECTOR,ENG_MID_UP,4.071704010999624,4.039191448926093,0.5135231174083157,0.5135231174083157,1.5653616543685727
S121,validation_consumed,TANGENTIAL_SHIFT,D_VECTOR,ENG_MID_DOWN,5.929969082666382,5.929953305503067,0.013679032583127713,-0.013679032583127713,0.4198493330723493
S121,validation_consumed,TANGENTIAL_SHIFT,D_VECTOR,ENG_PAIR_1_NEG_X,2.4325783270505905,2.416655487499716,0.2778733020168689,-0.2778733020168689,1.1029782638805303
S121,validation_consumed,TANGENTIAL_SHIFT,D_VECTOR,ENG_PAIR_1_POS_X,11.598020768626196,11.350149530898763,2.384992950874946,-2.384992950874946,5.668812416146046
S121,validation_consumed,TANGENTIAL_SHIFT,D_VECTOR,ENG_PAIR_2_NEG_X,5.375776164843487,5.374666889832813,0.10920255415613166,-0.10920255415613166,3.2747548439395096
S121,validation_consumed,TANGENTIAL_SHIFT,D_VECTOR,ENG_PAIR_2_POS_X,19.657763021718736,19.427617945344455,2.999217896016022,-2.999217896016022,10.450409726222539
S121,validation_consumed,TANGENTIAL_SHIFT,D_VECTOR,ENG_PAIR_3_NEG_X,2.7027579492145373,2.6886832537495535,0.27546849738052703,-0.27546849738052703,1.372756849976343
S121,validation_consumed,TANGENTIAL_SHIFT,D_VECTOR,ENG_PAIR_3_POS_X,12.066349868611487,12.016101657774502,1.1000454998632112,-1.1000454998632112,6.930502165747267
S121,validation_consumed,TANGENTIAL_SHIFT,D_NORMAL,ENG_MID_UP,4.158738222413992,4.125893281568297,0.5216399444795932,0.5216399444795932,1.5741868529300715
S121,validation_consumed,TANGENTIAL_SHIFT,D_NORMAL,ENG_MID_DOWN,5.961324610305466,5.961308928584208,0.013673602883634606,-0.013673602883634606,0.41913875217146135
S121,validation_consumed,TANGENTIAL_SHIFT,D_NORMAL,ENG_PAIR_1_NEG_X,2.415493489317988,2.39919918266784,0.2800929824603941,-0.2800929824603941,1.1130236739519024
S121,validation_consumed,TANGENTIAL_SHIFT,D_NORMAL,ENG_PAIR_1_POS_X,11.748172619847965,11.506264782806932,2.37179903315655,-2.37179903315655,5.701435204029979
S121,validation_consumed,TANGENTIAL_SHIFT,D_NORMAL,ENG_PAIR_2_NEG_X,5.420021182582559,5.418418296441484,0.13180585886754265,-0.13180585886754265,3.292619766291722
S121,validation_consumed,TANGENTIAL_SHIFT,D_NORMAL,ENG_PAIR_2_POS_X,19.781723868762732,19.55968467060867,2.9555599818534164,-2.9555599818534164,10.502353770908849
S121,validation_consumed,TANGENTIAL_SHIFT,D_NORMAL,ENG_PAIR_3_NEG_X,2.6238277227822877,2.6086335087791155,0.28196300416126213,-0.28196300416126213,1.3503311912680434
S121,validation_consumed,TANGENTIAL_SHIFT,D_NORMAL,ENG_PAIR_3_POS_X,12.27862901207048,12.227811105722116,1.1159596672092484,-1.1159596672092484,7.0471747867958925
S130,validation_consumed,RIGID_ONLY,INITIAL,ENG_MID_UP,43.549982682651795,18.49548975025089,39.42737438072229,-39.42737438072229,2.219519183047734
S130,validation_consumed,RIGID_ONLY,INITIAL,ENG_MID_DOWN,52.61548306502788,28.36448051856734,44.31529423436169,-44.31529423436169,2.412551929575871
S130,validation_consumed,RIGID_ONLY,INITIAL,ENG_PAIR_1_NEG_X,45.64521032328105,39.15510647374024,23.45981377774828,-23.45981377774828,2.4481209593141657
S130,validation_consumed,RIGID_ONLY,INITIAL,ENG_PAIR_1_POS_X,43.07727110004644,15.242928872310062,40.29025198258992,-40.29025198258992,1.6099511213531839
S130,validation_consumed,RIGID_ONLY,INITIAL,ENG_PAIR_2_NEG_X,48.80616051689964,38.76976892612019,29.64702888683144,-29.64702888683144,2.435784206227306
S130,validation_consumed,RIGID_ONLY,INITIAL,ENG_PAIR_2_POS_X,46.53453742389671,4.034795302999075,46.35928817528306,-46.35928817528306,1.5943361569188583
S130,validation_consumed,RIGID_ONLY,INITIAL,ENG_PAIR_3_NEG_X,52.86529056243849,39.175601432339015,35.49663644157802,-35.49663644157802,2.4239355470811876
S130,validation_consumed,RIGID_ONLY,INITIAL,ENG_PAIR_3_POS_X,50.38815126903796,25.457505545120792,43.484263817289076,-43.484263817289076,2.2299729643343658
S130,validation_consumed,RIGID_ONLY,RIGID,ENG_MID_UP,0.39431673687464114,0.022114515496680583,0.3936961228965965,-0.3936961228965965,0.010811289783566895
S130,validation_consumed,RIGID_ONLY,RIGID,ENG_MID_DOWN,0.45300154757734795,0.1862392810488643,0.41294713015333373,-0.41294713015333373,0.010642247659269473
S130,validation_consumed,RIGID_ONLY,RIGID,ENG_PAIR_1_NEG_X,0.40609961575495246,0.2777751676903487,0.29623952155463434,-0.29623952155463434,0.010104102029101067
S130,validation_consumed,RIGID_ONLY,RIGID,ENG_PAIR_1_POS_X,0.39492765735638846,0.20947344592295467,0.33479655015870147,-0.33479655015870147,0.009827933270379462
S130,validation_consumed,RIGID_ONLY,RIGID,ENG_PAIR_2_NEG_X,0.42820938792713165,0.2584167714671443,0.3414440688215662,-0.3414440688215662,0.009304459638421114
S130,validation_consumed,RIGID_ONLY,RIGID,ENG_PAIR_2_POS_X,0.41844916258554243,0.1677562935942401,0.38335039797561815,-0.38335039797561815,0.009789819641735682
S130,validation_consumed,RIGID_ONLY,RIGID,ENG_PAIR_3_NEG_X,0.452124140957246,0.27277940096470965,0.36056571834502216,-0.36056571834502216,0.009449916854527653
S130,validation_consumed,RIGID_ONLY,RIGID,ENG_PAIR_3_POS_X,0.44232629160736514,0.20451218200032226,0.3922082554722565,-0.3922082554722565,0.010744033346242382
S130,validation_consumed,RIGID_ONLY,D_VECTOR,ENG_MID_UP,0.050248361584406154,0.05024164256471308,0.0008217020852079894,-0.0008217020852079894,0.6048417169947783
S130,validation_consumed,RIGID_ONLY,D_VECTOR,ENG_MID_DOWN,0.15898194690209883,0.157491320738694,0.02171965314556312,-0.02171965314556312,0.09992737790704971
S130,validation_consumed,RIGID_ONLY,D_VECTOR,ENG_PAIR_1_NEG_X,0.4311178701845643,0.19647051737806007,0.38374725249006314,-0.38374725249006314,0.37290471438936834
S130,validation_consumed,RIGID_ONLY,D_VECTOR,ENG_PAIR_1_POS_X,0.40337573870536336,0.14873483977691462,0.374953242435151,-0.374953242435151,0.35182024684518326
S130,validation_consumed,RIGID_ONLY,D_VECTOR,ENG_PAIR_2_NEG_X,0.2552703923788796,0.173108699102036,0.1876069069103478,-0.1876069069103478,0.24289705328816516
S130,validation_consumed,RIGID_ONLY,D_VECTOR,ENG_PAIR_2_POS_X,0.15609032795836494,0.09301177801016183,0.12535150431302491,-0.12535150431302491,0.404458999451749
S130,validation_consumed,RIGID_ONLY,D_VECTOR,ENG_PAIR_3_NEG_X,0.3650739871656108,0.2094428284151479,0.29901959422495955,-0.29901959422495955,0.22518874489040874
S130,validation_consumed,RIGID_ONLY,D_VECTOR,ENG_PAIR_3_POS_X,0.2896578473476409,0.1693419187574857,0.23499996400340645,-0.23499996400340645,0.222420646306074
S130,validation_consumed,RIGID_ONLY,D_NORMAL,ENG_MID_UP,0.060381517265733695,0.059954424325493826,0.007169004889852584,-0.007169004889852584,0.6125204236415878
S130,validation_consumed,RIGID_ONLY,D_NORMAL,ENG_MID_DOWN,0.1829971904280067,0.1817231906495907,0.021555827162896377,-0.021555827162896377,0.09641544593805346
S130,validation_consumed,RIGID_ONLY,D_NORMAL,ENG_PAIR_1_NEG_X,0.46138048686943267,0.2700894926258976,0.3740636571988249,-0.3740636571988249,0.37423419441447514
S130,validation_consumed,RIGID_ONLY,D_NORMAL,ENG_PAIR_1_POS_X,0.43159850811703976,0.2061673759200211,0.3791731600668844,-0.3791731600668844,0.3690414946949543
S130,validation_consumed,RIGID_ONLY,D_NORMAL,ENG_PAIR_2_NEG_X,0.32730471793786564,0.26132448090537963,0.19707332154281984,-0.19707332154281984,0.2848877598337513
S130,validation_consumed,RIGID_ONLY,D_NORMAL,ENG_PAIR_2_POS_X,0.1985848688701656,0.17099633539282533,0.10097625179419789,-0.10097625179419789,0.35615173743610373
S130,validation_consumed,RIGID_ONLY,D_NORMAL,ENG_PAIR_3_NEG_X,0.408971263132296,0.27266874740487607,0.3048101839779662,-0.3048101839779662,0.2627921981722874
S130,validation_consumed,RIGID_ONLY,D_NORMAL,ENG_PAIR_3_POS_X,0.31426371565703415,0.20495762281617833,0.23823109752529448,-0.23823109752529448,0.22517000535703538
S130,validation_consumed,NORMAL_BUMP,INITIAL,ENG_MID_UP,40.88412561621676,18.904810698770913,36.250791161659194,-36.250791161659194,2.0725407633784974
S130,validation_consumed,NORMAL_BUMP,INITIAL,ENG_MID_DOWN,49.11576396088892,28.23680029877646,40.18757741328497,-40.18757741328497,4.816946189030411
S130,validation_consumed,NORMAL_BUMP,INITIAL,ENG_PAIR_1_NEG_X,44.71568932575438,39.30777979952018,21.31645653268427,-21.31645653268427,2.76216345540233
S130,validation_consumed,NORMAL_BUMP,INITIAL,ENG_PAIR_1_POS_X,36.17267916197816,14.823606783743623,32.995808819854055,-32.995808819854055,1.3113823465367067
S130,validation_consumed,NORMAL_BUMP,INITIAL,ENG_PAIR_2_NEG_X,46.37914587119578,39.04159392195224,25.035557029453877,-25.035557029453877,3.4875206550727205
S130,validation_consumed,NORMAL_BUMP,INITIAL,ENG_PAIR_2_POS_X,34.74577551300341,4.041195088910726,34.50996462260417,-34.50996462260417,1.4394107059454913
S130,validation_consumed,NORMAL_BUMP,INITIAL,ENG_PAIR_3_NEG_X,51.3961625235882,39.212458366776644,33.22572242984192,-33.22572242984192,4.094078972877605
S130,validation_consumed,NORMAL_BUMP,INITIAL,ENG_PAIR_3_POS_X,43.91046992500974,25.17841919523177,35.97466575055799,-35.97466575055799,4.677686101415581
S130,validation_consumed,NORMAL_BUMP,RIGID,ENG_MID_UP,1.4269122952411253,0.5564181423597996,1.3139549266101809,1.3139549266101809,2.1991797272653404
S130,validation_consumed,NORMAL_BUMP,RIGID,ENG_MID_DOWN,2.7724374814539434,0.9026056075191373,2.621395183074405,2.621395183074405,2.3787694549447225
S130,validation_consumed,NORMAL_BUMP,RIGID,ENG_PAIR_1_NEG_X,1.5697456926859752,1.291008225421041,0.8929721729154754,0.8929721729154754,1.9945391168418412
S130,validation_consumed,NORMAL_BUMP,RIGID,ENG_PAIR_1_POS_X,5.582339496589684,1.2206995782820773,5.447238455838621,5.447238455838621,2.8919328610905604
S130,validation_consumed,NORMAL_BUMP,RIGID,ENG_PAIR_2_NEG_X,3.6368604023158473,1.4138034124155365,3.3508078872079747,3.3508078872079747,2.6483309184797674
S130,validation_consumed,NORMAL_BUMP,RIGID,ENG_PAIR_2_POS_X,10.038054187218966,1.425171652167559,9.936368432551314,9.936368432551314,0.23948752421131325
S130,validation_consumed,NORMAL_BUMP,RIGID,ENG_PAIR_3_NEG_X,1.6472645146168656,1.2282692668362403,1.0976497570999149,1.0976497570999149,1.841294499917097
S130,validation_consumed,NORMAL_BUMP,RIGID,ENG_PAIR_3_POS_X,5.988012792319225,1.083666618573974,5.889139483894666,5.889139483894666,2.8617338509901655
S130,validation_consumed,NORMAL_BUMP,D_VECTOR,ENG_MID_UP,0.9321155548411793,0.9060110773903298,0.2190509877240756,-0.2190509877240756,0.33612681288747176
S130,validation_consumed,NORMAL_BUMP,D_VECTOR,ENG_MID_DOWN,1.126149404949892,1.1260414255494544,0.01559455724118848,-0.01559455724118848,0.5643706818965022
S130,validation_consumed,NORMAL_BUMP,D_VECTOR,ENG_PAIR_1_NEG_X,1.6312829539823135,1.5399396498739883,0.5382099503904035,-0.5382099503904035,0.5503273259827489
S130,validation_consumed,NORMAL_BUMP,D_VECTOR,ENG_PAIR_1_POS_X,1.202434801196094,1.1933004788279495,0.1479304510791357,0.1479304510791357,0.5390183311244748
S130,validation_consumed,NORMAL_BUMP,D_VECTOR,ENG_PAIR_2_NEG_X,1.8016364970555476,1.801502243592468,0.021993950392952263,0.021993950392952263,1.261287563980728
S130,validation_consumed,NORMAL_BUMP,D_VECTOR,ENG_PAIR_2_POS_X,0.9239989339280992,0.840122370910562,0.3846666502257246,0.3846666502257246,0.2663105785283467
S130,validation_consumed,NORMAL_BUMP,D_VECTOR,ENG_PAIR_3_NEG_X,1.4646735258892318,1.4269425933386761,0.33030799681008005,-0.33030799681008005,0.3651022718366125
S130,validation_consumed,NORMAL_BUMP,D_VECTOR,ENG_PAIR_3_POS_X,1.746957794521165,1.7466766867073673,0.03133828251876045,0.03133828251876045,0.4470987903568541
S130,validation_consumed,NORMAL_BUMP,D_NORMAL,ENG_MID_UP,0.38333598884864506,0.34745226796400114,0.161936412931868,-0.161936412931868,0.4743633039393886
S130,validation_consumed,NORMAL_BUMP,D_NORMAL,ENG_MID_DOWN,0.9967381359016494,0.9966073611059031,0.016145567510087062,-0.016145567510087062,0.5759526640564008
S130,validation_consumed,NORMAL_BUMP,D_NORMAL,ENG_PAIR_1_NEG_X,1.3055059118655485,1.2077719264836557,0.4956134174070113,-0.4956134174070113,0.38301832447308193
S130,validation_consumed,NORMAL_BUMP,D_NORMAL,ENG_PAIR_1_POS_X,1.1587361841510102,1.1254383068195082,0.2757864427488815,0.2757864427488815,0.57411411397715
S130,validation_consumed,NORMAL_BUMP,D_NORMAL,ENG_PAIR_2_NEG_X,1.12510057389608,1.115260258872479,0.14847847103529738,0.14847847103529738,0.9430619475416996
S130,validation_consumed,NORMAL_BUMP,D_NORMAL,ENG_PAIR_2_POS_X,0.9148481828255327,0.7205252960901282,0.5637290974514375,0.5637290974514375,0.23841009053664292
S130,validation_consumed,NORMAL_BUMP,D_NORMAL,ENG_PAIR_3_NEG_X,1.233477341376615,1.193991571243489,0.30959728598459463,-0.30959728598459463,0.27646123819795765
S130,validation_consumed,NORMAL_BUMP,D_NORMAL,ENG_PAIR_3_POS_X,1.3576080402700277,1.3563740979008916,0.05786966000736375,0.05786966000736375,0.6234283184338464
S130,validation_consumed,TANGENTIAL_SHIFT,INITIAL,ENG_MID_UP,40.92429594259104,13.220798346760795,38.72994306051921,-38.72994306051921,2.498487821271948
S130,validation_consumed,TANGENTIAL_SHIFT,INITIAL,ENG_MID_DOWN,50.7642030124417,24.90434877890689,44.235480322778834,-44.235480322778834,2.4720553749585856
S130,validation_consumed,TANGENTIAL_SHIFT,INITIAL,ENG_PAIR_1_NEG_X,42.793041181033864,35.980495057487495,23.165671778296836,-23.165671778296836,2.5016438417756675
S130,validation_consumed,TANGENTIAL_SHIFT,INITIAL,ENG_PAIR_1_POS_X,43.969094484145295,14.59853949131626,41.47485882406564,-41.47485882406564,6.4902456103892305
S130,validation_consumed,TANGENTIAL_SHIFT,INITIAL,ENG_PAIR_2_NEG_X,42.6473274835402,31.081543836583837,29.201578283079844,-29.201578283079844,4.603097824650652
S130,validation_consumed,TANGENTIAL_SHIFT,INITIAL,ENG_PAIR_2_POS_X,52.44494382309944,23.10216312476787,47.08250409190948,-47.08250409190948,10.048940427528892
S130,validation_consumed,TANGENTIAL_SHIFT,INITIAL,ENG_PAIR_3_NEG_X,50.65579688823359,36.33840659826043,35.29206659125361,-35.29206659125361,2.483348039073984
S130,validation_consumed,TANGENTIAL_SHIFT,INITIAL,ENG_PAIR_3_POS_X,51.070269128384446,26.601104988965727,43.59533922578927,-43.59533922578927,6.720937834713716
S130,validation_consumed,TANGENTIAL_SHIFT,RIGID,ENG_MID_UP,5.135444303185218,5.134142295546153,0.11563338705403042,0.11563338705403042,1.0232041948070534
S130,validation_consumed,TANGENTIAL_SHIFT,RIGID,ENG_MID_DOWN,6.72749478445797,6.706837158984466,0.5268029971197499,-0.5268029971197499,0.21028723659270285
S130,validation_consumed,TANGENTIAL_SHIFT,RIGID,ENG_PAIR_1_NEG_X,3.190551898748341,3.1904236606009775,0.02860567223652655,-0.02860567223652655,1.9356910737120179
S130,validation_consumed,TANGENTIAL_SHIFT,RIGID,ENG_PAIR_1_POS_X,12.258830533842133,12.130332772929302,1.7702973974610832,-1.7702973974610832,6.401933585055605
S130,validation_consumed,TANGENTIAL_SHIFT,RIGID,ENG_PAIR_2_NEG_X,7.271972010162087,7.27196984033187,0.005617640473569007,0.005617640473569007,4.257977560777353
S130,validation_consumed,TANGENTIAL_SHIFT,RIGID,ENG_PAIR_2_POS_X,19.910357861352583,19.854541814242292,1.4898051931809915,-1.4898051931809915,10.79865845554239
S130,validation_consumed,TANGENTIAL_SHIFT,RIGID,ENG_PAIR_3_NEG_X,3.4855842673623827,3.477783757854415,0.2330618340444931,-0.2330618340444931,2.2982720928020166
S130,validation_consumed,TANGENTIAL_SHIFT,RIGID,ENG_PAIR_3_POS_X,12.508866018913093,12.479665746148845,0.8542083724231817,-0.8542083724231817,7.248000489518076
S130,validation_consumed,TANGENTIAL_SHIFT,D_VECTOR,ENG_MID_UP,5.015794980774638,4.971500387261106,0.6651189281825698,0.6651189281825698,1.5095271015056595
S130,validation_consumed,TANGENTIAL_SHIFT,D_VECTOR,ENG_MID_DOWN,6.680320856146729,6.6800750624916825,0.05730532737640898,-0.05730532737640898,0.15589358822509172
S130,validation_consumed,TANGENTIAL_SHIFT,D_VECTOR,ENG_PAIR_1_NEG_X,3.2672554152822384,3.250677049089818,0.32871974569810397,-0.32871974569810397,1.5439850103169914
S130,validation_consumed,TANGENTIAL_SHIFT,D_VECTOR,ENG_PAIR_1_POS_X,12.085091747212784,11.8119056772835,2.555059061843458,-2.555059061843458,6.839577294853505
S130,validation_consumed,TANGENTIAL_SHIFT,D_VECTOR,ENG_PAIR_2_NEG_X,7.1925142243334115,7.191304082750838,0.13193353117988382,-0.13193353117988382,4.339179980497991
S130,validation_consumed,TANGENTIAL_SHIFT,D_VECTOR,ENG_PAIR_2_POS_X,19.61589615260881,19.41494764839058,2.800569527825731,-2.800569527825731,10.98758309412854
S130,validation_consumed,TANGENTIAL_SHIFT,D_VECTOR,ENG_PAIR_3_NEG_X,3.5707846334145374,3.559734730531054,0.28069831934017064,-0.28069831934017064,2.020325206067298
S130,validation_consumed,TANGENTIAL_SHIFT,D_VECTOR,ENG_PAIR_3_POS_X,12.260644564091098,12.188579159784918,1.3273820823837152,-1.3273820823837152,7.119101366564341
S130,validation_consumed,TANGENTIAL_SHIFT,D_NORMAL,ENG_MID_UP,5.103187300229544,5.0593248516208265,0.667647112624629,0.667647112624629,1.5167419956866706
S130,validation_consumed,TANGENTIAL_SHIFT,D_NORMAL,ENG_MID_DOWN,6.708180919988278,6.707936380314985,0.05727803192749701,-0.05727803192749701,0.15480283751833884
S130,validation_consumed,TANGENTIAL_SHIFT,D_NORMAL,ENG_PAIR_1_NEG_X,3.2370189529101454,3.221453536505919,0.31706279130954945,-0.31706279130954945,1.5644117809705966
S130,validation_consumed,TANGENTIAL_SHIFT,D_NORMAL,ENG_PAIR_1_POS_X,12.227595265622979,11.959206338809544,2.5478362831357746,-2.5478362831357746,6.8997996329585085
S130,validation_consumed,TANGENTIAL_SHIFT,D_NORMAL,ENG_PAIR_2_NEG_X,7.269556942062157,7.268112845604273,0.1448923650377589,-0.1448923650377589,4.386989664225201
S130,validation_consumed,TANGENTIAL_SHIFT,D_NORMAL,ENG_PAIR_2_POS_X,19.73803198147292,19.543130692976636,2.7669386004901306,-2.7669386004901306,10.988326509611293
S130,validation_consumed,TANGENTIAL_SHIFT,D_NORMAL,ENG_PAIR_3_NEG_X,3.493110047630249,3.481767299002547,0.28127260878355587,-0.28127260878355587,2.003778571828389
S130,validation_consumed,TANGENTIAL_SHIFT,D_NORMAL,ENG_PAIR_3_POS_X,12.484088290454117,12.411572590385571,1.3436243066583757,-1.3436243066583757,7.244572001777864
S134,validation_consumed,RIGID_ONLY,INITIAL,ENG_MID_UP,37.125987251941666,18.970026109584847,31.913587056816482,-31.913587056816482,2.0984050757332966
S134,validation_consumed,RIGID_ONLY,INITIAL,ENG_MID_DOWN,44.668237899530595,23.55621491634543,37.95202518791331,-37.95202518791331,2.340745537715176
S134,validation_consumed,RIGID_ONLY,INITIAL,ENG_PAIR_1_NEG_X,39.18950024814695,28.677265039073756,26.71013664469405,-26.71013664469405,2.312249001305352
S134,validation_consumed,RIGID_ONLY,INITIAL,ENG_PAIR_1_POS_X,37.09422676776423,14.855992349379525,33.989427044501554,-33.989427044501554,1.7861576444098062
S134,validation_consumed,RIGID_ONLY,INITIAL,ENG_PAIR_2_NEG_X,41.67374568863001,32.40927647484691,26.198089206992616,-26.198089206992616,2.4430821694196183
S134,validation_consumed,RIGID_ONLY,INITIAL,ENG_PAIR_2_POS_X,39.5905398794579,2.4906387727856925,39.51211923512131,-39.51211923512131,1.5084002453731171
S134,validation_consumed,RIGID_ONLY,INITIAL,ENG_PAIR_3_NEG_X,45.0489000402939,32.986264598879856,30.680771545922337,-30.680771545922337,2.4494830686301348
S134,validation_consumed,RIGID_ONLY,INITIAL,ENG_PAIR_3_POS_X,42.584533219768076,22.70173849699521,36.02878763932498,-36.02878763932498,2.1405851034930534
S134,validation_consumed,RIGID_ONLY,RIGID,ENG_MID_UP,0.42097237422174894,0.037499519143401674,0.4192988503703652,-0.4192988503703652,0.007779987985623748
S134,validation_consumed,RIGID_ONLY,RIGID,ENG_MID_DOWN,0.46499145639975326,0.09789328834356957,0.454570081089865,-0.454570081089865,0.00840761712853933
S134,validation_consumed,RIGID_ONLY,RIGID,ENG_PAIR_1_NEG_X,0.4334991465024536,0.22314068719071598,0.37165810059570986,-0.37165810059570986,0.008377459172518817
S134,validation_consumed,RIGID_ONLY,RIGID,ENG_PAIR_1_POS_X,0.42211195178523336,0.190337071348247,0.3767629216238131,-0.3767629216238131,0.00690706573931417
S134,validation_consumed,RIGID_ONLY,RIGID,ENG_PAIR_2_NEG_X,0.4486040971349987,0.22650715602318744,0.38722105345215263,-0.38722105345215263,0.008573252495130976
S134,validation_consumed,RIGID_ONLY,RIGID,ENG_PAIR_2_POS_X,0.43787630581974074,0.20049880424797223,0.38927610855725076,-0.38927610855725076,0.006019017801484127
S134,validation_consumed,RIGID_ONLY,RIGID,ENG_PAIR_3_NEG_X,0.46609847981886604,0.19700406434314116,0.4224182660843886,-0.4224182660843886,0.008536791717601392
S134,validation_consumed,RIGID_ONLY,RIGID,ENG_PAIR_3_POS_X,0.4547146887126957,0.18415873159199625,0.41575354443409235,-0.41575354443409235,0.007800956208963911
S134,validation_consumed,RIGID_ONLY,D_VECTOR,ENG_MID_UP,0.14541800410154754,0.05772729894596518,0.1334689284937917,0.1334689284937917,0.490751889434544
S134,validation_consumed,RIGID_ONLY,D_VECTOR,ENG_MID_DOWN,0.08897560407383527,0.07931442925938183,0.04032219527211295,-0.04032219527211295,0.0648138115713118
S134,validation_consumed,RIGID_ONLY,D_VECTOR,ENG_PAIR_1_NEG_X,0.36674653906199234,0.16241402908871042,0.3288232155263996,-0.3288232155263996,0.40900588009624084
S134,validation_consumed,RIGID_ONLY,D_VECTOR,ENG_PAIR_1_POS_X,0.3634887827227471,0.1519860012645831,0.3301883562224244,-0.3301883562224244,0.38446236480851
S134,validation_consumed,RIGID_ONLY,D_VECTOR,ENG_PAIR_2_NEG_X,0.21391127136969532,0.13873553145450282,0.16282040514332377,-0.16282040514332377,0.29052109900273093
S134,validation_consumed,RIGID_ONLY,D_VECTOR,ENG_PAIR_2_POS_X,0.1765528567225214,0.11231574851894312,0.13622071740933064,-0.13622071740933064,0.45319701175870325
S134,validation_consumed,RIGID_ONLY,D_VECTOR,ENG_PAIR_3_NEG_X,0.33958495908116654,0.12820583481436612,0.31445382547157696,-0.31445382547157696,0.20112286441188773
S134,validation_consumed,RIGID_ONLY,D_VECTOR,ENG_PAIR_3_POS_X,0.33657991350983596,0.1302637164099009,0.31035045088636426,-0.31035045088636426,0.25377977351174613
S134,validation_consumed,RIGID_ONLY,D_NORMAL,ENG_MID_UP,0.13636737204703564,0.0579632792725967,0.12343548280369628,0.12343548280369628,0.48645385301906696
S134,validation_consumed,RIGID_ONLY,D_NORMAL,ENG_MID_DOWN,0.10944151215506247,0.10155163054228254,0.04080086907150916,-0.04080086907150916,0.0678940484133717
S134,validation_consumed,RIGID_ONLY,D_NORMAL,ENG_PAIR_1_NEG_X,0.41196640156873815,0.22214869131470025,0.3469384310921188,-0.3469384310921188,0.4413526669575824
S134,validation_consumed,RIGID_ONLY,D_NORMAL,ENG_PAIR_1_POS_X,0.4002620618415881,0.18765163010224858,0.35354855942239133,-0.35354855942239133,0.39781202593105613
S134,validation_consumed,RIGID_ONLY,D_NORMAL,ENG_PAIR_2_NEG_X,0.2911990275147334,0.22834352038200476,0.1807100172239476,-0.1807100172239476,0.33041731427117327
S134,validation_consumed,RIGID_ONLY,D_NORMAL,ENG_PAIR_2_POS_X,0.24249785784072092,0.19659963233847397,0.14196406454351523,-0.14196406454351523,0.47131323751937654
S134,validation_consumed,RIGID_ONLY,D_NORMAL,ENG_PAIR_3_NEG_X,0.3789452446003891,0.19764613098622555,0.3233195096362489,-0.3233195096362489,0.2342176182520782
S134,validation_consumed,RIGID_ONLY,D_NORMAL,ENG_PAIR_3_POS_X,0.36765960206501497,0.18413189191370458,0.318227951900654,-0.318227951900654,0.2897995647415546
S134,validation_consumed,NORMAL_BUMP,INITIAL,ENG_MID_UP,34.9236103010722,19.451631847132944,29.005043956952726,-29.005043956952726,2.3592875552655705
S134,validation_consumed,NORMAL_BUMP,INITIAL,ENG_MID_DOWN,41.265923016151454,23.53670067008339,33.895429248526035,-33.895429248526035,4.719070960668316
S134,validation_consumed,NORMAL_BUMP,INITIAL,ENG_PAIR_1_NEG_X,37.8145584213453,28.876783162911956,24.41459036648991,-24.41459036648991,3.0271353866901554
S134,validation_consumed,NORMAL_BUMP,INITIAL,ENG_PAIR_1_POS_X,30.04727341817778,14.323013701890654,26.413820593813867,-26.413820593813867,1.2055314795567496
S134,validation_consumed,NORMAL_BUMP,INITIAL,ENG_PAIR_2_NEG_X,39.30774349011722,32.68870858148896,21.82995715889848,-21.82995715889848,3.5364618898482294
S134,validation_consumed,NORMAL_BUMP,INITIAL,ENG_PAIR_2_POS_X,27.825196678005486,2.5241837118227846,27.71046854094416,-27.71046854094416,1.2374946653081504
S134,validation_consumed,NORMAL_BUMP,INITIAL,ENG_PAIR_3_NEG_X,43.699914453630406,33.01611411173588,28.62898412824755,-28.62898412824755,4.020156345591969
S134,validation_consumed,NORMAL_BUMP,INITIAL,ENG_PAIR_3_POS_X,35.99901601850753,22.259728715419676,28.29193580893118,-28.29193580893118,4.532048432265015
S134,validation_consumed,NORMAL_BUMP,RIGID,ENG_MID_UP,0.5844126431965775,0.5738601538958453,0.11055614545852664,0.11055614545852664,2.3234481999566596
S134,validation_consumed,NORMAL_BUMP,RIGID,ENG_MID_DOWN,2.0033768233131806,0.46897771525689025,1.9477111178973225,1.9477111178973225,2.240233743177355
S134,validation_consumed,NORMAL_BUMP,RIGID,ENG_PAIR_1_NEG_X,1.6276635420648038,1.5894833522803624,0.35047293617414194,0.35047293617414194,2.347222158395757
S134,validation_consumed,NORMAL_BUMP,RIGID,ENG_PAIR_1_POS_X,5.102876283361894,1.35762389413099,4.918963684088539,4.918963684088539,2.8763664910069506
S134,validation_consumed,NORMAL_BUMP,RIGID,ENG_PAIR_2_NEG_X,3.1388001320577175,1.623133396427316,2.6865413167133445,2.6865413167133445,2.669659946426212
S134,validation_consumed,NORMAL_BUMP,RIGID,ENG_PAIR_2_POS_X,9.366270479460503,1.3248955578009014,9.272091158704855,9.272091158704855,0.4248483942976462
S134,validation_consumed,NORMAL_BUMP,RIGID,ENG_PAIR_3_NEG_X,1.086403722815426,1.0408562468717908,0.311273709611311,0.311273709611311,1.6815454072872325
S134,validation_consumed,NORMAL_BUMP,RIGID,ENG_PAIR_3_POS_X,5.460494912813031,0.8995748800364863,5.385886159961453,5.385886159961453,2.7862101876816254
S134,validation_consumed,NORMAL_BUMP,D_VECTOR,ENG_MID_UP,0.8114764345542851,0.7621751530955158,0.2785373221684337,-0.2785373221684337,0.058385903035834553
S134,validation_consumed,NORMAL_BUMP,D_VECTOR,ENG_MID_DOWN,0.5960197733695637,0.5925873930401506,0.06387293524947953,-0.06387293524947953,0.7319946301007243
S134,validation_consumed,NORMAL_BUMP,D_VECTOR,ENG_PAIR_1_NEG_X,1.5318405604124374,1.4429582011256212,0.5142053406266813,-0.5142053406266813,0.6334105470137247
S134,validation_consumed,NORMAL_BUMP,D_VECTOR,ENG_PAIR_1_POS_X,1.432017873333882,1.4317015945002036,0.030095412495406326,0.030095412495406326,0.8557133896386544
S134,validation_consumed,NORMAL_BUMP,D_VECTOR,ENG_PAIR_2_NEG_X,1.9106480842054645,1.9082529384610105,0.09563903247592062,-0.09563903247592062,1.3135803745750791
S134,validation_consumed,NORMAL_BUMP,D_VECTOR,ENG_PAIR_2_POS_X,1.416817823293001,1.3529714051292534,0.4205248165129986,0.4205248165129986,0.5585514652079016
S134,validation_consumed,NORMAL_BUMP,D_VECTOR,ENG_PAIR_3_NEG_X,1.2068687131557274,1.1372217531470226,0.4040529358430332,-0.4040529358430332,0.45557268466689366
S134,validation_consumed,NORMAL_BUMP,D_VECTOR,ENG_PAIR_3_POS_X,1.1844739952300494,1.1843825809053765,0.014715550419680914,-0.014715550419680914,0.6388502900249937
S134,validation_consumed,NORMAL_BUMP,D_NORMAL,ENG_MID_UP,0.5646794331989602,0.5115352988316968,0.239153716941773,-0.239153716941773,0.18362306229822353
S134,validation_consumed,NORMAL_BUMP,D_NORMAL,ENG_MID_DOWN,0.47106525782201836,0.46722280838857466,0.060044354009497834,-0.060044354009497834,0.7463658963687235
S134,validation_consumed,NORMAL_BUMP,D_NORMAL,ENG_PAIR_1_NEG_X,1.6340546812360777,1.5493557882094326,0.5192603805524427,-0.5192603805524427,0.6872171541993853
S134,validation_consumed,NORMAL_BUMP,D_NORMAL,ENG_PAIR_1_POS_X,1.517732177416315,1.5114378514855809,0.13808179989238256,0.13808179989238256,0.7352216502347404
S134,validation_consumed,NORMAL_BUMP,D_NORMAL,ENG_PAIR_2_NEG_X,1.4768418092713997,1.4768285237998093,0.006264256005026497,0.006264256005026497,1.0707587430728678
S134,validation_consumed,NORMAL_BUMP,D_NORMAL,ENG_PAIR_2_POS_X,1.264638436453115,1.0296645815550913,0.7342351288555714,0.7342351288555714,0.5597584646862135
S134,validation_consumed,NORMAL_BUMP,D_NORMAL,ENG_PAIR_3_NEG_X,1.0812234397808702,1.0069784656879341,0.39374928110709073,-0.39374928110709073,0.40872025098267173
S134,validation_consumed,NORMAL_BUMP,D_NORMAL,ENG_PAIR_3_POS_X,1.0165662257279604,1.015614352292885,0.04398157236268574,0.04398157236268574,0.9051454362844724
S134,validation_consumed,TANGENTIAL_SHIFT,INITIAL,ENG_MID_UP,34.282733628791554,14.643236940123476,30.99808763420864,-30.99808763420864,3.276423272721152
S134,validation_consumed,TANGENTIAL_SHIFT,INITIAL,ENG_MID_DOWN,42.6131955594917,19.650348444169975,37.81201187207831,-37.81201187207831,2.580446371444791
S134,validation_consumed,TANGENTIAL_SHIFT,INITIAL,ENG_PAIR_1_NEG_X,36.35262751877847,25.015847474787847,26.37652180703893,-26.37652180703893,2.2558939942203344
S134,validation_consumed,TANGENTIAL_SHIFT,INITIAL,ENG_PAIR_1_POS_X,35.14003262967002,3.8282975431270754,34.93087504108021,-34.93087504108021,6.127012722051489
S134,validation_consumed,TANGENTIAL_SHIFT,INITIAL,ENG_PAIR_2_NEG_X,35.97617718696576,25.116764395803493,25.75720231845169,-25.75720231845169,4.853127081400157
S134,validation_consumed,TANGENTIAL_SHIFT,INITIAL,ENG_PAIR_2_POS_X,43.947009992129445,17.43641031800779,40.33994648571558,-40.33994648571558,10.52886326740777
S134,validation_consumed,TANGENTIAL_SHIFT,INITIAL,ENG_PAIR_3_NEG_X,42.95140384396931,30.28802801337179,30.454202521638088,-30.454202521638088,2.074323042561507
S134,validation_consumed,TANGENTIAL_SHIFT,INITIAL,ENG_PAIR_3_POS_X,43.23555428926058,23.382850830281438,36.366955354392886,-36.366955354392886,7.416274187273516
S134,validation_consumed,TANGENTIAL_SHIFT,RIGID,ENG_MID_UP,4.7467352647056495,4.740320935782844,0.24668420901849689,0.24668420901849689,2.032674478173883
S134,validation_consumed,TANGENTIAL_SHIFT,RIGID,ENG_MID_DOWN,6.654374956993835,6.632282692060683,0.541786268614291,-0.541786268614291,0.36662627482397636
S134,validation_consumed,TANGENTIAL_SHIFT,RIGID,ENG_PAIR_1_NEG_X,3.5396601354254855,3.5369558478889704,0.13833728493931421,-0.13833728493931421,1.838079670453641
S134,validation_consumed,TANGENTIAL_SHIFT,RIGID,ENG_PAIR_1_POS_X,12.651684174271203,12.547781702780295,1.6181121051634535,-1.6181121051634535,6.087515723807249
S134,validation_consumed,TANGENTIAL_SHIFT,RIGID,ENG_PAIR_2_NEG_X,6.911604734472054,6.911201319735371,0.07467478600302031,-0.07467478600302031,4.501199791483699
S134,validation_consumed,TANGENTIAL_SHIFT,RIGID,ENG_PAIR_2_POS_X,19.900445149326174,19.834809104323735,1.614950443938148,-1.614950443938148,11.176253454141097
S134,validation_consumed,TANGENTIAL_SHIFT,RIGID,ENG_PAIR_3_NEG_X,3.157610229733338,3.1429823270790616,0.303585992076896,-0.303585992076896,1.9439841793666626
S134,validation_consumed,TANGENTIAL_SHIFT,RIGID,ENG_PAIR_3_POS_X,12.979165179489444,12.926161818201685,1.1717804428032306,-1.1717804428032306,7.9883295665988
S134,validation_consumed,TANGENTIAL_SHIFT,D_VECTOR,ENG_MID_UP,4.602683976664018,4.487513684853517,1.0231914372648445,1.0231914372648445,2.5617804175492997
S134,validation_consumed,TANGENTIAL_SHIFT,D_VECTOR,ENG_MID_DOWN,6.593856759315943,6.593794447227182,0.02866618378023005,-0.02866618378023005,0.4766130232902054
S134,validation_consumed,TANGENTIAL_SHIFT,D_VECTOR,ENG_PAIR_1_NEG_X,3.6265859771356714,3.621412045526127,0.1936508354625994,-0.1936508354625994,1.4323259127568493
S134,validation_consumed,TANGENTIAL_SHIFT,D_VECTOR,ENG_PAIR_1_POS_X,12.294167673381354,12.07995938665078,2.2849813999424162,-2.2849813999424162,6.645771993143957
S134,validation_consumed,TANGENTIAL_SHIFT,D_VECTOR,ENG_PAIR_2_NEG_X,6.844700273646122,6.8436160688318655,0.12182339051917913,-0.12182339051917913,4.599380775168337
S134,validation_consumed,TANGENTIAL_SHIFT,D_VECTOR,ENG_PAIR_2_POS_X,19.59063461335591,19.363894396958877,2.9719620349936027,-2.9719620349936027,11.638116148768692
S134,validation_consumed,TANGENTIAL_SHIFT,D_VECTOR,ENG_PAIR_3_NEG_X,3.243034511577023,3.233726922952637,0.24552602927366182,-0.24552602927366182,1.6781825437193063
S134,validation_consumed,TANGENTIAL_SHIFT,D_VECTOR,ENG_PAIR_3_POS_X,12.71799275290188,12.601042572422788,1.7207747530845725,-1.7207747530845725,8.03463497475438
S134,validation_consumed,TANGENTIAL_SHIFT,D_NORMAL,ENG_MID_UP,4.69307191171359,4.575127588047596,1.0455293021244516,1.0455293021244516,2.819192319796465
S134,validation_consumed,TANGENTIAL_SHIFT,D_NORMAL,ENG_MID_DOWN,6.629151001385528,6.629088088875829,0.02888094692653147,-0.02888094692653147,0.4791145469694462
S134,validation_consumed,TANGENTIAL_SHIFT,D_NORMAL,ENG_PAIR_1_NEG_X,3.5606861837474666,3.5532241629427443,0.2303999718097403,-0.2303999718097403,1.3676962015541128
S134,validation_consumed,TANGENTIAL_SHIFT,D_NORMAL,ENG_PAIR_1_POS_X,12.619431098095934,12.400517226759707,2.340344792637716,-2.340344792637716,6.811195506817261
S134,validation_consumed,TANGENTIAL_SHIFT,D_NORMAL,ENG_PAIR_2_NEG_X,6.9097566672120925,6.908273196460668,0.1431734722114556,-0.1431734722114556,4.65363595815134
S134,validation_consumed,TANGENTIAL_SHIFT,D_NORMAL,ENG_PAIR_2_POS_X,19.71440842418541,19.498861703167904,2.9072825449764546,-2.9072825449764546,11.615404536458172
S134,validation_consumed,TANGENTIAL_SHIFT,D_NORMAL,ENG_PAIR_3_NEG_X,3.1548829203805058,3.1445152077425824,0.2555588965077367,-0.2555588965077367,1.6536090112029795
S134,validation_consumed,TANGENTIAL_SHIFT,D_NORMAL,ENG_PAIR_3_POS_X,12.947485257722649,12.831905687842223,1.726143365212668,-1.726143365212668,8.139008502278527
S140,validation_consumed,RIGID_ONLY,INITIAL,ENG_MID_UP,42.71443233577889,10.725151934901577,41.34602575509658,-41.34602575509658,1.9963599086026458
S140,validation_consumed,RIGID_ONLY,INITIAL,ENG_MID_DOWN,51.59216409672735,21.42922026690422,46.931225372199094,-46.931225372199094,2.31403824463046
S140,validation_consumed,RIGID_ONLY,INITIAL,ENG_PAIR_1_NEG_X,45.43619008893312,32.07718973724359,32.179205527149655,-32.179205527149655,2.383298227047352
S140,validation_consumed,RIGID_ONLY,INITIAL,ENG_PAIR_1_POS_X,42.16228210265509,9.255017248945457,41.13396027403138,-41.13396027403138,1.1677138246616832
S140,validation_consumed,RIGID_ONLY,INITIAL,ENG_PAIR_2_NEG_X,48.60555173829106,30.574472487477294,37.78493472134342,-37.78493472134342,2.435720124822395
S140,validation_consumed,RIGID_ONLY,INITIAL,ENG_PAIR_2_POS_X,45.60674886175682,11.08271329331314,44.239676850058224,-44.239676850058224,1.4236286938756655
S140,validation_consumed,RIGID_ONLY,INITIAL,ENG_PAIR_3_NEG_X,52.41468340951482,33.68271082907684,40.15935791474333,-40.15935791474333,2.4494357382748886
S140,validation_consumed,RIGID_ONLY,INITIAL,ENG_PAIR_3_POS_X,48.984859992836114,27.034613896169176,40.849065595222775,-40.849065595222775,2.134498206745331
S140,validation_consumed,RIGID_ONLY,RIGID,ENG_MID_UP,0.4495082730557796,0.11764731238517226,0.4338395987391366,-0.4338395987391366,0.01003150461778849
S140,validation_consumed,RIGID_ONLY,RIGID,ENG_MID_DOWN,0.5047587258010688,0.14572378173879363,0.48326592131875284,-0.48326592131875284,0.010089787334336577
S140,validation_consumed,RIGID_ONLY,RIGID,ENG_PAIR_1_NEG_X,0.4499240882513852,0.21028177460210332,0.3977603052832578,-0.3977603052832578,0.009062173889417048
S140,validation_consumed,RIGID_ONLY,RIGID,ENG_PAIR_1_POS_X,0.4625121304148988,0.3025524061569386,0.3498278323826955,-0.3498278323826955,0.00952342303711453
S140,validation_consumed,RIGID_ONLY,RIGID,ENG_PAIR_2_NEG_X,0.47141991098114455,0.15878399474792548,0.4438742789139298,-0.4438742789139298,0.00926856525887472
S140,validation_consumed,RIGID_ONLY,RIGID,ENG_PAIR_2_POS_X,0.4820946376291779,0.27161984235484843,0.3982937369202981,-0.3982937369202981,0.00912860480933857
S140,validation_consumed,RIGID_ONLY,RIGID,ENG_PAIR_3_NEG_X,0.4940069744014935,0.21336962108804558,0.4455516755148181,-0.4455516755148181,0.010003309029964633
S140,validation_consumed,RIGID_ONLY,RIGID,ENG_PAIR_3_POS_X,0.503854021433303,0.2811590661222306,0.4181129685285863,-0.4181129685285863,0.00912518538254869
S140,validation_consumed,RIGID_ONLY,D_VECTOR,ENG_MID_UP,0.05931367353879732,0.05768435886312725,0.013806759620453234,0.013806759620453234,0.459741583497569
S140,validation_consumed,RIGID_ONLY,D_VECTOR,ENG_MID_DOWN,0.14827316344801017,0.12569600475492892,0.07864760255423703,-0.07864760255423703,0.1492848611102626
S140,validation_consumed,RIGID_ONLY,D_VECTOR,ENG_PAIR_1_NEG_X,0.3992010436189309,0.14486547217311485,0.3719885323481142,-0.3719885323481142,0.3125757581468371
S140,validation_consumed,RIGID_ONLY,D_VECTOR,ENG_PAIR_1_POS_X,0.5112933922176076,0.1843242928833456,0.47691245315932246,-0.47691245315932246,0.3016810863673841
S140,validation_consumed,RIGID_ONLY,D_VECTOR,ENG_PAIR_2_NEG_X,0.21593692178534715,0.08092386918505694,0.20020010386173864,-0.20020010386173864,0.21954675688762587
S140,validation_consumed,RIGID_ONLY,D_VECTOR,ENG_PAIR_2_POS_X,0.23155423055090096,0.17678598945020343,0.14954623238360884,-0.14954623238360884,0.4152203569022342
S140,validation_consumed,RIGID_ONLY,D_VECTOR,ENG_PAIR_3_NEG_X,0.3527023573216861,0.17071653504844983,0.3086337919303811,-0.3086337919303811,0.2850127079254552
S140,validation_consumed,RIGID_ONLY,D_VECTOR,ENG_PAIR_3_POS_X,0.3914682454414933,0.21004894162401166,0.3303435019970482,-0.3303435019970482,0.23810777122417826
S140,validation_consumed,RIGID_ONLY,D_NORMAL,ENG_MID_UP,0.07129118729738092,0.07046124157644117,0.010846511963605808,0.010846511963605808,0.4677558916761991
S140,validation_consumed,RIGID_ONLY,D_NORMAL,ENG_MID_DOWN,0.16826663666694106,0.1480852883222635,0.0799024930632107,-0.0799024930632107,0.15507276115207064
S140,validation_consumed,RIGID_ONLY,D_NORMAL,ENG_PAIR_1_NEG_X,0.43153652452967173,0.20575884244939407,0.3793244926933052,-0.3793244926933052,0.32964291707495474
S140,validation_consumed,RIGID_ONLY,D_NORMAL,ENG_PAIR_1_POS_X,0.5439925002489309,0.2859373478957034,0.46278253360023713,-0.46278253360023713,0.3022431877189028
S140,validation_consumed,RIGID_ONLY,D_NORMAL,ENG_PAIR_2_NEG_X,0.27185022359788497,0.16636162897519333,0.21500314526755226,-0.21500314526755226,0.25730247737968676
S140,validation_consumed,RIGID_ONLY,D_NORMAL,ENG_PAIR_2_POS_X,0.3231621890689434,0.278449829708617,0.16401064837099358,-0.16401064837099358,0.4482681777443831
S140,validation_consumed,RIGID_ONLY,D_NORMAL,ENG_PAIR_3_NEG_X,0.38189166716888445,0.2123435679000579,0.3174136963404439,-0.3174136963404439,0.3120644106017184
S140,validation_consumed,RIGID_ONLY,D_NORMAL,ENG_PAIR_3_POS_X,0.44141960853742973,0.2812526612704839,0.34021788802120345,-0.34021788802120345,0.2723777355786574
S140,validation_consumed,NORMAL_BUMP,INITIAL,ENG_MID_UP,40.044479305220285,11.04207619797301,38.49198456905508,-38.49198456905508,2.3434091233900323
S140,validation_consumed,NORMAL_BUMP,INITIAL,ENG_MID_DOWN,48.21866605588888,21.41064817244576,43.20444307065045,-43.20444307065045,4.587787556919387
S140,validation_consumed,NORMAL_BUMP,INITIAL,ENG_PAIR_1_NEG_X,44.30336429987737,32.229903834877604,30.39772009678013,-30.39772009678013,2.6878652274358523
S140,validation_consumed,NORMAL_BUMP,INITIAL,ENG_PAIR_1_POS_X,34.9613955303263,9.646135504499282,33.604333757073036,-33.604333757073036,1.724221340957643
S140,validation_consumed,NORMAL_BUMP,INITIAL,ENG_PAIR_2_NEG_X,46.05566672586963,30.817522677827906,34.225790473938474,-34.225790473938474,3.4449705623663816
S140,validation_consumed,NORMAL_BUMP,INITIAL,ENG_PAIR_2_POS_X,34.52225123130157,11.900371138410897,32.40628020685464,-32.40628020685464,1.3428265861954123
S140,validation_consumed,NORMAL_BUMP,INITIAL,ENG_PAIR_3_NEG_X,51.13412422565402,33.692658282188525,38.46431382729049,-38.46431382729049,3.8931766947135547
S140,validation_consumed,NORMAL_BUMP,INITIAL,ENG_PAIR_3_POS_X,42.71965083435211,26.764733971355714,33.29590940117896,-33.29590940117896,4.388248400094628
S140,validation_consumed,NORMAL_BUMP,RIGID,ENG_MID_UP,0.6594012401105813,0.29349711235537523,0.5904823794986848,0.5904823794986848,2.3411626796831673
S140,validation_consumed,NORMAL_BUMP,RIGID,ENG_MID_DOWN,2.0364616969275287,0.7610100813525004,1.8889255938582679,1.8889255938582679,2.173676096437902
S140,validation_consumed,NORMAL_BUMP,RIGID,ENG_PAIR_1_NEG_X,1.3227994441250341,1.3008233900157207,0.2401184652739305,0.2401184652739305,1.8353587104898692
S140,validation_consumed,NORMAL_BUMP,RIGID,ENG_PAIR_1_POS_X,5.5944990472759235,1.7752626267110725,5.305361646124995,5.305361646124995,2.863571114865962
S140,validation_consumed,NORMAL_BUMP,RIGID,ENG_PAIR_2_NEG_X,2.4348583470513567,1.3071591420340176,2.05423225259525,2.05423225259525,2.2486621866070142
S140,validation_consumed,NORMAL_BUMP,RIGID,ENG_PAIR_2_POS_X,9.723544422475593,1.723979778614502,9.569493709637126,9.569493709637126,0.2230369669575402
S140,validation_consumed,NORMAL_BUMP,RIGID,ENG_PAIR_3_NEG_X,1.1367374677427167,1.0939315116974508,0.3090079582882192,0.3090079582882192,1.5074802408867183
S140,validation_consumed,NORMAL_BUMP,RIGID,ENG_PAIR_3_POS_X,5.71897859163563,1.2283962989733725,5.585495382171144,5.585495382171144,2.883517759478113
S140,validation_consumed,NORMAL_BUMP,D_VECTOR,ENG_MID_UP,0.7416188515452607,0.7112780447663379,0.20995729089671267,-0.20995729089671267,0.3834205836438835
S140,validation_consumed,NORMAL_BUMP,D_VECTOR,ENG_MID_DOWN,0.8100334111455173,0.8036035036038596,0.10186037584676663,-0.10186037584676663,0.8475984340715706
S140,validation_consumed,NORMAL_BUMP,D_VECTOR,ENG_PAIR_1_NEG_X,1.5568346383735405,1.4293189778586735,0.6170748340134355,-0.6170748340134355,0.761245897451694
S140,validation_consumed,NORMAL_BUMP,D_VECTOR,ENG_PAIR_1_POS_X,1.7017088040090245,1.5878106842900341,0.6121030015416012,0.6121030015416012,0.9789310479138232
S140,validation_consumed,NORMAL_BUMP,D_VECTOR,ENG_PAIR_2_NEG_X,1.6154538285986308,1.6030382658785294,0.19989845037701368,-0.19989845037701368,1.028227942579008
S140,validation_consumed,NORMAL_BUMP,D_VECTOR,ENG_PAIR_2_POS_X,1.283929975011825,1.1373207676057122,0.5958000103278103,0.5958000103278103,0.06476616969819263
S140,validation_consumed,NORMAL_BUMP,D_VECTOR,ENG_PAIR_3_NEG_X,1.2942043443234759,1.2363541792033468,0.3826136804038463,-0.3826136804038463,0.5373258949207517
S140,validation_consumed,NORMAL_BUMP,D_VECTOR,ENG_PAIR_3_POS_X,1.4580035332883126,1.4553317209743515,0.08822632830984573,0.08822632830984573,0.7131981400922176
S140,validation_consumed,NORMAL_BUMP,D_NORMAL,ENG_MID_UP,0.2456280198866185,0.1920557516205536,0.15312645892492022,-0.15312645892492022,0.4107613475796322
S140,validation_consumed,NORMAL_BUMP,D_NORMAL,ENG_MID_DOWN,0.7754289031261646,0.7697187975343657,0.09393059419431372,-0.09393059419431372,0.8726195497219453
S140,validation_consumed,NORMAL_BUMP,D_NORMAL,ENG_PAIR_1_NEG_X,1.3739751205698647,1.2397661183027506,0.5922732510028662,-0.5922732510028662,0.6376764759787309
S140,validation_consumed,NORMAL_BUMP,D_NORMAL,ENG_PAIR_1_POS_X,1.8178440213951088,1.5615490028764534,0.9306565412317772,0.9306565412317772,1.2205819679242758
S140,validation_consumed,NORMAL_BUMP,D_NORMAL,ENG_PAIR_2_NEG_X,1.1227623784532685,1.115179979276341,0.13026500793098814,-0.13026500793098814,0.8336194067153933
S140,validation_consumed,NORMAL_BUMP,D_NORMAL,ENG_PAIR_2_POS_X,1.3759743659950623,0.987596063692773,0.95810201484709,0.95810201484709,0.29356718620546035
S140,validation_consumed,NORMAL_BUMP,D_NORMAL,ENG_PAIR_3_NEG_X,1.1417414152817238,1.078250356976332,0.37543258655839473,-0.37543258655839473,0.48323371780359164
S140,validation_consumed,NORMAL_BUMP,D_NORMAL,ENG_PAIR_3_POS_X,1.3975738633690007,1.3866197931181565,0.17463748997599224,0.17463748997599224,0.9507357277730175
S140,validation_consumed,TANGENTIAL_SHIFT,INITIAL,ENG_MID_UP,41.32463064318734,6.704824650074168,40.77708209530957,-40.77708209530957,2.0718212782484997
S140,validation_consumed,TANGENTIAL_SHIFT,INITIAL,ENG_MID_DOWN,50.73133800838668,19.753743174045617,46.72748962586182,-46.72748962586182,2.3152769157906827
S140,validation_consumed,TANGENTIAL_SHIFT,INITIAL,ENG_PAIR_1_NEG_X,43.36258643151532,29.373592264770085,31.89836954287281,-31.89836954287281,2.401503813968685
S140,validation_consumed,TANGENTIAL_SHIFT,INITIAL,ENG_PAIR_1_POS_X,46.4657006220589,18.86381592448394,42.46431187557371,-42.46431187557371,6.0299587602868945
S140,validation_consumed,TANGENTIAL_SHIFT,INITIAL,ENG_PAIR_2_NEG_X,44.79667356206181,24.654548578897703,37.401807397460104,-37.401807397460104,3.8738754639788793
S140,validation_consumed,TANGENTIAL_SHIFT,INITIAL,ENG_PAIR_2_POS_X,54.34781287064492,30.312297860968027,45.1093046079253,-45.1093046079253,8.789369941491598
S140,validation_consumed,TANGENTIAL_SHIFT,INITIAL,ENG_PAIR_3_NEG_X,51.06490850431648,31.784453571289777,39.96715391078952,-39.96715391078952,1.9741227887093928
S140,validation_consumed,TANGENTIAL_SHIFT,INITIAL,ENG_PAIR_3_POS_X,51.983662063918764,31.69920390490101,41.20026205464251,-41.20026205464251,5.591910526387666
S140,validation_consumed,TANGENTIAL_SHIFT,RIGID,ENG_MID_UP,4.7523301169427015,4.75164191385196,0.08087436507273126,-0.08087436507273126,0.7996465253056599
S140,validation_consumed,TANGENTIAL_SHIFT,RIGID,ENG_MID_DOWN,6.189596981357673,6.169319181876351,0.5006112501377961,-0.5006112501377961,0.12008899227777492
S140,validation_consumed,TANGENTIAL_SHIFT,RIGID,ENG_PAIR_1_NEG_X,2.700326977326355,2.6947992649502495,0.17269251894648877,-0.17269251894648877,1.6023599316392323
S140,validation_consumed,TANGENTIAL_SHIFT,RIGID,ENG_PAIR_1_POS_X,12.855249231835403,12.705205879605337,1.9583606331436132,-1.9583606331436132,6.134531638093025
S140,validation_consumed,TANGENTIAL_SHIFT,RIGID,ENG_PAIR_2_NEG_X,5.634951869618638,5.63187737170572,0.1861178201775955,-0.1861178201775955,3.199907952854701
S140,validation_consumed,TANGENTIAL_SHIFT,RIGID,ENG_PAIR_2_POS_X,20.051747292233237,19.97809867096872,1.7170157147274028,-1.7170157147274028,9.853058267969939
S140,validation_consumed,TANGENTIAL_SHIFT,RIGID,ENG_PAIR_3_NEG_X,2.6419313500891453,2.618814123881,0.3487317638891589,-0.3487317638891589,1.452059080722204
S140,validation_consumed,TANGENTIAL_SHIFT,RIGID,ENG_PAIR_3_POS_X,12.75931891998244,12.703241702976712,1.194934951189915,-1.194934951189915,6.508958854064506
S140,validation_consumed,TANGENTIAL_SHIFT,D_VECTOR,ENG_MID_UP,4.617540232241812,4.595449828142953,0.4511304394437092,0.4511304394437092,1.0530554636003322
S140,validation_consumed,TANGENTIAL_SHIFT,D_VECTOR,ENG_MID_DOWN,6.130673076887345,6.130614067895706,0.026898442159519635,-0.026898442159519635,0.26279933046936765
S140,validation_consumed,TANGENTIAL_SHIFT,D_VECTOR,ENG_PAIR_1_NEG_X,2.7361763939636052,2.7300795991191107,0.18255585818405565,-0.18255585818405565,1.4457022722151598
S140,validation_consumed,TANGENTIAL_SHIFT,D_VECTOR,ENG_PAIR_1_POS_X,12.706536529615386,12.427276826162393,2.6493133571507417,-2.6493133571507417,6.365566212685817
S140,validation_consumed,TANGENTIAL_SHIFT,D_VECTOR,ENG_PAIR_2_NEG_X,5.602457172766674,5.601217676546113,0.11784274535211309,-0.11784274535211309,3.2296276406110875
S140,validation_consumed,TANGENTIAL_SHIFT,D_VECTOR,ENG_PAIR_2_POS_X,19.839035228101988,19.642206541608665,2.787658687618948,-2.787658687618948,10.16033274038152
S140,validation_consumed,TANGENTIAL_SHIFT,D_VECTOR,ENG_PAIR_3_NEG_X,2.688351609299577,2.674744166160428,0.2701444443522435,-0.2701444443522435,1.3293404708538743
S140,validation_consumed,TANGENTIAL_SHIFT,D_VECTOR,ENG_PAIR_3_POS_X,12.537730965785471,12.414042247439813,1.7567734199934137,-1.7567734199934137,6.678205335773177
S140,validation_consumed,TANGENTIAL_SHIFT,D_NORMAL,ENG_MID_UP,4.714328289734693,4.692323422339691,0.45496387060420607,0.45496387060420607,1.05610723028672
S140,validation_consumed,TANGENTIAL_SHIFT,D_NORMAL,ENG_MID_DOWN,6.163434463150512,6.163371477948442,0.027864069392017906,-0.027864069392017906,0.2736079844937859
S140,validation_consumed,TANGENTIAL_SHIFT,D_NORMAL,ENG_PAIR_1_NEG_X,2.7086254420861633,2.701777419518973,0.19248522253374079,-0.19248522253374079,1.4451376932931872
S140,validation_consumed,TANGENTIAL_SHIFT,D_NORMAL,ENG_PAIR_1_POS_X,12.829017528714406,12.566190509488637,2.583514434118607,-2.583514434118607,6.381397197875182
S140,validation_consumed,TANGENTIAL_SHIFT,D_NORMAL,ENG_PAIR_2_NEG_X,5.633493483326724,5.6317669953476175,0.13946087909491112,-0.13946087909491112,3.287843868371358
S140,validation_consumed,TANGENTIAL_SHIFT,D_NORMAL,ENG_PAIR_2_POS_X,19.926061224175186,19.73774787587122,2.7329882360008546,-2.7329882360008546,10.154042701854845
S140,validation_consumed,TANGENTIAL_SHIFT,D_NORMAL,ENG_PAIR_3_NEG_X,2.6329327458520826,2.6182497650356344,0.2776742913397543,-0.2776742913397543,1.3101046538640548
S140,validation_consumed,TANGENTIAL_SHIFT,D_NORMAL,ENG_PAIR_3_POS_X,12.734053155154314,12.611465464639357,1.7626822154047905,-1.7626822154047905,6.75637206050848
S141,validation_consumed,RIGID_ONLY,INITIAL,ENG_MID_UP,37.7725558117792,10.317982277514291,36.336004379607765,-36.336004379607765,1.5876683206341267
S141,validation_consumed,RIGID_ONLY,INITIAL,ENG_MID_DOWN,45.776294308101626,22.38962960364114,39.927103661469026,-39.927103661469026,2.0952696031900135
S141,validation_consumed,RIGID_ONLY,INITIAL,ENG_PAIR_1_NEG_X,40.23564916006011,17.089224029668937,36.42617033665811,-36.42617033665811,1.907217190797259
S141,validation_consumed,RIGID_ONLY,INITIAL,ENG_PAIR_1_POS_X,37.87529052896741,1.612950839402811,37.840930515030394,-37.840930515030394,1.1667247784851633
S141,validation_consumed,RIGID_ONLY,INITIAL,ENG_PAIR_2_NEG_X,43.065650641380145,19.01549635666917,38.640149630596774,-38.640149630596774,2.218092722943509
S141,validation_consumed,RIGID_ONLY,INITIAL,ENG_PAIR_2_POS_X,40.86488090933039,17.896994514337432,36.73739347160508,-36.73739347160508,0.8104730815316065
S141,validation_consumed,RIGID_ONLY,INITIAL,ENG_PAIR_3_NEG_X,46.363527808075176,23.392479074506387,40.029596969729056,-40.029596969729056,2.3291809170371907
S141,validation_consumed,RIGID_ONLY,INITIAL,ENG_PAIR_3_POS_X,43.87952502853566,29.997548467115337,32.024362643040284,-32.024362643040284,1.8743027800383516
S141,validation_consumed,RIGID_ONLY,RIGID,ENG_MID_UP,0.3858322052628703,0.22813224730208184,0.3111626075847024,-0.3111626075847024,0.009223591853303207
S141,validation_consumed,RIGID_ONLY,RIGID,ENG_MID_DOWN,0.4438131098567372,0.1937123790049446,0.3993063870024533,-0.3993063870024533,0.009666767205267348
S141,validation_consumed,RIGID_ONLY,RIGID,ENG_PAIR_1_NEG_X,0.39391490773625853,0.18870272546436193,0.3457748341611731,-0.3457748341611731,0.009752573297229105
S141,validation_consumed,RIGID_ONLY,RIGID,ENG_PAIR_1_POS_X,0.3963657073011884,0.27110219455740053,0.2891528558228895,-0.2891528558228895,0.009413444378319319
S141,validation_consumed,RIGID_ONLY,RIGID,ENG_PAIR_2_NEG_X,0.414121803620999,0.09193142041719783,0.4037889079387715,-0.4037889079387715,0.009436255129056324
S141,validation_consumed,RIGID_ONLY,RIGID,ENG_PAIR_2_POS_X,0.41632725324495734,0.33447681676989,0.24789844863970467,-0.24789844863970467,0.008083426720882735
S141,validation_consumed,RIGID_ONLY,RIGID,ENG_PAIR_3_NEG_X,0.4372887384265627,0.10800091872586422,0.42374195250065105,-0.42374195250065105,0.009765219711079992
S141,validation_consumed,RIGID_ONLY,RIGID,ENG_PAIR_3_POS_X,0.43862205254873377,0.3117696448338802,0.30852713582798563,-0.30852713582798563,0.00854898998674974
S141,validation_consumed,RIGID_ONLY,D_VECTOR,ENG_MID_UP,0.22040534978906884,0.09834633000369679,0.1972473512887961,0.1972473512887961,0.6344111139348683
S141,validation_consumed,RIGID_ONLY,D_VECTOR,ENG_MID_DOWN,0.17285113800514157,0.17247732168377547,0.01136175226203847,-0.01136175226203847,0.05066749011655705
S141,validation_consumed,RIGID_ONLY,D_VECTOR,ENG_PAIR_1_NEG_X,0.405253623008963,0.18560803259269137,0.36025013143503665,-0.36025013143503665,0.4569411487378638
S141,validation_consumed,RIGID_ONLY,D_VECTOR,ENG_PAIR_1_POS_X,0.43830387485218203,0.10815736427850406,0.4247496571661527,-0.4247496571661527,0.4628433310479337
S141,validation_consumed,RIGID_ONLY,D_VECTOR,ENG_PAIR_2_NEG_X,0.12186561818018846,0.05930049572574101,0.10646445463684513,-0.10646445463684513,0.017088028087363222
S141,validation_consumed,RIGID_ONLY,D_VECTOR,ENG_PAIR_2_POS_X,0.36981129048906564,0.24289061028239947,0.2788629448489556,-0.2788629448489556,0.2923935250724633
S141,validation_consumed,RIGID_ONLY,D_VECTOR,ENG_PAIR_3_NEG_X,0.2770906869246074,0.1066256491488816,0.2557542174118159,-0.2557542174118159,0.23371398186049283
S141,validation_consumed,RIGID_ONLY,D_VECTOR,ENG_PAIR_3_POS_X,0.42043961294145077,0.2130671399969322,0.36245256515009605,-0.36245256515009605,0.40600482904877705
S141,validation_consumed,RIGID_ONLY,D_NORMAL,ENG_MID_UP,0.23317762850378626,0.1291684358157525,0.1941322271637596,0.1941322271637596,0.6335139116573143
S141,validation_consumed,RIGID_ONLY,D_NORMAL,ENG_MID_DOWN,0.19821210504185466,0.1978635104750669,0.011750310957855996,-0.011750310957855996,0.047623259736280885
S141,validation_consumed,RIGID_ONLY,D_NORMAL,ENG_PAIR_1_NEG_X,0.41406019624547785,0.1952645990989579,0.3651268032527424,-0.3651268032527424,0.46716905722918994
S141,validation_consumed,RIGID_ONLY,D_NORMAL,ENG_PAIR_1_POS_X,0.4966552971483138,0.2524704134157964,0.427697526921932,-0.427697526921932,0.4871497290641523
S141,validation_consumed,RIGID_ONLY,D_NORMAL,ENG_PAIR_2_NEG_X,0.140753493980586,0.07387489181477243,0.11980837377703836,-0.11980837377703836,0.014753892466294879
S141,validation_consumed,RIGID_ONLY,D_NORMAL,ENG_PAIR_2_POS_X,0.4183705583523207,0.3317267710362169,0.2549338609795057,-0.2549338609795057,0.2733911505848514
S141,validation_consumed,RIGID_ONLY,D_NORMAL,ENG_PAIR_3_NEG_X,0.28187648272133387,0.10173208070631463,0.2628781757136075,-0.2628781757136075,0.2369745186723585
S141,validation_consumed,RIGID_ONLY,D_NORMAL,ENG_PAIR_3_POS_X,0.467328309045155,0.3070560100605983,0.3522958346626733,-0.3522958346626733,0.41778958558755974
S141,validation_consumed,NORMAL_BUMP,INITIAL,ENG_MID_UP,35.209610123618624,10.341055974596292,33.656785443465836,-33.656785443465836,2.6356749320173347
S141,validation_consumed,NORMAL_BUMP,INITIAL,ENG_MID_DOWN,42.25563258946304,22.27772904396916,35.90600610175384,-35.90600610175384,4.474521744535222
S141,validation_consumed,NORMAL_BUMP,INITIAL,ENG_PAIR_1_NEG_X,38.39740159350283,17.286459151586516,34.28613100268481,-34.28613100268481,2.7300205298245555
S141,validation_consumed,NORMAL_BUMP,INITIAL,ENG_PAIR_1_POS_X,30.52460891957086,2.0455893444793576,30.455989787339,-30.455989787339,1.7721214369837992
S141,validation_consumed,NORMAL_BUMP,INITIAL,ENG_PAIR_2_NEG_X,39.40574663796796,19.291268895459876,34.36073067469296,-34.36073067469296,3.4745710839631916
S141,validation_consumed,NORMAL_BUMP,INITIAL,ENG_PAIR_2_POS_X,31.128141733068034,18.63080159367075,24.93700943840795,-24.93700943840795,0.7012691535477805
S141,validation_consumed,NORMAL_BUMP,INITIAL,ENG_PAIR_3_NEG_X,44.522280330337026,23.342513511830248,37.91253761967323,-37.91253761967323,4.152287001524689
S141,validation_consumed,NORMAL_BUMP,INITIAL,ENG_PAIR_3_POS_X,38.56095863188749,29.862862100094254,24.395839764207594,-24.395839764207594,3.881961102114963
S141,validation_consumed,NORMAL_BUMP,RIGID,ENG_MID_UP,0.4264846738643636,0.12370578039192022,0.4081495521727527,0.4081495521727527,2.251122469110426
S141,validation_consumed,NORMAL_BUMP,RIGID,ENG_MID_DOWN,2.3020840930254782,0.5906337800294287,2.2250264963027044,2.2250264963027044,2.2220841879319795
S141,validation_consumed,NORMAL_BUMP,RIGID,ENG_PAIR_1_NEG_X,0.9662632764931604,0.8801181634667186,0.3988191793723924,0.3988191793723924,2.20405755168848
S141,validation_consumed,NORMAL_BUMP,RIGID,ENG_PAIR_1_POS_X,5.217701010546212,1.4338563088833347,5.016817708560918,5.016817708560918,2.8652964240737955
S141,validation_consumed,NORMAL_BUMP,RIGID,ENG_PAIR_2_NEG_X,2.854229603514195,0.9466917139206016,2.6926569459125083,2.6926569459125083,2.5955754880490134
S141,validation_consumed,NORMAL_BUMP,RIGID,ENG_PAIR_2_POS_X,9.86227774388377,1.80422938284399,9.695838211912754,9.695838211912754,0.40595362478027835
S141,validation_consumed,NORMAL_BUMP,RIGID,ENG_PAIR_3_NEG_X,0.8550611783412434,0.6001859328742437,0.6090209066084591,0.6090209066084591,1.7680190407523964
S141,validation_consumed,NORMAL_BUMP,RIGID,ENG_PAIR_3_POS_X,5.825385743507038,1.2606252023067674,5.687349396684194,5.687349396684194,2.8276110018938767
S141,validation_consumed,NORMAL_BUMP,D_VECTOR,ENG_MID_UP,0.5853410271680288,0.5820594019858872,0.061894835373838046,-0.061894835373838046,0.4474918425195082
S141,validation_consumed,NORMAL_BUMP,D_VECTOR,ENG_MID_DOWN,0.7082423488928814,0.7082423391515988,0.00011746649571312408,0.00011746649571312408,0.6232025343597712
S141,validation_consumed,NORMAL_BUMP,D_VECTOR,ENG_PAIR_1_NEG_X,1.0302391391955759,0.8855536653447373,0.5264858874888688,-0.5264858874888688,0.5740424905915446
S141,validation_consumed,NORMAL_BUMP,D_VECTOR,ENG_PAIR_1_POS_X,1.2819089732610132,1.1522857531021973,0.5617189323182962,0.5617189323182962,1.4402340346442544
S141,validation_consumed,NORMAL_BUMP,D_VECTOR,ENG_PAIR_2_NEG_X,1.2632992011909336,1.2628676118762392,0.03301918538751926,-0.03301918538751926,1.046419745635211
S141,validation_consumed,NORMAL_BUMP,D_VECTOR,ENG_PAIR_2_POS_X,2.9262391451658822,2.3530417165153175,1.7395603510771913,1.7395603510771913,1.9700468430185478
S141,validation_consumed,NORMAL_BUMP,D_VECTOR,ENG_PAIR_3_NEG_X,0.819199588584787,0.7650188107427197,0.2929747175905784,-0.2929747175905784,0.3687139174883075
S141,validation_consumed,NORMAL_BUMP,D_VECTOR,ENG_PAIR_3_POS_X,1.705156138517376,1.599205083309064,0.5916929594324558,0.5916929594324558,1.12748434306422
S141,validation_consumed,NORMAL_BUMP,D_NORMAL,ENG_MID_UP,0.12720908795744942,0.12353234247469307,0.030363010747968447,-0.030363010747968447,0.5578329837757672
S141,validation_consumed,NORMAL_BUMP,D_NORMAL,ENG_MID_DOWN,0.6693262213217569,0.6693147289979354,0.003922256401835589,-0.003922256401835589,0.6786376894521061
S141,validation_consumed,NORMAL_BUMP,D_NORMAL,ENG_PAIR_1_NEG_X,0.974968053262596,0.8467407391177982,0.4833144169181186,-0.4833144169181186,0.5878636584020285
S141,validation_consumed,NORMAL_BUMP,D_NORMAL,ENG_PAIR_1_POS_X,1.607349131831867,1.352497777359022,0.8685165478213767,0.8685165478213767,1.7204267639701858
S141,validation_consumed,NORMAL_BUMP,D_NORMAL,ENG_PAIR_2_NEG_X,0.7705064342530866,0.7691978610068698,0.044886700122220284,0.044886700122220284,0.8613109852827634
S141,validation_consumed,NORMAL_BUMP,D_NORMAL,ENG_PAIR_2_POS_X,2.710869710584955,1.3866297743437022,2.329393152018459,2.329393152018459,2.8252910060844374
S141,validation_consumed,NORMAL_BUMP,D_NORMAL,ENG_PAIR_3_NEG_X,0.6539275245453099,0.5913368203407041,0.27918089524052786,-0.27918089524052786,0.2599380970313031
S141,validation_consumed,NORMAL_BUMP,D_NORMAL,ENG_PAIR_3_POS_X,1.5892447391571662,1.3506309212474608,0.8375529568385301,0.8375529568385301,1.3079568991893509
S141,validation_consumed,TANGENTIAL_SHIFT,INITIAL,ENG_MID_UP,37.08601628752952,11.144626672448625,35.37188008023678,-35.37188008023678,3.2552499830145982
S141,validation_consumed,TANGENTIAL_SHIFT,INITIAL,ENG_MID_DOWN,46.69838452054243,24.377137226103297,39.83082094921175,-39.83082094921175,2.649700412289037
S141,validation_consumed,TANGENTIAL_SHIFT,INITIAL,ENG_PAIR_1_NEG_X,38.668838392511155,14.089133232703377,36.0107676588167,-36.0107676588167,2.2178363882486756
S141,validation_consumed,TANGENTIAL_SHIFT,INITIAL,ENG_PAIR_1_POS_X,41.05225944486005,13.212710752368498,38.8678823722408,-38.8678823722408,5.516473512411368
S141,validation_consumed,TANGENTIAL_SHIFT,INITIAL,ENG_PAIR_2_NEG_X,40.026205574363175,11.911453405218728,38.2127519351392,-38.2127519351392,4.410308935538332
S141,validation_consumed,TANGENTIAL_SHIFT,INITIAL,ENG_PAIR_2_POS_X,52.92246178224807,37.34692455286422,37.49658901201781,-37.49658901201781,10.837388119628732
S141,validation_consumed,TANGENTIAL_SHIFT,INITIAL,ENG_PAIR_3_NEG_X,45.595386912699055,22.226687069671577,39.810974487264474,-39.810974487264474,1.5289175103712471
S141,validation_consumed,TANGENTIAL_SHIFT,INITIAL,ENG_PAIR_3_POS_X,49.54114663038801,37.799659182525,32.02360028383066,-32.02360028383066,7.109031716955797
S141,validation_consumed,TANGENTIAL_SHIFT,RIGID,ENG_MID_UP,4.672071305704213,4.6501639491249955,0.4519131906051215,0.4519131906051215,2.1003139434816704
S141,validation_consumed,TANGENTIAL_SHIFT,RIGID,ENG_MID_DOWN,6.84708523285199,6.825250744652151,0.5463775787539751,-0.5463775787539751,0.7490787161775293
S141,validation_consumed,TANGENTIAL_SHIFT,RIGID,ENG_PAIR_1_NEG_X,3.565949393949345,3.5659008654203697,0.01860371473544906,-0.01860371473544906,2.0963385322843386
S141,validation_consumed,TANGENTIAL_SHIFT,RIGID,ENG_PAIR_1_POS_X,12.567903295278334,12.474663257498523,1.5280608140661032,-1.5280608140661032,5.6384042135610475
S141,validation_consumed,TANGENTIAL_SHIFT,RIGID,ENG_PAIR_2_NEG_X,7.054498489350543,7.053349029688959,0.12734363602047602,-0.12734363602047602,4.25963848149208
S141,validation_consumed,TANGENTIAL_SHIFT,RIGID,ENG_PAIR_2_POS_X,20.10514935548631,20.059340122419734,1.3564307794699144,-1.3564307794699144,11.56236273485887
S141,validation_consumed,TANGENTIAL_SHIFT,RIGID,ENG_PAIR_3_NEG_X,3.5370327513736974,3.520726048615197,0.33924736534365296,-0.33924736534365296,2.185672637325115
S141,validation_consumed,TANGENTIAL_SHIFT,RIGID,ENG_PAIR_3_POS_X,12.99267025752642,12.97086503038349,0.7524232747505786,-0.7524232747505786,8.382289746233358
S141,validation_consumed,TANGENTIAL_SHIFT,D_VECTOR,ENG_MID_UP,4.54683012424084,4.407184476080414,1.1182080184383283,1.1182080184383283,2.68328585597615
S141,validation_consumed,TANGENTIAL_SHIFT,D_VECTOR,ENG_MID_DOWN,6.784632371764799,6.784376526848496,0.05891996220261245,-0.05891996220261245,0.7529697492835913
S141,validation_consumed,TANGENTIAL_SHIFT,D_VECTOR,ENG_PAIR_1_NEG_X,3.545510851330109,3.5422550291340533,0.15190953055703796,-0.15190953055703796,1.675951945591978
S141,validation_consumed,TANGENTIAL_SHIFT,D_VECTOR,ENG_PAIR_1_POS_X,12.354586884320092,12.167698296418616,2.140779122082782,-2.140779122082782,6.1081812266196485
S141,validation_consumed,TANGENTIAL_SHIFT,D_VECTOR,ENG_PAIR_2_NEG_X,6.932508640714947,6.930589479192762,0.16311199983450453,-0.16311199983450453,4.549795290363256
S141,validation_consumed,TANGENTIAL_SHIFT,D_VECTOR,ENG_PAIR_2_POS_X,19.986556266676928,19.820810917823277,2.5686350384864447,-2.5686350384864447,11.075579423522239
S141,validation_consumed,TANGENTIAL_SHIFT,D_VECTOR,ENG_PAIR_3_NEG_X,3.5464253176984424,3.5381510024326572,0.24211571200002838,-0.24211571200002838,2.1657558234964047
S141,validation_consumed,TANGENTIAL_SHIFT,D_VECTOR,ENG_PAIR_3_POS_X,12.806581718487408,12.74528388538637,1.2515086868281935,-1.2515086868281935,8.425955030753423
S141,validation_consumed,TANGENTIAL_SHIFT,D_NORMAL,ENG_MID_UP,4.632505993788526,4.493235130622867,1.127364113063358,1.127364113063358,2.6914945498833713
S141,validation_consumed,TANGENTIAL_SHIFT,D_NORMAL,ENG_MID_DOWN,6.826341452732352,6.826075524077802,0.06025420216055309,-0.06025420216055309,0.7559294581771541
S141,validation_consumed,TANGENTIAL_SHIFT,D_NORMAL,ENG_PAIR_1_NEG_X,3.591493573547928,3.5883011839694814,0.15139584525107153,-0.15139584525107153,1.7090187910870938
S141,validation_consumed,TANGENTIAL_SHIFT,D_NORMAL,ENG_PAIR_1_POS_X,12.532971150272441,12.352970510972508,2.116479484569801,-2.116479484569801,6.12050558599058
S141,validation_consumed,TANGENTIAL_SHIFT,D_NORMAL,ENG_PAIR_2_NEG_X,7.0509353140359545,7.048614461634857,0.18089492516725783,-0.18089492516725783,4.611597538202654
S141,validation_consumed,TANGENTIAL_SHIFT,D_NORMAL,ENG_PAIR_2_POS_X,19.95319744827944,19.8113586358722,2.3749015581444772,-2.3749015581444772,10.934981688919505
S141,validation_consumed,TANGENTIAL_SHIFT,D_NORMAL,ENG_PAIR_3_NEG_X,3.5287866843086273,3.520169435554247,0.24646015569169294,-0.24646015569169294,2.159462213057403
S141,validation_consumed,TANGENTIAL_SHIFT,D_NORMAL,ENG_PAIR_3_POS_X,12.958817778407004,12.902557490153301,1.2062207207830764,-1.2062207207830764,8.444759608862281
S145,validation_consumed,RIGID_ONLY,INITIAL,ENG_MID_UP,37.870142990569306,21.959401286737968,30.853402166603548,-30.853402166603548,2.203341946609559
S145,validation_consumed,RIGID_ONLY,INITIAL,ENG_MID_DOWN,46.0085397427255,23.788149239464577,39.381590686752524,-39.381590686752524,2.3750367834759762
S145,validation_consumed,RIGID_ONLY,INITIAL,ENG_PAIR_1_NEG_X,40.1319990426133,33.48392349911692,22.122482099927232,-22.122482099927232,2.428378596863286
S145,validation_consumed,RIGID_ONLY,INITIAL,ENG_PAIR_1_POS_X,37.855254358913434,17.652356914656774,33.487528692568574,-33.487528692568574,1.950161714785251
S145,validation_consumed,RIGID_ONLY,INITIAL,ENG_PAIR_2_NEG_X,42.8326127297302,35.64275366776704,23.753459205638343,-23.753459205638343,2.448089122002048
S145,validation_consumed,RIGID_ONLY,INITIAL,ENG_PAIR_2_POS_X,40.31673241969571,9.981305697686269,39.06164934524244,-39.06164934524244,1.858970060667075
S145,validation_consumed,RIGID_ONLY,INITIAL,ENG_PAIR_3_NEG_X,46.368971164283494,35.96898350058299,29.262838426388885,-29.262838426388885,2.435968687120468
S145,validation_consumed,RIGID_ONLY,INITIAL,ENG_PAIR_3_POS_X,43.67901351167038,17.374367326643853,40.07477487586841,-40.07477487586841,2.1525441247141117
S145,validation_consumed,RIGID_ONLY,RIGID,ENG_MID_UP,0.47627208523043996,0.1677373731421548,0.4457569660937684,-0.4457569660937684,0.009678729856543875
S145,validation_consumed,RIGID_ONLY,RIGID,ENG_MID_DOWN,0.5224479884310119,0.06103439680576603,0.5188706033513243,-0.5188706033513243,0.009605132936204578
S145,validation_consumed,RIGID_ONLY,RIGID,ENG_PAIR_1_NEG_X,0.470123963514828,0.2845401120613327,0.37423717840296894,-0.37423717840296894,0.00653921349279229
S145,validation_consumed,RIGID_ONLY,RIGID,ENG_PAIR_1_POS_X,0.49658416034202035,0.306247448819319,0.3909070585116723,-0.3909070585116723,0.009516536821560248
S145,validation_consumed,RIGID_ONLY,RIGID,ENG_PAIR_2_NEG_X,0.4860571092988233,0.2752916790000054,0.40058208269128337,-0.40058208269128337,0.006412758992790625
S145,validation_consumed,RIGID_ONLY,RIGID,ENG_PAIR_2_POS_X,0.5108403197769844,0.27992518298394914,0.42731688972149734,-0.42731688972149734,0.009984078824285108
S145,validation_consumed,RIGID_ONLY,RIGID,ENG_PAIR_3_NEG_X,0.5051354889553042,0.18895304709998612,0.46846409488214225,-0.46846409488214225,0.008607827755299611
S145,validation_consumed,RIGID_ONLY,RIGID,ENG_PAIR_3_POS_X,0.5291200032726106,0.1481841771266834,0.5079462840817868,-0.5079462840817868,0.010260706005248614
S145,validation_consumed,RIGID_ONLY,D_VECTOR,ENG_MID_UP,0.13146240583699192,0.12862567072641432,0.027162492128484893,0.027162492128484893,0.502215647952359
S145,validation_consumed,RIGID_ONLY,D_VECTOR,ENG_MID_DOWN,0.09355689378060086,0.07404774635943723,0.05718237169760523,-0.05718237169760523,0.16202145813038127
S145,validation_consumed,RIGID_ONLY,D_VECTOR,ENG_PAIR_1_NEG_X,0.4267490758961372,0.23660617516183016,0.3551510828555875,-0.3551510828555875,0.3772900582183078
S145,validation_consumed,RIGID_ONLY,D_VECTOR,ENG_PAIR_1_POS_X,0.43871610345300943,0.25850883329091906,0.3544643882529802,-0.3544643882529802,0.2938969899266267
S145,validation_consumed,RIGID_ONLY,D_VECTOR,ENG_PAIR_2_NEG_X,0.32544770228968395,0.20652348945680105,0.25152386612053607,-0.25152386612053607,0.2985280750477522
S145,validation_consumed,RIGID_ONLY,D_VECTOR,ENG_PAIR_2_POS_X,0.23388839431516098,0.21208234532549028,0.09861470375437792,-0.09861470375437792,0.2751649331321621
S145,validation_consumed,RIGID_ONLY,D_VECTOR,ENG_PAIR_3_NEG_X,0.34763985182133095,0.08635083730154625,0.33674470964170883,-0.33674470964170883,0.26712264745309805
S145,validation_consumed,RIGID_ONLY,D_VECTOR,ENG_PAIR_3_POS_X,0.3224758589589401,0.07436473397633997,0.3137842665780654,-0.3137842665780654,0.23008974340315144
S145,validation_consumed,RIGID_ONLY,D_NORMAL,ENG_MID_UP,0.12965464031389914,0.12807457949654738,0.020179887058879287,0.020179887058879287,0.49476895551036054
S145,validation_consumed,RIGID_ONLY,D_NORMAL,ENG_MID_DOWN,0.08164652910681876,0.057326447380056336,0.05813634100949452,-0.05813634100949452,0.16204275485806643
S145,validation_consumed,RIGID_ONLY,D_NORMAL,ENG_PAIR_1_NEG_X,0.46669615790682006,0.2798242906221984,0.37350190117691634,-0.37350190117691634,0.41110663163041467
S145,validation_consumed,RIGID_ONLY,D_NORMAL,ENG_PAIR_1_POS_X,0.47394509185960904,0.3033422624084153,0.36415301994457955,-0.36415301994457955,0.31100989825207953
S145,validation_consumed,RIGID_ONLY,D_NORMAL,ENG_PAIR_2_NEG_X,0.3796602373225861,0.27389820125088166,0.2629100058106841,-0.2629100058106841,0.3285261294223721
S145,validation_consumed,RIGID_ONLY,D_NORMAL,ENG_PAIR_2_POS_X,0.29284472869380596,0.26797832312362024,0.11809171630390257,-0.11809171630390257,0.2980011282664553
S145,validation_consumed,RIGID_ONLY,D_NORMAL,ENG_PAIR_3_NEG_X,0.39319147698063656,0.19154606302673127,0.343379736311236,-0.343379736311236,0.2963738355116409
S145,validation_consumed,RIGID_ONLY,D_NORMAL,ENG_PAIR_3_POS_X,0.35726353515042486,0.15210287703134076,0.3232676110391632,-0.3232676110391632,0.26280584118954864
S145,validation_consumed,NORMAL_BUMP,INITIAL,ENG_MID_UP,36.314275115535544,22.38504740327924,28.594339123675255,-28.594339123675255,2.373305748849273
S145,validation_consumed,NORMAL_BUMP,INITIAL,ENG_MID_DOWN,43.08703907437081,23.850919142044063,35.88351421302035,-35.88351421302035,4.5238301984503
S145,validation_consumed,NORMAL_BUMP,INITIAL,ENG_PAIR_1_NEG_X,39.387846506330874,33.59980548169965,20.553722874414447,-20.553722874414447,2.8064486572929277
S145,validation_consumed,NORMAL_BUMP,INITIAL,ENG_PAIR_1_POS_X,31.10946237599692,17.145708145331493,25.958107433298775,-25.958107433298775,1.2587273262715262
S145,validation_consumed,NORMAL_BUMP,INITIAL,ENG_PAIR_2_NEG_X,41.38069588448355,35.87036479091423,20.631987825967094,-20.631987825967094,3.301618410688392
S145,validation_consumed,NORMAL_BUMP,INITIAL,ENG_PAIR_2_POS_X,28.852336247546045,9.434644128341528,27.266184131869466,-27.266184131869466,1.6149957067575327
S145,validation_consumed,NORMAL_BUMP,INITIAL,ENG_PAIR_3_NEG_X,45.44437792844012,36.00280655224814,27.73065822630783,-27.73065822630783,3.678773745123317
S145,validation_consumed,NORMAL_BUMP,INITIAL,ENG_PAIR_3_POS_X,36.85980310940715,17.01967839775024,32.69519280416336,-32.69519280416336,4.722984404739414
S145,validation_consumed,NORMAL_BUMP,RIGID,ENG_MID_UP,0.3713086470887276,0.1527629178103913,0.3384281346828553,-0.3384281346828553,2.214565583262128
S145,validation_consumed,NORMAL_BUMP,RIGID,ENG_MID_DOWN,1.4681694778477414,0.34284325474594596,1.4275784105816804,1.4275784105816804,2.0430883220204445
S145,validation_consumed,NORMAL_BUMP,RIGID,ENG_PAIR_1_NEG_X,1.1832846396637446,1.1350619871684198,0.33436032023766843,-0.33436032023766843,1.7782377195560852
S145,validation_consumed,NORMAL_BUMP,RIGID,ENG_PAIR_1_POS_X,5.068625578348518,1.4007668439296306,4.87122340921008,4.87122340921008,2.790513182837553
S145,validation_consumed,NORMAL_BUMP,RIGID,ENG_PAIR_2_NEG_X,1.9216763654137214,1.2583944272043497,1.4523372607527243,1.4523372607527243,2.1174730366540326
S145,validation_consumed,NORMAL_BUMP,RIGID,ENG_PAIR_2_POS_X,9.38252387172246,1.6335649612525647,9.239221813595005,9.239221813595005,0.38126031990540626
S145,validation_consumed,NORMAL_BUMP,RIGID,ENG_PAIR_3_NEG_X,0.8860261677601163,0.8819638763372282,0.0847472170155951,-0.0847472170155951,1.3544211108266857
S145,validation_consumed,NORMAL_BUMP,RIGID,ENG_PAIR_3_POS_X,5.097189458159961,0.9117896844530397,5.014975567607689,5.014975567607689,2.8553813565680923
S145,validation_consumed,NORMAL_BUMP,D_VECTOR,ENG_MID_UP,0.6499583571756967,0.5418210645795816,0.35899275764335353,-0.35899275764335353,0.5742469289669765
S145,validation_consumed,NORMAL_BUMP,D_VECTOR,ENG_MID_DOWN,0.4369647095622102,0.4278304828045996,0.08887764277910326,-0.08887764277910326,0.7758095304312385
S145,validation_consumed,NORMAL_BUMP,D_VECTOR,ENG_PAIR_1_NEG_X,1.2368297727725726,1.0799501272498049,0.6028727970888914,-0.6028727970888914,0.5959555953229982
S145,validation_consumed,NORMAL_BUMP,D_VECTOR,ENG_PAIR_1_POS_X,0.8910595737975947,0.8885902040269412,0.06629188007373368,0.06629188007373368,0.6260041989397167
S145,validation_consumed,NORMAL_BUMP,D_VECTOR,ENG_PAIR_2_NEG_X,1.577466756224464,1.5500823820936747,0.2926533371006247,-0.2926533371006247,0.9925834053317759
S145,validation_consumed,NORMAL_BUMP,D_VECTOR,ENG_PAIR_2_POS_X,0.8544903134817556,0.7852200768366973,0.3370209589427936,0.3370209589427936,0.318379526630397
S145,validation_consumed,NORMAL_BUMP,D_VECTOR,ENG_PAIR_3_NEG_X,1.1108094863849738,1.0007144679732438,0.4821496330309471,-0.4821496330309471,0.4695994880633904
S145,validation_consumed,NORMAL_BUMP,D_VECTOR,ENG_PAIR_3_POS_X,0.8535681444879452,0.8527867047143473,0.03651593552188561,-0.03651593552188561,0.700559748091009
S145,validation_consumed,NORMAL_BUMP,D_NORMAL,ENG_MID_UP,0.34030739541584826,0.15924742849335136,0.30074803389710375,-0.30074803389710375,0.5993725440633342
S145,validation_consumed,NORMAL_BUMP,D_NORMAL,ENG_MID_DOWN,0.33861580258257984,0.3289773529858274,0.08021572776633637,-0.08021572776633637,0.7788091747545972
S145,validation_consumed,NORMAL_BUMP,D_NORMAL,ENG_PAIR_1_NEG_X,1.2718244390788753,1.1171988000228645,0.6077863482061501,-0.6077863482061501,0.6096081449775256
S145,validation_consumed,NORMAL_BUMP,D_NORMAL,ENG_PAIR_1_POS_X,1.3590149985017248,1.3513993080782758,0.14367211378065192,0.14367211378065192,0.38753453116316916
S145,validation_consumed,NORMAL_BUMP,D_NORMAL,ENG_PAIR_2_NEG_X,1.1666448917047674,1.1442840563258172,0.22731982267141235,-0.22731982267141235,0.806260328217785
S145,validation_consumed,NORMAL_BUMP,D_NORMAL,ENG_PAIR_2_POS_X,1.1655143397588463,0.9956835147364483,0.6058366237407347,0.6058366237407347,0.31191876845086586
S145,validation_consumed,NORMAL_BUMP,D_NORMAL,ENG_PAIR_3_NEG_X,0.992872828359788,0.8714372075145905,0.47580841381204825,-0.47580841381204825,0.4248756140990257
S145,validation_consumed,NORMAL_BUMP,D_NORMAL,ENG_PAIR_3_POS_X,0.9289414652385185,0.928606126557319,0.02495811610875694,0.02495811610875694,0.9953842495065254
S145,validation_consumed,TANGENTIAL_SHIFT,INITIAL,ENG_MID_UP,35.24399685063489,18.2736996437409,30.136542856437693,-30.136542856437693,2.7292938236341495
S145,validation_consumed,TANGENTIAL_SHIFT,INITIAL,ENG_MID_DOWN,43.50776121751902,18.893824826080888,39.19118101820895,-39.19118101820895,2.6503657764050126
S145,validation_consumed,TANGENTIAL_SHIFT,INITIAL,ENG_PAIR_1_NEG_X,37.90680974429619,30.913872630326466,21.937609349840752,-21.937609349840752,2.1940594622355127
S145,validation_consumed,TANGENTIAL_SHIFT,INITIAL,ENG_PAIR_1_POS_X,34.78750451493963,5.424914182269612,34.36190880163609,-34.36190880163609,5.310301824823563
S145,validation_consumed,TANGENTIAL_SHIFT,INITIAL,ENG_PAIR_2_NEG_X,38.37757518144141,30.430848037928083,23.383792774050065,-23.383792774050065,3.8229816317764844
S145,validation_consumed,TANGENTIAL_SHIFT,INITIAL,ENG_PAIR_2_POS_X,41.32084079669506,9.843165918784635,40.13133400276018,-40.13133400276018,9.648791487111518
S145,validation_consumed,TANGENTIAL_SHIFT,INITIAL,ENG_PAIR_3_NEG_X,44.486609907803704,33.609096463455785,29.1459619158336,-29.1459619158336,2.01368887632873
S145,validation_consumed,TANGENTIAL_SHIFT,INITIAL,ENG_PAIR_3_POS_X,42.99952026066456,14.98731508114025,40.30309081579139,-40.30309081579139,6.5975129592067425
S145,validation_consumed,TANGENTIAL_SHIFT,RIGID,ENG_MID_UP,3.6992329682422316,3.698598301155545,0.0685212377263162,0.0685212377263162,1.4741664747642225
S145,validation_consumed,TANGENTIAL_SHIFT,RIGID,ENG_MID_DOWN,5.720451124251905,5.697102427791769,0.5163186924797643,-0.5163186924797643,0.3665524999545011
S145,validation_consumed,TANGENTIAL_SHIFT,RIGID,ENG_PAIR_1_NEG_X,2.3517891379313007,2.337984027443359,0.25444613715162184,-0.25444613715162184,1.1383635708462156
S145,validation_consumed,TANGENTIAL_SHIFT,RIGID,ENG_PAIR_1_POS_X,12.61988071604286,12.520311918134743,1.5821437228531408,-1.5821437228531408,5.3582888831622055
S145,validation_consumed,TANGENTIAL_SHIFT,RIGID,ENG_PAIR_2_NEG_X,4.849068473395288,4.847555994131599,0.12110302818226903,-0.12110302818226903,2.9593780047791944
S145,validation_consumed,TANGENTIAL_SHIFT,RIGID,ENG_PAIR_2_POS_X,19.879319241971796,19.78795283438034,1.9037479214878,-1.9037479214878,10.731753381841237
S145,validation_consumed,TANGENTIAL_SHIFT,RIGID,ENG_PAIR_3_NEG_X,2.2622037419247056,2.222447791913038,0.42224587884193826,-0.42224587884193826,1.4407836898836577
S145,validation_consumed,TANGENTIAL_SHIFT,RIGID,ENG_PAIR_3_POS_X,12.402934867477455,12.354239213857566,1.0979830479893462,-1.0979830479893462,6.779148046341901
S145,validation_consumed,TANGENTIAL_SHIFT,D_VECTOR,ENG_MID_UP,3.5592836152983423,3.485044495946567,0.7231629936630973,0.7231629936630973,2.128270573552649
S145,validation_consumed,TANGENTIAL_SHIFT,D_VECTOR,ENG_MID_DOWN,5.657650435216348,5.6576498505419845,0.002572113134104246,-0.002572113134104246,0.7032779419111744
S145,validation_consumed,TANGENTIAL_SHIFT,D_VECTOR,ENG_PAIR_1_NEG_X,2.412183301495033,2.398113223481947,0.2601561980282224,-0.2601561980282224,0.874725751797134
S145,validation_consumed,TANGENTIAL_SHIFT,D_VECTOR,ENG_PAIR_1_POS_X,12.369409403989215,12.14439003699475,2.34863356717039,-2.34863356717039,5.8491139459006725
S145,validation_consumed,TANGENTIAL_SHIFT,D_VECTOR,ENG_PAIR_2_NEG_X,4.8316399498383475,4.8302735374398855,0.114900645698259,-0.114900645698259,2.9481592485341443
S145,validation_consumed,TANGENTIAL_SHIFT,D_VECTOR,ENG_PAIR_2_POS_X,19.574724585263837,19.32282780313707,3.1302025939618607,-3.1302025939618607,11.36378787574109
S145,validation_consumed,TANGENTIAL_SHIFT,D_VECTOR,ENG_PAIR_3_NEG_X,2.3403593204267836,2.3203114463543164,0.3056739122425334,-0.3056739122425334,1.2200275745481366
S145,validation_consumed,TANGENTIAL_SHIFT,D_VECTOR,ENG_PAIR_3_POS_X,12.142442226060021,12.045201350891418,1.5336321689665378,-1.5336321689665378,6.804828107920827
S145,validation_consumed,TANGENTIAL_SHIFT,D_NORMAL,ENG_MID_UP,3.6427318350576243,3.5686943050610926,0.7306956816396362,0.7306956816396362,2.141856137368925
S145,validation_consumed,TANGENTIAL_SHIFT,D_NORMAL,ENG_MID_DOWN,5.686176728605702,5.686175975556135,0.0029264219278707804,-0.0029264219278707804,0.7036439909173762
S145,validation_consumed,TANGENTIAL_SHIFT,D_NORMAL,ENG_PAIR_1_NEG_X,2.362241711348946,2.3460857992123914,0.27580305576760933,-0.27580305576760933,0.8683904576196787
S145,validation_consumed,TANGENTIAL_SHIFT,D_NORMAL,ENG_PAIR_1_POS_X,12.593479482752503,12.371107704890285,2.356145079682589,-2.356145079682589,5.917881318252641
S145,validation_consumed,TANGENTIAL_SHIFT,D_NORMAL,ENG_PAIR_2_NEG_X,4.8508270372665265,4.848922443951155,0.13591938060009567,-0.13591938060009567,2.9848181862726415
S145,validation_consumed,TANGENTIAL_SHIFT,D_NORMAL,ENG_PAIR_2_POS_X,19.72419983821443,19.48101170033321,3.0877568539797737,-3.0877568539797737,11.38492904681581
S145,validation_consumed,TANGENTIAL_SHIFT,D_NORMAL,ENG_PAIR_3_NEG_X,2.2457137849218647,2.2238025746370362,0.3129417083512165,-0.3129417083512165,1.1943312865227753
S145,validation_consumed,TANGENTIAL_SHIFT,D_NORMAL,ENG_PAIR_3_POS_X,12.382076666907933,12.281020979936015,1.5787166546145444,-1.5787166546145444,7.026908398870736
S151,validation_consumed,RIGID_ONLY,INITIAL,ENG_MID_UP,42.42322240877581,13.933138495211729,40.069907052771,-40.069907052771,2.086220520236494
S151,validation_consumed,RIGID_ONLY,INITIAL,ENG_MID_DOWN,51.443512635445174,23.12510964505191,45.952848618747616,-45.952848618747616,2.324028104500326
S151,validation_consumed,RIGID_ONLY,INITIAL,ENG_PAIR_1_NEG_X,44.98888855091035,34.73658587880835,28.589678111696276,-28.589678111696276,2.4210128758483
S151,validation_consumed,RIGID_ONLY,INITIAL,ENG_PAIR_1_POS_X,41.625492377783495,6.947715527416358,41.04157483141953,-41.04157483141953,1.3200476566622357
S151,validation_consumed,RIGID_ONLY,INITIAL,ENG_PAIR_2_NEG_X,48.00503822183194,33.95075170522958,33.9386233269618,-33.9386233269618,2.4493950975815095
S151,validation_consumed,RIGID_ONLY,INITIAL,ENG_PAIR_2_POS_X,45.248711815411085,7.304662886726914,44.65521045819173,-44.65521045819173,1.4525809614780978
S151,validation_consumed,RIGID_ONLY,INITIAL,ENG_PAIR_3_NEG_X,51.80675954406188,34.14777222141362,38.95985095929781,-38.95985095929781,2.449238537353593
S151,validation_consumed,RIGID_ONLY,INITIAL,ENG_PAIR_3_POS_X,49.18414083599269,24.80718338296556,42.4697935287974,-42.4697935287974,2.0580755868105656
S151,validation_consumed,RIGID_ONLY,RIGID,ENG_MID_UP,0.4276490911495644,0.029729409558090607,0.4266144715880788,-0.4266144715880788,0.010134479483469691
S151,validation_consumed,RIGID_ONLY,RIGID,ENG_MID_DOWN,0.48176978218212224,0.1640404035796686,0.45298219503334675,-0.45298219503334675,0.010388858036764788
S151,validation_consumed,RIGID_ONLY,RIGID,ENG_PAIR_1_NEG_X,0.443579171596148,0.260759790078204,0.3588409304305961,-0.3588409304305961,0.010306466986401482
S151,validation_consumed,RIGID_ONLY,RIGID,ENG_PAIR_1_POS_X,0.4233479613623885,0.21819566449050365,0.3627866430661938,-0.3627866430661938,0.008091849891681198
S151,validation_consumed,RIGID_ONLY,RIGID,ENG_PAIR_2_NEG_X,0.4624593359159528,0.2292218939164716,0.4016540311327273,-0.4016540311327273,0.009895198266645507
S151,validation_consumed,RIGID_ONLY,RIGID,ENG_PAIR_2_POS_X,0.44643339445787494,0.20093072737746887,0.3986597778591939,-0.3986597778591939,0.008532288424697002
S151,validation_consumed,RIGID_ONLY,RIGID,ENG_PAIR_3_NEG_X,0.48346190477997164,0.24541057039154546,0.41654419371007273,-0.41654419371007273,0.009816234913864273
S151,validation_consumed,RIGID_ONLY,RIGID,ENG_PAIR_3_POS_X,0.4693521478692774,0.23690513853797893,0.40517575697936936,-0.40517575697936936,0.009950855181664341
S151,validation_consumed,RIGID_ONLY,D_VECTOR,ENG_MID_UP,0.015453453391267495,0.011997467694269091,0.009740122722073183,-0.009740122722073183,0.34338366379402263
S151,validation_consumed,RIGID_ONLY,D_VECTOR,ENG_MID_DOWN,0.14568996849958035,0.13874591882301107,0.04444251265811971,-0.04444251265811971,0.13241318913805306
S151,validation_consumed,RIGID_ONLY,D_VECTOR,ENG_PAIR_1_NEG_X,0.4262437271973965,0.1657445672324627,0.3926989348190954,-0.3926989348190954,0.3736752474087787
S151,validation_consumed,RIGID_ONLY,D_VECTOR,ENG_PAIR_1_POS_X,0.4094207563489481,0.13610162192604505,0.38613689831256043,-0.38613689831256043,0.21768096048341323
S151,validation_consumed,RIGID_ONLY,D_VECTOR,ENG_PAIR_2_NEG_X,0.2301883443009389,0.1398406709522758,0.18284217401798994,-0.18284217401798994,0.4109755081700139
S151,validation_consumed,RIGID_ONLY,D_VECTOR,ENG_PAIR_2_POS_X,0.2131895185827765,0.1248263472174017,0.17282405467386963,-0.17282405467386963,0.20667599343066975
S151,validation_consumed,RIGID_ONLY,D_VECTOR,ENG_PAIR_3_NEG_X,0.33799152721446124,0.19436623788233154,0.2765140828967537,-0.2765140828967537,0.22497841215999795
S151,validation_consumed,RIGID_ONLY,D_VECTOR,ENG_PAIR_3_POS_X,0.32032809116018707,0.18598692436974945,0.260804428547159,-0.260804428547159,0.10092601654617575
S151,validation_consumed,RIGID_ONLY,D_NORMAL,ENG_MID_UP,0.026922870207286127,0.021914718370721658,0.01563924739015051,-0.01563924739015051,0.3447570956152241
S151,validation_consumed,RIGID_ONLY,D_NORMAL,ENG_MID_DOWN,0.16942832436327518,0.16259837118548073,0.04762065501834062,-0.04762065501834062,0.1480492492238496
S151,validation_consumed,RIGID_ONLY,D_NORMAL,ENG_PAIR_1_NEG_X,0.4715707169116957,0.2523764927364669,0.3983529176027844,-0.3983529176027844,0.39371226348109145
S151,validation_consumed,RIGID_ONLY,D_NORMAL,ENG_PAIR_1_POS_X,0.43970662630760227,0.2111422542948652,0.3856953015919378,-0.3856953015919378,0.24131557083894903
S151,validation_consumed,RIGID_ONLY,D_NORMAL,ENG_PAIR_2_NEG_X,0.30608494099303685,0.2338445210902237,0.19749615454179037,-0.19749615454179037,0.4478514015077778
S151,validation_consumed,RIGID_ONLY,D_NORMAL,ENG_PAIR_2_POS_X,0.2750753955302299,0.20694308058206817,0.18122095525991486,-0.18122095525991486,0.2215085501730773
S151,validation_consumed,RIGID_ONLY,D_NORMAL,ENG_PAIR_3_NEG_X,0.37409340445111094,0.24631296535509745,0.2815595822411325,-0.2815595822411325,0.26581128857757563
S151,validation_consumed,RIGID_ONLY,D_NORMAL,ENG_PAIR_3_POS_X,0.3583567239741779,0.23793309870781612,0.2679689947676816,-0.2679689947676816,0.13057399539770304
S151,validation_consumed,NORMAL_BUMP,INITIAL,ENG_MID_UP,39.961805044559554,14.288332064334217,37.32009417510496,-37.32009417510496,2.2550422462278092
S151,validation_consumed,NORMAL_BUMP,INITIAL,ENG_MID_DOWN,48.220522745219284,23.047579309509157,42.35596654302787,-42.35596654302787,4.553100007803521
S151,validation_consumed,NORMAL_BUMP,INITIAL,ENG_PAIR_1_NEG_X,44.04508464518046,34.85761880049854,26.924262161853992,-26.924262161853992,2.646766782270965
S151,validation_consumed,NORMAL_BUMP,INITIAL,ENG_PAIR_1_POS_X,34.80003152792298,6.977655393175839,34.093320747010225,-34.093320747010225,1.6801979185263316
S151,validation_consumed,NORMAL_BUMP,INITIAL,ENG_PAIR_2_NEG_X,45.67965835968607,34.175834810779996,30.309132334065833,-30.309132334065833,3.3956573086380284
S151,validation_consumed,NORMAL_BUMP,INITIAL,ENG_PAIR_2_POS_X,33.76196398283957,7.974507196496469,32.80666772093109,-32.80666772093109,1.3499461868896123
S151,validation_consumed,NORMAL_BUMP,INITIAL,ENG_PAIR_3_NEG_X,50.48415809542398,34.17022480563996,37.162426661021335,-37.162426661021335,3.884576494707386
S151,validation_consumed,NORMAL_BUMP,INITIAL,ENG_PAIR_3_POS_X,43.031908405533244,24.586425845282292,35.31646648769718,-35.31646648769718,4.502369563695985
S151,validation_consumed,NORMAL_BUMP,RIGID,ENG_MID_UP,0.9897039768875006,0.6436523120316663,0.7518149127832092,0.7518149127832092,2.154863967388162
S151,validation_consumed,NORMAL_BUMP,RIGID,ENG_MID_DOWN,2.193290708038183,0.9575667008995719,1.9732182198872334,1.9732182198872334,2.1472254601884355
S151,validation_consumed,NORMAL_BUMP,RIGID,ENG_PAIR_1_NEG_X,1.3586747751612946,1.2920394688743686,0.42027509506326166,0.42027509506326166,1.60554204205922
S151,validation_consumed,NORMAL_BUMP,RIGID,ENG_PAIR_1_POS_X,4.883056788335808,1.2607835819027324,4.717485385003003,4.717485385003003,2.8571389076822054
S151,validation_consumed,NORMAL_BUMP,RIGID,ENG_PAIR_2_NEG_X,2.830548624343502,1.4618718788013694,2.423826752212841,2.423826752212841,2.2309066425052726
S151,validation_consumed,NORMAL_BUMP,RIGID,ENG_PAIR_2_POS_X,9.74235179353022,1.5392390199649006,9.619987614769522,9.619987614769522,0.23609794902551687
S151,validation_consumed,NORMAL_BUMP,RIGID,ENG_PAIR_3_NEG_X,1.3814253903605422,1.2184787948034348,0.6508805848595769,0.6508805848595769,1.474253807075218
S151,validation_consumed,NORMAL_BUMP,RIGID,ENG_PAIR_3_POS_X,5.448642403219119,1.2053281218421539,5.3136511135803675,5.3136511135803675,2.894370782936992
S151,validation_consumed,NORMAL_BUMP,D_VECTOR,ENG_MID_UP,0.9910323208514528,0.9364342566693827,0.3244008999806835,-0.3244008999806835,0.24737837799358836
S151,validation_consumed,NORMAL_BUMP,D_VECTOR,ENG_MID_DOWN,1.0782105576185805,1.0762471083781144,0.06503974375654997,-0.06503974375654997,0.7786678225496542
S151,validation_consumed,NORMAL_BUMP,D_VECTOR,ENG_PAIR_1_NEG_X,1.5523539508304667,1.4385913340221148,0.5833161769876016,-0.5833161769876016,0.6078785747609275
S151,validation_consumed,NORMAL_BUMP,D_VECTOR,ENG_PAIR_1_POS_X,1.0126947532883253,0.9762619084714635,0.26919017330756717,0.26919017330756717,0.7292571465532595
S151,validation_consumed,NORMAL_BUMP,D_VECTOR,ENG_PAIR_2_NEG_X,1.7721927329691793,1.7664122208028763,0.14302079914130802,-0.14302079914130802,1.3169703817799325
S151,validation_consumed,NORMAL_BUMP,D_VECTOR,ENG_PAIR_2_POS_X,0.9572085332112218,0.8078013864589163,0.5135222449781812,0.5135222449781812,0.22570954051097294
S151,validation_consumed,NORMAL_BUMP,D_VECTOR,ENG_PAIR_3_NEG_X,1.3809122442771773,1.3503919911318254,0.2887214863526005,-0.2887214863526005,0.3399791402071629
S151,validation_consumed,NORMAL_BUMP,D_VECTOR,ENG_PAIR_3_POS_X,1.7028859709620863,1.7028672214373077,0.007991010816549586,-0.007991010816549586,0.655065970644178
S151,validation_consumed,NORMAL_BUMP,D_NORMAL,ENG_MID_UP,0.5650552387539397,0.4957147542831976,0.27120896966955366,-0.27120896966955366,0.23763642842441032
S151,validation_consumed,NORMAL_BUMP,D_NORMAL,ENG_MID_DOWN,0.9997367783464639,0.9981008609844411,0.057169023786348194,-0.057169023786348194,0.7860293864641796
S151,validation_consumed,NORMAL_BUMP,D_NORMAL,ENG_PAIR_1_NEG_X,1.3419806681488446,1.2139689647658793,0.5720065264229758,-0.5720065264229758,0.5018009103977167
S151,validation_consumed,NORMAL_BUMP,D_NORMAL,ENG_PAIR_1_POS_X,1.1590220700540708,1.0566163924681637,0.4763338724466138,0.4763338724466138,0.8202662164920417
S151,validation_consumed,NORMAL_BUMP,D_NORMAL,ENG_PAIR_2_NEG_X,1.220833732587157,1.219222096677202,0.06270950164637476,-0.06270950164637476,1.1246245660686425
S151,validation_consumed,NORMAL_BUMP,D_NORMAL,ENG_PAIR_2_POS_X,1.086482006577931,0.7718776010618679,0.7646228610214212,0.7646228610214212,0.3460092951102857
S151,validation_consumed,NORMAL_BUMP,D_NORMAL,ENG_PAIR_3_NEG_X,1.2290262351382295,1.197309525630901,0.27740833890054156,-0.27740833890054156,0.30741545074615817
S151,validation_consumed,NORMAL_BUMP,D_NORMAL,ENG_PAIR_3_POS_X,1.4521804427567058,1.4411056379596632,0.17900440934774253,0.17900440934774253,0.7178963828614637
S151,validation_consumed,TANGENTIAL_SHIFT,INITIAL,ENG_MID_UP,40.59052919742822,9.606476402409898,39.437376581831785,-39.437376581831785,2.352826136205579
S151,validation_consumed,TANGENTIAL_SHIFT,INITIAL,ENG_MID_DOWN,50.56262894262273,21.490232037816885,45.768432052563675,-45.768432052563675,2.265682631635697
S151,validation_consumed,TANGENTIAL_SHIFT,INITIAL,ENG_PAIR_1_NEG_X,42.92919820783438,32.21930604582578,28.369567791789578,-28.369567791789578,2.230584254904744
S151,validation_consumed,TANGENTIAL_SHIFT,INITIAL,ENG_PAIR_1_POS_X,44.450258442799715,14.379449952946288,42.06015804395414,-42.06015804395414,5.380760049995089
S151,validation_consumed,TANGENTIAL_SHIFT,INITIAL,ENG_PAIR_2_NEG_X,43.688322817204515,27.920493565503023,33.60231524224152,-33.60231524224152,3.982016704286617
S151,validation_consumed,TANGENTIAL_SHIFT,INITIAL,ENG_PAIR_2_POS_X,52.9389091390575,27.006661978679414,45.53205804268831,-45.53205804268831,8.87558537621595
S151,validation_consumed,TANGENTIAL_SHIFT,INITIAL,ENG_PAIR_3_NEG_X,50.3421286552717,32.09014974024845,38.78855768383712,-38.78855768383712,2.132509868857943
S151,validation_consumed,TANGENTIAL_SHIFT,INITIAL,ENG_PAIR_3_POS_X,51.79821856395181,29.595550688970096,42.510690723811145,-42.510690723811145,6.197494556310134
S151,validation_consumed,TANGENTIAL_SHIFT,RIGID,ENG_MID_UP,4.480496840997587,4.480475904812481,0.013697028295433069,0.013697028295433069,0.7810934658201575
S151,validation_consumed,TANGENTIAL_SHIFT,RIGID,ENG_MID_DOWN,5.92648935701049,5.907621914387247,0.4725245130256994,-0.4725245130256994,0.3781389624867
S151,validation_consumed,TANGENTIAL_SHIFT,RIGID,ENG_PAIR_1_NEG_X,2.431487762619751,2.4258194396831954,0.1659300630528184,-0.1659300630528184,1.3055267190068547
S151,validation_consumed,TANGENTIAL_SHIFT,RIGID,ENG_PAIR_1_POS_X,11.776506062698974,11.657225988930724,1.671878371109512,-1.671878371109512,5.594487307143784
S151,validation_consumed,TANGENTIAL_SHIFT,RIGID,ENG_PAIR_2_NEG_X,5.681198683101711,5.678856182878669,0.1631285721672912,-0.1631285721672912,3.175000349134714
S151,validation_consumed,TANGENTIAL_SHIFT,RIGID,ENG_PAIR_2_POS_X,19.972769825821636,19.900311542167977,1.6997455809346995,-1.6997455809346995,9.772746240388337
S151,validation_consumed,TANGENTIAL_SHIFT,RIGID,ENG_PAIR_3_NEG_X,2.764629920212286,2.7458632391205837,0.3215799554997269,-0.3215799554997269,1.7107934487691887
S151,validation_consumed,TANGENTIAL_SHIFT,RIGID,ENG_PAIR_3_POS_X,12.025468486255871,11.996323088732833,0.836734524606599,-0.836734524606599,6.761723398561897
S151,validation_consumed,TANGENTIAL_SHIFT,D_VECTOR,ENG_MID_UP,4.35623294236593,4.324914932262043,0.5214175647702456,0.5214175647702456,1.2351204092538846
S151,validation_consumed,TANGENTIAL_SHIFT,D_VECTOR,ENG_MID_DOWN,5.872071500445582,5.872069437333214,0.0049223452167345165,0.0049223452167345165,0.49545860850498424
S151,validation_consumed,TANGENTIAL_SHIFT,D_VECTOR,ENG_PAIR_1_NEG_X,2.500983297201031,2.4822007923692593,0.3059357436455656,-0.3059357436455656,1.0809616378876086
S151,validation_consumed,TANGENTIAL_SHIFT,D_VECTOR,ENG_PAIR_1_POS_X,11.624953555513315,11.375530874984923,2.3951706578251133,-2.3951706578251133,5.849092190272622
S151,validation_consumed,TANGENTIAL_SHIFT,D_VECTOR,ENG_PAIR_2_NEG_X,5.645042368831012,5.6429415376258225,0.1539939896046602,-0.1539939896046602,3.0674650110898845
S151,validation_consumed,TANGENTIAL_SHIFT,D_VECTOR,ENG_PAIR_2_POS_X,19.728934246004638,19.52153028159008,2.853191537232661,-2.853191537232661,10.209491740605703
S151,validation_consumed,TANGENTIAL_SHIFT,D_VECTOR,ENG_PAIR_3_NEG_X,2.831899361163671,2.8218478610531337,0.2383875853081702,-0.2383875853081702,1.5452011078362755
S151,validation_consumed,TANGENTIAL_SHIFT,D_VECTOR,ENG_PAIR_3_POS_X,11.809233363614188,11.742279298151976,1.2557346536948115,-1.2557346536948115,6.736548775211255
S151,validation_consumed,TANGENTIAL_SHIFT,D_NORMAL,ENG_MID_UP,4.443353999612182,4.412090540507371,0.5261671105598944,0.5261671105598944,1.2414258865375751
S151,validation_consumed,TANGENTIAL_SHIFT,D_NORMAL,ENG_MID_DOWN,5.901033333813774,5.901032065973196,0.0038682214805614004,0.0038682214805614004,0.5042604512673851
S151,validation_consumed,TANGENTIAL_SHIFT,D_NORMAL,ENG_PAIR_1_NEG_X,2.463029807632064,2.4437688977101324,0.30742382449745814,-0.30742382449745814,1.0836858467538157
S151,validation_consumed,TANGENTIAL_SHIFT,D_NORMAL,ENG_PAIR_1_POS_X,11.762201993677252,11.521025793319922,2.369675169664016,-2.369675169664016,5.828014593352191
S151,validation_consumed,TANGENTIAL_SHIFT,D_NORMAL,ENG_PAIR_2_NEG_X,5.682255282473564,5.679689251812095,0.17074863996201878,-0.17074863996201878,3.0847588987109953
S151,validation_consumed,TANGENTIAL_SHIFT,D_NORMAL,ENG_PAIR_2_POS_X,19.837399576094093,19.636507705299437,2.8160232742883604,-2.8160232742883604,10.22224330951843
S151,validation_consumed,TANGENTIAL_SHIFT,D_NORMAL,ENG_PAIR_3_NEG_X,2.758186293553604,2.747212104548342,0.2457992729241369,-0.2457992729241369,1.518739479359797
S151,validation_consumed,TANGENTIAL_SHIFT,D_NORMAL,ENG_PAIR_3_POS_X,12.0074772768019,11.941367983566279,1.2582691421044292,-1.2582691421044292,6.828374592889281
S163,validation_consumed,RIGID_ONLY,INITIAL,ENG_MID_UP,41.73148671092711,11.580787061962653,40.092422652288846,-40.092422652288846,1.9943445631054961
S163,validation_consumed,RIGID_ONLY,INITIAL,ENG_MID_DOWN,50.49926145976414,29.641086317512173,40.8849778023593,-40.8849778023593,2.368720174141439
S163,validation_consumed,RIGID_ONLY,INITIAL,ENG_PAIR_1_NEG_X,44.252784515640755,31.325890182262604,31.256959891783424,-31.256959891783424,2.3305544568214853
S163,validation_consumed,RIGID_ONLY,INITIAL,ENG_PAIR_1_POS_X,40.901690517554556,11.636092299942243,39.21160087500939,-39.21160087500939,0.8977811712285578
S163,validation_consumed,RIGID_ONLY,INITIAL,ENG_PAIR_2_NEG_X,47.166796054791995,31.395325212476052,35.20000291018747,-35.20000291018747,2.4378128082970703
S163,validation_consumed,RIGID_ONLY,INITIAL,ENG_PAIR_2_POS_X,44.75693625863025,17.80261290633242,41.06397833827572,-41.06397833827572,0.9983260952614419
S163,validation_consumed,RIGID_ONLY,INITIAL,ENG_PAIR_3_NEG_X,50.858845952272475,33.407666689785664,38.34775114581256,-38.34775114581256,2.444642464374467
S163,validation_consumed,RIGID_ONLY,INITIAL,ENG_PAIR_3_POS_X,48.48714166910165,30.93304308680579,37.33831480703636,-37.33831480703636,2.154117611425469
S163,validation_consumed,RIGID_ONLY,RIGID,ENG_MID_UP,0.3855893513323467,0.13559581236064175,0.3609611108293489,-0.3609611108293489,0.010296117097377286
S163,validation_consumed,RIGID_ONLY,RIGID,ENG_MID_DOWN,0.4322124329161991,0.17636833359038176,0.39459067154950805,-0.39459067154950805,0.010436144393020928
S163,validation_consumed,RIGID_ONLY,RIGID,ENG_PAIR_1_NEG_X,0.3816262433461125,0.2198946964807518,0.31190529343072126,-0.31190529343072126,0.0069164868666700295
S163,validation_consumed,RIGID_ONLY,RIGID,ENG_PAIR_1_POS_X,0.3973266954529123,0.31886849968247233,0.23704721645651208,-0.23704721645651208,0.010431798818789046
S163,validation_consumed,RIGID_ONLY,RIGID,ENG_PAIR_2_NEG_X,0.3999119809121134,0.15857644330431495,0.36712818484284737,-0.36712818484284737,0.007226678460673663
S163,validation_consumed,RIGID_ONLY,RIGID,ENG_PAIR_2_POS_X,0.4141727180167496,0.3113280696509855,0.27315540155152174,-0.27315540155152174,0.010243626459968907
S163,validation_consumed,RIGID_ONLY,RIGID,ENG_PAIR_3_NEG_X,0.4194273928603403,0.17508823250935368,0.3811344234235118,-0.3811344234235118,0.01026552840475235
S163,validation_consumed,RIGID_ONLY,RIGID,ENG_PAIR_3_POS_X,0.4350379135260812,0.25565876550061173,0.3519894626659004,-0.3519894626659004,0.010089328175353966
S163,validation_consumed,RIGID_ONLY,D_VECTOR,ENG_MID_UP,0.08805926698905191,0.08802552536495699,0.0024374960251127946,0.0024374960251127946,0.6395104363429139
S163,validation_consumed,RIGID_ONLY,D_VECTOR,ENG_MID_DOWN,0.14971852341198946,0.1486806502822041,0.017598309132623103,-0.017598309132623103,0.32273144974636303
S163,validation_consumed,RIGID_ONLY,D_VECTOR,ENG_PAIR_1_NEG_X,0.3880733615193861,0.1824158184971573,0.342527959563841,-0.342527959563841,0.40821300539113836
S163,validation_consumed,RIGID_ONLY,D_VECTOR,ENG_PAIR_1_POS_X,0.46287723741982045,0.23589294314910145,0.3982585294678064,-0.3982585294678064,0.3825878683399343
S163,validation_consumed,RIGID_ONLY,D_VECTOR,ENG_PAIR_2_NEG_X,0.1442128498148429,0.09235094565465808,0.11076393315700205,-0.11076393315700205,0.0631341991234341
S163,validation_consumed,RIGID_ONLY,D_VECTOR,ENG_PAIR_2_POS_X,0.2856277459502749,0.23451198118974867,0.16305624776467093,-0.16305624776467093,0.26519716893829365
S163,validation_consumed,RIGID_ONLY,D_VECTOR,ENG_PAIR_3_NEG_X,0.3171047328775784,0.15814171764033794,0.27485743350894476,-0.27485743350894476,0.29946262066226126
S163,validation_consumed,RIGID_ONLY,D_VECTOR,ENG_PAIR_3_POS_X,0.32478943092061136,0.18277637674882669,0.2684789945979118,-0.2684789945979118,0.2768012035862222
S163,validation_consumed,RIGID_ONLY,D_NORMAL,ENG_MID_UP,0.10760313902948089,0.10759190612638798,0.0015547556362038016,-0.0015547556362038016,0.6517599284117634
S163,validation_consumed,RIGID_ONLY,D_NORMAL,ENG_MID_DOWN,0.17524813735009723,0.17438433809518128,0.017378500274305802,-0.017378500274305802,0.3193713945073939
S163,validation_consumed,RIGID_ONLY,D_NORMAL,ENG_PAIR_1_NEG_X,0.4080289570635649,0.2207407564922657,0.3431634424375691,-0.3431634424375691,0.4093617011418732
S163,validation_consumed,RIGID_ONLY,D_NORMAL,ENG_PAIR_1_POS_X,0.49185738930878603,0.30759765190060434,0.38380643033030254,-0.38380643033030254,0.3829532147002061
S163,validation_consumed,RIGID_ONLY,D_NORMAL,ENG_PAIR_2_NEG_X,0.19434408930059247,0.15746519656821942,0.11390494684520373,-0.11390494684520373,0.07916483686642564
S163,validation_consumed,RIGID_ONLY,D_NORMAL,ENG_PAIR_2_POS_X,0.3506160289744218,0.31035050553402876,0.16313847948465549,-0.16313847948465549,0.28901840278593716
S163,validation_consumed,RIGID_ONLY,D_NORMAL,ENG_PAIR_3_NEG_X,0.33240302621507894,0.17426997250324172,0.2830578536636315,-0.2830578536636315,0.33707237138991003
S163,validation_consumed,RIGID_ONLY,D_NORMAL,ENG_PAIR_3_POS_X,0.3764960012207723,0.2557516817265098,0.27629751397595637,-0.27629751397595637,0.32588429279543496
S163,validation_consumed,NORMAL_BUMP,INITIAL,ENG_MID_UP,38.743275829496504,11.76548899101353,36.91361118615717,-36.91361118615717,2.059990439655279
S163,validation_consumed,NORMAL_BUMP,INITIAL,ENG_MID_DOWN,47.19280440175097,29.44831955254418,36.87759838754646,-36.87759838754646,4.742690644021249
S163,validation_consumed,NORMAL_BUMP,INITIAL,ENG_PAIR_1_NEG_X,42.730374698230044,31.51241683902566,28.859184098214392,-28.859184098214392,2.635793311748691
S163,validation_consumed,NORMAL_BUMP,INITIAL,ENG_PAIR_1_POS_X,34.622905467548094,11.908976534452963,32.51033467863135,-32.51033467863135,1.9481273119622717
S163,validation_consumed,NORMAL_BUMP,INITIAL,ENG_PAIR_2_NEG_X,43.60411203942609,31.659541104182793,29.98319602409629,-29.98319602409629,3.585782917318265
S163,validation_consumed,NORMAL_BUMP,INITIAL,ENG_PAIR_2_POS_X,34.35128860047356,18.088855956880742,29.202813540551965,-29.202813540551965,0.9998931143320173
S163,validation_consumed,NORMAL_BUMP,INITIAL,ENG_PAIR_3_NEG_X,49.00391910438794,33.40860383243114,35.850373464680466,-35.850373464680466,4.402469289858018
S163,validation_consumed,NORMAL_BUMP,INITIAL,ENG_PAIR_3_POS_X,43.11719462341338,30.773121053468646,30.201117410153426,-30.201117410153426,4.4691103973033615
S163,validation_consumed,NORMAL_BUMP,RIGID,ENG_MID_UP,1.1362995737832244,0.2092408709037701,1.1168683804832908,1.1168683804832908,1.988794942116017
S163,validation_consumed,NORMAL_BUMP,RIGID,ENG_MID_DOWN,2.6330715859429557,0.9997309284693469,2.4358990224067107,2.4358990224067107,2.222153419388237
S163,validation_consumed,NORMAL_BUMP,RIGID,ENG_PAIR_1_NEG_X,1.345402751125158,0.9439589185604527,0.9586710190703195,0.9586710190703195,1.9049816795037466
S163,validation_consumed,NORMAL_BUMP,RIGID,ENG_PAIR_1_POS_X,5.116428088454092,2.0012473931775348,4.70880507725921,4.70880507725921,2.8110848382245206
S163,validation_consumed,NORMAL_BUMP,RIGID,ENG_PAIR_2_NEG_X,4.0138207958727765,1.1839863780014923,3.8352227625116737,3.8352227625116737,2.7416456097104867
S163,validation_consumed,NORMAL_BUMP,RIGID,ENG_PAIR_2_POS_X,10.020672134970775,1.7188042111922195,9.872161978015134,9.872161978015134,0.2886889822993893
S163,validation_consumed,NORMAL_BUMP,RIGID,ENG_PAIR_3_NEG_X,1.6349856571947694,1.0307623840770632,1.2691363231758754,1.2691363231758754,1.9067110860574177
S163,validation_consumed,NORMAL_BUMP,RIGID,ENG_PAIR_3_POS_X,5.542851953791617,1.485051251566361,5.34020885002382,5.34020885002382,2.8743934163963525
S163,validation_consumed,NORMAL_BUMP,D_VECTOR,ENG_MID_UP,0.7145712826730803,0.6840049491234051,0.2067591535960121,-0.2067591535960121,0.5359141851014971
S163,validation_consumed,NORMAL_BUMP,D_VECTOR,ENG_MID_DOWN,1.2196532785998795,1.2192948580014755,0.029566353353040156,0.029566353353040156,0.5910409258017671
S163,validation_consumed,NORMAL_BUMP,D_VECTOR,ENG_PAIR_1_NEG_X,1.2910738666431696,1.167847562014261,0.5504578103963024,-0.5504578103963024,0.541813090476778
S163,validation_consumed,NORMAL_BUMP,D_VECTOR,ENG_PAIR_1_POS_X,1.9606825774026262,1.9367961788767039,0.3051175688465086,0.3051175688465086,0.7228594367397689
S163,validation_consumed,NORMAL_BUMP,D_VECTOR,ENG_PAIR_2_NEG_X,1.5958915730687686,1.5924691927585881,0.10445948069332715,0.10445948069332715,1.18974643778674
S163,validation_consumed,NORMAL_BUMP,D_VECTOR,ENG_PAIR_2_POS_X,2.1971131748280754,2.0556650850664866,0.7755948433568256,0.7755948433568256,0.34082896409903357
S163,validation_consumed,NORMAL_BUMP,D_VECTOR,ENG_PAIR_3_NEG_X,1.2686417407988118,1.2402646877287502,0.2668246069427338,-0.2668246069427338,0.37303755767933744
S163,validation_consumed,NORMAL_BUMP,D_VECTOR,ENG_PAIR_3_POS_X,1.879648727828614,1.8795460178356673,0.019649602179493932,-0.019649602179493932,0.5878055778427134
S163,validation_consumed,NORMAL_BUMP,D_NORMAL,ENG_MID_UP,0.30087198399537296,0.2709139313165118,0.1308800694221403,-0.1308800694221403,0.7972060464276868
S163,validation_consumed,NORMAL_BUMP,D_NORMAL,ENG_MID_DOWN,1.1180907392903507,1.1177397278207652,0.02801432023099475,0.02801432023099475,0.6249126797201033
S163,validation_consumed,NORMAL_BUMP,D_NORMAL,ENG_PAIR_1_NEG_X,1.0079964998832702,0.8726347244990874,0.5045449250317806,-0.5045449250317806,0.32813225213749597
S163,validation_consumed,NORMAL_BUMP,D_NORMAL,ENG_PAIR_1_POS_X,1.9017871153208268,1.820013750008077,0.551673981425487,0.551673981425487,1.0369496720057958
S163,validation_consumed,NORMAL_BUMP,D_NORMAL,ENG_PAIR_2_NEG_X,0.9034615455675393,0.8743439977784956,0.2275199724595731,0.2275199724595731,0.8438878506747629
S163,validation_consumed,NORMAL_BUMP,D_NORMAL,ENG_PAIR_2_POS_X,1.7271214337544933,1.3786125887410565,1.0403729029049436,1.0403729029049436,0.8048194631095662
S163,validation_consumed,NORMAL_BUMP,D_NORMAL,ENG_PAIR_3_NEG_X,1.0555053891289459,1.024270042179932,0.25487743559006554,-0.25487743559006554,0.30895595518569596
S163,validation_consumed,NORMAL_BUMP,D_NORMAL,ENG_PAIR_3_POS_X,1.6288339921853991,1.6278761340929664,0.055852181239075295,0.055852181239075295,0.7526238308784771
S163,validation_consumed,TANGENTIAL_SHIFT,INITIAL,ENG_MID_UP,40.378861066960006,8.18674398215041,39.5402281737926,-39.5402281737926,2.262401079065689
S163,validation_consumed,TANGENTIAL_SHIFT,INITIAL,ENG_MID_DOWN,50.245462923535506,29.25439545229471,40.85078813341475,-40.85078813341475,2.5583160705736803
S163,validation_consumed,TANGENTIAL_SHIFT,INITIAL,ENG_PAIR_1_NEG_X,41.649598846550965,27.977523087940913,30.853642993046265,-30.853642993046265,2.5427369138954075
S163,validation_consumed,TANGENTIAL_SHIFT,INITIAL,ENG_PAIR_1_POS_X,45.33899689394384,20.75945037335408,40.30719364512119,-40.30719364512119,5.871971725688958
S163,validation_consumed,TANGENTIAL_SHIFT,INITIAL,ENG_PAIR_2_NEG_X,41.55399942731756,22.697066370260707,34.80772969599551,-34.80772969599551,5.275996589517791
S163,validation_consumed,TANGENTIAL_SHIFT,INITIAL,ENG_PAIR_2_POS_X,55.9619758272128,37.61397237446256,41.43587600979031,-41.43587600979031,9.954806200124453
S163,validation_consumed,TANGENTIAL_SHIFT,INITIAL,ENG_PAIR_3_NEG_X,49.577596042319364,31.847730186673633,37.99552751696228,-37.99552751696228,2.3930177322623756
S163,validation_consumed,TANGENTIAL_SHIFT,INITIAL,ENG_PAIR_3_POS_X,51.65064321179379,35.63967203512129,37.38452515976382,-37.38452515976382,7.421506436171944
S163,validation_consumed,TANGENTIAL_SHIFT,RIGID,ENG_MID_UP,5.3481777461192515,5.348032742548045,0.03938259411509352,-0.03938259411509352,0.5348086674551492
S163,validation_consumed,TANGENTIAL_SHIFT,RIGID,ENG_MID_DOWN,6.717096741176148,6.689625767829049,0.6068737238642306,-0.6068737238642306,0.8853652318579721
S163,validation_consumed,TANGENTIAL_SHIFT,RIGID,ENG_PAIR_1_NEG_X,3.8237235513950187,3.823657878817438,0.022410338022158166,0.022410338022158166,2.283050845725032
S163,validation_consumed,TANGENTIAL_SHIFT,RIGID,ENG_PAIR_1_POS_X,11.502243886621958,11.390888553750754,1.5966441004063139,-1.5966441004063139,6.033157487348549
S163,validation_consumed,TANGENTIAL_SHIFT,RIGID,ENG_PAIR_2_NEG_X,8.445334170776778,8.444068028236234,0.14623402684918854,-0.14623402684918854,5.358021724308314
S163,validation_consumed,TANGENTIAL_SHIFT,RIGID,ENG_PAIR_2_POS_X,20.11836288670982,20.089360164079245,1.0798765851934862,-1.0798765851934862,10.675246760123457
S163,validation_consumed,TANGENTIAL_SHIFT,RIGID,ENG_PAIR_3_NEG_X,4.0864831501490855,4.083094447947513,0.16638589361054196,-0.16638589361054196,2.75375538200274
S163,validation_consumed,TANGENTIAL_SHIFT,RIGID,ENG_PAIR_3_POS_X,12.068770577528085,12.039951110292005,0.8335469481594413,-0.8335469481594413,8.412209903365385
S163,validation_consumed,TANGENTIAL_SHIFT,D_VECTOR,ENG_MID_UP,5.215485392951116,5.18980177177759,0.516957883913803,0.516957883913803,1.101805759953921
S163,validation_consumed,TANGENTIAL_SHIFT,D_VECTOR,ENG_MID_DOWN,6.657056872836546,6.6564093086263885,0.09285108622011604,-0.09285108622011604,0.40981747523503287
S163,validation_consumed,TANGENTIAL_SHIFT,D_VECTOR,ENG_PAIR_1_NEG_X,3.868492445580153,3.863552796949631,0.19543179550266496,-0.19543179550266496,2.043299581276572
S163,validation_consumed,TANGENTIAL_SHIFT,D_VECTOR,ENG_PAIR_1_POS_X,11.381711434861158,11.154523266570926,2.262734160695213,-2.262734160695213,6.214942178787652
S163,validation_consumed,TANGENTIAL_SHIFT,D_VECTOR,ENG_PAIR_2_NEG_X,8.323639895580829,8.319527961218531,0.2616020141509804,-0.2616020141509804,5.62066906220313
S163,validation_consumed,TANGENTIAL_SHIFT,D_VECTOR,ENG_PAIR_2_POS_X,19.93475306694871,19.785196927083497,2.4372858668499555,-2.4372858668499555,10.32040943797896
S163,validation_consumed,TANGENTIAL_SHIFT,D_VECTOR,ENG_PAIR_3_NEG_X,4.14045195816571,4.136224890228521,0.1870456503967046,-0.1870456503967046,2.36335927536713
S163,validation_consumed,TANGENTIAL_SHIFT,D_VECTOR,ENG_PAIR_3_POS_X,11.803183157868668,11.73059222622507,1.307034307209468,-1.307034307209468,8.457798272983764
S163,validation_consumed,TANGENTIAL_SHIFT,D_NORMAL,ENG_MID_UP,5.320491637828606,5.29439955400986,0.5262742922700239,0.5262742922700239,1.129251142688323
S163,validation_consumed,TANGENTIAL_SHIFT,D_NORMAL,ENG_MID_DOWN,6.695635819979699,6.6949811288531516,0.0936307540042124,-0.0936307540042124,0.41740868605316733
S163,validation_consumed,TANGENTIAL_SHIFT,D_NORMAL,ENG_PAIR_1_NEG_X,3.8506133862730167,3.8458971177080095,0.19052246731074582,-0.19052246731074582,2.0534047106531315
S163,validation_consumed,TANGENTIAL_SHIFT,D_NORMAL,ENG_PAIR_1_POS_X,11.483322033090227,11.270552883664744,2.200300573142633,-2.200300573142633,6.175490282280684
S163,validation_consumed,TANGENTIAL_SHIFT,D_NORMAL,ENG_PAIR_2_NEG_X,8.43875712860066,8.434016605446617,0.28281756409243064,-0.28281756409243064,5.685473039473059
S163,validation_consumed,TANGENTIAL_SHIFT,D_NORMAL,ENG_PAIR_2_POS_X,19.95626612598196,19.818627556874485,2.3397776503142587,-2.3397776503142587,10.254782446957037
S163,validation_consumed,TANGENTIAL_SHIFT,D_NORMAL,ENG_PAIR_3_NEG_X,4.092004811520873,4.0874838876614055,0.19229884455808827,-0.19229884455808827,2.3405461125780045
S163,validation_consumed,TANGENTIAL_SHIFT,D_NORMAL,ENG_PAIR_3_POS_X,12.037510831532176,11.965068933779843,1.3186327878340265,-1.3186327878340265,8.604375435561558
S165,dev,RIGID_ONLY,INITIAL,ENG_MID_UP,37.207730434955195,19.687948156718793,31.57213805713266,-31.57213805713266,2.120175540563695
S165,dev,RIGID_ONLY,INITIAL,ENG_MID_DOWN,44.84086550037914,21.630838301315087,39.27862081597892,-39.27862081597892,2.309845454795866
S165,dev,RIGID_ONLY,INITIAL,ENG_PAIR_1_NEG_X,39.36134134701313,30.146130891093854,25.308614836318526,-25.308614836318526,2.3594499852036934
S165,dev,RIGID_ONLY,INITIAL,ENG_PAIR_1_POS_X,37.208660848830895,17.225406100481067,32.981355745888166,-32.981355745888166,1.8919645869674613
S165,dev,RIGID_ONLY,INITIAL,ENG_PAIR_2_NEG_X,41.83651990876783,33.5404071218556,25.006708863361155,-25.006708863361155,2.4471481601331404
S165,dev,RIGID_ONLY,INITIAL,ENG_PAIR_2_POS_X,39.61016392063483,4.953626851421534,39.299194226299825,-39.299194226299825,1.597713846510645
S165,dev,RIGID_ONLY,INITIAL,ENG_PAIR_3_NEG_X,45.1933340786339,32.6101670295356,31.28920662862518,-31.28920662862518,2.4494781466915367
S165,dev,RIGID_ONLY,INITIAL,ENG_PAIR_3_POS_X,42.77704381811879,19.271431887863816,38.19014782386525,-38.19014782386525,2.0734437106960493
S165,dev,RIGID_ONLY,RIGID,ENG_MID_UP,0.42742649782706954,0.09172481366238056,0.41746852528462003,-0.41746852528462003,0.007922433556499523
S165,dev,RIGID_ONLY,RIGID,ENG_MID_DOWN,0.4740610545557354,0.15389666657862414,0.4483856592961952,-0.4483856592961952,0.007853910322882554
S165,dev,RIGID_ONLY,RIGID,ENG_PAIR_1_NEG_X,0.4376619291762796,0.139398307861055,0.41486874552776,-0.41486874552776,0.007497896893563532
S165,dev,RIGID_ONLY,RIGID,ENG_PAIR_1_POS_X,0.43262074432293374,0.14307570417266124,0.4082769296617509,-0.4082769296617509,0.007889890742148646
S165,dev,RIGID_ONLY,RIGID,ENG_PAIR_2_NEG_X,0.454650489010416,0.1889578944218711,0.41352385819087073,-0.41352385819087073,0.006744922258588911
S165,dev,RIGID_ONLY,RIGID,ENG_PAIR_2_POS_X,0.4498203503351133,0.19293085338999658,0.4063447223550612,-0.4063447223550612,0.007608057017177848
S165,dev,RIGID_ONLY,RIGID,ENG_PAIR_3_NEG_X,0.47201569733641374,0.22018290662566162,0.41751443826753604,-0.41751443826753604,0.00701843477397801
S165,dev,RIGID_ONLY,RIGID,ENG_PAIR_3_POS_X,0.4675122314869729,0.2280123309447992,0.40813975979687195,-0.40813975979687195,0.007836352848860502
S165,dev,RIGID_ONLY,D_VECTOR,ENG_MID_UP,0.125305717865497,0.05288527495299978,0.11359872632619233,0.11359872632619233,0.5299860530025405
S165,dev,RIGID_ONLY,D_VECTOR,ENG_MID_DOWN,0.13820862287033991,0.12940460882318083,0.04853937217388976,-0.04853937217388976,0.11774503578767231
S165,dev,RIGID_ONLY,D_VECTOR,ENG_PAIR_1_NEG_X,0.4113747216953436,0.08072084540488157,0.40337737513033944,-0.40337737513033944,0.41379597132533635
S165,dev,RIGID_ONLY,D_VECTOR,ENG_PAIR_1_POS_X,0.3778821707776871,0.0970329050813397,0.3652116514065958,-0.3652116514065958,0.5208154144032249
S165,dev,RIGID_ONLY,D_VECTOR,ENG_PAIR_2_NEG_X,0.23498627217335474,0.09879016750897784,0.21321128233158315,-0.21321128233158315,0.4852300864985183
S165,dev,RIGID_ONLY,D_VECTOR,ENG_PAIR_2_POS_X,0.23946509429667065,0.11004883097066753,0.2126800089065797,-0.2126800089065797,0.42864252662109953
S165,dev,RIGID_ONLY,D_VECTOR,ENG_PAIR_3_NEG_X,0.37330943270985545,0.17201049820348507,0.3313190623220206,-0.3313190623220206,0.23416159586999843
S165,dev,RIGID_ONLY,D_VECTOR,ENG_PAIR_3_POS_X,0.3195342582243651,0.1707043025941109,0.27011512962967,-0.27011512962967,0.26500255944798684
S165,dev,RIGID_ONLY,D_NORMAL,ENG_MID_UP,0.12049252357724997,0.06506305464342325,0.1014162075729568,0.1014162075729568,0.5163878364268074
S165,dev,RIGID_ONLY,D_NORMAL,ENG_MID_DOWN,0.16082194494436003,0.15326906385636493,0.048706180719496894,-0.048706180719496894,0.11660096565449729
S165,dev,RIGID_ONLY,D_NORMAL,ENG_PAIR_1_NEG_X,0.4392221177583194,0.1346098726372263,0.4180864156088938,-0.4180864156088938,0.4384082969174992
S165,dev,RIGID_ONLY,D_NORMAL,ENG_PAIR_1_POS_X,0.40001520832060133,0.13622627716555333,0.37610446460709274,-0.37610446460709274,0.5388640539510197
S165,dev,RIGID_ONLY,D_NORMAL,ENG_PAIR_2_NEG_X,0.2964568291927046,0.19127268916797205,0.22649814558500203,-0.22649814558500203,0.5376144655815471
S165,dev,RIGID_ONLY,D_NORMAL,ENG_PAIR_2_POS_X,0.29743404378476296,0.1932749634771076,0.226079187222263,-0.226079187222263,0.4663210148040867
S165,dev,RIGID_ONLY,D_NORMAL,ENG_PAIR_3_NEG_X,0.38649125126658873,0.22012637085003195,0.31767887585108273,-0.31767887585108273,0.21620902652906915
S165,dev,RIGID_ONLY,D_NORMAL,ENG_PAIR_3_POS_X,0.3620164937930501,0.22834101110666585,0.2809204948468498,-0.2809204948468498,0.30269122802366133
S165,dev,NORMAL_BUMP,INITIAL,ENG_MID_UP,35.29102676946206,20.200473558871423,28.937820208858586,-28.937820208858586,2.341232500774675
S165,dev,NORMAL_BUMP,INITIAL,ENG_MID_DOWN,41.40358952256676,21.60591712492371,35.319138870365,-35.319138870365,4.66646021282724
S165,dev,NORMAL_BUMP,INITIAL,ENG_PAIR_1_NEG_X,38.22558902043783,30.31812201798722,23.281046653057835,-23.281046653057835,2.9840802316584947
S165,dev,NORMAL_BUMP,INITIAL,ENG_PAIR_1_POS_X,30.50649127217647,16.72212266399013,25.515027402490606,-25.515027402490606,1.2176577725993745
S165,dev,NORMAL_BUMP,INITIAL,ENG_PAIR_2_NEG_X,39.80187364009151,33.80554466735919,21.008909895684578,-21.008909895684578,3.478524855329031
S165,dev,NORMAL_BUMP,INITIAL,ENG_PAIR_2_POS_X,27.83939280924083,4.3420316244895245,27.498700939483363,-27.498700939483363,1.304080053021955
S165,dev,NORMAL_BUMP,INITIAL,ENG_PAIR_3_NEG_X,43.87984516110669,32.64976090129193,29.316103500485298,-29.316103500485298,3.97658020101669
S165,dev,NORMAL_BUMP,INITIAL,ENG_PAIR_3_POS_X,35.944869665354894,18.86941466442708,30.593771351065143,-30.593771351065143,4.517688246501754
S165,dev,NORMAL_BUMP,RIGID,ENG_MID_UP,0.8080852878150363,0.7933858415692846,0.15342991488138194,-0.15342991488138194,2.281729364979703
S165,dev,NORMAL_BUMP,RIGID,ENG_MID_DOWN,2.017598480478785,0.6598840691050937,1.9066349004913357,1.9066349004913357,2.254425309954766
S165,dev,NORMAL_BUMP,RIGID,ENG_PAIR_1_NEG_X,1.5597549715039802,1.5590323293763428,0.047473856918915515,-0.047473856918915515,2.147483412564013
S165,dev,NORMAL_BUMP,RIGID,ENG_PAIR_1_POS_X,4.802381904173571,0.8548920540613949,4.725677890994738,4.725677890994738,2.8601317241135753
S165,dev,NORMAL_BUMP,RIGID,ENG_PAIR_2_NEG_X,2.855056950983131,1.7209767654378578,2.2780669801786204,2.2780669801786204,2.566630575168975
S165,dev,NORMAL_BUMP,RIGID,ENG_PAIR_2_POS_X,9.315744940097836,1.3244919469060052,9.221107572929599,9.221107572929599,0.43003525750570665
S165,dev,NORMAL_BUMP,RIGID,ENG_PAIR_3_NEG_X,1.2426870635461273,1.2127406632211686,0.27116640956205573,0.27116640956205573,1.684109979735216
S165,dev,NORMAL_BUMP,RIGID,ENG_PAIR_3_POS_X,5.4213650268768045,0.8623423458831673,5.352341957791902,5.352341957791902,2.788698298442636
S165,dev,NORMAL_BUMP,D_VECTOR,ENG_MID_UP,1.1269957986560177,1.088207234494623,0.29312888800300785,-0.29312888800300785,0.33180686857403685
S165,dev,NORMAL_BUMP,D_VECTOR,ENG_MID_DOWN,0.7976924462754555,0.797480791778782,0.018374590847350956,-0.018374590847350956,0.6817738046656308
S165,dev,NORMAL_BUMP,D_VECTOR,ENG_PAIR_1_NEG_X,1.5711586499283081,1.4526114245872102,0.5987149174717955,-0.5987149174717955,0.7432312038907075
S165,dev,NORMAL_BUMP,D_VECTOR,ENG_PAIR_1_POS_X,1.1491576515255568,1.1487482360767989,0.03067243339182798,0.03067243339182798,0.8416770845084315
S165,dev,NORMAL_BUMP,D_VECTOR,ENG_PAIR_2_NEG_X,2.016143720330051,2.011828417770668,0.13184050393058436,-0.13184050393058436,1.4749702442161532
S165,dev,NORMAL_BUMP,D_VECTOR,ENG_PAIR_2_POS_X,0.8968524768727287,0.8342650326550508,0.32915987082543274,0.32915987082543274,0.3141857960128834
S165,dev,NORMAL_BUMP,D_VECTOR,ENG_PAIR_3_NEG_X,1.3900798753010748,1.3284432970448539,0.4093415032141863,-0.4093415032141863,0.5779293865653942
S165,dev,NORMAL_BUMP,D_VECTOR,ENG_PAIR_3_POS_X,1.34894594863364,1.34857661529545,0.03156398285038742,0.03156398285038742,0.7484722134718771
S165,dev,NORMAL_BUMP,D_NORMAL,ENG_MID_UP,0.8140104512582765,0.769427323768054,0.2656964587585488,-0.2656964587585488,0.3412737180240577
S165,dev,NORMAL_BUMP,D_NORMAL,ENG_MID_DOWN,0.6740275509129706,0.6738971878361386,0.013255927590378932,-0.013255927590378932,0.6857685157420588
S165,dev,NORMAL_BUMP,D_NORMAL,ENG_PAIR_1_NEG_X,1.6329559119780401,1.5167267524384578,0.6050495590458042,-0.6050495590458042,0.7224594081268594
S165,dev,NORMAL_BUMP,D_NORMAL,ENG_PAIR_1_POS_X,1.03381104915185,1.024848444691112,0.13583427683268173,0.13583427683268173,0.585334536146518
S165,dev,NORMAL_BUMP,D_NORMAL,ENG_PAIR_2_NEG_X,1.5434736749494584,1.5432366927858987,0.027046169806984308,-0.027046169806984308,1.2499741621284521
S165,dev,NORMAL_BUMP,D_NORMAL,ENG_PAIR_2_POS_X,0.9625559076579944,0.7146300786748506,0.6448393024781306,0.6448393024781306,0.09297068389959032
S165,dev,NORMAL_BUMP,D_NORMAL,ENG_PAIR_3_NEG_X,1.2543981182184112,1.1876159242723103,0.4038354310913263,-0.4038354310913263,0.5269407918457164
S165,dev,NORMAL_BUMP,D_NORMAL,ENG_PAIR_3_POS_X,1.0657324837237334,1.061421276319278,0.09576325516978076,0.09576325516978076,0.9607064498503247
S165,dev,TANGENTIAL_SHIFT,INITIAL,ENG_MID_UP,34.37900375500956,15.578108300064795,30.646997258759527,-30.646997258759527,3.2406144747219168
S165,dev,TANGENTIAL_SHIFT,INITIAL,ENG_MID_DOWN,42.89921143223418,17.643590151832907,39.10301865664181,-39.10301865664181,2.6609055042446066
S165,dev,TANGENTIAL_SHIFT,INITIAL,ENG_PAIR_1_NEG_X,36.71433165167899,26.863511780108475,25.025864290158914,-25.025864290158914,2.136661592554192
S165,dev,TANGENTIAL_SHIFT,INITIAL,ENG_PAIR_1_POS_X,34.318400353140134,5.513453295332064,33.87262073649751,-33.87262073649751,6.075717904394612
S165,dev,TANGENTIAL_SHIFT,INITIAL,ENG_PAIR_2_NEG_X,36.40996028316973,26.860203067997197,24.58077905535035,-24.58077905535035,4.544663482326172
S165,dev,TANGENTIAL_SHIFT,INITIAL,ENG_PAIR_2_POS_X,42.93092935398509,14.830516686746845,40.2879692960688,-40.2879692960688,10.689885973515391
S165,dev,TANGENTIAL_SHIFT,INITIAL,ENG_PAIR_3_NEG_X,43.08688006179291,29.818705825004713,31.101833006772416,-31.101833006772416,2.074899756349044
S165,dev,TANGENTIAL_SHIFT,INITIAL,ENG_PAIR_3_POS_X,43.51760683601025,20.337408420604138,38.47300252731916,-38.47300252731916,7.106621297647485
S165,dev,TANGENTIAL_SHIFT,RIGID,ENG_MID_UP,4.273783092352521,4.264998605388222,0.27387737495968617,0.27387737495968617,1.9230116172534892
S165,dev,TANGENTIAL_SHIFT,RIGID,ENG_MID_DOWN,6.498501487152835,6.479977001233208,0.49032605684002467,-0.49032605684002467,0.36626427329385464
S165,dev,TANGENTIAL_SHIFT,RIGID,ENG_PAIR_1_NEG_X,3.055189932606771,3.0475622544644505,0.21575409489814845,-0.21575409489814845,1.5183692639750435
S165,dev,TANGENTIAL_SHIFT,RIGID,ENG_PAIR_1_POS_X,12.433978044651765,12.331565169450265,1.5925798210712125,-1.5925798210712125,6.1248661434337
S165,dev,TANGENTIAL_SHIFT,RIGID,ENG_PAIR_2_NEG_X,6.273574293345582,6.272939070896709,0.08927388724622913,-0.08927388724622913,4.036568863747686
S165,dev,TANGENTIAL_SHIFT,RIGID,ENG_PAIR_2_POS_X,19.867851010871792,19.78765999184327,1.7832598905948762,-1.7832598905948762,11.433861465779255
S165,dev,TANGENTIAL_SHIFT,RIGID,ENG_PAIR_3_NEG_X,3.01352382281663,2.995878761880768,0.32563211573048906,-0.32563211573048906,1.959895047871938
S165,dev,TANGENTIAL_SHIFT,RIGID,ENG_PAIR_3_POS_X,12.734389734142615,12.688315253295308,1.082283666157138,-1.082283666157138,7.5489001615826465
S165,dev,TANGENTIAL_SHIFT,D_VECTOR,ENG_MID_UP,4.1364746052353905,4.007865255367989,1.023444309462592,1.023444309462592,2.774652001932868
S165,dev,TANGENTIAL_SHIFT,D_VECTOR,ENG_MID_DOWN,6.442316508200276,6.442311303113172,0.008189359563368743,0.008189359563368743,0.48838839949122276
S165,dev,TANGENTIAL_SHIFT,D_VECTOR,ENG_PAIR_1_NEG_X,3.104334898138317,3.0965348572154086,0.2199250732621889,-0.2199250732621889,1.2636073794145748
S165,dev,TANGENTIAL_SHIFT,D_VECTOR,ENG_PAIR_1_POS_X,12.161090311923928,11.945058245198277,2.2820388019467703,-2.2820388019467703,6.668357613548887
S165,dev,TANGENTIAL_SHIFT,D_VECTOR,ENG_PAIR_2_NEG_X,6.2174049348287435,6.215922699456444,0.13575388766047394,-0.13575388766047394,4.090980945010508
S165,dev,TANGENTIAL_SHIFT,D_VECTOR,ENG_PAIR_2_POS_X,19.52805023200179,19.26700301731094,3.182348283031939,-3.182348283031939,12.005710726443384
S165,dev,TANGENTIAL_SHIFT,D_VECTOR,ENG_PAIR_3_NEG_X,3.0872901632860668,3.075632483752434,0.2680398798868276,-0.2680398798868276,1.7298936652775663
S165,dev,TANGENTIAL_SHIFT,D_VECTOR,ENG_PAIR_3_POS_X,12.48843107671908,12.391886044589555,1.549861611844602,-1.549861611844602,7.534315623918894
S165,dev,TANGENTIAL_SHIFT,D_NORMAL,ENG_MID_UP,4.219113715547278,4.093300198090387,1.022650494075255,1.022650494075255,2.792405646229528
S165,dev,TANGENTIAL_SHIFT,D_NORMAL,ENG_MID_DOWN,6.473738725460513,6.4737339981399185,0.007823480967595189,0.007823480967595189,0.4804595263282362
S165,dev,TANGENTIAL_SHIFT,D_NORMAL,ENG_PAIR_1_NEG_X,3.0655598198259337,3.0554383964521326,0.24890402651871604,-0.24890402651871604,1.2357706323093032
S165,dev,TANGENTIAL_SHIFT,D_NORMAL,ENG_PAIR_1_POS_X,12.401177167250433,12.187179423952816,2.2938728870437797,-2.2938728870437797,6.756935935972635
S165,dev,TANGENTIAL_SHIFT,D_NORMAL,ENG_PAIR_2_NEG_X,6.2730229947283025,6.2708863666084795,0.16371215432563635,-0.16371215432563635,4.210702294297168
S165,dev,TANGENTIAL_SHIFT,D_NORMAL,ENG_PAIR_2_POS_X,19.672539631317395,19.421897644198577,3.1302887157620454,-3.1302887157620454,12.02137890540064
S165,dev,TANGENTIAL_SHIFT,D_NORMAL,ENG_PAIR_3_NEG_X,3.0102538364503992,2.997559642426117,0.27616000789860407,-0.27616000789860407,1.7033120367837324
S165,dev,TANGENTIAL_SHIFT,D_NORMAL,ENG_PAIR_3_POS_X,12.708466463875315,12.612221422082845,1.5610863729461346,-1.5610863729461346,7.658045442998122
S170,validation_consumed,RIGID_ONLY,INITIAL,ENG_MID_UP,42.39451295961489,25.875109146299167,33.58233844969793,-33.58233844969793,2.372245361784715
S170,validation_consumed,RIGID_ONLY,INITIAL,ENG_MID_DOWN,52.28742282507728,34.828649161157756,38.999227983351126,-38.999227983351126,2.446988776857202
S170,validation_consumed,RIGID_ONLY,INITIAL,ENG_PAIR_1_NEG_X,44.67885082190096,39.33871356943668,21.18172149442765,-21.18172149442765,2.446746210219053
S170,validation_consumed,RIGID_ONLY,INITIAL,ENG_PAIR_1_POS_X,42.58641902993744,20.112582942007137,37.537808849136375,-37.537808849136375,2.082697014433185
S170,validation_consumed,RIGID_ONLY,INITIAL,ENG_PAIR_2_NEG_X,47.9025011712735,43.97537356963192,18.995160906798823,-18.995160906798823,2.3049310108108836
S170,validation_consumed,RIGID_ONLY,INITIAL,ENG_PAIR_2_POS_X,45.97290854154066,12.013852985286318,44.375394716180146,-44.375394716180146,2.0718788294830657
S170,validation_consumed,RIGID_ONLY,INITIAL,ENG_PAIR_3_NEG_X,52.123385273390596,44.66560136290957,26.866919199044062,-26.866919199044062,2.3053298604118426
S170,validation_consumed,RIGID_ONLY,INITIAL,ENG_PAIR_3_POS_X,50.12698579455956,25.59206960856584,43.10174796917517,-43.10174796917517,2.3846823554391237
S170,validation_consumed,RIGID_ONLY,RIGID,ENG_MID_UP,0.38150195433990386,0.07760072124305749,0.37352626310304243,-0.37352626310304243,0.009780965124335681
S170,validation_consumed,RIGID_ONLY,RIGID,ENG_MID_DOWN,0.43974305711843426,0.21109982872490823,0.3857600531368962,-0.3857600531368962,0.009609005028338521
S170,validation_consumed,RIGID_ONLY,RIGID,ENG_PAIR_1_NEG_X,0.39077019565317617,0.26645407995494064,0.2858383618169326,-0.2858383618169326,0.008943006679169217
S170,validation_consumed,RIGID_ONLY,RIGID,ENG_PAIR_1_POS_X,0.38987620683135216,0.13391996840275253,0.36615420073544025,-0.36615420073544025,0.009557994150537003
S170,validation_consumed,RIGID_ONLY,RIGID,ENG_PAIR_2_NEG_X,0.41194310218528857,0.3112206185320704,0.2698867281630473,-0.2698867281630473,0.00773467366129959
S170,validation_consumed,RIGID_ONLY,RIGID,ENG_PAIR_2_POS_X,0.4116861616531533,0.06689337815748764,0.4062151790066265,-0.4062151790066265,0.009401698378695032
S170,validation_consumed,RIGID_ONLY,RIGID,ENG_PAIR_3_NEG_X,0.43410695473893857,0.31005216920568024,0.3038363054731398,-0.3038363054731398,0.008734615991154623
S170,validation_consumed,RIGID_ONLY,RIGID,ENG_PAIR_3_POS_X,0.43411462137274154,0.15478644330353983,0.40558188009209534,-0.40558188009209534,0.009712155178019412
S170,validation_consumed,RIGID_ONLY,D_VECTOR,ENG_MID_UP,0.14024681269789918,0.13289555483193632,0.04481004326968928,0.04481004326968928,0.3916216006089051
S170,validation_consumed,RIGID_ONLY,D_VECTOR,ENG_MID_DOWN,0.1912083167215654,0.19060948827944704,0.015120957686000101,-0.015120957686000101,0.06694193630952286
S170,validation_consumed,RIGID_ONLY,D_VECTOR,ENG_PAIR_1_NEG_X,0.44373837143742423,0.21196643110240684,0.3898383951994032,-0.3898383951994032,0.3061740576957212
S170,validation_consumed,RIGID_ONLY,D_VECTOR,ENG_PAIR_1_POS_X,0.3552755541536751,0.11220305064107068,0.3370922645301108,-0.3370922645301108,0.16889800610989536
S170,validation_consumed,RIGID_ONLY,D_VECTOR,ENG_PAIR_2_NEG_X,0.3355150888357008,0.24021885128346263,0.23423338430821916,-0.23423338430821916,0.2936603910691595
S170,validation_consumed,RIGID_ONLY,D_VECTOR,ENG_PAIR_2_POS_X,0.08198347929413646,0.017616906937240065,0.08006831749910026,-0.08006831749910026,0.12310090911068756
S170,validation_consumed,RIGID_ONLY,D_VECTOR,ENG_PAIR_3_NEG_X,0.4108356114980595,0.23081043739623025,0.3398712133499178,-0.3398712133499178,0.45988894925033713
S170,validation_consumed,RIGID_ONLY,D_VECTOR,ENG_PAIR_3_POS_X,0.2837512309256597,0.1491673299047002,0.24137909756424517,-0.24137909756424517,0.03870660401584746
S170,validation_consumed,RIGID_ONLY,D_NORMAL,ENG_MID_UP,0.14735764516620714,0.14300419742362577,0.03555383394451955,0.03555383394451955,0.3892137496798679
S170,validation_consumed,RIGID_ONLY,D_NORMAL,ENG_MID_DOWN,0.21128513693044065,0.21072674499539665,0.0153508316178672,-0.0153508316178672,0.06752951898401328
S170,validation_consumed,RIGID_ONLY,D_NORMAL,ENG_PAIR_1_NEG_X,0.46125597615300856,0.25496673621318117,0.3843813717672371,-0.3843813717672371,0.3086827536135693
S170,validation_consumed,RIGID_ONLY,D_NORMAL,ENG_PAIR_1_POS_X,0.3700201030974107,0.13333637780199084,0.3451612478985195,-0.3451612478985195,0.17339853777807457
S170,validation_consumed,RIGID_ONLY,D_NORMAL,ENG_PAIR_2_NEG_X,0.38660228348848247,0.309925940032956,0.23110005905061465,-0.23110005905061465,0.30498402207293895
S170,validation_consumed,RIGID_ONLY,D_NORMAL,ENG_PAIR_2_POS_X,0.11120105980426782,0.06138117371173982,0.09272554780297375,-0.09272554780297375,0.10247281067625515
S170,validation_consumed,RIGID_ONLY,D_NORMAL,ENG_PAIR_3_NEG_X,0.45527419370502764,0.3053986985843221,0.3376480806353938,-0.3376480806353938,0.48412393481051036
S170,validation_consumed,RIGID_ONLY,D_NORMAL,ENG_PAIR_3_POS_X,0.29134164995481643,0.15328692414425296,0.2477560814284663,-0.2477560814284663,0.05613168645756446
S170,validation_consumed,NORMAL_BUMP,INITIAL,ENG_MID_UP,40.49020620727218,26.361100289014757,30.7335190022218,-30.7335190022218,2.3169859028948325
S170,validation_consumed,NORMAL_BUMP,INITIAL,ENG_MID_DOWN,49.447024810944136,34.79897128230798,35.12890348911036,-35.12890348911036,4.688203845913994
S170,validation_consumed,NORMAL_BUMP,INITIAL,ENG_PAIR_1_NEG_X,43.798484021746255,39.537245795360654,18.84445269888192,-18.84445269888192,3.187973191421855
S170,validation_consumed,NORMAL_BUMP,INITIAL,ENG_PAIR_1_POS_X,35.92924758343068,19.359052128844066,30.26777052549721,-30.26777052549721,0.8951497193695617
S170,validation_consumed,NORMAL_BUMP,INITIAL,ENG_PAIR_2_NEG_X,46.60069785934923,44.224493551129505,14.690786606729434,-14.690786606729434,3.4004066881005883
S170,validation_consumed,NORMAL_BUMP,INITIAL,ENG_PAIR_2_POS_X,34.474910315130806,11.406688021783935,32.53316630163752,-32.53316630163752,1.8807115869956406
S170,validation_consumed,NORMAL_BUMP,INITIAL,ENG_PAIR_3_NEG_X,51.142725049695805,44.71405827960661,24.82400688198274,-24.82400688198274,3.757024499347927
S170,validation_consumed,NORMAL_BUMP,INITIAL,ENG_PAIR_3_POS_X,43.71710620770454,25.274307440445043,35.670642811443464,-35.670642811443464,5.087556250274173
S170,validation_consumed,NORMAL_BUMP,RIGID,ENG_MID_UP,0.9797266749205654,0.47109924839935524,0.8590284370778826,0.8590284370778826,2.4264058518395006
S170,validation_consumed,NORMAL_BUMP,RIGID,ENG_MID_DOWN,2.4551779397160693,0.8406640503987052,2.306768880931873,2.306768880931873,2.261824713716361
S170,validation_consumed,NORMAL_BUMP,RIGID,ENG_PAIR_1_NEG_X,1.2600841441603037,1.0075419635756901,0.7567504489580751,0.7567504489580751,2.5142767321016355
S170,validation_consumed,NORMAL_BUMP,RIGID,ENG_PAIR_1_POS_X,5.4322707689000795,1.3719547183265979,5.256168372256319,5.256168372256319,2.7577586063389763
S170,validation_consumed,NORMAL_BUMP,RIGID,ENG_PAIR_2_NEG_X,3.235623047189367,1.3338886988667769,2.9478801608170073,2.9478801608170073,2.651207706088039
S170,validation_consumed,NORMAL_BUMP,RIGID,ENG_PAIR_2_POS_X,9.971547368681955,1.5369302209737303,9.852390695751243,9.852390695751243,0.2603322831030278
S170,validation_consumed,NORMAL_BUMP,RIGID,ENG_PAIR_3_NEG_X,1.4064476307983949,1.1456441120258698,0.8158397555640897,0.8158397555640897,1.7706282584492266
S170,validation_consumed,NORMAL_BUMP,RIGID,ENG_PAIR_3_POS_X,5.800243926318741,0.9694320331912177,5.718656410191137,5.718656410191137,2.870901688863709
S170,validation_consumed,NORMAL_BUMP,D_VECTOR,ENG_MID_UP,0.8607377346648787,0.8185386524623633,0.26620278417237764,-0.26620278417237764,0.1904400631294068
S170,validation_consumed,NORMAL_BUMP,D_VECTOR,ENG_MID_DOWN,0.9982844635243999,0.9981457789243505,0.01663953514076513,-0.01663953514076513,0.8184154168346389
S170,validation_consumed,NORMAL_BUMP,D_VECTOR,ENG_PAIR_1_NEG_X,1.230867221252514,1.1297207512005387,0.48863600016860764,-0.48863600016860764,0.5673356612045711
S170,validation_consumed,NORMAL_BUMP,D_VECTOR,ENG_PAIR_1_POS_X,0.7656979175257806,0.7656860972495444,0.004254571903082214,0.004254571903082214,0.7455367812407884
S170,validation_consumed,NORMAL_BUMP,D_VECTOR,ENG_PAIR_2_NEG_X,1.794176101940432,1.793784038178995,0.037506121479312586,0.037506121479312586,1.0935340040879122
S170,validation_consumed,NORMAL_BUMP,D_VECTOR,ENG_PAIR_2_POS_X,0.603951446535896,0.5313951274327445,0.2870131849123634,0.2870131849123634,0.09043457490092101
S170,validation_consumed,NORMAL_BUMP,D_VECTOR,ENG_PAIR_3_NEG_X,1.3901667323799078,1.3284316135788738,0.4096742509116972,-0.4096742509116972,0.6907990176447026
S170,validation_consumed,NORMAL_BUMP,D_VECTOR,ENG_PAIR_3_POS_X,1.6310102524703844,1.6301491563489885,0.052992185444542615,0.052992185444542615,0.48138809616573053
S170,validation_consumed,NORMAL_BUMP,D_NORMAL,ENG_MID_UP,0.3542878493005394,0.2897733537507479,0.20384131970247252,-0.20384131970247252,0.1861637093578603
S170,validation_consumed,NORMAL_BUMP,D_NORMAL,ENG_MID_DOWN,0.8791312916166604,0.8789339260181387,0.018627441958536564,-0.018627441958536564,0.8478553093590608
S170,validation_consumed,NORMAL_BUMP,D_NORMAL,ENG_PAIR_1_NEG_X,1.0291096184391064,0.9305482202076917,0.4394844896377808,-0.4394844896377808,0.452280710799928
S170,validation_consumed,NORMAL_BUMP,D_NORMAL,ENG_PAIR_1_POS_X,1.0638862474744761,1.0591514351590416,0.10026058530581533,0.10026058530581533,0.5318731441589053
S170,validation_consumed,NORMAL_BUMP,D_NORMAL,ENG_PAIR_2_NEG_X,1.094597706319868,1.0808764421906367,0.1727722645508448,0.1727722645508448,0.8405227679589596
S170,validation_consumed,NORMAL_BUMP,D_NORMAL,ENG_PAIR_2_POS_X,0.8401047585126211,0.7347073859229916,0.40740773476426995,0.40740773476426995,0.3265338647034648
S170,validation_consumed,NORMAL_BUMP,D_NORMAL,ENG_PAIR_3_NEG_X,1.1781440776906837,1.1152029932506753,0.3799286138768253,-0.3799286138768253,0.6019755866343077
S170,validation_consumed,NORMAL_BUMP,D_NORMAL,ENG_PAIR_3_POS_X,1.2201213336131649,1.2185231177959375,0.06242980165622504,0.06242980165622504,0.6851790473399392
S170,validation_consumed,TANGENTIAL_SHIFT,INITIAL,ENG_MID_UP,38.99457458662782,21.145369881448755,32.763549559972894,-32.763549559972894,3.206500883285909
S170,validation_consumed,TANGENTIAL_SHIFT,INITIAL,ENG_MID_DOWN,48.677548709969486,29.215700224898505,38.935159031141986,-38.935159031141986,2.7842461715229794
S170,validation_consumed,TANGENTIAL_SHIFT,INITIAL,ENG_PAIR_1_NEG_X,41.25604384190892,35.60700234356538,20.83752714673315,-20.83752714673315,2.5379109573725516
S170,validation_consumed,TANGENTIAL_SHIFT,INITIAL,ENG_PAIR_1_POS_X,40.135405933557095,10.074970914917756,38.850299490672796,-38.850299490672796,7.120608768663774
S170,validation_consumed,TANGENTIAL_SHIFT,INITIAL,ENG_PAIR_2_NEG_X,41.2225684011256,36.78613477471887,18.603237189309223,-18.603237189309223,4.6081776044637275
S170,validation_consumed,TANGENTIAL_SHIFT,INITIAL,ENG_PAIR_2_POS_X,45.953157359920134,8.138678760019392,45.22670206179963,-45.22670206179963,9.985557500543534
S170,validation_consumed,TANGENTIAL_SHIFT,INITIAL,ENG_PAIR_3_NEG_X,49.440426374436285,41.607894924353104,26.704659519455518,-26.704659519455518,2.4854557163893185
S170,validation_consumed,TANGENTIAL_SHIFT,INITIAL,ENG_PAIR_3_POS_X,47.17535904103562,18.64708195935812,43.333599377983845,-43.333599377983845,7.530459854986158
S170,validation_consumed,TANGENTIAL_SHIFT,RIGID,ENG_MID_UP,4.518643295820475,4.510474054244672,0.2715898393698729,0.2715898393698729,2.062829303439727
S170,validation_consumed,TANGENTIAL_SHIFT,RIGID,ENG_MID_DOWN,6.165687149542372,6.148052203464647,0.46599584709034303,-0.46599584709034303,0.4571247928162381
S170,validation_consumed,TANGENTIAL_SHIFT,RIGID,ENG_PAIR_1_NEG_X,3.4832446671058954,3.4832446242430852,0.0005464460725065467,-0.0005464460725065467,2.1836955099552413
S170,validation_consumed,TANGENTIAL_SHIFT,RIGID,ENG_PAIR_1_POS_X,12.116407156355635,11.957061923378143,1.9585690028913034,-1.9585690028913034,7.200312037382766
S170,validation_consumed,TANGENTIAL_SHIFT,RIGID,ENG_PAIR_2_NEG_X,6.704079789047411,6.703964196308147,0.03936842049711815,0.03936842049711815,4.21016214521269
S170,validation_consumed,TANGENTIAL_SHIFT,RIGID,ENG_PAIR_2_POS_X,19.760386318937954,19.693331198773038,1.6265219854347972,-1.6265219854347972,10.77117461256509
S170,validation_consumed,TANGENTIAL_SHIFT,RIGID,ENG_PAIR_3_NEG_X,3.00344556717585,2.9970672586105933,0.19563517667497304,-0.19563517667497304,2.0607042641339595
S170,validation_consumed,TANGENTIAL_SHIFT,RIGID,ENG_PAIR_3_POS_X,12.258012165836918,12.224302655094833,0.9084530006815625,-0.9084530006815625,7.4534077048565734
S170,validation_consumed,TANGENTIAL_SHIFT,D_VECTOR,ENG_MID_UP,4.394532305488519,4.2925446348186895,0.9412623131048604,0.9412623131048604,2.6328640711777296
S170,validation_consumed,TANGENTIAL_SHIFT,D_VECTOR,ENG_MID_DOWN,6.122996396567771,6.122954399145691,0.022678147286393953,-0.022678147286393953,0.49122585950228326
S170,validation_consumed,TANGENTIAL_SHIFT,D_VECTOR,ENG_PAIR_1_NEG_X,3.5013527941079587,3.496524762957691,0.1838096048395509,-0.1838096048395509,1.8922953062752026
S170,validation_consumed,TANGENTIAL_SHIFT,D_VECTOR,ENG_PAIR_1_POS_X,11.959940079236972,11.619183405819967,2.8345623437943206,-2.8345623437943206,7.696327408474746
S170,validation_consumed,TANGENTIAL_SHIFT,D_VECTOR,ENG_PAIR_2_NEG_X,6.629017574399545,6.627067718181506,0.1607714537304912,-0.1607714537304912,4.176801873217247
S170,validation_consumed,TANGENTIAL_SHIFT,D_VECTOR,ENG_PAIR_2_POS_X,19.46631889986109,19.24175542725905,2.948290960647525,-2.948290960647525,11.149540390110289
S170,validation_consumed,TANGENTIAL_SHIFT,D_VECTOR,ENG_PAIR_3_NEG_X,3.104953530961524,3.089860609580243,0.30577416960045345,-0.30577416960045345,1.6324364923640038
S170,validation_consumed,TANGENTIAL_SHIFT,D_VECTOR,ENG_PAIR_3_POS_X,11.984411671709537,11.895818169432435,1.4545216384808306,-1.4545216384808306,7.508037108317283
S170,validation_consumed,TANGENTIAL_SHIFT,D_NORMAL,ENG_MID_UP,4.484434748576888,4.3839501295435905,0.9440001461433115,0.9440001461433115,2.6520737763657762
S170,validation_consumed,TANGENTIAL_SHIFT,D_NORMAL,ENG_MID_DOWN,6.145724645117849,6.145681297848326,0.02308243674830398,-0.02308243674830398,0.49183357869418676
S170,validation_consumed,TANGENTIAL_SHIFT,D_NORMAL,ENG_PAIR_1_NEG_X,3.50829848977539,3.5035929289350474,0.18164493297810483,-0.18164493297810483,1.909477775291028
S170,validation_consumed,TANGENTIAL_SHIFT,D_NORMAL,ENG_PAIR_1_POS_X,12.07634374197496,11.743883750961336,2.814120221000523,-2.814120221000523,7.738514644219635
S170,validation_consumed,TANGENTIAL_SHIFT,D_NORMAL,ENG_PAIR_2_NEG_X,6.702128933586712,6.6998728052698215,0.17388684719104675,-0.17388684719104675,4.23640079089227
S170,validation_consumed,TANGENTIAL_SHIFT,D_NORMAL,ENG_PAIR_2_POS_X,19.585949042921623,19.36532091839076,2.9315091061873946,-2.9315091061873946,11.191494198636036
S170,validation_consumed,TANGENTIAL_SHIFT,D_NORMAL,ENG_PAIR_3_NEG_X,3.0177156489890855,3.0023962478590285,0.30368488437135505,-0.30368488437135505,1.622926441730229
S170,validation_consumed,TANGENTIAL_SHIFT,D_NORMAL,ENG_PAIR_3_POS_X,12.228580437434724,12.139925968091676,1.4698220994612083,-1.4698220994612083,7.640651990466497
S179,validation_consumed,RIGID_ONLY,INITIAL,ENG_MID_UP,43.3587656163816,17.49423795336159,39.67283950270611,-39.67283950270611,2.212645119086048
S179,validation_consumed,RIGID_ONLY,INITIAL,ENG_MID_DOWN,53.496434452182626,25.852947315625226,46.83474793561057,-46.83474793561057,2.3914382651642003
S179,validation_consumed,RIGID_ONLY,INITIAL,ENG_PAIR_1_NEG_X,45.058514027640875,38.36975859458208,23.62268637925425,-23.62268637925425,2.4460868359358825
S179,validation_consumed,RIGID_ONLY,INITIAL,ENG_PAIR_1_POS_X,43.686106415440136,14.18810457890179,41.31795713971476,-41.31795713971476,1.7204914717643307
S179,validation_consumed,RIGID_ONLY,INITIAL,ENG_PAIR_2_NEG_X,48.90422979502106,38.9731125098406,29.5418380122079,-29.5418380122079,2.423672952535061
S179,validation_consumed,RIGID_ONLY,INITIAL,ENG_PAIR_2_POS_X,47.437450236766566,4.962978400358119,47.17711871620906,-47.17711871620906,1.643567752543404
S179,validation_consumed,RIGID_ONLY,INITIAL,ENG_PAIR_3_NEG_X,53.43058247252353,36.89171576350193,38.65007699058466,-38.65007699058466,2.442850978528106
S179,validation_consumed,RIGID_ONLY,INITIAL,ENG_PAIR_3_POS_X,51.44772656090904,22.393049721560814,46.318677576694384,-46.318677576694384,2.1939249303762205
S179,validation_consumed,RIGID_ONLY,RIGID,ENG_MID_UP,0.3891677129621458,0.020261151278152714,0.38863992919033796,-0.38863992919033796,0.013567824726817904
S179,validation_consumed,RIGID_ONLY,RIGID,ENG_MID_DOWN,0.44746936485676947,0.15793849060410625,0.41866963786620265,-0.41866963786620265,0.013489970280387589
S179,validation_consumed,RIGID_ONLY,RIGID,ENG_PAIR_1_NEG_X,0.3763411701671757,0.22905791345719517,0.29860533927817695,-0.29860533927817695,0.01022197787699383
S179,validation_consumed,RIGID_ONLY,RIGID,ENG_PAIR_1_POS_X,0.41500604622144593,0.2100930766051191,0.3578979150022425,-0.3578979150022425,0.013517577299248532
S179,validation_consumed,RIGID_ONLY,RIGID,ENG_PAIR_2_NEG_X,0.4022786887230484,0.2353436893821887,0.3262537222296707,-0.3262537222296707,0.011367637611257702
S179,validation_consumed,RIGID_ONLY,RIGID,ENG_PAIR_2_POS_X,0.4337412435446592,0.17706088466518363,0.3959556913004913,-0.3959556913004913,0.01349745684829778
S179,validation_consumed,RIGID_ONLY,RIGID,ENG_PAIR_3_NEG_X,0.4271419043994353,0.23266271588853635,0.35821539208881925,-0.35821539208881925,0.013547845483636632
S179,validation_consumed,RIGID_ONLY,RIGID,ENG_PAIR_3_POS_X,0.456018696845063,0.18878469655786195,0.4151064805779663,-0.4151064805779663,0.012804017012567863
S179,validation_consumed,RIGID_ONLY,D_VECTOR,ENG_MID_UP,0.1293735448286485,0.05143511340589377,0.11870949081877644,0.11870949081877644,0.6399047341396675
S179,validation_consumed,RIGID_ONLY,D_VECTOR,ENG_MID_DOWN,0.14305209052874132,0.1410331543804066,0.02394890331843206,-0.02394890331843206,0.0846537100550235
S179,validation_consumed,RIGID_ONLY,D_VECTOR,ENG_PAIR_1_NEG_X,0.44636055459064494,0.15032015198761237,0.42028751658940483,-0.42028751658940483,0.3607984239221645
S179,validation_consumed,RIGID_ONLY,D_VECTOR,ENG_PAIR_1_POS_X,0.42713486534894396,0.12599708541188104,0.40812856756709837,-0.40812856756709837,0.39528904113684177
S179,validation_consumed,RIGID_ONLY,D_VECTOR,ENG_PAIR_2_NEG_X,0.27215276162590446,0.1424659333648699,0.23188484963680314,-0.23188484963680314,0.46822855828907967
S179,validation_consumed,RIGID_ONLY,D_VECTOR,ENG_PAIR_2_POS_X,0.17717818102610933,0.09355017160087212,0.15046751551470555,-0.15046751551470555,0.6113351335248456
S179,validation_consumed,RIGID_ONLY,D_VECTOR,ENG_PAIR_3_NEG_X,0.35193898177789645,0.1782999250926029,0.3034306899554406,-0.3034306899554406,0.3078618867398884
S179,validation_consumed,RIGID_ONLY,D_VECTOR,ENG_PAIR_3_POS_X,0.27620488796290715,0.15459270659249388,0.22888913299457705,-0.22888913299457705,0.19404926892488472
S179,validation_consumed,RIGID_ONLY,D_NORMAL,ENG_MID_UP,0.12249612489141466,0.04625033238409373,0.11342930559504413,0.11342930559504413,0.645452440153993
S179,validation_consumed,RIGID_ONLY,D_NORMAL,ENG_MID_DOWN,0.16421154111887193,0.1623816447481722,0.024446506611648197,-0.024446506611648197,0.08807370798322735
S179,validation_consumed,RIGID_ONLY,D_NORMAL,ENG_PAIR_1_NEG_X,0.4606529349304845,0.219838044315891,0.4048115125974475,-0.4048115125974475,0.3568102866674789
S179,validation_consumed,RIGID_ONLY,D_NORMAL,ENG_PAIR_1_POS_X,0.45813982058514424,0.20213054650779444,0.4111390730327738,-0.4111390730327738,0.41619954031290324
S179,validation_consumed,RIGID_ONLY,D_NORMAL,ENG_PAIR_2_NEG_X,0.33290534173672304,0.23479071519268155,0.23600696306709568,-0.23600696306709568,0.4973391550354442
S179,validation_consumed,RIGID_ONLY,D_NORMAL,ENG_PAIR_2_POS_X,0.24040131525689507,0.17863773236231784,0.16087682540905,-0.16087682540905,0.6365973819873554
S179,validation_consumed,RIGID_ONLY,D_NORMAL,ENG_PAIR_3_NEG_X,0.38842406479335073,0.2320126214542293,0.3115178928994699,-0.3115178928994699,0.34980817807349696
S179,validation_consumed,RIGID_ONLY,D_NORMAL,ENG_PAIR_3_POS_X,0.30467166224285874,0.19137632715613598,0.23706522979562866,-0.23706522979562866,0.2222646197682745
S179,validation_consumed,NORMAL_BUMP,INITIAL,ENG_MID_UP,40.75320757867569,17.887871736954853,36.617591027713466,-36.617591027713466,1.8534641980770823
S179,validation_consumed,NORMAL_BUMP,INITIAL,ENG_MID_DOWN,49.8866158324005,25.813886088666255,42.68861351942547,-42.68861351942547,4.752696637947722
S179,validation_consumed,NORMAL_BUMP,INITIAL,ENG_PAIR_1_NEG_X,44.15202348446952,38.50954782905772,21.596664181643042,-21.596664181643042,2.4483913558339254
S179,validation_consumed,NORMAL_BUMP,INITIAL,ENG_PAIR_1_POS_X,36.598924674569965,13.835037980135045,33.8832261070735,-33.8832261070735,1.1438357811884994
S179,validation_consumed,NORMAL_BUMP,INITIAL,ENG_PAIR_2_NEG_X,46.60695645020596,39.19902797380883,25.211993087813347,-25.211993087813347,3.1686162466528343
S179,validation_consumed,NORMAL_BUMP,INITIAL,ENG_PAIR_2_POS_X,35.64744339794741,4.635436921013648,35.34477253231613,-35.34477253231613,1.5250568430402414
S179,validation_consumed,NORMAL_BUMP,INITIAL,ENG_PAIR_3_NEG_X,51.886674322101506,36.93677494563028,36.44038458665999,-36.44038458665999,4.0872238188583445
S179,validation_consumed,NORMAL_BUMP,INITIAL,ENG_PAIR_3_POS_X,44.56207400809136,22.12208584712015,38.683223206905325,-38.683223206905325,4.761808789882612
S179,validation_consumed,NORMAL_BUMP,RIGID,ENG_MID_UP,1.3046545144070092,0.6731439132789399,1.1175869872086486,1.1175869872086486,2.4091160918741883
S179,validation_consumed,NORMAL_BUMP,RIGID,ENG_MID_DOWN,2.7694343195636257,0.9997871743480182,2.582671496026169,2.582671496026169,2.395814393372648
S179,validation_consumed,NORMAL_BUMP,RIGID,ENG_PAIR_1_NEG_X,1.4967014401971803,1.3742869335739674,0.5928327127412722,0.5928327127412722,2.022689433731718
S179,validation_consumed,NORMAL_BUMP,RIGID,ENG_PAIR_1_POS_X,5.664945906841914,1.1970455477081632,5.5370293555440915,5.5370293555440915,2.884308100478561
S179,validation_consumed,NORMAL_BUMP,RIGID,ENG_PAIR_2_NEG_X,3.3004151601712044,1.4714047957508198,2.95426947933485,2.95426947933485,2.6202590818333977
S179,validation_consumed,NORMAL_BUMP,RIGID,ENG_PAIR_2_POS_X,10.054300804372916,1.6149047845347333,9.923761746520352,9.923761746520352,0.16934121454729864
S179,validation_consumed,NORMAL_BUMP,RIGID,ENG_PAIR_3_NEG_X,1.5700037304328336,1.283924405976446,0.9035761358684962,0.9035761358684962,1.996013301640693
S179,validation_consumed,NORMAL_BUMP,RIGID,ENG_PAIR_3_POS_X,6.102636097182518,1.0537516219038126,6.010971207215201,6.010971207215201,2.8664036215333124
S179,validation_consumed,NORMAL_BUMP,D_VECTOR,ENG_MID_UP,1.0849115826476443,1.0707283660186135,0.17485396296946354,-0.17485396296946354,0.3229153563358251
S179,validation_consumed,NORMAL_BUMP,D_VECTOR,ENG_MID_DOWN,1.1603636770145311,1.1599526003989538,0.03088410209781253,-0.03088410209781253,0.6923286661763803
S179,validation_consumed,NORMAL_BUMP,D_VECTOR,ENG_PAIR_1_NEG_X,1.6493414008284155,1.5489704677880254,0.5665841035602615,-0.5665841035602615,0.7595343545332128
S179,validation_consumed,NORMAL_BUMP,D_VECTOR,ENG_PAIR_1_POS_X,0.9525998813395843,0.9382380253985491,0.16479059932053616,0.16479059932053616,0.5303884912192116
S179,validation_consumed,NORMAL_BUMP,D_VECTOR,ENG_PAIR_2_NEG_X,1.8184300417015005,1.8180716467453144,0.03610130002232228,-0.03610130002232228,1.323811706089142
S179,validation_consumed,NORMAL_BUMP,D_VECTOR,ENG_PAIR_2_POS_X,0.8286969050605564,0.7563761313563658,0.33857600087915624,0.33857600087915624,0.32471490142602216
S179,validation_consumed,NORMAL_BUMP,D_VECTOR,ENG_PAIR_3_NEG_X,1.4811114507157164,1.4398577609584176,0.34713219045347343,-0.34713219045347343,0.5363382665542545
S179,validation_consumed,NORMAL_BUMP,D_VECTOR,ENG_PAIR_3_POS_X,1.731655277187456,1.7315642212590232,0.01775800289440134,0.01775800289440134,0.36750661032811593
S179,validation_consumed,NORMAL_BUMP,D_NORMAL,ENG_MID_UP,0.5027727164698745,0.49805457125381014,0.06871716291931894,-0.06871716291931894,0.4936588359518393
S179,validation_consumed,NORMAL_BUMP,D_NORMAL,ENG_MID_DOWN,1.023197653825997,1.0226749688316825,0.0327008703269767,-0.0327008703269767,0.7135521627298597
S179,validation_consumed,NORMAL_BUMP,D_NORMAL,ENG_PAIR_1_NEG_X,1.3924810610077403,1.2860351917246908,0.5339634733864106,-0.5339634733864106,0.597580710078019
S179,validation_consumed,NORMAL_BUMP,D_NORMAL,ENG_PAIR_1_POS_X,1.0102013298435215,0.9648049425585193,0.29942970733090546,0.29942970733090546,0.5413124433308885
S179,validation_consumed,NORMAL_BUMP,D_NORMAL,ENG_PAIR_2_NEG_X,1.206565762182909,1.2055713558691645,0.04897595716071487,0.04897595716071487,1.0580259176544011
S179,validation_consumed,NORMAL_BUMP,D_NORMAL,ENG_PAIR_2_POS_X,0.8404332161899295,0.6817183527007431,0.49151610194004236,0.49151610194004236,0.3449566523822188
S179,validation_consumed,NORMAL_BUMP,D_NORMAL,ENG_PAIR_3_NEG_X,1.2893231289112965,1.2470438909558617,0.3274685706679054,-0.3274685706679054,0.46631642269555124
S179,validation_consumed,NORMAL_BUMP,D_NORMAL,ENG_PAIR_3_POS_X,1.3060954949216508,1.30526353800512,0.04661049462286441,0.04661049462286441,0.6986234823952255
S179,validation_consumed,TANGENTIAL_SHIFT,INITIAL,ENG_MID_UP,40.94095494845952,12.443337360766884,39.00416833388369,-39.00416833388369,2.1738788292929834
S179,validation_consumed,TANGENTIAL_SHIFT,INITIAL,ENG_MID_DOWN,51.477504986929034,21.569743232762978,46.74055729826056,-46.74055729826056,2.686401373391053
S179,validation_consumed,TANGENTIAL_SHIFT,INITIAL,ENG_PAIR_1_NEG_X,42.29972250536951,35.272646531697475,23.347525151098864,-23.347525151098864,2.744052760556283
S179,validation_consumed,TANGENTIAL_SHIFT,INITIAL,ENG_PAIR_1_POS_X,44.99911938072207,14.396957450732847,42.63388747466344,-42.63388747466344,6.590099788465641
S179,validation_consumed,TANGENTIAL_SHIFT,INITIAL,ENG_PAIR_2_NEG_X,43.14110533154432,31.7927842803317,29.161170019937384,-29.161170019937384,4.601899998872494
S179,validation_consumed,TANGENTIAL_SHIFT,INITIAL,ENG_PAIR_2_POS_X,53.27661278983152,22.91769109537915,48.09549776449371,-48.09549776449371,9.670323875704636
S179,validation_consumed,TANGENTIAL_SHIFT,INITIAL,ENG_PAIR_3_NEG_X,51.2311329514306,33.864507282300536,38.44247819813613,-38.44247819813613,2.579990073509656
S179,validation_consumed,TANGENTIAL_SHIFT,INITIAL,ENG_PAIR_3_POS_X,51.81886306234573,22.623390617198943,46.61948912263811,-46.61948912263811,7.211971494516376
S179,validation_consumed,TANGENTIAL_SHIFT,RIGID,ENG_MID_UP,4.946921809399787,4.945583103540217,0.11507890463838255,0.11507890463838255,1.239085657952538
S179,validation_consumed,TANGENTIAL_SHIFT,RIGID,ENG_MID_DOWN,6.742334106033454,6.725160179560934,0.48092593674065237,-0.48092593674065237,0.33845606529117633
S179,validation_consumed,TANGENTIAL_SHIFT,RIGID,ENG_PAIR_1_NEG_X,2.9939054128014866,2.9935612213636515,0.04539641780805449,-0.04539641780805449,1.8634889727391026
S179,validation_consumed,TANGENTIAL_SHIFT,RIGID,ENG_PAIR_1_POS_X,12.525184509777983,12.384663770023865,1.870922314646065,-1.870922314646065,6.103409672348807
S179,validation_consumed,TANGENTIAL_SHIFT,RIGID,ENG_PAIR_2_NEG_X,6.804831318190129,6.804827706993009,0.007010503653486107,-0.007010503653486107,3.9020531871950532
S179,validation_consumed,TANGENTIAL_SHIFT,RIGID,ENG_PAIR_2_POS_X,19.913645297390513,19.851541541133297,1.5714857527009831,-1.5714857527009831,10.136781808316586
S179,validation_consumed,TANGENTIAL_SHIFT,RIGID,ENG_PAIR_3_NEG_X,3.3852660873643474,3.377874592900971,0.22358380284184048,-0.22358380284184048,2.2676690524497114
S179,validation_consumed,TANGENTIAL_SHIFT,RIGID,ENG_PAIR_3_POS_X,12.703808720174477,12.665377333829536,0.9874072060189524,-0.9874072060189524,7.51664387439463
S179,validation_consumed,TANGENTIAL_SHIFT,D_VECTOR,ENG_MID_UP,4.8206013586265115,4.768988035721408,0.7035272375237623,0.7035272375237623,1.6369169353119166
S179,validation_consumed,TANGENTIAL_SHIFT,D_VECTOR,ENG_MID_DOWN,6.696167212047482,6.696161046814701,0.009086628704286712,-0.009086628704286712,0.37860481564524173
S179,validation_consumed,TANGENTIAL_SHIFT,D_VECTOR,ENG_PAIR_1_NEG_X,3.060011563006268,3.050055700770796,0.2466393884350879,-0.2466393884350879,1.5946757921610426
S179,validation_consumed,TANGENTIAL_SHIFT,D_VECTOR,ENG_PAIR_1_POS_X,12.356866341825722,12.060833429223793,2.6885763486022194,-2.6885763486022194,6.643683051191301
S179,validation_consumed,TANGENTIAL_SHIFT,D_VECTOR,ENG_PAIR_2_NEG_X,6.7309361511306856,6.728796044194467,0.1697211425570602,-0.1697211425570602,3.9130476297119157
S179,validation_consumed,TANGENTIAL_SHIFT,D_VECTOR,ENG_PAIR_2_POS_X,19.66693111061727,19.46798796165778,2.790273111097438,-2.790273111097438,10.425728535306787
S179,validation_consumed,TANGENTIAL_SHIFT,D_VECTOR,ENG_PAIR_3_NEG_X,3.479745814961681,3.4697914549626203,0.2630174819507606,-0.2630174819507606,1.9005974998457094
S179,validation_consumed,TANGENTIAL_SHIFT,D_VECTOR,ENG_PAIR_3_POS_X,12.411683620966619,12.315146514188632,1.54501023978439,-1.54501023978439,7.846956484654606
S179,validation_consumed,TANGENTIAL_SHIFT,D_NORMAL,ENG_MID_UP,4.915322858500637,4.864618018594676,0.7041948142828673,0.7041948142828673,1.645126508848925
S179,validation_consumed,TANGENTIAL_SHIFT,D_NORMAL,ENG_MID_DOWN,6.72136926973054,6.7213626257908174,0.00945053968945972,-0.00945053968945972,0.37953330320677764
S179,validation_consumed,TANGENTIAL_SHIFT,D_NORMAL,ENG_PAIR_1_NEG_X,3.0248176806374287,3.0151766200995542,0.2413129725104344,-0.2413129725104344,1.6067900458235815
S179,validation_consumed,TANGENTIAL_SHIFT,D_NORMAL,ENG_PAIR_1_POS_X,12.49570236112848,12.208062044235868,2.6656703888514524,-2.6656703888514524,6.676163552125631
S179,validation_consumed,TANGENTIAL_SHIFT,D_NORMAL,ENG_PAIR_2_NEG_X,6.804224183698476,6.8017946684712145,0.18181317329544294,-0.18181317329544294,3.9580806768802113
S179,validation_consumed,TANGENTIAL_SHIFT,D_NORMAL,ENG_PAIR_2_POS_X,19.758532640736185,19.563774837048612,2.7673681071192484,-2.7673681071192484,10.458134342916772
S179,validation_consumed,TANGENTIAL_SHIFT,D_NORMAL,ENG_PAIR_3_NEG_X,3.394627376611201,3.383628781474091,0.2730408306799644,-0.2730408306799644,1.8538140323449614
S179,validation_consumed,TANGENTIAL_SHIFT,D_NORMAL,ENG_PAIR_3_POS_X,12.665960803785492,12.569973821614926,1.5563808039634206,-1.5563808039634206,7.943896922579585
S184,validation_consumed,RIGID_ONLY,INITIAL,ENG_MID_UP,43.41219683716851,24.614817828229413,35.75932853832889,-35.75932853832889,2.3460059615169513
S184,validation_consumed,RIGID_ONLY,INITIAL,ENG_MID_DOWN,53.410940481038715,32.44241090239859,42.428982286981494,-42.428982286981494,2.4489558529163813
S184,validation_consumed,RIGID_ONLY,INITIAL,ENG_PAIR_1_NEG_X,45.46330426536467,41.34445959341289,18.908931637027354,-18.908931637027354,2.431429932277606
S184,validation_consumed,RIGID_ONLY,INITIAL,ENG_PAIR_1_POS_X,43.506206610359676,19.234294388480624,39.02347925288783,-39.02347925288783,2.00719538941285
S184,validation_consumed,RIGID_ONLY,INITIAL,ENG_PAIR_2_NEG_X,49.08824684391302,43.62963154149561,22.49691600558324,-22.49691600558324,2.3567130034948494
S184,validation_consumed,RIGID_ONLY,INITIAL,ENG_PAIR_2_POS_X,46.98066466538919,9.920746957862104,45.92125468886733,-45.92125468886733,1.9796166470405137
S184,validation_consumed,RIGID_ONLY,INITIAL,ENG_PAIR_3_NEG_X,53.51524386427103,44.0682435757138,30.362332486223075,-30.362332486223075,2.3340235421516202
S184,validation_consumed,RIGID_ONLY,INITIAL,ENG_PAIR_3_POS_X,51.11539824013445,24.342013687556634,44.94719464974812,-44.94719464974812,2.355444192021356
S184,validation_consumed,RIGID_ONLY,RIGID,ENG_MID_UP,0.37653500996870387,0.04302434781957322,0.37406886963075703,-0.37406886963075703,0.011677320706308676
S184,validation_consumed,RIGID_ONLY,RIGID,ENG_MID_DOWN,0.4462318931378212,0.17791365294705572,0.4092305396086642,-0.4092305396086642,0.011740817935169045
S184,validation_consumed,RIGID_ONLY,RIGID,ENG_PAIR_1_NEG_X,0.37647628186064436,0.25930836780952576,0.2729350860325126,-0.2729350860325126,0.007339938965975477
S184,validation_consumed,RIGID_ONLY,RIGID,ENG_PAIR_1_POS_X,0.39485020404415183,0.17638860762011763,0.35326157834605293,-0.35326157834605293,0.012035125129384793
S184,validation_consumed,RIGID_ONLY,RIGID,ENG_PAIR_2_NEG_X,0.4053185694379433,0.283200419813155,0.28996666178868497,-0.28996666178868497,0.007182720005219191
S184,validation_consumed,RIGID_ONLY,RIGID,ENG_PAIR_2_POS_X,0.4198095484836995,0.1256494679937975,0.4005649362974289,-0.4005649362974289,0.012206841322739442
S184,validation_consumed,RIGID_ONLY,RIGID,ENG_PAIR_3_NEG_X,0.4337534786832678,0.28597724697851695,0.3261274206202607,-0.3261274206202607,0.010396301616982122
S184,validation_consumed,RIGID_ONLY,RIGID,ENG_PAIR_3_POS_X,0.4463457306416176,0.14128521597783894,0.42339461381564,-0.42339461381564,0.012236820526440288
S184,validation_consumed,RIGID_ONLY,D_VECTOR,ENG_MID_UP,0.198998652722865,0.10318916694531809,0.17015422301737534,0.17015422301737534,0.5028835327896676
S184,validation_consumed,RIGID_ONLY,D_VECTOR,ENG_MID_DOWN,0.16258367446279437,0.16004484700726407,0.02861989077975881,-0.02861989077975881,0.0871473390776455
S184,validation_consumed,RIGID_ONLY,D_VECTOR,ENG_PAIR_1_NEG_X,0.3890839751803642,0.2099739677989222,0.3275626239193529,-0.3275626239193529,0.2512780568629486
S184,validation_consumed,RIGID_ONLY,D_VECTOR,ENG_PAIR_1_POS_X,0.3457323242077273,0.13557026085751042,0.3180433058140096,-0.3180433058140096,0.32207942436299886
S184,validation_consumed,RIGID_ONLY,D_VECTOR,ENG_PAIR_2_NEG_X,0.32121019080435975,0.20215545912931193,0.24961802222754334,-0.24961802222754334,0.3253546914441251
S184,validation_consumed,RIGID_ONLY,D_VECTOR,ENG_PAIR_2_POS_X,0.13128428036327602,0.06248207368013163,0.11546234338144132,-0.11546234338144132,0.1516727491769595
S184,validation_consumed,RIGID_ONLY,D_VECTOR,ENG_PAIR_3_NEG_X,0.4004312114051127,0.21210349004190635,0.3396428485621462,-0.3396428485621462,0.21024414971647554
S184,validation_consumed,RIGID_ONLY,D_VECTOR,ENG_PAIR_3_POS_X,0.2422258630945604,0.12164912079038291,0.20946326685801397,-0.20946326685801397,0.08263957387924949
S184,validation_consumed,RIGID_ONLY,D_NORMAL,ENG_MID_UP,0.1986836798256336,0.11474921662783825,0.16219686159834393,0.16219686159834393,0.5015228254933031
S184,validation_consumed,RIGID_ONLY,D_NORMAL,ENG_MID_DOWN,0.18330314269560094,0.18097082141093163,0.029147965965681612,-0.029147965965681612,0.08713834089913967
S184,validation_consumed,RIGID_ONLY,D_NORMAL,ENG_PAIR_1_NEG_X,0.4065897096600707,0.257440816964761,0.31470528715288054,-0.31470528715288054,0.24196228434638273
S184,validation_consumed,RIGID_ONLY,D_NORMAL,ENG_PAIR_1_POS_X,0.37227709224514893,0.1753456155741738,0.32839632840428823,-0.32839632840428823,0.33193106414553275
S184,validation_consumed,RIGID_ONLY,D_NORMAL,ENG_PAIR_2_NEG_X,0.3712207364499195,0.28204865934189555,0.2413573883970821,-0.2413573883970821,0.3336468456821668
S184,validation_consumed,RIGID_ONLY,D_NORMAL,ENG_PAIR_2_POS_X,0.19327757755362543,0.11657912227720761,0.15416072857272556,-0.15416072857272556,0.1995069803828387
S184,validation_consumed,RIGID_ONLY,D_NORMAL,ENG_PAIR_3_NEG_X,0.43913274879953806,0.2840321639794959,0.3349078991205836,-0.3349078991205836,0.247702749642484
S184,validation_consumed,RIGID_ONLY,D_NORMAL,ENG_PAIR_3_POS_X,0.26427265563957664,0.14090997885495546,0.22357194452321222,-0.22357194452321222,0.11875273137289419
S184,validation_consumed,NORMAL_BUMP,INITIAL,ENG_MID_UP,41.50476598364571,25.057396664880592,33.08734609689972,-33.08734609689972,2.21460724607312
S184,validation_consumed,NORMAL_BUMP,INITIAL,ENG_MID_DOWN,50.34967399197107,32.44866607557768,38.49900961081235,-38.49900961081235,4.747201191218249
S184,validation_consumed,NORMAL_BUMP,INITIAL,ENG_PAIR_1_NEG_X,44.845256494227286,41.48889923083972,17.02258119811039,-17.02258119811039,2.7049327462727284
S184,validation_consumed,NORMAL_BUMP,INITIAL,ENG_PAIR_1_POS_X,36.84396274558015,18.558135982356394,31.828810528482936,-31.828810528482936,0.9519655128583984
S184,validation_consumed,NORMAL_BUMP,INITIAL,ENG_PAIR_2_NEG_X,47.57889478137048,43.85857817703208,18.443870225792843,-18.443870225792843,3.3467447235445498
S184,validation_consumed,NORMAL_BUMP,INITIAL,ENG_PAIR_2_POS_X,35.26998787109142,9.00831427755422,34.100180619811226,-34.100180619811226,1.818229653007489
S184,validation_consumed,NORMAL_BUMP,INITIAL,ENG_PAIR_3_NEG_X,52.40635303405113,44.10149351229281,28.31049466743376,-28.31049466743376,3.894528603249291
S184,validation_consumed,NORMAL_BUMP,INITIAL,ENG_PAIR_3_POS_X,44.55114625184857,24.028024895846585,37.51611189819886,-37.51611189819886,4.971686715964969
S184,validation_consumed,NORMAL_BUMP,RIGID,ENG_MID_UP,1.0476644888995919,0.5534709200945185,0.8895340476400946,0.8895340476400946,2.3564621042549874
S184,validation_consumed,NORMAL_BUMP,RIGID,ENG_MID_DOWN,2.6747451982884365,0.9910553826892681,2.484365332274961,2.484365332274961,2.3083883927788413
S184,validation_consumed,NORMAL_BUMP,RIGID,ENG_PAIR_1_NEG_X,1.1286308384443047,1.021627891467962,0.4796707421369587,0.4796707421369587,1.9673856237843703
S184,validation_consumed,NORMAL_BUMP,RIGID,ENG_PAIR_1_POS_X,5.479571409973722,1.2688481046456017,5.330640423470585,5.330640423470585,2.783127795010584
S184,validation_consumed,NORMAL_BUMP,RIGID,ENG_PAIR_2_NEG_X,3.054999592561967,1.2840280902389238,2.7720559832065383,2.7720559832065383,2.527411176265212
S184,validation_consumed,NORMAL_BUMP,RIGID,ENG_PAIR_2_POS_X,10.103076326642185,1.7664860967345333,9.947445809452864,9.947445809452864,0.19107255098554088
S184,validation_consumed,NORMAL_BUMP,RIGID,ENG_PAIR_3_NEG_X,1.5262155090846745,1.2079207114842208,0.9328779850216457,0.9328779850216457,1.8354836197762534
S184,validation_consumed,NORMAL_BUMP,RIGID,ENG_PAIR_3_POS_X,5.965170377196112,1.0646023178652315,5.869401974117465,5.869401974117465,2.893635033125361
S184,validation_consumed,NORMAL_BUMP,D_VECTOR,ENG_MID_UP,0.9165129844965726,0.9067801007508356,0.13321373665324163,-0.13321373665324163,0.30973829734321534
S184,validation_consumed,NORMAL_BUMP,D_VECTOR,ENG_MID_DOWN,1.1638162651586512,1.1636635329101828,0.018854209684409925,-0.018854209684409925,0.7565746707516527
S184,validation_consumed,NORMAL_BUMP,D_VECTOR,ENG_PAIR_1_NEG_X,1.3396537490718217,1.2338249974049558,0.521869756913397,-0.521869756913397,0.3862442231424043
S184,validation_consumed,NORMAL_BUMP,D_VECTOR,ENG_PAIR_1_POS_X,0.6528888127831206,0.6365625001233114,0.14509302289949003,0.14509302289949003,0.5539538210863407
S184,validation_consumed,NORMAL_BUMP,D_VECTOR,ENG_PAIR_2_NEG_X,1.6987688657225717,1.698666721056889,0.018628739146555186,0.018628739146555186,1.1460459010832322
S184,validation_consumed,NORMAL_BUMP,D_VECTOR,ENG_PAIR_2_POS_X,0.5096283687408729,0.4290792553755113,0.2749764841434262,0.2749764841434262,0.18545490019657024
S184,validation_consumed,NORMAL_BUMP,D_VECTOR,ENG_PAIR_3_NEG_X,1.4681208138305866,1.4241976336482234,0.35642646410358647,-0.35642646410358647,0.4690418387432007
S184,validation_consumed,NORMAL_BUMP,D_VECTOR,ENG_PAIR_3_POS_X,1.8037378708572416,1.7989275670963796,0.13164313542800732,0.13164313542800732,0.6843718135337469
S184,validation_consumed,NORMAL_BUMP,D_NORMAL,ENG_MID_UP,0.41294081016224937,0.40951417480713626,0.05308722378769837,-0.05308722378769837,0.4251522281239131
S184,validation_consumed,NORMAL_BUMP,D_NORMAL,ENG_MID_DOWN,1.037787381449309,1.0374117291596885,0.027920481681345977,-0.027920481681345977,0.8391730833052871
S184,validation_consumed,NORMAL_BUMP,D_NORMAL,ENG_PAIR_1_NEG_X,1.0707459832638457,0.9509365829902283,0.49215503228812807,-0.49215503228812807,0.27453747135924306
S184,validation_consumed,NORMAL_BUMP,D_NORMAL,ENG_PAIR_1_POS_X,0.9086825071925808,0.8916482753302121,0.17512067832912565,0.17512067832912565,0.3756891877323292
S184,validation_consumed,NORMAL_BUMP,D_NORMAL,ENG_PAIR_2_NEG_X,1.038515449076799,1.032879163722216,0.10805078028261103,0.10805078028261103,0.9662769507322275
S184,validation_consumed,NORMAL_BUMP,D_NORMAL,ENG_PAIR_2_POS_X,0.8419794518283351,0.7174149802472977,0.44073250778438516,0.44073250778438516,0.3027088531294857
S184,validation_consumed,NORMAL_BUMP,D_NORMAL,ENG_PAIR_3_NEG_X,1.2376255294056402,1.192474892734042,0.3312409715532272,-0.3312409715532272,0.37530819640609603
S184,validation_consumed,NORMAL_BUMP,D_NORMAL,ENG_PAIR_3_POS_X,1.3457568246200933,1.3425951765416875,0.09219339964743187,0.09219339964743187,0.8365115566730791
S184,validation_consumed,TANGENTIAL_SHIFT,INITIAL,ENG_MID_UP,40.40904654669656,20.160430087998364,35.02068105391469,-35.02068105391469,2.726148563022498
S184,validation_consumed,TANGENTIAL_SHIFT,INITIAL,ENG_MID_DOWN,50.182488100239055,27.056204061077352,42.26397915170761,-42.26397915170761,2.6958567021904942
S184,validation_consumed,TANGENTIAL_SHIFT,INITIAL,ENG_PAIR_1_NEG_X,42.637822287600954,38.34638777094041,18.642382743354254,-18.642382743354254,2.4412761788817936
S184,validation_consumed,TANGENTIAL_SHIFT,INITIAL,ENG_PAIR_1_POS_X,41.769263672610265,11.038405069571443,40.28430216935746,-40.28430216935746,6.430120336525636
S184,validation_consumed,TANGENTIAL_SHIFT,INITIAL,ENG_PAIR_2_NEG_X,43.00558802919063,36.88340590107434,22.115491648911163,-22.115491648911163,4.049949828535767
S184,validation_consumed,TANGENTIAL_SHIFT,INITIAL,ENG_PAIR_2_POS_X,48.34795789098669,11.90541703452614,46.85921550199744,-46.85921550199744,9.713900734079807
S184,validation_consumed,TANGENTIAL_SHIFT,INITIAL,ENG_PAIR_3_NEG_X,50.90996786482317,40.96338641762466,30.22955178625201,-30.22955178625201,2.33199369492915
S184,validation_consumed,TANGENTIAL_SHIFT,INITIAL,ENG_PAIR_3_POS_X,49.04634056065799,19.151744623571354,45.152565821507324,-45.152565821507324,7.2081339497127885
S184,validation_consumed,TANGENTIAL_SHIFT,RIGID,ENG_MID_UP,4.265722256369262,4.260808622915191,0.20468572831445944,0.20468572831445944,1.5914230841824086
S184,validation_consumed,TANGENTIAL_SHIFT,RIGID,ENG_MID_DOWN,6.303236354210882,6.2912707220151365,0.38820257515997936,-0.38820257515997936,0.31194661736679113
S184,validation_consumed,TANGENTIAL_SHIFT,RIGID,ENG_PAIR_1_NEG_X,2.7403741751912785,2.7400660788912465,0.041091402565852225,-0.041091402565852225,1.758871052304927
S184,validation_consumed,TANGENTIAL_SHIFT,RIGID,ENG_PAIR_1_POS_X,12.03598749544733,11.886898542148511,1.8885544840517852,-1.8885544840517852,6.386162104072022
S184,validation_consumed,TANGENTIAL_SHIFT,RIGID,ENG_PAIR_2_NEG_X,6.310109907603817,6.310088196270292,0.016552985536925913,0.016552985536925913,3.5713647019312638
S184,validation_consumed,TANGENTIAL_SHIFT,RIGID,ENG_PAIR_2_POS_X,19.805893557446403,19.73332165371928,1.6939410024409993,-1.6939410024409993,10.56927146914432
S184,validation_consumed,TANGENTIAL_SHIFT,RIGID,ENG_PAIR_3_NEG_X,3.0405376426923123,3.031499722482273,0.23426179632801236,-0.23426179632801236,2.2383273778890245
S184,validation_consumed,TANGENTIAL_SHIFT,RIGID,ENG_PAIR_3_POS_X,12.294638383659443,12.26157971447618,0.9009971645339686,-0.9009971645339686,7.369579265840788
S184,validation_consumed,TANGENTIAL_SHIFT,D_VECTOR,ENG_MID_UP,4.1499165033039755,4.083137787909708,0.7414801341496028,0.7414801341496028,2.0655525263463113
S184,validation_consumed,TANGENTIAL_SHIFT,D_VECTOR,ENG_MID_DOWN,6.264789317847112,6.264683106426729,0.036479762373405576,0.036479762373405576,0.4669706442000687
S184,validation_consumed,TANGENTIAL_SHIFT,D_VECTOR,ENG_PAIR_1_NEG_X,2.777178281533649,2.7672098545775223,0.23509323289119854,-0.23509323289119854,1.4441150779715606
S184,validation_consumed,TANGENTIAL_SHIFT,D_VECTOR,ENG_PAIR_1_POS_X,11.851740086806483,11.537660779149972,2.710373928165673,-2.710373928165673,6.892244677353875
S184,validation_consumed,TANGENTIAL_SHIFT,D_VECTOR,ENG_PAIR_2_NEG_X,6.246695625781936,6.243056322883818,0.21319941478242616,-0.21319941478242616,3.506356016650862
S184,validation_consumed,TANGENTIAL_SHIFT,D_VECTOR,ENG_PAIR_2_POS_X,19.519798254888467,19.294201368805858,2.959107543080678,-2.959107543080678,11.053225499274788
S184,validation_consumed,TANGENTIAL_SHIFT,D_VECTOR,ENG_PAIR_3_NEG_X,3.1292514047182105,3.1154195516799406,0.29389687126822345,-0.29389687126822345,1.9913983264383497
S184,validation_consumed,TANGENTIAL_SHIFT,D_VECTOR,ENG_PAIR_3_POS_X,12.027113323350811,11.946589461952126,1.3894081906685876,-1.3894081906685876,7.536119968881526
S184,validation_consumed,TANGENTIAL_SHIFT,D_NORMAL,ENG_MID_UP,4.2329050995836655,4.166562354305156,0.7464875951872705,0.7464875951872705,2.0809558556292154
S184,validation_consumed,TANGENTIAL_SHIFT,D_NORMAL,ENG_MID_DOWN,6.283773367819217,6.283668825605754,0.03624676846930206,0.03624676846930206,0.4674672080883566
S184,validation_consumed,TANGENTIAL_SHIFT,D_NORMAL,ENG_PAIR_1_NEG_X,2.77402159743146,2.763797231215166,0.23795101963128826,-0.23795101963128826,1.4567610774810933
S184,validation_consumed,TANGENTIAL_SHIFT,D_NORMAL,ENG_PAIR_1_POS_X,12.000879962571423,11.69407532734987,2.6962422210022745,-2.6962422210022745,6.945210759804843
S184,validation_consumed,TANGENTIAL_SHIFT,D_NORMAL,ENG_PAIR_2_NEG_X,6.312278701437932,6.308309889063661,0.22380515670684334,-0.22380515670684334,3.550671735235394
S184,validation_consumed,TANGENTIAL_SHIFT,D_NORMAL,ENG_PAIR_2_POS_X,19.63856809087727,19.416696500935082,2.9436802901467045,-2.9436802901467045,11.051731868505032
S184,validation_consumed,TANGENTIAL_SHIFT,D_NORMAL,ENG_PAIR_3_NEG_X,3.0484627394254202,3.0344180947636006,0.29228735832461045,-0.29228735832461045,1.9758656856542378
S184,validation_consumed,TANGENTIAL_SHIFT,D_NORMAL,ENG_PAIR_3_POS_X,12.265102912392118,12.183894234386866,1.4090673287121755,-1.4090673287121755,7.672721213946468
S187,dev,RIGID_ONLY,INITIAL,ENG_MID_UP,42.887370320710346,11.614525031048109,41.28473496740538,-41.28473496740538,2.0105759883391094
S187,dev,RIGID_ONLY,INITIAL,ENG_MID_DOWN,51.21588995136654,24.447423881780875,45.00434255774678,-45.00434255774678,2.3412994151686184
S187,dev,RIGID_ONLY,INITIAL,ENG_PAIR_1_NEG_X,45.21656734314163,35.62054315331102,27.851658258709996,-27.851658258709996,2.3919136235901277
S187,dev,RIGID_ONLY,INITIAL,ENG_PAIR_1_POS_X,42.00091610668528,14.351544962799903,39.47290350330905,-39.47290350330905,1.1259696081966752
S187,dev,RIGID_ONLY,INITIAL,ENG_PAIR_2_NEG_X,48.10680166227794,33.06376451679039,34.94355222572514,-34.94355222572514,2.4386758662767907
S187,dev,RIGID_ONLY,INITIAL,ENG_PAIR_2_POS_X,45.43904886052593,12.472440787509115,43.693768230164615,-43.693768230164615,1.182715412246992
S187,dev,RIGID_ONLY,INITIAL,ENG_PAIR_3_NEG_X,51.819187347946674,35.3290863712964,37.90888858264082,-37.90888858264082,2.4484237878152926
S187,dev,RIGID_ONLY,INITIAL,ENG_PAIR_3_POS_X,48.916963408722,29.002639193374794,39.39182946943651,-39.39182946943651,2.1947978174251555
S187,dev,RIGID_ONLY,RIGID,ENG_MID_UP,0.4066699895863842,0.09515240014935313,0.39538146286340636,-0.39538146286340636,0.008653070886367995
S187,dev,RIGID_ONLY,RIGID,ENG_MID_DOWN,0.45370902076653474,0.12384292214787714,0.4364800180521472,-0.4364800180521472,0.008641123937371762
S187,dev,RIGID_ONLY,RIGID,ENG_PAIR_1_NEG_X,0.41264379611398894,0.2793514152723333,0.30370658415106466,-0.30370658415106466,0.007859969380706724
S187,dev,RIGID_ONLY,RIGID,ENG_PAIR_1_POS_X,0.4090293900230068,0.2967322930352926,0.2815226246194261,-0.2815226246194261,0.007829192139822787
S187,dev,RIGID_ONLY,RIGID,ENG_PAIR_2_NEG_X,0.43048118376247285,0.22298584823024803,0.36822732253674056,-0.36822732253674056,0.007446430696214215
S187,dev,RIGID_ONLY,RIGID,ENG_PAIR_2_POS_X,0.4275596211998006,0.26414755727816175,0.3362042499203382,-0.3362042499203382,0.007618542397545678
S187,dev,RIGID_ONLY,RIGID,ENG_PAIR_3_NEG_X,0.45024455187288287,0.20896859437192766,0.39881359437390534,-0.39881359437390534,0.008014059112351885
S187,dev,RIGID_ONLY,RIGID,ENG_PAIR_3_POS_X,0.4472249329100188,0.22217587769734307,0.38813402322623825,-0.38813402322623825,0.008483103248884493
S187,dev,RIGID_ONLY,D_VECTOR,ENG_MID_UP,0.0497227273744901,0.04820449464698533,0.01219328968681668,0.01219328968681668,0.6617581787739046
S187,dev,RIGID_ONLY,D_VECTOR,ENG_MID_DOWN,0.12309709478390933,0.10821811184156084,0.05866630219884483,-0.05866630219884483,0.07439848918149211
S187,dev,RIGID_ONLY,D_VECTOR,ENG_PAIR_1_NEG_X,0.4649712111453904,0.21817908078511472,0.4106045736493611,-0.4106045736493611,0.3121821326838141
S187,dev,RIGID_ONLY,D_VECTOR,ENG_PAIR_1_POS_X,0.4870238426609632,0.2329609491075189,0.4276931370868308,-0.4276931370868308,0.38677209761580117
S187,dev,RIGID_ONLY,D_VECTOR,ENG_PAIR_2_NEG_X,0.19656193066923805,0.1457810143617137,0.1318502500569801,-0.1318502500569801,0.28667097257479834
S187,dev,RIGID_ONLY,D_VECTOR,ENG_PAIR_2_POS_X,0.20628022852637273,0.180257895833888,0.10029269001493449,-0.10029269001493449,0.24787529943635217
S187,dev,RIGID_ONLY,D_VECTOR,ENG_PAIR_3_NEG_X,0.33906273110013624,0.16045766965768063,0.29869193472390565,-0.29869193472390565,0.2741642910532338
S187,dev,RIGID_ONLY,D_VECTOR,ENG_PAIR_3_POS_X,0.3327719716737381,0.1623119027531384,0.29050306600151893,-0.29050306600151893,0.2469962037715857
S187,dev,RIGID_ONLY,D_NORMAL,ENG_MID_UP,0.07384888817274855,0.07355340734110485,0.006599587325327454,0.006599587325327454,0.6765817763666718
S187,dev,RIGID_ONLY,D_NORMAL,ENG_MID_DOWN,0.13929024641280421,0.1260197166566479,0.059336361192087794,-0.059336361192087794,0.07023726579501234
S187,dev,RIGID_ONLY,D_NORMAL,ENG_PAIR_1_NEG_X,0.4960544603791701,0.2774886341580294,0.41118132931248347,-0.41118132931248347,0.3167894338449576
S187,dev,RIGID_ONLY,D_NORMAL,ENG_PAIR_1_POS_X,0.5098345483548768,0.29158333886661075,0.41822293479867956,-0.41822293479867956,0.3763858112326899
S187,dev,RIGID_ONLY,D_NORMAL,ENG_PAIR_2_NEG_X,0.26475724109050564,0.22271092245604543,0.1431650855782703,-0.1431650855782703,0.32557196784643694
S187,dev,RIGID_ONLY,D_NORMAL,ENG_PAIR_2_POS_X,0.2853060117357422,0.2632714554741968,0.10994389962637065,-0.10994389962637065,0.28313840251099376
S187,dev,RIGID_ONLY,D_NORMAL,ENG_PAIR_3_NEG_X,0.38075832921785424,0.20858363551989886,0.3185432031327523,-0.3185432031327523,0.34742193165523216
S187,dev,RIGID_ONLY,D_NORMAL,ENG_PAIR_3_POS_X,0.37019143594672904,0.22269006025675558,0.2957208756769527,-0.2957208756769527,0.2895408003513238
S187,dev,NORMAL_BUMP,INITIAL,ENG_MID_UP,39.838893193696975,11.98673792508705,37.99283517736041,-37.99283517736041,2.107190742479793
S187,dev,NORMAL_BUMP,INITIAL,ENG_MID_DOWN,47.50641546709374,24.384107220044037,40.77100471675329,-40.77100471675329,4.765338285425286
S187,dev,NORMAL_BUMP,INITIAL,ENG_PAIR_1_NEG_X,44.0187826801257,35.76857236605489,25.656626035674083,-25.656626035674083,2.6460034196810795
S187,dev,NORMAL_BUMP,INITIAL,ENG_PAIR_1_POS_X,35.26019943003613,14.272799122335218,32.24234589882361,-32.24234589882361,1.7674752475917817
S187,dev,NORMAL_BUMP,INITIAL,ENG_PAIR_2_NEG_X,44.96623197989222,33.32830206447956,30.18586258446642,-30.18586258446642,3.53324756489999
S187,dev,NORMAL_BUMP,INITIAL,ENG_PAIR_2_POS_X,34.29302947779303,12.722065187040851,31.845893426648676,-31.845893426648676,1.0898946805919383
S187,dev,NORMAL_BUMP,INITIAL,ENG_PAIR_3_NEG_X,50.100219862189,35.331043589782425,35.521111878664094,-35.521111878664094,4.290049963234994
S187,dev,NORMAL_BUMP,INITIAL,ENG_PAIR_3_POS_X,42.808350785052745,28.685735881371464,31.775516579283554,-31.775516579283554,4.43208080650546
S187,dev,NORMAL_BUMP,RIGID,ENG_MID_UP,1.3973223861824515,0.5157411475629071,1.298661202791981,1.298661202791981,2.1692283119035753
S187,dev,NORMAL_BUMP,RIGID,ENG_MID_DOWN,2.794415472037017,0.9336004740452872,2.6338466138373127,2.6338466138373127,2.372512841726267
S187,dev,NORMAL_BUMP,RIGID,ENG_PAIR_1_NEG_X,1.6774382836041162,1.4318868761861885,0.8737843950921085,0.8737843950921085,1.98566247329656
S187,dev,NORMAL_BUMP,RIGID,ENG_PAIR_1_POS_X,5.529452594376325,1.3420599965123632,5.364114182156856,5.364114182156856,2.9047120239504243
S187,dev,NORMAL_BUMP,RIGID,ENG_PAIR_2_NEG_X,3.6984555037532663,1.4481465406039853,3.40315217264517,3.40315217264517,2.711411823845753
S187,dev,NORMAL_BUMP,RIGID,ENG_PAIR_2_POS_X,10.020961682230775,1.3847413725357187,9.924825659321442,9.924825659321442,0.25522857497710305
S187,dev,NORMAL_BUMP,RIGID,ENG_PAIR_3_NEG_X,1.712348913858188,1.2732840923135569,1.1449394844499674,1.1449394844499674,1.947309590930167
S187,dev,NORMAL_BUMP,RIGID,ENG_PAIR_3_POS_X,6.097316484376591,1.0976076849867076,5.997710036381269,5.997710036381269,2.8588924005077665
S187,dev,NORMAL_BUMP,D_VECTOR,ENG_MID_UP,0.8992048781433242,0.8712926661808149,0.22230272768519393,-0.22230272768519393,0.6668371322999512
S187,dev,NORMAL_BUMP,D_VECTOR,ENG_MID_DOWN,1.0680972038317056,1.0654506394637442,0.07514367371513339,-0.07514367371513339,0.8444395182619313
S187,dev,NORMAL_BUMP,D_VECTOR,ENG_PAIR_1_NEG_X,1.7479144955157802,1.647291445281404,0.5844963455291128,-0.5844963455291128,0.6270454547280196
S187,dev,NORMAL_BUMP,D_VECTOR,ENG_PAIR_1_POS_X,1.4695426116803594,1.421176298246579,0.3739163233217864,0.3739163233217864,0.8018826391730455
S187,dev,NORMAL_BUMP,D_VECTOR,ENG_PAIR_2_NEG_X,1.8098712894251534,1.8098620314786789,0.00578889431033494,0.00578889431033494,1.3132739349358322
S187,dev,NORMAL_BUMP,D_VECTOR,ENG_PAIR_2_POS_X,1.3810440742381986,1.2436066307653515,0.6006040983084393,0.6006040983084393,0.3431644712590918
S187,dev,NORMAL_BUMP,D_VECTOR,ENG_PAIR_3_NEG_X,1.5210732025384797,1.485360526820202,0.3276702501678766,-0.3276702501678766,0.5160454785230126
S187,dev,NORMAL_BUMP,D_VECTOR,ENG_PAIR_3_POS_X,1.8424771890893679,1.8409340794455966,0.07539169351096156,0.07539169351096156,0.6280677166839166
S187,dev,NORMAL_BUMP,D_NORMAL,ENG_MID_UP,0.37141783821930807,0.32861187918454726,0.17310529571998837,-0.17310529571998837,0.7294990926230243
S187,dev,NORMAL_BUMP,D_NORMAL,ENG_MID_DOWN,0.973447927565481,0.9714577055817771,0.062215704989329296,-0.062215704989329296,0.9167704563455141
S187,dev,NORMAL_BUMP,D_NORMAL,ENG_PAIR_1_NEG_X,1.4507865474654724,1.3500868363827863,0.5310811054186593,-0.5310811054186593,0.49059443697402266
S187,dev,NORMAL_BUMP,D_NORMAL,ENG_PAIR_1_POS_X,1.3918916370631098,1.2758005481153756,0.5565027320280931,0.5565027320280931,1.0272741198420907
S187,dev,NORMAL_BUMP,D_NORMAL,ENG_PAIR_2_NEG_X,1.170623733396503,1.166469965916404,0.09852788339424659,0.09852788339424659,1.0477142610970984
S187,dev,NORMAL_BUMP,D_NORMAL,ENG_PAIR_2_POS_X,1.1899856291794018,0.8186043353507803,0.8636855560899488,0.8636855560899488,0.5220706444768144
S187,dev,NORMAL_BUMP,D_NORMAL,ENG_PAIR_3_NEG_X,1.2785311566220636,1.2455301057162647,0.28861163214219626,-0.28861163214219626,0.327448958145782
S187,dev,NORMAL_BUMP,D_NORMAL,ENG_PAIR_3_POS_X,1.4029114007420318,1.3959544439999028,0.1395406342571621,0.1395406342571621,0.6614854085306626
S187,dev,TANGENTIAL_SHIFT,INITIAL,ENG_MID_UP,41.107463452957916,6.326678706579876,40.61768934934605,-40.61768934934605,2.281677477468067
S187,dev,TANGENTIAL_SHIFT,INITIAL,ENG_MID_DOWN,50.38829049037625,23.03458067113745,44.81504113405903,-44.81504113405903,2.2524899567497005
S187,dev,TANGENTIAL_SHIFT,INITIAL,ENG_PAIR_1_NEG_X,42.64762227952939,32.571279902939246,27.530554145926637,-27.530554145926637,2.61122713581541
S187,dev,TANGENTIAL_SHIFT,INITIAL,ENG_PAIR_1_POS_X,45.308000538653765,19.9343645766477,40.687049803788234,-40.687049803788234,6.428652573125204
S187,dev,TANGENTIAL_SHIFT,INITIAL,ENG_PAIR_2_NEG_X,42.71003278717656,25.184022397289866,34.49509989222383,-34.49509989222383,4.6943701122058386
S187,dev,TANGENTIAL_SHIFT,INITIAL,ENG_PAIR_2_POS_X,54.73094858323352,32.10412183716208,44.32608818613711,-44.32608818613711,9.854291523895345
S187,dev,TANGENTIAL_SHIFT,INITIAL,ENG_PAIR_3_NEG_X,50.10378199367808,33.081218947377515,37.63006674224338,-37.63006674224338,2.2137511098116014
S187,dev,TANGENTIAL_SHIFT,INITIAL,ENG_PAIR_3_POS_X,51.5994588032834,33.00701495626983,39.66158232431379,-39.66158232431379,6.658220605339092
S187,dev,TANGENTIAL_SHIFT,RIGID,ENG_MID_UP,5.436273556712616,5.435991729947648,0.05535427132223386,0.05535427132223386,0.8217825035647471
S187,dev,TANGENTIAL_SHIFT,RIGID,ENG_MID_DOWN,6.996078610204461,6.978924048029908,0.4896274624551101,-0.4896274624551101,0.3406919568812874
S187,dev,TANGENTIAL_SHIFT,RIGID,ENG_PAIR_1_NEG_X,3.3744947128428797,3.3744084024914356,0.024135040910442565,-0.024135040910442565,2.0685368900969205
S187,dev,TANGENTIAL_SHIFT,RIGID,ENG_PAIR_1_POS_X,12.265209192481587,12.142907873736398,1.7277571893311456,-1.7277571893311456,6.413584495205429
S187,dev,TANGENTIAL_SHIFT,RIGID,ENG_PAIR_2_NEG_X,7.599247431140761,7.599086215889039,0.0494995271156551,-0.0494995271156551,4.487624422096202
S187,dev,TANGENTIAL_SHIFT,RIGID,ENG_PAIR_2_POS_X,20.01945627463047,19.972649143361313,1.368179713352802,-1.368179713352802,10.577968156089536
S187,dev,TANGENTIAL_SHIFT,RIGID,ENG_PAIR_3_NEG_X,3.7775120711976276,3.770075675328291,0.23691105998184928,-0.23691105998184928,2.3594422044449663
S187,dev,TANGENTIAL_SHIFT,RIGID,ENG_PAIR_3_POS_X,12.797246133478579,12.750853610194296,1.088687655954428,-1.088687655954428,7.628303704042747
S187,dev,TANGENTIAL_SHIFT,D_VECTOR,ENG_MID_UP,5.312776622805978,5.2750822466997755,0.6317457830381883,0.6317457830381883,1.295075246593177
S187,dev,TANGENTIAL_SHIFT,D_VECTOR,ENG_MID_DOWN,6.9446782033107315,6.94455693736349,0.04104011763868677,-0.04104011763868677,0.3775391750360586
S187,dev,TANGENTIAL_SHIFT,D_VECTOR,ENG_PAIR_1_NEG_X,3.4368388142525195,3.428532157541937,0.23880594601787508,-0.23880594601787508,1.836850365659217
S187,dev,TANGENTIAL_SHIFT,D_VECTOR,ENG_PAIR_1_POS_X,12.12085715678235,11.872285478420793,2.442133439024313,-2.442133439024313,6.619021073685681
S187,dev,TANGENTIAL_SHIFT,D_VECTOR,ENG_PAIR_2_NEG_X,7.517825052478903,7.516352166069303,0.1488073765131639,-0.1488073765131639,4.568959886594089
S187,dev,TANGENTIAL_SHIFT,D_VECTOR,ENG_PAIR_2_POS_X,19.759647281375777,19.578545318908322,2.6691241784214843,-2.6691241784214843,10.810744624346333
S187,dev,TANGENTIAL_SHIFT,D_VECTOR,ENG_PAIR_3_NEG_X,3.844106884092358,3.8349059557928062,0.2658082890940686,-0.2658082890940686,2.0458131274509856
S187,dev,TANGENTIAL_SHIFT,D_VECTOR,ENG_PAIR_3_POS_X,12.543454914118717,12.436204324294737,1.6367905140615564,-1.6367905140615564,7.809083613465453
S187,dev,TANGENTIAL_SHIFT,D_NORMAL,ENG_MID_UP,5.403963386660863,5.366896279850236,0.6318580581909538,0.6318580581909538,1.302873691901164
S187,dev,TANGENTIAL_SHIFT,D_NORMAL,ENG_MID_DOWN,6.975502291046622,6.975376163092637,0.04194753575266258,-0.04194753575266258,0.38521901007263076
S187,dev,TANGENTIAL_SHIFT,D_NORMAL,ENG_PAIR_1_NEG_X,3.4032729435600615,3.395473651506684,0.23027246967848253,-0.23027246967848253,1.8543337110642628
S187,dev,TANGENTIAL_SHIFT,D_NORMAL,ENG_PAIR_1_POS_X,12.238663639083617,12.000314023945487,2.403612072969493,-2.403612072969493,6.63442699610074
S187,dev,TANGENTIAL_SHIFT,D_NORMAL,ENG_PAIR_2_NEG_X,7.596452820043419,7.594673505052164,0.1644074171207495,-0.1644074171207495,4.610176336728225
S187,dev,TANGENTIAL_SHIFT,D_NORMAL,ENG_PAIR_2_POS_X,19.848801111729955,19.673506288204287,2.6321200392456605,-2.6321200392456605,10.836734713168461
S187,dev,TANGENTIAL_SHIFT,D_NORMAL,ENG_PAIR_3_NEG_X,3.783372619500289,3.7736996412687343,0.2703689987271153,-0.2703689987271153,2.022572218016593
S187,dev,TANGENTIAL_SHIFT,D_NORMAL,ENG_PAIR_3_POS_X,12.765107241338065,12.658247076248456,1.648254785980895,-1.648254785980895,7.894087068672175
S188,validation_consumed,RIGID_ONLY,INITIAL,ENG_MID_UP,42.94881643061871,15.097997356291335,40.20760262214603,-40.20760262214603,2.12314075265719
S188,validation_consumed,RIGID_ONLY,INITIAL,ENG_MID_DOWN,52.524740244552646,24.740956228023666,46.33285467873468,-46.33285467873468,2.369359503373782
S188,validation_consumed,RIGID_ONLY,INITIAL,ENG_PAIR_1_NEG_X,45.04894514851008,36.82200826499349,25.952787255441752,-25.952787255441752,2.444055124266971
S188,validation_consumed,RIGID_ONLY,INITIAL,ENG_PAIR_1_POS_X,42.58861490194579,12.167684805341626,40.81344834419284,-40.81344834419284,1.4659595084594825
S188,validation_consumed,RIGID_ONLY,INITIAL,ENG_PAIR_2_NEG_X,48.47930096490934,35.686387845717626,32.813478093175014,-32.813478093175014,2.448694397192475
S188,validation_consumed,RIGID_ONLY,INITIAL,ENG_PAIR_2_POS_X,46.28055268001581,6.427191739475403,45.83209315219781,-45.83209315219781,1.4787400377307436
S188,validation_consumed,RIGID_ONLY,INITIAL,ENG_PAIR_3_NEG_X,52.70679578599656,34.41137389084065,39.9232221767171,-39.9232221767171,2.4494314220269113
S188,validation_consumed,RIGID_ONLY,INITIAL,ENG_PAIR_3_POS_X,50.16745439739161,25.115245039698376,43.42807786801382,-43.42807786801382,2.190133147469793
S188,validation_consumed,RIGID_ONLY,RIGID,ENG_MID_UP,0.42537747940168674,0.010919827133064794,0.42523729535109733,-0.42523729535109733,0.007704764654933835
S188,validation_consumed,RIGID_ONLY,RIGID,ENG_MID_DOWN,0.47026923382322533,0.18009113773696048,0.4344195373015474,-0.4344195373015474,0.007862571868727583
S188,validation_consumed,RIGID_ONLY,RIGID,ENG_PAIR_1_NEG_X,0.4327838505306326,0.267128870008948,0.34050554780776116,-0.34050554780776116,0.007533820522962587
S188,validation_consumed,RIGID_ONLY,RIGID,ENG_PAIR_1_POS_X,0.4274479918713968,0.21408912747453468,0.36996977072739634,-0.36996977072739634,0.006609979148008727
S188,validation_consumed,RIGID_ONLY,RIGID,ENG_PAIR_2_NEG_X,0.45026737290037333,0.24495665388128668,0.3778054324885858,-0.3778054324885858,0.007316096525535294
S188,validation_consumed,RIGID_ONLY,RIGID,ENG_PAIR_2_POS_X,0.44542912128396006,0.18603574564490344,0.40471941321135757,-0.40471941321135757,0.006520761607892766
S188,validation_consumed,RIGID_ONLY,RIGID,ENG_PAIR_3_NEG_X,0.46839618532682004,0.2556141403408416,0.39250018813566095,-0.39250018813566095,0.007616400097649293
S188,validation_consumed,RIGID_ONLY,RIGID,ENG_PAIR_3_POS_X,0.46281273546369667,0.2250438407458001,0.40441426514128875,-0.40441426514128875,0.0075839234335738056
S188,validation_consumed,RIGID_ONLY,D_VECTOR,ENG_MID_UP,0.05329504024473603,0.03797586244125687,0.03739244825537329,0.03739244825537329,0.481959191053681
S188,validation_consumed,RIGID_ONLY,D_VECTOR,ENG_MID_DOWN,0.16133985288408828,0.1572266870319133,0.03619830125334638,-0.03619830125334638,0.11458061786652897
S188,validation_consumed,RIGID_ONLY,D_VECTOR,ENG_PAIR_1_NEG_X,0.45049241055082595,0.16987995648873194,0.4172340019069401,-0.4172340019069401,0.34687792647028354
S188,validation_consumed,RIGID_ONLY,D_VECTOR,ENG_PAIR_1_POS_X,0.4414823208992348,0.13844738040586513,0.4192123119915834,-0.4192123119915834,0.3692366231601063
S188,validation_consumed,RIGID_ONLY,D_VECTOR,ENG_PAIR_2_NEG_X,0.19437874773872696,0.14714909775552737,0.1270048841667512,-0.1270048841667512,0.2882703221769415
S188,validation_consumed,RIGID_ONLY,D_VECTOR,ENG_PAIR_2_POS_X,0.15994851645567817,0.10874993662550857,0.11729014963039402,-0.11729014963039402,0.318845718849707
S188,validation_consumed,RIGID_ONLY,D_VECTOR,ENG_PAIR_3_NEG_X,0.4025278916402733,0.2027735310292695,0.34772345141259237,-0.34772345141259237,0.349018547596501
S188,validation_consumed,RIGID_ONLY,D_VECTOR,ENG_PAIR_3_POS_X,0.34345023556288184,0.18882308122797747,0.2868865774200174,-0.2868865774200174,0.15823109277440053
S188,validation_consumed,RIGID_ONLY,D_NORMAL,ENG_MID_UP,0.05226644099837637,0.04241078833746627,0.030546781945589525,0.030546781945589525,0.4893319820686241
S188,validation_consumed,RIGID_ONLY,D_NORMAL,ENG_MID_DOWN,0.18469575095628712,0.18103964434824282,0.03656730227359673,-0.03656730227359673,0.11099509500576964
S188,validation_consumed,RIGID_ONLY,D_NORMAL,ENG_PAIR_1_NEG_X,0.4883361127670841,0.2582402186817066,0.41446851326450684,-0.41446851326450684,0.36626175909489594
S188,validation_consumed,RIGID_ONLY,D_NORMAL,ENG_PAIR_1_POS_X,0.468204858711822,0.20704527175670506,0.41993814445052413,-0.41993814445052413,0.38183204969633855
S188,validation_consumed,RIGID_ONLY,D_NORMAL,ENG_PAIR_2_NEG_X,0.2880411922566875,0.2520661274612651,0.13939295471197696,-0.13939295471197696,0.33184402119836043
S188,validation_consumed,RIGID_ONLY,D_NORMAL,ENG_PAIR_2_POS_X,0.2337361156986339,0.1925816032071431,0.1324571549145295,-0.1324571549145295,0.3409342784363843
S188,validation_consumed,RIGID_ONLY,D_NORMAL,ENG_PAIR_3_NEG_X,0.44080950827857807,0.2546574358264881,0.3598091340795559,-0.3598091340795559,0.39086097987669216
S188,validation_consumed,RIGID_ONLY,D_NORMAL,ENG_PAIR_3_POS_X,0.3694982794966638,0.22517868745131317,0.2929565450176843,-0.2929565450176843,0.20030795879670005
S188,validation_consumed,NORMAL_BUMP,INITIAL,ENG_MID_UP,40.32197963168667,15.472838709867228,37.23510848213805,-37.23510848213805,1.9959224454014117
S188,validation_consumed,NORMAL_BUMP,INITIAL,ENG_MID_DOWN,49.169011807218546,24.668392969473413,42.53307078500248,-42.53307078500248,4.653681995093943
S188,validation_consumed,NORMAL_BUMP,INITIAL,ENG_PAIR_1_NEG_X,44.077840938257026,36.96177316521779,24.01423299339941,-24.01423299339941,2.588145131203312
S188,validation_consumed,NORMAL_BUMP,INITIAL,ENG_PAIR_1_POS_X,35.74827488759566,11.953204986815722,33.6906522344443,-33.6906522344443,1.3911049687544976
S188,validation_consumed,NORMAL_BUMP,INITIAL,ENG_PAIR_2_NEG_X,45.89980702013652,35.92520224391206,28.568726401780484,-28.568726401780484,3.362091970012623
S188,validation_consumed,NORMAL_BUMP,INITIAL,ENG_PAIR_2_POS_X,34.65617750323945,6.753819121723518,33.99171320200089,-33.99171320200089,1.3307708123155333
S188,validation_consumed,NORMAL_BUMP,INITIAL,ENG_PAIR_3_NEG_X,51.239112092431,34.45315023037047,37.926600786575,-37.926600786575,4.091376620376585
S188,validation_consumed,NORMAL_BUMP,INITIAL,ENG_PAIR_3_POS_X,43.726249717883455,24.738063942983537,36.05569451201239,-36.05569451201239,4.657367230238645
S188,validation_consumed,NORMAL_BUMP,RIGID,ENG_MID_UP,1.2045531463756534,0.7552970964091205,0.9383360691135334,0.9383360691135334,2.259719514022617
S188,validation_consumed,NORMAL_BUMP,RIGID,ENG_MID_DOWN,2.4770960440768066,1.0408081644604632,2.2478263225555057,2.2478263225555057,2.2648523950614745
S188,validation_consumed,NORMAL_BUMP,RIGID,ENG_PAIR_1_NEG_X,1.6434360813845865,1.5400166991489368,0.5737863016307887,0.5737863016307887,1.8916329463591617
S188,validation_consumed,NORMAL_BUMP,RIGID,ENG_PAIR_1_POS_X,5.1926959775129164,1.1243470023961502,5.06951036423456,5.06951036423456,2.87533371618598
S188,validation_consumed,NORMAL_BUMP,RIGID,ENG_PAIR_2_NEG_X,3.310569853339337,1.5824983778888464,2.90784656366501,2.90784656366501,2.5642051553999345
S188,validation_consumed,NORMAL_BUMP,RIGID,ENG_PAIR_2_POS_X,9.906064241516434,1.4523579802503248,9.799018576074532,9.799018576074532,0.245835280275013
S188,validation_consumed,NORMAL_BUMP,RIGID,ENG_PAIR_3_NEG_X,1.5447280885484633,1.3574203526693687,0.7372888536452692,0.7372888536452692,1.8913567873114698
S188,validation_consumed,NORMAL_BUMP,RIGID,ENG_PAIR_3_POS_X,5.835869212686629,1.0572544816385467,5.739301562789574,5.739301562789574,2.8895060038128246
S188,validation_consumed,NORMAL_BUMP,D_VECTOR,ENG_MID_UP,1.1027559187666123,1.0634081621877294,0.2919481066342291,-0.2919481066342291,0.2557417399075668
S188,validation_consumed,NORMAL_BUMP,D_VECTOR,ENG_MID_DOWN,1.181430869961064,1.1806034526551397,0.04420846158509595,-0.04420846158509595,0.6855603780896826
S188,validation_consumed,NORMAL_BUMP,D_VECTOR,ENG_PAIR_1_NEG_X,1.8015920787634463,1.6871402033796725,0.6318955233289701,-0.6318955233289701,0.7392299456710417
S188,validation_consumed,NORMAL_BUMP,D_VECTOR,ENG_PAIR_1_POS_X,0.996837071088498,0.9823674934189334,0.16922840828329222,0.16922840828329222,0.6920192920109065
S188,validation_consumed,NORMAL_BUMP,D_VECTOR,ENG_PAIR_2_NEG_X,1.8800776119505853,1.8792807244478082,0.05473377089819603,-0.05473377089819603,1.2140752278530638
S188,validation_consumed,NORMAL_BUMP,D_VECTOR,ENG_PAIR_2_POS_X,0.8486993565454916,0.7327152060840437,0.4282744734092248,0.4282744734092248,0.27354876962041397
S188,validation_consumed,NORMAL_BUMP,D_VECTOR,ENG_PAIR_3_NEG_X,1.5280130565887298,1.4655660884403467,0.43236551842080917,-0.43236551842080917,0.7634700941487333
S188,validation_consumed,NORMAL_BUMP,D_VECTOR,ENG_PAIR_3_POS_X,1.7397796087246276,1.739639719174335,0.022062058042238816,0.022062058042238816,0.47335917648948994
S188,validation_consumed,NORMAL_BUMP,D_NORMAL,ENG_MID_UP,0.6347108391324956,0.5874609378866573,0.24030708639073814,-0.24030708639073814,0.3448557090667675
S188,validation_consumed,NORMAL_BUMP,D_NORMAL,ENG_MID_DOWN,1.075064043246032,1.0738174975276145,0.05175595699084335,-0.05175595699084335,0.6523484731514149
S188,validation_consumed,NORMAL_BUMP,D_NORMAL,ENG_PAIR_1_NEG_X,1.5653271447985,1.447316310548099,0.5962588091294441,-0.5962588091294441,0.5740894067608817
S188,validation_consumed,NORMAL_BUMP,D_NORMAL,ENG_PAIR_1_POS_X,1.008361019229261,0.9505755366047332,0.33644924477504407,0.33644924477504407,0.8071075694994778
S188,validation_consumed,NORMAL_BUMP,D_NORMAL,ENG_PAIR_2_NEG_X,1.3159427240818566,1.3155473504800816,0.03225556864812492,0.03225556864812492,0.8642862737319985
S188,validation_consumed,NORMAL_BUMP,D_NORMAL,ENG_PAIR_2_POS_X,0.8941858797696046,0.6142066098302437,0.6498604681161799,0.6498604681161799,0.231747059607099
S188,validation_consumed,NORMAL_BUMP,D_NORMAL,ENG_PAIR_3_NEG_X,1.3775061860317446,1.3127780384439334,0.41729739315627407,-0.41729739315627407,0.7090236498810171
S188,validation_consumed,NORMAL_BUMP,D_NORMAL,ENG_PAIR_3_POS_X,1.3864711492939779,1.3852994433194838,0.05698859678297466,0.05698859678297466,0.7262636078984592
S188,validation_consumed,TANGENTIAL_SHIFT,INITIAL,ENG_MID_UP,40.85853518580278,10.177175735106909,39.57075930009727,-39.57075930009727,2.2532662052030603
S188,validation_consumed,TANGENTIAL_SHIFT,INITIAL,ENG_MID_DOWN,51.15079960833388,21.875793248141537,46.23693296853171,-46.23693296853171,2.6163072311618834
S188,validation_consumed,TANGENTIAL_SHIFT,INITIAL,ENG_PAIR_1_NEG_X,42.535290429955786,33.90775119990992,25.681030752789038,-25.681030752789038,2.5980138788579885
S188,validation_consumed,TANGENTIAL_SHIFT,INITIAL,ENG_PAIR_1_POS_X,44.76169585202676,15.26612636691668,42.07796099264651,-42.07796099264651,6.388592582593921
S188,validation_consumed,TANGENTIAL_SHIFT,INITIAL,ENG_PAIR_2_NEG_X,43.240608216971474,28.61170924119697,32.420985384019794,-32.420985384019794,4.2968682234960776
S188,validation_consumed,TANGENTIAL_SHIFT,INITIAL,ENG_PAIR_2_POS_X,53.436752834773266,25.959582963482944,46.70745771166201,-46.70745771166201,9.465880639850885
S188,validation_consumed,TANGENTIAL_SHIFT,INITIAL,ENG_PAIR_3_NEG_X,50.9966138651447,32.07227988090347,39.648751417310265,-39.648751417310265,2.331856372086811
S188,validation_consumed,TANGENTIAL_SHIFT,INITIAL,ENG_PAIR_3_POS_X,51.63118788552886,27.158550148621334,43.91119124204674,-43.91119124204674,7.060707410388232
S188,validation_consumed,TANGENTIAL_SHIFT,RIGID,ENG_MID_UP,4.806882616823888,4.806806827872053,0.026992803601818972,0.026992803601818972,0.9240154665036954
S188,validation_consumed,TANGENTIAL_SHIFT,RIGID,ENG_MID_DOWN,6.190172875975568,6.16846945559525,0.5179042477640806,-0.5179042477640806,0.49547844047920253
S188,validation_consumed,TANGENTIAL_SHIFT,RIGID,ENG_PAIR_1_NEG_X,2.8306835102308114,2.8291947287721793,0.0917949986673557,-0.0917949986673557,1.8006810345087527
S188,validation_consumed,TANGENTIAL_SHIFT,RIGID,ENG_PAIR_1_POS_X,12.031149233179475,11.884372361866937,1.8735649002712425,-1.8735649002712425,6.275949889615375
S188,validation_consumed,TANGENTIAL_SHIFT,RIGID,ENG_PAIR_2_NEG_X,6.664057633202055,6.6636852854563,0.07044540461782506,-0.07044540461782506,3.762428272625858
S188,validation_consumed,TANGENTIAL_SHIFT,RIGID,ENG_PAIR_2_POS_X,19.9326786029742,19.865868910963282,1.6306221824469516,-1.6306221824469516,10.09398432292233
S188,validation_consumed,TANGENTIAL_SHIFT,RIGID,ENG_PAIR_3_NEG_X,3.0648486332760103,3.058520305375007,0.1968519405609231,-0.1968519405609231,1.9313637071869594
S188,validation_consumed,TANGENTIAL_SHIFT,RIGID,ENG_PAIR_3_POS_X,12.311274163792381,12.249636009675632,1.230402034507383,-1.230402034507383,7.661402461742012
S188,validation_consumed,TANGENTIAL_SHIFT,D_VECTOR,ENG_MID_UP,4.6887713550054855,4.643381064278702,0.6508372388070329,0.6508372388070329,1.3903894488792148
S188,validation_consumed,TANGENTIAL_SHIFT,D_VECTOR,ENG_MID_DOWN,6.138930987765867,6.138874410691433,0.02635606780074373,-0.02635606780074373,0.5089554552039985
S188,validation_consumed,TANGENTIAL_SHIFT,D_VECTOR,ENG_PAIR_1_NEG_X,2.91150823489635,2.8979173290081346,0.28098995730029636,-0.28098995730029636,1.4964164608093666
S188,validation_consumed,TANGENTIAL_SHIFT,D_VECTOR,ENG_PAIR_1_POS_X,11.87606535212452,11.582691938015747,2.623390119093513,-2.623390119093513,6.65731909711733
S188,validation_consumed,TANGENTIAL_SHIFT,D_VECTOR,ENG_PAIR_2_NEG_X,6.6198864349636,6.618739522497899,0.12322152871707812,-0.12322152871707812,3.66095613767131
S188,validation_consumed,TANGENTIAL_SHIFT,D_VECTOR,ENG_PAIR_2_POS_X,19.64411888233522,19.430308249396383,2.8904200381187066,-2.8904200381187066,10.641898948875449
S188,validation_consumed,TANGENTIAL_SHIFT,D_VECTOR,ENG_PAIR_3_NEG_X,3.1626954452019085,3.1543357694124725,0.22980063730530034,-0.22980063730530034,1.5255698753569173
S188,validation_consumed,TANGENTIAL_SHIFT,D_VECTOR,ENG_PAIR_3_POS_X,12.039907020462785,11.90105937446123,1.8232242941935342,-1.8232242941935342,7.875766870427164
S188,validation_consumed,TANGENTIAL_SHIFT,D_NORMAL,ENG_MID_UP,4.770778641293527,4.726871907717807,0.6457637433696092,0.6457637433696092,1.3930021933587111
S188,validation_consumed,TANGENTIAL_SHIFT,D_NORMAL,ENG_MID_DOWN,6.165390220148809,6.165331682264901,0.026866603194830547,-0.026866603194830547,0.5106549693393644
S188,validation_consumed,TANGENTIAL_SHIFT,D_NORMAL,ENG_PAIR_1_NEG_X,2.8646995505509065,2.85137969081486,0.2759300160097101,-0.2759300160097101,1.5142670502916573
S188,validation_consumed,TANGENTIAL_SHIFT,D_NORMAL,ENG_PAIR_1_POS_X,12.006367061102644,11.722583379801103,2.5949737781992233,-2.5949737781992233,6.686366801508832
S188,validation_consumed,TANGENTIAL_SHIFT,D_NORMAL,ENG_PAIR_2_NEG_X,6.665171507782433,6.663758086986725,0.1372566438237739,-0.1372566438237739,3.6945141240288946
S188,validation_consumed,TANGENTIAL_SHIFT,D_NORMAL,ENG_PAIR_2_POS_X,19.77294709013328,19.56446671893734,2.863752543919142,-2.863752543919142,10.669959893482876
S188,validation_consumed,TANGENTIAL_SHIFT,D_NORMAL,ENG_PAIR_3_NEG_X,3.074702817539653,3.0654126444496455,0.23883621047595527,-0.23883621047595527,1.489677838227709
S188,validation_consumed,TANGENTIAL_SHIFT,D_NORMAL,ENG_PAIR_3_POS_X,12.275613757147454,12.1356323748507,1.8485453678888717,-1.8485453678888717,7.9831689955670955
S196,validation_consumed,RIGID_ONLY,INITIAL,ENG_MID_UP,36.384069882424114,22.259324698448953,28.780601195564735,-28.780601195564735,2.188645966865923
S196,validation_consumed,RIGID_ONLY,INITIAL,ENG_MID_DOWN,43.40323126366131,27.954348562105004,33.20233245715132,-33.20233245715132,2.4004158198315215
S196,validation_consumed,RIGID_ONLY,INITIAL,ENG_PAIR_1_NEG_X,38.55407639006316,24.059569868628476,30.125635329855044,-30.125635329855044,2.2215080202008983
S196,validation_consumed,RIGID_ONLY,INITIAL,ENG_PAIR_1_POS_X,36.12662804664292,13.632595044465937,33.455726062575444,-33.455726062575444,1.7867762052441867
S196,validation_consumed,RIGID_ONLY,INITIAL,ENG_PAIR_2_NEG_X,40.88349925220291,31.51432897261537,26.044338742050087,-26.044338742050087,2.4407786643049736
S196,validation_consumed,RIGID_ONLY,INITIAL,ENG_PAIR_2_POS_X,38.5702854904418,8.836803872148069,37.54434471580739,-37.54434471580739,1.5270141528301282
S196,validation_consumed,RIGID_ONLY,INITIAL,ENG_PAIR_3_NEG_X,43.97658310864482,34.32697748823864,27.488151600889832,-27.488151600889832,2.4476389090073942
S196,validation_consumed,RIGID_ONLY,INITIAL,ENG_PAIR_3_POS_X,41.311135389093806,28.321328796072343,30.075110014109715,-30.075110014109715,2.2991088039725236
S196,validation_consumed,RIGID_ONLY,RIGID,ENG_MID_UP,0.35878182455714697,0.0318710611072611,0.3573634467827572,-0.3573634467827572,0.009726882381673288
S196,validation_consumed,RIGID_ONLY,RIGID,ENG_MID_DOWN,0.4209377470294393,0.05686827354716235,0.41707863327912803,-0.41707863327912803,0.011009164650897536
S196,validation_consumed,RIGID_ONLY,RIGID,ENG_PAIR_1_NEG_X,0.3721043493487607,0.21820035553817366,0.3014137549072356,-0.3014137549072356,0.011325307854323265
S196,validation_consumed,RIGID_ONLY,RIGID,ENG_PAIR_1_POS_X,0.3640936206824045,0.18153623885900858,0.31560855280322747,-0.31560855280322747,0.0094278953055023
S196,validation_consumed,RIGID_ONLY,RIGID,ENG_PAIR_2_NEG_X,0.39188794755392375,0.22687511733827487,0.3195369220775135,-0.3195369220775135,0.01183543379712642
S196,validation_consumed,RIGID_ONLY,RIGID,ENG_PAIR_2_POS_X,0.3860801037412498,0.1929640605255469,0.3343990398466288,-0.3343990398466288,0.007074874748410649
S196,validation_consumed,RIGID_ONLY,RIGID,ENG_PAIR_3_NEG_X,0.41667763680628395,0.14687992986700318,0.3899314545105764,-0.3899314545105764,0.011732466883181622
S196,validation_consumed,RIGID_ONLY,RIGID,ENG_PAIR_3_POS_X,0.4114717562083417,0.13404815976761092,0.389024545523922,-0.389024545523922,0.009582571485433865
S196,validation_consumed,RIGID_ONLY,D_VECTOR,ENG_MID_UP,0.11141896350644609,0.08198241387089097,0.07545243034357946,0.07545243034357946,0.6341092167120317
S196,validation_consumed,RIGID_ONLY,D_VECTOR,ENG_MID_DOWN,0.04952225548283557,0.04504235665257128,0.02058251430923359,-0.02058251430923359,0.06517366561005272
S196,validation_consumed,RIGID_ONLY,D_VECTOR,ENG_PAIR_1_NEG_X,0.3844464236537976,0.23832315407369098,0.30166393038042016,-0.30166393038042016,0.45972658704725927
S196,validation_consumed,RIGID_ONLY,D_VECTOR,ENG_PAIR_1_POS_X,0.354695687981397,0.16805839889748247,0.3123546151933908,-0.3123546151933908,0.5215440065614623
S196,validation_consumed,RIGID_ONLY,D_VECTOR,ENG_PAIR_2_NEG_X,0.20039215533271684,0.1814083875140309,0.08513526213297827,-0.08513526213297827,0.2469136399437899
S196,validation_consumed,RIGID_ONLY,D_VECTOR,ENG_PAIR_2_POS_X,0.17776956931666127,0.11609407744321171,0.13462609315300206,-0.13462609315300206,0.5441868585403612
S196,validation_consumed,RIGID_ONLY,D_VECTOR,ENG_PAIR_3_NEG_X,0.32949478484225403,0.08003273447199315,0.31962724328689307,-0.31962724328689307,0.3016427537528877
S196,validation_consumed,RIGID_ONLY,D_VECTOR,ENG_PAIR_3_POS_X,0.37731462013108413,0.09401472261518953,0.3654142231718045,-0.3654142231718045,0.3975371392527224
S196,validation_consumed,RIGID_ONLY,D_NORMAL,ENG_MID_UP,0.0939224428919422,0.06315550191582796,0.06951839941015611,0.06951839941015611,0.6342291088167663
S196,validation_consumed,RIGID_ONLY,D_NORMAL,ENG_MID_DOWN,0.06315295094213834,0.05952110793274986,0.021107650820450692,-0.021107650820450692,0.06761694135119407
S196,validation_consumed,RIGID_ONLY,D_NORMAL,ENG_PAIR_1_NEG_X,0.3635769910298455,0.2176184534947047,0.29125665160625835,-0.29125665160625835,0.43711961160894486
S196,validation_consumed,RIGID_ONLY,D_NORMAL,ENG_PAIR_1_POS_X,0.37067027977087547,0.18090506942132428,0.3235271428537101,-0.3235271428537101,0.5324566541653362
S196,validation_consumed,RIGID_ONLY,D_NORMAL,ENG_PAIR_2_NEG_X,0.24613110707731578,0.2261046343522207,0.09724821949811556,-0.09724821949811556,0.280312943568761
S196,validation_consumed,RIGID_ONLY,D_NORMAL,ENG_PAIR_2_POS_X,0.23426344890829062,0.1860189537781144,0.14239491679727564,-0.14239491679727564,0.5860222832169565
S196,validation_consumed,RIGID_ONLY,D_NORMAL,ENG_PAIR_3_NEG_X,0.36229789444905974,0.1469204057299823,0.33117089048157516,-0.33117089048157516,0.34647884463344275
S196,validation_consumed,RIGID_ONLY,D_NORMAL,ENG_PAIR_3_POS_X,0.39691232884584177,0.13242195534875076,0.3741708467150308,-0.3741708467150308,0.4395867183732831
S196,validation_consumed,NORMAL_BUMP,INITIAL,ENG_MID_UP,34.285651601921,22.59253582087882,25.789207644877646,-25.789207644877646,2.7472687929270525
S196,validation_consumed,NORMAL_BUMP,INITIAL,ENG_MID_DOWN,40.43865336995122,27.926356203946106,29.247278771629134,-29.247278771629134,4.763056170581949
S196,validation_consumed,NORMAL_BUMP,INITIAL,ENG_PAIR_1_NEG_X,36.68802364997948,24.33202791914982,27.458395741251298,-27.458395741251298,3.430781295817562
S196,validation_consumed,NORMAL_BUMP,INITIAL,ENG_PAIR_1_POS_X,29.29249880091651,13.129830507758879,26.185072786593878,-26.185072786593878,1.5347785187753376
S196,validation_consumed,NORMAL_BUMP,INITIAL,ENG_PAIR_2_NEG_X,38.14811387432898,31.87784020332377,20.954281093373872,-20.954281093373872,3.986881091247159
S196,validation_consumed,NORMAL_BUMP,INITIAL,ENG_PAIR_2_POS_X,27.538929936468342,9.809420174073628,25.73262399939403,-25.73262399939403,1.3081454804064305
S196,validation_consumed,NORMAL_BUMP,INITIAL,ENG_PAIR_3_NEG_X,42.5850633350535,34.32924125893459,25.19902406515739,-25.19902406515739,4.2919951610635225
S196,validation_consumed,NORMAL_BUMP,INITIAL,ENG_PAIR_3_POS_X,35.86790038223902,27.75958191853397,22.713693877007856,-22.713693877007856,4.583940727034626
S196,validation_consumed,NORMAL_BUMP,RIGID,ENG_MID_UP,0.7656077480021156,0.656594142771059,0.39375037203742336,0.39375037203742336,2.287504337649887
S196,validation_consumed,NORMAL_BUMP,RIGID,ENG_MID_DOWN,2.0191776680812987,0.4326659137165711,1.9722775317855337,1.9722775317855337,2.2359095753986007
S196,validation_consumed,NORMAL_BUMP,RIGID,ENG_PAIR_1_NEG_X,1.7734385717281418,1.5588372163610966,0.8456423006098618,0.8456423006098618,2.5398365084149788
S196,validation_consumed,NORMAL_BUMP,RIGID,ENG_PAIR_1_POS_X,5.001727328365642,1.1935586551683524,4.857231104651334,4.857231104651334,2.882205196307905
S196,validation_consumed,NORMAL_BUMP,RIGID,ENG_PAIR_2_NEG_X,3.9142913200728366,1.6303980459325602,3.558578192230267,3.558578192230267,3.0299817601706427
S196,validation_consumed,NORMAL_BUMP,RIGID,ENG_PAIR_2_POS_X,9.594355074257274,1.212493172811626,9.51743188033471,9.51743188033471,0.42272338677745336
S196,validation_consumed,NORMAL_BUMP,RIGID,ENG_PAIR_3_NEG_X,1.1660650120890172,1.018399568010701,0.567952403193945,0.567952403193945,1.8841620447183216
S196,validation_consumed,NORMAL_BUMP,RIGID,ENG_PAIR_3_POS_X,5.2186831284518815,0.7064610215529752,5.170644681296004,5.170644681296004,2.7978916538688585
S196,validation_consumed,NORMAL_BUMP,D_VECTOR,ENG_MID_UP,0.8184084298826398,0.7899612342537234,0.21390092678457925,-0.21390092678457925,0.15872886466456593
S196,validation_consumed,NORMAL_BUMP,D_VECTOR,ENG_MID_DOWN,0.5662130907622445,0.5653625880655652,0.03102270404622913,-0.03102270404622913,0.6491198553049221
S196,validation_consumed,NORMAL_BUMP,D_VECTOR,ENG_PAIR_1_NEG_X,1.5971189265107495,1.5280969341165735,0.4644444265597086,-0.4644444265597086,0.6363215850009889
S196,validation_consumed,NORMAL_BUMP,D_VECTOR,ENG_PAIR_1_POS_X,1.5201269683743521,1.519889749211577,0.026854240271657493,0.026854240271657493,0.7030790737039573
S196,validation_consumed,NORMAL_BUMP,D_VECTOR,ENG_PAIR_2_NEG_X,2.0048417444030115,2.0045214138471605,0.03583743195446562,0.03583743195446562,1.5485265478849588
S196,validation_consumed,NORMAL_BUMP,D_VECTOR,ENG_PAIR_2_POS_X,1.5727467110141167,1.4975776406825922,0.48040964512932227,0.48040964512932227,0.5710944416566961
S196,validation_consumed,NORMAL_BUMP,D_VECTOR,ENG_PAIR_3_NEG_X,1.1195589748618429,1.030735003190684,0.43703278068264106,-0.43703278068264106,0.5979218921861765
S196,validation_consumed,NORMAL_BUMP,D_VECTOR,ENG_PAIR_3_POS_X,1.0209257482213794,1.0209173214375433,0.004148032084678002,0.004148032084678002,0.5474082789945216
S196,validation_consumed,NORMAL_BUMP,D_NORMAL,ENG_MID_UP,0.5817088967011131,0.5523660435583054,0.18241983013085664,-0.18241983013085664,0.24111419897169442
S196,validation_consumed,NORMAL_BUMP,D_NORMAL,ENG_MID_DOWN,0.4137613589181808,0.4133008100390913,0.01951672500320078,-0.01951672500320078,0.7858040917945696
S196,validation_consumed,NORMAL_BUMP,D_NORMAL,ENG_PAIR_1_NEG_X,1.5658069090152507,1.508963817034161,0.41806635263028313,-0.41806635263028313,0.560036306171851
S196,validation_consumed,NORMAL_BUMP,D_NORMAL,ENG_PAIR_1_POS_X,1.4272780915043257,1.4221943967861532,0.12035716945117933,0.12035716945117933,0.5830671895856135
S196,validation_consumed,NORMAL_BUMP,D_NORMAL,ENG_PAIR_2_NEG_X,1.4816966305713222,1.4698337469739011,0.18711937714483545,0.18711937714483545,1.1566778697659448
S196,validation_consumed,NORMAL_BUMP,D_NORMAL,ENG_PAIR_2_POS_X,1.289686396566963,1.001135242703573,0.8130308895157279,0.8130308895157279,0.6634032563298206
S196,validation_consumed,NORMAL_BUMP,D_NORMAL,ENG_PAIR_3_NEG_X,1.0353889503644027,0.9434946057422289,0.42643663945774585,-0.42643663945774585,0.583293777584597
S196,validation_consumed,NORMAL_BUMP,D_NORMAL,ENG_PAIR_3_POS_X,0.7768811051635212,0.7743293033177605,0.06291567041306602,0.06291567041306602,0.7548116756269238
S196,validation_consumed,TANGENTIAL_SHIFT,INITIAL,ENG_MID_UP,33.808786894848545,19.244314125662864,27.797310034139905,-27.797310034139905,3.906697782157437
S196,validation_consumed,TANGENTIAL_SHIFT,INITIAL,ENG_MID_DOWN,41.49509686976217,25.069376822339965,33.066136907272224,-33.066136907272224,2.8205308848870763
S196,validation_consumed,TANGENTIAL_SHIFT,INITIAL,ENG_PAIR_1_NEG_X,35.567559382529474,19.61009735501875,29.673142101173692,-29.673142101173692,1.9786034221235613
S196,validation_consumed,TANGENTIAL_SHIFT,INITIAL,ENG_PAIR_1_POS_X,34.6738200668502,4.734851793883147,34.34901711138566,-34.34901711138566,5.513566998047824
S196,validation_consumed,TANGENTIAL_SHIFT,INITIAL,ENG_PAIR_2_NEG_X,34.682136496862235,23.472454645466602,25.53222404929693,-25.53222404929693,5.0833539933752805
S196,validation_consumed,TANGENTIAL_SHIFT,INITIAL,ENG_PAIR_2_POS_X,44.174773803832416,22.375703333241226,38.088561812735016,-38.088561812735016,10.760797809030771
S196,validation_consumed,TANGENTIAL_SHIFT,INITIAL,ENG_PAIR_3_NEG_X,41.931652698880754,31.961022258145398,27.143259831381496,-27.143259831381496,1.887555576581875
S196,validation_consumed,TANGENTIAL_SHIFT,INITIAL,ENG_PAIR_3_POS_X,41.682053536235394,28.39305519396614,30.51602863660319,-30.51602863660319,7.95954352629541
S196,validation_consumed,TANGENTIAL_SHIFT,RIGID,ENG_MID_UP,4.8791244254018595,4.867615274635513,0.3349278977452609,0.3349278977452609,2.292524749027994
S196,validation_consumed,TANGENTIAL_SHIFT,RIGID,ENG_MID_DOWN,6.46667141109254,6.443776582452999,0.5436749897429077,-0.5436749897429077,0.5535473895648966
S196,validation_consumed,TANGENTIAL_SHIFT,RIGID,ENG_PAIR_1_NEG_X,4.180772963544891,4.180772924276901,0.0005730105551316074,-0.0005730105551316074,2.2035855797508095
S196,validation_consumed,TANGENTIAL_SHIFT,RIGID,ENG_PAIR_1_POS_X,12.094538306935993,11.99075475093096,1.5810304743959638,-1.5810304743959638,5.831469202195592
S196,validation_consumed,TANGENTIAL_SHIFT,RIGID,ENG_PAIR_2_NEG_X,8.132146157603355,8.132133193166744,0.014520923478398857,-0.014520923478398857,5.5047310562614085
S196,validation_consumed,TANGENTIAL_SHIFT,RIGID,ENG_PAIR_2_POS_X,19.885516090441037,19.83466878094735,1.4211490186823768,-1.4211490186823768,11.77177454058916
S196,validation_consumed,TANGENTIAL_SHIFT,RIGID,ENG_PAIR_3_NEG_X,3.5714791110646993,3.566118157990725,0.19561268880195753,-0.19561268880195753,2.458378324215475
S196,validation_consumed,TANGENTIAL_SHIFT,RIGID,ENG_PAIR_3_POS_X,12.34005247251381,12.271245880401711,1.301314553487455,-1.301314553487455,8.793088671427093
S196,validation_consumed,TANGENTIAL_SHIFT,D_VECTOR,ENG_MID_UP,4.739692535990623,4.605672431530283,1.11913662667574,1.11913662667574,3.0825232730786527
S196,validation_consumed,TANGENTIAL_SHIFT,D_VECTOR,ENG_MID_DOWN,6.411476639193104,6.411399841154964,0.031381073228894954,-0.031381073228894954,0.5857108166013661
S196,validation_consumed,TANGENTIAL_SHIFT,D_VECTOR,ENG_PAIR_1_NEG_X,4.137222075230077,4.136166147783191,0.0934670942279977,-0.0934670942279977,1.8017459867798926
S196,validation_consumed,TANGENTIAL_SHIFT,D_VECTOR,ENG_PAIR_1_POS_X,11.838681086012967,11.635280453682926,2.1850900714765022,-2.1850900714765022,6.57245931841334
S196,validation_consumed,TANGENTIAL_SHIFT,D_VECTOR,ENG_PAIR_2_NEG_X,7.997393441685501,7.994524011244662,0.2142141329297088,-0.2142141329297088,5.659746887408964
S196,validation_consumed,TANGENTIAL_SHIFT,D_VECTOR,ENG_PAIR_2_POS_X,19.611538708752704,19.40212683338513,2.8583080425563727,-2.8583080425563727,11.789332147112026
S196,validation_consumed,TANGENTIAL_SHIFT,D_VECTOR,ENG_PAIR_3_NEG_X,3.63625869883871,3.6324943434032697,0.16541514448028724,-0.16541514448028724,2.147690035509207
S196,validation_consumed,TANGENTIAL_SHIFT,D_VECTOR,ENG_PAIR_3_POS_X,12.081077888888158,11.939166265906916,1.8462805400081324,-1.8462805400081324,8.928752922557733
S196,validation_consumed,TANGENTIAL_SHIFT,D_NORMAL,ENG_MID_UP,4.831717360302178,4.699597081222801,1.1221764228531865,1.1221764228531865,3.106158811855669
S196,validation_consumed,TANGENTIAL_SHIFT,D_NORMAL,ENG_MID_DOWN,6.4415296248191805,6.441449133758284,0.032201935155815535,-0.032201935155815535,0.5871677621904422
S196,validation_consumed,TANGENTIAL_SHIFT,D_NORMAL,ENG_PAIR_1_NEG_X,4.193348073596814,4.192429717732698,0.08775607221059571,-0.08775607221059571,1.8466550608555823
S196,validation_consumed,TANGENTIAL_SHIFT,D_NORMAL,ENG_PAIR_1_POS_X,12.062745064558658,11.856577700550385,2.220671908082235,-2.220671908082235,6.70108161843622
S196,validation_consumed,TANGENTIAL_SHIFT,D_NORMAL,ENG_PAIR_2_NEG_X,8.124554769024423,8.121365480452925,0.22762453247650175,-0.22762453247650175,5.771878214599251
S196,validation_consumed,TANGENTIAL_SHIFT,D_NORMAL,ENG_PAIR_2_POS_X,19.683520354191014,19.487173995455105,2.7732694071637334,-2.7732694071637334,11.64509883841497
S196,validation_consumed,TANGENTIAL_SHIFT,D_NORMAL,ENG_PAIR_3_NEG_X,3.5715477948804084,3.567734371045374,0.1650003296256596,-0.1650003296256596,2.151465334555612
S196,validation_consumed,TANGENTIAL_SHIFT,D_NORMAL,ENG_PAIR_3_POS_X,12.305311545876263,12.163582700882326,1.8622427660946599,-1.8622427660946599,9.065936311669896
