cell,role,identity,key,raw_median_mm,raw_p95_mm,median_mm,p95_mm,coverage_50mm,delta_median_mm,delta_p95_mm
g1_body_official_camera_seed11,VAL,p001194,p001194_a000062_000005,48.71569362174137,84.25988054093659,12.507637473474817,39.12314271318343,0.98095703125,2.502986980986954,-10.954638431303891
g1_body_official_camera_seed11,VAL,p001194,p001194_a000062_000017,45.636652284013806,84.20145842278839,15.122020525292148,42.01701031694441,0.9794921875,5.286470039749901,-7.572774757067542
g1_body_official_camera_seed11,VAL,p001194,p001194_a000062_000029,57.16605960205295,111.09816204601329,23.55914209468909,56.07316816214501,0.91748046875,14.365635550967262,16.925023818490843
g1_body_official_camera_seed11,VAL,p001194,p001194_a000062_000041,46.76620994896419,119.12363156463805,18.76885997990299,149.10963698674578,0.8525390625,7.91821898817771,95.10364538439066
g1_body_official_camera_seed11,VAL,p001194,p001194_a000062_000053,64.28406529048664,131.9454573621007,18.19213468551093,94.43995123197627,0.85302734375,6.965200505310602,56.17599173874717
g1_body_official_camera_seed11,VAL,p001194,p001194_a000062_000065,49.22133998609865,89.90905605438945,22.04784018419684,58.40090150519424,0.9228515625,13.883613595003924,14.963386667982434
g1_body_official_camera_seed11,VAL,p001194,p001194_a000062_000077,58.647333540234115,98.1819486552397,14.06954298872438,41.49777218428113,0.97412109375,2.1961602857539884,-5.532604724212227
g1_body_official_camera_seed11,VAL,p001194,p001194_a000062_000089,52.528736322237435,88.00704484000156,11.574837351028787,37.78236431323356,0.9833984375,1.4115966032647602,-7.0012290691464045
g1_body_official_camera_seed11,VAL,p001194,p001194_a000986_000010,44.62692505493128,77.84640375807076,9.971730371390953,35.049037809750935,0.98681640625,0.04406562372337497,-15.394419824344325
g1_body_official_camera_seed11,VAL,p001194,p001194_a000986_000036,63.06481981219878,141.47432105176318,31.871079330657025,89.05317312525231,0.6552734375,23.46618851741643,42.884277589438504
g1_body_official_camera_seed11,VAL,p001194,p001194_a000986_000062,124.53080461360307,321.50744372216656,74.47835536733922,339.5479692855267,0.38134765625,63.64959065324862,291.8056947610201
g1_body_official_camera_seed11,VAL,p001194,p001194_a000986_000088,82.62949385847043,126.10151776848826,21.157149480483884,46.7645834894838,0.9677734375,13.305666185739726,20.613213500753126
g1_body_official_camera_seed11,VAL,p001194,p001194_a000986_000114,60.10577125514443,109.22034988351787,19.18296644031805,49.92889686881983,0.9501953125,9.687684848670862,16.26569325383668
g1_body_official_camera_seed11,VAL,p001194,p001194_a000986_000140,91.33348375723457,253.89331797129748,50.8024969861674,360.67583927842963,0.4951171875,40.16091580223916,313.0887005350255
g1_body_official_camera_seed11,VAL,p001194,p001194_a000986_000166,73.7583348671653,158.57097878837936,40.693191747974566,155.5856701335345,0.5810546875,30.962066069833895,117.44597888481303
g1_body_official_camera_seed11,VAL,p001194,p001194_a000986_000192,58.67869559394003,91.92062249826161,14.194453015051593,40.27429561427381,0.9853515625,6.447751329550441,11.537200353395598
g1_body_official_camera_seed11,TRAIN,p001195,p001195_a000053_000006,199.19442283513396,236.68525458320832,199.19442283513396,236.68525458320832,0.0009765625,25.853590852875556,23.23533035008029
g1_body_official_camera_seed11,TRAIN,p001195,p001195_a000053_000021,195.06058042061647,233.58900599071885,195.06058042061647,233.58900599071885,0.00927734375,26.315646716724558,26.958205742611398
g1_body_official_camera_seed11,TRAIN,p001195,p001195_a000053_000037,255.82211940174784,362.324039921703,255.82211940174784,362.324039921703,0.0048828125,37.61608590094849,79.78753967714283
g1_body_official_camera_seed11,TRAIN,p001195,p001195_a000053_000052,217.50115397476884,304.1331593592497,217.50115397476884,304.1331593592497,0.00048828125,2.536457616919108,40.81947925867178
g1_body_official_camera_seed11,TRAIN,p001195,p001195_a000053_000068,233.90800234515308,328.31392490606555,233.90800234515308,328.31392490606555,0.0029296875,19.254196251495188,56.193783251961065
g1_body_official_camera_seed11,TRAIN,p001195,p001195_a000053_000083,208.53246464956675,262.1940282371717,208.53246464956675,262.1940282371717,0.0,24.65148873403774,39.558935600000154
g1_body_official_camera_seed11,TRAIN,p001195,p001195_a000053_000099,147.7995040378612,199.49803243648466,21.251008249109887,58.24968236870308,0.875,7.455520801575982,19.945850746900128
g1_body_official_camera_seed11,TRAIN,p001195,p001195_a000053_000114,202.2812528051353,244.72595879803424,202.2812528051353,244.72595879803424,0.0009765625,26.0349331761019,37.766716405770865
g1_body_official_camera_seed11,TRAIN,p001195,p001195_a000986_000011,204.7342301737382,238.7105769576713,204.7342301737382,238.7105769576713,0.0009765625,22.021519046940057,22.653836491675577
g1_body_official_camera_seed11,TRAIN,p001195,p001195_a000986_000039,167.62823124756224,226.3126210546466,167.62823124756224,226.3126210546466,0.06201171875,157.40637818952442,185.75769743429643
g1_body_official_camera_seed11,TRAIN,p001195,p001195_a000986_000068,167.1194124001188,266.79832199966233,167.1194124001188,266.79832199966233,0.205078125,149.00323046887672,135.44628971742924
g1_body_official_camera_seed11,TRAIN,p001195,p001195_a000986_000096,193.46104786699414,246.18837831584838,193.46104786699414,246.18837831584838,0.01513671875,29.37660235914251,49.92563206104603
g1_body_official_camera_seed11,TRAIN,p001195,p001195_a000986_000125,173.12856648550297,221.14254701614507,173.12856648550297,221.14254701614507,0.03173828125,156.5253845309001,157.78290806312705
g1_body_official_camera_seed11,TRAIN,p001195,p001195_a000986_000153,196.3131090237599,258.2148943847054,196.3131090237599,258.2148943847054,0.04833984375,177.8815660572441,176.42006508477726
g1_body_official_camera_seed11,TRAIN,p001195,p001195_a000986_000182,205.1365591682638,251.76823023241445,205.1365591682638,251.76823023241445,0.021484375,44.09876004750109,48.74664881469252
g1_body_official_camera_seed11,TRAIN,p001195,p001195_a000986_000210,192.17711680537238,225.51446246294262,192.17711680537238,225.51446246294262,0.0048828125,23.304185045853245,20.599689862650337
g1_body_official_camera_seed11,VAL,p001196,p001196_a000388_000011,33.580626207546416,85.52185077710236,20.235899947166892,70.29038149463283,0.8720703125,5.829109716238483,27.798847662940638
g1_body_official_camera_seed11,VAL,p001196,p001196_a000388_000040,18.20898538847814,82.31807861511541,15.731387268425863,75.81973793581288,0.91015625,1.5863854054774347,36.26860799365466
g1_body_official_camera_seed11,VAL,p001196,p001196_a000388_000069,63.6873751096326,114.9543747027213,19.297634482109586,77.45453472293188,0.8564453125,8.822624575412297,37.605196357008445
g1_body_official_camera_seed11,VAL,p001196,p001196_a000388_000098,26.710931622346294,83.84792124980561,27.374994376078785,82.85164502486761,0.802734375,15.508389046759213,42.41725945852571
g1_body_official_camera_seed11,VAL,p001196,p001196_a000388_000127,30.194709150666945,74.59854512774,21.496033526586125,68.58072999626081,0.8994140625,9.122728459552816,19.93720482749334
g1_body_official_camera_seed11,VAL,p001196,p001196_a000388_000156,30.866077702420732,322.4287113868589,21.980352960217132,338.4309164847877,0.71875,7.539852486481777,276.94704588129883
g1_body_official_camera_seed11,VAL,p001196,p001196_a000388_000185,26.344808406864193,83.2603881631707,21.48374308040596,93.90113008584515,0.8251953125,8.474699087026934,40.73049610972221
g1_body_official_camera_seed11,VAL,p001196,p001196_a000388_000214,25.287511902456792,71.8869162319692,21.87567150202006,79.98671726661323,0.85595703125,7.648866835935104,33.13922881345432
g1_body_official_camera_seed11,TRAIN,p001197,p001197_a000062_000005,41.43505441920328,106.18965136665763,27.910935384447733,75.29048197063038,0.810546875,17.716362762090267,20.49217373123598
g1_body_official_camera_seed11,TRAIN,p001197,p001197_a000062_000016,40.306514314235585,107.01736636842732,26.09775348131094,73.20199491496227,0.84423828125,15.901027469457304,25.283498492335063
g1_body_official_camera_seed11,TRAIN,p001197,p001197_a000062_000028,37.680266477962505,110.12447314952956,31.118237767114756,86.06505275027453,0.7158203125,16.89165504117076,34.717876204971574
g1_body_official_camera_seed11,TRAIN,p001197,p001197_a000062_000040,63.94185635380103,146.29526831167502,36.15890089501359,90.57779058742699,0.72412109375,18.766157397743193,18.724791673760663
g1_body_official_camera_seed11,TRAIN,p001197,p001197_a000062_000052,83.43948783915974,172.2017569519928,23.263857281643297,277.15663303072716,0.802734375,9.517801202118061,154.00834717913006
g1_body_official_camera_seed11,TRAIN,p001197,p001197_a000062_000064,77.4208618423235,178.24943930086445,36.140521157941336,109.38644388987026,0.6484375,14.791768588266471,24.562213933463184
g1_body_official_camera_seed11,TRAIN,p001197,p001197_a000062_000076,64.89690899235013,157.5327395320685,40.05122676116239,78.81417705798594,0.62646484375,22.476525759947847,16.9967721043733
g1_body_official_camera_seed11,TRAIN,p001197,p001197_a000062_000087,47.70973656348761,107.41609932065904,24.556543966822588,66.3851350190984,0.86328125,12.228238228665067,7.888693637285186
g1_body_official_camera_seed11,TRAIN,p001197,p001197_a001238_000003,120.33336667537401,249.2890184267455,39.647309758999015,140.55112854289322,0.6064453125,22.726528008355924,44.89305279204423
g1_body_official_camera_seed11,TRAIN,p001197,p001197_a001238_000010,127.84228169437495,246.99966558108312,44.08714380225943,140.71905198246043,0.56494140625,27.78875042373567,35.95288105493857
g1_body_official_camera_seed11,TRAIN,p001197,p001197_a001238_000018,122.93466830370703,236.96817985205055,38.20506863773936,133.17627326895274,0.6318359375,21.659616949997833,42.79032383910511
g1_body_official_camera_seed11,TRAIN,p001197,p001197_a001238_000025,117.10004983947091,231.50602348654874,35.88678794744897,129.68879283771514,0.6640625,19.768579789322047,22.36166104296747
g1_body_official_camera_seed11,TRAIN,p001197,p001197_a001238_000033,124.45832358597431,247.6874160104885,124.45832358597431,247.6874160104885,0.20703125,108.80232388569112,117.6079973637014
g1_body_official_camera_seed11,TRAIN,p001197,p001197_a001238_000040,119.71020269318905,236.8498164290389,119.71020269318905,236.8498164290389,0.2314453125,105.1954680486464,139.53814897451815
g1_body_official_camera_seed11,TRAIN,p001197,p001197_a001238_000048,118.33216757796137,260.5380276993672,40.8926301549761,159.5768021803902,0.5986328125,25.034286528258686,54.88724208736549
g1_body_official_camera_seed11,TRAIN,p001197,p001197_a001238_000055,121.90011643270961,256.78237290395464,38.85002072342186,165.65163522593204,0.60400390625,22.559000638661484,41.70983425723783
g1_body_official_camera_seed11,VAL,p001199,p001199_a001398_000001,67.82187277547456,154.422061040087,41.36499543954167,83.92870636985619,0.56591796875,29.208405822567453,40.76339005840581
g1_body_official_camera_seed11,VAL,p001199,p001199_a001398_000004,70.32094761176577,157.32099053292913,39.56421429109599,85.02682919143649,0.58935546875,27.15646602135503,45.54220970298219
g1_body_official_camera_seed11,VAL,p001199,p001199_a001398_000008,70.60054448146349,153.94918184754408,41.56105643535939,82.8703327350904,0.57763671875,30.18016186596172,38.97308456067023
g1_body_official_camera_seed11,VAL,p001199,p001199_a001398_000011,72.17172661897472,154.01121200912206,43.19795371063033,84.8738218427645,0.5556640625,31.644358830020423,42.896582426702224
g1_body_official_camera_seed11,VAL,p001199,p001199_a001398_000014,68.7101127902753,152.30153496808248,41.12586301632256,84.52279513370131,0.578125,29.911215222885566,42.96934458769471
g1_body_official_camera_seed11,VAL,p001199,p001199_a001398_000017,69.18022165788432,155.5152711994247,42.099384478614994,86.49444640213227,0.56640625,31.286344831126836,44.401264929788596
g1_body_official_camera_seed11,VAL,p001199,p001199_a001398_000021,72.65501512110026,152.07434544403338,40.14931235931543,84.54318509195429,0.58349609375,28.52426160509199,42.825467871955226
g1_body_official_camera_seed11,VAL,p001199,p001199_a001398_000024,70.1507551889537,161.10962645035272,41.63978780732643,91.10269012970818,0.55810546875,30.063115310350536,48.5312180103683
g1_body_official_camera_seed11,VAL,p001201,p001201_a005135_000002,54.964699493997756,133.0654149526624,28.824067717288273,64.94657281032896,0.76611328125,18.411541015011032,29.741687300842074
g1_body_official_camera_seed11,VAL,p001201,p001201_a005135_000007,53.73030051945662,131.6940827566733,27.344604548788297,66.93503680268178,0.74853515625,17.1052663752857,35.716557922720924
g1_body_official_camera_seed11,VAL,p001201,p001201_a005135_000011,56.49033671489967,140.6015838297708,30.130070504957178,75.62647674295232,0.71142578125,19.745537246516264,34.25224820383992
g1_body_official_camera_seed11,VAL,p001201,p001201_a005135_000016,62.05274581598346,137.76048758476603,27.317316255381733,62.68828597272481,0.79931640625,17.16192445785422,29.611842421271774
g1_body_official_camera_seed11,VAL,p001201,p001201_a005135_000021,62.0666770841016,135.77626229151304,27.186347382686208,65.13373151845249,0.77685546875,17.244779452678195,31.50615924942347
g1_body_official_camera_seed11,VAL,p001201,p001201_a005135_000026,63.46240344496118,140.3083211223965,29.729370742852325,64.90661048335006,0.76220703125,18.77147072860695,29.854089180005765
g1_body_official_camera_seed11,VAL,p001201,p001201_a005135_000030,62.57331320259572,132.98903795744772,25.039856079532854,57.74233056438642,0.8720703125,14.612708231229856,20.290954338400695
g1_body_official_camera_seed11,VAL,p001201,p001201_a005135_000035,56.74607465385782,137.15620345216635,28.601667698061245,72.3457460926126,0.71484375,17.521283944959272,39.43119927946678
g1_body_official_camera_seed11,TRAIN,p001202,p001202_a001230_000002,21.753573996484622,117.84664239689485,15.607197118935758,106.74428662297485,0.81591796875,-2.853905024537731,35.69070294234109
g1_body_official_camera_seed11,TRAIN,p001202,p001202_a001230_000009,21.748345583029845,122.66212793872496,14.853277118232118,108.56474358544553,0.830078125,-3.4276777662283386,40.62577566992316
g1_body_official_camera_seed11,TRAIN,p001202,p001202_a001230_000015,18.339219413691538,115.31958017455531,15.699618572060494,109.24172153493767,0.806640625,-2.14277695507824,40.77960428235876
g1_body_official_camera_seed11,TRAIN,p001202,p001202_a001230_000021,20.322413404778143,117.83669403604462,16.189850146384686,110.69839498803532,0.80224609375,-2.8041406660044714,42.38163768319268
g1_body_official_camera_seed11,TRAIN,p001202,p001202_a001230_000028,19.435771285249913,110.10581124975909,15.010642418174143,98.52327270129929,0.83447265625,-4.824811078808345,33.33400513483794
g1_body_official_camera_seed11,TRAIN,p001202,p001202_a001230_000034,20.20062357020816,115.73091341551019,15.508283882055402,109.43664691480083,0.83154296875,-3.88577869612336,43.840384014219566
g1_body_official_camera_seed11,TRAIN,p001202,p001202_a001230_000040,18.644975215911813,114.50882508147517,15.696081131344776,107.81929147993522,0.81982421875,-2.458115435124167,42.822096539263356
g1_body_official_camera_seed11,TRAIN,p001202,p001202_a001230_000047,21.214394505365718,102.79888254831316,15.631783549900298,91.27781333599181,0.84912109375,-4.088401083214929,23.952622811833933
g1_body_official_camera_seed11,TRAIN,p001202,p001202_a005135_000001,20.557125096767294,46.62019449152704,9.849788817754082,51.92790617876387,0.94189453125,0.4972350362682043,13.605652730397338
g1_body_official_camera_seed11,TRAIN,p001202,p001202_a005135_000005,23.920211244653252,51.198989728183946,10.978007856580138,52.027896282836416,0.9423828125,2.0637688019671536,13.515266305471862
g1_body_official_camera_seed11,TRAIN,p001202,p001202_a005135_000008,21.042161159924845,49.3034626438184,11.757066996920322,53.65642303914228,0.9384765625,2.1819569564052035,15.919867123741255
g1_body_official_camera_seed11,TRAIN,p001202,p001202_a005135_000012,22.114283972925413,49.87652564088945,11.969741426949252,49.053344907566654,0.95166015625,1.931380880672016,11.696283657411975
g1_body_official_camera_seed11,TRAIN,p001202,p001202_a005135_000015,24.091234114732977,51.39064003893716,11.323638899994751,53.055429408481075,0.93603515625,1.5405547757402545,13.678756415028104
g1_body_official_camera_seed11,TRAIN,p001202,p001202_a005135_000019,20.75784626524806,51.444487568111725,12.123202433957456,53.92301139607815,0.9384765625,2.84570655072255,17.244537874637928
g1_body_official_camera_seed11,TRAIN,p001202,p001202_a005135_000022,22.536587495426602,50.89860605415432,11.970692548162628,51.56734340935625,0.9443359375,2.8256789101914954,11.438468817258304
g1_body_official_camera_seed11,TRAIN,p001202,p001202_a005135_000026,19.871931367496664,48.669620332765675,11.482473198745108,48.70626539260979,0.955078125,2.276040434317977,10.44811758911753
g1_body_official_camera_seed11,TRAIN,p001203,p001203_a000032_000003,54.96266227630303,153.6358611344917,32.5151509163819,82.29786093765048,0.6748046875,16.405610875073673,36.97612064960575
g1_body_official_camera_seed11,TRAIN,p001203,p001203_a000032_000009,50.289721161440454,156.61565945269862,34.773906913286126,85.86948175125838,0.65283203125,17.435629546932343,41.65137155954313
g1_body_official_camera_seed11,TRAIN,p001203,p001203_a000032_000016,43.934043727432325,153.51434842555227,33.91371879879801,88.68951102935078,0.6513671875,17.12404915064044,43.79258946842553
g1_body_official_camera_seed11,TRAIN,p001203,p001203_a000032_000022,56.15496632890638,155.77860519558038,34.492876924448595,83.79585992942698,0.64990234375,16.46042178163908,37.53693679187151
g1_body_official_camera_seed11,TRAIN,p001203,p001203_a000032_000029,55.910749713535324,148.79042984373052,31.47219017243894,76.91432555395686,0.71435546875,13.73030247209299,33.54739820234305
g1_body_official_camera_seed11,TRAIN,p001203,p001203_a000032_000035,37.817963358520686,142.058890030598,31.479053489055264,84.22459998196368,0.6796875,15.29681698625772,38.766001911865956
g1_body_official_camera_seed11,TRAIN,p001203,p001203_a000032_000042,39.169885883833004,139.47374431563887,30.955872202090433,85.35823708322488,0.66650390625,15.405731862048896,42.21145961215743
g1_body_official_camera_seed11,TRAIN,p001203,p001203_a000032_000048,38.21224619830624,136.38679724824723,34.1387795336761,84.19627713239737,0.65966796875,17.193925977942357,40.514983817459836
g1_body_official_camera_seed11,TRAIN,p001204,p001204_a003011_000001,72.36529931622495,149.4950898464041,25.58883902877433,65.216892382916,0.84375,13.231794833040105,19.678366542885115
g1_body_official_camera_seed11,TRAIN,p001204,p001204_a003011_000003,73.1421486235498,149.12883947935495,26.69686808168258,65.67560116382398,0.841796875,14.520969929364638,20.465245050027754
g1_body_official_camera_seed11,TRAIN,p001204,p001204_a003011_000006,72.19900528187031,147.9583180355208,26.504070946897674,65.93313796839996,0.8388671875,13.332623136417268,19.056247585431194
g1_body_official_camera_seed11,TRAIN,p001204,p001204_a003011_000008,75.53496999974455,146.32953033452628,25.29971511467761,62.66041656789954,0.86279296875,12.38406540220761,16.578654367417684
g1_body_official_camera_seed11,TRAIN,p001204,p001204_a003011_000010,71.66259933093639,147.0654496021553,26.311602950352686,67.17341689137211,0.84814453125,13.302144992805946,18.448599524698224
g1_body_official_camera_seed11,TRAIN,p001204,p001204_a003011_000012,70.90138521554809,145.99590124616014,26.86268587716164,65.62298273235722,0.83984375,14.081880676311851,18.965185347408593
g1_body_official_camera_seed11,TRAIN,p001204,p001204_a003011_000015,69.10346658807003,144.43806518710446,25.50393765244533,64.11607723108999,0.8564453125,13.730967981540132,19.878907736694096
g1_body_official_camera_seed11,TRAIN,p001204,p001204_a003011_000017,70.29938855611763,151.2674019307504,27.318654814803587,66.94559464775394,0.82373046875,15.385356363045691,19.921919916443272
g1_body_official_camera_seed11,TRAIN,p001210,p001210_a001226_000002,48.913687546972085,253.89871010621638,48.36186068046436,254.93177126092743,0.5107421875,-0.5246201461023361,20.90080234482855
g1_body_official_camera_seed11,TRAIN,p001210,p001210_a001226_000006,48.16218482407362,232.33839156520352,47.883682186906114,232.92967017716288,0.515625,-1.3209362858350246,17.671378607875198
g1_body_official_camera_seed11,TRAIN,p001210,p001210_a001226_000010,50.485398081677445,244.08679575866626,50.189081528111394,242.17664115615827,0.49853515625,-0.5435252290798687,7.229501733893301
g1_body_official_camera_seed11,TRAIN,p001210,p001210_a001226_000014,48.321828518819245,242.1353777350929,47.8088382710276,241.44506526935672,0.51416015625,-4.147784906441331,14.631864821140027
g1_body_official_camera_seed11,TRAIN,p001210,p001210_a001226_000018,49.054974370948756,247.72612707095792,48.829732639963865,250.07458423898274,0.51171875,-1.1573037059216205,24.009062117219827
g1_body_official_camera_seed11,TRAIN,p001210,p001210_a001226_000022,47.9350984479661,256.66799648180296,47.411014402373155,256.7880321043672,0.5205078125,-1.2642769742967062,11.778382891333905
g1_body_official_camera_seed11,TRAIN,p001210,p001210_a001226_000026,49.94285332513758,244.86800299155414,47.61310877450147,243.21020075673465,0.5166015625,-1.118001891872069,17.812088797485046
g1_body_official_camera_seed11,TRAIN,p001210,p001210_a001226_000030,49.98343441765685,236.87015073300856,49.45652137223149,240.0703764250479,0.5048828125,0.25012179029573645,29.47034167561648
g1_body_official_camera_seed11,TRAIN,p001216,p001216_a001423_000001,119.13943217799223,221.61200168205048,28.070730714327674,93.29464700382825,0.6787109375,10.722086946126453,28.46453571646225
g1_body_official_camera_seed11,TRAIN,p001216,p001216_a001423_000004,129.9380304310463,238.83890300099054,29.40697311464909,97.51796169726731,0.6591796875,12.814437416395414,30.606425734625077
g1_body_official_camera_seed11,TRAIN,p001216,p001216_a001423_000007,126.58512963275831,234.28343089594927,28.344124039733536,98.02704599152281,0.67822265625,13.332349103711735,29.54871369350674
g1_body_official_camera_seed11,TRAIN,p001216,p001216_a001423_000010,114.66841789251167,217.67656873485882,27.7884697276046,92.32166887706576,0.68359375,9.949264542929264,26.519426139699377
g1_body_official_camera_seed11,TRAIN,p001216,p001216_a001423_000013,121.0824148697242,228.9154139544805,28.3047852545823,93.25802200546111,0.66552734375,10.771711892105252,23.937108291304057
g1_body_official_camera_seed11,TRAIN,p001216,p001216_a001423_000016,119.9998185679305,228.49208012997963,28.869060546128985,93.79457610881335,0.677734375,11.020417599773097,26.119007600477957
g1_body_official_camera_seed11,TRAIN,p001216,p001216_a001423_000019,119.55295195623921,227.0063448031904,30.991158922180574,96.85270672377807,0.65966796875,13.048061264528286,29.31724916819516
g1_body_official_camera_seed11,TRAIN,p001216,p001216_a001423_000022,118.41145395584184,224.34814562808162,30.431256431834495,92.41398180407933,0.67236328125,11.725776044928196,27.683596932509516
g1_body_official_camera_seed11,TRAIN,p001225,p001225_a005341_000001,139.90979114818475,231.75851605221004,139.90979114818475,231.75851605221004,0.12158203125,123.89042391398563,179.26886485686697
g1_body_official_camera_seed11,TRAIN,p001225,p001225_a005341_000005,132.51283735769937,222.94196667124726,30.453980811083216,86.01497581690334,0.7255859375,14.132396140790068,33.133889701211025
g1_body_official_camera_seed11,TRAIN,p001225,p001225_a005341_000009,128.18926343490799,228.2400310212935,128.18926343490799,228.2400310212935,0.1484375,111.76514596460245,171.15707315313566
g1_body_official_camera_seed11,TRAIN,p001225,p001225_a005341_000013,130.59222201982038,227.312614960928,130.59222201982038,227.312614960928,0.1357421875,113.31847920797074,173.42886157574492
g1_body_official_camera_seed11,TRAIN,p001225,p001225_a005341_000016,143.7997869156123,223.30106747210587,143.7997869156123,223.30106747210587,0.1142578125,127.4057484684077,172.34017575149772
g1_body_official_camera_seed11,TRAIN,p001225,p001225_a005341_000020,136.57231600477613,227.66556122885046,32.672637858190285,87.96237480919336,0.69091796875,15.405057547598837,32.08763779814374
g1_body_official_camera_seed11,TRAIN,p001225,p001225_a005341_000024,126.73673009128129,222.4122803749373,30.385622943643575,90.72604395194377,0.70361328125,13.457655736562202,33.29747269265864
g1_body_official_camera_seed11,TRAIN,p001225,p001225_a005341_000028,126.9543536726778,213.31826793788125,29.934262762470524,83.86772421455079,0.74169921875,12.473873197014964,26.21459547093488
g1_body_official_camera_seed11,TRAIN,p001226,p001226_a000223_000006,20.08333726199544,65.57561571501003,18.635738672421503,72.4431006498776,0.8818359375,6.211389197636626,33.71199307943809
g1_body_official_camera_seed11,TRAIN,p001226,p001226_a000223_000021,18.039365824602783,63.142681716492945,16.526041538138983,71.07920962653012,0.89306640625,4.5478215277180745,31.688713204710723
g1_body_official_camera_seed11,TRAIN,p001226,p001226_a000223_000036,26.119687859825973,85.14866316562231,23.604870956151387,77.38292959259572,0.77099609375,12.509906421687834,36.5330134644898
g1_body_official_camera_seed11,TRAIN,p001226,p001226_a000223_000051,23.468073684737927,64.16886990802533,24.42532749715116,66.8211923821945,0.86572265625,12.759312982441902,31.096965385214972
g1_body_official_camera_seed11,TRAIN,p001226,p001226_a000223_000066,30.12369162951365,78.63829214493609,28.43768097125541,84.48579251324202,0.80517578125,15.296576821264662,47.72209637196239
g1_body_official_camera_seed11,TRAIN,p001226,p001226_a000223_000081,32.42055338939555,80.17349847897927,19.600995651497932,63.36397463324045,0.89892578125,8.814519154694276,25.5168941360497
g1_body_official_camera_seed11,TRAIN,p001226,p001226_a000223_000096,21.80597471577937,65.92981900181384,20.884574663284447,71.79912135404204,0.8671875,8.349155219958085,32.86256736113579
g1_body_official_camera_seed11,TRAIN,p001226,p001226_a000223_000111,18.102849970796196,65.83827114448937,20.060923362500137,71.72878605993847,0.88525390625,7.367698837780722,33.88455864670476
g1_body_official_camera_seed11,TRAIN,p001231,p001231_a000029_000001,35.09613651463451,98.52188915643374,26.280286748323725,111.8269916944973,0.748046875,6.63443829031192,6.98346706628017
g1_body_official_camera_seed11,TRAIN,p001231,p001231_a000029_000003,34.72174958630821,102.44384030976612,27.32589933991385,117.57977302381472,0.73876953125,7.988949584236469,16.754365432580656
g1_body_official_camera_seed11,TRAIN,p001231,p001231_a000029_000005,32.85659084819634,100.60161082492839,27.353997776339767,115.95063983276263,0.7509765625,7.843657740877379,9.385489163563108
g1_body_official_camera_seed11,TRAIN,p001231,p001231_a000029_000007,33.580876463126884,108.51907130749551,29.4711510573183,118.93537158410886,0.734375,10.412801010119185,23.22718226702868
g1_body_official_camera_seed11,TRAIN,p001231,p001231_a000029_000008,33.875285537842416,91.75529746543278,26.266761500676942,102.11890354433685,0.76416015625,6.368470777152453,-6.387067925440476
g1_body_official_camera_seed11,TRAIN,p001231,p001231_a000029_000010,33.20852287112535,99.73264051169514,27.266566252076387,110.46776690344257,0.75732421875,8.059141035162625,7.668391317455914
g1_body_official_camera_seed11,TRAIN,p001231,p001231_a000029_000012,34.29958044591504,100.18198583793412,27.565336204305765,113.94340195138092,0.7509765625,8.395099348840603,3.8955309817857398
g1_body_official_camera_seed11,TRAIN,p001231,p001231_a000029_000014,33.02972049527986,98.7570994650186,25.86995184825298,111.36158619605801,0.76708984375,6.398547542331915,16.445994609392883
g1_body_official_camera_seed11,TRAIN,p001231,p001231_a000075_000003,19.368723384313892,70.96439504566516,16.089021298813208,82.50250061914693,0.8876953125,3.7165088995215605,31.60712011703157
g1_body_official_camera_seed11,TRAIN,p001231,p001231_a000075_000012,20.105383106739918,72.74009411683342,16.191896812216708,81.54570101585901,0.88623046875,3.954481477087919,31.760596228849487
g1_body_official_camera_seed11,TRAIN,p001231,p001231_a000075_000020,18.376994790387798,69.77579362035544,15.94001322100253,69.77158731441733,0.9013671875,4.340371674229457,24.493547008215558
g1_body_official_camera_seed11,TRAIN,p001231,p001231_a000075_000029,29.37049160066165,88.92634084438559,22.209883345434854,90.63425772550386,0.794921875,6.79019232022744,29.46349685913293
g1_body_official_camera_seed11,TRAIN,p001231,p001231_a000075_000037,25.229544263378234,90.35443582155345,18.826621075357707,94.16303475425453,0.78662109375,3.1309385499063147,33.17413079905752
g1_body_official_camera_seed11,TRAIN,p001231,p001231_a000075_000046,15.066272236454722,74.79431321088325,14.895604339164535,73.17317526488284,0.88818359375,2.3125511543538764,25.67196509366304
g1_body_official_camera_seed11,TRAIN,p001231,p001231_a000075_000054,22.314387694898247,78.12638006907447,19.220376751571596,86.64262763458228,0.85205078125,8.707930967008888,36.714150190988384
g1_body_official_camera_seed11,TRAIN,p001231,p001231_a000075_000063,22.46454243361739,88.17029419841926,19.99495695858629,94.81762858765218,0.8310546875,9.589885998700009,40.120510878330975
g1_body_official_camera_seed11,TRAIN,p001231,p001231_a000214_000004,37.757574959782374,131.5889177640636,24.205725970015152,103.5643712404195,0.81591796875,-9.139793361437938,17.056206916132027
g1_body_official_camera_seed11,TRAIN,p001231,p001231_a000214_000016,36.64557143374351,124.70455536898015,25.83004138648841,99.79966266235535,0.80517578125,-3.306903199972769,22.76106254784193
g1_body_official_camera_seed11,TRAIN,p001231,p001231_a000214_000027,31.64480740217168,125.89372068791522,29.610771337874347,114.70702185973381,0.7041015625,-11.150356588626643,0.32627995219021955
g1_body_official_camera_seed11,TRAIN,p001231,p001231_a000214_000038,37.20020841251966,92.42497421378495,26.534964661363546,102.44815423949316,0.78125,9.037036057442098,21.894091989373848
g1_body_official_camera_seed11,TRAIN,p001231,p001231_a000214_000049,41.17429483445596,102.97242293412289,29.96067862895838,83.41405992795383,0.72705078125,14.436591581596065,17.96761459963342
g1_body_official_camera_seed11,TRAIN,p001231,p001231_a000214_000060,29.68323338942539,85.3998900083882,25.835532558359418,93.77153106565771,0.77490234375,6.54803536839578,27.06073678918834
g1_body_official_camera_seed11,TRAIN,p001231,p001231_a000214_000071,40.32047443582043,121.13488997162735,27.858259811909445,95.16417621453004,0.75537109375,-5.788516346478442,11.802442489105374
g1_body_official_camera_seed11,TRAIN,p001231,p001231_a000214_000083,39.46795690719645,121.79305397515436,32.14733096960065,101.7053457926814,0.69775390625,-9.52454783576217,2.178108033807348
g1_body_official_camera_seed11,TRAIN,p100067,p100067_a005746_000002,77.62942779370796,124.90321201699776,14.767845533921228,107.28030006808616,0.9287109375,2.487371951238778,24.984813309876856
g1_body_official_camera_seed11,TRAIN,p100067,p100067_a005746_000008,81.96125025300441,135.70188396799696,16.554271737578695,122.83738664964524,0.921875,4.805213328954064,29.279507502172976
g1_body_official_camera_seed11,TRAIN,p100067,p100067_a005746_000014,79.99245267215426,135.15545570548366,16.270649926058283,118.91833168937768,0.92822265625,4.429230507043078,29.740320328404266
g1_body_official_camera_seed11,TRAIN,p100067,p100067_a005746_000020,91.96544370261458,149.3785968085076,18.88572673639323,144.98278957132575,0.91455078125,7.129594857343644,59.95789950235296
g1_body_official_camera_seed11,TRAIN,p100067,p100067_a005746_000026,80.14367210078433,136.26579081904853,15.647956681050083,124.15635391020298,0.92333984375,3.755881982906761,37.5924010074919
g1_body_official_camera_seed11,TRAIN,p100067,p100067_a005746_000032,85.35021361121676,140.32515540999486,17.480288080407746,146.6580980885113,0.9150390625,5.355853586218576,50.24718682210789
g1_body_official_camera_seed11,TRAIN,p100067,p100067_a005746_000038,83.99505847122848,137.9823880965615,16.93453999967148,142.12085066259303,0.923828125,4.599301664473536,49.287145521799516
g1_body_official_camera_seed11,TRAIN,p100067,p100067_a005746_000044,82.08874140766451,137.3764259706282,16.762108730654226,134.3940607364083,0.91943359375,4.152856605094405,53.34897339414145
g1_body_official_camera_seed11,TRAIN,p100069,p100069_a005191_000006,83.77648034207942,182.73064998080656,27.643202895053427,109.79101342259233,0.7958984375,18.79739520117648,72.03641988465833
g1_body_official_camera_seed11,TRAIN,p100069,p100069_a005191_000021,76.84626062349884,172.67164747457394,23.77949528831629,115.37936626144746,0.78857421875,15.249182426942573,75.91587752028727
g1_body_official_camera_seed11,TRAIN,p100069,p100069_a005191_000037,80.8270150508032,140.78536777196706,17.816202921747518,84.049913274731,0.85888671875,8.35858849840897,46.46167712195902
g1_body_official_camera_seed11,TRAIN,p100069,p100069_a005191_000052,73.93763611008852,136.4155077102603,17.671118340712404,55.704354924099455,0.92138671875,6.031387043240873,14.67925945494816
g1_body_official_camera_seed11,TRAIN,p100069,p100069_a005191_000068,57.05810198964904,122.02726407886625,17.13859649806531,52.54089577371227,0.94140625,6.89525738609694,9.147735613943887
g1_body_official_camera_seed11,TRAIN,p100069,p100069_a005191_000083,88.8092073159412,148.08210326691756,18.509677079103447,92.05221297535252,0.86279296875,9.173330154435096,49.688113721107115
g1_body_official_camera_seed11,TRAIN,p100069,p100069_a005191_000099,83.09142919512396,154.56854207744342,18.609825377950756,72.89144253075214,0.88916015625,8.754049138576013,29.935475235254785
g1_body_official_camera_seed11,TRAIN,p100069,p100069_a005191_000114,44.31925011657525,109.03228263885934,18.741570251219574,93.1240329910208,0.86083984375,5.297171610377438,40.96662247445386
g1_body_official_camera_seed11,TRAIN,p100069,p100069_a005746_000002,35.896926630124554,81.62595471393443,12.249481504670575,66.05543655298445,0.9443359375,-0.46414648223875865,-22.373109321421566
g1_body_official_camera_seed11,TRAIN,p100069,p100069_a005746_000008,35.53353087181931,83.5969925278559,12.13493695301748,68.48612479651162,0.9462890625,0.3184919835823532,-10.667036494226267
g1_body_official_camera_seed11,TRAIN,p100069,p100069_a005746_000014,33.79323713007383,77.70590770134706,12.45257724578781,47.999116627928466,0.9501953125,-0.14943692747131543,-42.504605409367706
g1_body_official_camera_seed11,TRAIN,p100069,p100069_a005746_000020,33.340800301297385,78.48168252980582,11.995762965154007,56.98653069392788,0.94775390625,-0.06034852193004525,-27.84107278252703
g1_body_official_camera_seed11,TRAIN,p100069,p100069_a005746_000027,34.73418849589656,80.0683570313292,12.733822134201763,46.065728664837714,0.95361328125,0.35498265144938834,-41.08110900216166
g1_body_official_camera_seed11,TRAIN,p100069,p100069_a005746_000033,34.75239290862567,81.3170003953793,13.707992825345432,48.6320089640693,0.95166015625,1.6897198053221345,-38.06981015378213
g1_body_official_camera_seed11,TRAIN,p100069,p100069_a005746_000039,37.0362317416849,85.11645049360938,13.732134939737092,48.62366570202604,0.95068359375,1.9364387850030749,-37.14937119670005
g1_body_official_camera_seed11,TRAIN,p100069,p100069_a005746_000045,36.71490012172082,87.80805945493427,14.268097337873332,82.87626113365324,0.9443359375,1.952558565968964,-9.48246501556406
g1_body_official_camera_seed11,TRAIN,p100072,p100072_a001242_000006,40.999370310287475,147.54086522972665,23.701896243258666,194.07553091872325,0.783203125,11.105841483366792,148.94892314328453
g1_body_official_camera_seed11,TRAIN,p100072,p100072_a001242_000020,33.97225336254145,131.36446498490415,22.76416621726277,163.25853901836481,0.78173828125,10.568237634188478,118.13817952228675
g1_body_official_camera_seed11,TRAIN,p100072,p100072_a001242_000034,29.10898877917707,147.32977282020607,25.325683452710926,172.09699891849263,0.744140625,10.054798443021623,124.47305607322387
g1_body_official_camera_seed11,TRAIN,p100072,p100072_a001242_000048,47.26258028954395,633.6816893303314,39.93483816015863,658.6428354245088,0.61865234375,16.994835813427716,520.1614430938453
g1_body_official_camera_seed11,TRAIN,p100072,p100072_a001242_000063,42.00055142292835,603.8129386878315,37.41757429650059,623.5548640167204,0.66552734375,15.110367599557172,520.3237161740565
g1_body_official_camera_seed11,TRAIN,p100072,p100072_a001242_000077,27.25157026877589,148.76276329013584,22.378558504403472,192.1209967298353,0.763671875,5.914511840786531,144.58908786236975
g1_body_official_camera_seed11,TRAIN,p100072,p100072_a001242_000091,52.310853855884275,138.09021187862868,22.738351284565233,140.6785657012354,0.79638671875,10.281349140955495,91.8906255769822
g1_body_official_camera_seed11,TRAIN,p100072,p100072_a001242_000105,33.15657641228704,144.9290489254971,22.560377739217405,199.52055796345627,0.78515625,11.007271467645324,153.83204120058093
g1_body_official_camera_seed11,TRAIN,p100085,p100085_a000042_000001,43.54356010415712,84.84403053597627,15.017697565537421,54.878005485875335,0.93212890625,2.098808814610374,3.7922349362117274
g1_body_official_camera_seed11,TRAIN,p100085,p100085_a000042_000002,40.4396724391558,90.82245716507,16.860588692988173,57.78561433580579,0.93115234375,3.7719727808359913,4.690693094369983
g1_body_official_camera_seed11,TRAIN,p100085,p100085_a000042_000004,46.95358675801201,83.74602651392833,14.919890020010419,65.47328308456744,0.9140625,1.5933088332643894,11.836015060418617
g1_body_official_camera_seed11,TRAIN,p100085,p100085_a000042_000006,40.23139506299415,88.00234877733514,17.297262489939456,59.39561849874228,0.9306640625,4.520521058193948,7.3048470493382425
g1_body_official_camera_seed11,TRAIN,p100085,p100085_a000042_000008,45.65065745509665,83.49700199902259,15.007769508316173,57.94986195322553,0.93017578125,2.736981308054295,6.132640250350704
g1_body_official_camera_seed11,TRAIN,p100085,p100085_a000042_000010,44.32035172346998,84.07636150781293,15.157893249838047,60.7591344198969,0.91796875,2.9392980100840393,8.136398165270435
g1_body_official_camera_seed11,TRAIN,p100085,p100085_a000042_000012,46.349724753536904,83.4821835315794,13.973376696116137,58.88986974462951,0.92822265625,2.1948908660777597,6.646606048183294
g1_body_official_camera_seed11,TRAIN,p100085,p100085_a000042_000013,42.6725626211105,91.69100690424736,17.26781372767207,63.79354374768241,0.9130859375,4.473269645257158,11.210910575313427
g1_body_official_camera_seed11,TRAIN,p100086,p100086_a001415_000003,51.78572046371469,128.5617618754195,20.893393902340392,63.55682394214322,0.90185546875,9.570967168855372,23.54118608284753
g1_body_official_camera_seed11,TRAIN,p100086,p100086_a001415_000010,54.49842267048508,134.88235004481464,21.45778833526021,63.42805935184803,0.8876953125,9.316123892829076,22.496768724861468
g1_body_official_camera_seed11,TRAIN,p100086,p100086_a001415_000017,53.16752460131542,137.19393731437575,19.377073438770033,62.46478198435792,0.89111328125,7.844457882560697,21.73604046214991
g1_body_official_camera_seed11,TRAIN,p100086,p100086_a001415_000024,55.84637655403394,139.8134287322584,20.58661759294504,63.88344144611743,0.89111328125,9.144514054731687,23.595435651089666
g1_body_official_camera_seed11,TRAIN,p100086,p100086_a001415_000032,56.09929874028901,137.13154318513207,21.186578459323528,66.52911190053653,0.8662109375,9.66682849863605,27.303942616577082
g1_body_official_camera_seed11,TRAIN,p100086,p100086_a001415_000039,54.86152971312319,143.22968069527855,21.117391443278727,66.94292488909856,0.8720703125,9.659798384923736,25.378652362036647
g1_body_official_camera_seed11,TRAIN,p100086,p100086_a001415_000046,56.84083546847216,137.83006353639948,21.51207164738034,61.81379156417059,0.896484375,10.099073197438688,18.844392837745147
g1_body_official_camera_seed11,TRAIN,p100086,p100086_a001415_000053,53.69993194660941,134.9546319071882,23.08417526225109,66.37984179295303,0.87158203125,11.736756502897572,24.773746508903322
g1_body_official_camera_seed11,TRAIN,p100089,p100089_a005814_000004,60.280241332568565,353.45573083342987,55.665538859371864,352.9534778847483,0.4609375,22.839305157505876,257.1831419562646
g1_body_official_camera_seed11,TRAIN,p100089,p100089_a005814_000014,60.252393620864886,339.19135474657,55.672896641967625,341.92564356757714,0.4541015625,19.655523240673276,235.09784973102248
g1_body_official_camera_seed11,TRAIN,p100089,p100089_a005814_000024,56.19036168445469,344.52700265626044,54.89215909569897,346.27251774121396,0.47998046875,25.571921276591663,253.49513877604448
g1_body_official_camera_seed11,TRAIN,p100089,p100089_a005814_000034,57.59711651268742,370.81123040143297,55.132746090185734,369.6462632328737,0.46484375,23.54360246885514,274.55466250575284
g1_body_official_camera_seed11,TRAIN,p100089,p100089_a005814_000043,59.9219129857062,357.7401317850262,53.70644355166077,360.2957702509355,0.46923828125,23.8494991515696,265.7212283266269
g1_body_official_camera_seed11,TRAIN,p100089,p100089_a005814_000053,51.025850429980785,374.27951403303166,50.20336290176707,375.22582354764387,0.498046875,20.249990772874483,284.64557646180106
g1_body_official_camera_seed11,TRAIN,p100089,p100089_a005814_000063,55.66986247326621,359.67164934476807,52.70030835047368,356.9162610147488,0.4736328125,22.875286544123973,268.85661219642077
g1_body_official_camera_seed11,TRAIN,p100089,p100089_a005814_000073,55.37728785948758,378.22075283826933,53.022179091710456,376.43042587165104,0.4736328125,23.51631820169623,285.593899396991
g1_body_official_camera_seed11,TRAIN,p100090,p100090_a005401_000001,54.442683983264885,192.78956252257757,35.08223047842743,186.6485339089577,0.63720703125,15.945066069577472,112.37578988544585
g1_body_official_camera_seed11,TRAIN,p100090,p100090_a005401_000003,51.90652094847966,195.15307520375802,30.82300099278141,186.5148397556758,0.66064453125,11.886787764680072,102.31409370487742
g1_body_official_camera_seed11,TRAIN,p100090,p100090_a005401_000005,49.86148756288446,201.64499200926753,32.58082870466615,178.52418737389803,0.64990234375,12.59499659159195,100.75387728919225
g1_body_official_camera_seed11,TRAIN,p100090,p100090_a005401_000007,57.54440882973509,209.30435024692818,34.231383080709904,192.03074705592869,0.6376953125,14.49884497624491,109.91683799794431
g1_body_official_camera_seed11,TRAIN,p100090,p100090_a005401_000009,55.285107759792865,204.40365695146008,32.14658187621338,188.89919709247016,0.64599609375,12.573560390536933,111.31650118618181
g1_body_official_camera_seed11,TRAIN,p100090,p100090_a005401_000011,58.136739068549176,202.35530633427342,36.97972187594711,186.40808787002885,0.626953125,17.870936753037157,118.62125051321155
g1_body_official_camera_seed11,TRAIN,p100090,p100090_a005401_000013,56.65521623116659,203.4579467252889,31.272872894060267,188.3215284586819,0.6552734375,11.720430739366183,107.3102330539253
g1_body_official_camera_seed11,TRAIN,p100090,p100090_a005401_000015,56.223936030062106,196.85337401622158,33.81497907681337,176.25290376574816,0.64794921875,14.646881887258438,103.36169657699571
g1_body_official_camera_seed11,TRAIN,p100092,p100092_a001307_000004,29.0957270397938,105.48745773163613,25.41639674886912,103.76908046643209,0.76318359375,0.38886817452455347,2.0017624983877766
g1_body_official_camera_seed11,TRAIN,p100092,p100092_a001307_000014,29.9238232019502,108.88693928150704,25.283876484374197,114.29939615013203,0.76904296875,1.5529594201567605,31.740017568059145
g1_body_official_camera_seed11,TRAIN,p100092,p100092_a001307_000024,25.220026036823402,96.4574420663012,23.326917942365327,91.82365453798816,0.82275390625,5.4559096598029235,31.553490395796537
g1_body_official_camera_seed11,TRAIN,p100092,p100092_a001307_000034,32.34797657003341,112.783645152702,26.464695520226115,102.21513026850835,0.787109375,5.417662411786704,34.41134847240282
g1_body_official_camera_seed11,TRAIN,p100092,p100092_a001307_000044,25.86727461237068,92.10112666167359,23.821554834827133,87.28346197746274,0.814453125,3.9941229478444527,25.934751850484098
g1_body_official_camera_seed11,TRAIN,p100092,p100092_a001307_000054,31.540093319423175,125.69426275012161,28.4923579127867,128.47906170337507,0.740234375,3.939906286435491,35.32902612330456
g1_body_official_camera_seed11,TRAIN,p100092,p100092_a001307_000064,34.02314979937253,147.3059300731439,31.61133200153031,146.59306524063402,0.68798828125,1.8242939016016528,33.18401942866646
g1_body_official_camera_seed11,TRAIN,p100092,p100092_a001307_000074,28.134652870435087,113.02292503219005,28.180290705617747,119.27122378565517,0.75390625,1.772350024645366,9.133683021922636
g1_body_official_camera_seed23,VAL,p001194,p001194_a000062_000005,30.41107123883574,64.8114019818803,8.27729411645415,35.51421600715113,0.98828125,-1.727356376033713,-14.563565137336191
g1_body_official_camera_seed23,VAL,p001194,p001194_a000062_000017,32.34015207216391,63.43683674421191,8.07419985132082,30.992497567342912,0.98681640625,-1.7613506342214276,-18.597287506669037
g1_body_official_camera_seed23,VAL,p001194,p001194_a000062_000029,55.71957074998853,102.68666232663092,19.9885610036964,45.487013535012565,0.9619140625,10.795054459974573,6.338869191358398
g1_body_official_camera_seed23,VAL,p001194,p001194_a000062_000041,29.71724182867642,70.42918217535636,12.595202248119449,53.26666602493165,0.9423828125,1.7445612563941673,-0.7393255774234646
g1_body_official_camera_seed23,VAL,p001194,p001194_a000062_000053,47.09107698972358,90.74543435549451,13.257832919026487,42.8284692186973,0.97509765625,2.03089873882616,4.564509725468206
g1_body_official_camera_seed23,VAL,p001194,p001194_a000062_000065,34.98590623332712,65.49036966168069,10.284549427757273,41.372860294016625,0.97216796875,2.1203228385643573,-2.064654543195182
g1_body_official_camera_seed23,VAL,p001194,p001194_a000062_000077,45.490172939945836,78.38400111892605,9.18896197528852,32.84056703787953,0.9951171875,-2.6844207276818732,-14.189809870613828
g1_body_official_camera_seed23,VAL,p001194,p001194_a000062_000089,35.94745252752834,70.2365240194503,8.688008796355128,35.56739807848965,0.9853515625,-1.4752319514088992,-9.21619530389031
g1_body_official_camera_seed23,VAL,p001194,p001194_a000986_000010,31.1145167432516,77.9361879278992,8.972298028263864,44.368035213338615,0.9638671875,-0.9553667194037132,-6.075422420756645
g1_body_official_camera_seed23,VAL,p001194,p001194_a000986_000036,40.96033428593141,88.37137843629824,13.99108135411223,55.353156843333494,0.93310546875,5.586190540871636,9.184261307519684
g1_body_official_camera_seed23,VAL,p001194,p001194_a000986_000062,42.28874525145963,92.02603677305792,10.729153107839608,88.29218178359798,0.908203125,-0.09961160625098486,40.54990725909139
g1_body_official_camera_seed23,VAL,p001194,p001194_a000986_000088,58.66555767783376,87.26612992130863,8.514553014582212,26.860278403661816,0.99609375,0.6630697198380542,0.7089084149311446
g1_body_official_camera_seed23,VAL,p001194,p001194_a000986_000114,50.887879446826545,85.49254462570039,9.872742538074974,38.56584511434589,0.966796875,0.37746094642778516,4.902641499362744
g1_body_official_camera_seed23,VAL,p001194,p001194_a000986_000140,37.13371749504981,87.5804800879139,9.798322727009108,58.98751586526094,0.9404296875,-0.8432584569191306,11.400377121856813
g1_body_official_camera_seed23,VAL,p001194,p001194_a000986_000166,51.29721476084236,86.03989498013276,10.030488480961328,41.268718462717224,0.9658203125,0.2993628028206565,3.129027213995741
g1_body_official_camera_seed23,VAL,p001194,p001194_a000986_000192,47.03456459847743,72.816805741394,6.459748197208327,29.70024749669658,0.99951171875,-1.2869534882928244,0.9631522358183666
g1_body_official_camera_seed23,TRAIN,p001195,p001195_a000053_000006,174.98987316812267,212.20516321157388,174.98987316812267,212.20516321157388,0.0029296875,1.649041185864263,-1.2447610215541545
g1_body_official_camera_seed23,TRAIN,p001195,p001195_a000053_000021,170.03588741105898,207.2515688894994,170.03588741105898,207.2515688894994,0.005859375,1.2909537071670627,0.6207686413919475
g1_body_official_camera_seed23,TRAIN,p001195,p001195_a000053_000037,237.9551911924186,337.94074184318083,237.9551911924186,337.94074184318083,0.001953125,19.749157691619246,55.40424159862067
g1_body_official_camera_seed23,TRAIN,p001195,p001195_a000053_000052,229.27537576651866,291.6646055851347,229.27537576651866,291.6646055851347,0.0,14.310679408668932,28.350925484556797
g1_body_official_camera_seed23,TRAIN,p001195,p001195_a000053_000068,228.65909382785924,292.57202705597877,228.65909382785924,292.57202705597877,0.0,14.005287734201346,20.45188540187428
g1_body_official_camera_seed23,TRAIN,p001195,p001195_a000053_000083,194.53701808217005,237.00215366839208,194.53701808217005,237.00215366839208,0.0,10.656042166641043,14.367061031220516
g1_body_official_camera_seed23,TRAIN,p001195,p001195_a000053_000099,135.6907538954105,177.455361707861,17.39238634489736,44.81289380189753,0.97607421875,3.596898897363456,6.509062180094581
g1_body_official_camera_seed23,TRAIN,p001195,p001195_a000053_000114,180.2839027663946,212.02356435067372,180.2839027663946,212.02356435067372,0.00244140625,4.037583137361196,5.064321958410346
g1_body_official_camera_seed23,TRAIN,p001195,p001195_a000986_000011,188.81463640289013,219.63698214566634,188.81463640289013,219.63698214566634,0.00048828125,6.1019252760919755,3.580241679670621
g1_body_official_camera_seed23,TRAIN,p001195,p001195_a000986_000039,125.13913299444684,166.84144657972453,10.23009603620477,39.672339019268186,0.97509765625,0.008242978166956405,-0.8825846010819802
g1_body_official_camera_seed23,TRAIN,p001195,p001195_a000986_000068,107.77579282066219,163.48382414448568,19.38647459038627,110.04954434025944,0.8857421875,1.2702926591441894,-21.302487941973652
g1_body_official_camera_seed23,TRAIN,p001195,p001195_a000986_000096,152.95867765653873,191.69484393065278,152.95867765653873,191.69484393065278,0.01904296875,-11.1257678513129,-4.567902324149571
g1_body_official_camera_seed23,TRAIN,p001195,p001195_a000986_000125,137.03123587295573,176.1484352723839,13.268107862776933,52.26604010309288,0.93115234375,-3.3350740918259127,-11.093598849925144
g1_body_official_camera_seed23,TRAIN,p001195,p001195_a000986_000153,124.95165507937097,182.76523549440444,16.438555329942755,100.13712765478311,0.86181640625,-1.9929876365730443,18.342298354854975
g1_body_official_camera_seed23,TRAIN,p001195,p001195_a000986_000182,163.09961009635023,201.13253130335474,163.09961009635023,201.13253130335474,0.015625,2.0618109755875196,-1.889050114367194
g1_body_official_camera_seed23,TRAIN,p001195,p001195_a000986_000210,172.0773290243908,204.92361443942198,172.0773290243908,204.92361443942198,0.005859375,3.204397264871659,0.008841839129701157
g1_body_official_camera_seed23,VAL,p001196,p001196_a000388_000011,16.25119120773133,63.18420125249881,13.920005492786721,56.7011782668016,0.935546875,-0.4867847381416883,14.20964443510941
g1_body_official_camera_seed23,VAL,p001196,p001196_a000388_000040,13.991090840391625,59.363144317864965,13.582461193863413,59.12557063723291,0.92822265625,-0.5625406690850152,19.574440695074692
g1_body_official_camera_seed23,VAL,p001196,p001196_a000388_000069,48.675038608740195,99.07859788506437,18.33726378291074,58.98440501266831,0.9033203125,7.862253876213449,19.135066646744875
g1_body_official_camera_seed23,VAL,p001196,p001196_a000388_000098,18.47978651491836,61.75887607637862,18.150714420986255,62.958177631999156,0.91455078125,6.284109091666682,22.52379206565726
g1_body_official_camera_seed23,VAL,p001196,p001196_a000388_000127,13.694650418062349,61.37886827421573,13.215192436805712,64.3963492981765,0.912109375,0.8418873697724027,15.752824129409028
g1_body_official_camera_seed23,VAL,p001196,p001196_a000388_000156,15.170320189087342,78.36741741787544,13.88309876002348,73.63857395829271,0.89013671875,-0.5574017137118759,12.154703354803857
g1_body_official_camera_seed23,VAL,p001196,p001196_a000388_000185,13.689635407522477,65.09474865212528,14.462403070885308,65.29330429989682,0.9052734375,1.4533590775062812,12.122670323773875
g1_body_official_camera_seed23,VAL,p001196,p001196_a000388_000214,14.873321601364584,60.92353841280021,15.466297089154192,62.64478678994705,0.8984375,1.239492423069235,15.797298336788138
g1_body_official_camera_seed23,TRAIN,p001197,p001197_a000062_000005,29.556299457633997,84.33972900181301,16.713190071907988,64.1812020908632,0.89697265625,6.518617449550522,9.382893851468793
g1_body_official_camera_seed23,TRAIN,p001197,p001197_a000062_000016,27.988401225314906,80.4922959006892,14.60393353581831,59.435393767117546,0.91162109375,4.407207523964676,11.516897344490339
g1_body_official_camera_seed23,TRAIN,p001197,p001197_a000062_000028,26.563677965899068,86.46301385233699,23.022645499904307,66.73727604710419,0.87841796875,8.796062773960312,15.390099501801231
g1_body_official_camera_seed23,TRAIN,p001197,p001197_a000062_000040,65.39453311603272,125.32038439538321,18.79929591098335,81.0024156125547,0.83740234375,1.406552413712955,9.149416698888373
g1_body_official_camera_seed23,TRAIN,p001197,p001197_a000062_000052,74.30487621895702,135.50690527530782,12.30343841340489,146.51178144115454,0.8505859375,-1.442617666120345,23.363495589557445
g1_body_official_camera_seed23,TRAIN,p001197,p001197_a000062_000064,80.72354817961181,158.77349174822305,23.716325634828735,95.7378209314972,0.787109375,2.36757306515387,10.913590975090116
g1_body_official_camera_seed23,TRAIN,p001197,p001197_a000062_000076,63.980130320453185,135.82723760622684,24.701452950214126,72.92052048105384,0.84716796875,7.126751948999583,11.103115527441197
g1_body_official_camera_seed23,TRAIN,p001197,p001197_a000062_000087,33.27909521902133,93.27024478370248,16.126834305092427,68.72902316208382,0.896484375,3.7985285669349054,10.232581780270607
g1_body_official_camera_seed23,TRAIN,p001197,p001197_a001238_000003,110.20369475916152,197.6360564544123,21.550587671078226,70.40040772751139,0.89404296875,4.629805920435135,-25.2576680233376
g1_body_official_camera_seed23,TRAIN,p001197,p001197_a001238_000010,107.51610370625302,201.4095328223149,107.51610370625302,201.4095328223149,0.19140625,91.21771032772926,96.64336189479305
g1_body_official_camera_seed23,TRAIN,p001197,p001197_a001238_000018,109.84800286611922,198.16703480706082,109.84800286611922,198.16703480706082,0.19873046875,93.30255117837768,107.78108537721319
g1_body_official_camera_seed23,TRAIN,p001197,p001197_a001238_000025,108.04047942151615,192.42058710897942,17.453686503949733,62.35142383403831,0.923828125,1.335478345822807,-44.975707960709364
g1_body_official_camera_seed23,TRAIN,p001197,p001197_a001238_000033,118.47631762984562,206.88775470712233,118.47631762984562,206.88775470712233,0.18701171875,102.82031792956244,76.80833606033522
g1_body_official_camera_seed23,TRAIN,p001197,p001197_a001238_000040,95.06604955708144,180.8999065032203,18.220483421740937,61.86365748727129,0.90771484375,3.705748777198293,-35.44800996724944
g1_body_official_camera_seed23,TRAIN,p001197,p001197_a001238_000048,103.63767317977843,193.78990800841294,103.63767317977843,193.78990800841294,0.21435546875,87.77932955306102,89.10034791538824
g1_body_official_camera_seed23,TRAIN,p001197,p001197_a001238_000055,116.4578682661506,200.57361312019088,116.4578682661506,200.57361312019088,0.1962890625,100.16684818139022,76.63181215149667
g1_body_official_camera_seed23,VAL,p001199,p001199_a001398_000001,47.257239402440234,102.36756996287585,14.716760630767034,42.15947725620794,0.98046875,2.5601710137928144,-1.0058390552424328
g1_body_official_camera_seed23,VAL,p001199,p001199_a001398_000004,47.47988376331956,101.46440368969562,15.495423705936306,40.09497935852716,0.97998046875,3.0876754361953402,0.6103598700728625
g1_body_official_camera_seed23,VAL,p001199,p001199_a001398_000008,45.15621193648721,99.31152291908012,15.679170109088645,41.4501665990084,0.98095703125,4.298275539690973,-2.4470815754117723
g1_body_official_camera_seed23,VAL,p001199,p001199_a001398_000011,47.10734833098599,102.46581762274724,16.645731169571636,40.36504777441641,0.98291015625,5.092136288961729,-1.6121916416458646
g1_body_official_camera_seed23,VAL,p001199,p001199_a001398_000014,40.85241873379066,97.46125624687471,16.380241786542506,42.82724071013003,0.97509765625,5.165593993105508,1.273790164123426
g1_body_official_camera_seed23,VAL,p001199,p001199_a001398_000017,40.057241699695986,95.91897139154916,15.345272514003298,41.961751053621065,0.97900390625,4.532232866515141,-0.13143041872260852
g1_body_official_camera_seed23,VAL,p001199,p001199_a001398_000021,48.88563424776086,102.83600367105063,15.70714484251652,41.15978885650776,0.9775390625,4.082094088293079,-0.5579283634912997
g1_body_official_camera_seed23,VAL,p001199,p001199_a001398_000024,46.40002619954832,102.21763762168308,14.90158065896428,40.72401889875717,0.9814453125,3.324908161988388,-1.8474532205827074
g1_body_official_camera_seed23,VAL,p001201,p001201_a005135_000002,50.076098047803555,94.75478317086926,13.560187106323657,42.6404376956744,0.9716796875,3.1476604040464142,7.435552186187515
g1_body_official_camera_seed23,VAL,p001201,p001201_a005135_000007,50.42842703621129,90.28130815343376,12.833711766751179,36.57414695236516,0.98974609375,2.5943735932485836,5.35566807240431
g1_body_official_camera_seed23,VAL,p001201,p001201_a005135_000011,53.569783950617285,102.48057464202505,14.843791600411784,50.10627808163838,0.94921875,4.459258341970871,8.732049542525978
g1_body_official_camera_seed23,VAL,p001201,p001201_a005135_000016,51.27677500077451,95.59357918261338,13.484449277892551,40.14249681509793,0.9814453125,3.3290574803650372,7.066053263644889
g1_body_official_camera_seed23,VAL,p001201,p001201_a005135_000021,47.57666710443072,87.10840181764624,12.596998226959492,36.420163789357055,0.98828125,2.6554302969514794,2.792591520328031
g1_body_official_camera_seed23,VAL,p001201,p001201_a005135_000026,50.645104468887666,90.01312336580945,13.721052591027245,36.35530849881856,0.99072265625,2.763152576781872,1.3027871954742594
g1_body_official_camera_seed23,VAL,p001201,p001201_a005135_000030,50.32303544929979,99.40848180718224,16.171262654337923,45.97545815369224,0.96826171875,5.744114806034926,8.524081927706511
g1_body_official_camera_seed23,VAL,p001201,p001201_a005135_000035,49.58394893323256,90.00801043298782,13.995048939341796,37.866479135631785,0.9853515625,2.914665186239823,4.951932322485966
g1_body_official_camera_seed23,TRAIN,p001202,p001202_a001230_000002,30.08930744088076,65.78779117582128,15.24414431438484,51.87218112197887,0.94091796875,-3.216957829088649,-19.181402558654895
g1_body_official_camera_seed23,TRAIN,p001202,p001202_a001230_000009,28.869144269678284,69.71147020131508,15.343758025796749,56.305435244251726,0.91650390625,-2.9371968586637074,-11.633532671270643
g1_body_official_camera_seed23,TRAIN,p001202,p001202_a001230_000015,27.888002878450596,68.08246982929657,15.138183895586488,56.189050574965265,0.92626953125,-2.704211631552246,-12.273066677613642
g1_body_official_camera_seed23,TRAIN,p001202,p001202_a001230_000021,27.48913730093198,69.89414228260199,14.838673185324188,56.04039539648986,0.919921875,-4.155317627064969,-12.276361908352776
g1_body_official_camera_seed23,TRAIN,p001202,p001202_a001230_000028,25.052506536132107,67.48699099257976,13.65947570447278,55.67702803235671,0.93017578125,-6.175977792509709,-9.512239534104644
g1_body_official_camera_seed23,TRAIN,p001202,p001202_a001230_000034,26.468366073370074,69.21635306846078,14.331938931072361,54.598537188445405,0.93115234375,-5.0621236471064,-10.99772571213586
g1_body_official_camera_seed23,TRAIN,p001202,p001202_a001230_000040,25.77678775573773,69.4881529106189,14.066400361175624,56.64505125887099,0.91796875,-4.087796205293319,-8.352143681800868
g1_body_official_camera_seed23,TRAIN,p001202,p001202_a001230_000047,28.935197857549717,65.6328470180845,15.647397288691824,52.21552784531662,0.9375,-4.0727873444234035,-15.109662678841254
g1_body_official_camera_seed23,TRAIN,p001202,p001202_a005135_000001,8.009435118843346,38.204442460741085,7.528871895935244,37.67351524359311,0.98291015625,-1.8236818855506334,-0.6487382047734229
g1_body_official_camera_seed23,TRAIN,p001202,p001202_a005135_000005,10.746382711272624,39.04370497493294,8.171424252822018,37.21414033763937,0.984375,-0.742814801790967,-1.298489639725183
g1_body_official_camera_seed23,TRAIN,p001202,p001202_a005135_000008,7.5803794577952806,39.294056808503875,8.080421164027207,37.889005966108094,0.98193359375,-1.4946888764879116,0.15245005070706696
g1_body_official_camera_seed23,TRAIN,p001202,p001202_a005135_000012,7.817018257762811,39.60243203603398,8.312928674032358,38.41469110828074,0.97998046875,-1.7254318722448776,1.057629858126063
g1_body_official_camera_seed23,TRAIN,p001202,p001202_a005135_000015,8.30701733638234,38.887002197235645,8.403439016860158,38.39042586294889,0.98193359375,-1.3796451073943388,-0.9862471305040827
g1_body_official_camera_seed23,TRAIN,p001202,p001202_a005135_000019,7.836250369907294,41.99412473308776,8.320031241487154,41.1041829854361,0.9716796875,-0.9574646417477517,4.425709463995872
g1_body_official_camera_seed23,TRAIN,p001202,p001202_a005135_000022,7.492065216769468,40.945431766337244,8.239961414747782,39.69765744791388,0.9755859375,-0.9050522232233504,-0.43121714418406043
g1_body_official_camera_seed23,TRAIN,p001202,p001202_a005135_000026,10.276363671854945,39.259041596679424,8.865870954368596,36.77518460520563,0.98193359375,-0.34056181005853503,-1.482963198286626
g1_body_official_camera_seed23,TRAIN,p001203,p001203_a000032_000003,48.72047037496452,109.5236141277737,13.856057884967324,50.99446637972762,0.9462890625,-2.253482156340901,5.6727260916828826
g1_body_official_camera_seed23,TRAIN,p001203,p001203_a000032_000009,50.009074332014954,108.75565507345343,14.403540081949858,48.174899218033666,0.95849609375,-2.9347372844039246,3.9567890263184182
g1_body_official_camera_seed23,TRAIN,p001203,p001203_a000032_000016,46.45539791912789,111.5083668629943,16.923156982425365,50.03290289494721,0.94970703125,0.13348733426779802,5.135981334021963
g1_body_official_camera_seed23,TRAIN,p001203,p001203_a000032_000022,49.493679784091,112.19704223474392,14.937335520326013,50.693128596613036,0.94775390625,-3.0951196224835016,4.434205459057566
g1_body_official_camera_seed23,TRAIN,p001203,p001203_a000032_000029,48.37967027404399,110.43506158859427,14.622767081356008,48.96174875364897,0.95458984375,-3.1191206189899408,5.5948214020351585
g1_body_official_camera_seed23,TRAIN,p001203,p001203_a000032_000035,43.75087920428806,107.24647038160384,16.136017236895135,51.92435088015509,0.93994140625,-0.046219265902408324,6.465752810057367
g1_body_official_camera_seed23,TRAIN,p001203,p001203_a000032_000042,38.390970445358306,103.62026912426259,18.406405928308814,51.055844506952944,0.943359375,2.856265588267277,7.909067035885492
g1_body_official_camera_seed23,TRAIN,p001203,p001203_a000032_000048,40.15867581737821,111.31586051403522,21.18136194476893,53.41445188748997,0.927734375,4.236508389035187,9.733158572552433
g1_body_official_camera_seed23,TRAIN,p001204,p001204_a003011_000001,82.66238877950038,126.81029131975036,17.764031854508737,54.17178232967638,0.93212890625,5.406987658774511,8.633256489645497
g1_body_official_camera_seed23,TRAIN,p001204,p001204_a003011_000003,87.61463059216959,131.40933928746878,19.350315546944703,54.2023754832767,0.935546875,7.17441739462676,8.992019369480467
g1_body_official_camera_seed23,TRAIN,p001204,p001204_a003011_000006,85.51967345456893,130.1986443323639,19.61363698269841,56.79050553069778,0.921875,6.442189172218004,9.913615147729011
g1_body_official_camera_seed23,TRAIN,p001204,p001204_a003011_000008,86.69625799723818,127.36307722217532,17.5252489031069,53.678046633971206,0.9326171875,4.609599190636899,7.596284433489352
g1_body_official_camera_seed23,TRAIN,p001204,p001204_a003011_000010,84.62871806013517,126.38763366184335,17.267739053356618,53.852645246914975,0.935546875,4.258281095809878,5.127827880241085
g1_body_official_camera_seed23,TRAIN,p001204,p001204_a003011_000012,84.83223140240925,133.7444057545044,19.792093774788636,59.328165523551455,0.91455078125,7.011288573938849,12.670368138602832
g1_body_official_camera_seed23,TRAIN,p001204,p001204_a003011_000015,86.09920924621966,131.41684957918707,17.646544062819345,54.87546656028558,0.9267578125,5.873574391914147,10.638297065889688
g1_body_official_camera_seed23,TRAIN,p001204,p001204_a003011_000017,86.24705536873813,127.91024296377333,17.092332670003593,55.02746610866729,0.927734375,5.159034218245697,8.003791377356627
g1_body_official_camera_seed23,TRAIN,p001210,p001210_a001226_000002,46.24528946510173,244.247581889126,47.42945609640181,247.00102174358642,0.52001953125,-1.457024730164889,12.970052827487535
g1_body_official_camera_seed23,TRAIN,p001210,p001210_a001226_000006,48.81247326509546,229.49537521582025,47.62441542784586,228.2312010366319,0.515625,-1.5802030448952777,12.97290946734421
g1_body_official_camera_seed23,TRAIN,p001210,p001210_a001226_000010,48.83807758829493,236.33242975541566,49.82727246767327,233.672265504385,0.5009765625,-0.9053342895179952,-1.2748739178799724
g1_body_official_camera_seed23,TRAIN,p001210,p001210_a001226_000014,48.188290814595746,230.07229126819087,48.55241969751587,231.34703246466012,0.5107421875,-3.404203479953054,4.5338320164434265
g1_body_official_camera_seed23,TRAIN,p001210,p001210_a001226_000018,49.604807778971384,237.57062757303888,49.437474226434766,238.25744176395617,0.50732421875,-0.5495621194507194,12.191919642193255
g1_body_official_camera_seed23,TRAIN,p001210,p001210_a001226_000022,46.90423456952969,262.8779361537285,47.32243113687741,261.16748557349683,0.52001953125,-1.3528602397924487,16.157836360463563
g1_body_official_camera_seed23,TRAIN,p001210,p001210_a001226_000026,46.48715429374499,237.5414246309962,46.13635579848328,238.9934577543703,0.52978515625,-2.594754867890259,13.595345795120693
g1_body_official_camera_seed23,TRAIN,p001210,p001210_a001226_000030,47.08859228824456,224.84655837881786,46.12981673157308,224.81774394484336,0.5283203125,-3.0765828503626764,14.217709195411942
g1_body_official_camera_seed23,TRAIN,p001216,p001216_a001423_000001,72.80584881547327,188.82676742628286,27.08071814143242,136.098264838732,0.68408203125,9.7320743732312,71.26815355136601
g1_body_official_camera_seed23,TRAIN,p001216,p001216_a001423_000004,72.11600846256133,191.8760275986744,28.04316323475077,122.40791304164436,0.70166015625,11.450627536497095,55.49637707900213
g1_body_official_camera_seed23,TRAIN,p001216,p001216_a001423_000007,71.83683897059873,183.6538233517458,25.13435287700191,118.21148775709226,0.69873046875,10.122577940980108,49.73315545907619
g1_body_official_camera_seed23,TRAIN,p001216,p001216_a001423_000010,74.86580932576992,179.65919124977512,27.19036206918886,127.14876177983379,0.68359375,9.351156884513525,61.346519042467406
g1_body_official_camera_seed23,TRAIN,p001216,p001216_a001423_000013,73.19250430061766,186.4804729749579,26.78795186144741,132.87784847260707,0.68310546875,9.254878498970363,63.55693475845001
g1_body_official_camera_seed23,TRAIN,p001216,p001216_a001423_000016,73.34530108120319,192.82844678098235,28.974481708640134,137.59286631579525,0.67236328125,11.125838762284246,69.91729780745986
g1_body_official_camera_seed23,TRAIN,p001216,p001216_a001423_000019,71.62428084104667,182.897424694854,26.490148638898617,138.68436602894155,0.6826171875,8.54705098124633,71.14890847335865
g1_body_official_camera_seed23,TRAIN,p001216,p001216_a001423_000022,74.74327964418414,186.33279629206837,29.316815251141062,137.57561330872824,0.68017578125,10.611334864234763,72.84522843715843
g1_body_official_camera_seed23,TRAIN,p001225,p001225_a005341_000001,133.47283446185804,202.37029072928866,20.887335127509992,56.985288103469514,0.92041015625,4.867967893310865,4.4956369081264285
g1_body_official_camera_seed23,TRAIN,p001225,p001225_a005341_000005,130.5484978921831,204.77358007619839,20.728662764939862,61.1272623066818,0.89208984375,4.407078094646714,8.24617619098948
g1_body_official_camera_seed23,TRAIN,p001225,p001225_a005341_000009,127.34786883670773,200.96096961686513,21.21069432102933,57.93543712192369,0.91015625,4.786576850723801,0.8524792537658499
g1_body_official_camera_seed23,TRAIN,p001225,p001225_a005341_000013,140.13363880995902,222.47448786582737,25.031654073335044,67.4027717245392,0.8525390625,7.7579112614854004,13.519018339356123
g1_body_official_camera_seed23,TRAIN,p001225,p001225_a005341_000016,130.27551749408593,202.4994896532953,21.514693455549953,58.11958404931403,0.91015625,5.120655008345366,7.1586923287058895
g1_body_official_camera_seed23,TRAIN,p001225,p001225_a005341_000020,140.0089592998699,222.5434377119996,23.10251660546288,65.9782834193982,0.8447265625,5.834936294871433,10.10354640834857
g1_body_official_camera_seed23,TRAIN,p001225,p001225_a005341_000024,131.31668248650016,214.3798837663214,21.778017610598127,61.66002248652409,0.87548828125,4.850050403516754,4.2314512272389635
g1_body_official_camera_seed23,TRAIN,p001225,p001225_a005341_000028,127.18159961031286,198.6860543832284,22.608977413110765,60.71434057225008,0.89501953125,5.148587847655204,3.061211828634171
g1_body_official_camera_seed23,TRAIN,p001226,p001226_a000223_000006,13.731699958981013,56.94057495890391,11.703020116271396,56.82726148582606,0.92724609375,-0.721329358513481,18.09615391538655
g1_body_official_camera_seed23,TRAIN,p001226,p001226_a000223_000021,13.08707851043403,57.25859163301559,12.013566834109046,57.290199078810865,0.91943359375,0.03534682368813691,17.899702656991472
g1_body_official_camera_seed23,TRAIN,p001226,p001226_a000223_000036,12.119889299852408,50.17695064349799,13.188049789793968,52.384293533761685,0.94091796875,2.093085255330415,11.534377405655768
g1_body_official_camera_seed23,TRAIN,p001226,p001226_a000223_000051,14.717400047217724,51.76467824516291,13.590867391166274,52.57191735580607,0.9423828125,1.9248528764570167,16.847690358826547
g1_body_official_camera_seed23,TRAIN,p001226,p001226_a000223_000066,19.397577362521567,64.38076854149222,19.198173775925987,63.59723048260527,0.908203125,6.057069625935238,26.833534341325638
g1_body_official_camera_seed23,TRAIN,p001226,p001226_a000223_000081,24.68956427678713,63.31251168772789,13.077139612073378,60.27134043818333,0.91845703125,2.290663115269721,22.424259940992577
g1_body_official_camera_seed23,TRAIN,p001226,p001226_a000223_000096,14.97921439137135,58.607586155724995,13.659634313381588,57.392865580733755,0.91845703125,1.1242148700552264,18.4563115878275
g1_body_official_camera_seed23,TRAIN,p001226,p001226_a000223_000111,16.59660378006135,54.9370010293905,12.759590944987753,54.51625481295163,0.93603515625,0.06636642026833783,16.67202739971792
g1_body_official_camera_seed23,TRAIN,p001231,p001231_a000029_000001,23.54350002018488,101.66205209451182,21.607527997394925,97.16503238336378,0.8046875,1.9616795393831197,-7.678492244853345
g1_body_official_camera_seed23,TRAIN,p001231,p001231_a000029_000003,22.129523373513745,105.69910084090299,21.32647463273923,102.49936206655254,0.7880859375,1.98952487706185,1.6739544753184674
g1_body_official_camera_seed23,TRAIN,p001231,p001231_a000029_000005,24.940749306002303,105.33833115547071,22.312117839810213,99.83692249777683,0.8017578125,2.801777804347825,-6.7282281714227
g1_body_official_camera_seed23,TRAIN,p001231,p001231_a000029_000007,23.704245564054098,97.70589415193481,22.33624632010106,93.26150612386479,0.80419921875,3.2778962729019483,-2.4466831932153923
g1_body_official_camera_seed23,TRAIN,p001231,p001231_a000029_000008,24.092506686548916,107.39593964326195,23.083472328857276,105.19908692555863,0.7822265625,3.1851816053327866,-3.30688454421869
g1_body_official_camera_seed23,TRAIN,p001231,p001231_a000029_000010,24.776766271750745,100.05233143598379,23.57289258913267,95.53411184978573,0.8037109375,4.365467372218909,-7.265263736200922
g1_body_official_camera_seed23,TRAIN,p001231,p001231_a000029_000012,23.942687914830373,106.42189059483489,22.089537487844304,101.07022129115707,0.7998046875,2.919300632379141,-8.977649678438112
g1_body_official_camera_seed23,TRAIN,p001231,p001231_a000029_000014,23.254706424679306,95.13696491031786,20.797035144746967,89.67621959770901,0.82763671875,1.3256308388259015,-5.2393719889561226
g1_body_official_camera_seed23,TRAIN,p001231,p001231_a000075_000003,11.291073702064647,64.14118032981389,11.422800557823862,63.73188316013189,0.912109375,-0.949711841467785,12.836502658016535
g1_body_official_camera_seed23,TRAIN,p001231,p001231_a000075_000012,10.710044592659939,63.142381921022995,10.424010873684058,63.183309129309045,0.91943359375,-1.8134044614447316,13.398204342299522
g1_body_official_camera_seed23,TRAIN,p001231,p001231_a000075_000020,10.715401654106337,55.874925649708146,10.437929677857735,55.342628668518316,0.93701171875,-1.1617118689153383,10.064588362316542
g1_body_official_camera_seed23,TRAIN,p001231,p001231_a000075_000029,14.423864191702062,69.57744684525976,13.260516934903109,70.64524065094646,0.87158203125,-2.1591740903043046,9.474479784575536
g1_body_official_camera_seed23,TRAIN,p001231,p001231_a000075_000037,15.658547744497035,72.61904929846573,15.175757274383471,71.54663619356027,0.8623046875,-0.5199252510679209,10.557732238363272
g1_body_official_camera_seed23,TRAIN,p001231,p001231_a000075_000046,14.205766152779685,63.62050621476878,12.404700730533479,60.61883780280886,0.9169921875,-0.17835245427717972,13.117627631589059
g1_body_official_camera_seed23,TRAIN,p001231,p001231_a000075_000054,10.0565176137275,58.910071283613206,10.160454999834272,57.508586037522264,0.92822265625,-0.3519907847284358,7.580108593928365
g1_body_official_camera_seed23,TRAIN,p001231,p001231_a000075_000063,11.208254539170435,68.79640182324388,11.225023877223368,68.49305301678862,0.90576171875,0.819952917337087,13.795935307467417
g1_body_official_camera_seed23,TRAIN,p001231,p001231_a000214_000004,42.17828162172883,118.95915801827735,19.017486640448574,88.340165970212,0.85498046875,-14.328032691004516,1.832001645924521
g1_body_official_camera_seed23,TRAIN,p001231,p001231_a000214_000016,39.731706192837734,116.63724101969527,20.505398673067248,86.7507644284799,0.85888671875,-8.631545913393932,9.712164313966483
g1_body_official_camera_seed23,TRAIN,p001231,p001231_a000214_000027,34.14534475230882,115.41670802740289,26.309591987308252,100.97608598189287,0.72021484375,-14.451535939192738,-13.40465592565073
g1_body_official_camera_seed23,TRAIN,p001231,p001231_a000214_000038,17.924693407213173,90.66432161278632,17.824594794064733,89.97028276179289,0.82177734375,0.32666619014328546,9.416220511673572
g1_body_official_camera_seed23,TRAIN,p001231,p001231_a000214_000049,18.079823368187448,66.91429415218774,16.668829364579445,71.53936600460422,0.8544921875,1.1447423172171298,6.092920676283811
g1_body_official_camera_seed23,TRAIN,p001231,p001231_a000214_000060,20.790629631125572,75.7847528338456,20.048107683237717,73.45579377649757,0.82861328125,0.7606104932740791,6.7449995000282
g1_body_official_camera_seed23,TRAIN,p001231,p001231_a000214_000071,42.42552663157197,119.80571900585556,22.320170878208828,89.20353812042265,0.80712890625,-11.32660528017906,5.841804394997979
g1_body_official_camera_seed23,TRAIN,p001231,p001231_a000214_000083,44.21287426778447,120.85909765332055,26.971774024550907,90.72334325027457,0.7587890625,-14.700104780811916,-8.803894508599484
g1_body_official_camera_seed23,TRAIN,p100067,p100067_a005746_000002,55.2858605849992,114.12300558515517,11.25463033135482,76.7312983851435,0.9130859375,-1.0258432513276308,-5.564188373065804
g1_body_official_camera_seed23,TRAIN,p100067,p100067_a005746_000008,60.825086781603275,114.11130140623038,10.467050940808745,88.64666522644953,0.91015625,-1.2820074678158857,-4.9112139210227355
g1_body_official_camera_seed23,TRAIN,p100067,p100067_a005746_000014,61.74461928172069,118.15014371330928,11.361029662830099,87.0908749911163,0.9150390625,-0.48038975618510626,-2.08713636985712
g1_body_official_camera_seed23,TRAIN,p100067,p100067_a005746_000020,64.39212184999008,119.15713967576968,11.242911156401421,81.6331544920994,0.91845703125,-0.5132207226481658,-3.391735576873401
g1_body_official_camera_seed23,TRAIN,p100067,p100067_a005746_000026,61.10057445646925,122.68309374261145,11.973472655900256,84.5013114561876,0.90380859375,0.08139795775693415,-2.062641446523486
g1_body_official_camera_seed23,TRAIN,p100067,p100067_a005746_000032,63.249706279878986,121.48513420421787,11.57640966792409,93.66492187767258,0.90234375,-0.5480248262650811,-2.745989388730834
g1_body_official_camera_seed23,TRAIN,p100067,p100067_a005746_000038,60.534058195527635,120.58091175678675,11.89667438327277,89.0873288280294,0.9052734375,-0.43856395192517184,-3.746376312764113
g1_body_official_camera_seed23,TRAIN,p100067,p100067_a005746_000044,62.283208342228505,126.17750177557346,11.661325399185237,78.44834505819615,0.8984375,-0.9479267263745843,-2.5967422840707
g1_body_official_camera_seed23,TRAIN,p100069,p100069_a005191_000006,72.02223563212388,126.59093990660027,10.194786020962713,39.271978847740826,0.96337890625,1.3489783270857671,1.5173853098068264
g1_body_official_camera_seed23,TRAIN,p100069,p100069_a005191_000021,77.69004830808936,127.49085715479015,9.668201388868694,45.42352563541063,0.9658203125,1.137888527494976,5.960036894250443
g1_body_official_camera_seed23,TRAIN,p100069,p100069_a005191_000037,89.71294343129229,126.33581432518022,8.99613470735305,39.529726184128656,0.97509765625,-0.4614797159854973,1.941490031356679
g1_body_official_camera_seed23,TRAIN,p100069,p100069_a005191_000052,70.02011673369938,114.62055982380413,8.66173356872554,38.54937946391542,0.9775390625,-2.977997728745992,-2.475716005235874
g1_body_official_camera_seed23,TRAIN,p100069,p100069_a005191_000068,68.97499249855375,101.31394447160608,7.733681058215615,31.563853537763936,0.9892578125,-2.509658053752756,-11.829306622004449
g1_body_official_camera_seed23,TRAIN,p100069,p100069_a005191_000083,92.79970889330127,129.51142529477258,9.08118540962219,53.40613535678394,0.94189453125,-0.25516151504616147,11.042036102538539
g1_body_official_camera_seed23,TRAIN,p100069,p100069_a005191_000099,78.32562835105114,126.79951794558174,7.912999208201071,37.726079307381745,0.97412109375,-1.942777031173672,-5.229887988115614
g1_body_official_camera_seed23,TRAIN,p100069,p100069_a005191_000114,48.840885008291366,93.29418855134227,12.044998538604723,42.69506390318941,0.9736328125,-1.3994001022374132,-9.462346613377534
g1_body_official_camera_seed23,TRAIN,p100069,p100069_a005746_000002,21.90697587971811,86.41770517886299,10.393624307572962,68.71793182167502,0.89892578125,-2.320003679336372,-19.71061405273099
g1_body_official_camera_seed23,TRAIN,p100069,p100069_a005746_000008,24.969239554433518,77.03006468643446,10.19540923176286,59.993279852368175,0.9248046875,-1.6210357376722673,-19.15988143836971
g1_body_official_camera_seed23,TRAIN,p100069,p100069_a005746_000014,26.76909621498006,83.57253255083336,10.204005418234551,65.17796018105442,0.91748046875,-2.3980087550245734,-25.325761856241755
g1_body_official_camera_seed23,TRAIN,p100069,p100069_a005746_000020,24.400978167549646,76.73575932033194,9.92347224906948,62.111600970548295,0.923828125,-2.1326392380145727,-22.716002505906616
g1_body_official_camera_seed23,TRAIN,p100069,p100069_a005746_000027,25.504081311149978,87.43091797465608,9.790135540445906,67.14632112345119,0.9150390625,-2.588703942306468,-20.000516543548187
g1_body_official_camera_seed23,TRAIN,p100069,p100069_a005746_000033,23.07752967226574,85.11622572474678,10.310296290666212,64.40599699122865,0.9140625,-1.7079767293570853,-22.29582212662278
g1_body_official_camera_seed23,TRAIN,p100069,p100069_a005746_000039,23.110585979310734,77.64969212631367,10.555418849352986,65.50770341312248,0.92041015625,-1.2402773053810314,-20.265333485603605
g1_body_official_camera_seed23,TRAIN,p100069,p100069_a005746_000045,23.67267351228336,87.88671151075341,10.40620159779731,69.47916759797101,0.908203125,-1.9093371741070584,-22.87955855124629
g1_body_official_camera_seed23,TRAIN,p100072,p100072_a001242_000006,26.488667516887553,80.07173454678016,14.28680464700477,59.16275272793453,0.9169921875,1.6907498871128954,14.036144952495825
g1_body_official_camera_seed23,TRAIN,p100072,p100072_a001242_000020,21.507015344620676,71.13306234381358,14.765541775194167,61.03008845609125,0.90234375,2.569613192119876,15.909728960013183
g1_body_official_camera_seed23,TRAIN,p100072,p100072_a001242_000034,19.088805213654823,80.0832369086162,18.68518813016236,77.78502578914079,0.81982421875,3.414303120473056,30.16108294387203
g1_body_official_camera_seed23,TRAIN,p100072,p100072_a001242_000048,33.24896136179673,373.74603268876393,29.21686065055315,380.9494601044178,0.708984375,6.276858303822241,242.46806777375426
g1_body_official_camera_seed23,TRAIN,p100072,p100072_a001242_000063,33.65764264378555,321.8340469796311,31.03739804889137,325.1236835973822,0.70068359375,8.730191351947951,221.89253575471824
g1_body_official_camera_seed23,TRAIN,p100072,p100072_a001242_000077,18.551022997667513,65.94457388558835,15.58838498654206,66.49048163229664,0.8564453125,-0.8756616770748806,18.95857276483109
g1_body_official_camera_seed23,TRAIN,p100072,p100072_a001242_000091,38.289406409118726,107.77701684519653,15.521243961020453,65.51488598759165,0.89990234375,3.064241817410714,16.726945863338443
g1_body_official_camera_seed23,TRAIN,p100072,p100072_a001242_000105,19.834471537959637,74.04979905445217,13.443012468365644,63.53283646200544,0.8916015625,1.8899061967935644,17.84431969913011
g1_body_official_camera_seed23,TRAIN,p100085,p100085_a000042_000001,49.10408186776051,99.76670942376272,19.556363743474922,82.7049087189901,0.8125,6.637474992547874,31.61913816932649
g1_body_official_camera_seed23,TRAIN,p100085,p100085_a000042_000002,47.38110941194206,102.73195585843813,18.630346856565126,76.32290835376696,0.7490234375,5.541730944412944,23.227987112331157
g1_body_official_camera_seed23,TRAIN,p100085,p100085_a000042_000004,50.74743050190366,100.44147672478705,19.17402069365908,80.65969294142528,0.818359375,5.847439506913052,27.022424917276453
g1_body_official_camera_seed23,TRAIN,p100085,p100085_a000042_000006,48.24876184747521,96.65035779546717,19.30862846685846,84.60044911005492,0.80322265625,6.53188703511295,32.50967766065089
g1_body_official_camera_seed23,TRAIN,p100085,p100085_a000042_000008,48.08883451281177,99.74936777520469,17.3867848015791,81.57573686291072,0.7841796875,5.115996601317223,29.75851516003589
g1_body_official_camera_seed23,TRAIN,p100085,p100085_a000042_000010,47.337894336852,98.30929873563755,18.59056219397099,83.28753599307888,0.76904296875,6.3719669542169814,30.66479973845241
g1_body_official_camera_seed23,TRAIN,p100085,p100085_a000042_000012,51.313933971112455,97.52801838025378,18.972880511106727,82.01161935565756,0.8173828125,7.194394681068349,29.768355659211345
g1_body_official_camera_seed23,TRAIN,p100085,p100085_a000042_000013,47.88316493438856,91.68462722302276,18.545052324415863,84.08610695842292,0.85546875,5.750508242000951,31.50347378605393
g1_body_official_camera_seed23,TRAIN,p100086,p100086_a001415_000003,45.11874298503707,115.82079450963265,23.521778131159436,83.42430810175867,0.83935546875,12.199351397674416,43.40867024246298
g1_body_official_camera_seed23,TRAIN,p100086,p100086_a001415_000010,43.96557667861016,110.6235822152785,25.715639433710123,88.34990796384905,0.7861328125,13.573974991278988,47.41861733686249
g1_body_official_camera_seed23,TRAIN,p100086,p100086_a001415_000017,45.19598668292909,116.15519583729004,22.335301830904974,84.42498660815878,0.83056640625,10.802686274695638,43.696245085950764
g1_body_official_camera_seed23,TRAIN,p100086,p100086_a001415_000024,48.47709569743549,119.13581574129952,24.105420315410143,86.8561671358945,0.82275390625,12.66331677719679,46.56816134086673
g1_body_official_camera_seed23,TRAIN,p100086,p100086_a001415_000032,45.669931786477065,118.35848762922939,25.28639550239929,87.69696012859987,0.81640625,13.766645541711814,48.47179084464042
g1_body_official_camera_seed23,TRAIN,p100086,p100086_a001415_000039,45.08109664999817,116.65278582883663,24.396551454467787,86.04207807201674,0.82275390625,12.938958396112795,44.47780554495482
g1_body_official_camera_seed23,TRAIN,p100086,p100086_a001415_000046,44.83735505147169,118.42348110007886,26.43159949255942,91.10162941502402,0.78466796875,15.018601042617771,48.132230688598575
g1_body_official_camera_seed23,TRAIN,p100086,p100086_a001415_000053,45.29972785845553,115.65220457922615,30.244122457061195,88.99130685551141,0.7578125,18.89670369770768,47.3852115714617
g1_body_official_camera_seed23,TRAIN,p100089,p100089_a005814_000004,39.072197786206075,121.4823684292495,37.539182826780205,114.38601724828526,0.654296875,4.712949124914218,18.61568131980158
g1_body_official_camera_seed23,TRAIN,p100089,p100089_a005814_000014,40.47101549374513,129.86214275757115,33.65675278362885,116.69781568138859,0.6806640625,-2.3606206176654965,9.870021844833929
g1_body_official_camera_seed23,TRAIN,p100089,p100089_a005814_000024,37.36411945865211,117.01163489312812,35.22179834942807,109.36434971299575,0.685546875,5.901560530320761,16.586970747826285
g1_body_official_camera_seed23,TRAIN,p100089,p100089_a005814_000034,40.185591547820636,120.80044224716632,36.3100240675725,111.63556458447466,0.658203125,4.720880446241907,16.543963857353774
g1_body_official_camera_seed23,TRAIN,p100089,p100089_a005814_000043,44.01429147320346,153.0302254700828,34.08920119484394,133.5905946243919,0.67041015625,4.232256794752768,39.01605270008331
g1_body_official_camera_seed23,TRAIN,p100089,p100089_a005814_000053,39.13278348429201,140.02130413452522,34.40596182739265,122.73686973521461,0.70361328125,4.452589698500063,32.15662264937181
g1_body_official_camera_seed23,TRAIN,p100089,p100089_a005814_000063,37.942991492206986,116.21001974469198,31.118347457727552,104.87171867775334,0.75537109375,1.2933256513778488,16.81206985942535
g1_body_official_camera_seed23,TRAIN,p100089,p100089_a005814_000073,41.07299863246984,135.21989490332282,34.25280540318678,116.0994882421635,0.70751953125,4.746944513172551,25.262961767503455
g1_body_official_camera_seed23,TRAIN,p100090,p100090_a005401_000001,50.67211364074292,111.45262341102243,21.547439704965583,90.99096753445335,0.810546875,2.4102752961156284,16.718223510941513
g1_body_official_camera_seed23,TRAIN,p100090,p100090_a005401_000003,47.74312483728054,111.23942999192086,20.63566365673483,81.36555131741046,0.841796875,1.6994504286334937,-2.8351947333879224
g1_body_official_camera_seed23,TRAIN,p100090,p100090_a005401_000005,50.19765786811008,112.27378072820173,22.318078420347852,81.93831318228573,0.83251953125,2.3322463072736497,4.168003097579941
g1_body_official_camera_seed23,TRAIN,p100090,p100090_a005401_000007,52.6429317586276,115.07362012278499,21.788865270560407,81.77596999830507,0.81884765625,2.0563271660954143,-0.33793905967930016
g1_body_official_camera_seed23,TRAIN,p100090,p100090_a005401_000009,50.74565179173225,109.17444412825807,21.745432645208094,71.12674584789218,0.8603515625,2.172411159531645,-6.455950058396169
g1_body_official_camera_seed23,TRAIN,p100090,p100090_a005401_000011,53.19113514037838,121.4318689650462,23.537650502359583,91.28804071179898,0.79052734375,4.428865379449633,23.501203354981683
g1_body_official_camera_seed23,TRAIN,p100090,p100090_a005401_000013,48.33593957514228,99.25528918851663,19.418812631349738,69.48262510944741,0.86865234375,-0.13362952334434652,-11.528670295309198
g1_body_official_camera_seed23,TRAIN,p100090,p100090_a005401_000015,49.59293014381993,106.02644331070884,20.712348868826396,71.5187036124136,0.86474609375,1.5442516792714613,-1.3725035763388433
g1_body_official_camera_seed23,TRAIN,p100092,p100092_a001307_000004,31.25916147384335,200.446156981987,26.665669173169235,217.50731705653695,0.75048828125,1.6381405988246698,115.73999908849264
g1_body_official_camera_seed23,TRAIN,p100092,p100092_a001307_000014,26.37326332651518,194.8911436235226,22.368657705804647,209.64187937896267,0.7978515625,-1.3622593584127891,127.08250079688979
g1_body_official_camera_seed23,TRAIN,p100092,p100092_a001307_000024,22.245442927857773,128.654347450357,19.69020105030367,120.20188942913943,0.86572265625,1.8191927677412671,59.9317252869478
g1_body_official_camera_seed23,TRAIN,p100092,p100092_a001307_000034,32.92091459046387,135.67438556183316,25.530619879837374,130.88377729499845,0.81201171875,4.483586771397963,63.07999549889293
g1_body_official_camera_seed23,TRAIN,p100092,p100092_a001307_000044,28.417698163460074,117.51988732028869,25.340359780185103,113.64189077448779,0.8173828125,5.5129278932024235,52.29318064750915
g1_body_official_camera_seed23,TRAIN,p100092,p100092_a001307_000054,28.04916617884885,193.23650520396578,27.939528502042585,197.8615771984106,0.73828125,3.387076875691374,104.71154161834009
g1_body_official_camera_seed23,TRAIN,p100092,p100092_a001307_000064,27.835946349493938,228.3592187809505,27.33501753581453,235.9103072283938,0.72314453125,-2.452020564114129,122.50126141642625
g1_body_official_camera_seed23,TRAIN,p100092,p100092_a001307_000074,29.073741546832842,185.78057002869622,27.74142661050046,198.99052250505727,0.73095703125,1.3334859295280808,88.85298174132474
g1_body_official_camera_seed37,VAL,p001194,p001194_a000062_000005,20.644195322773715,66.34350669424832,10.320437640997826,43.83348223370998,0.96044921875,0.3157871485099619,-6.244298910777339
g1_body_official_camera_seed37,VAL,p001194,p001194_a000062_000017,19.4524131048728,55.238735855049775,9.395172926028486,35.26821817882972,0.984375,-0.44037755951376134,-14.32156689518223
g1_body_official_camera_seed37,VAL,p001194,p001194_a000062_000029,39.70232192818729,82.09449151072964,13.309231780245991,38.86573586430225,0.98876953125,4.115725236524163,-0.2824084793519148
g1_body_official_camera_seed37,VAL,p001194,p001194_a000062_000041,40.23735091286903,124.68819423956076,13.88598794985515,127.02916903321507,0.87353515625,3.0353469581298675,73.02317743085996
g1_body_official_camera_seed37,VAL,p001194,p001194_a000062_000053,56.76736918970191,111.1666463332136,11.873279570481289,80.99597892473017,0.90966796875,0.6463453902809615,42.73201943150107
g1_body_official_camera_seed37,VAL,p001194,p001194_a000062_000065,20.995717564971258,51.23756303825017,7.70615998441548,31.139230177706228,0.98876953125,-0.45806660477743577,-12.29828465950558
g1_body_official_camera_seed37,VAL,p001194,p001194_a000062_000077,24.59136029449214,64.26225025851144,12.500343240086895,36.65066296556037,0.998046875,0.6269605371165028,-10.379713942932987
g1_body_official_camera_seed37,VAL,p001194,p001194_a000062_000089,22.59147153045625,57.89913044569074,9.962897650585624,31.938310391452003,0.998046875,-0.20034309717840237,-12.84528299092796
g1_body_official_camera_seed37,VAL,p001194,p001194_a000986_000010,25.707697781448687,77.56910095555405,10.29483317981328,51.744153083517425,0.94384765625,0.36716843214570183,1.3006954494221645
g1_body_official_camera_seed37,VAL,p001194,p001194_a000986_000036,21.29693697531303,58.3744233436912,9.115720501095081,35.797930972442344,0.9814453125,0.7108296878544866,-10.370964563371466
g1_body_official_camera_seed37,VAL,p001194,p001194_a000986_000062,53.971289450713485,105.67523829726677,9.657814868916118,126.70573882091698,0.90185546875,-1.1709498451744746,78.9634642964104
g1_body_official_camera_seed37,VAL,p001194,p001194_a000986_000088,54.24138608662288,78.23720274134776,6.624294299630391,28.840944932859465,0.9912109375,-1.2271889951137673,2.6895749441287933
g1_body_official_camera_seed37,VAL,p001194,p001194_a000986_000114,38.1016439246133,72.28597272892335,11.56259235170741,37.41340707252188,0.97412109375,2.067310760060222,3.7502034575387313
g1_body_official_camera_seed37,VAL,p001194,p001194_a000986_000140,37.80831459266241,88.22764299563642,13.062968969355179,65.27975850862994,0.9345703125,2.4213877854269406,17.692619765225814
g1_body_official_camera_seed37,VAL,p001194,p001194_a000986_000166,47.7035107845894,82.42896242880568,10.325787871274702,34.36201094474502,0.9765625,0.594662193134031,-3.77768030397646
g1_body_official_camera_seed37,VAL,p001194,p001194_a000986_000192,32.34861899528375,62.32109396255419,8.722915500759218,29.250928020561314,0.99560546875,0.9762138152580659,0.5138327596831012
g1_body_official_camera_seed37,TRAIN,p001195,p001195_a000053_000006,170.10965352881396,208.0402571494106,170.10965352881396,208.0402571494106,0.0048828125,-3.2311784534444428,-5.409667083717437
g1_body_official_camera_seed37,TRAIN,p001195,p001195_a000053_000021,162.40872965386956,200.168391319541,162.40872965386956,200.168391319541,0.0107421875,-6.33620405002236,-6.462408928566447
g1_body_official_camera_seed37,TRAIN,p001195,p001195_a000053_000037,237.5394771981709,306.91869445390046,237.5394771981709,306.91869445390046,0.01806640625,19.333443697371564,24.382194209340298
g1_body_official_camera_seed37,TRAIN,p001195,p001195_a000053_000052,229.50407612189835,292.20187987037156,229.50407612189835,292.20187987037156,0.0,14.539379764048618,28.88819976979363
g1_body_official_camera_seed37,TRAIN,p001195,p001195_a000053_000068,208.5630502526345,287.4947684486976,208.5630502526345,287.4947684486976,0.00537109375,-6.090755841023395,15.374626794593098
g1_body_official_camera_seed37,TRAIN,p001195,p001195_a000053_000083,192.04772115613787,235.4545368996995,192.04772115613787,235.4545368996995,0.0,8.166745240608861,12.819444262527924
g1_body_official_camera_seed37,TRAIN,p001195,p001195_a000053_000099,131.41258220552396,172.92229935809675,14.346761098747507,38.012378607818846,0.986328125,0.5512736512136023,-0.2914530139841034
g1_body_official_camera_seed37,TRAIN,p001195,p001195_a000053_000114,174.43380403022732,209.95622016807715,174.43380403022732,209.95622016807715,0.00439453125,-1.8125155988060726,2.9969777758137752
g1_body_official_camera_seed37,TRAIN,p001195,p001195_a000986_000011,182.10734556636635,212.11187911994108,182.10734556636635,212.11187911994108,0.00146484375,-0.6053655604318067,-3.944861346054637
g1_body_official_camera_seed37,TRAIN,p001195,p001195_a000986_000039,116.38100728539739,160.68846354684953,9.925485977880218,42.702067592177215,0.97216796875,-0.29636708015759616,2.147143971827049
g1_body_official_camera_seed37,TRAIN,p001195,p001195_a000986_000068,106.98679918270813,161.82176408555335,17.944227191751366,116.6295026290338,0.88427734375,-0.17195473949071527,-14.722529653199302
g1_body_official_camera_seed37,TRAIN,p001195,p001195_a000986_000096,150.2627424702919,188.98765789025688,150.2627424702919,188.98765789025688,0.0224609375,-13.821703037559729,-7.275088364545468
g1_body_official_camera_seed37,TRAIN,p001195,p001195_a000986_000125,129.99062639878386,172.8715348810384,17.07768433882286,58.341299119346274,0.900390625,0.47450238422001334,-5.018339833671746
g1_body_official_camera_seed37,TRAIN,p001195,p001195_a000986_000153,126.07984930182863,168.98153250971785,18.794327931615456,77.75121858945737,0.88671875,0.36278496509965663,-4.043610710470773
g1_body_official_camera_seed37,TRAIN,p001195,p001195_a000986_000182,153.91739776167753,205.82381990186596,153.91739776167753,205.82381990186596,0.02587890625,-7.120401359085179,2.802238484144027
g1_body_official_camera_seed37,TRAIN,p001195,p001195_a000986_000210,162.18421520301024,196.69425465581634,162.18421520301024,196.69425465581634,0.01416015625,-6.6887165565088935,-8.220517944475944
g1_body_official_camera_seed37,VAL,p001196,p001196_a000388_000011,13.114676599886526,53.00260572888647,11.167628658583919,48.384504395001855,0.95166015625,-3.239161572344491,5.892970563309667
g1_body_official_camera_seed37,VAL,p001196,p001196_a000388_000040,17.19739964521685,52.142839666638324,14.71984248269378,53.78757763272419,0.94091796875,0.5748406197453519,14.236447690565967
g1_body_official_camera_seed37,VAL,p001196,p001196_a000388_000069,48.605728717968134,86.87769079895108,14.809514313500035,90.61536034044697,0.85693359375,4.334504406802745,50.76602197452353
g1_body_official_camera_seed37,VAL,p001196,p001196_a000388_000098,13.896572654603832,51.832855076965,13.876829600197025,53.22514848486443,0.94189453125,2.010224270877453,12.790762918522532
g1_body_official_camera_seed37,VAL,p001196,p001196_a000388_000127,12.881221465825433,58.61757697793405,12.787140892194362,59.92981476807259,0.931640625,0.413835825161053,11.286289599305114
g1_body_official_camera_seed37,VAL,p001196,p001196_a000388_000156,18.45386930879932,76.3653124998044,14.338290818609686,84.70572768085792,0.87939453125,-0.10220965512566949,23.221857077369066
g1_body_official_camera_seed37,VAL,p001196,p001196_a000388_000185,19.28438627472144,142.68111687856782,17.548417430218667,144.5811098630382,0.80517578125,4.5393734368396395,91.41047588691525
g1_body_official_camera_seed37,VAL,p001196,p001196_a000388_000214,15.357665225680503,58.42615626622832,13.997109481319686,59.06915585674776,0.91455078125,-0.22969518476527107,12.221667403588853
g1_body_official_camera_seed37,TRAIN,p001197,p001197_a000062_000005,21.91163709642618,69.23583091319668,12.228978072738988,58.178262041656,0.92724609375,2.034405450381522,3.3799538022615963
g1_body_official_camera_seed37,TRAIN,p001197,p001197_a000062_000016,15.972181125229302,56.15859202663156,10.817511441846957,47.03516164982864,0.95654296875,0.6207854299933224,-0.8833347727985696
g1_body_official_camera_seed37,TRAIN,p001197,p001197_a000062_000028,14.363141920224681,54.333194454791226,13.278274111186594,49.07119747243706,0.95068359375,-0.9483086147574014,-2.275979072865894
g1_body_official_camera_seed37,TRAIN,p001197,p001197_a000062_000040,52.88470041214333,122.92590081972345,21.317256721819028,90.8869412679994,0.7880859375,3.924513224548633,19.033942354333078
g1_body_official_camera_seed37,TRAIN,p001197,p001197_a000062_000052,81.04239660389541,154.35540142456617,16.362984606062675,219.7289143736017,0.8369140625,2.616928526537439,96.5806285220046
g1_body_official_camera_seed37,TRAIN,p001197,p001197_a000062_000064,73.3463904482549,163.08673505439316,25.66619366123608,123.02983624455317,0.76318359375,4.317441091561214,38.205606288146086
g1_body_official_camera_seed37,TRAIN,p001197,p001197_a000062_000076,51.36810170687959,129.6540203441943,20.568399211386605,72.85130224234591,0.81298828125,2.993698210172063,11.033897288733264
g1_body_official_camera_seed37,TRAIN,p001197,p001197_a000062_000087,21.329442559480498,73.09784325998605,12.742054749068817,60.75778154760148,0.92578125,0.413749010911296,2.261340165788269
g1_body_official_camera_seed37,TRAIN,p001197,p001197_a001238_000003,100.47132189410561,217.49203627910057,18.666805747734635,92.91880189405754,0.88134765625,1.7460239970915445,-2.7392738567914563
g1_body_official_camera_seed37,TRAIN,p001197,p001197_a001238_000010,105.51390435091918,212.8826515474101,19.945110086755964,120.07420188947512,0.79833984375,3.6467167082322014,15.308030961953264
g1_body_official_camera_seed37,TRAIN,p001197,p001197_a001238_000018,106.18860929829513,203.30542900276924,106.18860929829513,203.30542900276924,0.14404296875,89.6431576105536,112.91947957292162
g1_body_official_camera_seed37,TRAIN,p001197,p001197_a001238_000025,102.20653303740805,223.80559343831683,17.50329696791156,120.9304212066278,0.86279296875,1.3850888097846337,13.603289411880127
g1_body_official_camera_seed37,TRAIN,p001197,p001197_a001238_000033,102.19325387532488,235.82599809736394,18.42393998462023,139.69992958074948,0.85791015625,2.767940284337044,9.620510933962379
g1_body_official_camera_seed37,TRAIN,p001197,p001197_a001238_000040,90.3409684167789,188.34090280489087,17.173276918549302,112.92695229355552,0.84765625,2.658542274006658,15.615284839034786
g1_body_official_camera_seed37,TRAIN,p001197,p001197_a001238_000048,92.86365780102852,212.2097402706258,19.264208279952726,104.64311638889502,0.865234375,3.4058646532353087,-0.046443704129671914
g1_body_official_camera_seed37,TRAIN,p001197,p001197_a001238_000055,104.98312801471573,229.11902216351007,19.43075582067409,131.03151033208215,0.857421875,3.1397357359137104,7.089709363387939
g1_body_official_camera_seed37,VAL,p001199,p001199_a001398_000001,31.90774612215186,87.21791808191172,18.18352216334901,40.53461483885697,0.97607421875,6.026932546374791,-2.630701472593408
g1_body_official_camera_seed37,VAL,p001199,p001199_a001398_000004,34.68941373895984,88.35647409415711,16.756311373412213,39.81778543266175,0.9765625,4.348563103671248,0.33316594420745105
g1_body_official_camera_seed37,VAL,p001199,p001199_a001398_000008,32.635965019143654,85.38060954813612,16.847197487091332,40.617420439985544,0.97900390625,5.46630291769366,-3.279827734434626
g1_body_official_camera_seed37,VAL,p001199,p001199_a001398_000011,36.1282784189018,89.39941922213656,17.9021892408354,41.961771945592936,0.97607421875,6.348594360225494,-0.015467470469339162
g1_body_official_camera_seed37,VAL,p001199,p001199_a001398_000014,31.797074579855494,82.07179273324991,16.15316769487331,39.3853371439214,0.9775390625,4.9385199014363135,-2.168113402085204
g1_body_official_camera_seed37,VAL,p001199,p001199_a001398_000017,30.18608894934622,81.56839583527001,14.784997089529728,39.02067032267308,0.9814453125,3.971957442041571,-3.0725111496705964
g1_body_official_camera_seed37,VAL,p001199,p001199_a001398_000021,33.80335079603145,85.95071321071175,17.35887950094762,39.85812748579631,0.9814453125,5.733828746724178,-1.8595897342027499
g1_body_official_camera_seed37,VAL,p001199,p001199_a001398_000024,38.3452682057284,98.00300427228402,16.98997219804874,40.39644995616147,0.97802734375,5.413299701072848,-2.1750221631784115
g1_body_official_camera_seed37,VAL,p001201,p001201_a005135_000002,42.29632871352448,104.31206941444471,18.962399491595548,47.45162512293909,0.96484375,8.549872789318306,12.246739613452206
g1_body_official_camera_seed37,VAL,p001201,p001201_a005135_000007,48.27388382859486,99.59611871236216,14.923061789060256,38.01920557041662,0.9873046875,4.6837236155576605,6.800726690455765
g1_body_official_camera_seed37,VAL,p001201,p001201_a005135_000011,47.44141322231309,110.94340031081116,17.709637690767906,51.79515590751497,0.94677734375,7.325104432326993,10.420927368402566
g1_body_official_camera_seed37,VAL,p001201,p001201_a005135_000016,42.334198105132685,110.52022331638095,21.03149877576646,49.64003999144847,0.953125,10.876106978238948,16.56359643999543
g1_body_official_camera_seed37,VAL,p001201,p001201_a005135_000021,45.35049222949559,102.86574443041253,17.21513607251952,44.61056933833495,0.9755859375,7.2735681425115075,10.982997069305924
g1_body_official_camera_seed37,VAL,p001201,p001201_a005135_000026,52.02912662565396,102.70568041142171,14.977909555709218,37.46555897260797,0.98876953125,4.020009541463844,2.413037669263673
g1_body_official_camera_seed37,VAL,p001201,p001201_a005135_000030,44.49531839486836,109.32990084294431,20.995906340030743,52.235034350871416,0.9296875,10.568758491727746,14.78365812488569
g1_body_official_camera_seed37,VAL,p001201,p001201_a005135_000035,46.447188775769355,103.91050783130027,17.201816870478645,43.59831820723955,0.98095703125,6.121433117376672,10.683771394093732
g1_body_official_camera_seed37,TRAIN,p001202,p001202_a001230_000002,35.09802805060745,87.1634986576783,17.648523003073322,67.83190595978739,0.8955078125,-0.8125791404001674,-3.2216777208463725
g1_body_official_camera_seed37,TRAIN,p001202,p001202_a001230_000009,35.89407874656096,95.48240867848392,16.957634064112334,72.95765232395746,0.8818359375,-1.3233208203481226,5.018684408435092
g1_body_official_camera_seed37,TRAIN,p001202,p001202_a001230_000015,33.1069750824486,84.10394933034559,17.372904810119355,64.97058059872417,0.90087890625,-0.4694907170193794,-3.4915366538547374
g1_body_official_camera_seed37,TRAIN,p001202,p001202_a001230_000021,35.202333444805035,87.47080818151751,17.876044435970087,65.95782546128088,0.88525390625,-1.11794637641907,-2.3589318435617628
g1_body_official_camera_seed37,TRAIN,p001202,p001202_a001230_000028,32.03453929764055,83.08949845327656,16.58135912786269,62.937066489660076,0.91259765625,-3.254094369119798,-2.2522010768012777
g1_body_official_camera_seed37,TRAIN,p001202,p001202_a001230_000034,31.14358054733426,92.39540661073089,15.868561500854488,71.1885736589566,0.90283203125,-3.5255010773242734,5.5923107583753335
g1_body_official_camera_seed37,TRAIN,p001202,p001202_a001230_000040,31.332329885280885,90.09388780743156,16.19845187424922,71.11719438000674,0.89697265625,-1.9557446922197244,6.119999439334876
g1_body_official_camera_seed37,TRAIN,p001202,p001202_a001230_000047,31.75896615575129,73.91640427382166,16.713391404669984,54.42806384592271,0.93017578125,-3.006793228445243,-12.897126678235168
g1_body_official_camera_seed37,TRAIN,p001202,p001202_a005135_000001,8.587024351064326,40.83361357776834,7.864800010867708,42.128138012760076,0.96337890625,-1.487753770618169,3.805884564393544
g1_body_official_camera_seed37,TRAIN,p001202,p001202_a005135_000005,13.60250271546366,42.97971622478249,8.965894688479978,42.45399676877703,0.9638671875,0.0516556338669929,3.9413667914124773
g1_body_official_camera_seed37,TRAIN,p001202,p001202_a005135_000008,8.307305716589834,40.374292205237815,8.32890908317199,41.12312984950377,0.9716796875,-1.2462009573431292,3.386573934102742
g1_body_official_camera_seed37,TRAIN,p001202,p001202_a005135_000012,9.775933485266197,48.227583695500385,8.872795361556758,48.475781526993316,0.9521484375,-1.165565184720478,11.118720276838637
g1_body_official_camera_seed37,TRAIN,p001202,p001202_a005135_000015,13.452491780076496,48.79455745354043,9.472336341174087,52.58510009269242,0.9462890625,-0.3107477830804104,13.20842709923945
g1_body_official_camera_seed37,TRAIN,p001202,p001202_a005135_000019,8.992566411992607,39.53098497042683,8.592358612097954,41.09392873797803,0.97216796875,-0.6851372711369521,4.415455216537808
g1_body_official_camera_seed37,TRAIN,p001202,p001202_a005135_000022,8.940558822288327,36.951160052700054,7.997101939751867,39.05575255966237,0.978515625,-1.1479116982192652,-1.0731220324355704
g1_body_official_camera_seed37,TRAIN,p001202,p001202_a005135_000026,9.597171472146702,38.58358618102988,8.773683055785986,37.98068002319375,0.97412109375,-0.43274970864114515,-0.27746778029850816
g1_body_official_camera_seed37,TRAIN,p001203,p001203_a000032_000003,45.824768638669866,111.78231535938106,17.375239306274967,50.824037088309225,0.94140625,1.2656992649667416,5.502296800264489
g1_body_official_camera_seed37,TRAIN,p001203,p001203_a000032_000009,38.636347580754006,109.14179480665656,19.02338298108903,54.7113373605442,0.92431640625,1.685105614735246,10.493227168828952
g1_body_official_camera_seed37,TRAIN,p001203,p001203_a000032_000016,44.70687680073368,113.1732721181453,17.55047674662703,51.091285451570464,0.93896484375,0.7608070984694635,6.194363890645214
g1_body_official_camera_seed37,TRAIN,p001203,p001203_a000032_000022,47.50019584827912,109.53884192461008,16.94328906170111,46.818411009188786,0.96630859375,-1.0891660811084058,0.5594878716333156
g1_body_official_camera_seed37,TRAIN,p001203,p001203_a000032_000029,47.00039150193426,108.04123883718181,16.919961558680647,46.162682089618286,0.9716796875,-0.8219261416653012,2.795754738004476
g1_body_official_camera_seed37,TRAIN,p001203,p001203_a000032_000035,40.827560051271796,106.50770741684352,17.977116035691083,49.576049772222994,0.9541015625,1.794879532893539,4.117451702125273
g1_body_official_camera_seed37,TRAIN,p001203,p001203_a000032_000042,41.88229587144071,106.54258393584169,18.103662901700964,54.02115223894476,0.9306640625,2.5535225616594275,10.874374767877306
g1_body_official_camera_seed37,TRAIN,p001203,p001203_a000032_000048,36.47758827667691,109.14877299458145,21.252559297618493,57.93920143609859,0.90576171875,4.3077057418847495,14.257908121161059
g1_body_official_camera_seed37,TRAIN,p001204,p001204_a003011_000001,46.257583589073,100.47108728208705,13.76773859980161,53.44576691267914,0.94091796875,1.4106944040673852,7.9072410726482545
g1_body_official_camera_seed37,TRAIN,p001204,p001204_a003011_000003,60.645550431726235,123.39323106862973,20.409058507820134,53.20619948956396,0.939453125,8.233160355502191,7.995843375767727
g1_body_official_camera_seed37,TRAIN,p001204,p001204_a003011_000006,54.0960907578573,114.66548541022391,18.810580355741493,54.78668245769434,0.93408203125,5.639132545261088,7.909792074725573
g1_body_official_camera_seed37,TRAIN,p001204,p001204_a003011_000008,55.154776056869416,108.99535075374027,16.057003565020338,52.70009262724509,0.94287109375,3.1413538525503384,6.618330426763237
g1_body_official_camera_seed37,TRAIN,p001204,p001204_a003011_000010,52.44919892142613,114.3353645768365,17.580137685244445,55.482442642814654,0.93359375,4.570679727697705,6.7576252761407645
g1_body_official_camera_seed37,TRAIN,p001204,p001204_a003011_000012,45.048252785926024,103.0198490249862,14.526058862365677,58.32775163393209,0.93505859375,1.7452536615158891,11.669954248983466
g1_body_official_camera_seed37,TRAIN,p001204,p001204_a003011_000015,43.13831483729723,100.15527006258903,14.464015872093047,57.813029294810285,0.92529296875,2.6910462011878487,13.575859800414392
g1_body_official_camera_seed37,TRAIN,p001204,p001204_a003011_000017,46.201960174641755,108.1412054973554,15.890565025625964,62.26018107114652,0.9248046875,3.9572665738680683,15.236506339835856
g1_body_official_camera_seed37,TRAIN,p001210,p001210_a001226_000002,46.63988552989747,244.4892114008049,46.6963987518011,246.26886713059275,0.52587890625,-2.1900820747655985,12.237898214493867
g1_body_official_camera_seed37,TRAIN,p001210,p001210_a001226_000006,52.367140815323296,237.41411763174344,50.19626218013465,231.32356858183735,0.49658203125,0.9916437073935143,16.06527701254967
g1_body_official_camera_seed37,TRAIN,p001210,p001210_a001226_000010,52.74263822075427,240.56492494514725,51.25977948544272,235.95668770244117,0.490234375,0.5271727282514576,1.0095482801762046
g1_body_official_camera_seed37,TRAIN,p001210,p001210_a001226_000014,48.87482366792047,231.96491655250725,49.01811868487871,231.11688917467467,0.50732421875,-2.9385044925902193,4.3036887264579775
g1_body_official_camera_seed37,TRAIN,p001210,p001210_a001226_000018,52.275249797130215,238.38089921453474,50.439783375562044,232.75368881068562,0.49609375,0.45274702967655855,6.688166688922706
g1_body_official_camera_seed37,TRAIN,p001210,p001210_a001226_000022,50.44754880088513,263.14399099659244,49.570950115264864,258.12588230679097,0.50537109375,0.895658738595003,13.1162330937577
g1_body_official_camera_seed37,TRAIN,p001210,p001210_a001226_000026,49.442475978098685,240.6147970260247,48.45725110486295,235.59521137068023,0.51416015625,-0.27385956151059077,10.197099411430628
g1_body_official_camera_seed37,TRAIN,p001210,p001210_a001226_000030,46.28957504935961,223.39657994549447,45.178265809440866,227.0129820094865,0.53515625,-4.02813377249489,16.41294726005509
g1_body_official_camera_seed37,TRAIN,p001216,p001216_a001423_000001,86.39376705761538,183.59484302002517,22.53915639943664,79.2633183752254,0.82666015625,5.190512631235418,14.433207087859401
g1_body_official_camera_seed37,TRAIN,p001216,p001216_a001423_000004,99.360825307055,200.03612364297817,23.414001967856944,81.08084780519928,0.79052734375,6.821466269603267,14.16931184255705
g1_body_official_camera_seed37,TRAIN,p001216,p001216_a001423_000007,93.6300643152635,193.67113693830643,21.312925904698496,79.67294928071286,0.81591796875,6.301150968676694,11.194616982696786
g1_body_official_camera_seed37,TRAIN,p001216,p001216_a001423_000010,81.90461471517197,183.81277359248202,22.748626568168955,88.669272104859,0.7978515625,4.909421383493619,22.86702936749262
g1_body_official_camera_seed37,TRAIN,p001216,p001216_a001423_000013,85.13184637102532,191.76727107063604,23.371638424932556,91.30079263443187,0.78857421875,5.838565062455508,21.979878920274814
g1_body_official_camera_seed37,TRAIN,p001216,p001216_a001423_000016,93.5489683576112,199.70538482622882,26.250213083118304,87.473978880805,0.765625,8.401570136762416,19.79841037246962
g1_body_official_camera_seed37,TRAIN,p001216,p001216_a001423_000019,83.37555941778018,188.79797831308844,23.02841754428509,88.23524169489511,0.796875,5.085319886632803,20.6997841393122
g1_body_official_camera_seed37,TRAIN,p001216,p001216_a001423_000022,94.56564007313723,201.26951872589316,29.901727068029484,88.32204707843029,0.736328125,11.196246681123185,23.591662206860477
g1_body_official_camera_seed37,TRAIN,p001225,p001225_a005341_000001,105.03470326746084,202.60498810436005,24.978459787684088,74.29776554532259,0.81103515625,8.959092553484961,21.808114349979505
g1_body_official_camera_seed37,TRAIN,p001225,p001225_a005341_000005,120.02371148725189,225.76495715654517,24.8901749135115,93.05468206051334,0.779296875,8.568590243218352,40.173595944821024
g1_body_official_camera_seed37,TRAIN,p001225,p001225_a005341_000009,101.60055234016325,203.46629672830986,25.468081776764812,78.39883186929261,0.79345703125,9.043964306459284,21.315874001134766
g1_body_official_camera_seed37,TRAIN,p001225,p001225_a005341_000013,111.73602700102525,217.31940220606276,29.185538691739296,91.85798720322946,0.748046875,11.911795879889652,37.97423381804637
g1_body_official_camera_seed37,TRAIN,p001225,p001225_a005341_000016,113.59689398012819,213.93596214088657,25.08266239613922,88.70880153654126,0.77197265625,8.688623948934634,37.74790981593312
g1_body_official_camera_seed37,TRAIN,p001225,p001225_a005341_000020,115.43207866957161,222.19710975692243,27.19401442676241,93.03145065463113,0.7431640625,9.926434116170963,37.156713643581504
g1_body_official_camera_seed37,TRAIN,p001225,p001225_a005341_000024,109.97946761727457,217.30737288677383,25.97617890574715,86.93472221657834,0.78369140625,9.048211698665778,29.506150957293208
g1_body_official_camera_seed37,TRAIN,p001225,p001225_a005341_000028,101.92290507824043,203.61010965432575,26.273696391263393,75.77860131654329,0.79931640625,8.813306825807832,18.12547257292738
g1_body_official_camera_seed37,TRAIN,p001226,p001226_a000223_000006,13.529933053191183,57.08663709518033,14.089686703243874,58.9051059875394,0.9189453125,1.6653372284589967,20.173998417099895
g1_body_official_camera_seed37,TRAIN,p001226,p001226_a000223_000021,13.131233757134547,58.35978614710147,13.392081400688678,60.89165048514411,0.9169921875,1.413861390267769,21.50115406332472
g1_body_official_camera_seed37,TRAIN,p001226,p001226_a000223_000036,18.945707046299045,69.17986427858769,19.603313412427063,60.24877455528811,0.888671875,8.50834887796351,19.39885842718219
g1_body_official_camera_seed37,TRAIN,p001226,p001226_a000223_000051,15.671373961523532,52.681977306473,14.418504405076767,51.10399575869977,0.94482421875,2.75248989036751,15.379768761720243
g1_body_official_camera_seed37,TRAIN,p001226,p001226_a000223_000066,20.160222162055348,61.046584078923765,14.99363805509632,53.14737929267754,0.9375,1.8525339051055703,16.38368315139791
g1_body_official_camera_seed37,TRAIN,p001226,p001226_a000223_000081,24.20520855401502,64.23699867661058,13.653111250384615,53.218022653640034,0.93896484375,2.866634753580959,15.370942156449281
g1_body_official_camera_seed37,TRAIN,p001226,p001226_a000223_000096,16.26574682718079,53.81246671416288,15.28774670417463,53.26311040957983,0.93603515625,2.7523272608482685,14.326556416673576
g1_body_official_camera_seed37,TRAIN,p001226,p001226_a000223_000111,16.932833052075416,54.43935384677881,14.402217110115512,54.23272868276504,0.93310546875,1.7089925853960963,16.388501269531332
g1_body_official_camera_seed37,TRAIN,p001231,p001231_a000029_000001,27.541760042345178,112.63034380878564,21.576930972922675,101.50479112898549,0.81640625,1.9310825149108695,-3.338733499231637
g1_body_official_camera_seed37,TRAIN,p001231,p001231_a000029_000003,27.19012117248633,106.21297533151044,19.162339776324846,93.89092786356814,0.8154296875,-0.1746099793525353,-6.934479727665931
g1_body_official_camera_seed37,TRAIN,p001231,p001231_a000029_000005,29.27546984046209,102.85006607651195,20.635618792909625,87.57277694519182,0.83935546875,1.1252787574472372,-18.992373724007706
g1_body_official_camera_seed37,TRAIN,p001231,p001231_a000029_000007,27.06773622928528,103.76025584632859,20.75933006466947,93.54672953873093,0.82373046875,1.700980017470357,-2.161459778349254
g1_body_official_camera_seed37,TRAIN,p001231,p001231_a000029_000008,28.971348390844987,99.22357785063187,22.124653142721865,88.51493016854593,0.818359375,2.2263624191973754,-19.99104130123139
g1_body_official_camera_seed37,TRAIN,p001231,p001231_a000029_000010,29.11677554246087,104.02858606710059,21.28689402243663,91.63321941562847,0.83203125,2.0794688055228683,-11.166156170358178
g1_body_official_camera_seed37,TRAIN,p001231,p001231_a000029_000012,28.05268289358302,97.29423773838649,20.873359594636337,86.82826575896685,0.84375,1.7031227391711745,-23.21960521062833
g1_body_official_camera_seed37,TRAIN,p001231,p001231_a000029_000014,27.5881601752859,94.53013548027242,19.343515301401474,81.26623710531831,0.85791015625,-0.1278890045195915,-13.649354481346819
g1_body_official_camera_seed37,TRAIN,p001231,p001231_a000075_000003,17.977044050370576,61.105386572058634,13.103855561741181,57.204388726040676,0.9345703125,0.7313431624495337,6.309008223925318
g1_body_official_camera_seed37,TRAIN,p001231,p001231_a000075_000012,9.559149360927618,58.984925115082866,10.030227626538881,60.84355121143103,0.9306640625,-2.207187708589908,11.058446424421504
g1_body_official_camera_seed37,TRAIN,p001231,p001231_a000075_000020,9.955118141227747,50.6068087465813,10.062671081605227,50.23295979448308,0.94921875,-1.5369704651678457,4.9549194882813055
g1_body_official_camera_seed37,TRAIN,p001231,p001231_a000075_000029,18.762598798283395,70.54932630410333,16.208981073481056,71.72508544185982,0.88330078125,0.7892900482736422,10.554324575488891
g1_body_official_camera_seed37,TRAIN,p001231,p001231_a000075_000037,16.170964866047587,70.16984376795564,15.482758486951193,73.45990497743541,0.86962890625,-0.21292403850019959,12.471001022238411
g1_body_official_camera_seed37,TRAIN,p001231,p001231_a000075_000046,14.652172496824793,58.91386467174305,10.483605555296727,52.33298073421104,0.9423828125,-2.099447629513932,4.831770562991238
g1_body_official_camera_seed37,TRAIN,p001231,p001231_a000075_000054,12.265410072139954,56.448900417372336,10.705649108482056,51.803485870754756,0.943359375,0.1932033239193487,1.8750084271608571
g1_body_official_camera_seed37,TRAIN,p001231,p001231_a000075_000063,10.156487579950166,65.6126963565593,9.758269375804003,63.22880979444414,0.92626953125,-0.6468015840822776,8.531692085122934
g1_body_official_camera_seed37,TRAIN,p001231,p001231_a000214_000004,45.91697044878504,122.097685027121,38.12927780151986,103.08174338563002,0.6484375,4.783758470066772,16.573579061342542
g1_body_official_camera_seed37,TRAIN,p001231,p001231_a000214_000016,42.38273320584935,103.23170094921038,21.981235885355694,75.48268570381538,0.86083984375,-7.155708701105485,-1.555914410698037
g1_body_official_camera_seed37,TRAIN,p001231,p001231_a000214_000027,30.012346341549915,111.14528926883493,27.28537287277002,103.58314890098484,0.685546875,-13.475755053730971,-10.797593006558756
g1_body_official_camera_seed37,TRAIN,p001231,p001231_a000214_000038,18.936498333302104,92.72328772357743,18.376667371103203,91.40951552972805,0.8134765625,0.8787387671817548,10.855453279608739
g1_body_official_camera_seed37,TRAIN,p001231,p001231_a000214_000049,18.09883954117648,67.78439804947563,16.269280515217197,72.01148984968837,0.873046875,0.7451934678548824,6.565044521367966
g1_body_official_camera_seed37,TRAIN,p001231,p001231_a000214_000060,24.26954042896647,76.10612595744179,21.064090716566152,78.67361698129196,0.80224609375,1.7765935266025146,11.962822704822585
g1_body_official_camera_seed37,TRAIN,p001231,p001231_a000214_000071,46.81565890540186,118.09082605811318,35.112825028805844,94.30267272816462,0.68408203125,1.466048870417957,10.940939002739952
g1_body_official_camera_seed37,TRAIN,p001231,p001231_a000214_000083,46.241275429867045,112.35036181771437,27.22358060498331,86.60385775585267,0.7646484375,-14.448298200379512,-12.923380003021379
g1_body_official_camera_seed37,TRAIN,p100067,p100067_a005746_000002,56.45361584893545,107.47372157594806,11.672988352874924,106.81678350503317,0.91455078125,-0.6074852298075264,24.521296746823865
g1_body_official_camera_seed37,TRAIN,p100067,p100067_a005746_000008,56.81931388586091,109.76870699879282,11.74676843957878,117.1564729129001,0.91357421875,-0.0022899690458508815,23.598593765427836
g1_body_official_camera_seed37,TRAIN,p100067,p100067_a005746_000014,58.40131812999931,112.9130234124391,12.202131526977402,103.07946691133175,0.91064453125,0.3607121079621969,13.901455550358335
g1_body_official_camera_seed37,TRAIN,p100067,p100067_a005746_000020,63.44933046139239,117.13255774143526,12.246771148689197,110.45387738725493,0.92431640625,0.49063926963961,25.42898731828214
g1_body_official_camera_seed37,TRAIN,p100067,p100067_a005746_000026,70.29916817957928,119.50927094478017,11.673347432793927,98.60971025226183,0.9072265625,-0.21872726534939524,12.045757349550755
g1_body_official_camera_seed37,TRAIN,p100067,p100067_a005746_000032,65.81144024281228,118.25598180884296,12.557902836870422,119.59750669694746,0.90283203125,0.4334683426812518,23.186595430544045
g1_body_official_camera_seed37,TRAIN,p100067,p100067_a005746_000038,58.100740600121924,114.62142891917992,13.272715925079346,123.96704429598965,0.91357421875,0.9374775898814036,31.13333915519614
g1_body_official_camera_seed37,TRAIN,p100067,p100067_a005746_000044,64.1861295069146,117.94199448850286,12.024169931437262,105.10934077133486,0.9111328125,-0.5850821941225597,24.064253429068003
g1_body_official_camera_seed37,TRAIN,p100069,p100069_a005191_000006,66.73193483691124,114.46807186531106,8.753530548786276,36.24187132829812,0.98046875,-0.09227714509066942,-1.512722209635882
g1_body_official_camera_seed37,TRAIN,p100069,p100069_a005191_000021,63.489751042118925,110.60596242072391,9.646293933384463,41.902265185936855,0.978515625,1.1159810720107455,2.4387764447766713
g1_body_official_camera_seed37,TRAIN,p100069,p100069_a005191_000037,81.91860949225361,122.62020467355751,11.927494156593943,77.20929624013313,0.91015625,2.469879733255395,39.62106008736115
g1_body_official_camera_seed37,TRAIN,p100069,p100069_a005191_000052,71.55862765353507,112.91965823236211,9.973977352402008,37.476317457833574,0.97998046875,-1.6657539450695236,-3.5487780113177223
g1_body_official_camera_seed37,TRAIN,p100069,p100069_a005191_000068,62.257293049608165,97.80552999399976,9.121901965146147,35.3229058642089,0.9794921875,-1.121437146822224,-8.070254295559486
g1_body_official_camera_seed37,TRAIN,p100069,p100069_a005191_000083,92.44904810877473,128.77277930231753,10.825606343901844,87.6723377113969,0.89892578125,1.489259419233493,45.308238457151504
g1_body_official_camera_seed37,TRAIN,p100069,p100069_a005191_000099,74.0838319726405,121.7948905501073,9.400247465681641,38.45837829798111,0.9765625,-0.45552877369310174,-4.497588997516246
g1_body_official_camera_seed37,TRAIN,p100069,p100069_a005191_000114,58.27638841927683,93.14933205445716,10.248435771557887,52.53024745660959,0.94482421875,-3.1959628692842497,0.3728369400426459
g1_body_official_camera_seed37,TRAIN,p100069,p100069_a005746_000002,31.40020484259474,78.39184857219816,11.856607835771156,83.396013222785,0.94140625,-0.8570201511381779,-5.032532651621011
g1_body_official_camera_seed37,TRAIN,p100069,p100069_a005746_000008,26.30148819758474,77.06616267593259,10.817462439033818,65.38985360930431,0.9462890625,-0.9989825304013085,-13.763307681433574
g1_body_official_camera_seed37,TRAIN,p100069,p100069_a005746_000014,22.12636656410626,71.45002395080682,9.512308572251253,55.866556515379266,0.9404296875,-3.0897056010078714,-34.637165521916906
g1_body_official_camera_seed37,TRAIN,p100069,p100069_a005746_000020,27.536742154785053,77.89038067025407,11.08957219891527,55.82465433148484,0.94189453125,-0.9665392881687822,-29.002949144970074
g1_body_official_camera_seed37,TRAIN,p100069,p100069_a005746_000027,29.94579663620543,78.26393499379127,11.354488266038441,52.230503115938326,0.939453125,-1.0243512167139333,-34.91633455106105
g1_body_official_camera_seed37,TRAIN,p100069,p100069_a005746_000033,26.942222298969448,78.81156791076923,11.423358254520394,54.96413374696678,0.93603515625,-0.594914765502903,-31.73768537088465
g1_body_official_camera_seed37,TRAIN,p100069,p100069_a005746_000039,30.57916903031459,75.69431998349319,11.406663889400008,50.87167488044797,0.9482421875,-0.38903226533400925,-34.90136201827812
g1_body_official_camera_seed37,TRAIN,p100069,p100069_a005746_000045,27.863279310352738,85.72043216896951,11.313817968648674,72.17165566761072,0.91650390625,-1.0017208032556937,-20.187070481606582
g1_body_official_camera_seed37,TRAIN,p100072,p100072_a001242_000006,39.30469133253219,97.80091904705431,19.270592523175804,106.09962503613517,0.8388671875,6.674537763283929,60.97301726069646
g1_body_official_camera_seed37,TRAIN,p100072,p100072_a001242_000020,38.24608798670637,103.66912486561488,22.709250340780567,121.88868817204761,0.794921875,10.513321757706276,76.76832867596954
g1_body_official_camera_seed37,TRAIN,p100072,p100072_a001242_000034,26.078496358784264,125.58120793042845,24.476779908467023,117.473399618868,0.78466796875,9.20589489877772,69.84945677359924
g1_body_official_camera_seed37,TRAIN,p100072,p100072_a001242_000048,34.14835829835478,353.67461441599994,35.21384895452042,349.4785180061216,0.66015625,12.273846607789512,210.99712567545802
g1_body_official_camera_seed37,TRAIN,p100072,p100072_a001242_000063,31.019166875113072,327.46502498665984,31.327852211728715,323.1979979474227,0.68359375,9.020645514785297,219.96685010475878
g1_body_official_camera_seed37,TRAIN,p100072,p100072_a001242_000077,27.186665674787374,122.8951049965698,26.761927932176633,144.38518218432287,0.765625,10.297881268559692,96.85327331685733
g1_body_official_camera_seed37,TRAIN,p100072,p100072_a001242_000091,53.32773560388301,139.2972903788796,21.42220504962219,182.38031966002598,0.82080078125,8.96520290601245,133.59237953577275
g1_body_official_camera_seed37,TRAIN,p100072,p100072_a001242_000105,26.39788814347,113.88069166308594,23.154833390188106,139.89252152395522,0.78466796875,11.601727118616026,94.20400476107989
g1_body_official_camera_seed37,TRAIN,p100085,p100085_a000042_000001,49.08013833609375,81.10572502889538,14.48735783123862,54.16027978582796,0.9345703125,1.5684690803115728,3.074509236164353
g1_body_official_camera_seed37,TRAIN,p100085,p100085_a000042_000002,50.57817603113483,84.12707296994309,14.739440279373774,54.402752814731144,0.93701171875,1.6508243672215919,1.3078315732953385
g1_body_official_camera_seed37,TRAIN,p100085,p100085_a000042_000004,52.44593235999726,84.6426584226098,14.443591292412748,56.00762471741242,0.9326171875,1.1170101056667185,2.370356693263595
g1_body_official_camera_seed37,TRAIN,p100085,p100085_a000042_000006,52.02874572807384,84.5574095394812,15.125852954716722,53.2330386057672,0.94091796875,2.3491115229712136,1.142267156363161
g1_body_official_camera_seed37,TRAIN,p100085,p100085_a000042_000008,52.29687041128463,85.23902815590797,13.823666525901771,56.582005879402,0.935546875,1.5528783256398935,4.764784176527172
g1_body_official_camera_seed37,TRAIN,p100085,p100085_a000042_000010,51.48932996940455,82.42813930318151,13.853548287076269,59.14109598127372,0.92724609375,1.634953047322261,6.518359726647255
g1_body_official_camera_seed37,TRAIN,p100085,p100085_a000042_000012,53.15028472983796,84.77976781124084,13.86453455404773,61.80058127232663,0.92578125,2.086048724009352,9.557317575880418
g1_body_official_camera_seed37,TRAIN,p100085,p100085_a000042_000013,51.9029949802326,82.18329858881512,14.668379404231997,62.655329211009516,0.92041015625,1.8738353218170847,10.07269603864053
g1_body_official_camera_seed37,TRAIN,p100086,p100086_a001415_000003,46.28355607147992,124.25565452786019,11.974870532717507,44.985478778366065,0.96484375,0.6524437992324863,4.9698409190703785
g1_body_official_camera_seed37,TRAIN,p100086,p100086_a001415_000010,43.78082749856549,115.68328822084776,14.247196092214136,50.138722639599976,0.94921875,2.105531649783,9.207432012613417
g1_body_official_camera_seed37,TRAIN,p100086,p100086_a001415_000017,45.49265917040556,116.63656153615639,10.799417174877378,45.72321260741121,0.9638671875,-0.7331983813319578,4.994471085203202
g1_body_official_camera_seed37,TRAIN,p100086,p100086_a001415_000024,45.877802216295564,116.84623719807169,12.142409432194707,47.31078873891744,0.9599609375,0.7003058939813549,7.022782943889673
g1_body_official_camera_seed37,TRAIN,p100086,p100086_a001415_000032,45.06468783838868,116.57569803300308,11.241933104346522,45.576129748206164,0.95849609375,-0.2778168563409551,6.350960464246711
g1_body_official_camera_seed37,TRAIN,p100086,p100086_a001415_000039,42.39110174189004,111.2236118721703,13.273011231869024,45.93851220714561,0.9609375,1.8154181735140327,4.37423968008369
g1_body_official_camera_seed37,TRAIN,p100086,p100086_a001415_000046,46.924501599564294,117.20608791067205,12.453605131387224,45.66607947044244,0.96044921875,1.040606681445574,2.6966807440169944
g1_body_official_camera_seed37,TRAIN,p100086,p100086_a001415_000053,44.536528476051416,116.57300864960446,15.03433249872392,48.934947721666795,0.95361328125,3.686913739370402,7.328852437617087
g1_body_official_camera_seed37,TRAIN,p100089,p100089_a005814_000004,60.248484850928065,186.4507554691423,51.51582791024459,146.15762374241484,0.49267578125,18.6895942083786,50.38728781393117
g1_body_official_camera_seed37,TRAIN,p100089,p100089_a005814_000014,66.55258958557636,256.8563131504027,60.480292721018735,227.97085038209175,0.4248046875,24.462919319724385,121.14305654553709
g1_body_official_camera_seed37,TRAIN,p100089,p100089_a005814_000024,61.238030465790224,227.4768148148773,58.929786605693685,196.37504837065072,0.43408203125,29.609548786586377,103.59766940548126
g1_body_official_camera_seed37,TRAIN,p100089,p100089_a005814_000034,64.81196749917318,228.41297933336432,61.82304151724013,196.35659908263588,0.416015625,30.233897895909536,101.26499835551499
g1_body_official_camera_seed37,TRAIN,p100089,p100089_a005814_000043,68.72411708436366,265.3688673761877,60.663205099702274,234.21006975746297,0.4326171875,30.806260699611105,139.63552783315436
g1_body_official_camera_seed37,TRAIN,p100089,p100089_a005814_000053,58.2303412317291,183.76737944705468,45.40631919094993,149.12258115816024,0.54296875,15.45294706205734,58.542334072317445
g1_body_official_camera_seed37,TRAIN,p100089,p100089_a005814_000063,59.00092543283152,201.0762364272611,53.172331667515905,161.35605518357556,0.46923828125,23.347309861166202,73.29640636524758
g1_body_official_camera_seed37,TRAIN,p100089,p100089_a005814_000073,61.63997102148741,208.0372946055515,54.02079751342269,171.41116245917289,0.4580078125,24.514936623408467,80.57463598451284
g1_body_official_camera_seed37,TRAIN,p100090,p100090_a005401_000001,59.47546965400471,130.13682862428016,18.466386643129518,95.49324486741062,0.83251953125,-0.6707777657204375,21.22050084389879
g1_body_official_camera_seed37,TRAIN,p100090,p100090_a005401_000003,60.728602055812075,132.94126061738191,17.174057291069165,91.18907754672219,0.85498046875,-1.7621559370321727,6.988331495923802
g1_body_official_camera_seed37,TRAIN,p100090,p100090_a005401_000005,59.627553968258326,136.33664554895216,17.604876531943766,90.22667682025738,0.8486328125,-2.3809555811304364,12.456366735551597
g1_body_official_camera_seed37,TRAIN,p100090,p100090_a005401_000007,64.66132883134006,137.63889058717598,17.688329544175847,89.77465376262671,0.83642578125,-2.044208560289146,7.66074470464234
g1_body_official_camera_seed37,TRAIN,p100090,p100090_a005401_000009,62.99916315669775,129.1369962205288,17.47976798800268,82.66380370801598,0.85107421875,-2.093253497673768,5.081107801727626
g1_body_official_camera_seed37,TRAIN,p100090,p100090_a005401_000011,57.96734099750286,123.98163883721726,19.364777628636396,84.39477106616172,0.86328125,0.2559925057264465,16.607933709344422
g1_body_official_camera_seed37,TRAIN,p100090,p100090_a005401_000013,64.52758705936213,128.46402589519022,14.729672830232916,85.21293003145499,0.85302734375,-4.822769324461168,4.201634626698379
g1_body_official_camera_seed37,TRAIN,p100090,p100090_a005401_000015,62.291622732441255,139.31802278876424,18.354829182139447,91.7481544615121,0.8505859375,-0.8132680074154877,18.856947272759655
g1_body_official_camera_seed37,TRAIN,p100092,p100092_a001307_000004,32.06007007350745,163.8764116344252,32.320673606485784,145.26940824894757,0.6611328125,7.293145032141219,43.50209028090326
g1_body_official_camera_seed37,TRAIN,p100092,p100092_a001307_000014,30.396798092969995,154.83377774705886,29.809119696121027,140.0126820546106,0.70849609375,6.07820263190359,57.45330347253771
g1_body_official_camera_seed37,TRAIN,p100092,p100092_a001307_000024,21.137824813886475,83.05965578672497,19.375824263370678,83.56223121236664,0.81494140625,1.5048159808082744,23.292067070175015
g1_body_official_camera_seed37,TRAIN,p100092,p100092_a001307_000034,26.48379858271437,96.89421357507375,22.63497501374422,78.15699700805591,0.845703125,1.5879419053048096,10.353215211950385
g1_body_official_camera_seed37,TRAIN,p100092,p100092_a001307_000044,24.710952329467865,82.27928724514948,22.687513010710035,76.1194740382325,0.86181640625,2.8600811237273547,14.770763911253859
g1_body_official_camera_seed37,TRAIN,p100092,p100092_a001307_000054,32.67624488670667,146.34351696693824,32.29857663424825,136.18033356632648,0.63720703125,7.746125007897039,43.030297986255974
g1_body_official_camera_seed37,TRAIN,p100092,p100092_a001307_000064,35.13492880225285,174.19199762068007,39.98827494848313,171.81819136212363,0.607421875,10.201236848554473,58.40914555015607
g1_body_official_camera_seed37,TRAIN,p100092,p100092_a001307_000074,35.66813452717093,195.32471294809082,39.08772606141612,193.4698276061645,0.59521484375,12.67978538044374,83.33228684243197
g1_seed11,VAL,p001194,p001194_a000062_000005,12.775023966559115,49.52145621322376,11.155336553567945,44.5637084978407,0.96826171875,1.1506860610800818,-5.514072646646618
g1_seed11,VAL,p001194,p001194_a000062_000017,14.63821180728751,42.54853427986717,13.205778456561372,46.64017699826793,0.96240234375,3.3702279710191245,-2.949608075744017
g1_seed11,VAL,p001194,p001194_a000062_000029,30.283778449768917,60.94380200097432,17.62835368427306,61.35252674783538,0.90576171875,8.43484714055123,22.20438240418121
g1_seed11,VAL,p001194,p001194_a000062_000041,20.01928410180939,158.19246116009253,16.897872487544795,165.05843966616388,0.84326171875,6.0472314958195135,111.05244806380875
g1_seed11,VAL,p001194,p001194_a000062_000053,27.578660662109943,85.97837020939481,15.64165529820905,97.40179959094914,0.8544921875,4.414721118008723,59.137840097720044
g1_seed11,VAL,p001194,p001194_a000062_000065,29.437067173048245,59.20464618611099,19.0010769141295,61.96409087744563,0.9150390625,10.836850324936583,18.52657604023382
g1_seed11,VAL,p001194,p001194_a000062_000077,11.615623984855723,46.45687291353115,10.314141872817,46.77353484006961,0.96044921875,-1.5592408301533922,-0.2568420684237509
g1_seed11,VAL,p001194,p001194_a000062_000089,10.569482855145061,41.75805339588578,10.656676622297988,41.279549549014384,0.98046875,0.49343587453396154,-3.5040438333655786
g1_seed11,VAL,p001194,p001194_a000986_000010,10.284483288485006,39.053638129982254,9.761764698270643,35.842722499455604,0.98583984375,-0.16590004939693515,-14.600735134639656
g1_seed11,VAL,p001194,p001194_a000986_000036,23.893331279859616,86.71385220057051,21.02250792293943,101.96718850020385,0.77783203125,12.617617109698834,55.798292964390036
g1_seed11,VAL,p001194,p001194_a000986_000062,85.72420439880418,300.60140957492837,49.416677671674094,405.37836405493334,0.505859375,38.5879129575835,357.6360895304268
g1_seed11,VAL,p001194,p001194_a000986_000088,21.44019308420885,44.735805659215224,16.008404863982015,53.601669303377136,0.9375,8.156921569237857,27.450299314646465
g1_seed11,VAL,p001194,p001194_a000986_000114,16.07324413092836,54.959174528371065,14.93245094115128,55.956324400413216,0.93017578125,5.437169349504092,22.29312078543007
g1_seed11,VAL,p001194,p001194_a000986_000140,66.1742071225317,312.1441255361923,41.408736431312995,390.99083945711203,0.58642578125,30.767155247384757,343.4037007137079
g1_seed11,VAL,p001194,p001194_a000986_000166,31.201974320102423,192.16425606901586,23.751057497513877,213.25034382905287,0.68408203125,14.019931819373205,175.1106525803314
g1_seed11,VAL,p001194,p001194_a000986_000192,14.204637528765751,53.18299545247964,11.028876188140309,46.22137461256672,0.96142578125,3.2821745026391573,17.484279351688507
g1_seed11,TRAIN,p001195,p001195_a000053_000006,71.85372319256973,101.98525102191392,12.913348290867177,40.12075284247074,0.9755859375,-160.42748369139122,-173.32917139065728
g1_seed11,TRAIN,p001195,p001195_a000053_000021,69.17276511365472,102.35499793281451,13.953917606562424,41.325534577588236,0.9833984375,-154.7910160973295,-165.30526567051922
g1_seed11,TRAIN,p001195,p001195_a000053_000037,55.93906769988842,173.66228743210024,26.43233533068695,112.82557224200558,0.7587890625,-191.7736981701124,-169.71092800255457
g1_seed11,TRAIN,p001195,p001195_a000053_000052,55.578069145347456,114.41164506013084,15.18706948458458,56.21414507659582,0.92724609375,-199.77762687326515,-207.0995350239821
g1_seed11,TRAIN,p001195,p001195_a000053_000068,76.76745209824814,141.89957769206913,26.158896095974665,61.47149410781042,0.86328125,-188.49490999768324,-210.64864754629406
g1_seed11,TRAIN,p001195,p001195_a000053_000083,89.82827158799127,130.94285658980047,17.204082472881716,42.00223517851326,0.994140625,-166.6768934426473,-180.6328574586583
g1_seed11,TRAIN,p001195,p001195_a000053_000099,38.58551566905575,83.24330439265229,18.407474669284138,46.53663397766243,0.966796875,4.611987221750233,8.232802355859484
g1_seed11,TRAIN,p001195,p001195_a000053_000114,70.80491700238889,107.24657543761185,14.2618663320387,40.22134519887954,0.97314453125,-161.9844532969947,-166.73789719338384
g1_seed11,TRAIN,p001195,p001195_a000986_000011,57.31472152266624,89.30292906712168,10.344771390803547,38.752120916253034,0.990234375,-172.3679397359946,-177.30461954974268
g1_seed11,TRAIN,p001195,p001195_a000986_000039,29.869379571880593,68.81841461644031,17.3697557643114,55.65349831278221,0.923828125,7.147902706273586,15.098574692432045
g1_seed11,TRAIN,p001195,p001195_a000986_000068,65.5970645880716,167.81366428778946,24.486729769817593,204.09832513730237,0.77392578125,6.370547838575511,72.74629285506927
g1_seed11,TRAIN,p001195,p001195_a000986_000096,59.488970159624905,107.24340055150894,21.109187033499524,54.45885794559775,0.9267578125,-142.9752584743521,-141.8038883092046
g1_seed11,TRAIN,p001195,p001195_a000986_000125,36.513127697161046,85.93436930511572,19.411560970273364,51.05843958439978,0.94384765625,2.8083790156705177,-12.301199368618242
g1_seed11,TRAIN,p001195,p001195_a000986_000153,81.44344696619913,142.54976331197005,15.221272999475122,116.18564560233729,0.912109375,-3.210269967040677,34.39081630240915
g1_seed11,TRAIN,p001195,p001195_a000986_000182,80.5307052250935,117.88938998760584,17.29324806927307,55.61883770228704,0.927734375,-143.74455105148965,-147.4027437154349
g1_seed11,TRAIN,p001195,p001195_a000986_000210,40.65439371538397,77.92927430610257,12.216926852969866,37.655590376388346,0.98876953125,-156.65600490654927,-167.25918222390393
g1_seed11,VAL,p001196,p001196_a000388_000011,22.487555485482837,81.61517718504341,20.70716160330108,72.83606106469284,0.88916015625,6.3003713723726715,30.344527233000655
g1_seed11,VAL,p001196,p001196_a000388_000040,39.14424960648435,102.4215327758435,25.45194184104416,78.17244697343098,0.83837890625,11.306939978095732,38.62131703127276
g1_seed11,VAL,p001196,p001196_a000388_000069,24.182339186080235,68.40798807375278,19.246998333566587,83.4947993580322,0.84033203125,8.771988426869298,43.64546099210876
g1_seed11,VAL,p001196,p001196_a000388_000098,25.522861536674426,81.73743549228391,24.52373070381433,82.77914879295922,0.7900390625,12.657125374494758,42.344763226617324
g1_seed11,VAL,p001196,p001196_a000388_000127,22.86185304081401,86.04960244912085,19.824052201976922,80.48025158449674,0.82568359375,7.450747134943613,31.836726415729267
g1_seed11,VAL,p001196,p001196_a000388_000156,50.324400686941125,339.99552110654594,40.76834077702598,350.02112642792963,0.59814453125,26.32784030329063,288.53725582444076
g1_seed11,VAL,p001196,p001196_a000388_000185,25.684287672993612,77.90121514108608,21.57462284852776,95.61650356768232,0.81005859375,8.565578855148733,42.44586959155937
g1_seed11,VAL,p001196,p001196_a000388_000214,21.005050008368855,73.04972808188278,20.749862756064285,74.19335614945533,0.8671875,6.523058089979328,27.345867696296416
g1_seed11,TRAIN,p001197,p001197_a000062_000005,24.084026966183558,63.590740656030476,21.9422832478321,68.8823826837213,0.84326171875,11.747710625474635,14.084074444326902
g1_seed11,TRAIN,p001197,p001197_a000062_000016,23.124936555521714,61.44610651230367,21.313312475866034,63.66737202081894,0.85595703125,11.1165864640124,15.74887559819173
g1_seed11,TRAIN,p001197,p001197_a000062_000028,26.00819046971021,71.43694148587915,22.70099800414998,87.15861755836809,0.76171875,8.474415278205985,35.811441013065135
g1_seed11,TRAIN,p001197,p001197_a000062_000040,39.50614882718852,84.47538302686584,23.009897457581133,99.86777761560546,0.75830078125,5.617153960310738,28.014778701939136
g1_seed11,TRAIN,p001197,p001197_a000062_000052,45.94276645281771,212.74721920404562,16.89937047272126,279.80840908060566,0.8076171875,3.1533143931960232,156.66012322900855
g1_seed11,TRAIN,p001197,p001197_a000062_000064,37.24591069634597,93.22094871372408,18.659966766781263,123.71410049949904,0.81689453125,-2.6887858028936016,38.88987054309196
g1_seed11,TRAIN,p001197,p001197_a000062_000076,38.023338008894974,76.51433159521277,19.720890001917994,97.07345495450845,0.7568359375,2.146189000703451,35.256050000895804
g1_seed11,TRAIN,p001197,p001197_a000062_000087,22.687975082259058,62.36819789193159,19.579630397769158,68.02162021032855,0.87353515625,7.251324659611637,9.525178828515337
g1_seed11,TRAIN,p001197,p001197_a001238_000003,14.994626717937464,92.31894770098718,13.062073541203329,94.02392490449223,0.8427734375,-3.8587082094397616,-1.6341508463567607
g1_seed11,TRAIN,p001197,p001197_a001238_000010,19.371579836392037,108.05352445141538,14.44630343866791,122.18126578231688,0.82568359375,-1.852089939855853,17.41509485479503
g1_seed11,TRAIN,p001197,p001197_a001238_000018,14.948575092609419,94.28062586898406,13.367396057824976,98.59977426117636,0.8427734375,-3.1780556299165497,8.213824831328736
g1_seed11,TRAIN,p001197,p001197_a001238_000025,17.428763001987882,85.91645058148596,12.82496341875435,95.70039333560268,0.8505859375,-3.2932447393725752,-11.626738459144988
g1_seed11,TRAIN,p001197,p001197_a001238_000033,13.799334552473717,103.25230886894079,13.505131203014173,113.75862738492117,0.8251953125,-2.1508684972690126,-16.320791261865935
g1_seed11,TRAIN,p001197,p001197_a001238_000040,15.406090774812881,123.93755245162237,14.45900158062171,130.54269672902714,0.806640625,-0.055733063920934356,33.23102927450641
g1_seed11,TRAIN,p001197,p001197_a001238_000048,16.297343418744173,101.76108557790096,14.242850163679183,107.04515849895733,0.80078125,-1.6154934630382343,2.355598405932639
g1_seed11,TRAIN,p001197,p001197_a001238_000055,13.543084044464837,94.44740852477925,12.363475072148912,101.1941530920498,0.830078125,-3.9275450126114677,-22.747647876644407
g1_seed11,VAL,p001199,p001199_a001398_000001,15.350598227749018,81.31148696341101,14.158005429900205,82.5008820242961,0.78369140625,2.001415812925986,39.33556571284573
g1_seed11,VAL,p001199,p001199_a001398_000004,15.870543418259706,79.47708610470482,14.841158802387056,81.51253587840954,0.798828125,2.433410532646091,42.02791638995524
g1_seed11,VAL,p001199,p001199_a001398_000008,15.91182465204906,80.2992388958808,15.635538103481759,82.12799165100563,0.80810546875,4.254643534084087,38.23074347658546
g1_seed11,VAL,p001199,p001199_a001398_000011,15.326458440879655,83.19414080631392,15.213650251992952,82.77310805307766,0.798828125,3.660055371383045,40.79586863701539
g1_seed11,VAL,p001199,p001199_a001398_000014,15.567213174840354,84.15952228728916,15.765397810165254,83.73049459432765,0.80029296875,4.550750016728257,42.17704404832105
g1_seed11,VAL,p001199,p001199_a001398_000017,14.682791076691768,86.36224704768095,14.606125665278164,86.31737009874875,0.79248046875,3.7930860177900065,44.22418862640508
g1_seed11,VAL,p001199,p001199_a001398_000021,15.210434078694904,83.79161271863387,14.541746464423126,82.1449805116727,0.80517578125,2.9166957101996847,40.42726329167364
g1_seed11,VAL,p001199,p001199_a001398_000024,18.525418829926487,81.8645434919415,15.479849491358513,86.59102896508209,0.78515625,3.903176994382621,44.01955684574221
g1_seed11,VAL,p001201,p001201_a005135_000002,27.492492192134733,60.83819329525769,16.908038847524594,78.1909095359643,0.84521484375,6.495512145247352,42.98602402647741
g1_seed11,VAL,p001201,p001201_a005135_000007,25.762596432122884,56.0100426361298,17.85833321794255,67.42402945814018,0.87841796875,7.618995044439956,36.20555057817933
g1_seed11,VAL,p001201,p001201_a005135_000011,27.54736638583782,75.06875294885688,18.25655514252985,91.59033946044093,0.8359375,7.872021884088939,50.21611092132853
g1_seed11,VAL,p001201,p001201_a005135_000016,27.760486025661944,59.80960747857811,17.754761060323077,75.34057988029106,0.8525390625,7.5993692627955625,42.26413632883802
g1_seed11,VAL,p001201,p001201_a005135_000021,27.830450229456197,58.91468273910977,18.784881829807123,72.29525561865452,0.85986328125,8.84331389979911,38.6676833496255
g1_seed11,VAL,p001201,p001201_a005135_000026,30.10174027352688,62.66223969820398,21.517406105814292,68.85545283252343,0.87841796875,10.559506091568919,33.802931529179126
g1_seed11,VAL,p001201,p001201_a005135_000030,27.612900197781222,64.61522247230984,19.771372090094847,68.48039996455934,0.86572265625,9.34422424179185,31.029023738573613
g1_seed11,VAL,p001201,p001201_a005135_000035,29.656442519936792,61.98157183119777,21.3703972019386,70.99270523087314,0.86767578125,10.290013448836628,38.07815841772732
g1_seed11,TRAIN,p001202,p001202_a001230_000002,42.97920282927156,145.90433309461676,16.936386741599843,110.37961825788807,0.80224609375,-1.524715401873646,39.326034577254305
g1_seed11,TRAIN,p001202,p001202_a001230_000009,44.030407201596965,155.0455026176086,16.662165987372916,115.23936670015196,0.8095703125,-1.6187888970875406,47.30039878462959
g1_seed11,TRAIN,p001202,p001202_a001230_000015,41.0816016440914,149.98089017460023,17.03704946507675,114.10837494479922,0.7958984375,-0.8053460620619859,45.64625769222032
g1_seed11,TRAIN,p001202,p001202_a001230_000021,46.301001976593476,156.4595707154595,18.363966420447618,115.27878033326833,0.7919921875,-0.6300243919415394,46.96202302842569
g1_seed11,TRAIN,p001202,p001202_a001230_000028,43.91747688777551,146.87576024290559,17.142829895620203,105.28575710744197,0.81201171875,-2.6926236013622855,40.09648954098061
g1_seed11,TRAIN,p001202,p001202_a001230_000034,43.90336435171922,150.69757709344685,16.5956140616111,113.03211662193955,0.8154296875,-2.7984485165676602,47.435853721358285
g1_seed11,TRAIN,p001202,p001202_a001230_000040,45.14075092536301,150.4930216362012,17.657647003557134,112.33340882777787,0.7998046875,-0.4965495629118095,47.33621388710601
g1_seed11,TRAIN,p001202,p001202_a001230_000047,45.825757877086744,137.52176260106444,17.568265264757393,99.27581265816342,0.830078125,-2.1519193683578344,31.950622134005542
g1_seed11,TRAIN,p001202,p001202_a005135_000001,9.715117351450754,51.492613182962,10.149657544450424,55.004081730688945,0.93017578125,0.7971037629645465,16.681828282322414
g1_seed11,TRAIN,p001202,p001202_a005135_000005,11.1168228858308,52.35672905609303,11.555528620023372,56.78456450283833,0.92822265625,2.6412895654103874,18.271934525473775
g1_seed11,TRAIN,p001202,p001202_a005135_000008,13.377524125922914,60.87825723191354,12.13821534874646,59.26518491442844,0.9052734375,2.563105308231341,21.52862899902741
g1_seed11,TRAIN,p001202,p001202_a005135_000012,16.06709076341894,62.290518356970836,12.301660444338077,54.46815609404754,0.9267578125,2.2632998980608416,17.111094843892865
g1_seed11,TRAIN,p001202,p001202_a005135_000015,16.87866370226329,47.19486603346288,11.320663088550607,56.8403904221133,0.92041015625,1.5375789642961095,17.46371742866033
g1_seed11,TRAIN,p001202,p001202_a005135_000019,12.73071536450772,60.00614267131717,12.48915768362806,61.13871643909567,0.91259765625,3.211661800393154,24.460242917655442
g1_seed11,TRAIN,p001202,p001202_a005135_000022,11.995361508708246,56.52656042723204,12.20019418252502,58.28342726549758,0.921875,3.055180544553888,18.154552673399635
g1_seed11,TRAIN,p001202,p001202_a005135_000026,11.188953614591213,50.20837970644503,10.68456244780382,54.72655419296304,0.9345703125,1.4781296833766895,16.468406389470786
g1_seed11,TRAIN,p001203,p001203_a000032_000003,27.51810241580562,63.81240636566211,16.84830749593351,76.48391417505192,0.8447265625,0.738767454625286,31.162173887007185
g1_seed11,TRAIN,p001203,p001203_a000032_000009,26.98003515337901,68.34792790807255,17.143462934564486,82.66468446278031,0.83740234375,-0.1948144317892968,38.44657427106507
g1_seed11,TRAIN,p001203,p001203_a000032_000016,28.233431224516025,68.75103193625927,20.16954867324074,81.45985145466567,0.82080078125,3.3798790250831736,36.56292989374042
g1_seed11,TRAIN,p001203,p001203_a000032_000022,27.43295001680185,68.66648742561752,16.680624025632735,81.66567490868907,0.84912109375,-1.3518311171767792,35.4067517711336
g1_seed11,TRAIN,p001203,p001203_a000032_000029,24.32289739063362,70.18114431299942,17.81875266576639,81.37374187231845,0.8388671875,0.07686496542044097,38.00681452070464
g1_seed11,TRAIN,p001203,p001203_a000032_000035,29.48335178740568,64.22521394971287,18.70950746992913,82.48761127836083,0.81689453125,2.527270967131585,37.02901320826311
g1_seed11,TRAIN,p001203,p001203_a000032_000042,21.835533791955882,69.50991255531471,16.105726785338742,80.15427083237799,0.84375,0.5555864452972052,37.00749336131054
g1_seed11,TRAIN,p001203,p001203_a000032_000048,29.16822010605833,64.08442660098945,18.602565794997865,80.35443737632674,0.8310546875,1.6577122392641215,36.67314406138921
g1_seed11,TRAIN,p001204,p001204_a003011_000001,21.206185652293474,81.549800134404,20.456310428133573,85.61255103158291,0.81640625,8.099266232399348,40.074025191552025
g1_seed11,TRAIN,p001204,p001204_a003011_000003,22.070793023142755,81.62673945165353,19.664470213490123,88.32818964156887,0.79443359375,7.48857206117218,43.11783352777264
g1_seed11,TRAIN,p001204,p001204_a003011_000006,21.946051478207014,79.09458042491535,21.753714574558906,85.02345764478949,0.78955078125,8.5822667640785,38.14656726182072
g1_seed11,TRAIN,p001204,p001204_a003011_000008,21.250148748352892,75.2415310473895,20.15508236800752,79.86495357065161,0.810546875,7.23943265553752,33.78319137016975
g1_seed11,TRAIN,p001204,p001204_a003011_000010,22.3314095818237,86.1473747843009,21.239476515459,91.53273406918069,0.78857421875,8.23001855791226,42.8079167025068
g1_seed11,TRAIN,p001204,p001204_a003011_000012,20.59898486671321,85.6942063721942,19.98579973857128,88.99171605569987,0.8037109375,7.204994537721493,42.333918670751245
g1_seed11,TRAIN,p001204,p001204_a003011_000015,20.524238095756818,83.92976946682728,20.219200261260074,88.23004890486999,0.78759765625,8.446230590354876,43.992879410474096
g1_seed11,TRAIN,p001204,p001204_a003011_000017,22.4199519347145,82.35696147192945,21.733470255166765,88.81348694462487,0.78369140625,9.800171803408869,41.78981221331421
g1_seed11,TRAIN,p001210,p001210_a001226_000002,52.136312812607436,261.5388915505052,48.39062300567181,261.09168561579554,0.51220703125,-0.4958578208948836,27.060716699696655
g1_seed11,TRAIN,p001210,p001210_a001226_000006,49.96647430645291,248.1849156386989,47.52246008440294,240.47584431861995,0.5234375,-1.6821583883382019,25.21755274933227
g1_seed11,TRAIN,p001210,p001210_a001226_000010,56.442870789931106,262.4622219706163,50.203849023935774,244.80239115094201,0.498046875,-0.5287577332554889,9.855251728677047
g1_seed11,TRAIN,p001210,p001210_a001226_000014,52.786627454824384,260.68028683468543,48.494813195280145,245.59327968644504,0.509765625,-3.4618099821887824,18.780079238228353
g1_seed11,TRAIN,p001210,p001210_a001226_000018,56.55895180091875,268.5351385860664,49.738104513375504,255.64446731200258,0.50146484375,-0.24893183250998163,29.578945190239665
g1_seed11,TRAIN,p001210,p001210_a001226_000022,50.302140602114335,261.84974658835625,47.021112388708254,260.144996855492,0.5234375,-1.6541789879616076,15.135347642458754
g1_seed11,TRAIN,p001210,p001210_a001226_000026,53.66801321933137,266.5052115304221,48.246288055927344,251.6476811172553,0.5166015625,-0.48482261044619435,26.2495691580057
g1_seed11,TRAIN,p001210,p001210_a001226_000030,54.887169528028565,256.7373643682337,48.769352434691825,248.2333722029979,0.50927734375,-0.43704714724393057,37.6333374535665
g1_seed11,TRAIN,p001216,p001216_a001423_000001,45.0829963263834,125.67233267329115,26.48098858333278,86.68522721615196,0.77880859375,9.13234481513156,21.855115928785963
g1_seed11,TRAIN,p001216,p001216_a001423_000004,44.65857115371857,118.27342222942683,29.206821472483067,91.23629692397431,0.75341796875,12.61428577422939,24.324760961332075
g1_seed11,TRAIN,p001216,p001216_a001423_000007,42.84680164756023,115.44002750606991,27.157540722253927,97.06945259652068,0.76806640625,12.145765786232126,28.591120298504606
g1_seed11,TRAIN,p001216,p001216_a001423_000010,43.435105815601354,121.28193506182414,24.193488130677284,81.47413831977124,0.80029296875,6.354282946001948,15.671895582404858
g1_seed11,TRAIN,p001216,p001216_a001423_000013,46.33607116688918,128.51922579032555,26.276736778773184,83.90046870617408,0.76611328125,8.743663416296137,14.579554992017023
g1_seed11,TRAIN,p001216,p001216_a001423_000016,45.919195071745975,130.52754376027738,26.834231875472042,85.45689413224554,0.775390625,8.985588929116155,17.78132562391015
g1_seed11,TRAIN,p001216,p001216_a001423_000019,42.98296014717194,121.33616143537168,27.480965579599186,88.90362718010675,0.76904296875,9.537867921946898,21.368169624523844
g1_seed11,TRAIN,p001216,p001216_a001423_000022,45.517361400731275,129.2795705854722,26.55497787999036,87.57081181353905,0.7802734375,7.849497493084062,22.84042694196924
g1_seed11,TRAIN,p001225,p001225_a005341_000001,53.7511142553206,119.58398481213592,29.694531324082543,85.54772210170525,0.744140625,13.675164089883417,33.05807090636216
g1_seed11,TRAIN,p001225,p001225_a005341_000005,45.9450919183817,115.88105060564679,27.31065902818755,82.11194466630967,0.76171875,10.989074357894403,29.23085855061735
g1_seed11,TRAIN,p001225,p001225_a005341_000009,48.12190571899151,116.42645259329846,29.851465279644444,94.59608639653035,0.73046875,13.427347809338915,37.51312852837251
g1_seed11,TRAIN,p001225,p001225_a005341_000013,41.12368300922469,108.3513255461127,29.32502083594287,82.44117863689954,0.76123046875,12.051278024093225,28.557425251716452
g1_seed11,TRAIN,p001225,p001225_a005341_000016,44.22052571517581,113.80589813170799,25.92412910968276,76.96637068180135,0.787109375,9.530090662478173,26.005478961193212
g1_seed11,TRAIN,p001225,p001225_a005341_000020,52.16578781636389,121.54591571947354,29.240164293302833,87.42065882791138,0.74609375,11.972583982711384,31.545921816861757
g1_seed11,TRAIN,p001225,p001225_a005341_000024,43.869501762304225,115.17112244499417,28.153419231468405,86.23154305796977,0.740234375,11.225452024387032,28.802971798684645
g1_seed11,TRAIN,p001225,p001225_a005341_000028,43.23227625422419,112.26463021933502,26.2159087708184,81.36813451445786,0.77978515625,8.755519205362841,23.715005770841955
g1_seed11,TRAIN,p001226,p001226_a000223_000006,18.95223354162288,62.93200576042467,19.12033412240826,68.67115978680508,0.89013671875,6.695984647623382,29.940052216365572
g1_seed11,TRAIN,p001226,p001226_a000223_000021,17.15249205403699,62.15775646143187,16.376162539789746,69.22964590371471,0.900390625,4.397942529368837,29.83914948189532
g1_seed11,TRAIN,p001226,p001226_a000223_000036,26.724811354816033,68.48435638509605,25.01784598112873,72.25893392202481,0.81591796875,13.922881446665176,31.409017793918892
g1_seed11,TRAIN,p001226,p001226_a000223_000051,23.425855296381773,62.825136819494666,25.498455826415785,70.31215121291602,0.87548828125,13.832441311706528,34.587924215936496
g1_seed11,TRAIN,p001226,p001226_a000223_000066,28.80120645118504,76.78360154812562,25.730689832532022,85.69698957038644,0.80517578125,12.589585682541273,48.933293429106804
g1_seed11,TRAIN,p001226,p001226_a000223_000081,21.388092684180613,60.36555144042706,18.55496925741156,64.1344070485488,0.89892578125,7.768492760607904,26.287326551358042
g1_seed11,TRAIN,p001226,p001226_a000223_000096,21.604265419253217,63.700845413886604,20.642188873383926,69.24599131581107,0.8759765625,8.106769430057565,30.309437322904813
g1_seed11,TRAIN,p001226,p001226_a000223_000111,20.262977047797566,71.30507533070849,20.498077916946478,71.74931120303481,0.88671875,7.804853392227063,33.9050837898011
g1_seed11,TRAIN,p001231,p001231_a000029_000001,26.977661108854736,130.10064397651112,25.92016732410935,125.71007672193505,0.73095703125,6.274318866097545,20.866552093717928
g1_seed11,TRAIN,p001231,p001231_a000029_000003,30.28221786030985,140.04641696451725,26.795019337229206,130.03881248112955,0.72412109375,7.458069581551825,29.213404889895486
g1_seed11,TRAIN,p001231,p001231_a000029_000005,30.68066808328195,139.42488005355023,27.18099525147141,130.30739672481408,0.71142578125,7.6706552160090204,23.742246055614558
g1_seed11,TRAIN,p001231,p001231_a000029_000007,31.808413806691,140.4538108814639,28.416213986025024,129.06399551783292,0.70947265625,9.357863938825911,33.35580620075274
g1_seed11,TRAIN,p001231,p001231_a000029_000008,26.54171939276391,116.29587921077224,25.904085341610774,112.62637904626331,0.74169921875,6.005794618086284,4.120407576485988
g1_seed11,TRAIN,p001231,p001231_a000029_000010,28.07350238427192,124.89293288999647,26.888820774810593,121.22600901273348,0.7275390625,7.681395557896831,18.426633426746832
g1_seed11,TRAIN,p001231,p001231_a000029_000012,30.68604848214796,138.2208370216179,27.344346190231924,129.5966640725035,0.72021484375,8.174109334766761,19.54879310290832
g1_seed11,TRAIN,p001231,p001231_a000029_000014,29.095142970608215,126.40279625240326,25.04281824310948,116.11397920864556,0.7548828125,5.571413937188414,21.19838762198043
g1_seed11,TRAIN,p001231,p001231_a000075_000003,20.69243368561806,95.22546173308932,16.30097380440843,83.78652750725388,0.87255859375,3.9284614051167814,32.89114700513852
g1_seed11,TRAIN,p001231,p001231_a000075_000012,17.556011884504695,88.917610842247,16.025962904529706,81.01889004411842,0.87744140625,3.788547569400917,31.2337852571089
g1_seed11,TRAIN,p001231,p001231_a000075_000020,20.67381696349776,84.51333265802579,16.84448985031718,74.12078797036938,0.87939453125,5.244848303544108,28.842747664167604
g1_seed11,TRAIN,p001231,p001231_a000075_000029,26.53549487934186,108.4851542275839,23.611175962369753,97.79321490770539,0.78759765625,8.19148493716234,36.622454041334464
g1_seed11,TRAIN,p001231,p001231_a000075_000037,30.14918053548709,114.48288814173141,20.368082866434435,97.85555196042243,0.77880859375,4.672400340983042,36.86664800522543
g1_seed11,TRAIN,p001231,p001231_a000075_000046,23.871919277237005,90.7022114963998,16.462158701005407,77.56755156856548,0.876953125,3.8791055161947483,30.066341397345674
g1_seed11,TRAIN,p001231,p001231_a000075_000054,22.13339860400233,99.7200438334915,19.646408058516535,88.87282113784997,0.83984375,9.133962273953827,38.94434369425607
g1_seed11,TRAIN,p001231,p001231_a000075_000063,20.73087610067681,104.85466671346941,19.524776130000937,97.74214595351144,0.81689453125,9.119705170114656,43.045028244190235
g1_seed11,TRAIN,p001231,p001231_a000214_000004,28.68779788562295,112.77926285744564,21.744262081451012,94.05243950680561,0.84619140625,-11.601257250002078,7.544275182518135
g1_seed11,TRAIN,p001231,p001231_a000214_000016,29.613420998837658,108.83223960379317,23.56715279988419,92.15894335179252,0.833984375,-5.569791786576989,15.120343237279101
g1_seed11,TRAIN,p001231,p001231_a000214_000027,30.023417587473947,105.60614779130493,30.149722205050683,107.2913693264649,0.71240234375,-10.611405721450307,-7.089372581078692
g1_seed11,TRAIN,p001231,p001231_a000214_000038,24.401777956708532,105.69557924616483,24.32675339441772,111.47326757399577,0.7568359375,6.828824790496274,30.919205323876454
g1_seed11,TRAIN,p001231,p001231_a000214_000049,25.672175383809318,96.75436401871687,23.051150792317927,102.2202766097246,0.75927734375,7.527063744955612,36.7738312814042
g1_seed11,TRAIN,p001231,p001231_a000214_000060,31.456386469728223,76.91201390761681,29.50836021527174,82.3505052623533,0.77392578125,10.220863025308102,15.639710985883923
g1_seed11,TRAIN,p001231,p001231_a000214_000071,28.679035743143622,95.11255235960758,24.18516819608292,86.8838177592749,0.7919921875,-9.461607962304967,3.522084033850234
g1_seed11,TRAIN,p001231,p001231_a000214_000083,32.72533554856294,101.44404174451158,26.544582819555963,89.13393241543439,0.7548828125,-15.12729598580686,-10.393305343439664
g1_seed11,TRAIN,p100067,p100067_a005746_000002,32.54836490475587,77.56217615605028,12.253110610442032,104.79234691626523,0.923828125,-0.02736297224041806,22.496860158055924
g1_seed11,TRAIN,p100067,p100067_a005746_000008,33.91535389833879,97.67124292629606,13.670847888387883,116.9814398578286,0.9140625,1.9217894797632518,23.42356071035634
g1_seed11,TRAIN,p100067,p100067_a005746_000014,32.386587655589025,84.50129223704968,12.934217767219732,111.2851712927972,0.91748046875,1.0927983482045267,22.107159931823787
g1_seed11,TRAIN,p100067,p100067_a005746_000020,31.59220103886618,109.0200966343639,15.840435474754349,135.11425681978724,0.8994140625,4.084303595704762,50.08936675081445
g1_seed11,TRAIN,p100067,p100067_a005746_000026,25.7583425896909,97.72983776293017,11.597338449183942,110.66353509445909,0.91162109375,-0.29473624895937967,24.099582191748013
g1_seed11,TRAIN,p100067,p100067_a005746_000032,37.1849328433291,113.70972864534444,12.963421652594633,137.79276836303478,0.9091796875,0.8389871584054625,41.381857096631364
g1_seed11,TRAIN,p100067,p100067_a005746_000038,31.607284780047188,114.25314089303573,13.297179729007752,134.0431333046821,0.91650390625,0.9619413938098091,41.20942816388859
g1_seed11,TRAIN,p100067,p100067_a005746_000044,32.39924070302884,105.25898380056486,13.427922727067724,124.84875178938687,0.91015625,0.8186706015079022,43.80366444712001
g1_seed11,TRAIN,p100069,p100069_a005191_000006,27.276507958865896,106.74242654206375,20.680352845476396,100.29398037979585,0.837890625,11.83454515159945,62.539386841861855
g1_seed11,TRAIN,p100069,p100069_a005191_000021,24.17324650031062,114.00000497803059,21.129087834844515,108.93827157226438,0.80908203125,12.598774973470798,69.47478283110419
g1_seed11,TRAIN,p100069,p100069_a005191_000037,28.183734188305117,79.44463870498768,16.976666320459625,83.30796523106093,0.87158203125,7.519051897121077,45.71972907828896
g1_seed11,TRAIN,p100069,p100069_a005191_000052,16.608552437921915,57.64872138040706,14.108378737760127,52.004188828771944,0.94140625,2.4686474402885956,10.979093359620649
g1_seed11,TRAIN,p100069,p100069_a005191_000068,19.941767726376778,69.13201440750878,14.110799781609241,51.473072978691874,0.94580078125,3.86746066964087,8.07991281892349
g1_seed11,TRAIN,p100069,p100069_a005191_000083,27.435819282283358,81.02437471092242,13.624205829938834,90.87541878851215,0.88330078125,4.2878589052704825,48.51131953426675
g1_seed11,TRAIN,p100069,p100069_a005191_000099,24.495848542917884,76.90754808893146,15.635685890778202,67.23628168842906,0.9072265625,5.779909651403459,24.2803143929317
g1_seed11,TRAIN,p100069,p100069_a005191_000114,29.796795544455364,108.0614188211122,15.330125103208315,80.84296366745991,0.86767578125,1.8857264623661791,28.68555315089297
g1_seed11,TRAIN,p100069,p100069_a005746_000002,11.787390312509547,71.77340128451938,11.604381286344857,69.89972152333526,0.94140625,-1.1092467005644764,-18.528824351070753
g1_seed11,TRAIN,p100069,p100069_a005746_000008,11.741048421730088,68.3846329176847,11.588420586396754,66.40784960925001,0.943359375,-0.22802438303837214,-12.745311681487877
g1_seed11,TRAIN,p100069,p100069_a005746_000014,11.662607180587974,48.15974517555911,11.733619570656497,47.44516303750319,0.951171875,-0.8683946026026277,-43.05855899979298
g1_seed11,TRAIN,p100069,p100069_a005746_000020,12.280815860808568,56.824409415691996,11.322695304784801,54.27081624314523,0.94775390625,-0.7334161822992513,-30.556787233309684
g1_seed11,TRAIN,p100069,p100069_a005746_000027,12.119410801622713,43.89010063769494,11.671807144895611,44.17468922032853,0.95263671875,-0.7070323378567629,-42.97214844667084
g1_seed11,TRAIN,p100069,p100069_a005746_000033,14.024456014319725,49.88595494738838,13.467295759259645,47.64345954729842,0.951171875,1.449022739236348,-39.05835957055301
g1_seed11,TRAIN,p100069,p100069_a005746_000039,13.831734983762033,49.85698905119643,13.843084494091869,52.36912074552677,0.9482421875,2.047388339357852,-33.40391615319932
g1_seed11,TRAIN,p100069,p100069_a005746_000045,14.523013753155183,84.3840757240699,14.250338313791426,84.97512404285423,0.94287109375,1.9347995418870578,-7.383602106363071
g1_seed11,TRAIN,p100072,p100072_a001242_000006,32.13413433749021,166.29914916291514,22.50566277124968,206.42807481689724,0.78662109375,9.909608011357804,161.30146704145852
g1_seed11,TRAIN,p100072,p100072_a001242_000020,31.59123651532237,135.98779055772368,22.38345940955861,171.60814445432356,0.783203125,10.18753082648432,126.4877849582455
g1_seed11,TRAIN,p100072,p100072_a001242_000034,27.986476709818,167.25080493044766,21.583877343269233,184.0624405853285,0.72509765625,6.312992333579929,136.43849774005974
g1_seed11,TRAIN,p100072,p100072_a001242_000048,49.49606015990078,609.4853650959227,41.419143369909705,635.8014954413228,0.59619140625,18.479141023178794,497.32010311065926
g1_seed11,TRAIN,p100072,p100072_a001242_000063,43.97531862671801,598.7330084466668,39.05393358799675,615.0345200218784,0.63525390625,16.746726891053335,511.8033721792144
g1_seed11,TRAIN,p100072,p100072_a001242_000077,37.619933747589016,175.67737572094705,21.958422282064056,202.65191706314855,0.74365234375,5.4943756184471155,155.120008195683
g1_seed11,TRAIN,p100072,p100072_a001242_000091,28.774975813811473,118.38293682986185,21.194432988123605,155.7440263743121,0.7998046875,8.737430844513867,106.9560862500589
g1_seed11,TRAIN,p100072,p100072_a001242_000105,37.81465546987168,168.89990584349474,22.020151374093473,208.3934451960036,0.76171875,10.467045102521393,162.70492843312826
g1_seed11,TRAIN,p100085,p100085_a000042_000001,22.257801379765326,70.53944345046938,18.0654105541248,60.2769673306114,0.91943359375,5.146521803197752,9.191196780947791
g1_seed11,TRAIN,p100085,p100085_a000042_000002,25.49001941076401,73.30802113844815,19.759653764595313,64.53930130056969,0.904296875,6.671037852443131,11.444380059133884
g1_seed11,TRAIN,p100085,p100085_a000042_000004,22.3607423698188,74.01242757263583,16.94923934041074,69.8495688267829,0.91015625,3.6226581536647124,16.212300802634076
g1_seed11,TRAIN,p100085,p100085_a000042_000006,26.55504685996619,74.60564124457159,21.24066244586251,66.88943129436646,0.900390625,8.463921014117004,14.798659844962422
g1_seed11,TRAIN,p100085,p100085_a000042_000008,21.457886947207374,65.8288390024117,17.642589622869508,60.426125573612524,0.9228515625,5.37180142260763,8.608903870737699
g1_seed11,TRAIN,p100085,p100085_a000042_000010,23.27010354474615,68.89394817257434,18.551991436393727,62.88786720187425,0.91259765625,6.33339619663972,10.265130947247783
g1_seed11,TRAIN,p100085,p100085_a000042_000012,22.624608557526255,65.89059405363676,17.312009323755255,58.478198719555564,0.92333984375,5.533523493716878,6.234935023109351
g1_seed11,TRAIN,p100085,p100085_a000042_000013,26.9572189803542,77.44017479001315,20.83163260230679,71.796464024637,0.89404296875,8.037088519891878,19.213830852268018
g1_seed11,TRAIN,p100086,p100086_a001415_000003,25.909214605827138,68.04525796532108,13.60095646457911,54.98432476445489,0.9296875,2.278529731094089,14.968686905159203
g1_seed11,TRAIN,p100086,p100086_a001415_000010,26.494731745898395,71.41080357475026,13.498433686036446,56.12451375073643,0.92236328125,1.35676924360531,15.193223123749874
g1_seed11,TRAIN,p100086,p100086_a001415_000017,25.55391098377319,69.08780036508443,13.466632400539147,55.5617703783588,0.9228515625,1.9340168443298111,14.83302885615079
g1_seed11,TRAIN,p100086,p100086_a001415_000024,25.383228581655807,72.11225200966392,13.900986563386091,54.54262687309823,0.9287109375,2.4588830251727387,14.254621078070464
g1_seed11,TRAIN,p100086,p100086_a001415_000032,25.4129724446927,74.91171319452867,14.209533741542504,57.75307834697828,0.91015625,2.689783780855027,18.527909063018825
g1_seed11,TRAIN,p100086,p100086_a001415_000039,26.011382468714874,74.60381768805539,14.422411092808304,58.29764403127089,0.90625,2.9648180344533124,16.733371504208975
g1_seed11,TRAIN,p100086,p100086_a001415_000046,25.929192103565427,69.73846122496462,13.618661063927497,53.48351787807332,0.93310546875,2.2056626139858473,10.514119151647876
g1_seed11,TRAIN,p100086,p100086_a001415_000053,26.05634637651483,72.32326549356897,13.539030281162312,57.65123101632209,0.9150390625,2.1916115218087935,16.045135732272385
g1_seed11,TRAIN,p100089,p100089_a005814_000004,48.96838289161454,390.65714390690744,47.435532265525296,392.13390119730997,0.52001953125,14.609298563659308,296.3635652688263
g1_seed11,TRAIN,p100089,p100089_a005814_000014,49.67836596636391,368.3960166628961,47.907674855158135,353.6957756212265,0.5185546875,11.890301453863785,246.86798178467185
g1_seed11,TRAIN,p100089,p100089_a005814_000024,48.19517061259664,373.2090651291379,41.652275546398585,365.6060140314966,0.57177734375,12.332037727291276,272.82863506632714
g1_seed11,TRAIN,p100089,p100089_a005814_000034,48.21637447841798,408.2430881731231,42.786845392154866,406.85729106116133,0.5615234375,11.197701770824274,311.7656903340404
g1_seed11,TRAIN,p100089,p100089_a005814_000043,41.41101169920575,386.82172521325407,44.015316451790184,388.1910505570835,0.5556640625,14.158372051699015,293.61650863277487
g1_seed11,TRAIN,p100089,p100089_a005814_000053,38.616210120773765,390.0439740919254,37.77021902207117,383.9840775637071,0.595703125,7.816846893178578,293.4038304778643
g1_seed11,TRAIN,p100089,p100089_a005814_000063,46.117314949729064,368.1098954238113,39.14196047116529,355.14447402107663,0.591796875,9.316938664815588,267.0848252027487
g1_seed11,TRAIN,p100089,p100089_a005814_000073,38.667341214756284,389.52658390777987,38.77829908514337,388.07133638067165,0.58056640625,9.27243819512914,297.2348099060116
g1_seed11,TRAIN,p100090,p100090_a005401_000001,52.8953783104768,189.8120823015179,34.32968611901765,186.56411325119402,0.63525390625,15.192521710167696,112.29136922768218
g1_seed11,TRAIN,p100090,p100090_a005401_000003,54.82312464262184,201.2553588215938,31.123702619526323,186.0511139841166,0.662109375,12.187489391424986,101.85036793331821
g1_seed11,TRAIN,p100090,p100090_a005401_000005,55.205323331710815,208.48182235136747,32.68142203532615,180.48506291783735,0.64501953125,12.695589922251948,102.71475283313157
g1_seed11,TRAIN,p100090,p100090_a005401_000007,56.07081466603698,204.89774358868706,35.53346518872117,193.33999324508804,0.63916015625,15.80092708425618,111.22608418710367
g1_seed11,TRAIN,p100090,p100090_a005401_000009,52.784778026051285,201.12807610912668,32.88176982900415,188.57365399665204,0.64697265625,13.3087483433277,110.99095809036369
g1_seed11,TRAIN,p100090,p100090_a005401_000011,60.18509060859067,204.06141119092467,37.265401923513295,188.48900707741896,0.6279296875,18.156616800603345,120.70216972060166
g1_seed11,TRAIN,p100090,p100090_a005401_000013,57.28715786501037,203.56316424051215,31.416932084222818,187.218600114076,0.65380859375,11.864489929528734,106.20730470931939
g1_seed11,TRAIN,p100090,p100090_a005401_000015,54.61434874119779,188.9619094263345,33.56926320998571,176.43646648185387,0.65185546875,14.401166020430772,103.54525929310142
g1_seed11,TRAIN,p100092,p100092_a001307_000004,29.663620823534394,114.88592013221242,26.985875668433792,113.96354162898157,0.75390625,1.958347094089227,12.196223660937264
g1_seed11,TRAIN,p100092,p100092_a001307_000014,31.02680316385259,139.5299632769142,28.744109816865652,136.76824208737787,0.7568359375,5.013192752648216,54.20886350530499
g1_seed11,TRAIN,p100092,p100092_a001307_000024,28.422298833492405,105.21126035250157,24.88621387148992,105.46750040106974,0.7998046875,7.015205588927518,45.19733625887812
g1_seed11,TRAIN,p100092,p100092_a001307_000034,26.87823267634429,113.03420258386633,25.995623488738538,120.2005402121811,0.75341796875,4.948590380299127,52.39675841607557
g1_seed11,TRAIN,p100092,p100092_a001307_000044,27.657548494669527,85.71293022119308,24.203677000973173,91.51201611100433,0.77197265625,4.3762451139904925,30.16330598402569
g1_seed11,TRAIN,p100092,p100092_a001307_000054,32.1967741551245,137.367639752702,31.597064521851472,134.6461830243502,0.73974609375,7.044612895500261,41.496147444279686
g1_seed11,TRAIN,p100092,p100092_a001307_000064,35.399334096914124,150.86908593633765,32.642502058141645,152.31315083807948,0.68408203125,2.8554639582129866,38.90410502611192
g1_seed11,TRAIN,p100092,p100092_a001307_000074,30.397193107779202,117.44063158568639,29.57748766145592,124.55393757031723,0.74365234375,3.1695469804835383,14.4163968065847
g1_seed23,VAL,p001194,p001194_a000062_000005,10.259496323227566,38.04560508055008,8.287096323148987,33.5733074546394,0.9912109375,-1.717554169338877,-16.50447368984792
g1_seed23,VAL,p001194,p001194_a000062_000017,20.544331421268385,48.85610815178186,8.418675592920508,29.861733345700845,0.98974609375,-1.41687489262174,-19.728051728311105
g1_seed23,VAL,p001194,p001194_a000062_000029,36.31365436750614,85.1413848388048,21.72819402213176,44.81181704181142,0.96630859375,12.534687478409932,5.6636726981572565
g1_seed23,VAL,p001194,p001194_a000062_000041,16.86067183766658,64.3210467044904,11.754900850337428,59.684865444794106,0.9306640625,0.9042598586121464,5.678873842438989
g1_seed23,VAL,p001194,p001194_a000062_000053,28.12977210962547,65.03519418384327,11.966888315564969,45.5441020073974,0.9638671875,0.7399541353646413,7.280142514168304
g1_seed23,VAL,p001194,p001194_a000062_000065,23.927036867351617,53.163316270191956,9.996159767879522,41.47409670427529,0.97265625,1.8319331786866062,-1.9634181329365177
g1_seed23,VAL,p001194,p001194_a000062_000077,11.655350008705305,33.652871464465214,8.620328472985541,30.840242326751103,0.9970703125,-3.2530542299848513,-16.190134581742257
g1_seed23,VAL,p001194,p001194_a000062_000089,12.895981457554868,40.04894580826174,8.352192105492644,32.765178730171115,0.98876953125,-1.8110486422713823,-12.018414652208847
g1_seed23,VAL,p001194,p001194_a000986_000010,18.408263224640685,57.976537239829675,9.049113298037515,40.788347442164316,0.9716796875,-0.8785514496300628,-9.655110191930945
g1_seed23,VAL,p001194,p001194_a000986_000036,14.41169049721217,45.13112649631468,13.649374372586582,43.41508397557786,0.9677734375,5.244483559345987,-2.7538115602359525
g1_seed23,VAL,p001194,p001194_a000986_000062,32.10578547152538,77.40960033678299,11.061551477648521,89.62889206636538,0.90576171875,0.23278676355792882,41.88661754185879
g1_seed23,VAL,p001194,p001194_a000986_000088,34.599955987957955,61.2276349114772,8.463927415692384,25.3894906157776,0.99609375,0.6124441209482256,-0.7618793729530715
g1_seed23,VAL,p001194,p001194_a000986_000114,17.034795344611567,47.49810997696915,9.962415666928482,35.275952529386785,0.970703125,0.4671340752812938,1.6127489144036389
g1_seed23,VAL,p001194,p001194_a000986_000140,11.39323735570279,58.585908886331495,9.261278556469641,57.28091539028143,0.9404296875,-1.3803026274585974,9.693776646877303
g1_seed23,VAL,p001194,p001194_a000986_000166,22.01653415812197,55.07645220002602,9.523481589891865,40.03897951572709,0.97265625,-0.20764408824880576,1.899288267005609
g1_seed23,VAL,p001194,p001194_a000986_000192,9.05656746125798,29.937592268100275,6.580798139529632,29.882874482900053,1.0,-1.1659035459715197,1.1457792220218401
g1_seed23,TRAIN,p001195,p001195_a000053_000006,89.14109317717791,128.90387210147637,12.435398748274466,58.600175699503595,0.9248046875,-160.90543323398396,-154.84974853362445
g1_seed23,TRAIN,p001195,p001195_a000053_000021,91.05867371294082,128.07618451883394,12.280742737569195,48.94979621519135,0.9521484375,-156.46419096632272,-157.6810040329161
g1_seed23,TRAIN,p001195,p001195_a000053_000037,92.68012718091504,200.88690829878988,17.03880318729833,99.46000612139443,0.82275390625,-201.16723031350102,-183.07649412316573
g1_seed23,TRAIN,p001195,p001195_a000053_000052,66.84781901033271,122.23638458784114,13.718799165189807,54.64444887368471,0.93115234375,-201.24589719265992,-208.6692312268932
g1_seed23,TRAIN,p001195,p001195_a000053_000068,100.0233742348595,155.5794212357278,14.393578532738974,49.451984986384346,0.95166015625,-200.2602275609189,-222.66815666772015
g1_seed23,TRAIN,p001195,p001195_a000053_000083,100.72275011857401,134.34471202220115,16.415576294962946,41.720018086458765,0.9658203125,-167.46539962056607,-180.9150745507128
g1_seed23,TRAIN,p001195,p001195_a000053_000099,66.99351297797753,103.46200555855548,14.537979550257145,38.36429598161899,0.98583984375,0.7424921027232401,0.06046435981603793
g1_seed23,TRAIN,p001195,p001195_a000053_000114,102.41225119556853,130.9062088140096,10.991115813912906,35.97961657097721,0.99365234375,-165.2552038151205,-170.97962582128616
g1_seed23,TRAIN,p001195,p001195_a000986_000011,70.37743313474576,105.2821703237714,11.056624296324232,41.96166547510997,0.9765625,-171.65608683047392,-174.09507499088573
g1_seed23,TRAIN,p001195,p001195_a000986_000039,58.83007788489517,90.81091180117457,8.970250990121976,40.20630668505064,0.974609375,-1.2516020679158384,-0.34861693529952476
g1_seed23,TRAIN,p001195,p001195_a000986_000068,40.697823582705446,93.06797981610222,14.439084973663665,81.49074952657979,0.9072265625,-3.677096957578417,-49.861282755653306
g1_seed23,TRAIN,p001195,p001195_a000986_000096,90.53686438499275,126.7345233510423,14.641533939222953,46.970621115045844,0.95849609375,-149.4429115686287,-149.2921251397565
g1_seed23,TRAIN,p001195,p001195_a000986_000125,60.20002792563345,101.04366416166259,12.173216069024836,46.848029998757475,0.97216796875,-4.42996588557801,-16.511608954260545
g1_seed23,TRAIN,p001195,p001195_a000986_000153,66.30368115811802,129.71934056881966,12.800907834880888,80.24071225615705,0.89208984375,-5.630635131634911,-1.554117043771086
g1_seed23,TRAIN,p001195,p001195_a000986_000182,98.98614075984509,136.538952045835,12.796129298835785,59.23463113523817,0.9384765625,-148.24166982192693,-143.78695028248376
g1_seed23,TRAIN,p001195,p001195_a000986_000210,62.22250362120404,99.71377975750775,12.289006564667414,48.98681486297214,0.953125,-156.58392519485173,-155.92795773732013
g1_seed23,VAL,p001196,p001196_a000388_000011,19.77888111950069,57.79895148343439,14.153833976982746,47.50647068803448,0.95361328125,-0.2529562539456638,5.014936856342295
g1_seed23,VAL,p001196,p001196_a000388_000040,28.75064631273431,67.82086305836948,17.415650652397144,51.0269596614635,0.94873046875,3.2706487894487157,11.475829719305281
g1_seed23,VAL,p001196,p001196_a000388_000069,24.017890714274237,61.34353426479193,17.15660037078618,60.73695238076045,0.89892578125,6.68159046408889,20.887614014837013
g1_seed23,VAL,p001196,p001196_a000388_000098,17.971151617425853,54.08175720377372,18.194712850236375,55.08636122343691,0.9306640625,6.328107520916802,14.651975657095015
g1_seed23,VAL,p001196,p001196_a000388_000127,16.077509220069736,65.09266663364419,12.80473434902516,62.52347829433518,0.92431640625,0.4314292819918517,13.879953125567702
g1_seed23,VAL,p001196,p001196_a000388_000156,20.707943427943,68.03411166570855,12.64749925355115,65.75199845402948,0.90234375,-1.7930012201842054,4.268127850540623
g1_seed23,VAL,p001196,p001196_a000388_000185,15.048854263683026,59.97021313433199,14.980373028247488,64.9972016489117,0.91064453125,1.971329034868461,11.826567672788755
g1_seed23,VAL,p001196,p001196_a000388_000214,15.977962635904362,59.54186628423151,15.592792713196907,60.164475976186296,0.9140625,1.3659880471119497,13.316987523027386
g1_seed23,TRAIN,p001197,p001197_a000062_000005,16.244307455055264,57.7378810472583,15.816901907052088,57.54781966751032,0.92822265625,5.622329284694622,2.749511428115916
g1_seed23,TRAIN,p001197,p001197_a000062_000016,14.84004773142038,48.665546545146974,14.505963610880796,51.450951711803874,0.94677734375,4.309237599027162,3.532455289176667
g1_seed23,TRAIN,p001197,p001197_a000062_000028,22.454103082962302,58.4087883408323,21.59590715587851,59.39451145500133,0.9033203125,7.369324429934515,8.047334909698371
g1_seed23,TRAIN,p001197,p001197_a000062_000040,41.81020367620938,95.7070859840946,17.455454479594486,84.39808870751477,0.8291015625,0.06271098232409145,12.545089793848447
g1_seed23,TRAIN,p001197,p001197_a000062_000052,37.87432409967752,121.11498262160642,11.856899145521087,146.37514458079508,0.85205078125,-1.8891569340041485,23.226858729197986
g1_seed23,TRAIN,p001197,p001197_a000062_000064,41.09857146283795,106.15702915331121,17.033909483158418,90.87302948955603,0.82861328125,-4.314843086516447,6.0487995331489515
g1_seed23,TRAIN,p001197,p001197_a000062_000076,35.82184498190783,102.85429930549613,24.9314177628127,74.7981037580767,0.8427734375,7.3567167615981575,12.980698804464062
g1_seed23,TRAIN,p001197,p001197_a000062_000087,15.365029533952594,64.84628334822096,15.206926438607356,61.283083285562256,0.9228515625,2.8786207004498348,2.786641903749043
g1_seed23,TRAIN,p001197,p001197_a001238_000003,12.929042831579647,70.41552738761266,10.498589294724486,70.77305852929527,0.92431640625,-6.422192455918605,-24.885017221553724
g1_seed23,TRAIN,p001197,p001197_a001238_000010,14.46201809275307,58.62179716957856,10.400092964213858,69.30425398644634,0.90771484375,-5.8983004143099045,-35.461916941075515
g1_seed23,TRAIN,p001197,p001197_a001238_000018,13.895828170279232,54.90723548778287,10.181746712188868,59.845110996573744,0.9345703125,-6.363704975552658,-30.540838433273883
g1_seed23,TRAIN,p001197,p001197_a001238_000025,13.798873159910267,63.555117279293874,10.180322345941946,64.49147274764789,0.92724609375,-5.93788581218498,-42.83565904709978
g1_seed23,TRAIN,p001197,p001197_a001238_000033,11.37408013829346,79.49332178927924,10.192476143745413,81.73157434423268,0.9169921875,-5.463523556537773,-48.34784430255442
g1_seed23,TRAIN,p001197,p001197_a001238_000040,11.724782627817731,67.47227873738672,10.183617958811498,73.33690362181919,0.91259765625,-4.331116685731146,-23.97476383270154
g1_seed23,TRAIN,p001197,p001197_a001238_000048,16.045042934168638,59.9688242265391,9.921009042964467,66.94903222081302,0.931640625,-5.93733458375295,-37.74052787221167
g1_seed23,TRAIN,p001197,p001197_a001238_000055,14.516547165031593,66.3370796274118,9.980596672430785,72.1874262260382,0.9296875,-6.310423412329595,-51.75437474265601
g1_seed23,VAL,p001199,p001199_a001398_000001,10.645770763961664,47.89476367651224,10.602781177099187,48.40149284367284,0.95263671875,-1.5538084398750325,5.236176532222466
g1_seed23,VAL,p001199,p001199_a001398_000004,12.431565369767375,47.71355666376836,11.061145592173553,45.166335261071495,0.966796875,-1.3466026775674127,5.681715772617196
g1_seed23,VAL,p001199,p001199_a001398_000008,11.733699208735144,47.99612047669448,10.567291604401714,47.026780089946264,0.95654296875,-0.8136029649959582,3.129531915526094
g1_seed23,VAL,p001199,p001199_a001398_000011,10.97979787878317,48.35766571145079,10.483784809494374,46.91978582170415,0.96044921875,-1.0698100711155334,4.9425464056418775
g1_seed23,VAL,p001199,p001199_a001398_000014,15.19366006617226,50.40829658814237,11.529652701904844,47.68339081290773,0.95654296875,0.3150049084678468,6.12994026690113
g1_seed23,VAL,p001199,p001199_a001398_000017,15.961765873996118,51.05542991039941,11.429241482826612,47.70979415120213,0.95751953125,0.6162018353384546,5.616612678858459
g1_seed23,VAL,p001199,p001199_a001398_000021,13.14867178254729,48.05372843218764,11.52087917158508,46.90660349431178,0.9619140625,-0.10417158263836157,5.188886274312722
g1_seed23,VAL,p001199,p001199_a001398_000024,12.387653026066697,47.87075156499932,11.078862324949776,47.27850522808426,0.958984375,-0.49781017202611544,4.707033108744383
g1_seed23,VAL,p001201,p001201_a005135_000002,22.82921429374793,56.558788981091396,12.610989040196538,44.399246289152316,0.9677734375,2.1984623379192954,9.19436077966543
g1_seed23,VAL,p001201,p001201_a005135_000007,21.7645270048996,54.357466503705744,11.752612846964105,37.50355315004732,0.98828125,1.5132746734615097,6.285074270086465
g1_seed23,VAL,p001201,p001201_a005135_000011,23.661196665294106,59.55170520550828,13.719795114713158,53.99887025840101,0.9423828125,3.335261856272245,12.624641719288611
g1_seed23,VAL,p001201,p001201_a005135_000016,22.884300684167243,51.305881614309214,11.702578757504988,43.311526009529864,0.97607421875,1.5471869599774735,10.235082458076825
g1_seed23,VAL,p001201,p001201_a005135_000021,17.241717381799354,45.06495312377559,12.128787732496875,38.52389496545011,0.98583984375,2.187219802488862,4.8963226964210875
g1_seed23,VAL,p001201,p001201_a005135_000026,24.34067080538532,58.819468649386835,13.386203533655149,37.00241631714429,0.98974609375,2.4283035194097753,1.9498950137999884
g1_seed23,VAL,p001201,p001201_a005135_000030,26.729297064507996,68.12542840169498,15.392624220256144,47.528144541713786,0.96240234375,4.965476371953146,10.07676831572806
g1_seed23,VAL,p001201,p001201_a005135_000035,24.543824961417158,61.07857265609588,13.814747808999147,39.05144495242852,0.9853515625,2.7343640558971742,6.1368981392827
g1_seed23,TRAIN,p001202,p001202_a001230_000002,35.8748026411371,74.69063760298417,28.18568272162414,63.44344962149434,0.8720703125,9.72458057815065,-7.610134059139426
g1_seed23,TRAIN,p001202,p001202_a001230_000009,37.39261362708821,80.08669615182153,23.490951073132635,65.18196019244571,0.87060546875,5.209996188672179,-2.7570077230766543
g1_seed23,TRAIN,p001202,p001202_a001230_000015,37.53744927469139,79.11550238692975,23.45998954414921,62.48081656932886,0.88330078125,5.617594017010475,-5.981300683250048
g1_seed23,TRAIN,p001202,p001202_a001230_000021,39.569582331156354,80.99478483011728,24.343737239645556,66.303455730499,0.8662109375,5.349746427256399,-2.013301574343643
g1_seed23,TRAIN,p001202,p001202_a001230_000028,37.49640744464894,80.54309928297279,21.42410828282881,61.60962077083987,0.88671875,1.5886547858463231,-3.5796467956214855
g1_seed23,TRAIN,p001202,p001202_a001230_000034,37.357275158424386,81.15806739846477,21.963072738217917,61.12671598320036,0.888671875,2.5690101600391557,-4.469546917380903
g1_seed23,TRAIN,p001202,p001202_a001230_000040,38.51103370758798,81.59534219760769,20.264614225951327,62.60755568246168,0.89208984375,2.1104176594823834,-2.389639258210181
g1_seed23,TRAIN,p001202,p001202_a001230_000047,35.865686188224075,79.13672297169424,32.53321239736174,68.27478068444643,0.78662109375,12.81302776424651,0.949590160288551
g1_seed23,TRAIN,p001202,p001202_a005135_000001,8.138915527220526,28.8210640784927,7.251222070976196,30.70968194821221,0.9892578125,-2.1013317105096814,-7.612571500154321
g1_seed23,TRAIN,p001202,p001202_a005135_000005,11.121612891563629,31.16546313587447,8.888720534987197,30.279057091346466,0.99169921875,-0.02551851962578766,-8.233572886018088
g1_seed23,TRAIN,p001202,p001202_a005135_000008,10.146934700552736,30.50316977475391,7.9388754072703875,30.80116227016827,0.98876953125,-1.6362346332447313,-6.935393645232757
g1_seed23,TRAIN,p001202,p001202_a005135_000012,10.160547453642788,31.176272170256734,8.464236154300064,33.383508342345415,0.990234375,-1.574124391977172,-3.973552907809264
g1_seed23,TRAIN,p001202,p001202_a005135_000015,12.89151612930915,34.400276787541955,8.805985932865728,30.773750297718532,0.9912109375,-0.9770981913887695,-8.602922695734438
g1_seed23,TRAIN,p001202,p001202_a005135_000019,10.013844309759513,32.77358417195586,8.754794928001012,35.10178821746812,0.98291015625,-0.5227009552338941,-1.5766853039721056
g1_seed23,TRAIN,p001202,p001202_a005135_000022,9.802562528273818,30.265830259575974,8.413625159777563,32.96660769181052,0.986328125,-0.7313884781935691,-7.16226690028742
g1_seed23,TRAIN,p001202,p001202_a005135_000026,10.273176044051429,29.644445504034493,10.247361023184077,29.212930197770934,0.9921875,1.0409282587569457,-9.045217605721323
g1_seed23,TRAIN,p001203,p001203_a000032_000003,21.693459323635967,54.29941889367059,12.42473843936153,53.509721782740435,0.93896484375,-3.6848016019466954,8.187981494695698
g1_seed23,TRAIN,p001203,p001203_a000032_000009,20.004490531226573,50.855807806478616,12.685448044563362,51.43056506321003,0.94189453125,-4.652829321790421,7.212454871494785
g1_seed23,TRAIN,p001203,p001203_a000032_000016,23.417148340060358,57.14696384464333,14.083545858362022,54.36359072473333,0.927734375,-2.7061237897955444,9.466669163808078
g1_seed23,TRAIN,p001203,p001203_a000032_000022,20.64892338902301,51.96067100479737,13.341291302822615,55.45328859092949,0.93359375,-4.691163839986899,9.194365453374019
g1_seed23,TRAIN,p001203,p001203_a000032_000029,19.124983243943696,50.485957137426844,13.782731970219313,54.391338270897556,0.9306640625,-3.9591557301266356,11.024410919283746
g1_seed23,TRAIN,p001203,p001203_a000032_000035,21.37675096339471,57.122612427089436,14.332487563697153,54.83004888916637,0.9248046875,-1.8497489391003903,9.371450819068649
g1_seed23,TRAIN,p001203,p001203_a000032_000042,16.869203196959525,48.18318205088895,13.596632530416331,49.860861688535415,0.95068359375,-1.953507809625206,6.714084217467963
g1_seed23,TRAIN,p001203,p001203_a000032_000048,21.74550987274374,64.83974354703972,16.997517144002245,50.858936693301324,0.9443359375,0.05266358826850137,7.17764337836379
g1_seed23,TRAIN,p001204,p001204_a003011_000001,13.718815775766242,55.39323571220062,13.719713089753508,55.826243179678826,0.93017578125,1.3626688940192828,10.28771733964794
g1_seed23,TRAIN,p001204,p001204_a003011_000003,13.124547956913108,53.04491399166796,13.500794148842344,56.19675143431276,0.93017578125,1.3248959965244005,10.986395320516529
g1_seed23,TRAIN,p001204,p001204_a003011_000006,14.973942821817605,59.66143201551455,14.14783316204829,59.12409803486973,0.91796875,0.9763853515678846,12.247207651900965
g1_seed23,TRAIN,p001204,p001204_a003011_000008,15.156203076469072,60.32761570176567,13.716112421200076,56.868483926312386,0.92919921875,0.8004627087300769,10.786721725830532
g1_seed23,TRAIN,p001204,p001204_a003011_000010,15.639078944827576,58.99239540862794,14.51419818820888,55.282250753913864,0.9306640625,1.50474023066214,6.557433387239975
g1_seed23,TRAIN,p001204,p001204_a003011_000012,14.231027860086488,56.92028091180474,14.031681693682152,59.48051060972037,0.91943359375,1.250876492832365,12.822713224771746
g1_seed23,TRAIN,p001204,p001204_a003011_000015,13.864711373321821,55.724204909036104,13.678577558518192,57.94342479400963,0.921875,1.9056078876129945,13.706255299613737
g1_seed23,TRAIN,p001204,p001204_a003011_000017,14.485496478365631,55.63996531551662,13.427966203781958,54.76964985210797,0.93505859375,1.4946677520240623,7.745975120797304
g1_seed23,TRAIN,p001210,p001210_a001226_000002,55.665901860205224,259.6067300543597,47.175672515267465,247.9851490039055,0.5185546875,-1.7108083112992318,13.954180087806606
g1_seed23,TRAIN,p001210,p001210_a001226_000006,53.717301354257486,241.11646747434958,48.32696082070129,229.28355659486488,0.5146484375,-0.8776576520398507,14.025265025577198
g1_seed23,TRAIN,p001210,p001210_a001226_000010,53.27781094543029,240.5793655855311,48.358031642647475,234.99136508589442,0.5087890625,-2.374575114543788,0.044225663629447354
g1_seed23,TRAIN,p001210,p001210_a001226_000014,51.23861368408605,239.17547344617992,49.26963189114584,234.77789657057792,0.50634765625,-2.686991286323085,7.964696122361232
g1_seed23,TRAIN,p001210,p001210_a001226_000018,60.51204010022811,250.8813548880812,49.708419634613605,238.39510075011128,0.5029296875,-0.27861671127188004,12.329578628348372
g1_seed23,TRAIN,p001210,p001210_a001226_000022,56.276005915276,273.9375668214337,47.22400122617351,260.16846408948345,0.51904296875,-1.451290150496348,15.15881487645018
g1_seed23,TRAIN,p001210,p001210_a001226_000026,53.221578422429936,249.41147461210747,47.066575879457446,240.5470521543571,0.52197265625,-1.664534786916093,15.148940195107485
g1_seed23,TRAIN,p001210,p001210_a001226_000030,62.45802527317965,251.98127047261136,47.47687401519556,230.57341854096475,0.51513671875,-1.7295255667401932,19.973383791533337
g1_seed23,TRAIN,p001216,p001216_a001423_000001,25.86185850516022,109.47841298798181,26.512214506824996,102.25806263909091,0.775390625,9.163570738623775,37.427951351724914
g1_seed23,TRAIN,p001216,p001216_a001423_000004,25.32224747868623,106.91007649600903,24.979848881226346,103.60684604732408,0.7724609375,8.387313182972669,36.69531008468185
g1_seed23,TRAIN,p001216,p001216_a001423_000007,24.719261985293166,113.68184042023465,24.677333353258035,106.87382939439449,0.80029296875,9.665558417236234,38.39549709637842
g1_seed23,TRAIN,p001216,p001216_a001423_000010,26.41603989298073,105.72032590752023,26.40490280975646,100.39179946097849,0.7939453125,8.565697625081125,34.589556723612105
g1_seed23,TRAIN,p001216,p001216_a001423_000013,27.224570362544185,113.32784792767671,26.55775640631539,107.68898311736662,0.76904296875,9.024683043838344,38.36806940320956
g1_seed23,TRAIN,p001216,p001216_a001423_000016,27.64798628557871,112.55222851659245,26.452968025530055,104.41155660168293,0.7509765625,8.604325079174167,36.735988093347544
g1_seed23,TRAIN,p001216,p001216_a001423_000019,25.20107389848513,112.42757960900084,24.7347505799805,104.07016530388539,0.802734375,6.791652922328211,36.53470774830248
g1_seed23,TRAIN,p001216,p001216_a001423_000022,26.506902809346915,112.79437179671153,26.529798279333086,106.22415988289708,0.771484375,7.824317892426787,41.49377501132727
g1_seed23,TRAIN,p001225,p001225_a005341_000001,60.26651699926445,120.62061826235421,18.823888765005478,52.20938952574006,0.9384765625,2.804521530806351,-0.28026166960302845
g1_seed23,TRAIN,p001225,p001225_a005341_000005,56.275431910950815,123.99728058335229,19.06156337544664,55.44732675453038,0.91845703125,2.73997870515349,2.5662406388380603
g1_seed23,TRAIN,p001225,p001225_a005341_000009,57.512759587453985,125.30652532460424,19.39504157846649,53.362598795591786,0.935546875,2.970924108160961,-3.7203590725660547
g1_seed23,TRAIN,p001225,p001225_a005341_000013,63.20190009545896,137.83174542984273,22.379400578839387,63.279455756909044,0.8642578125,5.105657766989744,9.39570237172596
g1_seed23,TRAIN,p001225,p001225_a005341_000016,56.91871904501438,119.71005566726083,19.738146824190583,54.23100519326461,0.92626953125,3.3441083769859965,3.270113472656469
g1_seed23,TRAIN,p001225,p001225_a005341_000020,69.46009888673245,145.78481378591036,21.265139380474874,63.61800811440472,0.87109375,3.997559069883426,7.743271103355092
g1_seed23,TRAIN,p001225,p001225_a005341_000024,60.045451090938975,133.19306241743672,19.30778528040365,58.60242765041898,0.89404296875,2.3798180733222765,1.173856391133853
g1_seed23,TRAIN,p001225,p001225_a005341_000028,51.43710883043003,116.33120920929122,20.16989766188885,57.499037988622995,0.91455078125,2.7095080964332894,-0.15409075499291447
g1_seed23,TRAIN,p001226,p001226_a000223_000006,16.893740708109604,55.55474621379832,10.978484943170622,53.828285731505105,0.93798828125,-1.445864531614255,15.0971781610656
g1_seed23,TRAIN,p001226,p001226_a000223_000021,17.34680820986271,54.054321550501626,11.306077586958818,53.95113725116655,0.93310546875,-0.6721424234620912,14.560640829347157
g1_seed23,TRAIN,p001226,p001226_a000223_000036,13.922092411671697,49.100436149976105,13.507592486864777,50.82067398426033,0.9453125,2.4126279524012233,9.970757856154414
g1_seed23,TRAIN,p001226,p001226_a000223_000051,12.44245181217313,46.278359903271216,13.509212194844116,48.23987426020933,0.96044921875,1.8431976801348586,12.515647263229802
g1_seed23,TRAIN,p001226,p001226_a000223_000066,18.681456515271673,57.2475163702128,18.43731416084934,56.10431345064699,0.92529296875,5.296210010858591,19.34061730936736
g1_seed23,TRAIN,p001226,p001226_a000223_000081,25.28597762854006,57.257577924865316,13.455449356912377,55.05540278954032,0.93408203125,2.6689728601087204,17.208322292349564
g1_seed23,TRAIN,p001226,p001226_a000223_000096,12.9801690601179,52.637985826724574,13.157163954206322,53.6977104351643,0.93603515625,0.6217445108799602,14.761156442258049
g1_seed23,TRAIN,p001226,p001226_a000223_000111,12.694145005844925,49.217539114248396,11.686564713377111,49.22996199697989,0.953125,-1.0066598113423044,11.385734583746178
g1_seed23,TRAIN,p001231,p001231_a000029_000001,33.456746225759936,112.0709766676619,24.494492275283836,99.397290100247,0.77978515625,4.8486438172720305,-5.44623452797012
g1_seed23,TRAIN,p001231,p001231_a000029_000003,35.309116517078394,123.7897043051729,24.168093384940498,105.15883359729482,0.77099609375,4.831143629263117,4.333426006060748
g1_seed23,TRAIN,p001231,p001231_a000029_000005,36.14000731732445,120.0447854547943,25.95661864990325,102.25488278695325,0.76025390625,6.44627861444086,-4.310267882246279
g1_seed23,TRAIN,p001231,p001231_a000029_000007,33.877130203644114,110.35547974729226,24.589630041798127,95.38457159186778,0.78369140625,5.531279994599014,-0.32361772521240084
g1_seed23,TRAIN,p001231,p001231_a000029_000008,35.99131743904306,116.15200004988952,26.070702786643295,103.25300672332742,0.75732421875,6.172412063118806,-5.252964746449905
g1_seed23,TRAIN,p001231,p001231_a000029_000010,34.116087255492765,108.88812562893298,25.38021648195253,95.0797362548918,0.7783203125,6.172791265038768,-7.719639331094854
g1_seed23,TRAIN,p001231,p001231_a000029_000012,35.66248817738232,115.78420892348227,24.913921891483586,101.35265890515964,0.77978515625,5.743685036018423,-8.695212064435538
g1_seed23,TRAIN,p001231,p001231_a000029_000014,34.59493214129327,107.26493629693253,24.03329349140064,92.6875017268889,0.8037109375,4.561889185479576,-2.228089859776233
g1_seed23,TRAIN,p001231,p001231_a000075_000003,24.85873335497812,80.42441067190649,12.183204710846358,61.68885634592514,0.9169921875,-0.18930768844528956,10.79347584380978
g1_seed23,TRAIN,p001231,p001231_a000075_000012,20.465976620311032,76.082163792552,10.785723241888842,61.343449045798565,0.92529296875,-1.4516920932399469,11.558344258789042
g1_seed23,TRAIN,p001231,p001231_a000075_000020,19.321268263234227,66.71618815597256,11.68349472989373,55.615910406739886,0.93701171875,0.0838531831206577,10.337870100538112
g1_seed23,TRAIN,p001231,p001231_a000075_000029,31.559501708369975,72.73831253238077,15.865903088998268,66.27552952710141,0.88720703125,0.44621206379085443,5.104768660730485
g1_seed23,TRAIN,p001231,p001231_a000075_000037,34.477294179501534,79.16461962738374,18.13085036808612,68.08275418019643,0.88623046875,2.4351678426347263,7.093850224999429
g1_seed23,TRAIN,p001231,p001231_a000075_000046,25.965292902930337,78.13287509946689,13.90105809232799,59.93250730954918,0.9189453125,1.3180049075173308,12.431297138329377
g1_seed23,TRAIN,p001231,p001231_a000075_000054,23.77233171947685,74.95437736064396,11.597072731024149,57.8045676865315,0.931640625,1.0846269464614409,7.8760902429376
g1_seed23,TRAIN,p001231,p001231_a000075_000063,24.373496829870966,83.411738002376,12.02228127371871,67.55115433036728,0.90966796875,1.6172103138324285,12.854036621046077
g1_seed23,TRAIN,p001231,p001231_a000214_000004,30.89901886885579,100.17015503813253,18.320601896411283,82.21003336480172,0.8740234375,-15.024917435041807,-4.298130959485761
g1_seed23,TRAIN,p001231,p001231_a000214_000016,26.116365654700925,93.64151990010654,18.923669820467396,81.07875690865457,0.87255859375,-10.213274765993784,4.040156794141154
g1_seed23,TRAIN,p001231,p001231_a000214_000027,28.206091771405458,94.55655103623643,27.051674040213246,89.15108286861553,0.74609375,-13.709453886287744,-25.229659038928062
g1_seed23,TRAIN,p001231,p001231_a000214_000038,19.212145375792232,82.4749246520327,18.075245495169355,82.8030348294576,0.822265625,0.5773168912479072,2.248972579338286
g1_seed23,TRAIN,p001231,p001231_a000214_000049,16.598953138834034,62.779570547682134,16.70958826050815,66.02510135124649,0.87060546875,1.1855012131458338,0.5786560229260829
g1_seed23,TRAIN,p001231,p001231_a000214_000060,22.972683581008816,59.60351804119561,19.979746208399007,65.05321344580325,0.8662109375,0.6922490184353691,-1.6575808306661202
g1_seed23,TRAIN,p001231,p001231_a000214_000071,30.671327025733472,98.50459701577894,19.829954691223165,82.7111217139193,0.84716796875,-13.816821467164722,-0.6506120115053733
g1_seed23,TRAIN,p001231,p001231_a000214_000083,33.95173270973328,100.07835447165908,22.550541685757434,83.31678870521336,0.8291015625,-19.12133711960539,-16.210449053660696
g1_seed23,TRAIN,p100067,p100067_a005746_000002,62.82307508173716,126.30742117967391,10.707183430880978,85.40323058038737,0.91259765625,-1.5732901518014728,3.1077438221780653
g1_seed23,TRAIN,p100067,p100067_a005746_000008,66.77044890806106,124.26994198029809,10.684007468462084,97.3529853947339,0.9052734375,-1.0650509401625463,3.795106247261643
g1_seed23,TRAIN,p100067,p100067_a005746_000014,61.32179878226807,126.82164071736199,11.088755559025287,97.44407217816178,0.9140625,-0.7526638599899176,8.266060817188361
g1_seed23,TRAIN,p100067,p100067_a005746_000020,64.49423026806693,125.91931263910651,11.81806514738724,87.14263602359622,0.91845703125,0.061933268337652336,2.1177459546234303
g1_seed23,TRAIN,p100067,p100067_a005746_000026,53.39787467281534,119.16530868245276,11.949702771618805,87.6971587082287,0.90283203125,0.05762807347548282,1.133205805517619
g1_seed23,TRAIN,p100067,p100067_a005746_000032,65.95125424665974,128.9032588185474,11.883426784696802,101.99228648014642,0.90380859375,-0.2410077094923686,5.5813752137430015
g1_seed23,TRAIN,p100067,p100067_a005746_000038,58.959815284409345,126.72881839969618,11.6171839650024,96.78939621489795,0.90478515625,-0.7180543701955422,3.955691074104436
g1_seed23,TRAIN,p100067,p100067_a005746_000044,58.31266808349251,130.68279302890156,11.932442442971073,85.8042497631895,0.89990234375,-0.6768096825887486,4.7591624209226495
g1_seed23,TRAIN,p100069,p100069_a005191_000006,16.984118816545333,53.6588342112646,8.456580681598908,41.567339254293486,0.96630859375,-0.38922701227803813,3.812745716359487
g1_seed23,TRAIN,p100069,p100069_a005191_000021,21.832831971628107,68.62586454763942,8.813748756369266,46.40695180211555,0.958984375,0.28343589499554867,6.9434630609553665
g1_seed23,TRAIN,p100069,p100069_a005191_000037,31.634042105118354,55.286304407961936,8.484901287633178,39.04081450614677,0.9716796875,-0.9727131357053693,1.452578353374797
g1_seed23,TRAIN,p100069,p100069_a005191_000052,21.511950302203974,45.579234669347976,8.00647370254202,38.52971369856,0.97802734375,-3.6332575949295105,-2.495381770591294
g1_seed23,TRAIN,p100069,p100069_a005191_000068,12.63954971004366,34.545125883790554,6.861049439993517,28.848305356197965,0.98779296875,-3.3822896719748545,-14.54485480357042
g1_seed23,TRAIN,p100069,p100069_a005191_000083,32.8174329587575,62.16052784776751,8.814210651453017,53.694728855191016,0.9404296875,-0.5221362732153345,11.330629600945613
g1_seed23,TRAIN,p100069,p100069_a005191_000099,32.92220549729295,62.24806078501074,7.979893353040675,37.08960137460066,0.97509765625,-1.8758828863340682,-5.866365920896698
g1_seed23,TRAIN,p100069,p100069_a005191_000114,10.936156301610943,45.626874609633546,10.966534996714042,46.1056747913907,0.96533203125,-2.477863644128094,-6.051735725176243
g1_seed23,TRAIN,p100069,p100069_a005746_000002,31.287574384919353,95.89677756266407,11.332983770499876,67.94066402770797,0.896484375,-1.3806442164094577,-20.487881846698045
g1_seed23,TRAIN,p100069,p100069_a005746_000008,35.406589450383436,89.68618964793943,10.481977956372901,62.07531734919233,0.92138671875,-1.3344670130622251,-17.077843941545552
g1_seed23,TRAIN,p100069,p100069_a005746_000014,32.16467742231501,91.84858322383566,10.326683751438864,64.67853154513735,0.91455078125,-2.275330421820261,-25.825190492158825
g1_seed23,TRAIN,p100069,p100069_a005746_000020,27.399006919614692,83.96047460512526,10.245883406807632,63.64818187843797,0.9169921875,-1.8102280802764206,-21.179421598016944
g1_seed23,TRAIN,p100069,p100069_a005746_000027,28.3468810974745,91.34969248238673,10.194175745317347,65.58198014964428,0.91162109375,-2.1846637374350273,-21.564857517355094
g1_seed23,TRAIN,p100069,p100069_a005746_000033,34.60412759017359,96.13186541033588,11.120023586524912,64.52081345120541,0.9140625,-0.8982494334983855,-22.181005666646016
g1_seed23,TRAIN,p100069,p100069_a005746_000039,33.60499610355227,92.57043531736235,11.08665046971543,65.70057738114907,0.91845703125,-0.7090456850185873,-20.072459517577016
g1_seed23,TRAIN,p100069,p100069_a005746_000045,33.57823543282409,98.36973899208391,11.060787312180459,69.46404392524468,0.9052734375,-1.2547514597239093,-22.894682223972623
g1_seed23,TRAIN,p100072,p100072_a001242_000006,23.54549524390905,67.66076329311555,13.494298307841959,58.76245255996503,0.91650390625,0.8982435479500843,13.63584478452632
g1_seed23,TRAIN,p100072,p100072_a001242_000020,24.27806930201507,68.5261173159559,14.823805773989914,61.50125999159825,0.90283203125,2.6278771909156227,16.380900495520187
g1_seed23,TRAIN,p100072,p100072_a001242_000034,43.3250922871893,89.56362041563962,18.377999664286392,71.9633859385532,0.83447265625,3.1071146545970887,24.339443093284444
g1_seed23,TRAIN,p100072,p100072_a001242_000048,54.70420018161761,343.26281167381495,28.486225254581562,371.77990413543205,0.70947265625,5.546222907850652,233.29851180476848
g1_seed23,TRAIN,p100072,p100072_a001242_000063,55.02592372037575,279.30320614821625,26.17469808180179,318.07317764745187,0.7041015625,3.867491384858372,214.84202980478793
g1_seed23,TRAIN,p100072,p100072_a001242_000077,41.59725955513508,80.39493752723085,16.161616243223584,69.17057709093675,0.86572265625,-0.30243042039335677,21.6386682234712
g1_seed23,TRAIN,p100072,p100072_a001242_000091,22.338311362276052,73.90793230103887,14.633082490302272,61.618306570727434,0.90673828125,2.176080346692533,12.830366446474223
g1_seed23,TRAIN,p100072,p100072_a001242_000105,33.78155243870811,73.43345471311409,13.92874286554186,64.84658844703173,0.88818359375,2.37563659396978,19.158071684156404
g1_seed23,TRAIN,p100085,p100085_a000042_000001,33.30636994048198,84.53101093080011,24.785734743377322,80.50752548254714,0.833984375,11.866845992450274,29.42175493288353
g1_seed23,TRAIN,p100085,p100085_a000042_000002,34.83844290168205,83.44310247400107,24.280394016715352,76.42354502173878,0.7919921875,11.19177810456317,23.32862378030297
g1_seed23,TRAIN,p100085,p100085_a000042_000004,32.45484693019664,83.31983421766003,23.58134819892144,79.6847770523999,0.84130859375,10.25476701217541,26.04750902825107
g1_seed23,TRAIN,p100085,p100085_a000042_000006,32.826605005844954,84.03436611158465,24.255400470875834,80.65538207892823,0.83837890625,11.478659039130326,28.56461062952419
g1_seed23,TRAIN,p100085,p100085_a000042_000008,34.733908554760944,83.89731094867854,23.550993006538434,78.52988331773395,0.82958984375,11.280204806276556,26.712661614859122
g1_seed23,TRAIN,p100085,p100085_a000042_000010,33.9641789726073,83.84325252050802,24.27601280827694,81.08243300601926,0.82763671875,12.057417568522931,28.45969675139279
g1_seed23,TRAIN,p100085,p100085_a000042_000012,32.00399842062144,83.32204179525444,24.04230269199707,81.67193182684845,0.861328125,12.263816861958691,29.428668130402237
g1_seed23,TRAIN,p100085,p100085_a000042_000013,30.194398237512047,79.41736985843858,23.04562159886448,80.72114382895838,0.86328125,10.251077516449566,28.13851065658939
g1_seed23,TRAIN,p100086,p100086_a001415_000003,20.91310093295685,76.47484321334194,14.36545118994117,71.58374239226096,0.8876953125,3.04302445645615,31.568104532965272
g1_seed23,TRAIN,p100086,p100086_a001415_000010,25.206160657281593,84.80443605540522,15.579834346035117,79.36059212772184,0.85107421875,3.4381699036039812,38.429301500735285
g1_seed23,TRAIN,p100086,p100086_a001415_000017,22.61164640010407,80.11276428086593,13.963612319372784,76.33463751606754,0.86376953125,2.4309967631634475,35.605895993859534
g1_seed23,TRAIN,p100086,p100086_a001415_000024,23.700331502141076,81.23073279929665,15.3324474080847,77.05553222319968,0.86572265625,3.890343869871348,36.76752642817191
g1_seed23,TRAIN,p100086,p100086_a001415_000032,23.54025818025997,80.02504489506207,15.0996423692763,76.05299048923081,0.85400390625,3.5798924085888224,36.827821205271356
g1_seed23,TRAIN,p100086,p100086_a001415_000039,23.36929564841124,80.85306358842185,15.385087779187954,77.32611703713019,0.84619140625,3.9274947208329625,35.76184451006827
g1_seed23,TRAIN,p100086,p100086_a001415_000046,25.585978912521245,87.6485990941277,16.38376897361006,83.51049123246422,0.82763671875,4.97077052366841,40.54109250603877
g1_seed23,TRAIN,p100086,p100086_a001415_000053,26.715506402018733,84.94284466859462,16.743077330486948,76.33587014238479,0.83837890625,5.3956585711334295,34.729774858335084
g1_seed23,TRAIN,p100089,p100089_a005814_000004,46.5213168156966,125.38714699958153,35.52419182518659,100.51843681356827,0.64306640625,2.6979581233206034,4.748100885084597
g1_seed23,TRAIN,p100089,p100089_a005814_000014,39.9785292660038,123.45765744989117,31.09818891554407,101.28205619980346,0.6884765625,-4.919184485750279,-5.545737636751198
g1_seed23,TRAIN,p100089,p100089_a005814_000024,46.07901411931218,124.61122713456864,31.819171136879405,96.53243753697767,0.685546875,2.498933317772096,3.755058571808206
g1_seed23,TRAIN,p100089,p100089_a005814_000034,44.55497201685861,125.45515108147981,33.65232235400926,98.26390293955508,0.6689453125,2.063178732678665,3.1723022124341895
g1_seed23,TRAIN,p100089,p100089_a005814_000043,51.917705411790564,131.1499991920809,30.59764925569401,114.49406461096463,0.69921875,0.7407048556028393,19.919522686656023
g1_seed23,TRAIN,p100089,p100089_a005814_000053,60.70036899167721,142.83327759621062,32.73201453267672,112.10060180079297,0.66845703125,2.778642403784133,21.520354714950173
g1_seed23,TRAIN,p100089,p100089_a005814_000063,44.465363982766505,125.43395078449086,29.16982555872748,101.9406701669334,0.708984375,-0.6551962476222215,13.881021348605415
g1_seed23,TRAIN,p100089,p100089_a005814_000073,62.74916675498844,148.494470070028,31.186262458472655,110.98782120095483,0.6787109375,1.6804015684584286,20.15129472629478
g1_seed23,TRAIN,p100090,p100090_a005401_000001,22.42970298652622,102.64705262613467,21.34829567774519,98.15176955205571,0.7939453125,2.2111312688952367,23.879025528543877
g1_seed23,TRAIN,p100090,p100090_a005401_000003,22.425932193108025,80.41356013989417,19.734763957009758,81.9762950139872,0.8466796875,0.7985507289084204,-2.224451036811189
g1_seed23,TRAIN,p100090,p100090_a005401_000005,24.324454041526344,81.22934756320406,20.691043304651636,80.08732728602817,0.830078125,0.7052111915774333,2.317017201322386
g1_seed23,TRAIN,p100090,p100090_a005401_000007,21.909400665436543,85.93487421875957,21.851237411369006,88.76873866692279,0.8212890625,2.1186993069040128,6.654829608938414
g1_seed23,TRAIN,p100090,p100090_a005401_000009,24.64063142886508,79.50262034122063,21.580862157438013,81.1594093966653,0.8330078125,2.0078406717615636,3.576713490376946
g1_seed23,TRAIN,p100090,p100090_a005401_000011,24.31884845747118,91.26870320341196,22.756900576871317,95.32005544266607,0.7880859375,3.648115453961367,27.533218085848773
g1_seed23,TRAIN,p100090,p100090_a005401_000013,19.915799527439006,70.33012434601925,17.53555479795918,77.1208841977614,0.875,-2.0168873567349053,-3.8904112069952106
g1_seed23,TRAIN,p100090,p100090_a005401_000015,20.920514070934573,82.79101296419005,20.067229480879014,80.42928607986255,0.85400390625,0.8991322913240793,7.5380788911101035
g1_seed23,TRAIN,p100092,p100092_a001307_000004,35.78304451945095,223.81782969221481,26.42580044684135,225.66697803454835,0.7255859375,1.3982718724967853,123.89966006650404
g1_seed23,TRAIN,p100092,p100092_a001307_000014,30.674699219079784,214.71539886371085,21.18824895323405,218.31953336732556,0.77392578125,-2.542668110983385,135.76015478525267
g1_seed23,TRAIN,p100092,p100092_a001307_000024,22.171543477454748,155.72150287814512,18.60680386485744,145.1817721570412,0.8466796875,0.7357955822950366,84.91160801484958
g1_seed23,TRAIN,p100092,p100092_a001307_000034,32.900010756394394,171.74701244712182,25.52792025333661,151.4128257321084,0.77783203125,4.480887144897199,83.60904393600286
g1_seed23,TRAIN,p100092,p100092_a001307_000044,31.442244585452997,145.85912874257687,25.11006729153942,134.2706996675604,0.77392578125,5.282635404556739,72.92198954058176
g1_seed23,TRAIN,p100092,p100092_a001307_000054,29.055134573510472,210.18723902868368,27.815726113383754,208.29570320252475,0.70068359375,3.263274487032543,115.14566762245424
g1_seed23,TRAIN,p100092,p100092_a001307_000064,34.55413767961749,238.98088934636664,28.367779782681446,244.41484362549232,0.6767578125,-1.4192583172472126,131.00579781352477
g1_seed23,TRAIN,p100092,p100092_a001307_000074,33.42583578470849,193.353854213758,28.106985156704575,205.26319724616482,0.703125,1.6990444757321939,95.12565648243229
g1_seed37,VAL,p001194,p001194_a000062_000005,17.18119422973567,44.19894942376612,11.560140145438524,41.11258413864898,0.96875,1.5554896529506603,-8.965197005838341
g1_seed37,VAL,p001194,p001194_a000062_000017,9.695156091099925,34.11266103063167,9.595384781735401,34.18898873935987,0.98583984375,-0.24016570380684676,-15.400796334652078
g1_seed37,VAL,p001194,p001194_a000062_000029,22.253635952705515,56.93904120244436,11.374812764286546,40.199847228544954,0.97998046875,2.181306220564718,1.051702884890787
g1_seed37,VAL,p001194,p001194_a000062_000041,15.12993724225899,124.21247774116641,12.923465224518782,130.90832927603662,0.86376953125,2.0728242327935007,76.9023376736815
g1_seed37,VAL,p001194,p001194_a000062_000053,30.24837174746156,81.12381329766876,11.443041593102384,84.06184276204152,0.8984375,0.2161074129020566,45.79788326881243
g1_seed37,VAL,p001194,p001194_a000062_000065,7.177750342711974,31.53528237184345,7.392444847386788,31.986599189270613,0.98974609375,-0.7717817418061284,-11.450915647941194
g1_seed37,VAL,p001194,p001194_a000062_000077,13.204848818918219,36.90131025368965,12.55830987502629,35.83503016722027,0.99609375,0.6849271720558967,-11.195346741273092
g1_seed37,VAL,p001194,p001194_a000062_000089,9.918615171386037,34.610216473055715,10.08353059522221,32.62720470266954,0.9970703125,-0.07971015254181602,-12.156388679710425
g1_seed37,VAL,p001194,p001194_a000986_000010,20.797914430154492,45.67329466745166,11.005733333678966,47.08592346489114,0.95556640625,1.0780685860113888,-3.357534169204122
g1_seed37,VAL,p001194,p001194_a000986_000036,17.26240842631326,43.0445197100343,10.143763950948081,35.139295424243315,0.9814453125,1.7388731377074862,-11.029600111570495
g1_seed37,VAL,p001194,p001194_a000986_000062,36.42177075106132,98.88748594892266,7.725513832613242,122.29560506371304,0.900390625,-3.1032508814773507,74.55333053920646
g1_seed37,VAL,p001194,p001194_a000986_000088,7.348512993800692,29.032938897965966,6.789940407952594,26.601055307974555,0.9931640625,-1.061542886791564,0.44968531924388344
g1_seed37,VAL,p001194,p001194_a000986_000114,19.818623680443856,53.45753849022747,9.922852950495944,41.092627890248245,0.96923828125,0.4275713588487555,7.429424275265099
g1_seed37,VAL,p001194,p001194_a000986_000140,43.74711298927811,88.24765517883479,14.714996253984712,71.59108745258615,0.921875,4.073415070056473,24.003948709182026
g1_seed37,VAL,p001194,p001194_a000986_000166,13.495581296989368,41.502062452424035,9.85140923610141,35.89478703434542,0.9765625,0.12028355796073953,-2.2449042143760636
g1_seed37,VAL,p001194,p001194_a000986_000192,14.340629749106752,35.21812813008857,8.351821032578698,29.22212908487415,0.9970703125,0.6051193470775464,0.48503382399593775
g1_seed37,TRAIN,p001195,p001195_a000053_000006,66.06521321496385,111.88736639169409,12.704667427149438,59.497717560912626,0.91845703125,-160.63616455510896,-153.9522066722154
g1_seed37,TRAIN,p001195,p001195_a000053_000021,63.72475628707289,106.70273538259522,12.550567419366885,52.098462315779514,0.93994140625,-156.19436628452502,-154.53233793232795
g1_seed37,TRAIN,p001195,p001195_a000053_000037,88.2919513730443,157.33365707927044,24.681086006807064,88.92518670977105,0.76416015625,-193.52494749399227,-193.6113135347891
g1_seed37,TRAIN,p001195,p001195_a000053_000052,80.8971368090568,131.4158823491797,14.411250166851598,55.59447581434516,0.92919921875,-200.55344619099813,-207.71920428623275
g1_seed37,TRAIN,p001195,p001195_a000053_000068,67.62828880696685,129.7586136506946,16.326932855125882,56.64099075005346,0.919921875,-198.32687323853202,-215.47915090405104
g1_seed37,TRAIN,p001195,p001195_a000053_000083,83.6426137186629,118.06092068422201,14.299626466563426,41.94726888674454,0.9658203125,-169.58134944896557,-180.68782375042701
g1_seed37,TRAIN,p001195,p001195_a000053_000099,38.57501997555862,73.15236399641148,11.398069380652668,39.17406814793082,0.97705078125,-2.3974180668812366,0.8702365261278686
g1_seed37,TRAIN,p001195,p001195_a000053_000114,73.08009035046032,108.25064614926289,12.419838430109714,43.51939972058104,0.9697265625,-163.8264811989237,-163.43984267168233
g1_seed37,TRAIN,p001195,p001195_a000986_000011,55.73156646827119,87.45826394123301,12.022893443395473,39.730965449261376,0.98095703125,-170.68981768340268,-176.32577501673433
g1_seed37,TRAIN,p001195,p001195_a000986_000039,22.407732206718983,54.372682608327366,9.2476697974896,44.093488345191254,0.96875,-0.9741832605482141,3.5385647248410876
g1_seed37,TRAIN,p001195,p001195_a000986_000068,47.627494954717235,98.33585235393365,14.630209449438944,83.05985564240025,0.89794921875,-3.485972481803138,-48.292176639832846
g1_seed37,TRAIN,p001195,p001195_a000986_000096,67.10616775246595,101.59639838080155,13.018041898772605,44.39557568701087,0.96142578125,-151.06640360907903,-151.86717056779148
g1_seed37,TRAIN,p001195,p001195_a000986_000125,25.091465419139993,65.31494153705013,14.286421943181509,43.939880751266735,0.970703125,-2.316760011421337,-19.419758201751286
g1_seed37,TRAIN,p001195,p001195_a000986_000153,69.72776625992955,110.03969373016227,11.218160100054037,59.831709228339236,0.935546875,-7.213382866461762,-21.963120071588904
g1_seed37,TRAIN,p001195,p001195_a000986_000182,56.58757291028177,97.79803545984922,13.338815092784248,48.54233181387096,0.9541015625,-147.69898402797847,-154.47924960385097
g1_seed37,TRAIN,p001195,p001195_a000986_000210,47.470372463955485,84.74086120646965,12.837179400256804,42.318390092214884,0.98291015625,-156.03575235926232,-162.5963825080774
g1_seed37,VAL,p001196,p001196_a000388_000011,22.44268099214512,62.46432186939481,11.82762686112647,46.897125159745315,0.958984375,-2.5791633698019396,4.405591328053127
g1_seed37,VAL,p001196,p001196_a000388_000040,34.22851623478783,83.46124852630341,26.368203758282828,63.06669914096336,0.8359375,12.2232018953344,23.51556919880514
g1_seed37,VAL,p001196,p001196_a000388_000069,64.59082384319981,105.39386965972368,14.762672680178063,87.4884829905741,0.86083984375,4.287662773480774,47.63914462465066
g1_seed37,VAL,p001196,p001196_a000388_000098,17.04841213182882,59.740066367322285,14.709647929887247,51.88497712733821,0.9423828125,2.8430426005676743,11.450591560996315
g1_seed37,VAL,p001196,p001196_a000388_000127,17.089262861152037,61.15979198840877,13.093677444136603,56.50372696003117,0.93505859375,0.7203723771032937,7.860201791263698
g1_seed37,VAL,p001196,p001196_a000388_000156,29.521713925482167,83.96810028925206,20.97331714695337,73.60686921465316,0.869140625,6.532816673218015,12.122998611164306
g1_seed37,VAL,p001196,p001196_a000388_000185,33.83253097095056,120.30701185180544,17.02784466675581,144.90303369510295,0.8095703125,4.018800673376784,91.73239971898
g1_seed37,VAL,p001196,p001196_a000388_000214,14.119364319993174,57.35323295379546,13.922310949840245,58.849673504308484,0.91455078125,-0.30449371624471233,12.002185051149574
g1_seed37,TRAIN,p001197,p001197_a000062_000005,15.09224935501792,47.72194497710449,12.9082882918186,48.77512963045271,0.95263671875,2.713715669461134,-6.023178608941691
g1_seed37,TRAIN,p001197,p001197_a000062_000016,13.457782981419339,44.60099564064908,10.850479098088528,46.460418636815994,0.95947265625,0.653753086234893,-1.4580777858112128
g1_seed37,TRAIN,p001197,p001197_a000062_000028,15.329359173963121,49.48223652756138,13.818800452997358,45.247518262571276,0.9599609375,-0.40778227294663694,-6.099658282731681
g1_seed37,TRAIN,p001197,p001197_a000062_000040,39.61707589448791,92.79274415636418,20.102597380457055,89.66340008056812,0.79736328125,2.7098538831866605,17.810401166901798
g1_seed37,TRAIN,p001197,p001197_a000062_000052,69.57703526145394,166.7644857678635,17.52130068941426,224.52582715876684,0.82763671875,3.7752446098890253,101.37754130716975
g1_seed37,TRAIN,p001197,p001197_a000062_000064,59.54538310256876,130.69679063316232,22.327731430377924,133.00235756606784,0.80615234375,0.9789788607030587,48.17812760966076
g1_seed37,TRAIN,p001197,p001197_a000062_000076,25.911881654932337,71.40883862910849,17.369288256398647,73.41445198728425,0.8388671875,-0.2054127448158951,11.597047033671608
g1_seed37,TRAIN,p001197,p001197_a000062_000087,17.581489945758307,53.76220697219199,13.188516391928793,58.35232684853455,0.93603515625,0.8602106537712721,-0.14411453327866042
g1_seed37,TRAIN,p001197,p001197_a001238_000003,24.565316882645206,92.47604126361925,11.934776825735707,81.08820177153365,0.89111328125,-4.986004924907384,-14.569873979315346
g1_seed37,TRAIN,p001197,p001197_a001238_000010,30.176606462341,93.0064209564513,12.548161771560238,117.77494683086708,0.83154296875,-3.750231606963524,13.008775903345224
g1_seed37,TRAIN,p001197,p001197_a001238_000018,22.66613672013193,75.19805749598537,10.843363582137215,84.27922197467718,0.89208984375,-5.702088105604311,-6.106727455170443
g1_seed37,TRAIN,p001197,p001197_a001238_000025,23.732425515688547,99.37857369654877,11.416302685955284,99.11400099360692,0.88671875,-4.701905472171642,-8.21313080114075
g1_seed37,TRAIN,p001197,p001197_a001238_000033,25.98803249981472,114.70065281633455,12.230281606452785,108.36997095185593,0.8759765625,-3.425718093830401,-21.70944769493117
g1_seed37,TRAIN,p001197,p001197_a001238_000040,22.93724568301146,87.90734000763335,12.364694146819858,106.10779182240469,0.8505859375,-2.1500404977227863,8.796124367883962
g1_seed37,TRAIN,p001197,p001197_a001238_000048,29.095665668374032,98.24291923434957,12.569170085150768,83.71641478923551,0.8896484375,-3.289173541566649,-20.97314530378918
g1_seed37,TRAIN,p001197,p001197_a001238_000055,27.979798661137735,106.00856225340253,11.826329311462338,98.56450185345302,0.8818359375,-4.464690773298042,-25.377299115241186
g1_seed37,VAL,p001199,p001199_a001398_000001,29.916760059548242,76.45684654163588,21.893938057000888,69.47248645457954,0.86669921875,9.737348440026668,26.307170143129163
g1_seed37,VAL,p001199,p001199_a001398_000004,30.44521493913848,76.35979254033487,20.81217426180025,70.14734839771253,0.87646484375,8.404425992059286,30.662728909258234
g1_seed37,VAL,p001199,p001199_a001398_000008,29.817270625293347,78.31815461780003,21.392605192052898,72.63909178639042,0.86279296875,10.011710622655226,28.741843611970253
g1_seed37,VAL,p001199,p001199_a001398_000011,31.13328037222926,81.98827928591065,19.686874451544334,72.36350197706683,0.8740234375,8.133279570934427,30.386262561004557
g1_seed37,VAL,p001199,p001199_a001398_000014,30.90108866647123,75.22007063856816,22.15079621919665,70.55529709295861,0.85302734375,10.936148425759653,29.00184654695201
g1_seed37,VAL,p001199,p001199_a001398_000017,30.42794887099739,73.9465775134201,22.404669457043163,66.83939724184518,0.86474609375,11.591629809555005,24.746215769501504
g1_seed37,VAL,p001199,p001199_a001398_000021,28.47839537587391,72.78220787767042,20.32723088304436,66.6383183422593,0.8828125,8.70218012882092,24.920601122260237
g1_seed37,VAL,p001199,p001199_a001398_000024,28.802327170814713,72.39081810259502,15.788553477776166,63.298104006200596,0.89990234375,4.211880980800274,20.726631886860716
g1_seed37,VAL,p001201,p001201_a005135_000002,24.50315574741594,57.89036672228189,11.739562168030155,51.80550029614214,0.94775390625,1.3270354657529122,16.600614786655257
g1_seed37,VAL,p001201,p001201_a005135_000007,14.245645558690871,35.956541258462295,10.247272256973499,45.626867860763255,0.9677734375,0.00793408347090363,14.408388980802403
g1_seed37,VAL,p001201,p001201_a005135_000011,28.388686018088165,67.03872182481766,11.091612392178394,63.9424167352846,0.92822265625,0.7070791337374818,22.5681881961722
g1_seed37,VAL,p001201,p001201_a005135_000016,28.075690119382898,66.5900573236332,14.069212125655813,48.16124433736977,0.95556640625,3.913820328128299,15.084800785916734
g1_seed37,VAL,p001201,p001201_a005135_000021,17.786279730871485,42.09370377070447,12.305107364615035,50.56106619862963,0.9462890625,2.3635394346070218,16.93349392960061
g1_seed37,VAL,p001201,p001201_a005135_000026,13.9105244576915,34.45880576408127,11.507428052752141,41.35599380759181,0.978515625,0.549528038506768,6.303472504247509
g1_seed37,VAL,p001201,p001201_a005135_000030,26.67217430353525,69.30044619072211,17.34685774850683,48.160308232804404,0.9560546875,6.919709900203834,10.708932006818678
g1_seed37,VAL,p001201,p001201_a005135_000035,17.673698984809185,42.47258360464059,11.106999269070851,45.601676078059214,0.9638671875,0.0266155159688779,12.687129264913395
g1_seed37,TRAIN,p001202,p001202_a001230_000002,54.302819166279185,128.98123087245327,39.76005206359211,101.10683921966456,0.60107421875,21.298949920118623,30.0532555390308
g1_seed37,TRAIN,p001202,p001202_a001230_000009,60.78707549828323,140.54030878595083,39.440287851168804,105.16024157328235,0.63623046875,21.159332966708348,37.22127365775998
g1_seed37,TRAIN,p001202,p001202_a001230_000015,51.73685338249483,125.92262349710579,39.048476039840565,101.94824152618213,0.63525390625,21.20608051270183,33.486124273603224
g1_seed37,TRAIN,p001202,p001202_a001230_000021,57.58264831534079,134.98534220942116,41.14699642427054,105.75439515922461,0.60302734375,22.153005611881383,37.437637854381975
g1_seed37,TRAIN,p001202,p001202_a001230_000028,55.66393748468704,135.65761766593474,39.158966035693965,101.18872916437402,0.61865234375,19.323512538711476,35.99946159791267
g1_seed37,TRAIN,p001202,p001202_a001230_000034,58.225618812359315,140.00048056271805,38.552659514975446,105.39490866767568,0.67578125,19.158596936796684,39.79864576709441
g1_seed37,TRAIN,p001202,p001202_a001230_000040,60.27928116078307,143.84655328199779,39.34923066007485,104.78812404694045,0.654296875,21.19503409360591,39.79092910626859
g1_seed37,TRAIN,p001202,p001202_a001230_000047,46.32699545330706,109.74005856511356,35.64665672723054,84.99032100517454,0.68701171875,15.926472094115315,17.66513048101666
g1_seed37,TRAIN,p001202,p001202_a005135_000001,18.98390962638885,47.70337521403445,8.898218491620646,38.62774624680705,0.96630859375,-0.45433528986523086,0.30549279844051824
g1_seed37,TRAIN,p001202,p001202_a005135_000005,11.64289131569053,40.98760267391806,9.911742995253686,41.75278996540368,0.96435546875,0.9975039406407014,3.2401599880391245
g1_seed37,TRAIN,p001202,p001202_a005135_000008,22.27146211141778,49.49881512300775,9.67213023966079,36.367716727925284,0.9765625,0.09702019914567117,-1.3688391874757428
g1_seed37,TRAIN,p001202,p001202_a005135_000012,22.34987382518696,53.97204875443946,10.532610825218171,43.88998740294308,0.9609375,0.4942502789409353,6.532926152788399
g1_seed37,TRAIN,p001202,p001202_a005135_000015,10.494928631153549,51.07520211139039,9.762920715311436,52.83844165119676,0.9462890625,-0.0201634089430609,13.46176865774379
g1_seed37,TRAIN,p001202,p001202_a005135_000019,18.752375727735277,46.95220457533204,9.111322486497862,40.00379305602163,0.9697265625,-0.1661733967370438,3.3253195345814035
g1_seed37,TRAIN,p001202,p001202_a005135_000022,18.626255165864844,44.7543433178337,9.07776317110358,37.967575419739,0.97900390625,-0.0672504668675522,-2.1612991723589445
g1_seed37,TRAIN,p001202,p001202_a005135_000026,13.669156400227589,38.40521411670992,9.756820946540007,38.09491925667406,0.97265625,0.5503881821128758,-0.1632285468181962
g1_seed37,TRAIN,p001203,p001203_a000032_000003,18.649565596743813,61.15511091338733,16.090639235732446,50.41318759269335,0.9482421875,-0.01890080557577889,5.091447304648611
g1_seed37,TRAIN,p001203,p001203_a000032_000009,19.642772502589665,54.23052806799501,16.055783832334175,49.71017775683969,0.9501953125,-1.2824935340196078,5.492067565124444
g1_seed37,TRAIN,p001203,p001203_a000032_000016,18.030075399941964,56.033181705597464,16.442409887766374,50.67227605768609,0.9443359375,-0.3472597603911929,5.775354496760841
g1_seed37,TRAIN,p001203,p001203_a000032_000022,16.280986137309593,50.5812289301471,14.840911601232659,53.01123130270458,0.94287109375,-3.1915435415768556,6.75230816514911
g1_seed37,TRAIN,p001203,p001203_a000032_000029,17.48617530863209,51.215473034009676,14.98395173856008,50.887201163537014,0.9462890625,-2.7579359617858685,7.520273811923204
g1_seed37,TRAIN,p001203,p001203_a000032_000035,19.149061833422405,62.903997190539634,17.782629081335873,49.16481029070109,0.953125,1.6003925785383295,3.706212220603369
g1_seed37,TRAIN,p001203,p001203_a000032_000042,18.296246118463163,51.63396978039452,15.767322067974211,50.60146094068332,0.9482421875,0.2171817279326742,7.4546834696158655
g1_seed37,TRAIN,p001203,p001203_a000032_000048,20.744731730142973,70.31005335086263,20.679397946792474,49.59025599900369,0.9521484375,3.73454439105873,5.908962684066154
g1_seed37,TRAIN,p001204,p001204_a003011_000001,13.655953340902816,57.90487249270274,13.475994954969803,60.63091492294017,0.9248046875,1.1189507592355774,15.092389082909285
g1_seed37,TRAIN,p001204,p001204_a003011_000003,15.989972714532108,64.82173138799824,15.826110100464504,66.08002659360415,0.89501953125,3.650211948146561,20.869670479807915
g1_seed37,TRAIN,p001204,p001204_a003011_000006,16.268196079800884,64.10959443533359,16.700977062657834,66.86963262101541,0.89501953125,3.5295292521774293,19.992742238046645
g1_seed37,TRAIN,p001204,p001204_a003011_000008,15.20789985094401,63.26355116452445,15.08653661056846,63.08940877206039,0.91162109375,2.170886898098461,17.007646571578533
g1_seed37,TRAIN,p001204,p001204_a003011_000010,16.400585819916216,68.3555441529248,16.608098153912188,70.2454098605565,0.88818359375,3.598640196365448,21.520592493882617
g1_seed37,TRAIN,p001204,p001204_a003011_000012,15.65435342503066,68.8319636563152,14.491519100466647,67.15008280623086,0.90869140625,1.7107138996168594,20.492285421282233
g1_seed37,TRAIN,p001204,p001204_a003011_000015,17.4505568577486,73.38651453228157,15.098461008213928,70.88629454321801,0.88916015625,3.32549133730873,26.64912504882212
g1_seed37,TRAIN,p001204,p001204_a003011_000017,14.882997829559445,67.4182823357738,15.199841822283531,70.53675516647007,0.89306640625,3.2665433705256355,23.51308043515941
g1_seed37,TRAIN,p001210,p001210_a001226_000002,55.0087462440969,258.1241958823026,47.09715048370078,246.82878621888398,0.5205078125,-1.7893303428659166,12.797817302785091
g1_seed37,TRAIN,p001210,p001210_a001226_000006,65.31212689286184,254.3077827771163,51.09689694942368,232.82115001588278,0.49072265625,1.8922784766825416,17.5628584465951
g1_seed37,TRAIN,p001210,p001210_a001226_000010,71.47189448015439,265.73128253247995,53.001693540165846,240.54379047071848,0.47216796875,2.2690867829745827,5.596651048453509
g1_seed37,TRAIN,p001210,p001210_a001226_000014,64.73218400785437,258.7075554373529,50.29710291657652,232.84626337247255,0.4970703125,-1.659520260892407,6.033062924255859
g1_seed37,TRAIN,p001210,p001210_a001226_000018,65.73419215199769,255.08652769902926,51.36749818733684,239.51116289064535,0.48583984375,1.380461841451357,13.445640768882441
g1_seed37,TRAIN,p001210,p001210_a001226_000022,58.73438469195888,277.3308057329217,50.1672825916841,263.1814477492545,0.498046875,1.491991215014238,18.171798536221246
g1_seed37,TRAIN,p001210,p001210_a001226_000026,67.51527045491187,266.4501988371707,49.42377556755242,240.35081492797295,0.505859375,0.6926649011788797,14.952702968723344
g1_seed37,TRAIN,p001210,p001210_a001226_000030,65.01832058654696,257.21602640727775,46.84697813611391,232.835746968964,0.52099609375,-2.3594214458218445,22.235712219532587
g1_seed37,TRAIN,p001216,p001216_a001423_000001,29.847923961274994,114.27036462736561,21.43855421992765,71.49643494333411,0.859375,4.089910451726428,6.666323655968114
g1_seed37,TRAIN,p001216,p001216_a001423_000004,35.68619610355783,120.26297815822011,21.6687915166577,75.13493669312471,0.83935546875,5.076255818404022,8.223400730482481
g1_seed37,TRAIN,p001216,p001216_a001423_000007,33.22134466014494,118.18555305908158,19.858648595343798,73.33630755894978,0.84619140625,4.8468736593219965,4.8579752609337135
g1_seed37,TRAIN,p001216,p001216_a001423_000010,26.367998807264755,109.62172839308955,23.799842426765572,77.98088997952846,0.8232421875,5.960637242090236,12.178647242162072
g1_seed37,TRAIN,p001216,p001216_a001423_000013,29.59661873400227,122.5035263443475,24.02560496920632,84.3110324987352,0.810546875,6.492531606729273,14.990118784578144
g1_seed37,TRAIN,p001216,p001216_a001423_000016,36.09276791566856,128.23162383908019,24.87253814034236,75.66216830683143,0.826171875,7.023895193986473,7.986599798496044
g1_seed37,TRAIN,p001216,p001216_a001423_000019,28.778190567324437,118.40773420379479,22.653734265001003,79.69840962318263,0.82470703125,4.7106366073487145,12.162952067599718
g1_seed37,TRAIN,p001216,p001216_a001423_000022,37.66714083226556,129.13757866783743,27.30895626913844,79.92178788963551,0.79638671875,8.603475882232143,15.1914030180657
g1_seed37,TRAIN,p001225,p001225_a005341_000001,70.83916707744638,166.48379990211552,24.167196098097477,71.50040608856753,0.8076171875,8.14782886389835,19.010754893224444
g1_seed37,TRAIN,p001225,p001225_a005341_000005,51.024166145032865,153.57732439654956,21.606267785244214,78.47683580524905,0.8388671875,5.284683114951065,25.595749689556733
g1_seed37,TRAIN,p001225,p001225_a005341_000009,67.00855008184578,167.1884680197315,24.560145024160498,73.63519941243824,0.80126953125,8.13602755385497,16.5522415442804
g1_seed37,TRAIN,p001225,p001225_a005341_000013,68.12937142789637,171.3785116755972,26.579157192946063,84.69006497766894,0.79052734375,9.30541438109642,30.806311592485855
g1_seed37,TRAIN,p001225,p001225_a005341_000016,52.54013206587087,150.52981165775185,23.318275755566724,77.29262613027521,0.83056640625,6.924237308362137,26.33173440966707
g1_seed37,TRAIN,p001225,p001225_a005341_000020,70.8139431376302,174.61551048667994,26.010489798101467,85.40229353075107,0.77294921875,8.742909487510019,29.52755651970144
g1_seed37,TRAIN,p001225,p001225_a005341_000024,65.95798097513756,170.14727397006908,24.717062751272888,82.76797739085583,0.79345703125,7.789095544191515,25.339406131570705
g1_seed37,TRAIN,p001225,p001225_a005341_000028,65.26298503861511,162.9577843207423,23.947839966043453,74.55437413347809,0.818359375,6.487450400587893,16.901245389862183
g1_seed37,TRAIN,p001226,p001226_a000223_000006,16.16350118564005,58.2700333469847,14.444605815790013,59.31608514162245,0.92041015625,2.020256341005135,20.584977571182947
g1_seed37,TRAIN,p001226,p001226_a000223_000021,14.51580696994496,60.3912971666581,13.583677380439527,61.578766950816785,0.9150390625,1.6054573700186179,22.188270528997393
g1_seed37,TRAIN,p001226,p001226_a000223_000036,19.301542658414782,58.805278708091784,19.135657848109062,58.48821765060309,0.8974609375,8.040693313645509,17.638301522497173
g1_seed37,TRAIN,p001226,p001226_a000223_000051,19.15936068956203,56.29770424748064,14.951037527520352,51.66202506887615,0.9443359375,3.285023012811095,15.937798071896623
g1_seed37,TRAIN,p001226,p001226_a000223_000066,30.380292526728603,72.28624296312357,16.251970360553578,54.55838498770554,0.939453125,3.110866210562829,17.794688846425906
g1_seed37,TRAIN,p001226,p001226_a000223_000081,13.766398547144064,48.93799940026707,13.098464035121978,50.7976942291994,0.947265625,2.3119875383183217,12.950613732008648
g1_seed37,TRAIN,p001226,p001226_a000223_000096,19.6645038369603,56.57587447375425,16.022044775129878,51.99509230544158,0.94189453125,3.4866253318035163,13.058538312535326
g1_seed37,TRAIN,p001226,p001226_a000223_000111,19.7772381463759,56.45360284075076,14.813182476537659,54.59194460814752,0.9296875,2.119957951818243,16.74771719491381
g1_seed37,TRAIN,p001231,p001231_a000029_000001,21.44565384634915,104.91894692887502,19.624388770193782,100.84718834396708,0.82080078125,-0.0214596878180231,-3.9963362842500487
g1_seed37,TRAIN,p001231,p001231_a000029_000003,16.630381338487762,93.4097707401614,17.124324630108603,93.56056877449247,0.8212890625,-2.2126251255687777,-7.264838816741602
g1_seed37,TRAIN,p001231,p001231_a000029_000005,19.21837145242069,86.28684161439084,17.524433619900933,82.91238782791744,0.84619140625,-1.9859064155614554,-23.652762841282083
g1_seed37,TRAIN,p001231,p001231_a000029_000007,19.31458223496275,90.76022923794356,18.711397052828275,90.64319082916171,0.828125,-0.34695299437083804,-5.064998487918473
g1_seed37,TRAIN,p001231,p001231_a000029_000008,24.53499189641441,94.8199274334633,20.559634465814995,89.2712160206112,0.814453125,0.6613437422905051,-19.234755449166116
g1_seed37,TRAIN,p001231,p001231_a000029_000010,19.148752354365758,91.00920908034973,18.06977063772171,87.69348634604147,0.84375,-1.137654579192052,-15.105889239945185
g1_seed37,TRAIN,p001231,p001231_a000029_000012,19.446008019701157,87.4668042520108,18.25682354004297,85.14666237755938,0.85400390625,-0.9134133154221935,-24.9012085920358
g1_seed37,TRAIN,p001231,p001231_a000029_000014,17.24723076038193,78.95317473252109,16.35659399993144,78.08386073423276,0.87451171875,-3.114810305989625,-16.831730852432372
g1_seed37,TRAIN,p001231,p001231_a000075_000003,21.81712604803929,68.66409810988193,13.374511344004294,57.71937990086713,0.93212890625,1.0019989447126463,6.8239993987517735
g1_seed37,TRAIN,p001231,p001231_a000075_000012,18.93087817132517,69.03905058473764,10.136319529989175,59.041938694544676,0.93115234375,-2.1010958051396145,9.256833907535153
g1_seed37,TRAIN,p001231,p001231_a000075_000020,17.938423265661353,66.19414256784096,10.976531386230238,52.39372625676734,0.94482421875,-0.6231101605428346,7.115685950565563
g1_seed37,TRAIN,p001231,p001231_a000075_000029,23.837491455378476,80.52116824694197,17.148165128246887,77.04209973236438,0.87109375,1.7284741030394741,15.871338865993451
g1_seed37,TRAIN,p001231,p001231_a000075_000037,23.86854402722382,82.7698448718168,16.206787571912017,78.0039747836896,0.85595703125,0.5111050464606244,17.015070828492597
g1_seed37,TRAIN,p001231,p001231_a000075_000046,20.71116362157628,68.1117794352541,10.798161720080664,54.11843804793737,0.9423828125,-1.784891464729995,6.617227876717564
g1_seed37,TRAIN,p001231,p001231_a000075_000054,20.588651007221543,68.33449324978912,11.074708707931713,54.551712889371494,0.9404296875,0.5622629233690049,4.6232354457775955
g1_seed37,TRAIN,p001231,p001231_a000075_000063,18.46836551191597,77.74411498788626,9.896871502792735,65.67020319910799,0.92333984375,-0.5081994570935464,10.973085489786783
g1_seed37,TRAIN,p001231,p001231_a000214_000004,38.49429729215744,101.838558618338,22.82668477502869,79.43952435679674,0.86181640625,-10.518834556424402,-7.068639967490739
g1_seed37,TRAIN,p001231,p001231_a000214_000016,41.15204483987656,97.93779001703795,21.54430698788606,71.14156202703202,0.87646484375,-7.59263759857512,-5.897038087481391
g1_seed37,TRAIN,p001231,p001231_a000214_000027,25.916621507272083,97.92009607455287,26.662179217394073,99.62774759079605,0.6962890625,-14.098948709106917,-14.752994316747547
g1_seed37,TRAIN,p001231,p001231_a000214_000038,19.537103587443507,93.37233930625503,17.981852972819006,90.45683268684374,0.814453125,0.48392436889755786,9.902770436724424
g1_seed37,TRAIN,p001231,p001231_a000214_000049,16.607247801162558,76.86875972144027,16.98416537318419,78.39447570825214,0.8525390625,1.4600783258218755,12.948030379931737
g1_seed37,TRAIN,p001231,p001231_a000214_000060,24.069254862412986,69.36125896964123,20.00348512308171,76.14235007123236,0.82275390625,0.7159879331180719,9.431555794762986
g1_seed37,TRAIN,p001231,p001231_a000214_000071,42.47204112705607,104.49638679103846,23.281929203111762,76.24124663077036,0.85791015625,-10.364846955276125,-7.120487094654308
g1_seed37,TRAIN,p001231,p001231_a000214_000083,42.74299257455937,105.67085998860925,25.398599322875615,80.14117954158007,0.79345703125,-16.273279482487208,-19.38605821729398
g1_seed37,TRAIN,p100067,p100067_a005746_000002,84.95229103373086,133.0237341447102,11.242847977519183,112.91901291709019,0.90966796875,-1.0376256051632673,30.62352615888088
g1_seed37,TRAIN,p100067,p100067_a005746_000008,87.83850060218046,138.29419917072966,12.393996255270242,127.1984814333809,0.9111328125,0.644937846645611,33.64060228590864
g1_seed37,TRAIN,p100067,p100067_a005746_000014,86.13409203786279,140.90501568600192,12.593676419505828,103.26723989550605,0.90966796875,0.7522570004906228,14.089228534532637
g1_seed37,TRAIN,p100067,p100067_a005746_000020,95.39620809096667,150.43111378392214,14.509568751671088,117.68322933587562,0.9169921875,2.753436872621501,32.65833926690283
g1_seed37,TRAIN,p100067,p100067_a005746_000026,81.1760866671904,131.72138009981606,11.786735793478563,102.08844811011353,0.9033203125,-0.10533890466475881,15.524495207402452
g1_seed37,TRAIN,p100067,p100067_a005746_000032,86.00034584640052,139.2996699720435,13.736332919664328,132.24086588399803,0.90380859375,1.6118984254751574,35.82995461759461
g1_seed37,TRAIN,p100067,p100067_a005746_000038,83.92712515641435,141.11252413774187,13.322575803880166,128.5671403132776,0.91455078125,0.9873374686822238,35.73343517248409
g1_seed37,TRAIN,p100067,p100067_a005746_000044,78.44373270055812,133.74309944529088,12.281703281810337,114.32319438241102,0.912109375,-0.3275488437494847,33.278107040144164
g1_seed37,TRAIN,p100069,p100069_a005191_000006,20.936857949496428,41.39467315476941,7.807452181149099,35.69844722958073,0.97998046875,-1.038355512727847,-2.05614630835327
g1_seed37,TRAIN,p100069,p100069_a005191_000021,30.72382565742552,55.79703159923187,8.696614777390408,38.622777402739544,0.98095703125,0.16630191601669075,-0.8407113384206397
g1_seed37,TRAIN,p100069,p100069_a005191_000037,51.1916723853174,83.70154804556283,11.869866019500869,76.5349679220374,0.91064453125,2.4122515961623208,38.94673176926542
g1_seed37,TRAIN,p100069,p100069_a005191_000052,13.843571123864866,38.57334699890163,9.350509257958262,38.76744828027987,0.97705078125,-2.2892220395132696,-2.257647188871424
g1_seed37,TRAIN,p100069,p100069_a005191_000068,19.069299975389548,42.90844017193962,8.564341776895484,33.164123800830325,0.98876953125,-1.6789973350728875,-10.22903635893806
g1_seed37,TRAIN,p100069,p100069_a005191_000083,44.70123446517749,81.59353068990087,10.153164866544442,85.46968763796876,0.9052734375,0.8168179418760904,43.10558838372336
g1_seed37,TRAIN,p100069,p100069_a005191_000099,22.358094814101374,48.87552610553905,9.083476456699536,38.39115193084221,0.97705078125,-0.7722997826752067,-4.564815364655146
g1_seed37,TRAIN,p100069,p100069_a005191_000114,13.034081044220073,45.72417561080836,10.311686101294788,48.06476004233126,0.95556640625,-3.1327125395473487,-4.092650474235683
g1_seed37,TRAIN,p100069,p100069_a005746_000002,42.74559797763016,89.64564992050103,12.768190478389961,85.42360040627604,0.9423828125,0.05456249148062753,-3.004945468129975
g1_seed37,TRAIN,p100069,p100069_a005746_000008,45.428740014379855,92.85335172390579,11.006137814719121,68.64694422619411,0.94580078125,-0.8103071547160052,-10.506217064543776
g1_seed37,TRAIN,p100069,p100069_a005746_000014,51.25934611126833,97.67206644338168,9.348969350027186,55.37343002689101,0.94091796875,-3.2530448232319387,-35.130292010405164
g1_seed37,TRAIN,p100069,p100069_a005746_000020,39.96178006261859,90.56227413966373,11.661840576414452,57.219933898992345,0.94384765625,-0.39427091066960074,-27.607669577462566
g1_seed37,TRAIN,p100069,p100069_a005746_000027,40.949791797636315,89.42903720265595,12.134815962793184,52.062733423318804,0.9423828125,-0.2440235199591907,-35.08410424368057
g1_seed37,TRAIN,p100069,p100069_a005746_000033,39.99479609574924,90.88532167393878,11.694958934503813,54.67118887674843,0.9375,-0.3233140855194847,-32.030630241103
g1_seed37,TRAIN,p100069,p100069_a005746_000039,49.61644250474839,92.674150520018,12.490820449386124,50.97293267803691,0.94677734375,0.695124294652107,-34.80010422068918
g1_seed37,TRAIN,p100069,p100069_a005746_000045,43.34187030326799,97.08633377489265,12.101629821346691,72.51332083225417,0.91650390625,-0.213908950557677,-19.845405316963138
g1_seed37,TRAIN,p100072,p100072_a001242_000006,76.54139185786501,135.33900815880207,19.086988799797915,102.96296782421034,0.83740234375,6.4909340399060405,57.83636004877163
g1_seed37,TRAIN,p100072,p100072_a001242_000020,75.73349545723696,139.93139682369602,22.357935662783696,121.19014789715064,0.7890625,10.162007079709404,76.06978840107257
g1_seed37,TRAIN,p100072,p100072_a001242_000034,72.6859659001565,152.90182754066876,26.36373792711572,107.33534051909287,0.74853515625,11.092852917426418,59.71139767382411
g1_seed37,TRAIN,p100072,p100072_a001242_000048,66.90108186603604,296.95796980029587,25.36986553252179,344.3565438476817,0.68505859375,2.429863185790879,205.8751515170181
g1_seed37,TRAIN,p100072,p100072_a001242_000063,61.8705826038086,274.9446338474485,25.869190204820747,311.35403110927064,0.68994140625,3.561983507877329,208.1228832666067
g1_seed37,TRAIN,p100072,p100072_a001242_000077,94.45437406849351,182.37229030440702,29.44652497708006,165.27328344383903,0.69140625,12.982478313463119,117.74137457637349
g1_seed37,TRAIN,p100072,p100072_a001242_000091,81.98869301431728,148.74518402427975,21.319855060648614,181.44436266399606,0.818359375,8.862852917038875,132.65642253974283
g1_seed37,TRAIN,p100072,p100072_a001242_000105,90.3843114972112,163.47037650608837,22.597545301590692,148.89581503601593,0.7607421875,11.044439030018612,103.2072982731406
g1_seed37,TRAIN,p100085,p100085_a000042_000001,28.16103346003395,72.03850932119954,22.950074780920474,59.84666666119226,0.89306640625,10.031186029993426,8.760896111528652
g1_seed37,TRAIN,p100085,p100085_a000042_000002,28.283273895986426,70.98714371216508,22.276059570739083,57.74354956738177,0.90966796875,9.1874436585869,4.648628325945964
g1_seed37,TRAIN,p100085,p100085_a000042_000004,26.778866089299015,72.89328341135075,21.435940702264915,60.92217905362103,0.90283203125,8.109359515518886,7.284911029472205
g1_seed37,TRAIN,p100085,p100085_a000042_000006,27.612650280163265,72.28425820372385,21.54356018045836,60.11224182654163,0.912109375,8.766818748712852,8.02147037713759
g1_seed37,TRAIN,p100085,p100085_a000042_000008,26.320333778078343,68.66421242363958,20.770459656168367,60.04957437638242,0.91162109375,8.499671455906489,8.232352673507592
g1_seed37,TRAIN,p100085,p100085_a000042_000010,27.018329628142816,68.54385745969472,20.957414018139737,59.27895292630813,0.91845703125,8.73881877838573,6.656216671681662
g1_seed37,TRAIN,p100085,p100085_a000042_000012,26.828836796736,65.93660932469393,20.165305286243964,59.490288316882314,0.92138671875,8.386819456205586,7.2470246204361
g1_seed37,TRAIN,p100085,p100085_a000042_000013,27.407224209288607,70.93293491867428,21.55335275766259,66.71070990931078,0.9150390625,8.758808675247678,14.128076736941793
g1_seed37,TRAIN,p100086,p100086_a001415_000003,11.240115402191481,44.48349419394391,10.538497772262954,43.459139315742306,0.96630859375,-0.7839289612220668,3.4435014564466186
g1_seed37,TRAIN,p100086,p100086_a001415_000010,13.417510514163045,50.000306190096275,11.724978319933147,47.58221125685622,0.95751953125,-0.416686122497989,6.65092062986966
g1_seed37,TRAIN,p100086,p100086_a001415_000017,11.367151933612789,48.57289824780622,10.413049911861428,44.6625865512028,0.96484375,-1.119565644347908,3.9338450289947886
g1_seed37,TRAIN,p100086,p100086_a001415_000024,12.628196567880014,49.33989413692823,10.613657734666592,44.003510341415236,0.9677734375,-0.8284458035467601,3.7155045463874714
g1_seed37,TRAIN,p100086,p100086_a001415_000032,12.385226143828865,49.97710718095765,9.717717015816088,45.03956265707933,0.9599609375,-1.8020329448713888,5.814393373119877
g1_seed37,TRAIN,p100086,p100086_a001415_000039,13.787288839650484,50.74077032470975,11.09670101624973,44.840027511417674,0.95947265625,-0.36089204210526127,3.275754984355757
g1_seed37,TRAIN,p100086,p100086_a001415_000046,12.308621948017347,49.36577346008185,10.212338282027439,44.764452348236155,0.96435546875,-1.2006601679142115,1.795053621810709
g1_seed37,TRAIN,p100086,p100086_a001415_000053,12.800043056652878,48.46126693270243,10.915930229057222,44.97955363276873,0.96533203125,-0.43148853029629564,3.3734583487190193
g1_seed37,TRAIN,p100089,p100089_a005814_000004,31.24042485817696,145.9288205490951,28.65589632814536,118.23606550158162,0.716796875,-4.170337373720628,22.465729573097946
g1_seed37,TRAIN,p100089,p100089_a005814_000014,36.548731874429954,156.1225827327627,33.05780786414392,152.81954937451684,0.60400390625,-2.959565537150432,45.99175553796218
g1_seed37,TRAIN,p100089,p100089_a005814_000024,33.842405161171385,147.56012928469656,27.81982034622053,135.04040812626153,0.6455078125,-1.5004174728867774,42.263029161092064
g1_seed37,TRAIN,p100089,p100089_a005814_000034,35.49005753954499,143.04279525806598,30.917472203600898,140.20186774672248,0.62890625,-0.6716714177296943,45.110267019601594
g1_seed37,TRAIN,p100089,p100089_a005814_000043,39.66075195045691,159.07852907730825,36.37875445586723,162.20772002447669,0.6005859375,6.521810055776061,67.63317810016808
g1_seed37,TRAIN,p100089,p100089_a005814_000053,34.83397388431288,138.29367205009822,34.86808712920909,125.81173506565545,0.6630859375,4.914715000316498,35.231487979812655
g1_seed37,TRAIN,p100089,p100089_a005814_000063,32.46863885815881,144.55821073155983,30.739841043024967,135.3073102205556,0.67138671875,0.9148192366752639,47.24766140222761
g1_seed37,TRAIN,p100089,p100089_a005814_000073,37.97640592425327,162.13874499243636,31.736825576563042,135.57864995034336,0.67529296875,2.230964686548816,44.742123475683314
g1_seed37,TRAIN,p100090,p100090_a005401_000001,23.64393691762657,87.18192035986955,18.719074749522512,86.48737446628155,0.83447265625,-0.4180896593274426,12.214630442769717
g1_seed37,TRAIN,p100090,p100090_a005401_000003,29.921885516951463,93.53231054500039,17.644412616160928,83.92646859489402,0.8623046875,-1.2918006119404097,-0.27427745590436814
g1_seed37,TRAIN,p100090,p100090_a005401_000005,30.622893656319945,97.10522588405249,19.021323545582813,82.57023295256224,0.853515625,-0.9645085674913894,4.799922867856452
g1_seed37,TRAIN,p100090,p100090_a005401_000007,24.92179644518197,85.92426502397909,18.415838509995282,82.29683745397354,0.8359375,-1.3166995944697106,0.18292839598916544
g1_seed37,TRAIN,p100090,p100090_a005401_000009,24.76005113663823,83.38995562922926,18.479722329303854,76.94752547016266,0.85302734375,-1.093299156372595,-0.6351704361256907
g1_seed37,TRAIN,p100090,p100090_a005401_000011,30.612002959390427,85.77860309830857,17.9622134277817,75.17642819147787,0.8759765625,-1.1465716951282516,7.3895908346605665
g1_seed37,TRAIN,p100090,p100090_a005401_000013,31.053537778420743,88.9179466543266,14.54070823396799,76.66195300588774,0.86279296875,-5.011733920726094,-4.34934239886887
g1_seed37,TRAIN,p100090,p100090_a005401_000015,26.097878248414673,88.69847049428296,18.928201553127824,83.63706837598994,0.85205078125,-0.23989563642711076,10.745861187237495
g1_seed37,TRAIN,p100092,p100092_a001307_000004,70.37493495513499,248.7170140746079,33.07730253181113,149.89411229593424,0.638671875,8.049773957466563,48.126794327889925
g1_seed37,TRAIN,p100092,p100092_a001307_000014,78.85446367829113,195.0770425364303,34.9585432088529,144.11183868896075,0.68115234375,11.227626144635465,61.552460106887864
g1_seed37,TRAIN,p100092,p100092_a001307_000024,53.075092148383284,144.41903021164268,19.25477578473386,90.97355558713853,0.82958984375,1.3837675021714553,30.70339144494691
g1_seed37,TRAIN,p100092,p100092_a001307_000034,29.795111012198646,117.08711481437913,22.0513655962109,84.33250286253998,0.8271484375,1.0043324877714888,16.528721066434457
g1_seed37,TRAIN,p100092,p100092_a001307_000044,32.52198524995685,125.21199690321224,21.87956705795257,79.41329003833258,0.84326171875,2.0521351709698905,18.06457991135394
g1_seed37,TRAIN,p100092,p100092_a001307_000054,48.91225563670178,208.56524092432198,33.6948952165897,145.21222070893617,0.63330078125,9.14244359023849,52.062185128865664
g1_seed37,TRAIN,p100092,p100092_a001307_000064,74.25307944176085,250.52046944809507,39.20628728772901,178.9848946748379,0.6005859375,9.419249187800354,65.57584886287034
g1_seed37,TRAIN,p100092,p100092_a001307_000074,83.5797542629787,269.580663749599,42.843552088877246,200.11590015612208,0.57568359375,16.435611407904865,89.97835939238955
official,VAL,p001194,p001194_a000062_000005,20.376191069051764,69.17666042893086,10.004650492487864,50.07778114448732,0.94970703125,0.0,0.0
official,VAL,p001194,p001194_a000062_000017,21.059968056949046,71.10156668096035,9.835550485542248,49.58978507401195,0.95068359375,0.0,0.0
official,VAL,p001194,p001194_a000062_000029,35.86021340873769,72.8718723834097,9.193506543721828,39.14814434365417,0.97509765625,0.0,0.0
official,VAL,p001194,p001194_a000062_000041,19.666796655917203,63.7436080626127,10.850640991725282,54.00599160235512,0.939453125,0.0,0.0
official,VAL,p001194,p001194_a000062_000053,38.7989207906011,77.48541471655112,11.226934180200328,38.263959493229095,0.9833984375,0.0,0.0
official,VAL,p001194,p001194_a000062_000065,18.568598974754327,58.96405280720736,8.164226589192916,43.43751483721181,0.962890625,0.0,0.0
official,VAL,p001194,p001194_a000062_000077,29.766903399448314,77.61065273038767,11.873382702970392,47.03037690849336,0.95654296875,0.0,0.0
official,VAL,p001194,p001194_a000062_000089,26.21962543044691,71.33579035293896,10.163240747764027,44.78359338237996,0.9560546875,0.0,0.0
official,VAL,p001194,p001194_a000986_000010,26.50772618408734,77.39257846481091,9.927664747667578,50.44345763409526,0.94873046875,0.0,0.0
official,VAL,p001194,p001194_a000986_000036,10.325194865603233,50.82177483952864,8.404890813240595,46.16889553581381,0.9521484375,0.0,0.0
official,VAL,p001194,p001194_a000986_000062,33.05323889923496,68.33698335176527,10.828764714090592,47.74227452450659,0.95556640625,0.0,0.0
official,VAL,p001194,p001194_a000986_000088,41.35850516905836,69.0429799643132,7.851483294744158,26.15136998873067,0.9970703125,0.0,0.0
official,VAL,p001194,p001194_a000986_000114,35.69025504560633,67.42507445175819,9.495281591647188,33.663203614983146,0.97802734375,0.0,0.0
official,VAL,p001194,p001194_a000986_000140,29.595624376319414,71.03511037010324,10.641581183928238,47.587138743404125,0.953125,0.0,0.0
official,VAL,p001194,p001194_a000986_000166,28.186762513000403,64.07946885218531,9.731125678140671,38.13969124872148,0.98388671875,0.0,0.0
official,VAL,p001194,p001194_a000986_000192,38.88871098902142,67.00306581651071,7.746701685501152,28.737095260878213,1.0,0.0,0.0
official,TRAIN,p001195,p001195_a000053_000006,173.3408319822584,213.44992423312803,173.3408319822584,213.44992423312803,0.0029296875,0.0,0.0
official,TRAIN,p001195,p001195_a000053_000021,168.74493370389192,206.63080024810745,168.74493370389192,206.63080024810745,0.0068359375,0.0,0.0
official,TRAIN,p001195,p001195_a000053_000037,218.20603350079935,282.53650024456016,218.20603350079935,282.53650024456016,0.00146484375,0.0,0.0
official,TRAIN,p001195,p001195_a000053_000052,214.96469635784973,263.3136801005779,214.96469635784973,263.3136801005779,0.0,0.0,0.0
official,TRAIN,p001195,p001195_a000053_000068,214.6538060936579,272.1201416541045,214.6538060936579,272.1201416541045,0.0029296875,0.0,0.0
official,TRAIN,p001195,p001195_a000053_000083,183.880975915529,222.63509263717157,183.880975915529,222.63509263717157,0.00048828125,0.0,0.0
official,TRAIN,p001195,p001195_a000053_000099,128.12576064779824,170.09858245713912,13.795487447533905,38.30383162180295,0.9921875,0.0,0.0
official,TRAIN,p001195,p001195_a000053_000114,176.2463196290334,206.95924239226338,176.2463196290334,206.95924239226338,0.00341796875,0.0,0.0
official,TRAIN,p001195,p001195_a000986_000011,182.71271112679815,216.05674046599572,182.71271112679815,216.05674046599572,0.00146484375,0.0,0.0
official,TRAIN,p001195,p001195_a000986_000039,122.72250363864688,161.63333987500462,10.221853058037814,40.554923620350166,0.97705078125,0.0,0.0
official,TRAIN,p001195,p001195_a000986_000068,113.47995964826939,163.04124036452424,18.11618193124208,131.3520322822331,0.87109375,0.0,0.0
official,TRAIN,p001195,p001195_a000986_000096,164.08444550785163,196.26274625480235,164.08444550785163,196.26274625480235,0.017578125,0.0,0.0
official,TRAIN,p001195,p001195_a000986_000125,131.94605705450388,170.1958539065898,16.603181954602846,63.35963895301802,0.89208984375,0.0,0.0
official,TRAIN,p001195,p001195_a000986_000153,121.4562056883646,166.2247499941561,18.4315429665158,81.79482929992814,0.88671875,0.0,0.0
official,TRAIN,p001195,p001195_a000986_000182,161.0377991207627,203.02158141772193,161.0377991207627,203.02158141772193,0.02197265625,0.0,0.0
official,TRAIN,p001195,p001195_a000986_000210,168.87293175951913,204.91477260029228,168.87293175951913,204.91477260029228,0.00634765625,0.0,0.0
official,VAL,p001196,p001196_a000388_000011,14.28094816333712,42.36219051115243,14.40679023092841,42.49153383169219,0.96923828125,0.0,0.0
official,VAL,p001196,p001196_a000388_000040,18.831666741834468,48.97905911857279,14.145001862948428,39.55112994215822,0.97607421875,0.0,0.0
official,VAL,p001196,p001196_a000388_000069,13.184689544166703,47.39188046965661,10.47500990669729,39.84933836592344,0.978515625,0.0,0.0
official,VAL,p001196,p001196_a000388_000098,16.335219677205888,44.38922696718954,11.866605329319572,40.434385566341895,0.974609375,0.0,0.0
official,VAL,p001196,p001196_a000388_000127,15.825688685290284,52.086608461939555,12.373305067033309,48.643525168767475,0.953125,0.0,0.0
official,VAL,p001196,p001196_a000388_000156,17.16108727955936,61.703174900743996,14.440500473735355,61.48387060348885,0.91552734375,0.0,0.0
official,VAL,p001196,p001196_a000388_000185,23.049154396149774,58.1220991654518,13.009043993379027,53.17063397612294,0.943359375,0.0,0.0
official,VAL,p001196,p001196_a000388_000214,18.48819008206653,47.20381094163257,14.226804666084957,46.84748845315891,0.95751953125,0.0,0.0
official,TRAIN,p001197,p001197_a000062_000005,19.940568737582332,65.89525744264574,10.194572622357466,54.7983082393944,0.94091796875,0.0,0.0
official,TRAIN,p001197,p001197_a000062_000016,19.973909691106368,64.75232741156256,10.196726011853634,47.91849642262721,0.953125,0.0,0.0
official,TRAIN,p001197,p001197_a000062_000028,17.2709820026865,63.52241962716823,14.226582725943995,51.34717654530296,0.94775390625,0.0,0.0
official,TRAIN,p001197,p001197_a000062_000040,53.21917947193512,104.7247619029241,17.392743497270395,71.85299891366633,0.8427734375,0.0,0.0
official,TRAIN,p001197,p001197_a000062_000052,64.01095851455804,134.17467988277892,13.746056079525236,123.1482858515971,0.869140625,0.0,0.0
official,TRAIN,p001197,p001197_a000062_000064,65.59282629483063,135.66523147122942,21.348752569674865,84.82422995640708,0.82080078125,0.0,0.0
official,TRAIN,p001197,p001197_a000062_000076,47.79947195964131,105.28759229409104,17.574701001214542,61.817404953612645,0.884765625,0.0,0.0
official,TRAIN,p001197,p001197_a000062_000087,24.135268993586973,74.18241523920307,12.328305738157521,58.49644138181321,0.93603515625,0.0,0.0
official,TRAIN,p001197,p001197_a001238_000003,96.87950199661927,174.41600043186173,16.92078175064309,95.658075750849,0.87548828125,0.0,0.0
official,TRAIN,p001197,p001197_a001238_000010,95.50512475663506,175.0156174425673,16.298393378523762,104.76617092752186,0.88818359375,0.0,0.0
official,TRAIN,p001197,p001197_a001238_000018,95.71109320283375,175.4101776950312,16.545451687741526,90.38594942984763,0.8916015625,0.0,0.0
official,TRAIN,p001197,p001197_a001238_000025,91.96721078919622,170.52599946967626,16.118208158126926,107.32713179474767,0.890625,0.0,0.0
official,TRAIN,p001197,p001197_a001238_000033,98.3434722380563,181.54814829029473,15.655999700283186,130.0794186467871,0.884765625,0.0,0.0
official,TRAIN,p001197,p001197_a001238_000040,79.02147004831252,152.25602825449752,14.514734644542644,97.31166745452073,0.90625,0.0,0.0
official,TRAIN,p001197,p001197_a001238_000048,89.71857715986475,168.80377201610335,15.858343626717417,104.6895600930247,0.88134765625,0.0,0.0
official,TRAIN,p001197,p001197_a001238_000055,97.89492174040198,175.04470003820478,16.29102008476038,123.94180096869421,0.8828125,0.0,0.0
official,VAL,p001199,p001199_a001398_000001,31.002189352190925,75.24460665170841,12.15658961697422,43.165316311450376,0.96923828125,0.0,0.0
official,VAL,p001199,p001199_a001398_000004,32.54033434663555,78.02975052161128,12.407748269740965,39.4846194884543,0.97021484375,0.0,0.0
official,VAL,p001199,p001199_a001398_000008,30.21138464196978,73.50064542185225,11.380894569397672,43.89724817442017,0.97265625,0.0,0.0
official,VAL,p001199,p001199_a001398_000011,31.930791408714775,74.05850789742505,11.553594880609907,41.977239416062275,0.97607421875,0.0,0.0
official,VAL,p001199,p001199_a001398_000014,30.279058023543843,73.21368381244007,11.214647793436997,41.5534505460066,0.9677734375,0.0,0.0
official,VAL,p001199,p001199_a001398_000017,30.23104854295835,72.2060182072754,10.813039647488157,42.09318147234367,0.9765625,0.0,0.0
official,VAL,p001199,p001199_a001398_000021,32.654539915009835,74.88740838992743,11.625050754223441,41.71771721999906,0.97216796875,0.0,0.0
official,VAL,p001199,p001199_a001398_000024,30.85697709162787,75.48480617710997,11.576672496975892,42.57147211933988,0.96875,0.0,0.0
official,VAL,p001201,p001201_a005135_000002,45.22267665798391,85.07030400422917,10.412526702277242,35.204885509486886,0.98974609375,0.0,0.0
official,VAL,p001201,p001201_a005135_000007,45.43599508821236,84.84903970376168,10.239338173502595,31.218478879960852,0.99365234375,0.0,0.0
official,VAL,p001201,p001201_a005135_000011,46.55542303720884,91.69138661444919,10.384533258440912,41.3742285391124,0.95849609375,0.0,0.0
official,VAL,p001201,p001201_a005135_000016,45.370860929218665,85.13446775819537,10.155391797527514,33.07644355145304,0.99462890625,0.0,0.0
official,VAL,p001201,p001201_a005135_000021,44.06547080499095,82.34330657081021,9.941567930008013,33.627572269029024,0.99267578125,0.0,0.0
official,VAL,p001201,p001201_a005135_000026,48.28720569466316,88.55716592143935,10.957900014245373,35.0525213033443,0.99169921875,0.0,0.0
official,VAL,p001201,p001201_a005135_000030,44.642872226792576,85.06965168881075,10.427147848302997,37.451376225985726,0.9873046875,0.0,0.0
official,VAL,p001201,p001201_a005135_000035,45.33729161227534,84.44322921864983,11.080383753101973,32.91454681314582,0.9921875,0.0,0.0
official,TRAIN,p001202,p001202_a001230_000002,38.821039994531404,95.09119711644645,18.46110214347349,71.05358368063376,0.873046875,0.0,0.0
official,TRAIN,p001202,p001202_a001230_000009,37.85583993408286,91.89315468008157,18.280954884460456,67.93896791552237,0.89111328125,0.0,0.0
official,TRAIN,p001202,p001202_a001230_000015,38.33063275987121,93.16547367616722,17.842395527138734,68.4621172525789,0.888671875,0.0,0.0
official,TRAIN,p001202,p001202_a001230_000021,38.2501994781929,91.23954450878095,18.993990812389157,68.31675730484264,0.875,0.0,0.0
official,TRAIN,p001202,p001202_a001230_000028,35.762671491747355,86.43438951889635,19.83545349698249,65.18926756646135,0.8984375,0.0,0.0
official,TRAIN,p001202,p001202_a001230_000034,35.81340973867385,88.03262758044559,19.39406257817876,65.59626290058127,0.88525390625,0.0,0.0
official,TRAIN,p001202,p001202_a001230_000040,35.68914397316175,88.67969343764291,18.154196566468944,64.99719494067186,0.89306640625,0.0,0.0
official,TRAIN,p001202,p001202_a001230_000047,37.7160634712849,93.68685243878654,19.720184633115228,67.32519052415788,0.8798828125,0.0,0.0
official,TRAIN,p001202,p001202_a005135_000001,10.250408666364171,39.9232560784863,9.352553781485877,38.32225344836653,0.98974609375,0.0,0.0
official,TRAIN,p001202,p001202_a005135_000005,8.813526922989961,38.34474157924234,8.914239054612985,38.512629977364554,0.98974609375,0.0,0.0
official,TRAIN,p001202,p001202_a005135_000008,10.188819514339265,37.65100338171466,9.575110040515119,37.73655591540103,0.990234375,0.0,0.0
official,TRAIN,p001202,p001202_a005135_000012,10.29747275661898,37.458823575108816,10.038360546277236,37.35706125015468,0.9931640625,0.0,0.0
official,TRAIN,p001202,p001202_a005135_000015,9.276428553138222,38.05640382604279,9.783084124254497,39.37667299345297,0.99072265625,0.0,0.0
official,TRAIN,p001202,p001202_a005135_000019,9.754549808680228,37.43264895521758,9.277495883234906,36.678473521440225,0.9912109375,0.0,0.0
official,TRAIN,p001202,p001202_a005135_000022,9.24847519738517,39.28762753549539,9.145013637971132,40.128874592097944,0.98876953125,0.0,0.0
official,TRAIN,p001202,p001202_a005135_000026,8.88585076523185,36.68219695574438,9.20643276442713,38.25814780349226,0.99169921875,0.0,0.0
official,TRAIN,p001203,p001203_a000032_000003,34.158375716168706,89.74279625637888,16.109540041308225,45.32174028804474,0.970703125,0.0,0.0
official,TRAIN,p001203,p001203_a000032_000009,32.84085254135997,89.71076953781755,17.338277366353783,44.21811019171525,0.97265625,0.0,0.0
official,TRAIN,p001203,p001203_a000032_000016,33.37953185839266,88.96601102509536,16.789669648157567,44.89692156092525,0.97021484375,0.0,0.0
official,TRAIN,p001203,p001203_a000032_000022,34.66332725103935,91.55350499276835,18.032455142809514,46.25892313755547,0.96435546875,0.0,0.0
official,TRAIN,p001203,p001203_a000032_000029,34.63175826700747,89.56222409245514,17.74188770034595,43.36692735161381,0.9755859375,0.0,0.0
official,TRAIN,p001203,p001203_a000032_000035,32.12315785565404,84.5455348253049,16.182236502797544,45.45859807009772,0.96630859375,0.0,0.0
official,TRAIN,p001203,p001203_a000032_000042,32.15960681967171,82.35230246270542,15.550140340041537,43.14677747106745,0.9736328125,0.0,0.0
official,TRAIN,p001203,p001203_a000032_000048,30.031205021504956,82.22584341950521,16.944853555733744,43.681293314937534,0.970703125,0.0,0.0
official,TRAIN,p001204,p001204_a003011_000001,52.78610070885135,98.86762770810311,12.357044195734225,45.538525840030886,0.96484375,0.0,0.0
official,TRAIN,p001204,p001204_a003011_000003,55.63445785136053,98.65689253051819,12.175898152317943,45.21035611379623,0.96630859375,0.0,0.0
official,TRAIN,p001204,p001204_a003011_000006,55.066875168168465,97.89893697109395,13.171447810480405,46.87689038296877,0.962890625,0.0,0.0
official,TRAIN,p001204,p001204_a003011_000008,54.1593922975877,98.08040389180964,12.91564971247,46.081762200481855,0.9638671875,0.0,0.0
official,TRAIN,p001204,p001204_a003011_000010,52.42268543315719,98.8335071830913,13.00945795754674,48.72481736667389,0.95751953125,0.0,0.0
official,TRAIN,p001204,p001204_a003011_000012,54.04640785321182,97.8848100884671,12.780805200849787,46.65779738494862,0.9609375,0.0,0.0
official,TRAIN,p001204,p001204_a003011_000015,53.20931343520696,96.5207416023186,11.772969670905198,44.23716949439589,0.96630859375,0.0,0.0
official,TRAIN,p001204,p001204_a003011_000017,54.7574934677735,97.57815366193006,11.933298451757896,47.02367473131066,0.95703125,0.0,0.0
official,TRAIN,p001210,p001210_a001226_000002,52.06786972144545,246.24101888749604,48.8864808265667,234.03096891609889,0.50537109375,0.0,0.0
official,TRAIN,p001210,p001210_a001226_000006,53.63657248978645,229.41187538835757,49.20461847274114,215.25829156928768,0.50830078125,0.0,0.0
official,TRAIN,p001210,p001210_a001226_000010,54.97716187276188,242.42121738429836,50.73260675719126,234.94713942226497,0.4912109375,0.0,0.0
official,TRAIN,p001210,p001210_a001226_000014,54.06859856727202,235.9481539618425,51.95662317746893,226.8132004482167,0.48486328125,0.0,0.0
official,TRAIN,p001210,p001210_a001226_000018,55.24727191670432,236.62486612588629,49.987036345885485,226.0655221217629,0.5009765625,0.0,0.0
official,TRAIN,p001210,p001210_a001226_000022,52.8110176237638,258.8843332723018,48.67529137666986,245.00964921303327,0.51025390625,0.0,0.0
official,TRAIN,p001210,p001210_a001226_000026,51.013356255461844,238.5420769501823,48.73111066637354,225.3981119592496,0.50927734375,0.0,0.0
official,TRAIN,p001210,p001210_a001226_000030,50.863111862691525,221.84705930518805,49.206399581935756,210.60003474943142,0.50830078125,0.0,0.0
official,TRAIN,p001216,p001216_a001423_000001,79.48474710008686,156.90795082022206,17.34864376820122,64.830111287366,0.8876953125,0.0,0.0
official,TRAIN,p001216,p001216_a001423_000004,81.20562540749592,163.58765063329304,16.592535698253677,66.91153596264223,0.880859375,0.0,0.0
official,TRAIN,p001216,p001216_a001423_000007,83.83467670305336,164.29465013289237,15.011774936021801,68.47833229801607,0.88427734375,0.0,0.0
official,TRAIN,p001216,p001216_a001423_000010,79.77705446201745,157.8127422030413,17.839205184675336,65.80224273736638,0.88330078125,0.0,0.0
official,TRAIN,p001216,p001216_a001423_000013,80.91213301334636,162.05940805982888,17.533073362477047,69.32091371415706,0.8759765625,0.0,0.0
official,TRAIN,p001216,p001216_a001423_000016,79.35212649958287,160.46444112158292,17.848642946355888,67.67556850833539,0.8837890625,0.0,0.0
official,TRAIN,p001216,p001216_a001423_000019,78.87259702678404,160.72218909242628,17.943097657652288,67.53545755558291,0.8876953125,0.0,0.0
official,TRAIN,p001216,p001216_a001423_000022,77.87654876539324,158.34436802352528,18.7054803869063,64.73038487156981,0.884765625,0.0,0.0
official,TRAIN,p001225,p001225_a005341_000001,116.59697805771692,184.67824192110177,16.019367234199127,52.489651195343086,0.94189453125,0.0,0.0
official,TRAIN,p001225,p001225_a005341_000005,111.29414472326107,183.25612979107137,16.32158467029315,52.88108611569232,0.94189453125,0.0,0.0
official,TRAIN,p001225,p001225_a005341_000009,113.01711646460822,185.2446410014072,16.42411747030553,57.08295786815784,0.92431640625,0.0,0.0
official,TRAIN,p001225,p001225_a005341_000013,115.49626437426059,184.63269650765676,17.273742811849644,53.883753385183084,0.939453125,0.0,0.0
official,TRAIN,p001225,p001225_a005341_000016,113.13352690706395,178.91154057771647,16.394038447204586,50.96089172060814,0.94580078125,0.0,0.0
official,TRAIN,p001225,p001225_a005341_000020,114.74482450160612,185.41369925863262,17.26758031059145,55.874737011049625,0.935546875,0.0,0.0
official,TRAIN,p001225,p001225_a005341_000024,111.05837180123693,188.65706987738193,16.927967207081373,57.42857125928513,0.92919921875,0.0,0.0
official,TRAIN,p001225,p001225_a005341_000028,109.98619106642036,184.64020488206225,17.46038956545556,57.65312874361591,0.9306640625,0.0,0.0
official,TRAIN,p001226,p001226_a000223_000006,19.199757868003537,45.52364659523383,12.424349474784878,38.731107570439505,0.98291015625,0.0,0.0
official,TRAIN,p001226,p001226_a000223_000021,18.810913047502215,46.289888628093415,11.978220010420909,39.39049642181939,0.98193359375,0.0,0.0
official,TRAIN,p001226,p001226_a000223_000036,12.094221311673532,40.716456221040765,11.094964534463553,40.84991612810592,0.9765625,0.0,0.0
official,TRAIN,p001226,p001226_a000223_000051,18.098095401479142,42.923491024202086,11.666014514709257,35.724226996979525,0.98828125,0.0,0.0
official,TRAIN,p001226,p001226_a000223_000066,21.48289879830164,49.214740573253316,13.141104149990749,36.76369614127963,0.984375,0.0,0.0
official,TRAIN,p001226,p001226_a000223_000081,11.556542392309572,39.407867148795546,10.786476496803656,37.84708049719075,0.98974609375,0.0,0.0
official,TRAIN,p001226,p001226_a000223_000096,19.687278038426456,46.6711079887192,12.535419443326361,38.936553992906255,0.984375,0.0,0.0
official,TRAIN,p001226,p001226_a000223_000111,20.77454832896119,49.0739306971037,12.693224524719415,37.84422741323371,0.98291015625,0.0,0.0
official,TRAIN,p001231,p001231_a000029_000001,26.81208442114278,118.27619113133653,19.645848458011805,104.84352462821712,0.83154296875,0.0,0.0
official,TRAIN,p001231,p001231_a000029_000003,28.043160265473347,117.41634305045437,19.33694975567738,100.82540759123407,0.81884765625,0.0,0.0
official,TRAIN,p001231,p001231_a000029_000005,29.052741960597,120.20078549486368,19.510340035462388,106.56515066919953,0.837890625,0.0,0.0
official,TRAIN,p001231,p001231_a000029_000007,27.4468766259009,109.38045261537209,19.058350047199113,95.70818931708018,0.8486328125,0.0,0.0
official,TRAIN,p001231,p001231_a000029_000008,29.02733707963648,117.02938688059832,19.89829072352449,108.50597146977732,0.828125,0.0,0.0
official,TRAIN,p001231,p001231_a000029_000010,28.62401524487104,118.46132540004616,19.207425216913762,102.79937558598665,0.8447265625,0.0,0.0
official,TRAIN,p001231,p001231_a000029_000012,29.07492092188125,126.05269230411658,19.170236855465163,110.04787096959518,0.83544921875,0.0,0.0
official,TRAIN,p001231,p001231_a000029_000014,28.419557884532537,109.55364402106942,19.471404305921066,94.91559158666513,0.85400390625,0.0,0.0
official,TRAIN,p001231,p001231_a000075_000003,16.86170612208869,51.91760671706683,12.372512399291647,50.89538050211536,0.9482421875,0.0,0.0
official,TRAIN,p001231,p001231_a000075_000012,16.240852835909415,48.834633571646464,12.237415335128789,49.78510478700952,0.951171875,0.0,0.0
official,TRAIN,p001231,p001231_a000075_000020,13.732859116079696,45.308579007498864,11.599641546773073,45.278040306201774,0.966796875,0.0,0.0
official,TRAIN,p001231,p001231_a000075_000029,20.02130851414873,58.852570038283176,15.419691025207413,61.17076086637093,0.90576171875,0.0,0.0
official,TRAIN,p001231,p001231_a000075_000037,19.138390212795215,59.12880409774157,15.695682525451392,60.988903955197,0.9052734375,0.0,0.0
official,TRAIN,p001231,p001231_a000075_000046,17.984031544315293,52.56751158870313,12.583053184810659,47.5012101712198,0.9560546875,0.0,0.0
official,TRAIN,p001231,p001231_a000075_000054,13.153745865872942,50.63194611758832,10.512445784562708,49.9284774435939,0.9501953125,0.0,0.0
official,TRAIN,p001231,p001231_a000075_000063,13.228300703690476,57.305266119002034,10.405070959886281,54.697117709321205,0.93798828125,0.0,0.0
official,TRAIN,p001231,p001231_a000214_000004,40.11875577909477,98.3213005613196,33.34551933145309,86.50816432428748,0.703125,0.0,0.0
official,TRAIN,p001231,p001231_a000214_000016,37.98682289106762,99.79288760199279,29.13694458646118,77.03860011451341,0.7763671875,0.0,0.0
official,TRAIN,p001231,p001231_a000214_000027,43.64657684420158,124.66382303421398,40.76112792650099,114.3807419075436,0.5791015625,0.0,0.0
official,TRAIN,p001231,p001231_a000214_000038,26.058724084158293,89.591441004035,17.497928603921448,80.55406225011932,0.84326171875,0.0,0.0
official,TRAIN,p001231,p001231_a000214_000049,16.51265816889225,64.72579380975012,15.524087047362315,65.44644532832041,0.8798828125,0.0,0.0
official,TRAIN,p001231,p001231_a000214_000060,28.51363131326407,78.81275123795758,19.287497189963638,66.71079427646937,0.85498046875,0.0,0.0
official,TRAIN,p001231,p001231_a000214_000071,39.52173769320352,99.22821403569152,33.64677615838789,83.36173372542467,0.68701171875,0.0,0.0
official,TRAIN,p001231,p001231_a000214_000083,41.96404949520783,99.9070307810033,41.67187880536282,99.52723775887405,0.58349609375,0.0,0.0
official,TRAIN,p100067,p100067_a005746_000002,46.51901096295711,116.34596381666584,12.28047358268245,82.29548675820931,0.89794921875,0.0,0.0
official,TRAIN,p100067,p100067_a005746_000008,51.83557526028069,115.61601858068647,11.74905840862463,93.55787914747226,0.89892578125,0.0,0.0
official,TRAIN,p100067,p100067_a005746_000014,51.6059917118162,115.01020919268521,11.841419419015205,89.17801136097341,0.90771484375,0.0,0.0
official,TRAIN,p100067,p100067_a005746_000020,56.93898587700061,120.74344515749844,11.756131879049587,85.0248900689728,0.90869140625,0.0,0.0
official,TRAIN,p100067,p100067_a005746_000026,55.12976171144135,116.30692171742368,11.892074698143322,86.56395290271108,0.89892578125,0.0,0.0
official,TRAIN,p100067,p100067_a005746_000032,54.20278507413967,122.3160256165052,12.12443449418917,96.41091126640342,0.89013671875,0.0,0.0
official,TRAIN,p100067,p100067_a005746_000038,50.402294630335675,117.45338334760436,12.335238335197943,92.83370514079351,0.8974609375,0.0,0.0
official,TRAIN,p100067,p100067_a005746_000044,50.59710148137906,123.43969977139797,12.609252125559822,81.04508734226685,0.88720703125,0.0,0.0
official,TRAIN,p100069,p100069_a005191_000006,54.988573501885625,108.76001548352532,8.845807693876946,37.754593537934,0.9716796875,0.0,0.0
official,TRAIN,p100069,p100069_a005191_000021,57.839940600405754,105.6991143131848,8.530312861373718,39.463488741160184,0.98046875,0.0,0.0
official,TRAIN,p100069,p100069_a005191_000037,84.38626387012857,124.4195955330136,9.457614423338548,37.58823615277198,0.98193359375,0.0,0.0
official,TRAIN,p100069,p100069_a005191_000052,52.01422452002487,102.3848428861382,11.639731297471531,41.025095469151296,0.96875,0.0,0.0
official,TRAIN,p100069,p100069_a005191_000068,51.529747920960546,94.69718544356839,10.243339111968371,43.393160159768385,0.9609375,0.0,0.0
official,TRAIN,p100069,p100069_a005191_000083,81.21626174413178,121.94832875652848,9.336346924668351,42.3640992542454,0.9697265625,0.0,0.0
official,TRAIN,p100069,p100069_a005191_000099,65.26221358121695,116.53813104094284,9.855776239374743,42.95596729549736,0.96728515625,0.0,0.0
official,TRAIN,p100069,p100069_a005191_000114,38.024112553567534,90.4117489943963,13.444398640842136,52.15741051656694,0.94384765625,0.0,0.0
official,TRAIN,p100069,p100069_a005746_000002,12.307641139063419,92.22806609145366,12.713627986909334,88.42854587440601,0.8583984375,0.0,0.0
official,TRAIN,p100069,p100069_a005746_000008,12.801201438234763,85.80120029800285,11.816444969435127,79.15316129073788,0.89306640625,0.0,0.0
official,TRAIN,p100069,p100069_a005746_000014,12.581541742777894,93.87289891819641,12.602014173259125,90.50372203729617,0.876953125,0.0,0.0
official,TRAIN,p100069,p100069_a005746_000020,12.105254393746073,87.31290295413129,12.056111487084053,84.82760347645491,0.88916015625,0.0,0.0
official,TRAIN,p100069,p100069_a005746_000027,12.732396261745713,92.54430748554883,12.378839482752374,87.14683766699937,0.8798828125,0.0,0.0
official,TRAIN,p100069,p100069_a005746_000033,12.911130710543603,92.06778705385794,12.018273020023297,86.70181911785143,0.88427734375,0.0,0.0
official,TRAIN,p100069,p100069_a005746_000039,11.886279801818105,92.29317105874065,11.795696154734017,85.77303689872609,0.88671875,0.0,0.0
official,TRAIN,p100069,p100069_a005746_000045,12.438851479910575,96.52182556007321,12.315538771904368,92.3587261492173,0.8798828125,0.0,0.0
official,TRAIN,p100072,p100072_a001242_000006,33.923015302276795,80.138259366853,12.596054759891874,45.12660777543871,0.96484375,0.0,0.0
official,TRAIN,p100072,p100072_a001242_000020,28.380082856618216,68.66376098762477,12.195928583074291,45.120359496078066,0.96533203125,0.0,0.0
official,TRAIN,p100072,p100072_a001242_000034,16.00655467486463,48.44128126904561,15.270885009689303,47.62394284526876,0.958984375,0.0,0.0
official,TRAIN,p100072,p100072_a001242_000048,24.13721493692853,141.48582969963851,22.94000234673091,138.48139233066357,0.7587890625,0.0,0.0
official,TRAIN,p100072,p100072_a001242_000063,24.357029402006894,109.54353325449583,22.307206696943418,103.23114784266394,0.80078125,0.0,0.0
official,TRAIN,p100072,p100072_a001242_000077,18.242769114400975,52.798306149813605,16.46404666361694,47.531908867465546,0.95849609375,0.0,0.0
official,TRAIN,p100072,p100072_a001242_000091,40.22421455733725,95.63231889972313,12.457002143609738,48.78794012425321,0.9521484375,0.0,0.0
official,TRAIN,p100072,p100072_a001242_000105,20.11186736323949,64.98280239689404,11.55310627157208,45.68851676287533,0.96533203125,0.0,0.0
official,TRAIN,p100085,p100085_a000042_000001,56.75798704775541,88.92488128162992,12.918888750927048,51.08577054966361,0.947265625,0.0,0.0
official,TRAIN,p100085,p100085_a000042_000002,57.04167447924027,91.13624502701295,13.088615912152182,53.094921241435806,0.93896484375,0.0,0.0
official,TRAIN,p100085,p100085_a000042_000004,58.39343812872276,92.12042698614938,13.32658118674603,53.637268024148824,0.939453125,0.0,0.0
official,TRAIN,p100085,p100085_a000042_000006,57.140287357795174,90.81963170925398,12.776741431745508,52.09077144940404,0.9423828125,0.0,0.0
official,TRAIN,p100085,p100085_a000042_000008,56.91139823065818,90.69598198956311,12.270788200261878,51.817221702874825,0.94384765625,0.0,0.0
official,TRAIN,p100085,p100085_a000042_000010,56.165777236399904,88.23013887946125,12.218595239754007,52.62273625462647,0.9423828125,0.0,0.0
official,TRAIN,p100085,p100085_a000042_000012,57.91095179700501,92.65288898210497,11.778485830038377,52.24326369644621,0.9384765625,0.0,0.0
official,TRAIN,p100085,p100085_a000042_000013,56.58310788960629,88.7272970915638,12.794544082414912,52.582633172368986,0.93701171875,0.0,0.0
official,TRAIN,p100086,p100086_a001415_000003,42.61011917327912,100.22355281355202,11.32242673348502,40.01563785929569,0.9775390625,0.0,0.0
official,TRAIN,p100086,p100086_a001415_000010,43.43994246180502,102.8085539998412,12.141664442431136,40.93129062698656,0.9794921875,0.0,0.0
official,TRAIN,p100086,p100086_a001415_000017,43.64327326544766,102.09203539248824,11.532615556209336,40.72874152220801,0.97998046875,0.0,0.0
official,TRAIN,p100086,p100086_a001415_000024,44.89509937796531,103.26387903669419,11.442103538213352,40.288005795027765,0.9765625,0.0,0.0
official,TRAIN,p100086,p100086_a001415_000032,46.16657591928193,103.73788993122805,11.519749960687477,39.22516928395945,0.97802734375,0.0,0.0
official,TRAIN,p100086,p100086_a001415_000039,45.331364995587094,102.85910431650562,11.457593058354991,41.56427252706192,0.9755859375,0.0,0.0
official,TRAIN,p100086,p100086_a001415_000046,46.99827551251248,102.78800288205333,11.41299844994165,42.969398726425446,0.97705078125,0.0,0.0
official,TRAIN,p100086,p100086_a001415_000053,43.12762785546,102.06125353685896,11.347418759353518,41.60609528404971,0.974609375,0.0,0.0
official,TRAIN,p100089,p100089_a005814_000004,38.869564549451,107.70406621464592,32.82623370186599,95.77033592848368,0.68603515625,0.0,0.0
official,TRAIN,p100089,p100089_a005814_000014,37.43707595923938,113.2977639312535,36.01737340129435,106.82779383655466,0.6591796875,0.0,0.0
official,TRAIN,p100089,p100089_a005814_000024,37.374018553427945,106.69214336328264,29.32023781910731,92.77737896516946,0.7041015625,0.0,0.0
official,TRAIN,p100089,p100089_a005814_000034,39.93473980770925,110.09059164060861,31.589143621330592,95.09160072712089,0.68212890625,0.0,0.0
official,TRAIN,p100089,p100089_a005814_000043,36.90774752719339,108.59380027644764,29.85694440009117,94.5745419243086,0.69970703125,0.0,0.0
official,TRAIN,p100089,p100089_a005814_000053,39.81954352759686,105.22285678856048,29.95337212889259,90.5802470858428,0.6875,0.0,0.0
official,TRAIN,p100089,p100089_a005814_000063,39.64117143136346,104.4006781933717,29.825021806349703,88.05964881832799,0.6982421875,0.0,0.0
official,TRAIN,p100089,p100089_a005814_000073,38.344689528162576,106.25963593671237,29.505860890014226,90.83652647466005,0.712890625,0.0,0.0
official,TRAIN,p100090,p100090_a005401_000001,55.896462715129914,125.56994689760668,19.137164408849955,74.27274402351183,0.8876953125,0.0,0.0
official,TRAIN,p100090,p100090_a005401_000003,58.04372197313022,132.40613276993184,18.936213228101337,84.20074605079839,0.8828125,0.0,0.0
official,TRAIN,p100090,p100090_a005401_000005,56.5605609825828,134.58333276185337,19.985832113074203,77.77031008470578,0.87255859375,0.0,0.0
official,TRAIN,p100090,p100090_a005401_000007,63.89264804682104,141.81108126511967,19.732538104464993,82.11390905798437,0.87255859375,0.0,0.0
official,TRAIN,p100090,p100090_a005401_000009,61.23929688422287,130.71898595096425,19.57302148567645,77.58269590628835,0.88525390625,0.0,0.0
official,TRAIN,p100090,p100090_a005401_000011,58.796505278416326,122.44893796170382,19.10878512290995,67.7868373568173,0.89453125,0.0,0.0
official,TRAIN,p100090,p100090_a005401_000013,64.16795947505,133.76287676200812,19.552442154694084,81.01129540475661,0.88330078125,0.0,0.0
official,TRAIN,p100090,p100090_a005401_000015,59.69592768233859,129.9555418600218,19.168097189554935,72.89120718875245,0.8876953125,0.0,0.0
official,TRAIN,p100092,p100092_a001307_000004,26.933520904388615,138.5725060551584,25.027528574344565,101.76731796804431,0.76953125,0.0,0.0
official,TRAIN,p100092,p100092_a001307_000014,23.66380167524528,117.49426282873631,23.730917064217437,82.55937858207288,0.79931640625,0.0,0.0
official,TRAIN,p100092,p100092_a001307_000024,20.713076238632482,88.4698859372358,17.871008282562403,60.270164142191625,0.8935546875,0.0,0.0
official,TRAIN,p100092,p100092_a001307_000034,25.527658115151105,111.87680089971761,21.04703310843941,67.80378179610553,0.8603515625,0.0,0.0
official,TRAIN,p100092,p100092_a001307_000044,23.97522452924398,95.70693647974544,19.82743188698268,61.34871012697864,0.88671875,0.0,0.0
official,TRAIN,p100092,p100092_a001307_000054,25.029326124944884,119.79904784265035,24.55245162635121,93.15003558007051,0.74560546875,0.0,0.0
official,TRAIN,p100092,p100092_a001307_000064,27.20719742079232,129.9861580616246,29.787038099928658,113.40904581196756,0.697265625,0.0,0.0
official,TRAIN,p100092,p100092_a001307_000074,26.24622990676079,122.42620709260423,26.40794068097238,110.13754076373253,0.7392578125,0.0,0.0
official_body_g1_camera_seed11,VAL,p001194,p001194_a000062_000005,25.733234327777815,61.669657211668365,14.863117870432951,43.470527536000226,0.97900390625,4.858467377945088,-6.607253608487092
official_body_g1_camera_seed11,VAL,p001194,p001194_a000062_000017,20.804368666127438,45.85891970484114,11.831928010159046,42.30162737135188,0.96826171875,1.9963775246167987,-7.288157702660072
official_body_g1_camera_seed11,VAL,p001194,p001194_a000062_000029,10.308620861398715,39.60821513013996,9.216890688587695,39.16979114195584,0.98046875,0.02338414486586693,0.021646798301674153
official_body_g1_camera_seed11,VAL,p001194,p001194_a000062_000041,24.56622759248811,66.20425393631696,14.59995496839394,60.836487319655284,0.92236328125,3.749313976668658,6.830495717300167
official_body_g1_camera_seed11,VAL,p001194,p001194_a000062_000053,19.735050507604583,50.63468241474476,12.52087458897304,42.90330647506241,0.9697265625,1.2939404087727127,4.639346981833313
official_body_g1_camera_seed11,VAL,p001194,p001194_a000062_000065,12.532157262086411,39.52157157112326,8.371953822752886,42.37848399574708,0.9658203125,0.2077272335599698,-1.0590308414647254
official_body_g1_camera_seed11,VAL,p001194,p001194_a000062_000077,21.213283832648415,58.50447777431791,15.438073227849376,45.19743829047504,0.9755859375,3.5646905248789835,-1.8329386180183178
official_body_g1_camera_seed11,VAL,p001194,p001194_a000062_000089,22.72399440585408,50.54987771232195,11.898202073016687,40.81043923181053,0.97314453125,1.7349613252526606,-3.973154150569435
official_body_g1_camera_seed11,VAL,p001194,p001194_a000986_000010,22.938414991038435,46.84450218939874,10.229607491571613,44.403619711956374,0.958984375,0.30194274390403564,-6.0398379221388865
official_body_g1_camera_seed11,VAL,p001194,p001194_a000986_000036,38.144860585535284,96.1019705591451,36.30894153293661,91.29894096086764,0.640625,27.904050719696013,45.13004542505383
official_body_g1_camera_seed11,VAL,p001194,p001194_a000986_000062,25.06338491725046,76.72241098690769,17.69552611973417,59.75207712212198,0.9208984375,6.866761405643576,12.00980259761539
official_body_g1_camera_seed11,VAL,p001194,p001194_a000986_000088,22.841451917500834,48.21665585873495,8.900104897236648,24.42779670370796,0.9970703125,1.0486216024924904,-1.723573285022713
official_body_g1_camera_seed11,VAL,p001194,p001194_a000986_000114,24.992895240038994,59.51888505513684,11.398041968970237,42.83366266582836,0.970703125,1.9027603773230481,9.170459050845217
official_body_g1_camera_seed11,VAL,p001194,p001194_a000986_000140,19.339702124603075,62.313993767825835,11.896225941853139,49.07576603770201,0.951171875,1.2546447579249005,1.4886272942978849
official_body_g1_camera_seed11,VAL,p001194,p001194_a000986_000166,28.464494630567245,79.39888241700116,22.97052379190788,70.36297621203548,0.82177734375,13.239398113767209,32.22328496331399
official_body_g1_camera_seed11,VAL,p001194,p001194_a000986_000192,30.540636260624794,55.93447823148903,8.180961087385242,29.72609482561177,1.0,0.4342594018840904,0.9889995647335574
official_body_g1_camera_seed11,TRAIN,p001195,p001195_a000053_000006,45.75086606766922,99.08756409298968,11.863628448701819,55.070560497652046,0.93408203125,-161.47720353355658,-158.37936373547598
official_body_g1_camera_seed11,TRAIN,p001195,p001195_a000053_000021,43.24264054082362,90.655819686135,11.543400073276526,47.48783909543922,0.955078125,-157.2015336306154,-159.14296115266822
official_body_g1_camera_seed11,TRAIN,p001195,p001195_a000053_000037,23.99080735239378,86.59233879608296,14.297037281699021,65.7264965296326,0.8955078125,-203.90899621910032,-216.81000371492757
official_body_g1_camera_seed11,TRAIN,p001195,p001195_a000053_000052,45.01117100353879,88.51761741369886,10.900494461912936,39.47204413446722,0.98046875,-204.0642018959368,-223.84163596611072
official_body_g1_camera_seed11,TRAIN,p001195,p001195_a000053_000068,48.72743003191851,94.42052461374699,11.083060826539914,44.18464448146319,0.96826171875,-203.57074526711799,-227.9354971726413
official_body_g1_camera_seed11,TRAIN,p001195,p001195_a000053_000083,69.02092922343414,106.95597291354642,12.180373415346985,40.511410607413474,0.97705078125,-171.70060250018201,-182.1236820297581
official_body_g1_camera_seed11,TRAIN,p001195,p001195_a000053_000099,24.59187464174326,57.01388745754257,11.662700482908551,38.79604624594074,0.98291015625,-2.132786964625353,0.4922146241377874
official_body_g1_camera_seed11,TRAIN,p001195,p001195_a000053_000114,47.29906088679322,76.86618883127926,11.470816248361702,36.3812059848461,0.9931640625,-164.7755033806717,-170.57803640741727
official_body_g1_camera_seed11,TRAIN,p001195,p001195_a000986_000011,35.032190222784635,81.81512072124275,11.068295395403961,46.52283406804275,0.955078125,-171.6444157313942,-169.53390639795296
official_body_g1_camera_seed11,TRAIN,p001195,p001195_a000986_000039,13.298382548445062,43.462262321211284,10.157362620074704,38.70788383173093,0.97802734375,-0.06449043796311038,-1.8470397886192345
official_body_g1_camera_seed11,TRAIN,p001195,p001195_a000986_000068,13.705542355514039,80.25877500810621,12.699834737595621,85.22328465242279,0.900390625,-5.416347193646461,-46.128747629810306
official_body_g1_camera_seed11,TRAIN,p001195,p001195_a000986_000096,33.1212967889396,66.80015227376762,10.7597357648202,46.480910343010876,0.9609375,-153.32470974303143,-149.78183591179146
official_body_g1_camera_seed11,TRAIN,p001195,p001195_a000986_000125,13.163752974368892,54.61455829153302,13.512858977422908,51.543860009073114,0.94580078125,-3.0903229771799374,-11.815778943944906
official_body_g1_camera_seed11,TRAIN,p001195,p001195_a000986_000153,14.769508634203056,73.23595545652695,10.82924713977856,64.07535810204763,0.9267578125,-7.6022958267372385,-17.71947119788051
official_body_g1_camera_seed11,TRAIN,p001195,p001195_a000986_000182,39.065428621909504,80.6011903637421,11.800254227690498,53.41242423833214,0.94189453125,-149.23754489307223,-149.6091571793898
official_body_g1_camera_seed11,TRAIN,p001195,p001195_a000986_000210,20.958198460588875,71.0124282146923,12.69905024899921,49.86813015593581,0.9501953125,-156.17388151051992,-155.04664244435648
official_body_g1_camera_seed11,VAL,p001196,p001196_a000388_000011,35.912468416737,93.77575143346799,20.157285393476283,60.49988871853801,0.8828125,5.750495162547873,18.008354886845822
official_body_g1_camera_seed11,VAL,p001196,p001196_a000388_000040,36.09621229720727,94.57921972488813,32.65545926340244,86.19153416880062,0.72314453125,18.510457400454015,46.640404226642396
official_body_g1_camera_seed11,VAL,p001196,p001196_a000388_000069,32.19730634702101,79.06752092123293,18.24657483344977,46.980476848580736,0.9638671875,7.771564926752481,7.131138482657299
official_body_g1_camera_seed11,VAL,p001196,p001196_a000388_000098,31.08899709203566,75.45743378408595,15.827352882543384,43.032001389766236,0.97900390625,3.9607475532238112,2.5976158234243414
official_body_g1_camera_seed11,VAL,p001196,p001196_a000388_000127,42.24919573633066,101.98916738802303,33.1248837049134,79.82205652136096,0.693359375,20.751578637880094,31.178531352593488
official_body_g1_camera_seed11,VAL,p001196,p001196_a000388_000156,28.450115614523984,95.79185814629446,24.843289568301522,84.55307263902556,0.73876953125,10.402789094566167,23.069202035536705
official_body_g1_camera_seed11,VAL,p001196,p001196_a000388_000185,26.137243223729918,67.94439604860531,13.341125107065224,51.35035921033092,0.9482421875,0.33208111368619697,-1.8202747657920213
official_body_g1_camera_seed11,VAL,p001196,p001196_a000388_000214,28.781796979551917,59.929777343740234,19.70802495970922,44.414681085923036,0.97021484375,5.481220293624263,-2.432807367235874
official_body_g1_camera_seed11,TRAIN,p001197,p001197_a000062_000005,23.244418173512862,58.587765655686866,13.327877418907477,44.57237322521043,0.9609375,3.1333047965500107,-10.225935014183975
official_body_g1_camera_seed11,TRAIN,p001197,p001197_a000062_000016,24.949428891382475,61.052140440435714,14.151671945601713,42.699986386992165,0.96728515625,3.9549459337480783,-5.218510035635042
official_body_g1_camera_seed11,TRAIN,p001197,p001197_a000062_000028,25.81867147568866,81.53708214404999,16.90564067415905,56.324653393256824,0.9140625,2.6790579482150534,4.9774768479538665
official_body_g1_camera_seed11,TRAIN,p001197,p001197_a000062_000040,19.187551568203205,65.39747892001613,15.672839268888309,74.28502438212482,0.83544921875,-1.7199042283820862,2.432025468458491
official_body_g1_camera_seed11,TRAIN,p001197,p001197_a000062_000052,25.18048977467501,132.63181588927827,16.014821827513913,129.3610057815644,0.85986328125,2.2687657479886774,6.212719929967292
official_body_g1_camera_seed11,TRAIN,p001197,p001197_a000062_000064,22.66747141635001,77.57134569417877,15.849003023329296,79.26015687968149,0.86572265625,-5.499749546345569,-5.564073076725592
official_body_g1_camera_seed11,TRAIN,p001197,p001197_a000062_000076,18.225327860852644,70.83584635722612,17.46912935334089,68.2868389988197,0.87841796875,-0.10557164787365281,6.469434045207059
official_body_g1_camera_seed11,TRAIN,p001197,p001197_a000062_000087,22.106076308119746,60.75637104462972,14.601009671889567,49.18177535287889,0.95068359375,2.2727039337320463,-9.314666028934326
official_body_g1_camera_seed11,TRAIN,p001197,p001197_a001238_000003,12.288961580953647,81.99874754048255,10.716933803250548,81.77982950146469,0.91357421875,-6.203847947392543,-13.878246249384304
official_body_g1_camera_seed11,TRAIN,p001197,p001197_a001238_000010,11.053677934567272,92.62055826268245,10.148713908108315,87.74274996782151,0.916015625,-6.149679470415448,-17.023420959700346
official_body_g1_camera_seed11,TRAIN,p001197,p001197_a001238_000018,11.249038734469183,81.63534785746839,9.97211219464521,77.67988830166617,0.92822265625,-6.5733394930963165,-12.70606112818146
official_body_g1_camera_seed11,TRAIN,p001197,p001197_a001238_000025,11.626469830019737,92.36566804668718,9.52912646946601,86.78408576710447,0.9150390625,-6.589081688660915,-20.5430460276432
official_body_g1_camera_seed11,TRAIN,p001197,p001197_a001238_000033,15.43163785634012,115.60788932795319,10.333328917513306,108.77873576508416,0.90673828125,-5.32267078276988,-21.30068288170294
official_body_g1_camera_seed11,TRAIN,p001197,p001197_a001238_000040,15.153668479859938,94.80909620396288,9.6486377747061,88.1616212752452,0.90966796875,-4.866096869836545,-9.150046179275535
official_body_g1_camera_seed11,TRAIN,p001197,p001197_a001238_000048,13.040329125440092,90.31965386313783,10.703938925081774,86.25476784905719,0.9091796875,-5.154404701635643,-18.434792243967507
official_body_g1_camera_seed11,TRAIN,p001197,p001197_a001238_000055,13.378682275554977,99.87292449370842,10.996577824767918,98.30404908954505,0.90673828125,-5.294442259992461,-25.637751879149164
official_body_g1_camera_seed11,VAL,p001199,p001199_a001398_000001,39.11847729731156,87.66810578531378,29.93826241988608,73.26903261366323,0.73583984375,17.78167280291186,30.103716302212852
official_body_g1_camera_seed11,VAL,p001199,p001199_a001398_000004,40.019281149942856,86.24010394366516,32.018122054381266,74.17107312051904,0.71240234375,19.610373784640302,34.68645363206474
official_body_g1_camera_seed11,VAL,p001199,p001199_a001398_000008,38.72307382688686,87.22510612775773,30.871851777531788,74.78007656670043,0.73095703125,19.490957208134116,30.88282839228026
official_body_g1_camera_seed11,VAL,p001199,p001199_a001398_000011,42.85026558624904,93.25361509173958,34.30303247573313,78.89849944275888,0.6806640625,22.749437595123226,36.9212600266966
official_body_g1_camera_seed11,VAL,p001199,p001199_a001398_000014,42.20738414738994,89.32617294902384,35.57137897489666,76.67067745115135,0.68212890625,24.356731181459665,35.11722690514475
official_body_g1_camera_seed11,VAL,p001199,p001199_a001398_000017,40.55117979346322,92.24501635760396,34.975010575933524,78.25860443004709,0.68994140625,24.161970928445367,36.16542295770341
official_body_g1_camera_seed11,VAL,p001199,p001199_a001398_000021,40.49243390547272,88.14838851597096,32.86791056658623,76.54803202792961,0.7080078125,21.24285981236279,34.83031480793055
official_body_g1_camera_seed11,VAL,p001199,p001199_a001398_000024,39.58101605946128,88.0200990894035,32.4223302972305,76.8674938045166,0.69189453125,20.84565780025461,34.29602168517672
official_body_g1_camera_seed11,VAL,p001201,p001201_a005135_000002,11.335473603442932,43.68297320693726,10.238556550646287,40.57121833220864,0.97705078125,-0.17397015163095553,5.366332822721752
official_body_g1_camera_seed11,VAL,p001201,p001201_a005135_000007,12.49059155372613,40.08186195720175,9.498236606915606,34.81131183143684,0.9921875,-0.7411015665869893,3.5928329514759874
official_body_g1_camera_seed11,VAL,p001201,p001201_a005135_000011,13.274515727183665,51.42084168445743,9.777680234827468,44.673952751418966,0.955078125,-0.6068530236134446,3.2997242123065647
official_body_g1_camera_seed11,VAL,p001201,p001201_a005135_000016,12.941343781190895,43.05178820881163,9.22485849627397,37.17677299615163,0.98779296875,-0.9305333012535435,4.100329444698588
official_body_g1_camera_seed11,VAL,p001201,p001201_a005135_000021,13.016345299747751,43.74399276050932,9.23770822303805,37.35397723482674,0.98974609375,-0.703859706969963,3.7264049657977196
official_body_g1_camera_seed11,VAL,p001201,p001201_a005135_000026,10.02105514266269,41.89434983220451,9.36035323274973,39.2892780752072,0.98486328125,-1.5975467814956428,4.2367567718629005
official_body_g1_camera_seed11,VAL,p001201,p001201_a005135_000030,9.71567611866007,38.8122411760877,9.613963531251432,41.11929396554818,0.97900390625,-0.8131843170515651,3.667917739562455
official_body_g1_camera_seed11,VAL,p001201,p001201_a005135_000035,10.49382208885304,41.558665563197984,9.236124448068441,38.24881847440365,0.98681640625,-1.8442593050335319,5.33427166125783
official_body_g1_camera_seed11,TRAIN,p001202,p001202_a001230_000002,55.60019327866031,127.7876435066772,36.861872957400585,94.7931359151763,0.65185546875,18.400770813927096,23.73955223454253
official_body_g1_camera_seed11,TRAIN,p001202,p001202_a001230_000009,55.88591436226426,123.53698295007625,38.030030732105544,93.84489825835139,0.6552734375,19.749075847645088,25.905930342829024
official_body_g1_camera_seed11,TRAIN,p001202,p001202_a001230_000015,54.14117036435242,129.10070190923938,38.899551374808304,100.92108985128772,0.62451171875,21.05715584766957,32.45897259870881
official_body_g1_camera_seed11,TRAIN,p001202,p001202_a001230_000021,57.06644204649109,128.5768912676229,38.676924462970746,96.49853673600849,0.62744140625,19.68293365058159,28.18177943116585
official_body_g1_camera_seed11,TRAIN,p001202,p001202_a001230_000028,54.48827337339753,123.76362898748587,36.92976033342705,93.87075457011973,0.64501953125,17.09430683644456,28.681487003658376
official_body_g1_camera_seed11,TRAIN,p001202,p001202_a001230_000034,55.5596055722002,123.90178739077848,36.691376510078385,92.88436960968377,0.6474609375,17.297313931899623,27.288106709102507
official_body_g1_camera_seed11,TRAIN,p001202,p001202_a001230_000040,56.68470191591943,127.03907858792748,36.97275110339206,94.78347961006702,0.64306640625,18.81855453692312,29.786284669395158
official_body_g1_camera_seed11,TRAIN,p001202,p001202_a001230_000047,54.268979864559654,131.35946621437495,36.8731690242864,96.07189214899692,0.6337890625,17.15298439117117,28.746701624839048
official_body_g1_camera_seed11,TRAIN,p001202,p001202_a005135_000001,24.528601629775174,54.140156736781535,10.091593161616448,39.69866892617193,0.986328125,0.7390393801305706,1.376415477805402
official_body_g1_camera_seed11,TRAIN,p001202,p001202_a005135_000005,24.2018830695394,53.40995586627117,10.078725818770149,38.93620027314408,0.98779296875,1.1644867641571643,0.4235702957795269
official_body_g1_camera_seed11,TRAIN,p001202,p001202_a005135_000008,30.61049913742189,61.35154828619035,11.933920826525608,39.693492011317176,0.9833984375,2.3588107860104888,1.9569360959161486
official_body_g1_camera_seed11,TRAIN,p001202,p001202_a005135_000012,32.28089761793436,64.38309190522472,14.018152876825226,39.93739500337863,0.9794921875,3.9797923305479905,2.580333753223954
official_body_g1_camera_seed11,TRAIN,p001202,p001202_a005135_000015,18.563477846558946,46.006075783817394,9.67676609269126,39.00764533688322,0.9892578125,-0.10631803156323727,-0.3690276565697488
official_body_g1_camera_seed11,TRAIN,p001202,p001202_a005135_000019,28.393528819594025,57.08710679547773,11.159065143528057,38.357614685329416,0.986328125,1.8815692602931513,1.6791411638891915
official_body_g1_camera_seed11,TRAIN,p001202,p001202_a005135_000022,28.31942982971468,58.63787313752978,10.31524800753679,40.87603125554744,0.9833984375,1.170234369565657,0.7471566634494948
official_body_g1_camera_seed11,TRAIN,p001202,p001202_a005135_000026,24.302118898978005,50.354766960630485,9.385592917258606,38.89296540723978,0.9921875,0.17916015283147502,0.6348176037475213
official_body_g1_camera_seed11,TRAIN,p001203,p001203_a000032_000003,22.565193886251333,65.08850669099094,13.397828477184614,52.49222291784847,0.94091796875,-2.711711564123611,7.170482629803736
official_body_g1_camera_seed11,TRAIN,p001203,p001203_a000032_000009,22.931996898398133,67.48721593299108,13.903315498444938,53.04536513028718,0.93359375,-3.4349618679088447,8.827254938571933
official_body_g1_camera_seed11,TRAIN,p001203,p001203_a000032_000016,22.68657437362428,66.18939843447846,14.720434814620765,55.69318322979422,0.927734375,-2.069234833536802,10.796261668868972
official_body_g1_camera_seed11,TRAIN,p001203,p001203_a000032_000022,23.237436342471025,67.35338103838721,15.386201710417787,57.89592268561386,0.91552734375,-2.6462534323917275,11.636999548058391
official_body_g1_camera_seed11,TRAIN,p001203,p001203_a000032_000029,22.52423594633457,66.99734171206093,16.571997296063223,57.18104736024419,0.92333984375,-1.1698904042827252,13.814120008630383
official_body_g1_camera_seed11,TRAIN,p001203,p001203_a000032_000035,19.223530877486425,62.92330948662864,14.736316571307096,53.934048445657226,0.93212890625,-1.4459199314904474,8.475450375559504
official_body_g1_camera_seed11,TRAIN,p001203,p001203_a000032_000042,22.544692360528135,66.39125251774195,13.974166354754612,53.69286568190953,0.9345703125,-1.5759739852869252,10.546088210842079
official_body_g1_camera_seed11,TRAIN,p001203,p001203_a000032_000048,18.022269801540716,57.51269322254511,14.452252932558412,50.813090020894954,0.94482421875,-2.4926006231753313,7.13179670595742
official_body_g1_camera_seed11,TRAIN,p001204,p001204_a003011_000001,28.955042540459562,79.87778628704541,15.98401544623066,54.09664096949466,0.93603515625,3.6269712504964353,8.558115129463772
official_body_g1_camera_seed11,TRAIN,p001204,p001204_a003011_000003,26.82446220592778,76.72825214831593,15.368018037607285,52.165759437158066,0.9404296875,3.192119885289342,6.9554033233618355
official_body_g1_camera_seed11,TRAIN,p001204,p001204_a003011_000006,27.887175143971206,80.30195675620031,16.146474479775712,56.47502024218156,0.9287109375,2.975026669295307,9.59812985921279
official_body_g1_camera_seed11,TRAIN,p001204,p001204_a003011_000008,26.650523288438954,77.31419469155713,15.534808276390304,53.7180561658332,0.93408203125,2.6191585639203048,7.636293965351342
official_body_g1_camera_seed11,TRAIN,p001204,p001204_a003011_000010,27.38989705437621,82.53697963193648,15.911663107350169,57.653343242202574,0.92236328125,2.9022051498034287,8.928525875528685
official_body_g1_camera_seed11,TRAIN,p001204,p001204_a003011_000012,27.443189311764172,81.44092130274034,16.05035380431778,56.336546406308045,0.935546875,3.2695486034679924,9.678749021359422
official_body_g1_camera_seed11,TRAIN,p001204,p001204_a003011_000015,27.855552600591203,81.7095148465841,15.454421839037577,54.54911460948325,0.93212890625,3.6814521681323793,10.311945115087354
official_body_g1_camera_seed11,TRAIN,p001204,p001204_a003011_000017,28.128183026953558,80.50913895727797,15.963932769822897,55.76781462759358,0.93408203125,4.030634318065001,8.744139896282917
official_body_g1_camera_seed11,TRAIN,p001210,p001210_a001226_000002,71.22847698417112,260.1495251096495,48.78125102797199,238.06546664319862,0.50830078125,-0.10522979859470638,4.034497727099733
official_body_g1_camera_seed11,TRAIN,p001210,p001210_a001226_000006,68.48011592874371,247.7272590387478,49.64853740075141,218.6336633151366,0.50341796875,0.44391892801026955,3.3753717458489234
official_body_g1_camera_seed11,TRAIN,p001210,p001210_a001226_000010,73.55831400463063,259.49123432904037,51.22988555251265,238.03331827669052,0.4912109375,0.4972787953213853,3.0861788544255546
official_body_g1_camera_seed11,TRAIN,p001210,p001210_a001226_000014,69.75861714052766,250.54914281589927,51.6336854497511,229.37140438531392,0.484375,-0.3229377277178287,2.5582039370972325
official_body_g1_camera_seed11,TRAIN,p001210,p001210_a001226_000018,74.1076726050438,258.2390252992156,50.887243483666424,228.46759083824173,0.49365234375,0.9002071377809386,2.402068716478823
official_body_g1_camera_seed11,TRAIN,p001210,p001210_a001226_000022,70.73990992314677,282.09226928947174,49.35849452940606,249.26231376548967,0.50341796875,0.6832031527361977,4.252664552456395
official_body_g1_camera_seed11,TRAIN,p001210,p001210_a001226_000026,71.93884477489362,257.0593720417856,49.328548890337544,229.0686207787263,0.5029296875,0.597438223964005,3.6705088194767086
official_body_g1_camera_seed11,TRAIN,p001210,p001210_a001226_000030,76.75402872523071,250.64875796573256,49.12224057636095,215.02094620378654,0.5078125,-0.08415900557480427,4.420911454355121
official_body_g1_camera_seed11,TRAIN,p001216,p001216_a001423_000001,18.430733929937507,72.36056952383775,15.683529402874624,58.40311227419573,0.9052734375,-1.6651143653265965,-6.426999013170267
official_body_g1_camera_seed11,TRAIN,p001216,p001216_a001423_000004,14.57898576740891,62.09470544306425,14.608805157282752,58.36882371150239,0.91357421875,-1.9837305409709245,-8.542712251139847
official_body_g1_camera_seed11,TRAIN,p001216,p001216_a001423_000007,16.21960378356092,62.405147986676134,15.19466697209209,60.81456297051678,0.9150390625,0.1828920360702888,-7.663769327499288
official_body_g1_camera_seed11,TRAIN,p001216,p001216_a001423_000010,17.627711610021013,69.36952047053698,14.97040934326106,59.73250827881166,0.90771484375,-2.8687958414142756,-6.069734458554727
official_body_g1_camera_seed11,TRAIN,p001216,p001216_a001423_000013,18.4051993488271,74.31000791250752,15.046906820643743,61.48886223298274,0.89501953125,-2.4861665418333043,-7.832051481174318
official_body_g1_camera_seed11,TRAIN,p001216,p001216_a001423_000016,18.036781001505744,70.86373422878683,14.629944465082367,59.8425903115739,0.90380859375,-3.2186984812735204,-7.832978196761488
official_body_g1_camera_seed11,TRAIN,p001216,p001216_a001423_000019,16.323683986603395,67.53003188356783,14.801188715264509,59.14195563810864,0.91064453125,-3.1419089423877793,-8.393501917474268
official_body_g1_camera_seed11,TRAIN,p001216,p001216_a001423_000022,18.805398854509974,70.60225760064175,15.366036724138919,58.939996109319985,0.9091796875,-3.33944366276738,-5.790388762249826
official_body_g1_camera_seed11,TRAIN,p001225,p001225_a005341_000001,21.553560242954404,64.49115983506381,14.198696616798024,51.42571085029326,0.94384765625,-1.8206706174011025,-1.0639403450498293
official_body_g1_camera_seed11,TRAIN,p001225,p001225_a005341_000005,19.955874912571687,62.8738301243709,14.495963438309705,50.51412685321101,0.9462890625,-1.825621231983444,-2.366959262481309
official_body_g1_camera_seed11,TRAIN,p001225,p001225_a005341_000009,20.20567888274805,64.6361885437204,15.655731680628445,53.9898396093907,0.93212890625,-0.7683857896770832,-3.0931182587671415
official_body_g1_camera_seed11,TRAIN,p001225,p001225_a005341_000013,19.904010062337125,61.71986332982266,14.473868595051247,54.35870561317818,0.9306640625,-2.799874216798397,0.4749522279950966
official_body_g1_camera_seed11,TRAIN,p001225,p001225_a005341_000016,22.014023380514995,63.907841028354575,14.058620283922359,52.88778603017397,0.93798828125,-2.3354181632822275,1.9268943095658315
official_body_g1_camera_seed11,TRAIN,p001225,p001225_a005341_000020,22.266258260956075,69.90532993377232,15.178107782739904,55.02884554158167,0.9345703125,-2.0894725278515445,-0.8458914694679578
official_body_g1_camera_seed11,TRAIN,p001225,p001225_a005341_000024,20.875934791689346,71.54339901950205,15.968589073127028,57.0561712099881,0.9228515625,-0.9593781339543455,-0.37240004929702764
official_body_g1_camera_seed11,TRAIN,p001225,p001225_a005341_000028,20.993737234974574,69.59519284320237,15.33950263712399,55.26054816677361,0.93310546875,-2.1208869283315703,-2.392580576842299
official_body_g1_camera_seed11,TRAIN,p001226,p001226_a000223_000006,20.673673333239083,50.07614025147242,12.648890133829369,38.332821145984575,0.986328125,0.22454065904449116,-0.39828642445493045
official_body_g1_camera_seed11,TRAIN,p001226,p001226_a000223_000021,20.108432144145787,48.617517483211095,12.013579947007688,39.34003337786816,0.98779296875,0.035359936586779384,-0.05046304395123258
official_body_g1_camera_seed11,TRAIN,p001226,p001226_a000223_000036,23.585649288401697,55.087104806439534,13.294823864519286,39.243461466489876,0.98486328125,2.199859330055732,-1.6064546616160413
official_body_g1_camera_seed11,TRAIN,p001226,p001226_a000223_000051,22.105360540007176,51.87875352964885,12.764203756742312,35.24545019044252,0.99169921875,1.0981892420330546,-0.47877680653700594
official_body_g1_camera_seed11,TRAIN,p001226,p001226_a000223_000066,25.491915947714325,58.627113701205,15.924713972791169,39.02852312056498,0.98583984375,2.78360982280042,2.2648269792853455
official_body_g1_camera_seed11,TRAIN,p001226,p001226_a000223_000081,16.322236111891435,43.987573012272335,11.819101552262905,37.7541964845152,0.990234375,1.032625055459249,-0.09288401267555457
official_body_g1_camera_seed11,TRAIN,p001226,p001226_a000223_000096,21.493889040569634,49.52126111088274,12.882926214124009,38.168702644537305,0.98876953125,0.34750677079764714,-0.76785134836895
official_body_g1_camera_seed11,TRAIN,p001226,p001226_a000223_000111,25.963359349974237,60.40836237199944,13.777058156362674,38.811387204598056,0.9873046875,1.0838336316432589,0.9671597913643453
official_body_g1_camera_seed11,TRAIN,p001231,p001231_a000029_000001,50.722581426426174,161.3891854219384,30.756313325833805,129.97837650243676,0.72802734375,11.110464867822,25.134851874219635
official_body_g1_camera_seed11,TRAIN,p001231,p001231_a000029_000003,54.9228863471503,166.87310520390815,34.38334691477985,132.75598682040982,0.68798828125,15.046397159102469,31.93057922917575
official_body_g1_camera_seed11,TRAIN,p001231,p001231_a000029_000005,53.29797247087842,163.34920994148212,32.92902440027146,134.8480528696204,0.6953125,13.41868436480907,28.282902200420878
official_body_g1_camera_seed11,TRAIN,p001231,p001231_a000029_000007,52.27110958806,157.84566048139334,32.44752525889872,123.99972213113769,0.71142578125,13.389175211699609,28.291532814057504
official_body_g1_camera_seed11,TRAIN,p001231,p001231_a000029_000008,50.90305925028122,157.94752653540593,30.994593980007348,130.50060290948534,0.72998046875,11.096303256482859,21.994631439708016
official_body_g1_camera_seed11,TRAIN,p001231,p001231_a000029_000010,49.4581076575803,161.49641042057058,30.892566454367795,129.69415101897468,0.7431640625,11.685141237454033,26.894775432988027
official_body_g1_camera_seed11,TRAIN,p001231,p001231_a000029_000012,54.481026635347874,168.62454228149042,34.07133930449864,141.24737058744563,0.70263671875,14.90110244903348,31.19949961785045
official_body_g1_camera_seed11,TRAIN,p001231,p001231_a000029_000014,52.73540539197309,156.1092782048522,30.911193618844578,118.3604616668979,0.73828125,11.439789312923512,23.444870080232775
official_body_g1_camera_seed11,TRAIN,p001231,p001231_a000075_000003,31.223727159261106,73.0669948604648,18.444756648973115,50.79169457138018,0.9482421875,6.072244249681468,-0.10368593073518184
official_body_g1_camera_seed11,TRAIN,p001231,p001231_a000075_000012,27.587510184202795,64.89822429740778,16.018732661151205,45.74826058291974,0.9599609375,3.7813173260224158,-4.036844204089782
official_body_g1_camera_seed11,TRAIN,p001231,p001231_a000075_000020,29.612904262775682,73.6311708989162,15.09771345103305,45.18541503945782,0.96484375,3.4980719042599766,-0.09262526674395133
official_body_g1_camera_seed11,TRAIN,p001231,p001231_a000075_000029,37.42520082671996,87.60674861581172,24.401819454963825,66.02987383119572,0.8486328125,8.982128429756411,4.859112964824789
official_body_g1_camera_seed11,TRAIN,p001231,p001231_a000075_000037,39.03939340362653,87.22339431374682,24.49352996544765,66.42263631204717,0.86572265625,8.797847439996257,5.433732356850172
official_body_g1_camera_seed11,TRAIN,p001231,p001231_a000075_000046,32.60939310018334,80.92971813444126,15.69009714429747,51.73970846741766,0.943359375,3.107043959486811,4.238498296197854
official_body_g1_camera_seed11,TRAIN,p001231,p001231_a000075_000054,33.078070547508574,75.26582512394128,14.726616573875882,54.072226438134635,0.93701171875,4.214170789313174,4.143748994540736
official_body_g1_camera_seed11,TRAIN,p001231,p001231_a000075_000063,30.494103108878406,76.82585012452412,13.27634353530636,54.59127075892413,0.9375,2.871272575420079,-0.1058469503970727
official_body_g1_camera_seed11,TRAIN,p001231,p001231_a000214_000004,33.866990045255214,87.53606459439251,20.808059092983786,62.013131811200005,0.8701171875,-12.537460238469304,-24.495032513087473
official_body_g1_camera_seed11,TRAIN,p001231,p001231_a000214_000016,32.931998963585485,86.12225105145147,21.12414260545247,58.79639392062633,0.8916015625,-8.01280198100871,-18.242206193887085
official_body_g1_camera_seed11,TRAIN,p001231,p001231_a000214_000027,38.79740282773339,104.64461727406888,25.180330386207544,86.78558417990322,0.7763671875,-15.580797540293446,-27.59515772764037
official_body_g1_camera_seed11,TRAIN,p001231,p001231_a000214_000038,41.702804525761394,109.83944247817229,37.11312121075346,102.8403957859886,0.6357421875,19.615192606832014,22.28633353586929
official_body_g1_camera_seed11,TRAIN,p001231,p001231_a000214_000049,38.9997167523446,106.08655064635431,33.42004204052097,93.40865644951977,0.65966796875,17.895954993158654,27.96221112119936
official_body_g1_camera_seed11,TRAIN,p001231,p001231_a000214_000060,27.781789158581162,71.89270974494517,21.153764192103303,59.89874784330666,0.8935546875,1.866267002139665,-6.812046433162713
official_body_g1_camera_seed11,TRAIN,p001231,p001231_a000214_000071,30.57040504270154,75.34884840818899,20.768342910461666,54.81601374986816,0.9228515625,-12.878433247926221,-28.54571997555651
official_body_g1_camera_seed11,TRAIN,p001231,p001231_a000214_000083,36.40358546362725,87.89149837269306,24.807538024830734,64.50407388030897,0.83251953125,-16.86434078053209,-35.023163878565086
official_body_g1_camera_seed11,TRAIN,p100067,p100067_a005746_000002,11.86259106149372,82.6177360435831,12.124294324169608,82.26894388619701,0.8984375,-0.15617925851284298,-0.026542872012299767
official_body_g1_camera_seed11,TRAIN,p100067,p100067_a005746_000008,11.2721898457092,93.85052973356984,11.818478268792958,94.65995384960632,0.8974609375,0.06941986016832757,1.1020747021340611
official_body_g1_camera_seed11,TRAIN,p100067,p100067_a005746_000014,11.946583127417231,87.6879790244471,12.279963137463174,91.19301338564198,0.90966796875,0.4385437184479688,2.0150020246685614
official_body_g1_camera_seed11,TRAIN,p100067,p100067_a005746_000020,12.489535341867093,82.06777659500257,11.60624294992196,85.77764515772533,0.90771484375,-0.14988892912762708,0.7527550887525365
official_body_g1_camera_seed11,TRAIN,p100067,p100067_a005746_000026,13.583605468182652,86.73777591203888,12.623726228982509,87.53991558683039,0.90087890625,0.7316515308391871,0.9759626841193096
official_body_g1_camera_seed11,TRAIN,p100067,p100067_a005746_000032,11.775963185834994,96.99261028626734,12.490111951476464,99.98208713200913,0.8935546875,0.36567745728729406,3.57117586560571
official_body_g1_camera_seed11,TRAIN,p100067,p100067_a005746_000038,13.05008177774027,93.38339920601317,12.571349594235931,94.49371640189057,0.9013671875,0.23611125903798857,1.660011261097054
official_body_g1_camera_seed11,TRAIN,p100067,p100067_a005746_000044,12.476172597856436,80.21424505445184,12.877734703381218,83.58211056017868,0.89013671875,0.2684825778213966,2.5370232179118233
official_body_g1_camera_seed11,TRAIN,p100069,p100069_a005191_000006,10.158037187178266,39.9817979405797,10.069312689521466,40.3304332256258,0.9775390625,1.2235049956445199,2.575839687691797
official_body_g1_camera_seed11,TRAIN,p100069,p100069_a005191_000021,10.224673857994352,38.13924716963726,10.102886591030908,38.016563099542175,0.9814453125,1.57257372965719,-1.4469256416180087
official_body_g1_camera_seed11,TRAIN,p100069,p100069_a005191_000037,17.42508497989765,40.96201419680717,10.303168978595409,35.60513842602293,0.9853515625,0.8455545552568609,-1.983097726749044
official_body_g1_camera_seed11,TRAIN,p100069,p100069_a005191_000052,11.063777037087991,52.55342342556389,11.814579620881371,56.11370266792617,0.927734375,0.17484832340984013,15.088607198774874
official_body_g1_camera_seed11,TRAIN,p100069,p100069_a005191_000068,25.929680560101346,74.63754047821486,16.453214339282034,50.11427995325093,0.94873046875,6.209875227313663,6.7211197934825435
official_body_g1_camera_seed11,TRAIN,p100069,p100069_a005191_000083,13.602300293217603,39.48374274149936,10.14470115808704,40.70450364199767,0.970703125,0.8083542334186884,-1.6595956122477347
official_body_g1_camera_seed11,TRAIN,p100069,p100069_a005191_000099,11.234102040319238,42.1893731174457,11.029527038760442,46.65080959067281,0.9638671875,1.173750799385699,3.694842295175448
official_body_g1_camera_seed11,TRAIN,p100069,p100069_a005191_000114,33.1163655582927,81.78690169558028,14.06705769225168,54.12893251285954,0.93408203125,0.6226590514095438,1.9715219962926014
official_body_g1_camera_seed11,TRAIN,p100069,p100069_a005746_000002,27.83293245263991,76.4232796198235,18.675248358954384,79.44018973460136,0.876953125,5.961620372045051,-8.988356139804651
official_body_g1_camera_seed11,TRAIN,p100069,p100069_a005746_000008,26.059430562521648,70.93633745883491,13.929230510410836,73.46566132857386,0.8955078125,2.1127855409757093,-5.687499962164026
official_body_g1_camera_seed11,TRAIN,p100069,p100069_a005746_000014,24.64273677762896,68.07146186651232,16.95227248463536,80.7021986419455,0.88671875,4.350258311376233,-9.80152339535067
official_body_g1_camera_seed11,TRAIN,p100069,p100069_a005746_000020,27.837076211518763,67.67331698961827,16.671856795873875,74.45789212176444,0.90283203125,4.615745308789823,-10.369711354690466
official_body_g1_camera_seed11,TRAIN,p100069,p100069_a005746_000027,27.343079275606996,70.35370353317657,16.07038027173585,78.4531532972587,0.890625,3.6915407889834757,-8.69368436974068
official_body_g1_camera_seed11,TRAIN,p100069,p100069_a005746_000033,26.315161714048074,67.82703048891138,13.559192603512987,81.56747104321403,0.8896484375,1.5409195834896892,-5.134348074637401
official_body_g1_camera_seed11,TRAIN,p100069,p100069_a005746_000039,25.761839577646448,69.21658276728022,12.996913089877463,81.13717138884107,0.88916015625,1.2012169351434459,-4.635865509885022
official_body_g1_camera_seed11,TRAIN,p100069,p100069_a005746_000045,25.963989134993817,76.17205127601055,13.65614860330367,89.15811206254946,0.8828125,1.340609831399302,-3.2006140866678408
official_body_g1_camera_seed11,TRAIN,p100072,p100072_a001242_000006,22.15392008576347,55.567843484628796,13.941884267749248,49.18928433756752,0.9541015625,1.345829507857374,4.062676562128814
official_body_g1_camera_seed11,TRAIN,p100072,p100072_a001242_000020,23.693900634254565,55.1769160465375,13.256399772660124,49.87408780696556,0.9501953125,1.060471189585833,4.753728310887496
official_body_g1_camera_seed11,TRAIN,p100072,p100072_a001242_000034,32.780582530515254,72.22612130557188,19.985053713333095,56.582464904378575,0.9091796875,4.714168703643791,8.958522059109818
official_body_g1_camera_seed11,TRAIN,p100072,p100072_a001242_000048,28.501545404711926,153.64509589248124,20.62454579054421,135.6078465687823,0.77099609375,-2.3154565561866995,-2.8735457618812745
official_body_g1_camera_seed11,TRAIN,p100072,p100072_a001242_000063,27.209663278477624,115.81337323912551,20.284528426735264,96.90824136159326,0.79052734375,-2.0226782702081536,-6.322906481070689
official_body_g1_camera_seed11,TRAIN,p100072,p100072_a001242_000077,33.02049611115686,73.80909904422704,20.956300246704032,57.137729753123885,0.90869140625,4.492253583087091,9.60582088565834
official_body_g1_camera_seed11,TRAIN,p100072,p100072_a001242_000091,16.918432985249638,53.612464595603456,12.615132087277644,49.014786502868596,0.95458984375,0.15812994366790534,0.22684637861538448
official_body_g1_camera_seed11,TRAIN,p100072,p100072_a001242_000105,30.88110202583671,69.02656719242967,14.866235460922077,49.28351092563966,0.953125,3.313129189349997,3.59499416276433
official_body_g1_camera_seed11,TRAIN,p100085,p100085_a000042_000001,23.91697350312326,60.66997275547322,15.914236607089546,53.65829034394709,0.9375,2.995347856162498,2.5725197942834797
official_body_g1_camera_seed11,TRAIN,p100085,p100085_a000042_000002,24.50010402321508,61.84335466550058,16.625564316636527,56.74874260014584,0.93212890625,3.5369484044843453,3.653821358710033
official_body_g1_camera_seed11,TRAIN,p100085,p100085_a000042_000004,21.335056692705415,61.36043876389003,15.852304464390036,55.22843228410107,0.9326171875,2.5257232776440066,1.5911642599522438
official_body_g1_camera_seed11,TRAIN,p100085,p100085_a000042_000006,24.8819740656404,62.75235367363692,17.170342861170905,56.743098601020876,0.9296875,4.393601429425397,4.652327151616838
official_body_g1_camera_seed11,TRAIN,p100085,p100085_a000042_000008,23.148848348616404,61.84877134569829,15.755503930102696,55.15735648192385,0.93505859375,3.4847157298408185,3.3401347790490235
official_body_g1_camera_seed11,TRAIN,p100085,p100085_a000042_000010,24.76788207143944,59.57288221683914,16.33823149157874,55.465660708636314,0.935546875,4.119636251824732,2.8429244540098466
official_body_g1_camera_seed11,TRAIN,p100085,p100085_a000042_000012,22.966571085638805,60.339640631993326,16.275289561602214,55.43065056748437,0.93408203125,4.496803731563837,3.187386871038157
official_body_g1_camera_seed11,TRAIN,p100085,p100085_a000042_000013,27.69625314535353,63.395931639323535,19.356422535381462,57.52911654419938,0.92431640625,6.56187845296655,4.946483371830396
official_body_g1_camera_seed11,TRAIN,p100086,p100086_a001415_000003,13.397364000170423,47.73113805491008,10.601038073209136,36.907848545341324,0.98046875,-0.7213886602758848,-3.1077893139543633
official_body_g1_camera_seed11,TRAIN,p100086,p100086_a001415_000010,13.67827230106312,46.64534663542413,11.680363385153603,38.24901821791725,0.98291015625,-0.4613010572775327,-2.6822724090693058
official_body_g1_camera_seed11,TRAIN,p100086,p100086_a001415_000017,13.351765120058433,44.785044283581,11.36350660572748,36.64266577684311,0.98193359375,-0.16910895048185637,-4.0860757453649015
official_body_g1_camera_seed11,TRAIN,p100086,p100086_a001415_000024,13.226957271022258,44.38759017789371,11.270048423320885,36.918926862823675,0.97900390625,-0.1720551148924674,-3.36907893220409
official_body_g1_camera_seed11,TRAIN,p100086,p100086_a001415_000032,13.328961906257822,47.18707312250144,11.498931581926087,36.576479132210274,0.97998046875,-0.020818378761390477,-2.6486901517491788
official_body_g1_camera_seed11,TRAIN,p100086,p100086_a001415_000039,13.63395591179814,48.5507679857247,11.237712223288746,38.52043397565059,0.97900390625,-0.21988083506624534,-3.0438385514113264
official_body_g1_camera_seed11,TRAIN,p100086,p100086_a001415_000046,13.343595457009112,47.91007020326141,11.066183454546099,39.5946257122672,0.98046875,-0.34681499539555105,-3.3747730141582437
official_body_g1_camera_seed11,TRAIN,p100086,p100086_a001415_000053,13.51589509984781,47.490364202819414,10.753634250769164,39.17368905568156,0.97705078125,-0.5937845085843545,-2.4324062283681513
official_body_g1_camera_seed11,TRAIN,p100089,p100089_a005814_000004,25.941309609991066,75.18411607138462,26.03288362092324,75.14266676320776,0.8427734375,-6.793350080942748,-20.62766916527592
official_body_g1_camera_seed11,TRAIN,p100089,p100089_a005814_000014,26.145685273802844,78.64622561379961,25.90055118226721,78.57494461442899,0.8310546875,-10.116822219027139,-28.252849222125676
official_body_g1_camera_seed11,TRAIN,p100089,p100089_a005814_000024,26.714765982084707,73.74053005466774,26.50127470878048,73.7648113538435,0.8466796875,-2.8189631103268304,-19.012567611325963
official_body_g1_camera_seed11,TRAIN,p100089,p100089_a005814_000034,26.425870329513188,75.34549516463589,26.06519502932988,77.3591071212037,0.8349609375,-5.5239485920007105,-17.732493605917185
official_body_g1_camera_seed11,TRAIN,p100089,p100089_a005814_000043,31.660461900833305,82.09848936991779,25.244873615164583,75.26224065731681,0.84912109375,-4.612070784926587,-19.312301266991796
official_body_g1_camera_seed11,TRAIN,p100089,p100089_a005814_000053,25.650819287129003,76.71769017987349,26.106438654932155,75.13539258289785,0.85986328125,-3.8469334739604335,-15.444854502944949
official_body_g1_camera_seed11,TRAIN,p100089,p100089_a005814_000063,26.814994922628234,75.87521854925727,26.55884298046098,74.3891161967648,0.85693359375,-3.2661788258887228,-13.670532621563183
official_body_g1_camera_seed11,TRAIN,p100089,p100089_a005814_000073,25.680031967804027,80.6320672345675,25.16027428377155,76.74786196904445,0.84521484375,-4.3455866062426765,-14.088664505615597
official_body_g1_camera_seed11,TRAIN,p100090,p100090_a005401_000001,42.088355603741206,105.64879938194045,19.72349443301868,76.59479316524768,0.87060546875,0.5863300241687242,2.322049141735846
official_body_g1_camera_seed11,TRAIN,p100090,p100090_a005401_000003,58.268562976718925,135.5530808649357,19.629381496979633,85.2339013696824,0.87744140625,0.6931682688782956,1.0331553188840132
official_body_g1_camera_seed11,TRAIN,p100090,p100090_a005401_000005,57.304926856063084,139.9644294506048,20.878734448495823,79.65372693283145,0.86279296875,0.8929023354216206,1.8834168481256626
official_body_g1_camera_seed11,TRAIN,p100090,p100090_a005401_000007,51.021001328936734,132.3004296976129,20.791917942808126,82.76443338493478,0.86181640625,1.0593798383431334,0.6505243269504035
official_body_g1_camera_seed11,TRAIN,p100090,p100090_a005401_000009,52.49553942200107,121.95924050320703,19.988962765964537,80.05617513487466,0.8701171875,0.41594128028808797,2.4734792285863136
official_body_g1_camera_seed11,TRAIN,p100090,p100090_a005401_000011,52.3953969560627,112.66515793664855,19.42482602696989,70.61159574541159,0.876953125,0.316040904059939,2.82475838859429
official_body_g1_camera_seed11,TRAIN,p100090,p100090_a005401_000013,60.786422878815216,132.62297530212146,19.90961163299299,81.10930869235924,0.880859375,0.357169478298907,0.09801328760262606
official_body_g1_camera_seed11,TRAIN,p100090,p100090_a005401_000015,44.54378301264885,113.18515850592489,19.54279614140727,73.79464261760117,0.8759765625,0.37469895185233426,0.9034354288487236
official_body_g1_camera_seed11,TRAIN,p100092,p100092_a001307_000004,25.38395273438601,108.07098902008805,26.030062479428004,98.12008580834916,0.763671875,1.002533905083439,-3.6472321596951502
official_body_g1_camera_seed11,TRAIN,p100092,p100092_a001307_000014,24.905081261974075,82.90853490606507,24.72743472918006,83.18503268329202,0.798828125,0.9965176649626244,0.6256541012191406
official_body_g1_camera_seed11,TRAIN,p100092,p100092_a001307_000024,20.192273580192776,66.32729688948875,19.69892218616915,66.34642474181786,0.89501953125,1.8279139036067455,6.076260599626231
official_body_g1_camera_seed11,TRAIN,p100092,p100092_a001307_000034,21.65906749628263,69.9779893070879,20.751894368917917,70.19012875436594,0.86767578125,-0.2951387395214944,2.386346958260418
official_body_g1_camera_seed11,TRAIN,p100092,p100092_a001307_000044,20.046423052867134,65.55464906172762,20.279718610653234,62.530892709569244,0.89501953125,0.45228672367055367,1.182182582590606
official_body_g1_camera_seed11,TRAIN,p100092,p100092_a001307_000054,24.440933640637162,94.99981841287682,26.434355647609785,93.02103082220479,0.732421875,1.881904021258574,-0.1290047578657152
official_body_g1_camera_seed11,TRAIN,p100092,p100092_a001307_000064,28.393695641217306,122.45547112384874,30.032926960910487,112.54231254947145,0.69921875,0.24588886098182883,-0.8667332624961119
official_body_g1_camera_seed11,TRAIN,p100092,p100092_a001307_000074,25.768397054741456,118.72305337223219,26.71867136715924,109.69857981885166,0.72998046875,0.31073068618685795,-0.43896094488087556
official_body_g1_camera_seed23,VAL,p001194,p001194_a000062_000005,10.31388714553185,46.562005790558196,10.275525981772722,46.34658866133779,0.9599609375,0.27087548928485816,-3.7311924831495276
official_body_g1_camera_seed23,VAL,p001194,p001194_a000062_000017,13.187057334706115,56.685815202817004,10.05750611953217,47.2288956993685,0.95703125,0.22195563398992313,-2.360889374643449
official_body_g1_camera_seed23,VAL,p001194,p001194_a000062_000029,18.58042702971983,61.55258992730399,11.411872701841398,44.32841833140665,0.96484375,2.2183661581195704,5.180273987752486
official_body_g1_camera_seed23,VAL,p001194,p001194_a000062_000041,13.528572371010943,64.9000421690296,12.707362126572367,61.69779802006265,0.9189453125,1.856721134847085,7.691806417707532
official_body_g1_camera_seed23,VAL,p001194,p001194_a000062_000053,20.55112330911343,62.371005844037164,12.642509690392682,45.51766301934496,0.96240234375,1.4155755101923546,7.2537035261158636
official_body_g1_camera_seed23,VAL,p001194,p001194_a000062_000065,11.492270564391868,51.73426539597645,8.545195999009433,43.01097440778962,0.96044921875,0.38096940981651706,-0.4265404294221895
official_body_g1_camera_seed23,VAL,p001194,p001194_a000062_000077,12.780374395194158,41.74113223544338,12.119049201907691,41.906798193797414,0.97265625,0.24566649893729853,-5.123578714695945
official_body_g1_camera_seed23,VAL,p001194,p001194_a000062_000089,10.464349889422698,45.97798834777165,10.06777221868781,42.039297015182825,0.962890625,-0.09546852907621606,-2.744296367197137
official_body_g1_camera_seed23,VAL,p001194,p001194_a000986_000010,14.94908881764127,61.29773878813422,9.758054524363727,49.84206377029921,0.95068359375,-0.16961022330385056,-0.6013938637960479
official_body_g1_camera_seed23,VAL,p001194,p001194_a000986_000036,27.604514700752517,57.83110295695998,14.620441406915644,35.775208598551586,0.9794921875,6.215550593675049,-10.393686937262224
official_body_g1_camera_seed23,VAL,p001194,p001194_a000986_000062,21.66651729891483,54.08903852292488,11.260294203021061,47.72971551416002,0.955078125,0.43152948893046883,-0.012559010346571142
official_body_g1_camera_seed23,VAL,p001194,p001194_a000986_000088,18.793825110190152,43.61941149796963,8.501538299156302,24.211838828809025,0.9970703125,0.6500550044121436,-1.9395311599216463
official_body_g1_camera_seed23,VAL,p001194,p001194_a000986_000114,10.012663359749848,34.987783448957515,9.415901757322821,33.26664967923904,0.97705078125,-0.07937983432436724,-0.3965539357441088
official_body_g1_camera_seed23,VAL,p001194,p001194_a000986_000140,9.254827340399025,45.71045672027717,9.262671583758756,44.47634518731505,0.95947265625,-1.3789096001694823,-3.110793556089078
official_body_g1_camera_seed23,VAL,p001194,p001194_a000986_000166,9.726706736417253,37.19395093780185,9.575946704763393,36.69660902081792,0.990234375,-0.1551789733772786,-1.4430822279035667
official_body_g1_camera_seed23,VAL,p001194,p001194_a000986_000192,8.1464116270445,30.548842285320415,7.805780393131763,29.80586958326659,1.0,0.059078707630611405,1.068774322388375
official_body_g1_camera_seed23,TRAIN,p001195,p001195_a000053_000006,86.24769209669438,132.97206525727552,12.172916418792909,52.30763145676328,0.9443359375,-161.1679155634655,-161.14229277636474
official_body_g1_camera_seed23,TRAIN,p001195,p001195_a000053_000021,88.46366857952843,128.11178629096693,11.891690905125685,45.5794624216958,0.96044921875,-156.85324279876625,-161.05133782641164
official_body_g1_camera_seed23,TRAIN,p001195,p001195_a000053_000037,75.21302737246447,134.33733839613595,13.808651375414588,66.14468881172708,0.89013671875,-204.39738212538475,-216.3918114328331
official_body_g1_camera_seed23,TRAIN,p001195,p001195_a000053_000052,51.27676645520205,99.14120089534642,11.071402693190976,38.812833460925276,0.98486328125,-203.89329366465876,-224.50084663965265
official_body_g1_camera_seed23,TRAIN,p001195,p001195_a000053_000068,84.30668610987097,136.94462478017482,12.479985450550089,46.856384423469954,0.9619140625,-202.1738206431078,-225.26375723063452
official_body_g1_camera_seed23,TRAIN,p001195,p001195_a000053_000083,89.0513812138347,127.05359681491855,13.946524907034483,39.45246452351093,0.98095703125,-169.93445100849453,-183.18262811366063
official_body_g1_camera_seed23,TRAIN,p001195,p001195_a000053_000099,60.7490093842399,96.8447994225263,11.482218526638064,38.545818033703455,0.98388671875,-2.3132689208958404,0.24198641190050552
official_body_g1_camera_seed23,TRAIN,p001195,p001195_a000053_000114,97.7369523224944,125.82104329831286,11.410728248518968,35.42512657817928,0.98779296875,-164.83559138051442,-171.5341158140841
official_body_g1_camera_seed23,TRAIN,p001195,p001195_a000986_000011,63.99139620177701,107.82921518141353,10.825029143621967,45.91796552903803,0.9580078125,-171.88768198317618,-170.1387749369577
official_body_g1_camera_seed23,TRAIN,p001195,p001195_a000986_000039,57.13458969142938,87.85265898754388,9.491531842529957,38.52827085215862,0.9794921875,-0.7303212155078569,-2.0266527681915463
official_body_g1_camera_seed23,TRAIN,p001195,p001195_a000986_000068,44.58482533797729,99.32552461461037,13.233960999948277,97.68997464172193,0.89404296875,-4.882220931293805,-33.662057640511165
official_body_g1_camera_seed23,TRAIN,p001195,p001195_a000986_000096,96.86095235986039,131.3238819724878,14.401818856823686,46.30606547686898,0.96142578125,-149.68262665102793,-149.95668077793337
official_body_g1_camera_seed23,TRAIN,p001195,p001195_a000986_000125,57.50326660046655,100.92029082043598,13.835424650288182,57.51936111238998,0.9296875,-2.7677573043146637,-5.8402778406280405
official_body_g1_camera_seed23,TRAIN,p001195,p001195_a000986_000153,63.17279278619627,107.17471394564625,12.109043851323145,66.42511699244925,0.92724609375,-6.322499115192654,-15.369712307478892
official_body_g1_camera_seed23,TRAIN,p001195,p001195_a000986_000182,97.6920117443546,135.07134676474905,14.272726598792143,53.4724096625074,0.9404296875,-146.76507252197058,-149.54917175521453
official_body_g1_camera_seed23,TRAIN,p001195,p001195_a000986_000210,57.14830604931227,105.85019636224237,12.00713358245819,49.39533835638341,0.95361328125,-156.86579817706095,-155.51943424390888
official_body_g1_camera_seed23,VAL,p001196,p001196_a000388_000011,26.680426105798297,73.02129965195864,14.939265727054865,45.515240270069704,0.978515625,0.5324754961264553,3.0237064383775163
official_body_g1_camera_seed23,VAL,p001196,p001196_a000388_000040,33.84775918238858,85.96824012951183,28.166848936975036,72.63788200766986,0.7861328125,14.021847074026608,33.08675206551164
official_body_g1_camera_seed23,VAL,p001196,p001196_a000388_000069,21.229380519897404,52.91913430172344,13.501264635410212,40.55956436839894,0.98193359375,3.0262547287129227,0.7102260024755012
official_body_g1_camera_seed23,VAL,p001196,p001196_a000388_000098,22.004036263502186,52.79512081706206,13.42900018841518,38.89869787665596,0.9814453125,1.5623948590956083,-1.5356876896859362
official_body_g1_camera_seed23,VAL,p001196,p001196_a000388_000127,24.19503440629937,59.46965313217388,15.67047563058621,48.99261680946814,0.95361328125,3.2971705635529016,0.3490916407006637
official_body_g1_camera_seed23,VAL,p001196,p001196_a000388_000156,24.091455033603395,81.5300423371754,18.76440361330841,66.08360389407983,0.8759765625,4.323903139573055,4.599733290590976
official_body_g1_camera_seed23,VAL,p001196,p001196_a000388_000185,26.536803889290724,66.92810987300295,13.507202480906663,51.99654565380211,0.94580078125,0.49815848752763614,-1.1740883223208343
official_body_g1_camera_seed23,VAL,p001196,p001196_a000388_000214,23.071168141878896,49.64079623515359,16.000155550801765,43.3924580099416,0.96875,1.7733508847168071,-3.4550304432173107
official_body_g1_camera_seed23,TRAIN,p001197,p001197_a000062_000005,15.607828739889449,46.703616109887726,12.652710591418682,48.58943299743794,0.95361328125,2.458137969061216,-6.208875241956463
official_body_g1_camera_seed23,TRAIN,p001197,p001197_a000062_000016,16.382719958502076,44.264877145051265,12.55640544503053,42.2508616868741,0.9619140625,2.359679433176895,-5.667634735753104
official_body_g1_camera_seed23,TRAIN,p001197,p001197_a000062_000028,17.767825736176974,51.270930226733704,16.372856349905092,51.496847182825846,0.94287109375,2.146273623961097,0.14967063752288823
official_body_g1_camera_seed23,TRAIN,p001197,p001197_a000062_000040,34.78690603641645,76.92508297739658,17.22185942247805,74.55252542243515,0.8310546875,-0.1708840747923439,2.6995265087688267
official_body_g1_camera_seed23,TRAIN,p001197,p001197_a000062_000052,30.117734511973204,129.45342934553636,15.162480706573202,126.91897540791489,0.861328125,1.4164246270479666,3.770689556317791
official_body_g1_camera_seed23,TRAIN,p001197,p001197_a000062_000064,32.85088681413349,88.10200173569876,18.598485381681794,81.55267467360481,0.8427734375,-2.750267187993071,-3.271555282802268
official_body_g1_camera_seed23,TRAIN,p001197,p001197_a000062_000076,28.073023795625637,74.99885097952742,19.516247881311777,64.37176885774267,0.87158203125,1.9415468800972349,2.554363904130021
official_body_g1_camera_seed23,TRAIN,p001197,p001197_a000062_000087,14.997902714355796,50.866181050007825,13.822275270288078,52.74719504368658,0.94482421875,1.4939695321305564,-5.749246338126632
official_body_g1_camera_seed23,TRAIN,p001197,p001197_a001238_000003,15.048973362407768,85.70039311258466,10.567783762047394,81.3670542114375,0.912109375,-6.352997988595696,-14.291021539411489
official_body_g1_camera_seed23,TRAIN,p001197,p001197_a001238_000010,14.360280782916442,97.79250618216433,10.530411619515847,88.24516522003407,0.9169921875,-5.767981759007915,-16.521005707487788
official_body_g1_camera_seed23,TRAIN,p001197,p001197_a001238_000018,12.365160304456992,85.89961366555387,9.760533823573477,81.61319251349374,0.9267578125,-6.784917864168049,-8.772756916353885
official_body_g1_camera_seed23,TRAIN,p001197,p001197_a001238_000025,13.044787185056265,97.36696883652264,9.961047048713418,87.46691974003978,0.91796875,-6.157161109413508,-19.860212054707887
official_body_g1_camera_seed23,TRAIN,p001197,p001197_a001238_000033,17.43738283953122,117.66610081437506,10.517356705995468,108.83362003129504,0.9052734375,-5.138642994287718,-21.245798615492063
official_body_g1_camera_seed23,TRAIN,p001197,p001197_a001238_000040,16.192398439572393,96.8120854259765,9.39545501407628,87.01619257662158,0.91064453125,-5.119279630466364,-10.295474877899153
official_body_g1_camera_seed23,TRAIN,p001197,p001197_a001238_000048,12.258347228862029,97.87988582619697,9.676662244523147,93.11698872132555,0.9091796875,-6.18168138219427,-11.57257137169914
official_body_g1_camera_seed23,TRAIN,p001197,p001197_a001238_000055,12.321219379806621,115.79184081820388,9.653338610071692,108.91386992729662,0.90478515625,-6.637681474688687,-15.027931041397594
official_body_g1_camera_seed23,VAL,p001199,p001199_a001398_000001,23.246793866648595,61.24001274815711,11.442477058684673,51.05502481204892,0.947265625,-0.7141125582895462,7.889708500598545
official_body_g1_camera_seed23,VAL,p001199,p001199_a001398_000004,23.662147797957445,61.69204114169615,11.732354998213944,50.61649896219941,0.94775390625,-0.675393271527021,11.131879473745109
official_body_g1_camera_seed23,VAL,p001199,p001199_a001398_000008,23.34047053033885,61.79973633600287,11.436433717531308,51.987004548672914,0.94287109375,0.05553914813363647,8.089756374252744
official_body_g1_camera_seed23,VAL,p001199,p001199_a001398_000011,24.452781192791576,63.13553169312132,11.480968149258011,49.60560397354933,0.95166015625,-0.07262673135189601,7.628364557487053
official_body_g1_camera_seed23,VAL,p001199,p001199_a001398_000014,26.253105813681813,61.71273892949104,12.133689970725435,51.684774471177604,0.943359375,0.9190421772884374,10.131323925171003
official_body_g1_camera_seed23,VAL,p001199,p001199_a001398_000017,26.193994548200926,60.993260558524284,12.83605124428589,49.995952431455144,0.94970703125,2.0230115967977333,7.902770959111471
official_body_g1_camera_seed23,VAL,p001199,p001199_a001398_000021,24.201278317746556,57.7666458213708,12.062729661418235,49.65090137047708,0.95166015625,0.43767890719479396,7.93318415047802
official_body_g1_camera_seed23,VAL,p001199,p001199_a001398_000024,24.442739936450973,62.186711861693965,12.248483016921977,50.68541103443753,0.94580078125,0.6718105199460851,8.113938915097648
official_body_g1_camera_seed23,VAL,p001201,p001201_a005135_000002,16.86894209929568,44.59213799893549,9.795085039543785,37.373079588314546,0.9873046875,-0.6174416627334569,2.1681940788276606
official_body_g1_camera_seed23,VAL,p001201,p001201_a005135_000007,16.438489913372315,47.9750971339351,9.816621096557725,32.08999109671997,0.994140625,-0.4227170769448705,0.8715122167591183
official_body_g1_camera_seed23,VAL,p001201,p001201_a005135_000011,14.865723981858137,47.01020535800113,9.520489534525021,43.15198235325445,0.95654296875,-0.8640437239158913,1.7777538141420521
official_body_g1_camera_seed23,VAL,p001201,p001201_a005135_000016,15.037955348852815,38.94862112488097,9.469654514942757,35.331347784771225,0.9921875,-0.685737282584757,2.254904233318186
official_body_g1_camera_seed23,VAL,p001201,p001201_a005135_000021,14.503757864490247,39.22062777192769,9.398216155475929,35.748337209059855,0.99267578125,-0.5433517745320842,2.1207649400308313
official_body_g1_camera_seed23,VAL,p001201,p001201_a005135_000026,22.324315333840346,56.68284830467498,10.765863302661852,35.71868838290654,0.99169921875,-0.19203671158352087,0.6661670795622427
official_body_g1_camera_seed23,VAL,p001201,p001201_a005135_000030,19.623353710614484,53.46692507889477,10.261446685358834,38.37618332740664,0.984375,-0.16570116294416337,0.9248071014209174
official_body_g1_camera_seed23,VAL,p001201,p001201_a005135_000035,20.101145711179214,53.31219562423463,9.985830968171001,33.57196297459307,0.99267578125,-1.094552784930972,0.6574161614472516
official_body_g1_camera_seed23,TRAIN,p001202,p001202_a001230_000002,48.847913909031135,111.70013212893019,28.903515287436687,80.96379519002018,0.7919921875,10.442413143963197,9.910211509386414
official_body_g1_camera_seed23,TRAIN,p001202,p001202_a001230_000009,50.214519605935955,110.52769138263771,32.428519120534375,82.78184298379556,0.77685546875,14.147564236073919,14.842875068273187
official_body_g1_camera_seed23,TRAIN,p001202,p001202_a001230_000015,49.22892183106178,113.9968253594372,32.39369485906259,87.45606738800754,0.76025390625,14.551299331923857,18.993950135428634
official_body_g1_camera_seed23,TRAIN,p001202,p001202_a001230_000021,50.96641188516095,113.04366996313662,34.25674372635504,84.58188118387136,0.7373046875,15.262752913965883,16.26512387902872
official_body_g1_camera_seed23,TRAIN,p001202,p001202_a001230_000028,49.00336406433996,109.27962048438216,33.010540831254296,83.29824507738748,0.7353515625,13.175087334271808,18.108977510926124
official_body_g1_camera_seed23,TRAIN,p001202,p001202_a001230_000034,51.283899814817666,111.76096995870222,33.32165595733406,82.90347452904244,0.7412109375,13.927593379155297,17.307211628461175
official_body_g1_camera_seed23,TRAIN,p001202,p001202_a001230_000040,50.60761182522138,110.11081823307049,31.403388391255344,80.69499457372655,0.75830078125,13.2491918247864,15.697799633054686
official_body_g1_camera_seed23,TRAIN,p001202,p001202_a001230_000047,50.07875462748301,119.85076572921469,33.75195599773487,85.76328807238808,0.736328125,14.03177136461964,18.438097548230203
official_body_g1_camera_seed23,TRAIN,p001202,p001202_a005135_000001,10.706170636383646,39.10513584532537,8.964346056537668,38.15231931414272,0.98974609375,-0.38820772494820943,-0.16993413422380854
official_body_g1_camera_seed23,TRAIN,p001202,p001202_a005135_000005,9.665802573041795,35.86094498893727,9.224562156243955,37.570033502060575,0.98876953125,0.31032310163097065,-0.9425964753039793
official_body_g1_camera_seed23,TRAIN,p001202,p001202_a005135_000008,14.232495810836024,39.07016040111422,9.01856244411668,36.76921404619224,0.9921875,-0.5565475963984383,-0.9673418692087878
official_body_g1_camera_seed23,TRAIN,p001202,p001202_a005135_000012,14.2049102216201,39.00609676725099,9.770959270891556,37.3432217620944,0.99267578125,-0.26740127538568004,-0.01383948806027746
official_body_g1_camera_seed23,TRAIN,p001202,p001202_a005135_000015,12.549793386175724,36.52006364651376,9.46258712205822,38.13222395098769,0.986328125,-0.3204970021962765,-1.244449042465284
official_body_g1_camera_seed23,TRAIN,p001202,p001202_a005135_000019,13.313387228364387,37.50639729440435,9.40552217578809,36.09471494878024,0.98828125,0.12802629255318365,-0.5837585726599812
official_body_g1_camera_seed23,TRAIN,p001202,p001202_a005135_000022,12.193870590493326,40.14145710167238,9.06202336334389,39.57939512763625,0.9833984375,-0.0829902746272424,-0.5494794644616903
official_body_g1_camera_seed23,TRAIN,p001202,p001202_a005135_000026,9.282408987173874,35.97768031896051,8.844092180696993,37.532591883663386,0.994140625,-0.36234058373013767,-0.7255559198288708
official_body_g1_camera_seed23,TRAIN,p001203,p001203_a000032_000003,16.24615076616937,44.994331970281046,14.445719335227533,48.4505801000768,0.95556640625,-1.663820706080692,3.128839812032062
official_body_g1_camera_seed23,TRAIN,p001203,p001203_a000032_000009,15.943940951788768,45.76326890125692,14.174759004688852,47.95982547442471,0.955078125,-3.1635183616649307,3.741715282709464
official_body_g1_camera_seed23,TRAIN,p001203,p001203_a000032_000016,16.73223043641175,47.10758236324306,15.231211912198344,50.24303811637245,0.947265625,-1.558457735959223,5.346116555447203
official_body_g1_camera_seed23,TRAIN,p001203,p001203_a000032_000022,17.530985577234826,46.18481814025639,15.49555981584305,51.51835767598935,0.94384765625,-2.536895326966464,5.259434538433879
official_body_g1_camera_seed23,TRAIN,p001203,p001203_a000032_000029,16.561262221567404,44.45909729594077,15.691872398773878,48.78996203755133,0.955078125,-2.0500153015720706,5.423034685937516
official_body_g1_camera_seed23,TRAIN,p001203,p001203_a000032_000035,16.44232672580008,47.03845286880539,15.525490119752995,50.32131347450124,0.94677734375,-0.656746383044549,4.862715404403517
official_body_g1_camera_seed23,TRAIN,p001203,p001203_a000032_000042,14.941445079938397,47.356918932488526,15.096305488819986,48.24356144313956,0.9580078125,-0.45383485122155065,5.09678397207211
official_body_g1_camera_seed23,TRAIN,p001203,p001203_a000032_000048,17.50389046130518,50.240516969347375,15.472991823500719,47.73804507027457,0.95654296875,-1.471861732233025,4.056751755337039
official_body_g1_camera_seed23,TRAIN,p001204,p001204_a003011_000001,25.37360156813638,69.60613680381708,15.501327141612553,52.06764207720368,0.93994140625,3.1442829458783272,6.5291162371727935
official_body_g1_camera_seed23,TRAIN,p001204,p001204_a003011_000003,24.91063528814375,70.78061776319626,14.84379553544521,50.725670248349346,0.94677734375,2.6678973831272668,5.515314134553115
official_body_g1_camera_seed23,TRAIN,p001204,p001204_a003011_000006,27.798499724880415,75.19634621546528,16.76176009745814,55.82329815857791,0.93017578125,3.590312286977735,8.946407775609146
official_body_g1_camera_seed23,TRAIN,p001204,p001204_a003011_000008,28.999822948806674,76.04112606912193,16.229235830525568,53.01137549123671,0.93701171875,3.313586118055568,6.929613290754858
official_body_g1_camera_seed23,TRAIN,p001204,p001204_a003011_000010,28.46984304649119,78.47501599711552,16.866847162512453,56.57741896114639,0.93359375,3.8573892049657132,7.852601594472503
official_body_g1_camera_seed23,TRAIN,p001204,p001204_a003011_000012,26.01867796405593,72.37261356699538,15.989268667736303,53.339092698205675,0.93994140625,3.2084634668865153,6.681295313257053
official_body_g1_camera_seed23,TRAIN,p001204,p001204_a003011_000015,24.825534696751447,70.96090999387468,15.020277606089692,51.4365608780357,0.94775390625,3.2473079351844945,7.1993913836398065
official_body_g1_camera_seed23,TRAIN,p001204,p001204_a003011_000017,26.357582609829592,70.96345407224429,16.473216481479366,53.47792769824121,0.943359375,4.53991802972147,6.454252966930547
official_body_g1_camera_seed23,TRAIN,p001210,p001210_a001226_000002,72.28306129937388,260.79302209768326,49.11704764391314,237.52702837134936,0.5087890625,0.23056681734644258,3.4960594552504745
official_body_g1_camera_seed23,TRAIN,p001210,p001210_a001226_000006,69.0342127437539,245.9015901876078,48.79781914329681,217.08816414140318,0.51025390625,-0.4067993294443255,1.8298725721155051
official_body_g1_camera_seed23,TRAIN,p001210,p001210_a001226_000010,63.081651119831136,251.13885665555244,50.77295958817447,236.1956999039488,0.49609375,0.04035283098320974,1.2485604816838247
official_body_g1_camera_seed23,TRAIN,p001210,p001210_a001226_000014,60.08708140733857,242.3138738011744,50.13273571465898,226.11190367151346,0.49853515625,-1.8238874628099495,-0.7012967767032308
official_body_g1_camera_seed23,TRAIN,p001210,p001210_a001226_000018,76.8694415001936,260.8372124437714,50.950406897645905,229.03097762004847,0.48974609375,0.9633705517604199,2.9654554982855643
official_body_g1_camera_seed23,TRAIN,p001210,p001210_a001226_000022,69.57175652676705,282.2915431873684,48.57176954826254,249.93535947135393,0.50830078125,-0.10352182840732382,4.925710258320663
official_body_g1_camera_seed23,TRAIN,p001210,p001210_a001226_000026,66.5136641792696,253.53704795059684,49.48986271788836,228.9074728978565,0.5068359375,0.7587520515148185,3.5093609386069033
official_body_g1_camera_seed23,TRAIN,p001210,p001210_a001226_000030,80.78608610761131,252.84937997252104,49.24559731638912,216.03782804736642,0.50634765625,0.03919773445336716,5.437793297935002
official_body_g1_camera_seed23,TRAIN,p001216,p001216_a001423_000001,18.667682285818344,61.839361245338665,16.945679328360498,58.55961208459386,0.91357421875,-0.40296443984072283,-6.270499202772136
official_body_g1_camera_seed23,TRAIN,p001216,p001216_a001423_000004,16.347216444956086,62.0973577229585,15.62873737500718,59.82480225057294,0.91064453125,-0.9637983232464968,-7.086733712069297
official_body_g1_camera_seed23,TRAIN,p001216,p001216_a001423_000007,16.52992647425281,65.11001584039349,15.876913666583594,59.61547929879584,0.91162109375,0.8651387305617924,-8.86285299922023
official_body_g1_camera_seed23,TRAIN,p001216,p001216_a001423_000010,19.30253923726646,61.1836012466483,18.89612836196323,58.23148286284638,0.91552734375,1.0569231772878922,-7.570759874520007
official_body_g1_camera_seed23,TRAIN,p001216,p001216_a001423_000013,18.819994566999217,66.99942831704138,17.00794151307072,63.146607763127406,0.896484375,-0.5251318494063284,-6.174305951029652
official_body_g1_camera_seed23,TRAIN,p001216,p001216_a001423_000016,19.219975521823493,64.19102807184674,16.624674863886526,59.495469349207774,0.9111328125,-1.2239680824693622,-8.180099159127614
official_body_g1_camera_seed23,TRAIN,p001216,p001216_a001423_000019,17.645998170046944,65.15479826012233,16.569203224404745,59.91199178668353,0.9140625,-1.3738944332475427,-7.623465768899379
official_body_g1_camera_seed23,TRAIN,p001216,p001216_a001423_000022,18.58518285095674,60.982861023424476,17.159908428879675,57.80642404795621,0.9111328125,-1.545571958026624,-6.923960823613598
official_body_g1_camera_seed23,TRAIN,p001225,p001225_a005341_000001,45.85368313612986,102.42017636577476,15.136905244720504,50.770122514296744,0.947265625,-0.8824619894786228,-1.7195286810463415
official_body_g1_camera_seed23,TRAIN,p001225,p001225_a005341_000005,42.62786387012388,100.44950725222847,15.178440847919234,50.30836207188734,0.9482421875,-1.143143822373915,-2.572724043804982
official_body_g1_camera_seed23,TRAIN,p001225,p001225_a005341_000009,48.09172143298427,111.00486553726377,15.38137429092522,54.38380147454389,0.9345703125,-1.0427431793803095,-2.699156393613954
official_body_g1_camera_seed23,TRAIN,p001225,p001225_a005341_000013,43.787111070107436,101.09244399927813,15.209166141926566,52.90945715778185,0.93798828125,-2.0645766699230776,-0.9742962274012328
official_body_g1_camera_seed23,TRAIN,p001225,p001225_a005341_000016,42.504420546127186,98.6326412752148,15.063343840677252,52.30251117277327,0.94189453125,-1.3306946065273344,1.3416194521651335
official_body_g1_camera_seed23,TRAIN,p001225,p001225_a005341_000020,49.67899180851509,108.61630920952969,15.943496303892069,53.499859572873966,0.9365234375,-1.3240840066993798,-2.374877438175659
official_body_g1_camera_seed23,TRAIN,p001225,p001225_a005341_000024,43.10740924300144,108.92710446845598,16.42850342769661,55.392785589525495,0.92626953125,-0.4994637793847616,-2.0357856697596333
official_body_g1_camera_seed23,TRAIN,p001225,p001225_a005341_000028,41.60981515894111,100.85688567207258,16.038458271683453,54.52464680833215,0.9375,-1.4219312937721078,-3.1284819352837587
official_body_g1_camera_seed23,TRAIN,p001226,p001226_a000223_000006,10.874399085872529,39.43355951011488,11.167940238988237,39.85570340785682,0.9814453125,-1.2564092357966405,1.124595837417317
official_body_g1_camera_seed23,TRAIN,p001226,p001226_a000223_000021,10.595459513440447,40.2192117201317,10.955790130147179,40.61187969408333,0.986328125,-1.0224298802737302,1.2213832722639353
official_body_g1_camera_seed23,TRAIN,p001226,p001226_a000223_000036,15.146597464619239,40.29401573797096,12.245954993873866,40.11142141645597,0.98291015625,1.1509904594103126,-0.738494711649949
official_body_g1_camera_seed23,TRAIN,p001226,p001226_a000223_000051,12.63322392558925,34.89671877529129,11.66398907634851,35.593989228477966,0.99267578125,-0.0020254383607465343,-0.13023776850155855
official_body_g1_camera_seed23,TRAIN,p001226,p001226_a000223_000066,15.851789468532125,37.655227074169304,12.192862869981901,36.66286717108479,0.98876953125,-0.9482412800088476,-0.10082897019483994
official_body_g1_camera_seed23,TRAIN,p001226,p001226_a000223_000081,11.554863262841256,39.20753587435624,11.130358434026318,38.24332866533015,0.9912109375,0.3438819372226618,0.3962481681393939
official_body_g1_camera_seed23,TRAIN,p001226,p001226_a000223_000096,13.703709660122037,38.240037017329364,10.94749272462126,38.128217735553044,0.98779296875,-1.587926718705102,-0.8083362573532114
official_body_g1_camera_seed23,TRAIN,p001226,p001226_a000223_000111,15.824995427830915,41.37243604725353,12.092537249179841,37.85358097701902,0.9873046875,-0.600687275539574,0.009353563785310826
official_body_g1_camera_seed23,TRAIN,p001231,p001231_a000029_000001,42.15128989430008,132.50958644696598,26.722257511847438,110.79737210924128,0.7958984375,7.076409053835633,5.953847481024155
official_body_g1_camera_seed23,TRAIN,p001231,p001231_a000029_000003,43.53694125708503,136.11242578769333,27.678482996443325,111.75004307648338,0.7685546875,8.341533240765944,10.924635485249311
official_body_g1_camera_seed23,TRAIN,p001231,p001231_a000029_000005,45.82043325960802,135.5432593840479,30.628255124112574,116.32704193508587,0.73583984375,11.117915088650186,9.761891265886348
official_body_g1_camera_seed23,TRAIN,p001231,p001231_a000029_000007,41.303563372445424,126.20948398168805,26.79575753186658,103.33878104724205,0.78515625,7.737407484667468,7.630591730161868
official_body_g1_camera_seed23,TRAIN,p001231,p001231_a000029_000008,46.49972929007468,133.97246244350578,29.9629933416349,111.15908972111963,0.73779296875,10.06470261811041,2.653118251342306
official_body_g1_camera_seed23,TRAIN,p001231,p001231_a000029_000010,42.47161778935822,136.02721628742987,26.925541932819137,110.43641084179187,0.79443359375,7.718116715905374,7.637035255805216
official_body_g1_camera_seed23,TRAIN,p001231,p001231_a000029_000012,44.25185492280792,136.63339284022248,27.47057839007563,117.53934454406716,0.79638671875,8.300341534610467,7.491473574471982
official_body_g1_camera_seed23,TRAIN,p001231,p001231_a000029_000014,43.07585216974532,127.8186359655868,27.174051456971046,102.1160007773757,0.80712890625,7.70264715104998,7.200409190710573
official_body_g1_camera_seed23,TRAIN,p001231,p001231_a000075_000003,27.731201023753826,66.52631626575288,16.49143481080923,49.2424288997497,0.95166015625,4.118922411517584,-1.6529516023656612
official_body_g1_camera_seed23,TRAIN,p001231,p001231_a000075_000012,25.653337698928134,60.97934401969505,15.322781524621469,45.51442281552707,0.96240234375,3.08536618949268,-4.270681971482453
official_body_g1_camera_seed23,TRAIN,p001231,p001231_a000075_000020,23.789285539590587,59.64888062817084,13.446710349143904,43.11369292213114,0.97021484375,1.8470688023708313,-2.1643473840706307
official_body_g1_camera_seed23,TRAIN,p001231,p001231_a000075_000029,33.2670430851382,76.38400782615044,21.189460741614624,58.338255293484984,0.9189453125,5.769769716407211,-2.8325055728859425
official_body_g1_camera_seed23,TRAIN,p001231,p001231_a000075_000037,35.58775687125224,77.98199414193435,21.029929154852134,56.32673343225134,0.92626953125,5.334246629400742,-4.662170522945665
official_body_g1_camera_seed23,TRAIN,p001231,p001231_a000075_000046,30.417507350506902,74.88712061542391,15.222467532463746,48.50928894427416,0.95703125,2.639414347653087,1.0080787730543577
official_body_g1_camera_seed23,TRAIN,p001231,p001231_a000075_000054,26.723426719479875,65.97102405230159,12.888702079027258,50.562371695074155,0.94921875,2.3762562944645502,0.6338942514802568
official_body_g1_camera_seed23,TRAIN,p001231,p001231_a000075_000063,28.737726813038492,74.2701638784622,13.169716484530234,53.93090075634179,0.9404296875,2.764645524643953,-0.7662169529794127
official_body_g1_camera_seed23,TRAIN,p001231,p001231_a000214_000004,34.089419469748655,87.23416962092777,21.42289669192838,61.75902131804646,0.8759765625,-11.922622639524711,-24.74914300624102
official_body_g1_camera_seed23,TRAIN,p001231,p001231_a000214_000016,29.535228932506758,78.81517395078917,19.12764632963964,54.457335375966025,0.91650390625,-10.009298256821541,-22.58126473854739
official_body_g1_camera_seed23,TRAIN,p001231,p001231_a000214_000027,38.50270562629263,104.86785057168214,26.03905231093941,85.96029734624514,0.76416015625,-14.722075615561579,-28.420444561298453
official_body_g1_camera_seed23,TRAIN,p001231,p001231_a000214_000038,26.978928054831464,82.80470350533605,18.531158695044084,74.17327548918523,0.84619140625,1.0332300911226362,-6.380786760934086
official_body_g1_camera_seed23,TRAIN,p001231,p001231_a000214_000049,22.683272354950635,67.77414953109728,15.643248437999898,61.00269749442279,0.89013671875,0.1191613906375828,-4.443747833897618
official_body_g1_camera_seed23,TRAIN,p001231,p001231_a000214_000060,24.458880486249022,64.44358664055427,21.10033235441835,58.70849229246945,0.89892578125,1.812835164454711,-8.00230198399992
official_body_g1_camera_seed23,TRAIN,p001231,p001231_a000214_000071,32.24283292747836,78.88950930101245,21.818708126158498,56.39249889363771,0.90478515625,-11.828068032229389,-26.969234831786963
official_body_g1_camera_seed23,TRAIN,p001231,p001231_a000214_000083,37.00192193279267,86.89044890057887,25.661257102718842,64.1755504468275,0.83203125,-16.01062170264398,-35.35168731204655
official_body_g1_camera_seed23,TRAIN,p100067,p100067_a005746_000002,55.979905241538006,124.68807211297822,11.71239108021193,87.85908652713499,0.89794921875,-0.5680825024705207,5.563599768925684
official_body_g1_camera_seed23,TRAIN,p100067,p100067_a005746_000008,58.9222902283002,122.99121162522663,11.584290132054086,97.07331508010341,0.8984375,-0.1647682765705447,3.5154359326311493
official_body_g1_camera_seed23,TRAIN,p100067,p100067_a005746_000014,52.71927300693599,123.57982532811965,12.29476419384103,98.1041810886714,0.90771484375,0.45334477482582436,8.926169727697982
official_body_g1_camera_seed23,TRAIN,p100067,p100067_a005746_000020,58.55804240530445,123.50615000209983,12.665503963631354,88.73977504044109,0.90625,0.9093720845817668,3.714884971468294
official_body_g1_camera_seed23,TRAIN,p100067,p100067_a005746_000026,47.57391705146563,115.35155950994044,12.358294874317066,90.26861417017771,0.900390625,0.4662201761737439,3.7046612674666335
official_body_g1_camera_seed23,TRAIN,p100067,p100067_a005746_000032,57.860030761691604,127.61304522428173,12.811514503490638,103.34553436809783,0.89501953125,0.687080009301468,6.934623101694413
official_body_g1_camera_seed23,TRAIN,p100067,p100067_a005746_000038,49.461196984329895,123.50619287228811,12.80498726968456,97.47782380269514,0.89990234375,0.46974893448661703,4.644118661901629
official_body_g1_camera_seed23,TRAIN,p100067,p100067_a005746_000044,47.5656588634654,126.44783798228839,13.247613669850185,86.63202490838927,0.8916015625,0.6383615442903636,5.586937566122415
official_body_g1_camera_seed23,TRAIN,p100069,p100069_a005191_000006,11.183625163824061,37.45449196788088,8.917524017584697,37.929572413527104,0.97802734375,0.07171632370775072,0.174978875593105
official_body_g1_camera_seed23,TRAIN,p100069,p100069_a005191_000021,13.104098623253064,38.87465194083942,8.531664979377979,38.662226375401865,0.97998046875,0.0013521180042612713,-0.8012623657583191
official_body_g1_camera_seed23,TRAIN,p100069,p100069_a005191_000037,23.079146891673982,49.4642238386231,8.91506486401716,37.43234915956919,0.98095703125,-0.5425495593213885,-0.15588699320278465
official_body_g1_camera_seed23,TRAIN,p100069,p100069_a005191_000052,14.005787209540467,42.01190735226092,9.87327330430632,42.32553846957359,0.9658203125,-1.7664579931652113,1.300443000422291
official_body_g1_camera_seed23,TRAIN,p100069,p100069_a005191_000068,9.592338948354218,42.10906127920425,9.685908834182076,41.51321706105221,0.96728515625,-0.5574302777862954,-1.8799430987161756
official_body_g1_camera_seed23,TRAIN,p100069,p100069_a005191_000083,22.79718049441874,47.4043358994423,8.861179785906128,41.89314728088368,0.96875,-0.47516713876222383,-0.47095197336172134
official_body_g1_camera_seed23,TRAIN,p100069,p100069_a005191_000099,20.908086756118628,50.51601542801806,9.801426364358694,42.73631628468932,0.9677734375,-0.054349875016049154,-0.21965101080803606
official_body_g1_camera_seed23,TRAIN,p100069,p100069_a005191_000114,12.066331813356243,49.794718318513226,12.371402262343615,49.56336263796173,0.951171875,-1.0729963784985213,-2.5940478786052097
official_body_g1_camera_seed23,TRAIN,p100069,p100069_a005746_000002,18.182222890612458,99.30485554307077,13.91247367763599,90.07929658450753,0.86181640625,1.1988456907266567,1.6507507101015193
official_body_g1_camera_seed23,TRAIN,p100069,p100069_a005746_000008,21.940993072399703,95.38123613917219,12.760178989075692,84.7982358168075,0.8984375,0.9437340196405657,5.645074526069621
official_body_g1_camera_seed23,TRAIN,p100069,p100069_a005746_000014,16.745889148105647,98.68309102529898,13.617223198962837,89.5364987133914,0.88330078125,1.0152090257037116,-0.9672233239047756
official_body_g1_camera_seed23,TRAIN,p100069,p100069_a005746_000020,14.209175051986687,91.37421140927525,12.843375468300387,84.61872116297636,0.8955078125,0.7872639812163342,-0.20888231347855424
official_body_g1_camera_seed23,TRAIN,p100069,p100069_a005746_000027,15.216543165932592,93.88794608296205,13.414574797497739,85.076906604359,0.88525390625,1.0357353147453647,-2.0699310626403786
official_body_g1_camera_seed23,TRAIN,p100069,p100069_a005746_000033,22.06836958871137,101.24905479905638,13.044243275583732,83.66870902306128,0.8857421875,1.0259702555604342,-3.033110094790146
official_body_g1_camera_seed23,TRAIN,p100069,p100069_a005746_000039,20.927646097940695,101.92668628195953,12.624174075787312,84.92431987540658,0.8935546875,0.8284779210532953,-0.8487170233195087
official_body_g1_camera_seed23,TRAIN,p100069,p100069_a005746_000045,20.64523241575485,105.48530468838341,13.022025561749,95.63802072723867,0.88427734375,0.7064867898446323,3.2792945780213643
official_body_g1_camera_seed23,TRAIN,p100072,p100072_a001242_000006,30.82200464707989,71.88503966380328,13.063911237463234,47.022654220105046,0.9599609375,0.4678564775713596,1.8960464446663394
official_body_g1_camera_seed23,TRAIN,p100072,p100072_a001242_000020,33.9481184800054,74.44420963664987,12.719807367276129,48.41232978085189,0.95654296875,0.5238787842018375,3.291970284773825
official_body_g1_camera_seed23,TRAIN,p100072,p100072_a001242_000034,37.59835512545218,111.70202087730165,18.01390953473662,52.53282940697175,0.94189453125,2.743024525047316,4.908886561702992
official_body_g1_camera_seed23,TRAIN,p100072,p100072_a001242_000048,50.352285712928705,136.99012630288206,22.596558894079948,129.08354004360186,0.75732421875,-0.34344345265096266,-9.39785228706171
official_body_g1_camera_seed23,TRAIN,p100072,p100072_a001242_000063,46.190137219881265,115.56118788550224,20.254598808404346,92.24098180562774,0.8125,-2.0526078885390717,-10.990166037036204
official_body_g1_camera_seed23,TRAIN,p100072,p100072_a001242_000077,40.743364273717425,114.10124429947581,20.30690285653802,57.63989146707297,0.91455078125,3.8428561929210794,10.107982599607425
official_body_g1_camera_seed23,TRAIN,p100072,p100072_a001242_000091,23.74854892794435,64.43141968653337,13.474622038594717,48.677712615882484,0.95263671875,1.0176198949849784,-0.11022750837072692
official_body_g1_camera_seed23,TRAIN,p100072,p100072_a001242_000105,32.536760525577726,86.83113898871036,13.83578025181551,47.57028587786572,0.9609375,2.2826739802434304,1.8817691149903908
official_body_g1_camera_seed23,TRAIN,p100085,p100085_a000042_000001,26.914120581664182,77.03782819414549,18.476257985310095,58.25694625162573,0.92333984375,5.557369234383048,7.17117570196212
official_body_g1_camera_seed23,TRAIN,p100085,p100085_a000042_000002,26.65770565792122,81.7440582567051,18.65773814017104,58.46136602768095,0.91796875,5.569122228018859,5.366444786245147
official_body_g1_camera_seed23,TRAIN,p100085,p100085_a000042_000004,28.391761445838483,80.01555874878976,18.351872561905573,60.10066597771461,0.9140625,5.025291375159544,6.463397953565789
official_body_g1_camera_seed23,TRAIN,p100085,p100085_a000042_000006,26.09317491190518,78.23586368425674,17.45552364841761,58.34847792752009,0.92138671875,4.6787822166721025,6.257706478116056
official_body_g1_camera_seed23,TRAIN,p100085,p100085_a000042_000008,27.925731037163562,77.24020386998936,18.19837306757164,57.46014054989192,0.92724609375,5.927584867309763,5.642918847017093
official_body_g1_camera_seed23,TRAIN,p100085,p100085_a000042_000010,26.860562030187214,81.69125071199143,18.629286861678008,59.32708647982586,0.919921875,6.410691621924,6.704350225199391
official_body_g1_camera_seed23,TRAIN,p100085,p100085_a000042_000012,25.270187753010497,75.17634319096238,18.272419292949593,59.09944467717758,0.92822265625,6.493933462911215,6.8561809807313665
official_body_g1_camera_seed23,TRAIN,p100085,p100085_a000042_000013,27.75056982824308,78.26936689906786,20.210641158320342,61.853677714997964,0.916015625,7.41609707590543,9.271044542628978
official_body_g1_camera_seed23,TRAIN,p100086,p100086_a001415_000003,13.126502851861776,45.012779072321635,10.92497631908557,38.48445360624146,0.97900390625,-0.39745041439945084,-1.531184253054228
official_body_g1_camera_seed23,TRAIN,p100086,p100086_a001415_000010,17.20063928327042,51.04753769021046,12.739987292629124,40.47150919416554,0.97900390625,0.598322850197988,-0.4597814328210177
official_body_g1_camera_seed23,TRAIN,p100086,p100086_a001415_000017,14.882987991345178,49.411152294376215,11.10353716846026,38.80307305831175,0.98095703125,-0.42907838774907603,-1.9256684638962582
official_body_g1_camera_seed23,TRAIN,p100086,p100086_a001415_000024,14.005343093799212,46.68157634815328,10.931848507364155,38.91753931785682,0.9765625,-0.5102550308491978,-1.3704664771709432
official_body_g1_camera_seed23,TRAIN,p100086,p100086_a001415_000032,16.455724397141157,50.837894934987595,11.257604224754756,38.035566015694705,0.978515625,-0.2621457359327213,-1.1896032682647473
official_body_g1_camera_seed23,TRAIN,p100086,p100086_a001415_000039,15.901755615091394,52.98095272670871,11.00023899415372,40.00326401749881,0.978515625,-0.45735406420127056,-1.5610085095631092
official_body_g1_camera_seed23,TRAIN,p100086,p100086_a001415_000046,18.160144805725636,53.60498671611206,11.300528732877192,41.59270017929721,0.97802734375,-0.11246971706445841,-1.3766985471282354
official_body_g1_camera_seed23,TRAIN,p100086,p100086_a001415_000053,18.25566160841779,53.51600024893655,12.081849802646897,40.42284420284783,0.974609375,0.7344310432933785,-1.183251081201881
official_body_g1_camera_seed23,TRAIN,p100089,p100089_a005814_000004,25.624748514749694,73.43255684698462,25.121882154924272,74.59645675443414,0.86328125,-7.704351546941716,-21.17387917404953
official_body_g1_camera_seed23,TRAIN,p100089,p100089_a005814_000014,28.134239727659757,80.16595659971918,26.295483547019703,78.76603030442357,0.82373046875,-9.721889854274647,-28.061763532131096
official_body_g1_camera_seed23,TRAIN,p100089,p100089_a005814_000024,26.87408413738626,74.45092259424372,26.292936166148554,72.28419826513922,0.845703125,-3.027301652958755,-20.493180700030237
official_body_g1_camera_seed23,TRAIN,p100089,p100089_a005814_000034,24.79430803910872,75.67825410131962,25.491942394025113,73.91531313595439,0.8466796875,-6.097201227305479,-21.1762875911665
official_body_g1_camera_seed23,TRAIN,p100089,p100089_a005814_000043,38.714886884487285,97.46924190058004,26.74206453048439,75.64843300588487,0.82568359375,-3.114879869606778,-18.926108918423736
official_body_g1_camera_seed23,TRAIN,p100089,p100089_a005814_000053,35.80323984803811,99.7379762473093,28.092982650331738,77.33395064805474,0.81396484375,-1.860389478560851,-13.246296437788061
official_body_g1_camera_seed23,TRAIN,p100089,p100089_a005814_000063,26.636985017761717,80.42426024652191,26.913596470125135,75.10072880285198,0.8486328125,-2.9114253362245677,-12.95892001547601
official_body_g1_camera_seed23,TRAIN,p100089,p100089_a005814_000073,42.6767091566784,107.62697233695488,27.341100437436438,77.16327410871263,0.81201171875,-2.164760452577788,-13.67325236594742
official_body_g1_camera_seed23,TRAIN,p100090,p100090_a005401_000001,19.73385619304134,72.42215384970415,18.420433573518924,71.23460831012078,0.87744140625,-0.7167308353310311,-3.038135713391057
official_body_g1_camera_seed23,TRAIN,p100090,p100090_a005401_000003,25.001579754066118,84.31730099048526,17.915121508201757,80.04500550155964,0.8779296875,-1.0210917198995801,-4.155740549238743
official_body_g1_camera_seed23,TRAIN,p100090,p100090_a005401_000005,25.788194242604398,85.07447374409178,19.117712866943965,74.08397573438899,0.86376953125,-0.868119246130238,-3.6863343503167982
official_body_g1_camera_seed23,TRAIN,p100090,p100090_a005401_000007,22.391817849145994,80.98961813698774,19.13803600885106,80.03196464208808,0.8720703125,-0.5945020956139331,-2.081944415896288
official_body_g1_camera_seed23,TRAIN,p100090,p100090_a005401_000009,21.857806992424415,82.87890352958985,19.98507802025277,76.02374319354509,0.861328125,0.4120565345763225,-1.5589527127432632
official_body_g1_camera_seed23,TRAIN,p100090,p100090_a005401_000011,21.052057579098243,67.67076068926028,17.514533825752025,66.33085379008722,0.89501953125,-1.5942512971579248,-1.4559835667300831
official_body_g1_camera_seed23,TRAIN,p100090,p100090_a005401_000013,24.26038353176426,78.87746023919189,19.093071638595852,74.60538476388614,0.8935546875,-0.45937051609823243,-6.405910640870474
official_body_g1_camera_seed23,TRAIN,p100090,p100090_a005401_000015,20.237932035899497,73.55176902740965,18.383219833132053,69.42421314812874,0.88623046875,-0.7848773564228821,-3.466994040623703
official_body_g1_camera_seed23,TRAIN,p100092,p100092_a001307_000004,31.457330814379034,147.38701896868812,25.94010882235471,106.01465374126701,0.703125,0.9125802480101441,4.2473357732227015
official_body_g1_camera_seed23,TRAIN,p100092,p100092_a001307_000014,28.207915025381133,124.55335029849097,25.131249365000663,95.59347271140274,0.7392578125,1.4003323007832265,13.034094129329858
official_body_g1_camera_seed23,TRAIN,p100092,p100092_a001307_000024,23.856955899603882,93.53228184659214,20.26561772265879,76.69191493060723,0.8623046875,2.394609440096385,16.4217507884156
official_body_g1_camera_seed23,TRAIN,p100092,p100092_a001307_000034,27.126994847447286,92.78420576642236,21.473130514112857,76.9546363750041,0.84130859375,0.42609740567344545,9.150854578898574
official_body_g1_camera_seed23,TRAIN,p100092,p100092_a001307_000044,24.209386483418903,89.99315487061195,20.66860497170766,65.29028784181054,0.87158203125,0.8411730847249785,3.941577714831901
official_body_g1_camera_seed23,TRAIN,p100092,p100092_a001307_000054,30.420627418236833,119.79296095160161,28.07899606781472,107.94441194090712,0.68994140625,3.5265444414635105,14.794376360836608
official_body_g1_camera_seed23,TRAIN,p100092,p100092_a001307_000064,36.0001686019792,153.55207112999028,32.009251627259076,129.0724465848449,0.64208984375,2.2222135273304175,15.663400772877338
official_body_g1_camera_seed23,TRAIN,p100092,p100092_a001307_000074,28.754347450974752,149.25245026373304,27.078137069940695,119.32250131591069,0.69287109375,0.6701963889683142,9.184960552178154
official_body_g1_camera_seed37,VAL,p001194,p001194_a000062_000005,17.44899662285604,45.32128882205854,12.069235925454379,42.31346825665838,0.96875,2.064585432966515,-7.764312887828936
official_body_g1_camera_seed37,VAL,p001194,p001194_a000062_000017,10.402121528445985,47.260351893103284,9.623768382071557,49.541761166118114,0.95068359375,-0.21178210347069104,-0.04802390789383537
official_body_g1_camera_seed37,VAL,p001194,p001194_a000062_000029,17.98592999964525,50.62288055648584,8.555282396061918,38.32569608199092,0.97705078125,-0.6382241476599102,-0.8224482616632471
official_body_g1_camera_seed37,VAL,p001194,p001194_a000062_000041,17.305308316712868,59.81410726635071,12.578261655089872,58.34000445933326,0.93212890625,1.7276206633645899,4.334012856978141
official_body_g1_camera_seed37,VAL,p001194,p001194_a000062_000053,19.260087943373495,49.82496811331463,13.309471791791307,41.31102106553008,0.97998046875,2.082537611590979,3.047061572300983
official_body_g1_camera_seed37,VAL,p001194,p001194_a000062_000065,10.109974691579287,39.4734392448708,7.962578005163865,42.18673871613173,0.9658203125,-0.2016485840290514,-1.2507761210800794
official_body_g1_camera_seed37,VAL,p001194,p001194_a000062_000077,14.942047453663744,46.695908597586566,13.02660711171184,44.47714418977872,0.9658203125,1.1532244087414476,-2.5532327187146393
official_body_g1_camera_seed37,VAL,p001194,p001194_a000062_000089,11.471260958221155,44.44070041854696,10.583305356903825,46.43777314193975,0.96044921875,0.42006460913979815,1.6541797595597885
official_body_g1_camera_seed37,VAL,p001194,p001194_a000986_000010,20.928859559703355,44.55253220552314,10.33926722769327,47.05443993007278,0.95849609375,0.41160248002569233,-3.3890177040224785
official_body_g1_camera_seed37,VAL,p001194,p001194_a000986_000036,24.672812968268296,50.862265819028735,10.401921783135126,41.92249502749865,0.9609375,1.9970309698945314,-4.246400508315162
official_body_g1_camera_seed37,VAL,p001194,p001194_a000986_000062,16.789174767831824,48.93206071806302,9.139413330905759,44.755848993105744,0.95556640625,-1.6893513831848335,-2.9864255314008474
official_body_g1_camera_seed37,VAL,p001194,p001194_a000986_000088,9.554946594527383,22.47498996895067,8.925838193373178,22.173508952152808,0.9970703125,1.0743548986290197,-3.9778610365778633
official_body_g1_camera_seed37,VAL,p001194,p001194_a000986_000114,21.385245949552136,50.56833092809612,9.919989707656566,39.12555990489344,0.9775390625,0.4247081160093771,5.462356289910296
official_body_g1_camera_seed37,VAL,p001194,p001194_a000986_000140,38.541955772689846,72.73732857458816,14.97850731883483,53.64798048064405,0.94384765625,4.336926134906591,6.060841737239926
official_body_g1_camera_seed37,VAL,p001194,p001194_a000986_000166,12.973710415033107,37.59292244477172,10.400935074019289,37.60860579194811,0.98388671875,0.6698093958786178,-0.5310854567733756
official_body_g1_camera_seed37,VAL,p001194,p001194_a000986_000192,10.980540018744545,30.067020466162138,7.78930888988082,27.29052327150276,1.0,0.04260720437966814,-1.4465719893754532
official_body_g1_camera_seed37,TRAIN,p001195,p001195_a000053_000006,68.9712080827405,117.55632083144839,11.605966011164654,54.76448865382129,0.935546875,-161.73486597109377,-158.68543557930673
official_body_g1_camera_seed37,TRAIN,p001195,p001195_a000053_000021,69.54785304454408,111.87834763833412,11.572257529619002,47.25713342571656,0.95556640625,-157.1726761742729,-159.37366682239087
official_body_g1_camera_seed37,TRAIN,p001195,p001195_a000053_000037,67.66957443577832,124.20599974970199,15.17332317129862,67.97669780339587,0.8896484375,-203.03271032950073,-214.5598024411643
official_body_g1_camera_seed37,TRAIN,p001195,p001195_a000053_000052,64.65924832353562,108.17827758785685,10.30525369378265,38.79045669350733,0.984375,-204.6594426640671,-224.5232234070706
official_body_g1_camera_seed37,TRAIN,p001195,p001195_a000053_000068,69.04274329725776,115.7233217963022,10.851593976918856,45.62767661214809,0.96630859375,-203.80221211673904,-226.4924650419564
official_body_g1_camera_seed37,TRAIN,p001195,p001195_a000053_000083,74.1656136945274,113.63524292656932,12.389397165404006,40.96738979459093,0.97705078125,-171.491578750125,-181.66770284258064
official_body_g1_camera_seed37,TRAIN,p001195,p001195_a000053_000099,36.909825500033,70.8757206455748,11.547361274679588,38.80547394167589,0.9833984375,-2.2481261728543167,0.5016423198729427
official_body_g1_camera_seed37,TRAIN,p001195,p001195_a000053_000114,73.79653574470416,102.14815402564763,11.12000857597532,36.07263319577954,0.99072265625,-165.1263110530581,-170.88660919648385
official_body_g1_camera_seed37,TRAIN,p001195,p001195_a000986_000011,55.95016623652487,99.79648630844065,11.093247727475749,46.833555779392434,0.955078125,-171.6194633993224,-169.22318468660328
official_body_g1_camera_seed37,TRAIN,p001195,p001195_a000986_000039,24.790581730717243,55.761123569033515,9.712404765085182,38.42332509470424,0.9794921875,-0.5094482929526318,-2.131598525645927
official_body_g1_camera_seed37,TRAIN,p001195,p001195_a000986_000068,50.31668023365784,102.78250759070129,14.588733344803359,91.61894485518334,0.89453125,-3.527448586438723,-39.73308742704975
official_body_g1_camera_seed37,TRAIN,p001195,p001195_a000986_000096,77.67094841147636,110.67565058521811,12.185996070361956,45.61374085945824,0.96533203125,-151.89844943748966,-150.64900539534412
official_body_g1_camera_seed37,TRAIN,p001195,p001195_a000986_000125,23.374327226480062,70.54984188912974,13.184793560125284,52.05752756707206,0.94482421875,-3.418388394477562,-11.302111385945963
official_body_g1_camera_seed37,TRAIN,p001195,p001195_a000986_000153,65.98189729836952,109.45784164790571,11.725269952944254,64.26785638213134,0.9267578125,-6.706273013571545,-17.526972917796797
official_body_g1_camera_seed37,TRAIN,p001195,p001195_a000986_000182,61.50658856217082,99.59966087810375,11.752015576088752,52.040809947409095,0.94140625,-149.28578354467396,-150.98077147031285
official_body_g1_camera_seed37,TRAIN,p001195,p001195_a000986_000210,51.77977972543331,98.74364149880975,12.039347117486837,50.99842579080375,0.9482421875,-156.8335846420323,-153.91634680948852
official_body_g1_camera_seed37,VAL,p001196,p001196_a000388_000011,26.463053117643184,73.46410700392634,14.682100863200048,44.42253428461382,0.9755859375,0.27531063227163877,1.93100045292163
official_body_g1_camera_seed37,VAL,p001196,p001196_a000388_000040,35.47912872515522,93.73294615230783,31.644912788387934,83.84799795754721,0.73974609375,17.499910925439508,44.29686801538899
official_body_g1_camera_seed37,VAL,p001196,p001196_a000388_000069,27.74325039233961,64.5768090708931,10.733247613615351,39.254408970052715,0.9833984375,0.25823770691806125,-0.5949293958707216
official_body_g1_camera_seed37,VAL,p001196,p001196_a000388_000098,25.965804534278856,63.44458697848563,13.27368280356321,39.377788253706335,0.97900390625,1.4070774742436374,-1.0565973126355601
official_body_g1_camera_seed37,VAL,p001196,p001196_a000388_000127,21.519657913527986,57.11339568674409,13.803700532851815,47.51676968659526,0.9541015625,1.4303954658185063,-1.1267554821722143
official_body_g1_camera_seed37,VAL,p001196,p001196_a000388_000156,28.98254292883813,86.52668744846602,21.778375552007983,70.69644022282779,0.83837890625,7.337875078272628,9.212569619338936
official_body_g1_camera_seed37,VAL,p001196,p001196_a000388_000185,20.87140852881102,62.26892943981314,12.870594803748357,54.33786586679514,0.93994140625,-0.13844918963066988,1.1672318906721983
official_body_g1_camera_seed37,VAL,p001196,p001196_a000388_000214,17.09869696658894,46.517558317227724,14.020979534286713,47.427016164923856,0.95654296875,-0.20582513179824424,0.5795277117649462
official_body_g1_camera_seed37,TRAIN,p001197,p001197_a000062_000005,17.27415801118386,46.99927806365122,11.600450953680449,47.166163714730935,0.95703125,1.4058783313229828,-7.632144524663467
official_body_g1_camera_seed37,TRAIN,p001197,p001197_a000062_000016,11.102494595560703,43.12444769117248,9.73633475787511,45.283751461751805,0.95458984375,-0.4603912539785249,-2.634744960875402
official_body_g1_camera_seed37,TRAIN,p001197,p001197_a000062_000028,14.127408357247502,46.96513823846571,14.452335209495814,47.011630631654846,0.95703125,0.22575248355181898,-4.335545913648112
official_body_g1_camera_seed37,TRAIN,p001197,p001197_a000062_000040,35.15572894904099,74.56095765370466,16.759926249415187,70.02270031256053,0.85400390625,-0.6328172478552077,-1.8302986011057953
official_body_g1_camera_seed37,TRAIN,p001197,p001197_a000062_000052,54.6428732461855,140.97502045349955,18.143429287401226,131.26254769840048,0.85546875,4.39737320787599,8.114261846803387
official_body_g1_camera_seed37,TRAIN,p001197,p001197_a000062_000064,57.29561187482429,116.27791018932862,22.530944863328198,84.24872276262957,0.84521484375,1.1821922936533333,-0.5755071937775114
official_body_g1_camera_seed37,TRAIN,p001197,p001197_a000062_000076,18.470669939274146,57.75140410419847,15.453236697169093,62.77576480918959,0.89892578125,-2.1214643040454497,0.9583598555769441
official_body_g1_camera_seed37,TRAIN,p001197,p001197_a000062_000087,13.769718792230007,54.35855745556366,11.7372463135581,54.36047273661339,0.93896484375,-0.5910594245994218,-4.135968645199824
official_body_g1_camera_seed37,TRAIN,p001197,p001197_a001238_000003,21.900135685280446,89.01848168150794,12.748696426064068,72.85924114120218,0.92041015625,-4.172085324579022,-22.798834609646818
official_body_g1_camera_seed37,TRAIN,p001197,p001197_a001238_000010,22.329537337222124,76.3754084362045,12.050794152649168,82.42893874107614,0.92333984375,-4.247599225874595,-22.337232186445718
official_body_g1_camera_seed37,TRAIN,p001197,p001197_a001238_000018,17.558218192259957,67.28594580192939,11.982382634052309,74.32411219826294,0.93359375,-4.563069053689217,-16.06183723158469
official_body_g1_camera_seed37,TRAIN,p001197,p001197_a001238_000025,18.66730507674879,81.40852722338097,13.123832515866408,82.4365964970693,0.92333984375,-2.9943756422605183,-24.89053529767837
official_body_g1_camera_seed37,TRAIN,p001197,p001197_a001238_000033,22.641758103258475,94.65270796552436,12.375242390142024,105.54848512120347,0.91064453125,-3.280757310141162,-24.530933525583634
official_body_g1_camera_seed37,TRAIN,p001197,p001197_a001238_000040,16.903787845820908,76.43567453318275,11.735826004249848,82.49329238305917,0.92333984375,-2.778908640292796,-14.81837507146156
official_body_g1_camera_seed37,TRAIN,p001197,p001197_a001238_000048,22.3761639773751,87.07875534462312,11.677835895041522,88.24997825956638,0.91357421875,-4.180507731675895,-16.43958183345832
official_body_g1_camera_seed37,TRAIN,p001197,p001197_a001238_000055,22.966587597698435,90.05166313337828,12.250914888826127,104.4128571439036,0.91015625,-4.040105195934252,-19.528943824790616
official_body_g1_camera_seed37,VAL,p001199,p001199_a001398_000001,31.647291858166998,80.97588640410528,23.81672805422653,69.04644725892771,0.82080078125,11.66013843725231,25.881130947477338
official_body_g1_camera_seed37,VAL,p001199,p001199_a001398_000004,32.5377822584661,77.98827943921614,24.55896657624516,67.126212603287,0.837890625,12.151218306504196,27.641593114832702
official_body_g1_camera_seed37,VAL,p001199,p001199_a001398_000008,30.497382593348085,80.13760746285489,24.908058242008877,72.73835129678666,0.8095703125,13.527163672611206,28.84110312236649
official_body_g1_camera_seed37,VAL,p001199,p001199_a001398_000011,34.50277189222207,82.00759874066564,25.561678454040674,70.52409581772864,0.796875,14.008083573430767,28.54685640166636
official_body_g1_camera_seed37,VAL,p001199,p001199_a001398_000014,32.038678460537604,77.3512203780259,24.973193464093683,68.95588956206163,0.8232421875,13.758545670656686,27.402439016055027
official_body_g1_camera_seed37,VAL,p001199,p001199_a001398_000017,31.261598214010185,76.41834726272815,25.013047237191206,66.66036586808599,0.81298828125,14.200007589703048,24.567184395742316
official_body_g1_camera_seed37,VAL,p001199,p001199_a001398_000021,30.405859046666606,74.43166200426491,23.540673097330252,65.58945350908984,0.833984375,11.915622343106811,23.871736289090776
official_body_g1_camera_seed37,VAL,p001199,p001199_a001398_000024,32.5319207276997,79.70753335395729,25.724021501377067,70.49485819634947,0.80322265625,14.147349004401175,27.92338607700959
official_body_g1_camera_seed37,VAL,p001201,p001201_a005135_000002,19.102780442662464,43.11175329204228,10.047001905693621,37.6072851290352,0.98046875,-0.365524796583621,2.402399619548312
official_body_g1_camera_seed37,VAL,p001201,p001201_a005135_000007,8.849291599137256,31.544028505876184,9.448623751142065,33.9918048793472,0.99169921875,-0.79071442236053,2.7733259993863477
official_body_g1_camera_seed37,VAL,p001201,p001201_a005135_000011,21.362790144629287,52.71078345389073,9.538885531764649,43.37070261936432,0.95556640625,-0.8456477266762636,1.9964740802519216
official_body_g1_camera_seed37,VAL,p001201,p001201_a005135_000016,22.498864868818192,45.55193457142441,9.450665996905297,34.94777931032072,0.98974609375,-0.7047258006222172,1.87133575886768
official_body_g1_camera_seed37,VAL,p001201,p001201_a005135_000021,9.710522649897678,33.14087597035541,9.2680557373296,36.415766246371916,0.98974609375,-0.6735121926784124,2.7881939773428925
official_body_g1_camera_seed37,VAL,p001201,p001201_a005135_000026,9.721605388133247,36.179328026786344,9.196371544808931,38.6451802170307,0.98583984375,-1.761528469436442,3.5926589136863996
official_body_g1_camera_seed37,VAL,p001201,p001201_a005135_000030,22.17525020315193,46.37036106365637,9.548394408830003,39.206668210966,0.98291015625,-0.8787534394729946,1.7552919849802748
official_body_g1_camera_seed37,VAL,p001201,p001201_a005135_000035,10.90561144295004,31.69063065140473,9.464246534738965,36.10322928427293,0.9873046875,-1.6161372183630078,3.188682471127109
official_body_g1_camera_seed37,TRAIN,p001202,p001202_a001230_000002,63.45285627499161,143.93538146942447,41.93159441373298,104.03387997381041,0.59375,23.47049227025949,32.98029629317665
official_body_g1_camera_seed37,TRAIN,p001202,p001202_a001230_000009,66.11530447106094,142.66938073367533,41.508745664679864,101.81078528697337,0.60498046875,23.227790780219408,33.871817371451
official_body_g1_camera_seed37,TRAIN,p001202,p001202_a001230_000015,59.74058301426781,141.77515736847113,40.60335516138717,106.36333753076102,0.59765625,22.760959634248437,37.90122027818211
official_body_g1_camera_seed37,TRAIN,p001202,p001202_a001230_000021,62.254691814155606,143.47482173053885,41.53806062934625,104.38342648148226,0.59130859375,22.54406981695709,36.06666917663962
official_body_g1_camera_seed37,TRAIN,p001202,p001202_a001230_000028,62.73808239736502,142.52277894466238,39.66653482100251,100.88364059173148,0.60791015625,19.83108132402002,35.694373025270124
official_body_g1_camera_seed37,TRAIN,p001202,p001202_a001230_000034,64.88392002947398,144.7679661356384,40.27040184034258,100.91529842432175,0.59814453125,20.876339262163818,35.31903552374048
official_body_g1_camera_seed37,TRAIN,p001202,p001202_a001230_000040,67.9878286605356,148.0891962012635,40.31131121033501,101.92980794307441,0.6103515625,22.15711464386607,36.93261300240255
official_body_g1_camera_seed37,TRAIN,p001202,p001202_a001230_000047,56.55076160558105,136.7567607262379,37.66734974581913,101.9126232246411,0.623046875,17.947165112703903,34.58743270048322
official_body_g1_camera_seed37,TRAIN,p001202,p001202_a005135_000001,24.027106568302365,52.22898608756245,9.968289570473924,39.14230831935164,0.98974609375,0.6157357889880473,0.8200548709851105
official_body_g1_camera_seed37,TRAIN,p001202,p001202_a005135_000005,19.834539784130897,45.561181607532454,10.039379745862547,37.934352562157606,0.9912109375,1.1251406912495625,-0.5782774152069479
official_body_g1_camera_seed37,TRAIN,p001202,p001202_a005135_000008,28.000216014598692,55.06241652535517,11.061737570114813,37.37326660669349,0.98876953125,1.4866275295996942,-0.36328930870753595
official_body_g1_camera_seed37,TRAIN,p001202,p001202_a005135_000012,27.945559142807184,54.27639747813775,11.519979366091006,37.67445571164473,0.9892578125,1.4816188198137699,0.31739446149005346
official_body_g1_camera_seed37,TRAIN,p001202,p001202_a005135_000015,16.99433001045518,43.8140986494184,9.87192032220765,38.70384215018152,0.99072265625,0.08883619795315312,-0.6728308432714485
official_body_g1_camera_seed37,TRAIN,p001202,p001202_a005135_000019,25.774413845778867,51.910946525694044,10.67049238888354,37.017233647955955,0.98681640625,1.3929965056486342,0.33876012651573006
official_body_g1_camera_seed37,TRAIN,p001202,p001202_a005135_000022,24.9080670480637,52.215644375798995,10.192793842841894,40.04248731693758,0.984375,1.0477802048707616,-0.08638727516036226
official_body_g1_camera_seed37,TRAIN,p001202,p001202_a005135_000026,21.15944413372977,44.03039386837699,9.844250044619187,37.704586968544945,0.994140625,0.6378172801920563,-0.5535608349473122
official_body_g1_camera_seed37,TRAIN,p001203,p001203_a000032_000003,17.23060014929792,45.602872513022085,14.179463316852086,49.64554765463971,0.951171875,-1.9300767244561392,4.32380736659497
official_body_g1_camera_seed37,TRAIN,p001203,p001203_a000032_000009,16.030479508860495,45.11653628244777,13.339656307077746,49.00131971639515,0.9541015625,-3.9986210592760365,4.783209524679904
official_body_g1_camera_seed37,TRAIN,p001203,p001203_a000032_000016,16.570433285568512,46.17589900718527,14.582975111454758,51.98113787585346,0.94140625,-2.206694536702809,7.084216314928213
official_body_g1_camera_seed37,TRAIN,p001203,p001203_a000032_000022,15.669157847414157,50.72696346626192,14.26694208502651,53.633065954254874,0.93359375,-3.7655130577830036,7.374142816699404
official_body_g1_camera_seed37,TRAIN,p001203,p001203_a000032_000029,15.991449478368118,48.29901496487843,15.810951794137964,51.06947136229573,0.947265625,-1.930935906207985,7.702544010681919
official_body_g1_camera_seed37,TRAIN,p001203,p001203_a000032_000035,18.28334344586905,45.09939373664109,15.345754946513914,50.083162305012664,0.94970703125,-0.8364815562836299,4.624564234914942
official_body_g1_camera_seed37,TRAIN,p001203,p001203_a000032_000042,15.888385577034004,47.75021153745339,14.884698897017955,49.98535933042152,0.94970703125,-0.6654414430235818,6.838581859354065
official_body_g1_camera_seed37,TRAIN,p001203,p001203_a000032_000048,18.545948012096645,46.228994757733794,15.166603915734658,48.309003873838314,0.9599609375,-1.7782496399990855,4.62771055890078
official_body_g1_camera_seed37,TRAIN,p001204,p001204_a003011_000001,13.191982257609748,49.277598333414346,13.084673160751679,48.33920578876118,0.9560546875,0.7276289650174537,2.8006799487302914
official_body_g1_camera_seed37,TRAIN,p001204,p001204_a003011_000003,21.327772680685165,60.91725546800392,14.203546521961812,49.97704108592311,0.94970703125,2.0276483696438685,4.766684972126882
official_body_g1_camera_seed37,TRAIN,p001204,p001204_a003011_000006,17.695166167744485,57.32962453485943,14.432310134465254,51.955982026219395,0.9443359375,1.260862323984849,5.079091643250628
official_body_g1_camera_seed37,TRAIN,p001204,p001204_a003011_000008,17.298849844135905,55.95981217840765,13.973558316874197,50.63886153476228,0.947265625,1.0579086044041972,4.557099334280423
official_body_g1_camera_seed37,TRAIN,p001204,p001204_a003011_000010,17.323849136568196,59.74357817228671,14.652425679419684,55.10225322237088,0.931640625,1.6429677218729442,6.377435855696987
official_body_g1_camera_seed37,TRAIN,p001204,p001204_a003011_000012,16.628180375643375,56.4107095704814,13.770979758914027,51.69325062658205,0.94287109375,0.9901745580642398,5.035453241633427
official_body_g1_camera_seed37,TRAIN,p001204,p001204_a003011_000015,16.07398773897246,54.705110779097225,14.086727306787349,50.75701612114622,0.947265625,2.313757635882151,6.519846626750329
official_body_g1_camera_seed37,TRAIN,p001204,p001204_a003011_000017,14.933952362046309,54.39379820783275,13.454110195921285,51.71484353517507,0.943359375,1.5208117441633888,4.691168803864407
official_body_g1_camera_seed37,TRAIN,p001210,p001210_a001226_000002,71.20604533819093,259.781012490712,48.962364058457744,237.65706877843556,0.5078125,0.07588323189104784,3.626099862336673
official_body_g1_camera_seed37,TRAIN,p001210,p001210_a001226_000006,77.0681727660109,250.38613407171707,49.3025656182142,219.41154223441055,0.50390625,0.09794714547306427,4.153250665122869
official_body_g1_camera_seed37,TRAIN,p001210,p001210_a001226_000010,83.45322368224032,263.9192897443292,51.53666802571769,237.89701917061763,0.490234375,0.804061268526425,2.9498797483526573
official_body_g1_camera_seed37,TRAIN,p001210,p001210_a001226_000014,83.76245249196049,262.94124540558437,51.69347968210299,230.2224305690749,0.484375,-0.26314349536593795,3.4092301208582114
official_body_g1_camera_seed37,TRAIN,p001210,p001210_a001226_000018,78.7389443905389,262.1506942852611,50.64587724445576,228.86793458264725,0.494140625,0.6588408985702756,2.802412460884341
official_body_g1_camera_seed37,TRAIN,p001210,p001210_a001226_000022,68.19828908939962,280.7499914178606,49.381971037941206,249.47454297305967,0.50341796875,0.7066796612713446,4.464893760026399
official_body_g1_camera_seed37,TRAIN,p001210,p001210_a001226_000026,82.61231883702628,263.541540262191,49.68631525049558,230.10243981161094,0.501953125,0.9552045841220433,4.704327852361331
official_body_g1_camera_seed37,TRAIN,p001210,p001210_a001226_000030,89.30384346268454,262.7736852542875,49.049780944678375,215.00158846494668,0.5078125,-0.156618637257381,4.401553715515263
official_body_g1_camera_seed37,TRAIN,p001216,p001216_a001423_000001,25.354498347678515,88.97332617238692,17.92898987105852,60.427891036401604,0.90625,0.5803461028572983,-4.40222025096439
official_body_g1_camera_seed37,TRAIN,p001216,p001216_a001423_000004,21.73737074145198,84.55291373305467,16.26589508358125,61.48715005074277,0.9052734375,-0.3266406146724279,-5.4243859118994635
official_body_g1_camera_seed37,TRAIN,p001216,p001216_a001423_000007,24.58223395905504,90.61537212088035,16.5322423447224,60.379034214319816,0.91015625,1.520467408700597,-8.099298083696254
official_body_g1_camera_seed37,TRAIN,p001216,p001216_a001423_000010,22.60976530986791,85.22850592275314,19.21241970598291,59.52033963205267,0.9072265625,1.373214521307574,-6.281903105313717
official_body_g1_camera_seed37,TRAIN,p001216,p001216_a001423_000013,26.167002645525255,93.54533625791518,18.31334751756271,65.02564521162934,0.88720703125,0.7802741550856638,-4.295268502527719
official_body_g1_camera_seed37,TRAIN,p001216,p001216_a001423_000016,23.473148938272196,90.7800353288999,17.61050989599528,60.73929380480449,0.9052734375,-0.2381330503606094,-6.9362747035308985
official_body_g1_camera_seed37,TRAIN,p001216,p001216_a001423_000019,23.967570178205484,91.60365664838285,17.8492551978576,61.6033936070979,0.912109375,-0.0938424597946863,-5.932063948485009
official_body_g1_camera_seed37,TRAIN,p001216,p001216_a001423_000022,24.23872173356922,88.3968376373419,17.6860405711001,58.20783370043484,0.9052734375,-1.019439815806198,-6.522551171134971
official_body_g1_camera_seed37,TRAIN,p001225,p001225_a005341_000001,81.5260237935529,145.82281416272895,15.750570272584344,50.51530536427771,0.9462890625,-0.2687969616147825,-1.9743458310653779
official_body_g1_camera_seed37,TRAIN,p001225,p001225_a005341_000005,43.664071213697305,105.43404696434759,15.371415514653515,49.81986076544169,0.951171875,-0.9501691556396334,-3.0612253502506306
official_body_g1_camera_seed37,TRAIN,p001225,p001225_a005341_000009,76.82284457218009,147.67420012466584,16.411238259729274,53.369189949528206,0.93896484375,-0.012879210576254962,-3.7137679186296353
official_body_g1_camera_seed37,TRAIN,p001225,p001225_a005341_000013,69.62938552953865,133.39066120143482,15.358521338168593,52.92801792037533,0.9404296875,-1.9152214736810507,-0.9557354648077521
official_body_g1_camera_seed37,TRAIN,p001225,p001225_a005341_000016,51.66448449846705,110.66096076269447,15.060261111340324,50.18081183597103,0.94921875,-1.3337773358642622,-0.7800798846371109
official_body_g1_camera_seed37,TRAIN,p001225,p001225_a005341_000020,68.28865767792587,133.1133012676063,16.22622125848472,51.74679569084552,0.94189453125,-1.0413590521067277,-4.127941320204101
official_body_g1_camera_seed37,TRAIN,p001225,p001225_a005341_000024,66.39634342896827,139.23943240662967,16.596875681335284,56.8199777942819,0.9287109375,-0.33109152574608913,-0.6085934650032314
official_body_g1_camera_seed37,TRAIN,p001225,p001225_a005341_000028,71.52146468466698,140.95119026258484,16.496366988457513,53.74997429332941,0.93603515625,-0.9640225769980475,-3.9031544502865003
official_body_g1_camera_seed37,TRAIN,p001226,p001226_a000223_000006,21.49772440650173,51.28987407334178,12.771049312835043,38.838860373014406,0.984375,0.34669983805016535,0.10775280257490039
official_body_g1_camera_seed37,TRAIN,p001226,p001226_a000223_000021,21.1473872541299,50.705812782749625,12.385778545802843,40.01201542876648,0.982421875,0.4075585353819342,0.6215190069470893
official_body_g1_camera_seed37,TRAIN,p001226,p001226_a000223_000036,17.794932517625824,44.027033824776844,12.397431903277436,40.78252670608827,0.9814453125,1.3024673688138826,-0.06738942201764786
official_body_g1_camera_seed37,TRAIN,p001226,p001226_a000223_000051,22.542331824720932,51.65454737674064,12.199704522797635,35.54805901122706,0.98974609375,0.533690008088378,-0.17616798575246406
official_body_g1_camera_seed37,TRAIN,p001226,p001226_a000223_000066,30.195674907606218,67.97315650019598,16.213465300546957,38.89906235456312,0.986328125,3.0723611505562083,2.13536621328349
official_body_g1_camera_seed37,TRAIN,p001226,p001226_a000223_000081,14.845278866396878,40.38838647511878,11.69585388306926,37.359673481353354,0.99169921875,0.9093773862656036,-0.4874070158373982
official_body_g1_camera_seed37,TRAIN,p001226,p001226_a000223_000096,25.459390765869188,58.86463664889245,13.902769071957723,38.10879937910565,0.9873046875,1.3673496286313611,-0.8277546138006073
official_body_g1_camera_seed37,TRAIN,p001226,p001226_a000223_000111,24.24240254777237,55.79360543286321,12.975845295790421,37.921522856700925,0.98291015625,0.2826207710710058,0.0772954434672144
official_body_g1_camera_seed37,TRAIN,p001231,p001231_a000029_000001,21.143039285902336,111.67493480012978,16.71840700341795,104.17264152557041,0.83984375,-2.927441454593854,-0.6708831026467124
official_body_g1_camera_seed37,TRAIN,p001231,p001231_a000029_000003,17.85447504977588,105.43021274000237,17.463334519748607,100.8594369539448,0.82861328125,-1.8736152359287743,0.03402936271072576
official_body_g1_camera_seed37,TRAIN,p001231,p001231_a000029_000005,18.45989241206135,108.72886617178118,16.393182970492326,102.20999487640907,0.849609375,-3.117157064970062,-4.355155792790455
official_body_g1_camera_seed37,TRAIN,p001231,p001231_a000029_000007,19.684764310294412,98.53391831269664,16.739730462376677,89.20828626181316,0.8583984375,-2.318619584822436,-6.499903055267026
official_body_g1_camera_seed37,TRAIN,p001231,p001231_a000029_000008,24.31397647841105,120.19301083515822,18.02280177010661,111.51282384322512,0.8212890625,-1.8754889534178787,3.006852373447799
official_body_g1_camera_seed37,TRAIN,p001231,p001231_a000029_000010,18.538996273387205,104.32451418998949,16.682046360216187,96.83923303985586,0.85205078125,-2.525378856697575,-5.960142546130797
official_body_g1_camera_seed37,TRAIN,p001231,p001231_a000029_000012,19.824542441224445,113.43873006205,15.956823521715155,105.2673823455873,0.8505859375,-3.213413333750008,-4.780488624007887
official_body_g1_camera_seed37,TRAIN,p001231,p001231_a000029_000014,18.065376026362188,94.08585652996538,16.09986692942563,88.13419384970277,0.8701171875,-3.3715373764954357,-6.7813977369623615
official_body_g1_camera_seed37,TRAIN,p001231,p001231_a000075_000003,19.67358849497846,53.66929803094511,13.48410617563306,50.76332821032322,0.94677734375,1.1115937763414134,-0.13205229179213518
official_body_g1_camera_seed37,TRAIN,p001231,p001231_a000075_000012,23.496380343396638,57.95155552996134,14.781123895318258,47.47742502486991,0.95703125,2.5437085601894687,-2.307679762139614
official_body_g1_camera_seed37,TRAIN,p001231,p001231_a000075_000020,23.2046170023622,59.61046946478041,13.328791296476005,44.46126893602366,0.96630859375,1.7291497497029322,-0.8167713701781167
official_body_g1_camera_seed37,TRAIN,p001231,p001231_a000075_000029,24.827165346566094,70.53532605257715,17.850201733113487,64.12253037838235,0.89990234375,2.4305107079060733,2.951769512011424
official_body_g1_camera_seed37,TRAIN,p001231,p001231_a000075_000037,27.940313900094672,71.56316953177657,18.41334077224752,66.02418324912601,0.8828125,2.7176582467961268,5.035279293929008
official_body_g1_camera_seed37,TRAIN,p001231,p001231_a000075_000046,23.15879876725154,63.24214909034598,13.576217239016021,49.07981850974869,0.95263671875,0.9931640542053621,1.5786083385288876
official_body_g1_camera_seed37,TRAIN,p001231,p001231_a000075_000054,20.093995322553283,60.47280725471588,11.281634160168684,51.59500775419848,0.94384765625,0.7691883756059763,1.6665303106045783
official_body_g1_camera_seed37,TRAIN,p001231,p001231_a000075_000063,21.69381622029716,67.9645269572416,11.069442267227112,55.68358650938183,0.93359375,0.664371307340831,0.9864688000606279
official_body_g1_camera_seed37,TRAIN,p001231,p001231_a000214_000004,33.918798235773835,87.92610125724235,20.52809351497092,62.15485857556352,0.8779296875,-12.81742581648217,-24.353305748723955
official_body_g1_camera_seed37,TRAIN,p001231,p001231_a000214_000016,36.55087671794463,97.79314940357689,27.985756235348152,74.87656045843458,0.79638671875,-1.1511883511130279,-2.162039656078832
official_body_g1_camera_seed37,TRAIN,p001231,p001231_a000214_000027,40.4515010707102,110.1629119848075,28.564640815132293,92.37129512196078,0.72216796875,-12.196487111368697,-22.00944678558281
official_body_g1_camera_seed37,TRAIN,p001231,p001231_a000214_000038,28.11557363445867,89.41215692819044,17.804725738631006,80.92002304777394,0.84375,0.3067971347095586,0.36596079765462264
official_body_g1_camera_seed37,TRAIN,p001231,p001231_a000214_000049,23.379732160294402,74.91030240362409,16.38250559598237,68.16234710923752,0.869140625,0.8584185486200546,2.7159017809171075
official_body_g1_camera_seed37,TRAIN,p001231,p001231_a000214_000060,24.41537843964087,73.05649203235731,18.06172781574158,63.91860146718744,0.8759765625,-1.2257693742220575,-2.7921928092819286
official_body_g1_camera_seed37,TRAIN,p001231,p001231_a000214_000071,34.981008576964996,89.47728389743682,24.076921774850106,62.55417642690152,0.83251953125,-9.56985438353778,-20.80755729852315
official_body_g1_camera_seed37,TRAIN,p001231,p001231_a000214_000083,39.81193704343602,97.6738142128419,38.6187634689947,93.69206168920499,0.62255859375,-3.0531153363681227,-5.83517606966906
official_body_g1_camera_seed37,TRAIN,p100067,p100067_a005746_000002,76.4041886830756,135.69674605397796,11.590253132367852,87.7067639997934,0.8994140625,-0.6902204503145981,5.411277241584088
official_body_g1_camera_seed37,TRAIN,p100067,p100067_a005746_000008,83.87024628746366,135.87067802278156,11.463055072865814,96.22785881077401,0.89892578125,-0.2860033357588172,2.6699796633017456
official_body_g1_camera_seed37,TRAIN,p100067,p100067_a005746_000014,80.0447055337938,139.83437991807293,12.29401252151565,96.76754942556096,0.91064453125,0.4525931025004457,7.589538064587543
official_body_g1_camera_seed37,TRAIN,p100067,p100067_a005746_000020,88.07341168322566,146.20829065547386,13.067308285583655,91.37218808339897,0.9052734375,1.3111764065340683,6.347298014426173
official_body_g1_camera_seed37,TRAIN,p100067,p100067_a005746_000026,67.58625364901238,129.28867164628622,12.32297294381063,89.98883323111266,0.90087890625,0.43089824566730783,3.424880328401585
official_body_g1_camera_seed37,TRAIN,p100067,p100067_a005746_000032,76.57551221685544,140.05872538850613,12.60911816299972,103.10716461555042,0.89501953125,0.48468366881055047,6.696253349147
official_body_g1_camera_seed37,TRAIN,p100067,p100067_a005746_000038,78.25283812073329,140.00585252628906,12.43705950521281,95.2902737997125,0.900390625,0.10182117001486723,2.4565686589189824
official_body_g1_camera_seed37,TRAIN,p100067,p100067_a005746_000044,67.82141656431018,137.3766977425271,13.263392585443995,84.22509620328536,0.890625,0.6541404598841734,3.180008861018507
official_body_g1_camera_seed37,TRAIN,p100069,p100069_a005191_000006,13.539072280510222,39.601326338457646,9.241416888460417,37.15651069534845,0.982421875,0.39560919458347144,-0.5980828425855478
official_body_g1_camera_seed37,TRAIN,p100069,p100069_a005191_000021,23.443869269261906,51.07799180790619,8.438282670615038,36.197245490543594,0.9833984375,-0.09203019075867935,-3.26624325061659
official_body_g1_camera_seed37,TRAIN,p100069,p100069_a005191_000037,47.63737496038973,79.84268434641054,8.885901610892144,36.78425073842599,0.98095703125,-0.5717128124464033,-0.8039854143459877
official_body_g1_camera_seed37,TRAIN,p100069,p100069_a005191_000052,10.9213441156341,42.366175567720084,9.738988644233054,42.82487696656486,0.96435546875,-1.9007426532384777,1.7997814974135622
official_body_g1_camera_seed37,TRAIN,p100069,p100069_a005191_000068,11.952466321659,45.64796958866598,9.067492814177054,40.563266717237155,0.97509765625,-1.1758462977913169,-2.8298934425312297
official_body_g1_camera_seed37,TRAIN,p100069,p100069_a005191_000083,34.303831297383496,65.11702874811114,8.785052229312395,40.8545364746069,0.970703125,-0.5512946953559563,-1.5095627796385003
official_body_g1_camera_seed37,TRAIN,p100069,p100069_a005191_000099,14.80210342597741,44.03375816605802,10.057787197472464,41.626141881070595,0.966796875,0.20201095809772163,-1.3298254144267645
official_body_g1_camera_seed37,TRAIN,p100069,p100069_a005191_000114,12.27841178515207,49.68034603149652,12.127574574691174,48.196365329008316,0.9560546875,-1.3168240661509625,-3.961045187558625
official_body_g1_camera_seed37,TRAIN,p100069,p100069_a005746_000002,19.983172019234843,103.62150929719748,12.897758988806824,88.77831223205436,0.8583984375,0.18413100189749088,0.34976635764834896
official_body_g1_camera_seed37,TRAIN,p100069,p100069_a005746_000008,27.08300471106533,101.80839334398333,11.855936027879487,79.32573612504525,0.89453125,0.039491058444360405,0.17257483430736897
official_body_g1_camera_seed37,TRAIN,p100069,p100069_a005746_000014,34.43038110847422,119.0063972952176,12.249346955091053,90.8261636632871,0.87548828125,-0.35266721816807234,0.3224416259909333
official_body_g1_camera_seed37,TRAIN,p100069,p100069_a005746_000020,20.16249834093186,99.18878548881425,12.194929702143796,85.11937855553602,0.8896484375,0.138818215059743,0.29177507908110556
official_body_g1_camera_seed37,TRAIN,p100069,p100069_a005746_000027,20.570757268664558,102.72566426643837,12.771379296873253,86.33573394335103,0.88232421875,0.39253981412087846,-0.811103723648344
official_body_g1_camera_seed37,TRAIN,p100069,p100069_a005746_000033,21.303819078115357,105.43558819343193,12.381050381165231,86.24067868365312,0.8828125,0.3627773611419336,-0.4611404341983132
official_body_g1_camera_seed37,TRAIN,p100069,p100069_a005746_000039,26.469011110779228,107.62799260152082,12.133255830553521,85.04162708143521,0.888671875,0.3375596758195041,-0.7314098172908814
official_body_g1_camera_seed37,TRAIN,p100069,p100069_a005746_000045,23.20928520201575,109.90040187064197,12.613280658054887,92.26017377564389,0.8798828125,0.29774188615051855,-0.09855237357341196
official_body_g1_camera_seed37,TRAIN,p100072,p100072_a001242_000006,76.60914324121939,134.8192838919632,14.144692257453531,47.57794576940683,0.96044921875,1.548637497561657,2.4513379939681244
official_body_g1_camera_seed37,TRAIN,p100072,p100072_a001242_000020,70.90705740907232,128.03089765291506,14.802646693965812,50.435194063231975,0.94677734375,2.6067181108915207,5.314834567153909
official_body_g1_camera_seed37,TRAIN,p100072,p100072_a001242_000034,87.6443350180871,176.90604216305968,22.228949753211282,58.70142126211328,0.9072265625,6.9580647435219785,11.07747841684452
official_body_g1_camera_seed37,TRAIN,p100072,p100072_a001242_000048,73.14458011250088,161.52543158205785,29.13605701749367,132.96077332427942,0.734375,6.196054670762759,-5.520619006384152
official_body_g1_camera_seed37,TRAIN,p100072,p100072_a001242_000063,61.1035736605356,135.01392939532968,25.615207928383356,93.6679578601482,0.775390625,3.3080012314399383,-9.563189982515738
official_body_g1_camera_seed37,TRAIN,p100072,p100072_a001242_000077,90.42844561718013,183.97153848688626,25.936639235676036,69.7433240556678,0.82958984375,9.472592572059096,22.211415188202253
official_body_g1_camera_seed37,TRAIN,p100072,p100072_a001242_000091,74.16516979463337,131.65585232930394,12.945955513922193,49.94915045284321,0.94970703125,0.4889533703124549,1.161210328590002
official_body_g1_camera_seed37,TRAIN,p100072,p100072_a001242_000105,94.60792418385195,165.5232617114019,18.673899752480303,55.80977114047554,0.923828125,7.1207934809082225,10.12125437760021
official_body_g1_camera_seed37,TRAIN,p100085,p100085_a000042_000001,28.93927689936079,67.95584509152475,20.875480777672394,57.51763457016808,0.9150390625,7.956592026745346,6.43186402050447
official_body_g1_camera_seed37,TRAIN,p100085,p100085_a000042_000002,29.182569579898882,67.23805729921004,21.26973446946818,60.813258199298446,0.9140625,8.181118557315997,7.71833695786264
official_body_g1_camera_seed37,TRAIN,p100085,p100085_a000042_000004,26.412094160783727,66.72675551791255,19.15201305748422,59.60894007989838,0.9169921875,5.825431870738189,5.971672055749558
official_body_g1_camera_seed37,TRAIN,p100085,p100085_a000042_000006,27.907476974162496,65.60156885893137,21.432584885614183,60.769217345870494,0.921875,8.655843453868675,8.678445896466457
official_body_g1_camera_seed37,TRAIN,p100085,p100085_a000042_000008,26.506938325088427,64.20387851843748,19.27603808612107,58.84460731412212,0.92236328125,7.005249885859191,7.027385611247297
official_body_g1_camera_seed37,TRAIN,p100085,p100085_a000042_000010,27.56866963760825,64.14191251435626,19.291605081630898,56.826268577908245,0.92333984375,7.073009841876891,4.203532323281777
official_body_g1_camera_seed37,TRAIN,p100085,p100085_a000042_000012,27.23961734859003,64.5778918965248,20.245681907288862,59.797375612384215,0.9189453125,8.467196077250485,7.554111915938002
official_body_g1_camera_seed37,TRAIN,p100085,p100085_a000042_000013,28.576277746263884,65.26963660825581,21.042001010378794,60.5301560776787,0.91455078125,8.247456927963881,7.947522905309711
official_body_g1_camera_seed37,TRAIN,p100086,p100086_a001415_000003,9.98567900808918,37.788085251908385,8.839743211475167,36.904461630065896,0.97998046875,-2.4826835220098538,-3.111176229229791
official_body_g1_camera_seed37,TRAIN,p100086,p100086_a001415_000010,10.148243613534097,43.33545995828217,9.437730474741972,39.74946804865842,0.98486328125,-2.7039339676891636,-1.1818225783281378
official_body_g1_camera_seed37,TRAIN,p100086,p100086_a001415_000017,12.73529528345778,44.552922504036104,9.486479214208593,39.69071282461649,0.98046875,-2.046136342000743,-1.0380286975915212
official_body_g1_camera_seed37,TRAIN,p100086,p100086_a001415_000024,12.25092509449884,44.99752674447467,9.483789872154611,39.68037736749083,0.9814453125,-1.958313666058741,-0.6076284275369375
official_body_g1_camera_seed37,TRAIN,p100086,p100086_a001415_000032,13.020411082576818,46.88371548913715,9.511297389101363,40.023994266413325,0.978515625,-2.0084525715861137,0.7988249824538727
official_body_g1_camera_seed37,TRAIN,p100086,p100086_a001415_000039,15.989528182847515,52.774850200552216,9.884159950545481,41.45818776191552,0.97802734375,-1.5734331078095103,-0.10608476514639875
official_body_g1_camera_seed37,TRAIN,p100086,p100086_a001415_000046,11.387343930153545,46.72248249194598,9.384933504213159,41.62231590554581,0.97705078125,-2.0280649457284916,-1.3470828208796348
official_body_g1_camera_seed37,TRAIN,p100086,p100086_a001415_000053,10.179728000440093,43.46614941934817,9.135535364534377,40.73548745401716,0.97802734375,-2.211883394819141,-0.8706078300325473
official_body_g1_camera_seed37,TRAIN,p100089,p100089_a005814_000004,47.23573984100795,136.53110757706347,25.59213906015509,73.44853919413718,0.830078125,-7.234094641710897,-22.321796734346492
official_body_g1_camera_seed37,TRAIN,p100089,p100089_a005814_000014,52.84154372443254,147.2039284625354,27.05652731926368,72.94510004274765,0.8173828125,-8.96084608203067,-33.88269379380701
official_body_g1_camera_seed37,TRAIN,p100089,p100089_a005814_000024,54.27390205126045,141.70972329790408,27.137916960197384,70.76537551000241,0.82666015625,-2.182320858909925,-22.012003455167047
official_body_g1_camera_seed37,TRAIN,p100089,p100089_a005814_000034,49.314132207120934,138.65326205595093,24.45677624130124,72.85153245373651,0.83642578125,-7.132367380029351,-22.24006827338438
official_body_g1_camera_seed37,TRAIN,p100089,p100089_a005814_000043,73.9984925640546,165.64291963125243,25.64502866445727,73.36642944087716,0.8515625,-4.211915735633898,-21.20811248343145
official_body_g1_camera_seed37,TRAIN,p100089,p100089_a005814_000053,42.822925157809166,126.32842737121479,26.09410344119712,75.9944054893069,0.83154296875,-3.8592686876954687,-14.5858415965359
official_body_g1_camera_seed37,TRAIN,p100089,p100089_a005814_000063,36.76896978363608,126.74921346370631,25.943383655668246,71.95423282766043,0.84423828125,-3.8816381506814572,-16.105415990667552
official_body_g1_camera_seed37,TRAIN,p100089,p100089_a005814_000073,64.46845274591219,160.43575268024034,26.16580682404173,76.62978847507947,0.802734375,-3.3400540659724953,-14.206737999580582
official_body_g1_camera_seed37,TRAIN,p100090,p100090_a005401_000001,23.917067138595527,75.81849732969447,18.616137405492303,69.52385557132797,0.87939453125,-0.5210270033576521,-4.748888452183863
official_body_g1_camera_seed37,TRAIN,p100090,p100090_a005401_000003,31.984108344354887,89.52386285791687,18.066688252542466,78.75570765419523,0.8798828125,-0.8695249755588712,-5.445038396603152
official_body_g1_camera_seed37,TRAIN,p100090,p100090_a005401_000005,31.629814097103843,92.2729722622685,18.806445173557485,72.82919331107975,0.8720703125,-1.1793869395167178,-4.941116773626035
official_body_g1_camera_seed37,TRAIN,p100090,p100090_a005401_000007,26.306392788710184,82.83337057206624,19.329751151791505,77.67533681135228,0.87109375,-0.4027869526734875,-4.438572246632091
official_body_g1_camera_seed37,TRAIN,p100090,p100090_a005401_000009,24.961402859164373,84.00261115629954,18.7113524925683,74.42881328042512,0.876953125,-0.8616689931081503,-3.1538826258632326
official_body_g1_camera_seed37,TRAIN,p100090,p100090_a005401_000011,31.320988682508535,83.13442457780641,17.337177385073584,66.2693627450742,0.90234375,-1.7716077378363657,-1.517474611743097
official_body_g1_camera_seed37,TRAIN,p100090,p100090_a005401_000013,32.768709862058,91.65635709695266,18.801046629240282,74.76537665477112,0.88623046875,-0.7513955254538018,-6.245918749985492
official_body_g1_camera_seed37,TRAIN,p100090,p100090_a005401_000015,25.322781851884727,78.6159367240414,18.251881370478202,68.22501723443392,0.890625,-0.9162158190767329,-4.666189954318526
official_body_g1_camera_seed37,TRAIN,p100092,p100092_a001307_000004,69.7288018695852,232.108472066674,26.454190880828172,107.86415623463363,0.72705078125,1.4266623064836068,6.096838266589316
official_body_g1_camera_seed37,TRAIN,p100092,p100092_a001307_000014,68.02621961523161,208.4198962913085,24.305055534362488,94.03867970456606,0.74462890625,0.5741384701450514,11.479301122493183
official_body_g1_camera_seed37,TRAIN,p100092,p100092_a001307_000024,50.52686526048139,163.90474820286417,18.234495536521152,67.61874997827084,0.87353515625,0.36348725395874837,7.3485858360792164
official_body_g1_camera_seed37,TRAIN,p100092,p100092_a001307_000034,27.543895243796825,133.90487506536388,19.66474952972156,70.52875460945003,0.857421875,-1.3822835787178498,2.7249728133445075
official_body_g1_camera_seed37,TRAIN,p100092,p100092_a001307_000044,33.33274276413234,136.71839902964982,19.758137626928303,63.96928618573431,0.8828125,-0.06929426005437733,2.620576058755674
official_body_g1_camera_seed37,TRAIN,p100092,p100092_a001307_000054,57.688406440252365,215.27129077055912,27.834019112714053,106.83982843572595,0.71337890625,3.2815674863628423,13.68979285565544
official_body_g1_camera_seed37,TRAIN,p100092,p100092_a001307_000064,76.1856072825897,232.91132899438747,30.62014918122855,121.53934022222663,0.6611328125,0.8331110812998901,8.130294410259069
official_body_g1_camera_seed37,TRAIN,p100092,p100092_a001307_000074,86.64942406890742,233.97867779986277,27.073656170273082,120.20071088287871,0.70263671875,0.6657154893007018,10.063170119146179
camera_only,VAL,p001194,p001194_a000062_000005,22.520387634967257,62.34949086832941,17.60834996045357,59.01242993795776,0.90380859375,7.603699467965706,8.934648793470444
camera_only,VAL,p001194,p001194_a000062_000017,21.142956040582803,61.45592642778212,17.822498554819518,56.65760143394314,0.908203125,7.98694806927727,7.067816359931193
camera_only,VAL,p001194,p001194_a000062_000029,39.921557817440075,78.84966308878691,17.02694022131393,50.36013818900875,0.94921875,7.833433677592101,11.211993845354584
camera_only,VAL,p001194,p001194_a000062_000041,62.021725524686616,125.66228527986318,27.353948795671776,80.7703083342728,0.7841796875,16.503307803946495,26.76431673191768
camera_only,VAL,p001194,p001194_a000062_000053,77.31980037432781,147.34171986296428,28.18505849748758,87.86381299332388,0.73486328125,16.958124317287254,49.59985350009478
camera_only,VAL,p001194,p001194_a000062_000065,20.91862068472863,71.75246321847898,17.62719354594851,54.234051514981296,0.93994140625,9.462966956755595,10.796536677769488
camera_only,VAL,p001194,p001194_a000062_000077,27.000008683700038,66.35890191682786,21.987672879965675,63.333754482216015,0.8779296875,10.114290176995283,16.303377573722656
camera_only,VAL,p001194,p001194_a000062_000089,23.709067956898565,62.53497928077265,18.519414074156536,58.390059702505816,0.90576171875,8.35617332639251,13.606466320125854
camera_only,VAL,p001194,p001194_a000986_000010,20.64520501266694,58.781658745010304,16.70284500461281,52.98790559391237,0.94384765625,6.775180256945234,2.544447959817113
camera_only,VAL,p001194,p001194_a000986_000036,33.077870637887,83.51676317361445,26.272625206204083,73.94485124635138,0.78955078125,17.867734392963488,27.775955710537566
camera_only,VAL,p001194,p001194_a000986_000062,35.61457697234863,119.50725238165855,23.070025461395787,83.03262504340415,0.83349609375,12.241260747305194,35.29035051889756
camera_only,VAL,p001194,p001194_a000986_000088,20.581710896753314,54.272007258081175,16.678755159810784,42.86237566870383,0.98486328125,8.827271865066626,16.711005679973155
camera_only,VAL,p001194,p001194_a000986_000114,25.366906709678062,67.9958143022787,18.974412465576854,53.95866904848109,0.93408203125,9.479130873929666,20.295465433497945
camera_only,VAL,p001194,p001194_a000986_000140,40.561038372648454,93.31537986616544,20.32124249544364,70.37691935129122,0.82275390625,9.679661311515403,22.789780607887096
camera_only,VAL,p001194,p001194_a000986_000166,26.587551233534953,83.65464370636104,16.662817232753383,53.794321252908844,0.93798828125,6.931691554612712,15.65463000418736
camera_only,VAL,p001194,p001194_a000986_000192,13.174893296535629,35.631014037211145,11.492179549493255,34.25176602552805,0.9951171875,3.745477863992103,5.514670764649836
camera_only,TRAIN,p001195,p001195_a000053_000006,28.21818509670601,70.66270562256561,19.463734055850182,64.54003640514081,0.8876953125,-153.87709792640823,-148.90988782798723
camera_only,TRAIN,p001195,p001195_a000053_000021,25.627785921726094,68.38476506097918,16.2518811409435,60.824234152262825,0.89697265625,-152.4930525629484,-145.80656609584463
camera_only,TRAIN,p001195,p001195_a000053_000037,22.64200506512415,101.73708158058483,20.995310230861914,89.74010261718611,0.82861328125,-197.21072326993743,-192.79639762737406
camera_only,TRAIN,p001195,p001195_a000053_000052,25.9667023233809,70.3698646312113,22.08703919113034,62.066892995920554,0.89404296875,-192.8776571667194,-201.24678710465736
camera_only,TRAIN,p001195,p001195_a000053_000068,30.786549199101536,77.711601114951,22.497792630295955,67.24057947979577,0.85595703125,-192.15601346336194,-204.87956217430872
camera_only,TRAIN,p001195,p001195_a000053_000083,24.4408427412262,59.639388847409066,18.303971417956806,47.92257776475513,0.96142578125,-165.5770044975722,-174.71251487241642
camera_only,TRAIN,p001195,p001195_a000053_000099,29.40908375587827,62.43848887966637,21.524658762511805,50.439544412130516,0.94482421875,7.729171314977901,12.135712790327567
camera_only,TRAIN,p001195,p001195_a000053_000114,33.53932253691968,72.36939380254533,28.35816781673654,60.945723443873945,0.83203125,-147.88815181229685,-146.01351894838945
camera_only,TRAIN,p001195,p001195_a000986_000011,27.030555624466608,70.8603885724744,18.69854341009401,63.56652052221061,0.90087890625,-164.01416771670415,-152.49021994378512
camera_only,TRAIN,p001195,p001195_a000986_000039,33.00419097548566,79.94487631135421,22.466469380693308,63.26863974983593,0.86767578125,12.244616322655494,22.71371612948576
camera_only,TRAIN,p001195,p001195_a000986_000068,16.631914505998708,65.4775097925419,16.76759752145929,64.62084996978629,0.8740234375,-1.3485844097827915,-66.7311823124468
camera_only,TRAIN,p001195,p001195_a000986_000096,30.38051693404783,59.37328442618886,19.849697509045406,49.73109916687616,0.95068359375,-144.23474799880623,-146.5316470879262
camera_only,TRAIN,p001195,p001195_a000986_000125,29.29839111235457,62.15551956066725,22.474839795728148,55.72561498403359,0.91259765625,5.871657841125302,-7.63402396898443
camera_only,TRAIN,p001195,p001195_a000986_000153,31.312594907097903,80.56185045552705,24.97227288000572,78.51353484146232,0.810546875,6.540729913489919,-3.2812944584658226
camera_only,TRAIN,p001195,p001195_a000986_000182,21.007393411979116,52.24432761296196,19.081706983032227,49.260595070290535,0.953125,-141.95609213773048,-153.7609863474314
camera_only,TRAIN,p001195,p001195_a000986_000210,28.082163577504538,66.80974585546268,16.84069727393399,58.02500575430984,0.90673828125,-152.03223448558515,-146.88976684598245
camera_only,VAL,p001196,p001196_a000388_000011,30.523807070192483,68.39543771484138,25.570245785650872,56.511912613158415,0.92041015625,11.163455554722463,14.020378781466228
camera_only,VAL,p001196,p001196_a000388_000040,31.651947630340928,70.75963648250352,24.649632874339282,58.04384378853248,0.89453125,10.504631011390854,18.492713846374258
camera_only,VAL,p001196,p001196_a000388_000069,17.129452633288125,52.19849285428166,14.196474299765983,51.76454332139067,0.94140625,3.7214643930686933,11.915204955467232
camera_only,VAL,p001196,p001196_a000388_000098,18.830574014306556,56.1155386762943,14.72911317047695,44.98221400799919,0.96923828125,2.8625078411573774,4.547828441657295
camera_only,VAL,p001196,p001196_a000388_000127,33.60469698716757,79.86701657971349,23.077817294224694,66.86845509828967,0.8828125,10.704512227191385,18.224929929522197
camera_only,VAL,p001196,p001196_a000388_000156,44.851418367064895,118.28736665328398,33.54618992166978,100.40867253572357,0.72314453125,19.105689447934424,38.924801932234715
camera_only,VAL,p001196,p001196_a000388_000185,28.22916901767228,84.1575031508103,21.2272293813428,70.57861994824307,0.86767578125,8.218185387963771,17.40798597212013
camera_only,VAL,p001196,p001196_a000388_000214,22.80751426496958,92.28362918110642,18.874798230818755,73.63779205629761,0.875,4.647993564733797,26.790303603138703
camera_only,TRAIN,p001197,p001197_a000062_000005,21.243551818112554,68.49072159966644,15.125006536027684,55.29200804319949,0.9296875,4.9304339136702175,0.49369980380508593
camera_only,TRAIN,p001197,p001197_a000062_000016,21.00796339557457,65.32794126948785,14.778103355314503,53.078854915815604,0.94091796875,4.5813773434608684,5.160358493188397
camera_only,TRAIN,p001197,p001197_a000062_000028,34.70454728868512,81.23489173281745,19.112025761782803,56.50230285207989,0.91748046875,4.885443035838808,5.1551263067769355
camera_only,TRAIN,p001197,p001197_a000062_000040,55.53378983293341,103.81406063094282,25.88188144991908,71.83114809060383,0.833984375,8.489137952648687,-0.02185082306249342
camera_only,TRAIN,p001197,p001197_a000062_000052,31.922610555373456,89.08169142973941,19.481382302868425,82.08852343314331,0.89990234375,5.73532622334319,-41.059762418453786
camera_only,TRAIN,p001197,p001197_a000062_000064,22.138264627792122,66.87537685200024,15.658589321624639,61.03585059860596,0.92919921875,-5.690163248050226,-23.78837935780112
camera_only,TRAIN,p001197,p001197_a000062_000076,80.9625851593697,126.8881863222486,26.21138704027515,64.89989445895027,0.85693359375,8.636686039060606,3.0824895053376267
camera_only,TRAIN,p001197,p001197_a000062_000087,49.28778411177052,97.15530946845823,18.28436287880067,68.36365624008509,0.880859375,5.95605714064315,9.867214858271879
camera_only,TRAIN,p001197,p001197_a001238_000003,36.97701525946768,102.02664685935507,11.437849094647934,87.41975879654825,0.90380859375,-5.482932655995157,-8.238316954300743
camera_only,TRAIN,p001197,p001197_a001238_000010,32.87055587774082,90.55824809088735,10.482010708051401,90.43449332168589,0.91357421875,-5.816382670472361,-14.331677605835964
camera_only,TRAIN,p001197,p001197_a001238_000018,33.40955292309377,78.30516441750841,10.823974812565757,83.27284611080258,0.92138671875,-5.721476875175769,-7.113103319045052
camera_only,TRAIN,p001197,p001197_a001238_000025,38.09057597908348,103.68017050503573,11.196755912510007,97.65302254026477,0.91552734375,-4.921452245616919,-9.6741092544829
camera_only,TRAIN,p001197,p001197_a001238_000033,33.54462305615877,118.87115159606374,11.065293109509023,118.03879225546332,0.8984375,-4.590706590774163,-12.040626391323784
camera_only,TRAIN,p001197,p001197_a001238_000040,30.159630594311533,89.95847255599482,10.851973489710673,92.4560170002777,0.912109375,-3.662761154831971,-4.855650454243033
camera_only,TRAIN,p001197,p001197_a001238_000048,34.04250590688696,108.68311980597058,11.26362926089285,100.61940158182131,0.90380859375,-4.594714365824567,-4.070158511203388
camera_only,TRAIN,p001197,p001197_a001238_000055,34.53983220071275,117.54989754612602,11.494779480190935,118.10291366872062,0.90234375,-4.796240604569444,-5.838887299973592
camera_only,VAL,p001199,p001199_a001398_000001,40.709700010330984,90.39302948239823,19.82477026111016,58.31093607071302,0.90380859375,7.668180644135941,15.145619759262644
camera_only,VAL,p001199,p001199_a001398_000004,42.29237302814333,90.4959334959849,20.311381788893513,57.988787931821,0.90478515625,7.903633519152548,18.5041684433667
camera_only,VAL,p001199,p001199_a001398_000008,40.128922120702455,92.2020302584271,21.35248881825055,60.62328886993194,0.8896484375,9.971594248852877,16.72604069551177
camera_only,VAL,p001199,p001199_a001398_000011,41.28494752120956,90.56960243655527,19.305600394718432,59.24877876741091,0.90576171875,7.752005514108525,17.271539351348636
camera_only,VAL,p001199,p001199_a001398_000014,42.89233425610692,91.85418218184529,20.622376610292832,62.000372906277036,0.8974609375,9.407728816855835,20.446922360270435
camera_only,VAL,p001199,p001199_a001398_000017,41.0839439741673,88.09128084030215,19.238149370910797,55.82764551436962,0.91650390625,8.42510972342264,13.734464042025948
camera_only,VAL,p001199,p001199_a001398_000021,40.17537013406428,88.7432909914427,21.679651274881344,60.209525659220425,0.876953125,10.054600520657903,18.491808439221366
camera_only,VAL,p001199,p001199_a001398_000024,38.62573786785133,87.99218494410992,20.7131809177294,58.89528988204752,0.8974609375,9.136508420753508,16.32381776270764
camera_only,VAL,p001201,p001201_a005135_000002,57.4722136502035,165.5804369034029,57.336306878873735,138.6123760859997,0.44140625,46.923780176596495,103.40749057651281
camera_only,VAL,p001201,p001201_a005135_000007,59.34930452418588,161.28911653401144,59.295130267437386,134.86926766922807,0.4326171875,49.05579209393479,103.65078878926721
camera_only,VAL,p001201,p001201_a005135_000011,59.0066756979938,181.13855805860626,59.372794361879244,155.94272080487286,0.4462890625,48.98826110343833,114.56849226576045
camera_only,VAL,p001201,p001201_a005135_000016,59.145630033585874,158.34972020975943,58.18810354495997,138.90545876910014,0.443359375,48.03271174743246,105.8290152176471
camera_only,VAL,p001201,p001201_a005135_000021,56.874465101963224,161.49138425233525,56.000246961957714,138.61921175605607,0.455078125,46.0586790319497,104.99163948702704
camera_only,VAL,p001201,p001201_a005135_000026,58.41504905268347,160.52615274292378,57.40068546859116,140.8978205426117,0.43994140625,46.44278545434579,105.8452992392674
camera_only,VAL,p001201,p001201_a005135_000030,57.24788140175845,162.9367035162065,55.950643985618,144.52129296089618,0.45263671875,45.52349613731501,107.06991673491045
camera_only,VAL,p001201,p001201_a005135_000035,58.73953286276368,157.48557812221767,58.78850754083524,134.59732849230272,0.4345703125,47.70812378773327,101.6827816791569
camera_only,TRAIN,p001202,p001202_a001230_000002,32.936444481686095,86.77167921869311,15.891768969279246,66.57111554933465,0.91943359375,-2.5693331741942433,-4.482468131299115
camera_only,TRAIN,p001202,p001202_a001230_000009,34.30201074646509,88.09137878263816,15.309663360300904,63.808406939143694,0.92529296875,-2.971291524159552,-4.130560976378675
camera_only,TRAIN,p001202,p001202_a001230_000015,35.339354084077854,86.97543729984163,13.115005986069493,60.47995708769389,0.92724609375,-4.7273895410692415,-7.982160164885016
camera_only,TRAIN,p001202,p001202_a001230_000021,34.832873442814005,87.82803494798095,14.104730230749313,56.78113767996478,0.93505859375,-4.889260581639844,-11.53561962487786
camera_only,TRAIN,p001202,p001202_a001230_000028,34.21645762526527,82.91748883366822,13.016658816767867,54.34985040131526,0.93994140625,-6.818794680214621,-10.839417165146095
camera_only,TRAIN,p001202,p001202_a001230_000034,33.58694166940737,85.90077155461927,15.013102424398085,57.969038528736014,0.9326171875,-4.380960153780677,-7.6272243718452515
camera_only,TRAIN,p001202,p001202_a001230_000040,33.08581683837729,89.05182997171308,14.513945431310054,62.016335367285016,0.923828125,-3.6402511351588895,-2.9808595733868444
camera_only,TRAIN,p001202,p001202_a001230_000047,36.548705052771595,89.24964003557797,15.440563621449684,57.39149964255037,0.935546875,-4.279621011665544,-9.933690881607504
camera_only,TRAIN,p001202,p001202_a005135_000001,55.28598900487915,120.17360890666944,43.883071833779226,107.26367909638553,0.54248046875,34.530518052293345,68.94142564801899
camera_only,TRAIN,p001202,p001202_a005135_000005,59.221987612044806,124.03369388443284,44.789474427644386,102.30698611242974,0.55029296875,35.8752353730314,63.794356135065186
camera_only,TRAIN,p001202,p001202_a005135_000008,55.83034978671869,118.35353737110403,47.092953086224796,105.61806871202997,0.5341796875,37.517843045709675,67.88151279662894
camera_only,TRAIN,p001202,p001202_a005135_000012,54.648615309931465,123.18687022174858,44.965919019210276,107.54518094006622,0.5498046875,34.92755847293304,70.18811968991153
camera_only,TRAIN,p001202,p001202_a005135_000015,54.34632598524915,114.95797145286635,46.03982099082761,109.40716943171903,0.53466796875,36.25673686657311,70.03049643826606
camera_only,TRAIN,p001202,p001202_a005135_000019,54.85476864027717,116.0592685523942,45.528063407035305,106.57007765391508,0.54345703125,36.2505675238004,69.89160413247485
camera_only,TRAIN,p001202,p001202_a005135_000022,55.27453852089645,118.4768073917009,44.09871585421337,101.27639432966744,0.552734375,34.953702216242235,61.147519737569496
camera_only,TRAIN,p001202,p001202_a005135_000026,52.20348480509932,116.51193967060597,43.24430851170703,106.63926767026685,0.5537109375,34.0378757472799,68.38111986677458
camera_only,TRAIN,p001203,p001203_a000032_000003,31.08196014796497,92.65094907017932,15.229327142740615,49.51975278574134,0.95263671875,-0.8802128985676099,4.1980124976966025
camera_only,TRAIN,p001203,p001203_a000032_000009,33.58106042098745,92.56709316974437,16.9114737592648,50.12376550879645,0.94970703125,-0.42680360708898135,5.905655317081205
camera_only,TRAIN,p001203,p001203_a000032_000016,34.57977802374296,95.17684998094225,17.36807502105504,52.248290262827325,0.93994140625,0.5784053728974747,7.351368701902075
camera_only,TRAIN,p001203,p001203_a000032_000022,33.64414629144633,92.20279734970664,16.886784130967488,54.21330532355652,0.921875,-1.1456710118420261,7.954382186001048
camera_only,TRAIN,p001203,p001203_a000032_000029,31.678842278453693,90.35748791678654,17.971089044323307,52.00846173416055,0.93212890625,0.22920134397735836,8.641534382546737
camera_only,TRAIN,p001203,p001203_a000032_000035,34.56276132675005,94.52811314022023,19.434518796152616,53.5019185959054,0.92529296875,3.252282293355073,8.04332052580768
camera_only,TRAIN,p001203,p001203_a000032_000042,36.661792028590526,93.42092526434057,17.810092548369248,51.76985684500705,0.93994140625,2.259952208327711,8.623079373939596
camera_only,TRAIN,p001203,p001203_a000032_000048,36.86197879367671,93.4293718323538,19.2368640284915,56.50425595183574,0.92578125,2.292010472757756,12.822962636898204
camera_only,TRAIN,p001204,p001204_a003011_000001,27.361331842962862,75.86773308473325,20.452017095118297,61.459612097065545,0.89697265625,8.094972899384071,15.92108625703466
camera_only,TRAIN,p001204,p001204_a003011_000003,29.16237077470987,75.7223442005457,21.887648556891495,60.48661933643596,0.89892578125,9.711750404573552,15.276263222639727
camera_only,TRAIN,p001204,p001204_a003011_000006,30.58428599851378,77.99914643811418,21.718646257872656,60.99277877521045,0.8876953125,8.547198447392251,14.115888392241686
camera_only,TRAIN,p001204,p001204_a003011_000008,26.683331212131684,70.97595240972007,20.452488337591575,57.64917008191895,0.912109375,7.536838625121575,11.567407881437099
camera_only,TRAIN,p001204,p001204_a003011_000010,24.78635500770632,72.98722709523378,18.861371005358546,60.52996347906091,0.92041015625,5.851913047811806,11.805146112387021
camera_only,TRAIN,p001204,p001204_a003011_000012,32.92962980320231,81.55382492148242,23.187106755127026,62.87638877120115,0.88525390625,10.406301554277238,16.218591386252527
camera_only,TRAIN,p001204,p001204_a003011_000015,27.189457530925893,74.10192163581114,19.17155426297794,59.99886223072539,0.9140625,7.398584592072741,15.7616927363295
camera_only,TRAIN,p001204,p001204_a003011_000017,27.072126672010118,71.6461293085326,19.266873481489377,57.7939227858507,0.91943359375,7.333575029731481,10.770248054540033
camera_only,TRAIN,p001210,p001210_a001226_000002,24.819689838927488,192.71454134617667,22.364343453314806,186.58900214824305,0.80615234375,-26.52213737325189,-47.44196676785583
camera_only,TRAIN,p001210,p001210_a001226_000006,27.25448674197316,181.6230920148673,22.41653365080056,173.04583079085165,0.78857421875,-26.78808482194058,-42.212460778436025
camera_only,TRAIN,p001210,p001210_a001226_000010,27.385629189642877,200.33780624959633,22.28677207258746,191.16156839024615,0.78515625,-28.445834684603803,-43.78557103201882
camera_only,TRAIN,p001210,p001210_a001226_000014,26.903128864859347,201.8221518028899,22.200790490740957,193.34081885510582,0.7919921875,-29.75583268672797,-33.47238159311087
camera_only,TRAIN,p001210,p001210_a001226_000018,27.662164210116238,198.91621222562833,22.364861969354855,189.97263292919308,0.7861328125,-27.62217437653063,-36.09288919256983
camera_only,TRAIN,p001210,p001210_a001226_000022,29.21068783967992,201.15389141597387,23.53058389778098,191.37161463548927,0.77490234375,-25.144707478888883,-53.638034577544005
camera_only,TRAIN,p001210,p001210_a001226_000026,25.048795254751262,194.72777954397225,20.976002742172607,188.7102773820389,0.80126953125,-27.75510792420093,-36.68783457721071
camera_only,TRAIN,p001210,p001210_a001226_000030,29.782548700048974,204.62690886606998,23.88784563143438,195.95721454422252,0.7587890625,-25.318553950501375,-14.642820205208892
camera_only,TRAIN,p001216,p001216_a001423_000001,28.08744221199452,81.8703755825142,25.56661637471145,80.96483710847389,0.78955078125,8.21797260651023,16.134725821107892
camera_only,TRAIN,p001216,p001216_a001423_000004,26.5196162735023,78.44165105418173,24.276057044076218,79.1867575470692,0.8115234375,7.683521345822541,12.275221584426973
camera_only,TRAIN,p001216,p001216_a001423_000007,24.022267642489723,73.7979680900223,21.138429708605475,78.18058412759083,0.82763671875,6.126654772583674,9.702251829574763
camera_only,TRAIN,p001216,p001216_a001423_000010,28.786354258565787,80.7634671354612,25.751173507099963,82.02403660827825,0.79736328125,7.911968322424627,16.221793870911867
camera_only,TRAIN,p001216,p001216_a001423_000013,26.467766264829546,77.95961953663301,23.36192650536163,77.6862686721197,0.82275390625,5.828853142884583,8.365354957962637
camera_only,TRAIN,p001216,p001216_a001423_000016,26.85419899008337,77.31513428202132,23.9116150001183,79.93670986889514,0.796875,6.062972053762412,12.261141360559748
camera_only,TRAIN,p001216,p001216_a001423_000019,25.783393896217603,77.74177441597656,23.541172456102245,79.6166993358103,0.81201171875,5.598074798449957,12.081241780227387
camera_only,TRAIN,p001216,p001216_a001423_000022,28.726005922990574,80.62881018824226,25.966010735574173,83.84600382670828,0.79443359375,7.260530348667874,19.115618955138473
camera_only,TRAIN,p001225,p001225_a005341_000001,34.95620844066369,122.73141312296814,28.25830789886401,102.34819559924769,0.72607421875,12.238940664664884,49.8585444039046
camera_only,TRAIN,p001225,p001225_a005341_000005,35.5470105462247,121.1604698872071,29.281155488066574,101.50717139238952,0.72265625,12.959570817773425,48.626085276697204
camera_only,TRAIN,p001225,p001225_a005341_000009,39.628778351255534,133.21723105421347,31.626026967981858,111.56016768859537,0.69287109375,15.20190949767633,54.47720982043753
camera_only,TRAIN,p001225,p001225_a005341_000013,35.684039557321086,125.7209170333443,28.794530015271782,107.67292775129845,0.72265625,11.520787203422138,53.78917436611536
camera_only,TRAIN,p001225,p001225_a005341_000016,40.93841042195505,132.13964853623455,32.39824416087211,111.71225449250102,0.66845703125,16.004205713667524,60.75136277189288
camera_only,TRAIN,p001225,p001225_a005341_000020,38.024519023564324,129.91210346645636,29.713827780242667,110.68953432710434,0.69384765625,12.446247469651219,54.814797316054715
camera_only,TRAIN,p001225,p001225_a005341_000024,36.764857801069766,123.0527489766073,28.81563310124031,107.25816327426399,0.6962890625,11.887665894158935,49.829592014978864
camera_only,TRAIN,p001225,p001225_a005341_000028,35.103201963353555,128.50649504143104,30.272945841302054,110.0394547912264,0.70556640625,12.812556275846493,52.386326047610495
camera_only,TRAIN,p001226,p001226_a000223_000006,14.136830515963226,40.792109920397735,12.022181836267457,42.07797338679846,0.97265625,-0.40216763851742066,3.3468658163589566
camera_only,TRAIN,p001226,p001226_a000223_000021,12.950688420190227,42.652585048676606,12.0205609708439,42.056182913194,0.9716796875,0.04234096042299029,2.6656864913746077
camera_only,TRAIN,p001226,p001226_a000223_000036,17.580876402340145,43.0831238754714,12.274344484227736,40.617066681266174,0.9775390625,1.1793799497641828,-0.23284944683974373
camera_only,TRAIN,p001226,p001226_a000223_000051,12.044694617899232,39.664774368115175,11.050304330887922,39.052227337489256,0.97412109375,-0.615710183821335,3.328000340509732
camera_only,TRAIN,p001226,p001226_a000223_000066,16.36835545665202,37.452708417995964,12.376558875507211,35.61165361166399,0.98583984375,-0.7645452744835382,-1.1520425296156418
camera_only,TRAIN,p001226,p001226_a000223_000081,12.49468837259985,39.99875732615954,11.61203608373351,36.701551482640745,0.98876953125,0.8255595869298542,-1.1455290145500072
camera_only,TRAIN,p001226,p001226_a000223_000096,12.107384735354856,42.286827550701084,11.033715756814335,42.22883795927769,0.96630859375,-1.5017036865120268,3.2922839663714356
camera_only,TRAIN,p001226,p001226_a000223_000111,13.672276107367408,42.83544313643938,12.420116169537579,41.12044241219007,0.96630859375,-0.2731083551818365,3.2762149989563625
camera_only,TRAIN,p001231,p001231_a000029_000001,63.26019933142219,130.48575849864403,22.70350533335023,115.68211309022567,0.802734375,3.0576568753384237,10.838588462008545
camera_only,TRAIN,p001231,p001231_a000029_000003,62.3622878835238,132.60834175754758,23.453492757727552,108.78862396993583,0.79638671875,4.116543002050172,7.963216378701759
camera_only,TRAIN,p001231,p001231_a000029_000005,61.07761095515764,129.99766998997592,23.07350522379782,114.41540548985898,0.79296875,3.5631651883354323,7.850254820659458
camera_only,TRAIN,p001231,p001231_a000029_000007,62.67635212965118,133.78043863912563,21.94099669576348,100.00177478390627,0.8193359375,2.882646648564368,4.293585466826087
camera_only,TRAIN,p001231,p001231_a000029_000008,61.28845509564363,134.83697538214912,24.94304865637086,119.12736824326443,0.77294921875,5.04475793284637,10.621396773487106
camera_only,TRAIN,p001231,p001231_a000029_000010,60.12508709560139,128.61914356955563,21.60327274728793,112.27136967095088,0.80615234375,2.3958475303741693,9.471994084964223
camera_only,TRAIN,p001231,p001231_a000029_000012,65.26959368851678,134.12525592890313,23.109322180177404,121.84017648900245,0.79345703125,3.9390853247122415,11.792305519407265
camera_only,TRAIN,p001231,p001231_a000029_000014,61.29322388643945,123.49892111578328,19.127627587238287,90.86354672651198,0.83935546875,-0.34377671868277915,-4.052044860153146
camera_only,TRAIN,p001231,p001231_a000075_000003,59.42474618610656,110.31857980866883,14.47436130174886,61.91031950334949,0.912109375,2.1018489024572133,11.014939001234133
camera_only,TRAIN,p001231,p001231_a000075_000012,55.4343042870441,102.71204619748603,11.825085674072188,53.91110533549638,0.939453125,-0.4123296610566012,4.126000548486857
camera_only,TRAIN,p001231,p001231_a000075_000020,84.24228038118522,122.40640647539539,17.649594566336916,57.714189444252284,0.9228515625,6.0499530195638425,12.43614913805051
camera_only,TRAIN,p001231,p001231_a000075_000029,89.03078260869131,130.454807365053,19.21690847847472,68.33838480994122,0.875,3.797217453267308,7.167623943570291
camera_only,TRAIN,p001231,p001231_a000075_000037,80.57678297524453,122.4214750206073,17.62490388180521,67.60939105718951,0.8955078125,1.9292213563538176,6.620487101992509
camera_only,TRAIN,p001231,p001231_a000075_000046,92.4913641353296,133.2205494198899,16.74039913131739,56.22477729072184,0.91845703125,4.15734594650673,8.723567119502036
camera_only,TRAIN,p001231,p001231_a000075_000054,58.39831750940574,96.03417251678549,10.779116539687355,46.93763373898266,0.9609375,0.2666707551246468,-2.990843704611237
camera_only,TRAIN,p001231,p001231_a000075_000063,61.13502145687654,100.86721001045393,11.720079575831136,52.0735403196999,0.9453125,1.3150086159448549,-2.6235773896213033
camera_only,TRAIN,p001231,p001231_a000214_000004,17.24005293614674,67.8667937824152,16.42159231894351,60.029474396398285,0.9248046875,-16.92392701250958,-26.478689927889192
camera_only,TRAIN,p001231,p001231_a000214_000016,16.816395195975744,69.49329263157335,16.527453193991732,63.370775103782016,0.912109375,-12.609491392469447,-13.667825010731399
camera_only,TRAIN,p001231,p001231_a000214_000027,22.93805719722208,64.67898729311064,22.918788363030107,58.05561634949432,0.9130859375,-17.842339563470883,-56.32512555804927
camera_only,TRAIN,p001231,p001231_a000214_000038,23.61795777608559,73.21614624796722,22.860969805147697,68.96398786444392,0.8544921875,5.363041201226249,-11.590074385675393
camera_only,TRAIN,p001231,p001231_a000214_000049,25.683433627814313,79.76304933127886,20.897535595297043,68.09821135457179,0.87939453125,5.3734485479347285,2.65176602625138
camera_only,TRAIN,p001231,p001231_a000214_000060,26.02603432891985,70.88990102985109,20.29945813666499,55.701848945701,0.9267578125,1.011960946701354,-11.00894533076837
camera_only,TRAIN,p001231,p001231_a000214_000071,26.923016303444506,80.92796540150678,18.892027569536012,65.11069291875201,0.900390625,-14.754748588851875,-18.251040806672663
camera_only,TRAIN,p001231,p001231_a000214_000083,30.451047082056228,80.99329347261808,18.780356455175195,67.76328639995,0.91357421875,-22.89152235018763,-31.763951358924047
camera_only,TRAIN,p100067,p100067_a005746_000002,15.750451649395217,82.57166682050928,13.138797442675834,80.58809848855988,0.89794921875,0.8583238599933836,-1.707388269649428
camera_only,TRAIN,p100067,p100067_a005746_000008,16.989935304493237,87.6294323731517,13.23487148411835,93.2558467828687,0.8994140625,1.48581307549372,-0.3020323646035621
camera_only,TRAIN,p100067,p100067_a005746_000014,16.171288387002548,85.72757307746281,13.109621657858682,90.97648836591891,0.90771484375,1.268202238843477,1.7984770049454966
camera_only,TRAIN,p100067,p100067_a005746_000020,15.86804055220559,75.5706529254723,11.95169440707982,82.28188879210268,0.90869140625,0.19556252803023355,-2.7430012768701175
camera_only,TRAIN,p100067,p100067_a005746_000026,15.546075147750352,81.64252406497857,12.20473227648344,87.64556291473914,0.90087890625,0.31265757834011865,1.0816100120280652
camera_only,TRAIN,p100067,p100067_a005746_000032,14.18807934553516,93.63006287216946,12.898667195555815,96.0561548793606,0.89404296875,0.7742327013666443,-0.3547563870428121
camera_only,TRAIN,p100067,p100067_a005746_000038,15.945702895438055,87.54244947954591,13.598096787575308,91.58304205068546,0.900390625,1.2628584523773654,-1.2506630901080484
camera_only,TRAIN,p100067,p100067_a005746_000044,15.96771389530183,73.98801125330274,13.59901362989122,78.55764007596686,0.8896484375,0.9897615043313976,-2.487447266299995
camera_only,TRAIN,p100069,p100069_a005191_000006,103.68760893917766,203.6228415711264,35.31042759044259,185.21888305068242,0.6064453125,26.464619896565647,147.46428951274842
camera_only,TRAIN,p100069,p100069_a005191_000021,86.69413762196547,175.33963570791482,36.27168977412491,159.65757390184055,0.6171875,27.741376912751193,120.19408516068037
camera_only,TRAIN,p100069,p100069_a005191_000037,33.61282303003148,73.56111976012129,12.609945925111084,44.080133843074215,0.97705078125,3.1523315017725366,6.491897690302238
camera_only,TRAIN,p100069,p100069_a005191_000052,99.96375411079227,156.73818964178852,25.7569045036318,94.357230454014,0.70947265625,14.11717320616027,53.332134984862705
camera_only,TRAIN,p100069,p100069_a005191_000068,61.389025901679574,123.94259517787991,25.16135725258894,96.78194620839726,0.7587890625,14.918018140620568,53.38878604862887
camera_only,TRAIN,p100069,p100069_a005191_000083,55.51279931745453,82.89970292864153,11.775795050585266,42.83737843030647,0.966796875,2.4394481259169147,0.4732791760610695
camera_only,TRAIN,p100069,p100069_a005191_000099,110.35563673544098,180.5811157237489,30.490567121573328,145.3237373630958,0.65576171875,20.634790882198587,102.36777006759844
camera_only,TRAIN,p100069,p100069_a005191_000114,65.18160178271927,113.9167103538286,14.084191242664609,52.911725384965045,0.93798828125,0.6397926018224727,0.7543148683981045
camera_only,TRAIN,p100069,p100069_a005746_000002,20.591907655075122,93.69446450002613,17.089975580455484,86.07142745580222,0.8515625,4.37634759354615,-2.3571184186037897
camera_only,TRAIN,p100069,p100069_a005746_000008,18.31556516894067,82.10136769927979,14.918705490175446,73.84434687144655,0.888671875,3.1022605207403195,-5.308814419291338
camera_only,TRAIN,p100069,p100069_a005746_000014,18.953368648923163,92.63798083378889,16.52497381429852,84.95235851068745,0.87548828125,3.9229596410393945,-5.551363526608725
camera_only,TRAIN,p100069,p100069_a005746_000020,16.822251337995276,87.14829070725354,14.1920779603082,80.25438139129155,0.88427734375,2.1359664732241477,-4.573222085163366
camera_only,TRAIN,p100069,p100069_a005746_000027,19.444431033949826,94.23059689726004,15.630371304321333,84.33340471046809,0.87353515625,3.2515318215689586,-2.8134329565312868
camera_only,TRAIN,p100069,p100069_a005746_000033,19.877242015618172,93.95406945072928,15.76733231142893,83.30545757395915,0.876953125,3.749059291405633,-3.396361543892283
camera_only,TRAIN,p100069,p100069_a005746_000039,18.035843428652928,89.33821119423537,15.762790044451698,81.83334225116833,0.8828125,3.967093889717681,-3.939694647557758
camera_only,TRAIN,p100069,p100069_a005746_000045,18.740746526466303,93.66907347598269,15.551498547057642,88.89830032788811,0.873046875,3.2359597751532743,-3.4604258213291956
camera_only,TRAIN,p100072,p100072_a001242_000006,43.55297437627062,129.6069074637157,20.404319348077397,78.65413864060078,0.85546875,7.808264588185523,33.52753086516207
camera_only,TRAIN,p100072,p100072_a001242_000020,41.83550291218381,126.00958351084654,19.315239912052945,72.15726980489296,0.86083984375,7.119311328978654,27.036910308814896
camera_only,TRAIN,p100072,p100072_a001242_000034,35.957208674024834,83.49359240134457,20.977442030342733,62.02004864338019,0.85791015625,5.706557020653429,14.396105798111435
camera_only,TRAIN,p100072,p100072_a001242_000048,32.27835998330198,123.33647296363004,22.270164530841605,121.32144691964245,0.7919921875,-0.6698378158893057,-17.159945411021113
camera_only,TRAIN,p100072,p100072_a001242_000063,27.269527093020212,91.20578416029196,20.84334964679202,89.28621830442725,0.81396484375,-1.4638570501513968,-13.944929538236693
camera_only,TRAIN,p100072,p100072_a001242_000077,35.042923093127314,88.54642878184399,19.708490040421292,61.907166415910645,0.8994140625,3.2444433768043517,14.375257548445099
camera_only,TRAIN,p100072,p100072_a001242_000091,55.412208160619,141.48899294558265,25.844804267833993,91.27153547009378,0.794921875,13.387802124224255,42.48359534584057
camera_only,TRAIN,p100072,p100072_a001242_000105,43.60605399147774,107.42055608502321,19.89409513976896,66.55254415269765,0.8818359375,8.340988868196881,20.86402738982232
camera_only,TRAIN,p100085,p100085_a000042_000001,41.558938313240574,110.86967262994406,27.704157412917233,66.3520425586671,0.84228515625,14.785268661990186,15.266272009003487
camera_only,TRAIN,p100085,p100085_a000042_000002,39.88747876280865,110.09513030998824,28.214190686892657,69.53672362797022,0.8486328125,15.125574774740475,16.441802386534413
camera_only,TRAIN,p100085,p100085_a000042_000004,43.06259397365535,114.73201594091472,28.364808491459137,70.403407037007,0.8330078125,15.038227304713107,16.766139012858176
camera_only,TRAIN,p100085,p100085_a000042_000006,41.197038603497184,112.10875162640136,27.765337115520836,68.83976595781392,0.8466796875,14.988595683775328,16.748994508409886
camera_only,TRAIN,p100085,p100085_a000042_000008,42.69507671065129,110.54375808209456,29.303245514169795,68.67306715723409,0.83203125,17.03245731390792,16.85584545435926
camera_only,TRAIN,p100085,p100085_a000042_000010,42.40088564011806,114.47323654588106,28.948415802473903,70.83642932573491,0.80908203125,16.729820562719894,18.213693071108445
camera_only,TRAIN,p100085,p100085_a000042_000012,45.25003829060128,117.8829713782431,28.7110504305557,70.12417278124809,0.81689453125,16.932564600517324,17.88090908480188
camera_only,TRAIN,p100085,p100085_a000042_000013,42.85004948968816,121.48217577207657,30.941369384863332,71.51463651706165,0.763671875,18.14682530244842,18.93200334469266
camera_only,TRAIN,p100086,p100086_a001415_000003,45.704737917772455,97.05424360030095,32.182796477288235,77.89432193959207,0.74365234375,20.860369743803215,37.87868408029639
camera_only,TRAIN,p100086,p100086_a001415_000010,48.80265234528569,97.2442308430577,34.17437457572619,76.89578276282535,0.7197265625,22.032710133295055,35.96449213583879
camera_only,TRAIN,p100086,p100086_a001415_000017,48.74237474158258,96.46884220173267,33.26126004525753,76.5854092675768,0.740234375,21.728644489048193,35.85666774536878
camera_only,TRAIN,p100086,p100086_a001415_000024,45.273659292222746,97.4879985355399,31.74261599093311,78.70572865682088,0.7666015625,20.300512452719758,38.417722861793116
camera_only,TRAIN,p100086,p100086_a001415_000032,48.326252840513405,95.58938654329303,34.333394059394024,76.21450001524646,0.7451171875,22.813644098706547,36.989330731287005
camera_only,TRAIN,p100086,p100086_a001415_000039,46.31338176542994,94.88405630556638,32.281849820153454,75.93410301121502,0.76123046875,20.824256761798463,34.3698304841531
camera_only,TRAIN,p100086,p100086_a001415_000046,45.53024071923479,94.89113315814447,31.2629228513836,75.10539819033612,0.78271484375,19.84992440144195,32.13599946391067
camera_only,TRAIN,p100086,p100086_a001415_000053,51.30207166985183,98.86820959496963,34.68533463259251,77.51286987930287,0.73291015625,23.33791587323899,35.90677459525316
camera_only,TRAIN,p100089,p100089_a005814_000004,50.222351972174565,137.80686260575453,41.92743448507981,113.69119492720478,0.576171875,9.10120078321382,17.9208589987211
camera_only,TRAIN,p100089,p100089_a005814_000014,49.8330884102714,150.2025318959569,44.04656308797678,129.26766459278974,0.55712890625,8.029189686682429,22.43987075623508
camera_only,TRAIN,p100089,p100089_a005814_000024,50.406015266045515,142.6286896373043,41.82056159432705,122.24175680790506,0.560546875,12.500323775219744,29.4643778427356
camera_only,TRAIN,p100089,p100089_a005814_000034,51.51883928372254,146.11309151530597,44.47345851809253,124.91175924500088,0.5537109375,12.884314896761936,29.82015851787999
camera_only,TRAIN,p100089,p100089_a005814_000043,51.673082652993806,143.96433064350506,43.43500353319108,119.52279277613478,0.56494140625,13.57805913309991,24.948250851826174
camera_only,TRAIN,p100089,p100089_a005814_000053,52.89256274256451,138.1140611531769,43.217072877215124,114.7188575115805,0.564453125,13.263700748322535,24.138610425737696
camera_only,TRAIN,p100089,p100089_a005814_000063,52.75478273294217,144.08476080825008,46.485185377989964,126.1789330892573,0.53857421875,16.66016357164026,38.11928427092931
camera_only,TRAIN,p100089,p100089_a005814_000073,52.62978409457946,145.5734907316113,45.87597695930053,126.69616197876718,0.5419921875,16.370116069286304,35.85963550410713
camera_only,TRAIN,p100090,p100090_a005401_000001,46.49399447012428,136.11812929810904,38.14907589025453,114.36709558186796,0.60595703125,19.011911481404574,40.094351558356124
camera_only,TRAIN,p100090,p100090_a005401_000003,45.419569386752954,136.69336618025434,35.75172977981775,115.67082730543721,0.6318359375,16.815516551716414,31.470081254638828
camera_only,TRAIN,p100090,p100090_a005401_000005,42.795985035087625,133.29312811680987,35.69793423633094,109.26160184137039,0.6484375,15.712102123256734,31.49129175666461
camera_only,TRAIN,p100090,p100090_a005401_000007,43.327701077071225,128.68459204032655,35.04851307144593,107.0886135158781,0.65380859375,15.315974966980939,24.974704457893722
camera_only,TRAIN,p100090,p100090_a005401_000009,37.69551229118092,124.91940392798229,29.505983813801485,100.29968094694371,0.71142578125,9.932962328125036,22.71698504065536
camera_only,TRAIN,p100090,p100090_a005401_000011,46.52467115836904,137.7571598625984,36.835972765235056,113.6572574413093,0.62158203125,17.727187642325106,45.870420084492
camera_only,TRAIN,p100090,p100090_a005401_000013,41.98785860824615,118.5345796367213,33.65269534577554,99.93121943422555,0.6865234375,14.100253191081457,18.919924029468945
camera_only,TRAIN,p100090,p100090_a005401_000015,44.0227519587641,135.71985736606965,35.01659702547003,116.18070958632052,0.638671875,15.848499835915092,43.28950239756807
camera_only,TRAIN,p100092,p100092_a001307_000004,64.1786498174871,253.3172887539718,58.46523779184708,248.69856235504062,0.46337890625,33.437709217502515,146.9312443869963
camera_only,TRAIN,p100092,p100092_a001307_000014,65.84306603325075,247.61048268323404,56.29885052584304,242.53046659235937,0.4638671875,32.5679334616256,159.9710880102865
camera_only,TRAIN,p100092,p100092_a001307_000024,68.8040465310257,266.0190151663167,60.42983819329402,266.50290958222365,0.4208984375,42.55882991073162,206.23274544003203
camera_only,TRAIN,p100092,p100092_a001307_000034,77.74637693222704,291.1669805971982,71.68136756370014,295.95921840829635,0.39013671875,50.63433445526073,228.15543661219084
camera_only,TRAIN,p100092,p100092_a001307_000044,68.77776408724671,283.7136087567212,65.96494674757427,286.4960859932743,0.42529296875,46.137514860591594,225.14737586629565
camera_only,TRAIN,p100092,p100092_a001307_000054,65.39461449389243,265.31958378205127,58.08571634552113,254.8244028052799,0.45751953125,33.53326471916992,161.67436722520938
camera_only,TRAIN,p100092,p100092_a001307_000064,79.23231770946052,264.6200442560895,69.71378521483922,250.5866172737446,0.41552734375,39.92674711491056,137.17757146177703
camera_only,TRAIN,p100092,p100092_a001307_000074,69.04030765641633,251.88450098890337,61.846922013469154,231.49959235482748,0.435546875,35.43898133249677,121.36205159109495
metric_base_no_learned_offset,VAL,p001194,p001194_a000062_000005,30.700668170708802,101.63633604264817,30.41299279910728,101.53714840948419,0.71728515625,20.408342306619417,51.45936726499687
metric_base_no_learned_offset,VAL,p001194,p001194_a000062_000017,30.38949129739848,99.90764801971217,30.53690344318931,100.48666348873012,0.7255859375,20.70135295764706,50.89687841471817
metric_base_no_learned_offset,VAL,p001194,p001194_a000062_000029,24.979484101346387,113.34915304980902,23.272290425980295,106.26168020343907,0.77294921875,14.078783882258467,67.1135358597849
metric_base_no_learned_offset,VAL,p001194,p001194_a000062_000041,39.86917747015367,124.95046239025027,28.82478148140895,92.84523545558689,0.71728515625,17.97414048968367,38.83924385323177
metric_base_no_learned_offset,VAL,p001194,p001194_a000062_000053,39.41593859844384,134.92861178418485,27.744038376565122,102.74854748884607,0.6982421875,16.517104196364794,64.48458799561698
metric_base_no_learned_offset,VAL,p001194,p001194_a000062_000065,27.560797828018895,113.55307669180894,26.090417832816495,108.35019861423156,0.7333984375,17.926191243623578,64.91268377701975
metric_base_no_learned_offset,VAL,p001194,p001194_a000062_000077,32.9495976135053,100.37442973018975,31.548808347517145,98.16473050524105,0.71044921875,19.675425644546753,51.134353596747694
metric_base_no_learned_offset,VAL,p001194,p001194_a000062_000089,30.818201238583207,101.13000322102029,30.36463895017273,99.79222480291688,0.7275390625,20.201398202408704,55.008631420536915
metric_base_no_learned_offset,VAL,p001194,p001194_a000986_000010,30.530028879490665,87.83555753659444,30.34266481584421,85.44855121378495,0.77197265625,20.41500006817663,35.00509357968969
metric_base_no_learned_offset,VAL,p001194,p001194_a000986_000036,34.47275117991691,121.62587116212912,29.187392889306448,111.57669673645194,0.71484375,20.782502076065853,65.40780120063812
metric_base_no_learned_offset,VAL,p001194,p001194_a000986_000062,51.586789093869164,167.2092443056602,44.63387195436987,138.90801019349166,0.54541015625,33.805107240279284,91.16573566898506
metric_base_no_learned_offset,VAL,p001194,p001194_a000986_000088,25.220003111945722,95.84158055078952,24.629911292064556,95.12558884152715,0.79443359375,16.7784279973204,68.97421885279647
metric_base_no_learned_offset,VAL,p001194,p001194_a000986_000114,30.498641795922865,111.19922674104411,23.4316128021281,100.19761430929974,0.7822265625,13.936331210480912,66.53441069431659
metric_base_no_learned_offset,VAL,p001194,p001194_a000986_000140,48.97834160841594,179.47711217793096,41.29157071814199,170.9023920668786,0.5673828125,30.649989534213752,123.31525332347448
metric_base_no_learned_offset,VAL,p001194,p001194_a000986_000166,61.89494979644553,149.49529071196164,37.021350262286326,118.55768032673882,0.65283203125,27.290224584145655,80.41798907801734
metric_base_no_learned_offset,VAL,p001194,p001194_a000986_000192,23.637671281638074,83.38948571881085,23.18308023112114,80.74588905915947,0.833984375,15.436378545619988,52.00879379828125
metric_base_no_learned_offset,TRAIN,p001195,p001195_a000053_000006,28.067391117182993,79.48248068095782,21.71962757162099,76.68636871462812,0.794921875,-151.6212044106374,-136.7635555184999
metric_base_no_learned_offset,TRAIN,p001195,p001195_a000053_000021,29.702851443188006,79.14587727903212,21.528851752965448,73.47477247823159,0.8046875,-147.21608195092648,-133.15602776987586
metric_base_no_learned_offset,TRAIN,p001195,p001195_a000053_000037,49.98842858122079,312.66795803192673,48.441297150169945,276.0147899228977,0.515625,-169.7647363506294,-6.521710321662454
metric_base_no_learned_offset,TRAIN,p001195,p001195_a000053_000052,40.945905227304216,210.92654021629286,41.502952907610606,206.60689925929836,0.57568359375,-173.4617434502391,-56.70678084127957
metric_base_no_learned_offset,TRAIN,p001195,p001195_a000053_000068,46.592856664260275,148.79900539546423,43.47669867332144,140.36243836801913,0.572265625,-171.17710742033645,-131.75770328608536
metric_base_no_learned_offset,TRAIN,p001195,p001195_a000053_000083,34.088888182209914,86.9758079810673,24.023879897626855,75.25413957427708,0.78076171875,-159.85709601790217,-147.3809530628945
metric_base_no_learned_offset,TRAIN,p001195,p001195_a000053_000099,38.7297117919841,93.21954077313801,30.886761823324356,90.35445204499207,0.75244140625,17.09127437579045,52.05062042318912
metric_base_no_learned_offset,TRAIN,p001195,p001195_a000053_000114,30.72394238287772,81.48589665578295,24.858316097852484,81.8256991317745,0.80615234375,-151.3880035311809,-125.13354326048888
metric_base_no_learned_offset,TRAIN,p001195,p001195_a000986_000011,26.691150135947506,75.84817174555401,20.818135856965302,77.51372078185813,0.83837890625,-161.89457526983284,-138.5430196841376
metric_base_no_learned_offset,TRAIN,p001195,p001195_a000986_000039,28.69901023116311,101.34532661007981,25.342976725237264,95.46631397947026,0.7470703125,15.12112366719945,54.91139035912009
metric_base_no_learned_offset,TRAIN,p001195,p001195_a000986_000068,26.858914413129376,137.51854516736282,20.11104750329197,130.94508432727037,0.7705078125,1.9948655720498891,-0.40694795496273173
metric_base_no_learned_offset,TRAIN,p001195,p001195_a000986_000096,28.725976257528785,89.55634431722238,27.13668016015432,86.5478091282631,0.7890625,-136.9477653476973,-109.71493712653925
metric_base_no_learned_offset,TRAIN,p001195,p001195_a000986_000125,25.697310521352364,81.11140347173287,19.773117226933806,72.4487887352437,0.8603515625,3.16993527233096,9.089149782225675
metric_base_no_learned_offset,TRAIN,p001195,p001195_a000986_000153,42.09836906542125,152.32869649972986,39.90268948304626,141.56408433956054,0.59130859375,21.47114651653046,59.7692550396324
metric_base_no_learned_offset,TRAIN,p001195,p001195_a000986_000182,34.9654359905327,95.36784219269849,25.12323232363417,90.36431252956551,0.78173828125,-135.91456679712854,-112.65726888815642
metric_base_no_learned_offset,TRAIN,p001195,p001195_a000986_000210,25.458769498817666,73.64775688869777,19.062800261459202,74.9945231743803,0.85302734375,-149.81013149805995,-129.92024942591198
metric_base_no_learned_offset,VAL,p001196,p001196_a000388_000011,19.275069025236675,70.20376349823154,17.21445547178148,66.9090715429299,0.876953125,2.807665240853071,24.417537711237706
metric_base_no_learned_offset,VAL,p001196,p001196_a000388_000040,22.602633438283473,65.99369799320037,17.740221416657434,53.79652318523717,0.9326171875,3.595219553709006,14.24539324307895
metric_base_no_learned_offset,VAL,p001196,p001196_a000388_000069,33.51533959815041,147.06199386032853,30.470131256403633,140.03635373009226,0.7099609375,19.995121349706345,100.18701536416881
metric_base_no_learned_offset,VAL,p001196,p001196_a000388_000098,24.12813016390968,80.00460554402048,18.348645629103586,72.08732028265248,0.900390625,6.482040299784014,31.65293471631059
metric_base_no_learned_offset,VAL,p001196,p001196_a000388_000127,35.02285284942555,99.00278736100707,23.42347255660634,86.71935789265261,0.81103515625,11.050167489573033,38.075832723885135
metric_base_no_learned_offset,VAL,p001196,p001196_a000388_000156,45.055176590752325,118.25635763676189,39.87681930969764,113.43911128368362,0.59716796875,25.436318835962282,51.95524068019476
metric_base_no_learned_offset,VAL,p001196,p001196_a000388_000185,45.654692176109805,137.3054469013471,40.45817743624861,127.876364478149,0.60205078125,27.449133442869584,74.70573050202606
metric_base_no_learned_offset,VAL,p001196,p001196_a000388_000214,28.460022076995262,72.63968809866499,20.399619698162155,72.52032895600706,0.87841796875,6.172815032077198,25.672840502848153
metric_base_no_learned_offset,TRAIN,p001197,p001197_a000062_000005,27.901526400306047,88.57262429170191,24.147924544435405,78.06337180226832,0.830078125,13.953351922077939,23.26506356287392
metric_base_no_learned_offset,TRAIN,p001197,p001197_a000062_000016,28.352751622575315,98.25650228757793,23.960664762879063,87.16901112489667,0.81201171875,13.763938751025428,39.25051470226946
metric_base_no_learned_offset,TRAIN,p001197,p001197_a000062_000028,31.158363301142252,109.46260164520504,26.258344364914663,94.52940824288994,0.79150390625,12.031761638970668,43.182231697586985
metric_base_no_learned_offset,TRAIN,p001197,p001197_a000062_000040,45.66865370818431,173.00811255700708,31.346530011671923,163.68473321245347,0.6669921875,13.953786514401529,91.83173429878714
metric_base_no_learned_offset,TRAIN,p001197,p001197_a000062_000052,36.322497784950585,113.3157454065143,33.097514252315364,106.4012617665275,0.70654296875,19.351458172790128,-16.747024085069597
metric_base_no_learned_offset,TRAIN,p001197,p001197_a000062_000064,39.02677358779261,115.78681451840643,36.17223505718106,107.30857608208859,0.67236328125,14.823482487506197,22.484346125681512
metric_base_no_learned_offset,TRAIN,p001197,p001197_a000062_000076,52.210901979126675,156.065411718392,25.153362526900075,136.6482238615373,0.74609375,7.578661525685533,74.83081890792465
metric_base_no_learned_offset,TRAIN,p001197,p001197_a000062_000087,39.612697818483284,136.3903198345967,26.013518487126923,124.01752532224127,0.75732421875,13.685212748969402,65.52108394042806
metric_base_no_learned_offset,TRAIN,p001197,p001197_a001238_000003,35.856489828742774,129.56239350045684,26.078221335572817,105.28853072118638,0.78125,9.157439584929726,9.630454970337382
metric_base_no_learned_offset,TRAIN,p001197,p001197_a001238_000010,36.39280366680965,112.119751295237,27.829547440751483,92.69971639454128,0.7822265625,11.53115406222772,-12.066454532980572
metric_base_no_learned_offset,TRAIN,p001197,p001197_a001238_000018,36.49283808847234,121.05112236435589,26.097769864797467,101.15361586284298,0.7880859375,9.552318177055941,10.767666432995355
metric_base_no_learned_offset,TRAIN,p001197,p001197_a001238_000025,40.29219703368464,142.53006671845162,26.254052567919395,114.22346072190983,0.77978515625,10.135844409792469,6.896328927162159
metric_base_no_learned_offset,TRAIN,p001197,p001197_a001238_000033,38.22135470348201,141.08609029380693,24.809648422140093,113.6386527176499,0.79052734375,9.153648721856907,-16.4407659291372
metric_base_no_learned_offset,TRAIN,p001197,p001197_a001238_000040,37.833137167868,119.44943931743929,27.093414535990597,100.06425957344419,0.765625,12.578679891447953,2.7525921189234595
metric_base_no_learned_offset,TRAIN,p001197,p001197_a001238_000048,38.54355158823515,127.75404280747287,25.49707500625882,103.64137184148201,0.78125,9.638731379541404,-1.0481882515426832
metric_base_no_learned_offset,TRAIN,p001197,p001197_a001238_000055,39.696698463508845,143.26551041738423,26.71586971066021,115.3296721298217,0.767578125,10.424849625899832,-8.612128838872508
metric_base_no_learned_offset,VAL,p001199,p001199_a001398_000001,51.450832814258206,135.54561142333856,26.788925964588838,120.46533308855142,0.751953125,14.632336347614618,77.30001677710104
metric_base_no_learned_offset,VAL,p001199,p001199_a001398_000004,55.83669461925363,141.39298952361963,28.887452827974144,127.2056599775098,0.73193359375,16.47970455823318,87.7210404890555
metric_base_no_learned_offset,VAL,p001199,p001199_a001398_000008,56.85668620391404,145.66268423953386,30.006511438399933,128.12545723858972,0.720703125,18.62561686900226,84.22820906416955
metric_base_no_learned_offset,VAL,p001199,p001199_a001398_000011,57.310941818855525,142.44559435464262,29.502899716840183,122.40026625326999,0.74072265625,17.949304836230276,80.42302683720771
metric_base_no_learned_offset,VAL,p001199,p001199_a001398_000014,56.220529588615015,142.8557466377099,28.560421780590964,121.8876792733015,0.7314453125,17.34577398715397,80.3342287272949
metric_base_no_learned_offset,VAL,p001199,p001199_a001398_000017,55.938011579431574,144.86618862441586,28.458583560911805,128.75408521995655,0.7333984375,17.645543913423648,86.66090374761288
metric_base_no_learned_offset,VAL,p001199,p001199_a001398_000021,48.68060567983624,129.9030579645722,27.420543605251247,115.59219712151037,0.75146484375,15.795492851027806,73.87447990151131
metric_base_no_learned_offset,VAL,p001199,p001199_a001398_000024,54.78615953360472,135.8150945093359,28.107838023129418,121.70277887457777,0.72607421875,16.531165526153526,79.13130675523789
metric_base_no_learned_offset,VAL,p001201,p001201_a005135_000002,92.39438506217468,234.38011162413136,52.94409209608823,164.00607715083757,0.46923828125,42.531565393810986,128.80119164135067
metric_base_no_learned_offset,VAL,p001201,p001201_a005135_000007,93.94097695698973,225.3860195069541,56.83664498719254,156.68184958921722,0.44384765625,46.59730681368995,125.46337070925637
metric_base_no_learned_offset,VAL,p001201,p001201_a005135_000011,94.89204296942522,255.1739210241081,57.52778048569728,184.32230457361075,0.42822265625,47.14324722725637,142.94807603449834
metric_base_no_learned_offset,VAL,p001201,p001201_a005135_000016,88.21141355351956,229.94550346834117,54.04752045283642,163.8001515355925,0.4609375,43.89212865530891,130.72370798413948
metric_base_no_learned_offset,VAL,p001201,p001201_a005135_000021,91.8360084348146,226.68028696004896,53.58249680303868,157.4654872095404,0.466796875,43.64092887303067,123.83791494051138
metric_base_no_learned_offset,VAL,p001201,p001201_a005135_000026,91.9806552164452,229.01038729015437,55.21371639370382,159.5063427539482,0.45068359375,44.255816379458444,124.4538214506039
metric_base_no_learned_offset,VAL,p001201,p001201_a005135_000030,91.77933454831216,234.8991694103996,54.863614587743115,168.61327664188119,0.45947265625,44.43646673944012,131.16190041589545
metric_base_no_learned_offset,VAL,p001201,p001201_a005135_000035,91.9558306380645,225.19149076676595,56.996477768056984,156.14341026494134,0.4384765625,45.91609401495501,123.22886345179552
metric_base_no_learned_offset,TRAIN,p001202,p001202_a001230_000002,54.18127125154686,156.5143403420869,34.87118937880234,144.8795300641345,0.662109375,16.410087235328852,73.82594638350075
metric_base_no_learned_offset,TRAIN,p001202,p001202_a001230_000009,53.56070942133418,142.604858630268,32.76019601963244,133.26735329406014,0.70263671875,14.479241135171982,65.32838537853777
metric_base_no_learned_offset,TRAIN,p001202,p001202_a001230_000015,57.65685638585428,145.05807599731864,35.07461217639904,136.58988028287231,0.65380859375,17.23221664926031,68.12776303029341
metric_base_no_learned_offset,TRAIN,p001202,p001202_a001230_000021,55.50642850613025,143.23481497274923,33.939445252602326,132.42254764416194,0.6708984375,14.945454440213169,64.1057903393193
metric_base_no_learned_offset,TRAIN,p001202,p001202_a001230_000028,57.26592648593417,132.18049729188803,33.968137632213605,113.97806817015615,0.67626953125,14.132684135231116,48.788800603694796
metric_base_no_learned_offset,TRAIN,p001202,p001202_a001230_000034,55.5318040475772,141.57408968531675,33.94143921655406,129.00947267479216,0.677734375,14.547376638375297,63.4132097742109
metric_base_no_learned_offset,TRAIN,p001202,p001202_a001230_000040,56.00273933492117,145.21430872284307,34.25537316075048,130.51899042061092,0.66650390625,16.101176594281537,65.52179547993906
metric_base_no_learned_offset,TRAIN,p001202,p001202_a001230_000047,55.41656534068497,131.40381655580669,32.682016287053315,117.54499526057786,0.67919921875,12.961831653938088,50.21980473641999
metric_base_no_learned_offset,TRAIN,p001202,p001202_a005135_000001,56.77470989671855,154.71745800103625,48.54104898610379,117.31944227528986,0.51171875,39.18849520461791,78.99718882692332
metric_base_no_learned_offset,TRAIN,p001202,p001202_a005135_000005,62.3167704084359,159.99078217900941,51.91401523921066,124.02516986934941,0.486328125,42.99977618459768,85.51253989198486
metric_base_no_learned_offset,TRAIN,p001202,p001202_a005135_000008,58.41623149352862,155.56192628383104,50.14293567883845,122.90289554161896,0.49755859375,40.56782563832333,85.16633962621793
metric_base_no_learned_offset,TRAIN,p001202,p001202_a005135_000012,61.45273944545498,156.84820440721657,48.66885252132093,120.55865564584062,0.5146484375,38.6304919750437,83.20159439568593
metric_base_no_learned_offset,TRAIN,p001202,p001202_a005135_000015,56.56216341771943,153.40023517775487,52.25081384323677,125.90987543238911,0.48193359375,42.46772971898227,86.53320243893614
metric_base_no_learned_offset,TRAIN,p001202,p001202_a005135_000019,54.88617241257598,150.02566968844704,48.68812506614174,117.11090403571335,0.51171875,39.41062918290683,80.43243051427312
metric_base_no_learned_offset,TRAIN,p001202,p001202_a005135_000022,57.93255016437102,154.78293518633348,47.77681358644229,116.99619584793427,0.51806640625,38.631799948471155,76.86732125583633
metric_base_no_learned_offset,TRAIN,p001202,p001202_a005135_000026,53.7830858956929,151.5246045955949,48.02370942668197,117.46022557666004,0.521484375,38.81727666225484,79.20207777316779
metric_base_no_learned_offset,TRAIN,p001203,p001203_a000032_000003,37.51373710426586,108.89564128266267,28.73214677499336,87.28416281444439,0.75146484375,12.622606733685135,41.96242252639965
metric_base_no_learned_offset,TRAIN,p001203,p001203_a000032_000009,38.07749502313716,102.80434687932399,27.12102075359153,85.16322139567886,0.7734375,9.782743387237748,40.94511120396361
metric_base_no_learned_offset,TRAIN,p001203,p001203_a000032_000016,38.508098003608296,103.59071793044322,25.580453828425455,81.81779239357029,0.79150390625,8.790784180267888,36.920870832645036
metric_base_no_learned_offset,TRAIN,p001203,p001203_a000032_000022,37.41241988820637,105.47706570369762,25.69737083508627,87.5010884616303,0.7744140625,7.664915692276757,41.24216532407483
metric_base_no_learned_offset,TRAIN,p001203,p001203_a000032_000029,38.11629811156689,110.509566845041,28.93845776040959,91.24988302212458,0.74609375,11.196570060063642,47.88295567051077
metric_base_no_learned_offset,TRAIN,p001203,p001203_a000032_000035,37.57508194088822,109.44154195290972,27.027230747523838,92.18086613592996,0.7607421875,10.844994244726294,46.72226806583224
metric_base_no_learned_offset,TRAIN,p001203,p001203_a000032_000042,38.060018000012356,100.70696287095839,25.371365035015103,80.21948961235988,0.7890625,9.821224694973566,37.07271214129243
metric_base_no_learned_offset,TRAIN,p001203,p001203_a000032_000048,39.33572247346409,106.51762111057334,27.796813188606087,92.32349684332512,0.751953125,10.851959632872344,48.64220352838758
metric_base_no_learned_offset,TRAIN,p001204,p001204_a003011_000001,64.49354618020917,234.9990550376653,51.61816062131524,215.0350166464638,0.4853515625,39.261116425581015,169.49649080643292
metric_base_no_learned_offset,TRAIN,p001204,p001204_a003011_000003,64.45964683988022,235.63537526202808,49.41182345900282,208.32217982398092,0.50244140625,37.23592530668488,163.1118237101847
metric_base_no_learned_offset,TRAIN,p001204,p001204_a003011_000006,63.189885363237195,236.2723758653515,50.650311402926775,214.35037643862148,0.49462890625,37.47886359244637,167.4734860556527
metric_base_no_learned_offset,TRAIN,p001204,p001204_a003011_000008,62.1923835984222,230.51337775301587,49.4853133697213,209.18326225604523,0.5029296875,36.5696636572513,163.10150005556338
metric_base_no_learned_offset,TRAIN,p001204,p001204_a003011_000010,57.220374328398414,214.4592435425011,45.757797033841946,191.21601999750223,0.5380859375,32.74833907629521,142.49120263082835
metric_base_no_learned_offset,TRAIN,p001204,p001204_a003011_000012,70.48789607151505,242.843582385234,54.67625073542965,223.36127276765143,0.4599609375,41.89544553457986,176.7034753827028
metric_base_no_learned_offset,TRAIN,p001204,p001204_a003011_000015,61.292074156185606,228.46786232226114,49.95799935706151,201.73745406269862,0.50048828125,38.18502968615631,157.50028456830273
metric_base_no_learned_offset,TRAIN,p001204,p001204_a003011_000017,64.97391222767092,240.44796665178086,53.44863801377626,215.35692098959944,0.4755859375,41.51533956201837,168.3332462582888
metric_base_no_learned_offset,TRAIN,p001210,p001210_a001226_000002,103.38224605630487,353.6397200182748,73.99512024420392,332.721452561745,0.396484375,25.10863941763722,98.69048364564614
metric_base_no_learned_offset,TRAIN,p001210,p001210_a001226_000006,107.58285823909802,347.9027104869657,75.36445705434022,326.72238297384433,0.392578125,26.159838581599082,111.46409140455665
metric_base_no_learned_offset,TRAIN,p001210,p001210_a001226_000010,105.2854574132461,361.10451307114,72.71035424372373,344.5242154465882,0.40576171875,21.977747486532465,109.57707602432322
metric_base_no_learned_offset,TRAIN,p001210,p001210_a001226_000014,109.14399115636338,359.66136543393986,76.59671441898783,340.050650631847,0.37744140625,24.640091241518903,113.23745018363033
metric_base_no_learned_offset,TRAIN,p001210,p001210_a001226_000018,102.16783413720455,359.0811623492713,71.03346430995872,341.4041757538222,0.3916015625,21.04642796407323,115.33865363205928
metric_base_no_learned_offset,TRAIN,p001210,p001210_a001226_000022,112.1454774800292,375.63697391705085,76.7488217544284,358.6830467674185,0.38330078125,28.073530377758544,113.67339755438522
metric_base_no_learned_offset,TRAIN,p001210,p001210_a001226_000026,113.93377906570595,353.5592852416786,74.20523692588233,341.633098332386,0.3857421875,25.474126259508793,116.2349863731364
metric_base_no_learned_offset,TRAIN,p001210,p001210_a001226_000030,114.16319730358212,370.7544880756115,78.61485383850149,352.6027314001443,0.36669921875,29.408454256565733,142.0026966507129
metric_base_no_learned_offset,TRAIN,p001216,p001216_a001423_000001,41.18601088605861,227.2169895489095,40.30795077861271,220.86808908923985,0.5537109375,22.959307010411486,156.03797780187386
metric_base_no_learned_offset,TRAIN,p001216,p001216_a001423_000004,40.67728849563211,220.48439597486436,38.00104040425076,213.7372350263139,0.578125,21.408504705997082,146.82569906367166
metric_base_no_learned_offset,TRAIN,p001216,p001216_a001423_000007,40.027212843179726,208.75241852082718,36.57262336317308,204.47467947659135,0.5712890625,21.560848427151278,135.99634717857526
metric_base_no_learned_offset,TRAIN,p001216,p001216_a001423_000010,41.575675145886954,221.02413891265343,39.29855303485985,214.35709406058336,0.5576171875,21.459347850184514,148.55485132321698
metric_base_no_learned_offset,TRAIN,p001216,p001216_a001423_000013,39.80748329541255,217.52291788234143,37.95967433147599,213.65225904955022,0.56689453125,20.42660096899894,144.33134533539317
metric_base_no_learned_offset,TRAIN,p001216,p001216_a001423_000016,39.987617016093665,224.60579112299067,39.28910509644458,219.07338355011666,0.556640625,21.440462150088692,151.39781504178126
metric_base_no_learned_offset,TRAIN,p001216,p001216_a001423_000019,38.79347922127971,226.96670269218694,37.00853378674449,218.93197285494185,0.57080078125,19.065436129092205,151.39651529935895
metric_base_no_learned_offset,TRAIN,p001216,p001216_a001423_000022,39.403224980737775,223.02725562945596,37.852141046219316,215.33939165284534,0.5673828125,19.146660659313017,150.60900678127553
metric_base_no_learned_offset,TRAIN,p001225,p001225_a005341_000001,73.59789995206003,225.97656684108784,56.700858574937044,192.3880890586941,0.453125,40.68149134073792,139.89843786335103
metric_base_no_learned_offset,TRAIN,p001225,p001225_a005341_000005,73.93640390907986,232.65537172725746,59.99981898158306,204.05150660254313,0.43603515625,43.67823431128991,151.17042048685082
metric_base_no_learned_offset,TRAIN,p001225,p001225_a005341_000009,76.48457497515642,233.98449721197764,59.95335300897145,205.94213088789644,0.43603515625,43.529235538665915,148.8591730197386
metric_base_no_learned_offset,TRAIN,p001225,p001225_a005341_000013,73.77068092025102,232.43248469538403,59.298260555479246,203.02439048476,0.447265625,42.0245177436296,149.1406370995769
metric_base_no_learned_offset,TRAIN,p001225,p001225_a005341_000016,77.25068881077891,246.75313642578934,60.87974398944387,215.56991247458782,0.4287109375,44.48570554223928,164.60902075397968
metric_base_no_learned_offset,TRAIN,p001225,p001225_a005341_000020,70.88674534244129,243.74609952002575,57.26783804162302,213.37392085067523,0.45556640625,40.000257731031574,157.4991838396256
metric_base_no_learned_offset,TRAIN,p001225,p001225_a005341_000024,73.99978210764368,246.6238927609593,58.65284590212923,214.2215136634378,0.443359375,41.724878695047856,156.79294240415268
metric_base_no_learned_offset,TRAIN,p001225,p001225_a005341_000028,68.75320935129142,237.78159603103555,57.69918696326761,212.18227840735537,0.45068359375,40.23879739781205,154.52914966373947
metric_base_no_learned_offset,TRAIN,p001226,p001226_a000223_000006,23.774496528648974,65.05741804014764,21.57674768412164,63.10550786616489,0.8994140625,9.152398209336761,24.374400295725387
metric_base_no_learned_offset,TRAIN,p001226,p001226_a000223_000021,23.38002443596054,68.15011591880275,21.8567992805849,66.08347425252062,0.87841796875,9.878579270163993,26.692977830701224
metric_base_no_learned_offset,TRAIN,p001226,p001226_a000223_000036,27.730128636701913,67.41828189638693,18.20161262536141,63.61455645359156,0.91259765625,7.106648090897856,22.764640325485644
metric_base_no_learned_offset,TRAIN,p001226,p001226_a000223_000051,27.00787820416669,76.54909339962748,22.473550492342678,70.58442267808329,0.87939453125,10.807535977633421,34.86019568110376
metric_base_no_learned_offset,TRAIN,p001226,p001226_a000223_000066,32.57904256163195,78.73220417046758,21.43280526596455,67.82726305850645,0.90771484375,8.291701115973801,31.063566917226815
metric_base_no_learned_offset,TRAIN,p001226,p001226_a000223_000081,21.517845021363534,49.82266129762461,12.726876365038013,43.95647275564468,0.9697265625,1.9403998682343566,6.10939225845393
metric_base_no_learned_offset,TRAIN,p001226,p001226_a000223_000096,27.00091633015709,78.30599470815876,22.68721155237963,76.94650616407961,0.875,10.151792109053268,38.00995217117335
metric_base_no_learned_offset,TRAIN,p001226,p001226_a000223_000111,25.508061127849132,77.45653493930661,23.38466023007601,76.43023305001132,0.85498046875,10.691435705356593,38.586005636777614
metric_base_no_learned_offset,TRAIN,p001231,p001231_a000029_000001,74.60677724002636,190.88541717556774,41.92200397265434,164.37648099051304,0.5634765625,22.276155514642532,59.53295636229592
metric_base_no_learned_offset,TRAIN,p001231,p001231_a000029_000003,76.34366777880959,189.89035702235049,41.875038868416766,156.33450743764215,0.5771484375,22.538089112739385,55.50909984640808
metric_base_no_learned_offset,TRAIN,p001231,p001231_a000029_000005,72.07987808173974,191.49710188680032,43.49313432997246,157.88523749212456,0.57177734375,23.982794294510075,51.320086822925035
metric_base_no_learned_offset,TRAIN,p001231,p001231_a000029_000007,76.08310714242256,193.54875481214097,42.50525768405374,150.0196623882058,0.57177734375,23.446907636854625,54.31147307112562
metric_base_no_learned_offset,TRAIN,p001231,p001231_a000029_000008,77.65018950033837,205.19934370461218,45.55841578459091,171.49790661719737,0.55126953125,25.660125061066424,62.99193514742005
metric_base_no_learned_offset,TRAIN,p001231,p001231_a000029_000010,74.65820046720984,186.3377289159848,40.974761222702355,155.5171716758268,0.57763671875,21.767336005788593,52.71779608984015
metric_base_no_learned_offset,TRAIN,p001231,p001231_a000029_000012,76.51337169524507,193.33988319576005,43.98714587332475,168.8652622272414,0.55615234375,24.816909017859587,58.81739125764622
metric_base_no_learned_offset,TRAIN,p001231,p001231_a000029_000014,73.81290775729266,169.67234935647815,39.64121952290044,129.2846119398155,0.6171875,20.169815216979377,34.369020353150376
metric_base_no_learned_offset,TRAIN,p001231,p001231_a000075_000003,84.76154122462776,138.17795040765026,11.756288773082417,53.98903100464229,0.93701171875,-0.61622362620923,3.093650502526934
metric_base_no_learned_offset,TRAIN,p001231,p001231_a000075_000012,84.78631110506059,129.4155448351797,12.695891561887889,46.11102628099981,0.96044921875,0.4584762267590996,-3.674078506009714
metric_base_no_learned_offset,TRAIN,p001231,p001231_a000075_000020,101.00618860572295,143.4126081786969,15.70468696216452,49.324365880117746,0.95361328125,4.105045415391446,4.046325573915972
metric_base_no_learned_offset,TRAIN,p001231,p001231_a000075_000029,90.45545954378383,218.16189278608684,29.350789675802858,184.5557661796044,0.6513671875,13.931098650595445,123.38500531323348
metric_base_no_learned_offset,TRAIN,p001231,p001231_a000075_000037,83.9288742201122,222.42640985607557,31.36107213889865,185.41195534731355,0.6494140625,15.665389613447257,124.42305139211655
metric_base_no_learned_offset,TRAIN,p001231,p001231_a000075_000046,102.5446583161297,152.17137170876188,21.90725063454147,93.4841458666487,0.7666015625,9.32419744973081,45.9829356954289
metric_base_no_learned_offset,TRAIN,p001231,p001231_a000075_000054,88.00270058739765,134.6399843090662,14.568020957985812,53.87315999681903,0.931640625,4.0555751734231045,3.944682553225128
metric_base_no_learned_offset,TRAIN,p001231,p001231_a000075_000063,91.28079022298118,138.37468015939862,14.66185321792856,54.947412036107266,0.92578125,4.2567822580422785,0.25029432678606156
metric_base_no_learned_offset,TRAIN,p001231,p001231_a000214_000004,19.648585095472555,83.80972728405092,17.566548939087156,73.5871541802293,0.8935546875,-15.778970392365935,-12.921010144058172
metric_base_no_learned_offset,TRAIN,p001231,p001231_a000214_000016,20.632745757212486,85.97203744197294,18.123440466191298,72.4735802431283,0.88037109375,-11.013504120269882,-4.565019871385118
metric_base_no_learned_offset,TRAIN,p001231,p001231_a000214_000027,30.36997219173613,82.72256753171433,20.683385810406843,81.53090153994722,0.8466796875,-20.077742116094146,-32.84984036759637
metric_base_no_learned_offset,TRAIN,p001231,p001231_a000214_000038,27.26866207970248,110.60470558319685,20.343987465877902,102.79497339950478,0.798828125,2.846058861956454,22.240911149385468
metric_base_no_learned_offset,TRAIN,p001231,p001231_a000214_000049,31.085799141905067,108.45454606502102,29.605677277259726,108.64041745950472,0.744140625,14.081590229897412,43.19397213118431
metric_base_no_learned_offset,TRAIN,p001231,p001231_a000214_000060,31.83433711907974,88.0706047851621,20.927745423797457,83.41872523167326,0.8291015625,1.6402482338338196,16.707930955203892
metric_base_no_learned_offset,TRAIN,p001231,p001231_a000214_000071,19.849365369481063,84.04953295386447,20.324266305416025,75.88999230611205,0.87744140625,-13.322509852971862,-7.471741419312622
metric_base_no_learned_offset,TRAIN,p001231,p001231_a000214_000083,28.066946683748174,92.57068747463052,19.675485919469317,75.8752853992828,0.8857421875,-21.996392885893506,-23.65195235959125
metric_base_no_learned_offset,TRAIN,p100067,p100067_a005746_000002,26.428646210054232,92.47949957890391,21.57818611028096,84.43844771261342,0.83203125,9.29771252759851,2.142960954404117
metric_base_no_learned_offset,TRAIN,p100067,p100067_a005746_000008,24.260889137413653,91.14180863988676,21.553357541631,84.84805352168897,0.82666015625,9.80429913300637,-8.709825625783296
metric_base_no_learned_offset,TRAIN,p100067,p100067_a005746_000014,24.37136105139899,91.94599042459294,22.13552757544097,85.51746892033721,0.80517578125,10.294108156425766,-3.660542440636206
metric_base_no_learned_offset,TRAIN,p100067,p100067_a005746_000020,22.89199298310995,91.91542818662414,20.136208886249854,83.18232535100378,0.814453125,8.380077007200267,-1.8425647179690117
metric_base_no_learned_offset,TRAIN,p100067,p100067_a005746_000026,22.964581101122153,95.94989281141946,19.69011414020677,89.19153338049951,0.8125,7.798039442063448,2.6275804777884275
metric_base_no_learned_offset,TRAIN,p100067,p100067_a005746_000032,21.433054144376204,90.82330002301192,20.87887088451958,87.20999177258952,0.8046875,8.754436390330408,-9.200919493813899
metric_base_no_learned_offset,TRAIN,p100067,p100067_a005746_000038,21.950811491967002,86.62388348226557,21.714616998886513,83.99526620048022,0.82373046875,9.37937866368857,-8.838438940313296
metric_base_no_learned_offset,TRAIN,p100067,p100067_a005746_000044,22.08004912412934,91.96079641054831,21.54647816095482,87.60526800050216,0.8076171875,8.937226035394998,6.560180658235311
metric_base_no_learned_offset,TRAIN,p100069,p100069_a005191_000006,95.92407496936613,199.49449541873656,33.6149422662221,179.63868893772548,0.61376953125,24.769134572345155,141.88409539979148
metric_base_no_learned_offset,TRAIN,p100069,p100069_a005191_000021,81.06130679552626,246.50686062376752,41.603366009953305,231.30006723961873,0.546875,33.07305314857959,191.83657849845855
metric_base_no_learned_offset,TRAIN,p100069,p100069_a005191_000037,57.48880810346673,241.2133061810267,36.06677176609125,201.39862910864693,0.59228515625,26.609157342752702,163.81039295587496
metric_base_no_learned_offset,TRAIN,p100069,p100069_a005191_000052,114.78431861495778,171.77972880097332,22.867183353336397,94.8154352602834,0.71923828125,11.227452055864866,53.7903397911321
metric_base_no_learned_offset,TRAIN,p100069,p100069_a005191_000068,73.34576034409133,278.4968197422577,51.48352057376597,246.86176789705445,0.48583984375,41.240181461797604,203.46860773728605
metric_base_no_learned_offset,TRAIN,p100069,p100069_a005191_000083,73.5799785404515,197.9014079224203,31.400486259931835,157.56346050751824,0.654296875,22.064139335263484,115.19936125327284
metric_base_no_learned_offset,TRAIN,p100069,p100069_a005191_000099,117.66288742755331,191.46727511076372,27.989927905140867,156.39477594289667,0.65966796875,18.134151665766126,113.43880864739931
metric_base_no_learned_offset,TRAIN,p100069,p100069_a005191_000114,87.91028737348428,253.17499500739254,46.79955930253085,220.00699055261404,0.51806640625,33.355160661688714,167.8495800360471
metric_base_no_learned_offset,TRAIN,p100069,p100069_a005746_000002,27.094470507180297,84.88638020994323,26.178392085554417,78.87954843865388,0.75439453125,13.464764098645084,-9.548997435752128
metric_base_no_learned_offset,TRAIN,p100069,p100069_a005746_000008,24.38836464922059,82.65461488219488,24.600996279617316,78.91619655888508,0.77978515625,12.78455131018219,-0.23696473185280809
metric_base_no_learned_offset,TRAIN,p100069,p100069_a005746_000014,27.416632060205664,86.33674689965152,25.469317218787065,79.15984276333903,0.74462890625,12.86730304552794,-11.343879273957143
metric_base_no_learned_offset,TRAIN,p100069,p100069_a005746_000020,25.10988813587425,83.35318204175555,24.929134685187897,78.69255400900737,0.763671875,12.873023198103844,-6.135049467447544
metric_base_no_learned_offset,TRAIN,p100069,p100069_a005746_000027,26.804691952502118,85.55453678175213,25.249224037085177,80.79340740422654,0.7548828125,12.870384554332803,-6.353430262772832
metric_base_no_learned_offset,TRAIN,p100069,p100069_a005746_000033,26.483269144998495,89.84027375243863,25.325334524070165,83.72362838779682,0.74169921875,13.307061504046867,-2.9781907300546067
metric_base_no_learned_offset,TRAIN,p100069,p100069_a005746_000039,24.930118339852125,85.82615050238441,25.647578446183488,81.19756992910021,0.76220703125,13.85188229144947,-4.575466969625879
metric_base_no_learned_offset,TRAIN,p100069,p100069_a005746_000045,28.035665693157313,89.66033240447871,26.427808384978253,84.26251143757166,0.748046875,14.112269613073884,-8.096214711645644
metric_base_no_learned_offset,TRAIN,p100072,p100072_a001242_000006,64.82987495685094,154.2716485426039,22.54640093400962,86.52305803666368,0.81689453125,9.950346174117744,41.39645026122498
metric_base_no_learned_offset,TRAIN,p100072,p100072_a001242_000020,63.84846524089985,152.72511752997767,22.427009217423148,82.86803464551632,0.82177734375,10.231080634348857,37.74767514943825
metric_base_no_learned_offset,TRAIN,p100072,p100072_a001242_000034,47.36775900834256,126.6486976894015,25.284110293289622,81.72446430546121,0.7734375,10.013225283600319,34.100521460192454
metric_base_no_learned_offset,TRAIN,p100072,p100072_a001242_000048,45.94760107949401,137.8670787513697,30.77180970130653,119.92513365717518,0.677734375,7.83180735457562,-18.556258673488387
metric_base_no_learned_offset,TRAIN,p100072,p100072_a001242_000063,41.82249171789066,132.88822827215125,30.59420103931724,109.6936635079732,0.7255859375,8.286994342373823,6.462515665309255
metric_base_no_learned_offset,TRAIN,p100072,p100072_a001242_000077,52.46936176085018,129.51560179309737,23.05845623592503,76.07199121882336,0.81494140625,6.594409572308088,28.54008235135781
metric_base_no_learned_offset,TRAIN,p100072,p100072_a001242_000091,77.08963508683503,167.74686726373488,29.83226601141098,104.66772459456475,0.7265625,17.37526386780124,55.879784470311535
metric_base_no_learned_offset,TRAIN,p100072,p100072_a001242_000105,56.59076649056561,137.46019464902136,21.1603364920515,77.29234832200108,0.81787109375,9.607230220479419,31.603831559125744
metric_base_no_learned_offset,TRAIN,p100085,p100085_a000042_000001,35.670199387891664,102.36345162322932,33.619363120815336,89.82669935105274,0.69189453125,20.70047436988829,38.74092880138913
metric_base_no_learned_offset,TRAIN,p100085,p100085_a000042_000002,37.263284579806424,102.73433091427057,34.49763816649666,91.9770328790482,0.68115234375,21.409022254344475,38.88211163761239
metric_base_no_learned_offset,TRAIN,p100085,p100085_a000042_000004,39.87040139795285,105.1017778093567,35.509023613383725,91.47955163311688,0.67138671875,22.182442426637696,37.84228360896806
metric_base_no_learned_offset,TRAIN,p100085,p100085_a000042_000006,39.32581769618929,101.35816668941798,35.81788711031672,89.18120415539627,0.6708984375,23.041145678571212,37.090432705992235
metric_base_no_learned_offset,TRAIN,p100085,p100085_a000042_000008,35.58703705185712,97.90194862939153,31.635219342911043,86.74865724782211,0.7080078125,19.364431142649167,34.931435544947284
metric_base_no_learned_offset,TRAIN,p100085,p100085_a000042_000010,35.826865071919016,98.24059978644185,32.83198880261635,88.68296940258803,0.689453125,20.613393562862342,36.06023314796156
metric_base_no_learned_offset,TRAIN,p100085,p100085_a000042_000012,38.24886583346466,93.98471155078398,33.18820790190795,81.76368899617091,0.69189453125,21.409722071869574,29.5204252997247
metric_base_no_learned_offset,TRAIN,p100085,p100085_a000042_000013,36.046467152819005,94.24602774461184,31.684087496153012,85.9934926407901,0.73095703125,18.8895434137381,33.41085946842111
metric_base_no_learned_offset,TRAIN,p100086,p100086_a001415_000003,24.603683996059182,80.52061754081112,22.104821877365538,73.51626156445822,0.83984375,10.782395143880517,33.50062370516253
metric_base_no_learned_offset,TRAIN,p100086,p100086_a001415_000010,23.818946834462135,76.27822743267978,20.90313068892081,66.40232877515433,0.888671875,8.761466246489675,25.47103814816777
metric_base_no_learned_offset,TRAIN,p100086,p100086_a001415_000017,24.115544745266497,79.71935330629097,22.647184069141375,69.4149284888191,0.85791015625,11.114568512932038,28.68618696661109
metric_base_no_learned_offset,TRAIN,p100086,p100086_a001415_000024,23.472425043721724,77.06519460617953,21.00785211307472,69.05004272599706,0.869140625,9.565748574861367,28.762036930969295
metric_base_no_learned_offset,TRAIN,p100086,p100086_a001415_000032,24.423214988620643,78.88036204964602,21.29072439797964,70.93253260407816,0.8623046875,9.770974437292164,31.70736332011871
metric_base_no_learned_offset,TRAIN,p100086,p100086_a001415_000039,24.22398400818239,77.96422218130074,22.349167940437333,68.98810144453601,0.86328125,10.891574882082342,27.423828917474097
metric_base_no_learned_offset,TRAIN,p100086,p100086_a001415_000046,23.28226966175084,78.45800272086431,21.572731970304513,71.1271256722983,0.85791015625,10.159733520362863,28.15772694587286
metric_base_no_learned_offset,TRAIN,p100086,p100086_a001415_000053,24.761219887146893,78.44720560930278,23.501024255025552,71.58946343156684,0.85205078125,12.153605495672034,29.983368147517133
metric_base_no_learned_offset,TRAIN,p100089,p100089_a005814_000004,100.40602240274765,252.05263228907947,79.36381216707625,215.16142464264868,0.3623046875,46.53757846521026,119.39108871416501
metric_base_no_learned_offset,TRAIN,p100089,p100089_a005814_000014,101.56864620217554,263.92599922855527,78.20334256257564,231.5094129106824,0.384765625,42.18596916128129,124.68161907412775
metric_base_no_learned_offset,TRAIN,p100089,p100089_a005814_000024,97.92231666342249,253.7086622653993,76.0667176320842,221.14387299874778,0.38134765625,46.7464798129769,128.3664940335783
metric_base_no_learned_offset,TRAIN,p100089,p100089_a005814_000034,100.07326754962872,262.900733922101,81.3235265811044,229.82754941601635,0.365234375,49.73438295977381,134.73594868889546
metric_base_no_learned_offset,TRAIN,p100089,p100089_a005814_000043,101.17583168302568,254.76803563927595,77.73075061048192,218.7197662100392,0.37158203125,47.873806210390754,124.1452242857306
metric_base_no_learned_offset,TRAIN,p100089,p100089_a005814_000053,93.9744546635038,251.10054722395716,75.74726351315014,218.62218308044854,0.36865234375,45.793891384257556,128.04193599460575
metric_base_no_learned_offset,TRAIN,p100089,p100089_a005814_000063,94.37849384802138,254.09015243605293,74.02191527414419,220.98847270933214,0.3818359375,44.19689346779449,132.92882389100416
metric_base_no_learned_offset,TRAIN,p100089,p100089_a005814_000073,96.50580712665408,257.4429400938247,79.65621111182,222.30844569433913,0.36767578125,50.15035022180577,131.47191921967908
metric_base_no_learned_offset,TRAIN,p100090,p100090_a005401_000001,84.0691837016248,337.90184177303115,74.63166899216131,318.44258023311863,0.365234375,55.494504583311354,244.16983620960679
metric_base_no_learned_offset,TRAIN,p100090,p100090_a005401_000003,80.07028106619924,335.9064184984748,69.35933985429037,314.8252422195317,0.39599609375,50.42312662618903,230.6244961687333
metric_base_no_learned_offset,TRAIN,p100090,p100090_a005401_000005,78.56662978958303,332.8865944813165,69.35884408491442,312.7618986508594,0.3896484375,49.37301197184022,234.9915885661536
metric_base_no_learned_offset,TRAIN,p100090,p100090_a005401_000007,83.3864342991804,333.6205871889084,75.54233716469426,315.22270411167665,0.3623046875,55.80979906022927,233.1087950536923
metric_base_no_learned_offset,TRAIN,p100090,p100090_a005401_000009,77.1894676565087,312.29754551691826,69.28354846252432,292.9704946338552,0.39599609375,49.71052697684787,215.38779872756686
metric_base_no_learned_offset,TRAIN,p100090,p100090_a005401_000011,87.05350845225416,338.1539430753422,77.31120955702315,321.18309550314007,0.3603515625,58.2024244341132,253.39625814632277
metric_base_no_learned_offset,TRAIN,p100090,p100090_a005401_000013,77.36766375358084,325.95891300354305,68.95220998115909,307.5378781619896,0.400390625,49.399767826465,226.52658275723303
metric_base_no_learned_offset,TRAIN,p100090,p100090_a005401_000015,80.2186712979494,339.8638883198237,70.71557862758635,320.2254824312447,0.3896484375,51.54748143803142,247.33427524249225
metric_base_no_learned_offset,TRAIN,p100092,p100092_a001307_000004,171.9444156388695,472.99629215636276,128.031779088877,397.36892238354955,0.31591796875,103.00425051453243,295.6016044155052
metric_base_no_learned_offset,TRAIN,p100092,p100092_a001307_000014,158.4542592703368,464.7039519346609,116.15833848664033,393.04787958913624,0.31201171875,92.4274214224229,310.48850100706335
metric_base_no_learned_offset,TRAIN,p100092,p100092_a001307_000024,164.7295023805905,530.7877538747024,113.6481487705891,438.78075261813984,0.2763671875,95.7771404880267,378.5105884759482
metric_base_no_learned_offset,TRAIN,p100092,p100092_a001307_000034,246.40099900020707,582.6890319940569,173.79889775814743,478.4656461991332,0.228515625,152.751864649708,410.66186440302766
metric_base_no_learned_offset,TRAIN,p100092,p100092_a001307_000044,234.0755039310913,559.4762434470374,158.9508837122429,452.9992295807575,0.22314453125,139.12345182526022,391.6505194537789
metric_base_no_learned_offset,TRAIN,p100092,p100092_a001307_000054,197.11965616976707,516.7605370750676,119.94926300501368,403.24955529595076,0.3271484375,95.39681137866246,310.09951971588026
metric_base_no_learned_offset,TRAIN,p100092,p100092_a001307_000064,214.12820182227324,515.914075815625,138.53609647689802,405.5121011389197,0.28271484375,108.74905837696937,292.10305532695213
metric_base_no_learned_offset,TRAIN,p100092,p100092_a001307_000074,198.60412275577164,479.41083338137184,118.53832894986377,367.36774883186814,0.3193359375,92.13038826889138,257.2302080681356
