subject,split,seed,method,posterior_d3d_median_mm,posterior_d3d_p95_mm,posterior_ray_absolute_median_mm,posterior_ray_absolute_p95_mm,posterior_ray_common_hit_absolute_median_mm,posterior_ray_common_hit_absolute_p95_mm,posterior_ray_hit_fraction,posterior_ray_common_hit_fraction,torso_d3d_median_mm,torso_d3d_p95_mm,torso_ray_absolute_median_mm,torso_ray_absolute_p95_mm,torso_ray_common_hit_absolute_median_mm,torso_ray_common_hit_absolute_p95_mm,torso_ray_hit_fraction,torso_ray_common_hit_fraction,face_flip_frac,edge_strain_p50,edge_strain_p99,silhouette_iou,silhouette_boundary_median_px,txyz_fallback
S103,test,0,Official,66.00144375907115,80.45661838080392,73.7559798419607,85.44277918130163,73.7559798419607,85.44277918130163,0.984271523178808,0.984271523178808,62.2021401381008,76.32466484772107,72.09704670906402,91.76606860678312,72.54651709614168,91.94599198477303,0.8852920478536243,0.860661505981703,0.0,0.0,3.1991482840286084e-15,0.6922562152154274,10.5352261608226,
S103,test,0,Official+Txyz,5.880788050037916,18.41372245025321,6.951629619956767,19.515655999139547,6.938638569039091,19.48375451517314,0.9933774834437086,0.984271523178808,4.952642204271809,19.068950016240468,5.927944707429078,19.22327192508141,5.840416120622471,18.2644488008534,0.9064039408866995,0.860661505981703,0.0,0.0,6.8771100662727555e-15,0.7504291989030345,8.0,False
S103,test,0,Official+Txyz+Pose,6.846527494474795,17.067681983830692,8.058050039016829,18.507051733522683,7.9839109766211,18.414209846789383,0.9900662251655629,0.984271523178808,8.23648069863146,21.136926563733518,9.764434590209925,21.282540606361383,9.550783178684519,19.51725797042827,0.9007741027445461,0.860661505981703,0.0,0.0003491106992814284,0.026729243059739748,0.7584012191432381,9.0,False
S103,test,0,Official+Rigid,7.061051384332005,16.458474582602086,8.382404448954661,17.548140751004702,8.376098730307424,17.53334383173248,0.9850993377483444,0.984271523178808,10.164205572526308,21.51178776486913,12.658326227971695,25.20413723974618,12.674029346461557,24.22100643346487,0.8979591836734694,0.860661505981703,0.0,4.940441976582354e-15,1.1946388613151205e-13,0.7551703673844156,9.0,
S103,test,0,Official+Rigid+D,3.0865902164390597,10.666773537540159,3.5870641697468564,11.633957704839915,3.526939009643071,11.46852570200667,0.9875827814569537,0.984271523178808,2.6895090478668244,15.440975046899714,3.1313502335375,11.936773246114932,3.00083356704528,10.68569167203301,0.9057002111189303,0.860661505981703,0.001871237186093182,0.0029603543168951166,0.25755212398048505,0.7527189146765333,9.055385138137417,
S103,test,1,Official,66.32440361472636,78.69941566188648,76.06756196358499,92.71173692924945,76.06756196358499,92.71173692924945,0.955767562879445,0.955767562879445,62.7962789542513,76.32488423822205,70.40362172592208,89.63368418716443,70.4511890179742,89.70576123960022,0.9027673896783844,0.8945400149588631,0.0,0.0,3.1991482840286084e-15,0.6922562152154274,10.5352261608226,
S103,test,1,Official+Txyz,8.20455665982227,17.312974979589388,9.468437219405157,19.948827306634165,9.413317844791935,19.358744714656222,0.98959236773634,0.955767562879445,6.0238765243638435,16.777226395038753,7.078651819703241,19.7633016808727,6.795608370156692,17.639390403850154,0.9356768885564697,0.8945400149588631,0.0,0.0,1.1330583034958112e-14,0.7472255924487138,8.0,False
S103,test,1,Official+Txyz+Pose,5.93937904325363,15.858100000717142,7.235829736408239,17.485168817307486,7.178515659056028,17.449081907456065,0.9921942758022549,0.955767562879445,6.392498338377647,17.002452457928158,7.704982197677568,18.86758712415304,7.590260873550636,18.378479634664767,0.9281974569932685,0.8945400149588631,0.0,0.00034708340839594313,0.026555707197005583,0.7688913403199118,9.0,False
S103,test,1,Official+Rigid,5.600310382146447,15.619629711868374,6.937662659293853,16.850407488136156,6.925427969348696,16.804752605641195,0.9861231569817867,0.955767562879445,6.331428325996754,18.121233349329543,7.3245864848061615,19.317753662148547,7.371107083918305,19.270911836327066,0.912490650710546,0.8945400149588631,0.0,3.5295464596474776e-15,1.155732930400963e-13,0.753363680084106,9.055385138137417,
S103,test,1,Official+Rigid+D,2.4640567410084615,8.595949741573682,2.827187134669451,9.877825656867897,2.7367892672504057,9.609452249569317,0.986990459670425,0.955767562879445,2.154397057101834,11.01092946009926,2.3890353961000255,9.061487076070108,2.3711995634649874,8.896212946932936,0.9139865370231862,0.8945400149588631,0.0005966263491891306,0.0025719995059244717,0.24549610921348558,0.7518023464087408,9.055385138137417,
S103,test,2,Official,60.835811362121916,71.36603546411806,65.04510951764509,99.57813154235234,65.04510951764509,99.57813154235234,0.9521951219512195,0.9521951219512195,58.37744803915185,70.33860997007476,67.2778344977527,96.86401602914141,67.7787513669077,97.08918992754919,0.9151266255989049,0.867214236824093,0.0,0.0,3.1991482840286084e-15,0.6922562152154274,10.5352261608226,
S103,test,2,Official+Txyz,7.318203987741739,14.618801475963501,8.080298163828603,16.604955584617276,8.01953149695489,15.716297595757823,0.9980487804878049,0.9521951219512195,4.655315904299538,14.272515153948806,6.016202235039403,20.958807678408856,5.558240742368437,17.5051870722784,0.9425051334702259,0.867214236824093,0.0,0.0,1.5895711634182857e-14,0.748589237019311,8.0,False
S103,test,2,Official+Txyz+Pose,11.931390982790122,18.060074530622224,12.849808794281659,24.860401222920903,12.653618061640447,20.624473015738275,1.0,0.9521951219512195,9.394605332805819,18.80684364975057,12.27995677190874,27.315594809914163,11.894804743412424,22.76494962805598,0.9226557152635181,0.867214236824093,0.0,0.00025880932802861944,0.025481879570385415,0.7716852819311836,8.246211251235321,False
S103,test,2,Official+Rigid,18.309790157721114,28.34527984104839,18.471889385947236,28.968609139848397,18.76447693657302,29.122517313871278,1.0,0.9521951219512195,7.027631045760088,27.71690768932348,8.69057932444961,33.22680836829961,7.967020072780384,31.310544342588827,0.9247091033538672,0.867214236824093,0.0,5.240586534317952e-15,1.2680136115534072e-13,0.7488659793814433,8.0,
S103,test,2,Official+Rigid+D,2.408107783568761,7.359751505923968,2.6454765022947413,8.446077019270335,2.5963267885596997,8.107870229113024,1.0,0.9521951219512195,2.427927305319142,9.621026905186461,2.7764030917469817,13.562081420024697,2.5891015507979454,9.58833465543203,0.9329226557152636,0.867214236824093,0.0010034170418180832,0.0036384328581707953,0.21585161454541077,0.7469185423365488,8.246211251235321,
S104,dev,0,Official,349.5771386847109,374.22717098094415,381.65399581956814,393.70592303246553,380.8682642957213,392.2858682000086,0.9245867768595041,0.8997933884297521,340.03051160495096,374.40411450638214,369.1829086727022,390.34934067250134,369.1027910451001,389.6432417234393,0.9135424636572304,0.9020657995409335,0.0,0.0,9.149587083747952e-15,0.6885504885993485,7.615773105863909,
S104,dev,0,Official+Txyz,349.5771386847109,374.22717098094415,381.65399581956814,393.70592303246553,380.8682642957213,392.2858682000086,0.9245867768595041,0.8997933884297521,340.03051160495096,374.40411450638214,369.1829086727022,390.34934067250134,369.1027910451001,389.6432417234393,0.9135424636572304,0.9020657995409335,0.0,0.0,9.149587083747952e-15,0.6885504885993485,7.615773105863909,True
S104,dev,0,Official+Txyz+Pose,227.05748817137186,313.4284298209399,270.9941685213646,338.24079968825794,272.0080812228678,338.2413828042794,0.9049586776859504,0.8997933884297521,233.14474184831437,314.65266405371136,259.3009137038977,338.45402830048397,263.0911870958934,339.0940426811989,0.9418515684774292,0.9020657995409335,0.0,0.0002733637288068488,0.05062518811407208,0.5219182112385996,12.0,True
S104,dev,0,Official+Rigid,13.882795566833941,21.703462751456215,15.703301241774659,24.913140899839913,15.45046116396298,23.592882159362837,0.9907024793388429,0.8997933884297521,12.826022934598118,25.3689146513384,14.761573875254452,50.112312309735266,14.196864418044575,44.223191362941236,0.9693955623565417,0.9020657995409335,0.0,6.896464666080685e-15,1.4141787400865466e-13,0.7230310593455352,7.0,
S104,dev,0,Official+Rigid+D,3.4485813187601195,7.22325817748904,3.839318018419302,9.296751610304142,3.7433996583233764,8.532697905967112,0.996900826446281,0.8997933884297521,4.229857879234414,19.53562054512955,4.667966700226733,39.924055975199735,4.4688306025522095,35.864103465344066,0.9716908951798011,0.9020657995409335,0.008135813852579053,0.001179262951358012,0.3081773558657901,0.7269550328411835,7.0,
S104,dev,1,Official,355.44225345763186,370.47475588075685,379.92155715487127,394.91549084212687,378.5550052037413,387.0056845979988,1.0,0.8389261744966443,334.44308591175553,370.96187382727305,362.8543124606327,390.0941214849114,360.446280450492,384.42089400110234,0.9205574912891986,0.7226480836236934,0.0,0.0,9.149587083747952e-15,0.6885504885993485,7.615773105863909,
S104,dev,1,Official+Txyz,355.44225345763186,370.47475588075685,379.92155715487127,394.91549084212687,378.5550052037413,387.0056845979988,1.0,0.8389261744966443,334.44308591175553,370.96187382727305,362.8543124606327,390.0941214849114,360.446280450492,384.42089400110234,0.9205574912891986,0.7226480836236934,0.0,0.0,9.149587083747952e-15,0.6885504885993485,7.615773105863909,True
S104,dev,1,Official+Txyz+Pose,285.88142109450814,315.088039004808,319.9696665790247,361.4871307022792,319.9696665790247,361.4871307022792,0.8389261744966443,0.8389261744966443,230.33106379463786,314.2310839140247,253.5599387967269,356.0247126858645,261.76712718608485,357.02775115775927,0.7630662020905923,0.7226480836236934,0.0,0.00028058667779690794,0.048797794980375814,0.5598134863701578,13.0,True
S104,dev,1,Official+Rigid,6.240900287408499,16.488338463055243,6.985216370920755,17.255522204962965,6.886062635467982,17.217545079879745,1.0,0.8389261744966443,9.433420679476153,25.611396051483634,10.557325473600221,56.089449066112984,10.254110264793947,32.318874394781,1.0,0.7226480836236934,0.0,7.191318013948749e-15,1.3527134497262228e-13,0.7420978119174108,5.0,
S104,dev,1,Official+Rigid+D,1.8165487405030558,6.596059446421973,2.148366325489093,8.133732250808997,1.893935726074103,8.071268276839868,1.0,0.8389261744966443,3.3896727258739863,21.561646146001507,4.014458222944217,46.20036358635272,3.6309698059142637,27.497130308016168,1.0,0.7226480836236934,0.011715571947713836,0.0010633075561264568,0.36367871779518357,0.742486707799039,5.0,
S104,dev,2,Official,328.58403770355653,366.5527545393532,358.91269962026183,386.8629953712036,358.62525353917897,386.73357027974646,0.9603960396039604,0.944994499449945,324.6443028068016,364.54694596613587,363.572536365635,384.9967141103852,363.37377179525043,385.40685131081534,0.9259581881533101,0.8031358885017421,0.0,0.0,9.149587083747952e-15,0.6885504885993485,7.615773105863909,
S104,dev,2,Official+Txyz,328.58403770355653,366.5527545393532,358.91269962026183,386.8629953712036,358.62525353917897,386.73357027974646,0.9603960396039604,0.944994499449945,324.6443028068016,364.54694596613587,363.572536365635,384.9967141103852,363.37377179525043,385.40685131081534,0.9259581881533101,0.8031358885017421,0.0,0.0,9.149587083747952e-15,0.6885504885993485,7.615773105863909,True
S104,dev,2,Official+Txyz+Pose,188.46312401592067,294.9950899900497,203.3390834782136,350.48983469065087,203.3390834782136,350.48983469065087,0.944994499449945,0.944994499449945,211.35357576857132,292.3331340362458,237.25125066614703,342.0648774519548,240.3925705111677,342.6108500403594,0.8292682926829268,0.8031358885017421,0.0,0.00036567268994217906,0.05023363687966011,0.5676081123965034,12.0,True
S104,dev,2,Official+Rigid,9.220097223023396,17.326350646766524,10.424216448627677,18.04964028600535,10.835348933614819,18.1225719520981,1.0,0.944994499449945,6.991651006868701,23.8204394085667,8.29619125088199,35.81137424180803,9.297443492210732,29.184654758434565,0.9965156794425087,0.8031358885017421,0.0,6.958659541053794e-15,1.5373812624062255e-13,0.7319164958373426,5.385164807134504,
S104,dev,2,Official+Rigid+D,1.6690306249067344,5.84934495857402,1.963288285572684,8.225349530343083,1.8982460932859269,6.972084831634225,1.0,0.944994499449945,2.168066239254614,19.86738365008615,2.733938768426869,27.826230585516385,2.4112821781554494,22.889873632085653,0.9965156794425087,0.8031358885017421,0.015756359494494766,0.0009205328556408523,0.41926072573872203,0.7322196446757949,5.0,
S107,dev,0,Official,68.44763268055914,95.15215591895901,81.06944893186207,96.856279343987,81.06944893186207,96.856279343987,1.0,1.0,65.79581386697919,91.27676904980041,81.21813132197198,117.74723234783457,80.48710746077647,109.93848300784653,0.7704335465529495,0.744136460554371,0.0,0.0,4.904241954601862e-15,0.7191802491124052,10.0,
S107,dev,0,Official+Txyz,12.80271542302453,25.09466373710174,13.757162112545407,72.9792626866262,13.757162112545407,72.9792626866262,1.0,1.0,7.548185490221951,30.051102513160966,10.19769127858794,74.77953005331506,9.750064268337022,72.81857961607942,0.8777540867093105,0.744136460554371,0.0,0.0,7.975308280442876e-15,0.7881039587160794,6.708203932499369,False
S107,dev,0,Official+Txyz+Pose,6.236279826880239,35.75737519315392,7.42584088987519,97.16398153559838,7.42584088987519,97.16398153559838,1.0,1.0,8.371372578647227,41.095400409634,11.84155508647522,94.230381796505,11.192695638180927,96.58843258853923,0.8592750533049041,0.744136460554371,0.0,0.00044244700026569415,0.038688146867980534,0.802708861949065,7.0,False
S107,dev,0,Official+Rigid,8.801246330432496,34.758645408169514,9.537181879159196,93.3528746124676,9.537181879159196,93.3528746124676,1.0,1.0,8.183999460994103,37.27380126554039,11.335084988228328,89.23254318205508,11.255721082901848,89.28833009484552,0.8606965174129353,0.744136460554371,0.0,5.00724721894565e-15,1.260953729775323e-13,0.789033685763462,7.0,
S107,dev,0,Official+Rigid+D,2.9178680015549228,26.960681842307775,3.314517469152789,73.78406838751052,3.314517469152789,73.78406838751052,1.0,1.0,3.675784755283359,28.473108553536957,4.435721036714524,72.52964338865549,3.9529684521870667,69.62901967893524,0.851457000710732,0.744136460554371,0.0007051038672235179,0.003663679042138812,0.33006417240829294,0.7856623595900851,6.708203932499369,
S107,dev,1,Official,88.40844421838234,119.00601542436819,91.61216686516305,141.01948890584214,91.62661063673028,141.0197359669845,1.0,0.9983484723369116,71.27735515777549,102.78954857923947,85.67835240025067,128.35485764476965,85.67835240025067,127.99728708916649,0.8677751385589866,0.8646080760095012,0.0,0.0,4.904241954601862e-15,0.7191802491124052,10.0,
S107,dev,1,Official+Txyz,16.458290379700514,47.750749403602946,18.595392897984286,62.022753547262276,18.575933155044353,62.031151234883886,1.0,0.9983484723369116,11.006926178823818,42.67180593563331,14.280552487478726,58.35521625558287,14.196998575776053,56.461795122048656,0.9168646080760094,0.8646080760095012,0.0,0.0,9.14849416947814e-15,0.7870328101040606,6.708203932499369,False
S107,dev,1,Official+Txyz+Pose,8.960533588383916,30.743929147811485,9.789517405367931,59.8667965323878,9.780085973161823,59.37824573802563,1.0,0.9983484723369116,10.381625146310224,40.666230140320046,13.614479348527997,70.06987005147442,13.567929602683716,69.30186284101543,0.9081551860649247,0.8646080760095012,0.0,0.00044344796768254875,0.030427419630541467,0.7938850015211439,7.0,False
S107,dev,1,Official+Rigid,11.395170921044327,37.00889102678566,12.786358339386128,55.80016457069381,12.723221428838416,55.84159768443914,1.0,0.9983484723369116,8.99290904966007,37.114375466983404,12.412139442726676,60.22569364825407,12.326059397838819,58.541950014153116,0.9168646080760094,0.8646080760095012,0.0,4.8042531728360135e-15,1.2708765877644623e-13,0.7855080595200523,7.0710678118654755,
S107,dev,1,Official+Rigid+D,3.401460206858979,18.061315621566678,3.740917478263883,31.864236007462168,3.740917478263883,31.864236007462168,0.9983484723369116,0.9983484723369116,3.382992493903276,26.678667118933635,4.234432198775617,49.28247026640576,4.075685407157192,45.92937737058977,0.9247822644497229,0.8646080760095012,0.00040679069262895265,0.004727746749368432,0.292125634767213,0.787131379851498,7.0,
S107,dev,2,Official,66.67198954888737,93.22454713814457,74.64402413846616,101.41958232076102,74.76497407773964,101.43140810313982,0.9697959183673469,0.9657142857142857,62.284853635136855,88.14542914777827,76.83025472199634,104.29411054960423,76.8799499479833,104.20042258945406,0.880180859080633,0.8711379050489827,0.0,0.0,4.904241954601862e-15,0.7191802491124052,10.0,
S107,dev,2,Official+Txyz,11.583592045012079,26.86232457678036,13.927831070579932,63.44530123877856,13.616953549958621,63.050064983135094,0.996734693877551,0.9657142857142857,8.843380370321913,26.289140375057826,13.487128071827614,53.67946571016562,12.686270702077618,51.95817969656924,0.9660889223813113,0.8711379050489827,0.0,0.0,8.832437866025922e-15,0.7899191141181566,6.4031242374328485,False
S107,dev,2,Official+Txyz+Pose,13.919586930954166,32.8308489575656,18.326405826983084,69.63643549134261,17.722643781833636,66.51234320593001,0.9975510204081632,0.9657142857142857,11.219574068921807,28.80567822010405,17.383810585551718,57.05379907902822,16.465453718321754,54.723225801323046,0.9623210248681235,0.8711379050489827,0.0,0.00038508483272268925,0.02836853500442086,0.8089587242026266,6.082762530298219,False
S107,dev,2,Official+Rigid,13.826112004192396,37.606325493322245,14.80583249175249,80.60554902418835,14.860598657868485,81.66904078838859,0.9779591836734693,0.9657142857142857,11.039391654857456,33.59398243579336,17.20388360953895,71.1723812920211,16.756280720209517,65.93573660236201,0.9517709118311982,0.8711379050489827,0.0,4.958137350629021e-15,1.2453043191391887e-13,0.7998730696001692,7.0,
S107,dev,2,Official+Rigid+D,4.871953105529629,32.73926260248701,5.829311016242844,66.27158472251027,5.819654775630401,66.32663931195304,0.9722448979591837,0.9657142857142857,4.153831910097318,24.618251948895047,5.46814313396915,54.01990254430107,5.429085693217872,50.710066701769364,0.9449886963074604,0.8711379050489827,0.003471280577100396,0.00703825996698942,0.4728656587444596,0.7988361156830472,7.0,
S114,test,0,Official,104.17514183272833,124.9519426544245,109.24917146356793,132.5418384894404,109.68690956244632,132.3051131128765,0.9989373007438895,0.9691817215727949,92.26116527664323,123.33357093564322,105.88179219448668,129.19232870983336,106.66311114177796,129.34872774682952,0.9245960502692998,0.8842010771992819,0.0,0.0,4.463343904470275e-15,0.7277020140116377,8.06225774829855,
S114,test,0,Official+Txyz,12.51271270675432,35.11971938410579,14.632131750012878,36.46963102399137,14.729653478293582,36.56745944871523,1.0,0.9691817215727949,7.960357516989285,33.64884399444908,10.402552841655034,36.7641535168402,10.287943460074,36.581468897154004,0.9515260323159784,0.8842010771992819,0.0,0.0,1.3120792976574341e-14,0.8146553946079694,5.0,False
S114,test,0,Official+Txyz+Pose,15.893612190673899,39.68159161068207,10.940610728460198,47.32926163684582,10.377246225229065,44.556941510402744,0.9957492029755579,0.9691817215727949,7.45769228754455,28.799868908823974,8.71434018466899,50.847130306414414,8.126609489216063,42.536444699875496,0.9703770197486535,0.8842010771992819,0.0,0.00036030306702610886,0.022717280797369285,0.8092288,5.0990195135927845,False
S114,test,0,Official+Rigid,11.728680458057765,24.22123587375427,12.89902642869123,23.901746156414227,12.939504099423349,23.922083959333772,0.9808714133900106,0.9691817215727949,9.082146021207635,22.551190733636588,10.996407295673416,30.88658768418077,10.95158583577982,26.99853496834991,0.9398563734290843,0.8842010771992819,0.0,4.999403272610241e-15,1.1853316530017405e-13,0.8035180501264658,5.0990195135927845,
S114,test,0,Official+Rigid+D,4.6895643918564085,19.031725819933065,4.869327598803985,11.979045604425531,4.861713045150373,11.981955024964684,0.973432518597237,0.9691817215727949,3.7880260961717456,12.0485887155363,4.3431921880441315,17.50541707695335,4.2076639943327,15.187869642651547,0.9281867145421903,0.8842010771992819,0.006264576666485871,0.005446739068987477,0.747718108157889,0.7962789863887217,5.385164807134504,
S114,test,1,Official,97.66291780820731,113.73192442807914,101.0527035342419,116.51136529073213,101.0527035342419,116.51136529073213,1.0,1.0,78.75748231517797,109.73905647146265,93.35390766484907,116.16440344700433,93.40999902576198,116.21179288231706,0.8832224685883222,0.877309682187731,0.0,0.0,4.463343904470275e-15,0.7277020140116377,8.06225774829855,
S114,test,1,Official+Txyz,5.786813196940122,17.702316082808814,6.44082311269667,18.000881186432505,6.44082311269667,18.000881186432505,1.0,1.0,8.22977411270871,26.058048382461926,10.26556806164658,64.09286533412302,10.183172934969065,64.13506103075176,0.9379157427937915,0.877309682187731,0.0,0.0,4.386443409799822e-15,0.8167763878331895,5.0,False
S114,test,1,Official+Txyz+Pose,9.876831379759112,16.8406081194805,10.242454099914644,20.295862210981895,10.242454099914644,20.295862210981895,1.0,1.0,10.18184662814234,28.504612382919152,13.233908814442973,66.74923143681247,12.730701114292753,65.55622887450527,0.9475240206947524,0.877309682187731,0.0,0.0004472300152066069,0.026149744623409774,0.8114361326293341,5.0,False
S114,test,1,Official+Rigid,12.41495264663868,22.58562839761256,14.516219084823145,25.342579643224948,14.516219084823145,25.342579643224948,1.0,1.0,11.282929039430615,28.3228461081712,15.493723727985632,74.9141813093633,14.24529154442844,59.660690461704775,0.9815225424981523,0.877309682187731,0.0,4.916272813423741e-15,1.1627411297706377e-13,0.8046451579916147,5.385164807134504,
S114,test,1,Official+Rigid+D,4.238795048008048,10.032963052024826,4.645865174494057,11.080394799085735,4.645865174494057,11.080394799085735,1.0,1.0,4.149963256665683,20.48618032014523,5.393001009497578,50.807375127750575,4.878208719349297,38.07513131349303,0.9726533628972653,0.877309682187731,0.007376471226338341,0.006991116019240926,0.766678100908097,0.8009762847369027,5.656854249492381,
S114,test,2,Official,96.70349794481842,109.95642886200594,104.10151123104461,124.34135939554834,103.78216132718032,121.98612640178733,0.9454113924050633,0.9161392405063291,77.1146679514485,99.99548533653687,96.26692794740732,122.02120698137148,96.36942450028508,120.7313724931244,0.8204545454545454,0.7893939393939394,0.0,0.0,4.463343904470275e-15,0.7277020140116377,8.06225774829855,
S114,test,2,Official+Txyz,6.432940323553553,17.36284289686011,7.28192142038564,26.407219291358086,7.073473680287989,25.244564612714345,0.9462025316455697,0.9161392405063291,9.638386208767951,28.074354084292224,13.151176890732863,52.07177334266353,12.132467301340434,48.82551901178694,0.865909090909091,0.7893939393939394,0.0,0.0,4.112823679233105e-15,0.818789090205687,5.0,False
S114,test,2,Official+Txyz+Pose,9.549574190962183,21.73651392675279,10.268457930524999,31.809253583068383,10.17273756753212,31.534196154700286,0.9240506329113924,0.9161392405063291,8.676367094603716,26.719798240498044,11.075388914961625,45.53818212930927,10.484090979802074,43.045603808566625,0.8454545454545455,0.7893939393939394,0.0,0.0002989339244757338,0.022688545855539456,0.8148971722365038,5.0,False
S114,test,2,Official+Rigid,7.8510544290981645,18.993156045654306,8.434849891810758,32.380860716006325,8.414624842724594,32.38484858224765,0.9185126582278481,0.9161392405063291,9.553637043976046,29.129552473625047,13.023927864825868,50.015144247071504,12.481273383220582,46.32926637139575,0.8446969696969697,0.7893939393939394,0.0,3.899951689060057e-15,1.0649351664503193e-13,0.8164326439207712,5.0,
S114,test,2,Official+Rigid+D,5.224095759997788,13.533272032792556,5.542956713901037,21.207382624112515,5.542956713901037,21.207382624112515,0.9161392405063291,0.9161392405063291,4.881652090764481,22.232761962672978,5.456406371015188,33.2574621761803,5.30600457264252,31.000664123019007,0.8363636363636363,0.7893939393939394,0.007973097575527471,0.009059950881628484,1.2320149122146633,0.8050906465172654,5.0990195135927845,
S118,test,0,Official,175.72771528459958,187.67031157558864,188.6022760594277,197.13426514568556,188.6022760594277,197.13426514568556,0.9847953216374269,0.9847953216374269,153.49215441473822,197.41972666372206,182.3292248036762,214.7854758254603,182.3292248036762,214.7854758254603,0.874675885911841,0.874675885911841,0.0,0.0,9.47079240177086e-15,0.66967093708731,8.246211251235321,
S118,test,0,Official+Txyz,18.908932735258887,32.40263391669571,19.433743930029834,33.93563182950063,19.70404950339544,33.95211572242553,1.0,0.9847953216374269,13.419728141409182,36.34601408088134,19.756229149333173,44.6207185356555,19.223536361504202,42.184676530991624,0.9576490924805532,0.874675885911841,0.0,0.0,1.9886984050353214e-14,0.8304766859239383,4.0,False
S118,test,0,Official+Txyz+Pose,10.412555351465633,22.207165735552675,9.608008939077761,18.39427818485852,9.540821321392334,17.002570244873823,1.0,0.9847953216374269,7.430250791717929,36.95408761255346,11.565671631010188,60.65095609749901,8.392055715677692,41.69938971472102,0.9870354364736387,0.874675885911841,0.0,0.00029301415316433763,0.026571124183430817,0.815896582964856,5.0,False
S118,test,0,Official+Rigid,4.938595446015041,13.164483781500756,4.689767721161253,13.831258189446503,4.483221146018956,13.28438650894752,1.0,0.9847953216374269,9.445112528729949,21.659437238867053,11.897156042278478,55.36579122693145,11.391279548214062,39.361829816155876,0.9671564390665515,0.874675885911841,0.0,4.9417552842876406e-15,1.0942611977685404e-13,0.7574741694276024,5.830951894845301,
S118,test,0,Official+Rigid+D,2.478082365303354,7.168746316149677,2.455363526397969,7.125229981302827,2.432846879422357,6.774625544211803,1.0,0.9847953216374269,2.585731639375992,13.483556081548091,3.225040731683393,29.54226943241256,2.9900241335295563,18.492517855902992,0.9602420051858254,0.874675885911841,0.0013017302164126485,0.003443938078230218,0.367356545137448,0.7632646075256077,5.656854249492381,
S118,test,1,Official,172.220627703694,187.3286446111314,186.35227482783546,199.8425308169583,186.35227482783546,199.8425308169583,1.0,1.0,164.44350749708585,201.5544418705723,177.91036956746854,214.37824438444966,177.91036956746854,214.37824438444966,0.9590878604963112,0.9590878604963112,0.0,0.0,9.47079240177086e-15,0.66967093708731,8.246211251235321,
S118,test,1,Official+Txyz,19.850624956440228,33.89529138530907,20.67757392157499,36.95392755610619,20.67757392157499,36.95392755610619,1.0,1.0,16.94934506387288,40.65733576830682,19.46015583981442,49.20681783313155,19.45487175638927,48.7707279271721,0.9745137491616365,0.9590878604963112,0.0,0.0,1.4656872163449817e-14,0.8301509464975482,4.123105625617661,False
S118,test,1,Official+Txyz+Pose,9.848531041460038,24.694579466388838,9.566430270560256,27.143829234202197,9.566430270560256,27.143829234202197,1.0,1.0,10.879056653688298,34.19221384516875,14.212642593426805,39.9748106995149,13.301789800937879,38.69231925624017,0.9879275653923542,0.9590878604963112,0.0,0.0003852712061722685,0.026659307358367305,0.8331121660259655,4.123105625617661,False
S118,test,1,Official+Rigid,8.38752698901292,20.83233589733409,8.067376026249518,22.42563530412673,8.067376026249518,22.42563530412673,1.0,1.0,10.996059817404147,24.91027036713546,13.731972916697144,28.556369485507325,13.544966270460645,27.987372218612215,0.9865861837692823,0.9590878604963112,0.0,6.030810537156839e-15,1.401533068422723e-13,0.7776820164679987,5.385164807134504,
S118,test,1,Official+Rigid+D,4.159586930300489,12.552969185567648,4.068118227016804,13.347865824404519,4.068118227016804,13.347865824404519,1.0,1.0,4.311377513705755,12.33656557155538,4.941702313663532,14.457864074430052,4.923823494425106,14.374139997140473,0.9872568745808182,0.9590878604963112,0.001355968975429842,0.0036729630838667395,0.3636495323748218,0.783328217379119,5.0,
S118,test,2,Official,169.49018105141278,185.17200236240816,185.1518606215409,197.49890453176135,185.1518606215409,197.49890453176135,0.971107544141252,0.971107544141252,152.0508796390501,184.44741851521385,179.40217841265115,201.90688695983414,179.4889679400262,201.9515288943322,0.884090909090909,0.8810606060606061,0.0,0.0,9.47079240177086e-15,0.66967093708731,8.246211251235321,
S118,test,2,Official+Txyz,18.864661585008925,30.514611712916174,21.435548493792034,33.29769359236967,21.263831475395236,33.0189298687609,0.9959871589085072,0.971107544141252,10.0939712952968,27.995805691731178,14.821870025442552,38.35703735095116,14.318419525813253,34.93284876133719,0.9424242424242424,0.8810606060606061,0.0,0.0,2.14324259403745e-14,0.8318899364174523,4.123105625617661,False
S118,test,2,Official+Txyz+Pose,10.311646795025947,23.47245308648744,11.29742585451865,24.638738038361918,11.236222883604153,24.41541071281162,0.992776886035313,0.971107544141252,9.983006589523033,26.246500870457453,12.838367303964704,47.813053240942324,11.996373490594792,38.21132645442504,0.9795454545454545,0.8810606060606061,0.0,0.00042118926869344714,0.026018216625725565,0.8153577046157184,5.0,False
S118,test,2,Official+Rigid,8.868699986864673,15.879901158110627,9.63074429707711,18.91835867263141,9.544012267093894,17.829784703708977,0.992776886035313,0.971107544141252,9.87092170541571,20.532326939178645,11.484230032765996,54.336310713026435,10.944520427652593,39.93641303320923,0.9674242424242424,0.8810606060606061,0.0,5.2384911092915456e-15,1.3433040510043663e-13,0.750763089927213,6.0,
S118,test,2,Official+Rigid+D,2.6469177714722187,10.481595900599483,2.9627120845656663,11.998307292734848,2.9043401875019637,11.258446089073919,0.9895666131621188,0.971107544141252,3.0492171478269743,13.10137312875411,3.8255775788531565,33.60630223737127,3.425588139528646,19.223725392331303,0.9628787878787879,0.8810606060606061,0.00032543255410316213,0.0030221543425682806,0.2673350548691624,0.7592361375793499,5.830951894845301,
S121,test,0,Official,71.54762673979715,106.83478393322974,83.47005855369295,123.22489363199652,83.15735076369002,123.25954643072699,0.8716577540106952,0.8556149732620321,77.58292048261438,115.37537915354228,93.04840040399642,149.47372895390083,93.47722995333218,149.13501678779494,0.8268109908409659,0.7835137385512073,0.0,0.0,3.626873554099143e-15,0.6392846817825135,9.0,
S121,test,0,Official+Txyz,7.090415189826222,27.739067699006736,8.446098151534077,28.600473315193696,8.30356284317324,28.43175252229621,0.8663101604278075,0.8556149732620321,9.222487976460434,37.23899888471061,11.109451052378816,53.47916020095909,10.506210495691226,42.21462129303455,0.8759367194004996,0.7835137385512073,0.0,0.0,3.943309790091779e-15,0.7351344013032853,6.0,False
S121,test,0,Official+Txyz+Pose,6.097589008796416,19.03907539580085,6.90776052527009,28.578567576672462,6.715535453093557,28.674824151614217,0.8912655971479501,0.8556149732620321,8.23328038534278,22.788913953121032,10.43886944809036,28.110483271510557,10.044429401026456,26.224304734222102,0.8559533721898418,0.7835137385512073,0.0,0.00044308243867573823,0.02304583884757521,0.7690659178244162,6.324555320336759,False
S121,test,0,Official+Rigid,8.552933036986289,20.5937137809869,10.35178753081456,32.20118635345086,10.136290354926913,32.42410393042533,0.9117647058823529,0.8556149732620321,8.961447611496904,28.299063030348815,11.45045146298662,32.72483677056035,11.307144123592572,31.914445277301915,0.8609492089925063,0.7835137385512073,0.0,4.7296630936778745e-15,1.209513767886668e-13,0.7580953184844424,7.0710678118654755,
S121,test,0,Official+Rigid+D,4.347723690439289,19.666040811743446,5.006893483918251,19.859140869318676,4.950269601299961,18.444027991902708,0.8850267379679144,0.8556149732620321,3.98626895885374,22.831352503350796,4.465651858587161,18.530166486888618,4.249748549250976,15.498776431784211,0.8509575353871773,0.7835137385512073,0.006291696045994468,0.004080218472237406,0.32241626358840764,0.7433594536990892,7.0710678118654755,
S121,test,1,Official,72.7709409765721,105.2273535512779,80.81670081598469,112.19467695413134,80.83139034217469,112.19683820741626,0.955,0.95375,77.59322051497593,104.53196959697577,95.49105419781546,128.46774155078364,96.46533941269064,129.8045963339976,0.8892589508742714,0.8451290591174022,0.0,0.0,3.626873554099143e-15,0.6392846817825135,9.0,
S121,test,1,Official+Txyz,11.208072776517401,23.570147374370745,14.149392766322544,39.371551598801275,13.943076898333517,39.41677108504873,1.0,0.95375,10.32135208567682,28.816126458761836,13.73706001385977,61.532531151658375,12.561113190660667,45.12608742517407,0.9558701082431307,0.8451290591174022,0.0,0.0,1.2419649203603831e-14,0.7387145055106078,6.082762530298219,False
S121,test,1,Official+Txyz+Pose,8.49442253199503,28.40246157214391,10.783990918395547,54.584164427589045,10.680943391052411,54.77978527429063,1.0,0.95375,11.044521379076821,32.995722921126024,15.295416882165625,53.05159740706533,14.951427031648201,50.0655070848639,0.9042464612822648,0.8451290591174022,0.0,0.0005444430834063547,0.02817118957270051,0.7619007489650378,7.0710678118654755,False
S121,test,1,Official+Rigid,4.685571251943829,21.69938359903596,6.150021553257279,43.03016862758385,5.797285824437282,43.21528147964641,0.99875,0.95375,9.7752043675828,34.25422933253527,13.245120927456666,43.0857394168806,13.295071723096852,42.55561115401712,0.8959200666111574,0.8451290591174022,0.0,5.819985781562499e-15,1.3177769341319502e-13,0.7611506380099586,7.0,
S121,test,1,Official+Rigid+D,3.155672909729804,18.128162583419364,3.6678027568952665,37.056569570316796,3.5285822342685513,37.17678702071671,0.99125,0.95375,5.054482494338018,24.13188595536393,6.193083175386693,29.13142031896005,5.95419947937792,28.422963307075708,0.8850957535387177,0.8451290591174022,0.013207137820686663,0.004410262615368732,0.3703288064624569,0.739516077817058,7.0710678118654755,
S121,test,2,Official,73.3846709476618,108.0447661506508,83.88578647566169,113.05789608854798,83.88578647566169,113.05789608854798,0.9549861495844876,0.9549861495844876,79.74306826031605,126.59327755963542,92.21933848978148,128.0700013494139,92.23963347631391,128.35543605668258,0.8537839823659075,0.8449669360764144,0.0,0.0,3.626873554099143e-15,0.6392846817825135,9.0,
S121,test,2,Official+Txyz,10.521367167628572,26.58622685686715,12.767107625752615,31.027994660903055,12.468115472965335,31.14354705858606,0.9806094182825484,0.9549861495844876,8.525619623488774,45.32414157221708,10.318630240011672,52.161080477893,9.277003645650872,35.90592917491655,0.925789860396767,0.8449669360764144,0.0,0.0,1.195908313498326e-14,0.7407764144227145,6.0,False
S121,test,2,Official+Txyz+Pose,8.662752547248274,21.758358968228496,10.823440112343153,25.46917896353703,10.429865090404222,25.470252528305192,0.9833795013850416,0.9549861495844876,8.09074474382559,23.768662492750806,9.6960101826018,26.32989951431601,8.773354621091745,24.473679116382826,0.9287288758265981,0.8449669360764144,0.0,0.00035184281519995436,0.027195664114395092,0.7673116143417201,7.0710678118654755,False
S121,test,2,Official+Rigid,9.409902823588624,20.791991868218318,11.34843072602898,24.968129432379403,11.197170368997034,25.066295220771934,0.9861495844875346,0.9549861495844876,9.532447717204594,27.191911600506312,11.472489458250745,30.57362521482864,10.906061434403647,29.95483054660247,0.9250551065393093,0.8449669360764144,0.0,5.217269599167164e-15,1.2042276042474469e-13,0.7606892689987428,7.0,
S121,test,2,Official+Rigid+D,4.146052109515369,11.671554741954463,4.913235593792198,14.065119453022135,4.928764915578476,14.070219906964153,0.9771468144044322,0.9549861495844876,3.947713202057475,16.277511642806058,4.356533538603324,16.72026520813492,4.173747143750073,13.859455189058377,0.925789860396767,0.8449669360764144,0.008217171991104843,0.004781727146030376,0.36458085338270396,0.7438321713940088,7.0,
S130,test,0,Official,188.99285008596246,205.61377712818583,193.72182683576122,204.84010668435394,193.72182683576122,204.84010668435394,0.998995983935743,0.998995983935743,140.16441675906015,199.3885338023891,170.57649718370115,220.44506668442386,172.37377442164603,220.1043229156937,0.9201485608170845,0.8978644382544104,0.0,0.0,4.089279215876168e-15,0.6950193461268794,7.615773105863909,
S130,test,0,Official+Txyz,34.677866736559444,49.43210858095058,36.31691238733703,48.8706249953908,36.32845972398413,48.871155660587746,1.0,0.998995983935743,20.99902844417238,45.06227637674497,30.205956563799763,61.41192008876998,30.205956563799763,50.947371830471866,0.9721448467966574,0.8978644382544104,0.0,0.0,9.276226264028408e-15,0.8377930748926039,4.123105625617661,False
S130,test,0,Official+Txyz+Pose,9.956621362830017,16.908077395010377,9.85216667649702,23.707488712267633,9.85200800498709,23.34696847043066,1.0,0.998995983935743,11.283935092591094,28.115147361122556,14.462051854903235,56.011937603079986,13.255141367950918,41.1472877976745,0.9944289693593314,0.8978644382544104,0.0,0.0003460201229329051,0.02988244315527724,0.7791441587214657,5.385164807134504,False
S130,test,0,Official+Rigid,3.951900561330304,14.596339102922347,3.469097046910452,16.0545661484493,3.463051307757814,16.056430744809553,1.0,0.998995983935743,7.59842791023798,17.1520765881334,10.115304618634745,43.33459436304956,9.323951705896505,30.685742764764647,0.9637883008356546,0.8978644382544104,0.0,6.316467041258523e-15,1.3866407029095255e-13,0.7752851187420974,5.830951894845301,
S130,test,0,Official+Rigid+D,5.1897917251258825,14.028167018544288,4.810690199546608,17.896383480171085,4.810362186724815,17.896657774843394,1.0,0.998995983935743,4.108379210225524,11.05166630210208,5.245161022451095,29.780602611534423,4.770801261194002,21.919913192037562,0.9721448467966574,0.8978644382544104,0.002250908499213538,0.0024487252482924774,0.28488541447289784,0.7604393392297724,6.324555320336759,
S130,test,1,Official,190.27413904053714,204.11168202027622,197.20074159674238,207.6752543157922,197.20074159674238,207.6752543157922,0.9900744416873449,0.9900744416873449,130.86498107246425,197.3602397342833,153.18035812706077,204.17964713252522,153.1984151290744,204.095982237608,0.8529194382852919,0.8492239467849224,0.0,0.0,4.089279215876168e-15,0.6950193461268794,7.615773105863909,
S130,test,1,Official+Txyz,36.87693152817883,45.892614895153734,39.010473934347864,45.31878689121627,39.13539542090194,45.325985372911795,1.0,0.9900744416873449,19.519135676556644,42.10958242792915,33.5518929653027,65.92787278460797,33.75681632391836,56.2651296455363,0.9401330376940134,0.8492239467849224,0.0,0.0,3.819937039057079e-15,0.8388493299388738,4.123105625617661,False
S130,test,1,Official+Txyz+Pose,13.332000451017299,18.63776919073529,14.653430024635705,22.758340748160688,14.679518879776587,22.734115117136934,1.0,0.9900744416873449,10.337930121418138,20.316544265148945,14.66174934300657,50.38362300477856,14.499586335552594,42.01882217051846,0.967479674796748,0.8492239467849224,0.0,0.0003560639726202012,0.03264362116529457,0.8195486802471027,4.47213595499958,False
S130,test,1,Official+Rigid,3.8007971628436628,14.611479849757183,4.2073651762101205,19.783455612187804,4.161829381851279,19.432311219059663,1.0,0.9900744416873449,5.143418519153748,17.91424737005332,6.576312669084761,49.11538739290988,5.9770319415841655,32.027096638680646,0.9423503325942351,0.8492239467849224,0.0,6.458588748923799e-15,1.4927243248309188e-13,0.7643748988559834,6.0,
S130,test,1,Official+Rigid+D,1.9806803522978802,12.277201649033312,2.067636401974826,19.75740353367794,2.0364391930288717,19.838037787657584,1.0,0.9900744416873449,2.4313272959910277,13.072846540429847,3.2333076462878196,39.61929401577415,2.7903799674811047,23.995369956316225,0.9453067257945307,0.8492239467849224,0.0010576558008352768,0.002790239687557955,0.33496843938957177,0.7523386137373991,6.4031242374328485,
S130,test,2,Official,177.73144487172877,202.69633594444846,185.2675662074501,206.75808013856377,185.2675662074501,206.75808013856377,0.9951179820992677,0.9951179820992677,137.61137188314262,194.43310376910213,159.50074167496308,204.74491096342976,159.56054854482505,204.74804241069467,0.8730385164051355,0.8723252496433667,0.0,0.0,4.089279215876168e-15,0.6950193461268794,7.615773105863909,
S130,test,2,Official+Txyz,22.709505532528894,50.14188153749586,25.55426307135855,50.852141575703236,25.497260814590696,50.853186992828974,1.0,0.9951179820992677,15.599596558212365,43.06114204284944,23.19051203364253,66.91148693258829,21.220371928895922,55.97785524924469,0.9757489300998573,0.8723252496433667,0.0,0.0,5.4586469779964615e-15,0.8380111440058952,4.123105625617661,False
S130,test,2,Official+Txyz+Pose,8.949929440543173,19.828188290992248,10.3292539717601,22.879590273387986,10.280921707716217,22.664182093132318,1.0,0.9951179820992677,9.919175734464641,25.70381145504568,15.059385380171818,56.568004481774075,13.76329032735879,46.202581668313606,0.9686162624821684,0.8723252496433667,0.0,0.0003312359836655202,0.026053122837473828,0.831456639392618,4.123105625617661,False
S130,test,2,Official+Rigid,5.376164749698599,23.787087185350416,6.445950540941325,22.99779388227327,6.445950540941325,23.01056407160919,1.0,0.9951179820992677,5.918859635742383,18.510293810835552,8.43952809884696,37.143963263612605,7.513576897594243,27.008567455370148,0.9750356633380884,0.8723252496433667,0.0,6.5194735181593765e-15,1.4500184720945632e-13,0.7718229902592125,5.656854249492381,
S130,test,2,Official+Rigid+D,2.410963023466703,11.36181073133049,2.8542818124439595,6.7365161142320495,2.851060734545774,6.731008741780317,1.0,0.9951179820992677,2.600605707286565,9.130842470908476,3.523174411727781,24.126716998710194,3.22067359666689,15.601387291675378,0.9586305278174037,0.8723252496433667,0.0002983131745945653,0.0025789395619262457,0.26993215154312195,0.7602118478821501,6.082762530298219,
S134,test,0,Official,190.6400661593902,230.642271755958,208.04941516359276,232.7791578955155,207.81900832848487,232.85409723075557,0.9989200863930886,0.9827213822894169,178.76679470605941,225.8073403887249,206.10370312749015,235.93268511339923,208.84126170786098,235.38390179532638,0.8254326561324304,0.6598946576373212,0.0,0.0,5.723927233310734e-15,0.6734471823043138,9.0,
S134,test,0,Official+Txyz,190.6400661593902,230.642271755958,208.04941516359276,232.7791578955155,207.81900832848487,232.85409723075557,0.9989200863930886,0.9827213822894169,178.76679470605941,225.8073403887249,206.10370312749015,235.93268511339923,208.84126170786098,235.38390179532638,0.8254326561324304,0.6598946576373212,0.0,0.0,5.723927233310734e-15,0.6734471823043138,9.0,True
S134,test,0,Official+Txyz+Pose,100.97042381652798,151.18430483734218,102.41958316613065,162.06251400137194,102.55568262254234,162.2096211208572,0.9848812095032398,0.9827213822894169,102.63057090502109,157.75205767363448,117.87160534597851,179.38213402276364,122.96704955808279,181.18026883985812,0.7516930022573364,0.6598946576373212,2.7119379508596843e-05,0.0005845502172513364,0.05476386954522977,0.5814157589747289,13.416407864998739,True
S134,test,0,Official+Rigid,8.542636980560038,18.510116852211524,9.828785448664279,31.081828875751317,9.97876245163376,31.19494733236506,0.9978401727861771,0.9827213822894169,7.209643839537332,31.094549264816386,10.68672240172086,79.26734428339962,7.822571777288845,59.374357807091926,0.9435665914221218,0.6598946576373212,0.0,5.17993428435215e-15,1.2532075045999897e-13,0.7964380825565912,4.123105625617661,
S134,test,0,Official+Rigid+D,3.5532461352308573,14.726462154968353,3.787848949849959,30.760766792084436,3.716087549491043,30.75088046323919,0.9989200863930886,0.9827213822894169,4.041186162888038,24.0615571658588,4.952322095306716,51.78147447309563,3.251544578320331,34.10036055201798,0.9217456734386757,0.6598946576373212,0.005613711558279546,0.004598421754262074,0.45652506571832396,0.7741544960461582,5.0,
S134,test,1,Official,200.14353887965572,230.40240638603933,223.15541478882685,241.23218461202214,223.73907895036237,241.40309180617243,0.9611814345991562,0.9189873417721519,192.6800894113605,227.25518543986885,212.94760319831707,237.85901937773704,214.99868365224063,238.17887666686298,0.9059539918809202,0.7746955345060893,0.0,0.0,5.723927233310734e-15,0.6734471823043138,9.0,
S134,test,1,Official+Txyz,200.14353887965572,230.40240638603933,223.15541478882685,241.23218461202214,223.73907895036237,241.40309180617243,0.9611814345991562,0.9189873417721519,192.6800894113605,227.25518543986885,212.94760319831707,237.85901937773704,214.99868365224063,238.17887666686298,0.9059539918809202,0.7746955345060893,0.0,0.0,5.723927233310734e-15,0.6734471823043138,9.0,True
S134,test,1,Official+Txyz+Pose,113.01871944754089,143.51046994011818,120.5834391017554,163.29216903375698,123.16703372704873,163.53120186307615,0.960337552742616,0.9189873417721519,111.2622723924247,141.04911097616971,134.70145993746763,168.0567657380212,137.7902050261879,168.945498822124,0.8599458728010826,0.7746955345060893,2.7119379508596843e-05,0.0006534281797785458,0.04938066623532216,0.6243932563453344,9.0,True
S134,test,1,Official+Rigid,12.528453712043449,30.85101611055519,15.626696205909285,32.450744744983865,16.00600379547945,32.773241678641966,0.9763713080168777,0.9189873417721519,8.973339435763826,30.63298864564555,12.132883265841944,60.50661642463911,9.66613171496733,54.49650863541939,0.9445196211096076,0.7746955345060893,0.0,5.878776680596249e-15,1.315927382047989e-13,0.8013201659196856,4.0,
S134,test,1,Official+Rigid+D,4.966578621113357,14.196928926075703,5.929919449630727,17.368875076980427,5.783977893918157,17.488752897517404,0.9755274261603376,0.9189873417721519,3.881761588582517,18.81473969150502,4.4410450598393325,28.689937035137003,3.52482667370424,21.595997869451676,0.9208389715832206,0.7746955345060893,0.0030102511254542497,0.006173849374468593,0.46370995179778746,0.7796191043384818,5.0,
S134,test,2,Official,210.49424924284529,225.6982604245387,217.30828186521634,243.7077469306735,218.46346826027172,240.58790187430256,0.9625912408759124,0.8521897810218978,194.3838127864059,220.7113179802853,219.34807611806883,246.58334728227726,219.12298346542048,243.22369170958194,0.8904942965779468,0.7437262357414449,0.0,0.0,5.723927233310734e-15,0.6734471823043138,9.0,
S134,test,2,Official+Txyz,210.49424924284529,225.6982604245387,217.30828186521634,243.7077469306735,218.46346826027172,240.58790187430256,0.9625912408759124,0.8521897810218978,194.3838127864059,220.7113179802853,219.34807611806883,246.58334728227726,219.12298346542048,243.22369170958194,0.8904942965779468,0.7437262357414449,0.0,0.0,5.723927233310734e-15,0.6734471823043138,9.0,True
S134,test,2,Official+Txyz+Pose,134.7102895688886,161.2985127382051,146.95266138468943,191.1231555452166,147.25443006860974,191.2733405913316,0.8658759124087592,0.8521897810218978,126.38130735496169,157.704181643951,146.67455251172967,200.78690650982892,147.56614463560157,200.9782381409616,0.7680608365019012,0.7437262357414449,2.7119379508596843e-05,0.0006281065575481412,0.05059972398335541,0.6333548435134397,10.44030650891055,True
S134,test,2,Official+Rigid,9.0820641482913,23.502705128572096,9.989043737323676,27.542162880549164,8.987466354653751,27.271286396303953,0.9927007299270073,0.8521897810218978,10.31044925434049,28.940731545448752,15.074121342208313,71.79370903399773,11.839230840059223,63.08904355021927,0.9787072243346008,0.7437262357414449,0.0,7.549720894349664e-15,1.5201905693783665e-13,0.7891106246500026,4.123105625617661,
S134,test,2,Official+Rigid+D,2.2871555848296534,11.29148127747071,2.4565165458819704,13.63194022114192,2.4005010197143406,14.202525397232831,0.9890510948905109,0.8521897810218978,3.820636053733817,19.586300787021642,4.767756661396172,34.30053623970716,3.9513069229035747,31.589140184758985,0.9650190114068441,0.7437262357414449,0.0034170418180832023,0.0032402682235749495,0.36873972225207247,0.7635439528705095,5.0,
S140,test,0,Official,200.2090602560655,209.69173342464242,208.7941794400354,220.0346705245365,208.7941794400354,220.0346705245365,0.9924314096499527,0.9924314096499527,178.46589179303209,208.4252310964936,203.07897230881755,220.32458292225581,203.13443815513088,220.3357790939822,0.9261233815689262,0.916984006092917,0.0,0.0,2.758660915918135e-15,0.667727773135437,12.0,
S140,test,0,Official+Txyz,200.2090602560655,209.69173342464242,208.7941794400354,220.0346705245365,208.7941794400354,220.0346705245365,0.9924314096499527,0.9924314096499527,178.46589179303209,208.4252310964936,203.07897230881755,220.32458292225581,203.13443815513088,220.3357790939822,0.9261233815689262,0.916984006092917,0.0,0.0,2.758660915918135e-15,0.667727773135437,12.0,True
S140,test,0,Official+Txyz+Pose,114.80304186216523,138.54055167442337,122.6047525952485,157.85360811336943,123.28449912774042,157.99379502152328,1.0,0.9924314096499527,99.65799124549717,139.1777860536525,111.36726070197844,173.80578174655298,112.68701073458476,174.19886153741837,0.9413556740289414,0.916984006092917,0.0,0.00017020613960707785,0.051402492839555836,0.6780706318287375,10.0,True
S140,test,0,Official+Rigid,7.146362425776547,20.746434479871663,7.526698987036173,26.998742483092858,7.6557023509860045,27.01306868386077,1.0,0.9924314096499527,6.378423592422543,24.217156740545903,7.6234917437562055,70.65510984488243,7.014856052750429,54.595289827423855,0.9916222391469917,0.916984006092917,0.0,5.020369502577859e-15,1.0228336754617131e-13,0.823399878688784,5.0990195135927845,
S140,test,0,Official+Rigid+D,2.2064254993805092,10.267600254395127,2.4065321611657087,17.60058030039806,2.4036699262186545,17.610514789641392,1.0,0.9924314096499527,2.4926833355777775,17.90225496592457,2.9370300884353773,46.96464556973429,2.715935123362878,39.6298738634715,0.9794364051789795,0.916984006092917,0.0006237457286977274,0.0022627566676907285,0.634959723905354,0.8135792209162742,5.830951894845301,
S140,test,1,Official,202.88674385638097,215.1984489724618,213.12271711613184,232.0580811246732,212.99119666265898,229.84347707572158,0.99528672427337,0.9701492537313433,180.9593302202887,211.7526647523975,204.83271230642964,227.3347039688903,206.12874418641414,226.54085785802536,0.9176155391828533,0.8660415271265908,0.0,0.0,2.758660915918135e-15,0.667727773135437,12.0,
S140,test,1,Official+Txyz,202.88674385638097,215.1984489724618,213.12271711613184,232.0580811246732,212.99119666265898,229.84347707572158,0.99528672427337,0.9701492537313433,180.9593302202887,211.7526647523975,204.83271230642964,227.3347039688903,206.12874418641414,226.54085785802536,0.9176155391828533,0.8660415271265908,0.0,0.0,2.758660915918135e-15,0.667727773135437,12.0,True
S140,test,1,Official+Txyz+Pose,114.80368447557484,147.90655800063632,121.31483988989756,166.04596629008137,121.31483988989756,166.04596629008137,0.9701492537313433,0.9701492537313433,104.64617655168841,141.53124835628415,117.16099460676654,163.96738642055905,118.92790486480442,164.26030075568048,0.9256530475552579,0.8660415271265908,0.0,0.00012065557409126422,0.050533968829929596,0.6970144272731941,9.848857801796104,True
S140,test,1,Official+Rigid,6.972729035413423,21.71520280543304,7.245951037823106,31.346747652666316,7.053147499306522,30.395567949635755,1.0,0.9701492537313433,7.439327240287417,23.029546524840566,8.720041521039779,61.998661392425824,7.569007964943308,41.99681169568754,0.985264567983925,0.8660415271265908,0.0,4.47819529053668e-15,8.964297516898771e-14,0.8255287706659278,5.0,
S140,test,1,Official+Rigid+D,3.6242388556677385,11.606037425801258,3.8143502132594875,17.31941617017227,3.689725667304078,15.09693029824257,1.0,0.9701492537313433,3.3115842952364205,14.710538537264258,3.980376603164748,40.00317287640711,3.370511420833777,29.48351761060891,0.9758874748827864,0.8660415271265908,0.0007051038672235179,0.0025664777077488935,0.7670988135994983,0.8157995434573212,5.830951894845301,
S140,test,2,Official,200.93995935438912,212.5778041202841,219.10581006112272,240.14983381863476,219.00008596559383,239.8015760774252,0.9408783783783784,0.9315878378378378,189.0117520058143,211.49943293629968,209.1096113199792,234.903183599647,209.50514549823552,234.72686530554532,0.905688622754491,0.8764970059880239,0.0,0.0,2.758660915918135e-15,0.667727773135437,12.0,
S140,test,2,Official+Txyz,200.93995935438912,212.5778041202841,219.10581006112272,240.14983381863476,219.00008596559383,239.8015760774252,0.9408783783783784,0.9315878378378378,189.0117520058143,211.49943293629968,209.1096113199792,234.903183599647,209.50514549823552,234.72686530554532,0.905688622754491,0.8764970059880239,0.0,0.0,2.758660915918135e-15,0.667727773135437,12.0,True
S140,test,2,Official+Txyz+Pose,118.52875048123485,151.45949482980384,131.18361280269443,171.6132925139508,131.1365118550929,170.97760647524743,0.9619932432432432,0.9315878378378378,112.99080252075058,145.83309199490282,129.448682537467,172.58487379226239,129.3130652496035,172.58116149292368,0.9049401197604791,0.8764970059880239,0.0,0.00012443604965395267,0.04914279312072459,0.6845150846960756,9.848857801796104,True
S140,test,2,Official+Rigid,10.75782133304561,24.38704337462675,11.761343898782584,26.37268646965958,11.894285225768408,25.91018525243371,1.0,0.9315878378378378,9.301574662041139,23.21378539129528,11.229515718482519,43.931640909564095,10.42007241150067,30.418528109555254,0.9895209580838323,0.8764970059880239,0.0,5.011422407854563e-15,1.0209421387102164e-13,0.8251795332136446,5.0,
S140,test,2,Official+Rigid+D,4.986090788383166,15.270145453629498,5.867877231325425,17.13819116052201,5.559142143178208,16.636929033264213,1.0,0.9315878378378378,3.654933663855009,15.088713492265367,4.450768916671732,30.741173036339706,3.8541181705769034,20.41728560175726,0.9782934131736527,0.8764970059880239,0.0009491782828008895,0.002513447576525402,0.6477000234866354,0.8148974660310837,5.830951894845301,
S141,test,0,Official,172.71742790683734,191.8781914254146,186.76515616414304,225.80420941350025,189.54744470009445,226.0655719377154,1.0,0.9398854961832062,168.06068088463778,199.85011205457417,189.55324476109925,241.5882790552462,192.90218737498122,241.40644725129002,0.8523956723338485,0.7117465224111282,0.0,0.0,5.8373788347461576e-15,0.6864387193256747,8.06225774829855,
S141,test,0,Official+Txyz,172.71742790683734,191.8781914254146,186.76515616414304,225.80420941350025,189.54744470009445,226.0655719377154,1.0,0.9398854961832062,168.06068088463778,199.85011205457417,189.55324476109925,241.5882790552462,192.90218737498122,241.40644725129002,0.8523956723338485,0.7117465224111282,0.0,0.0,5.8373788347461576e-15,0.6864387193256747,8.06225774829855,True
S141,test,0,Official+Txyz+Pose,85.73624376139043,99.79553927214423,99.60507652506956,126.12621702367133,99.61012683354964,126.12942999095571,0.9408396946564885,0.9398854961832062,86.49073011132313,137.93145278161396,108.5559714967348,225.04649458009186,103.11051516445514,191.56226945029653,0.8508500772797527,0.7117465224111282,0.0,0.00039727919600181813,0.05132688782078513,0.7479561476398531,7.0,True
S141,test,0,Official+Rigid,7.099400434886598,19.620601202541746,7.879933030771502,23.10521578229747,7.756216991984699,21.49587523178535,0.958969465648855,0.9398854961832062,8.733169481821612,30.00909527860472,11.486123453548602,49.349673545758975,9.33726731626483,44.628698457567005,0.9165378670788253,0.7117465224111282,0.0,5.597656830026014e-15,1.3005379098502673e-13,0.809387074577886,5.0,
S141,test,0,Official+Rigid+D,4.16188307192547,11.281545203796773,4.291680059582692,15.385788016564822,4.1860288823516445,14.272184054487528,0.9580152671755725,0.9398854961832062,5.6423872736467136,24.13658773898557,6.571029589257149,41.15271007172067,4.47180381472867,30.786022718615634,0.9242658423493045,0.7117465224111282,0.009762976623094863,0.010751173724428874,1.2075643870516646,0.8286257866237378,4.47213595499958,
S141,test,1,Official,173.45096133686576,195.58770530476613,214.1459450930736,240.97594797054666,217.95624515435398,242.18498582401656,0.9833597464342314,0.8359746434231379,174.58825723279978,218.51470699644713,209.804990653632,250.07706740509065,214.34881167462038,251.52432824245722,0.9338731443994602,0.8164642375168691,0.0,0.0,5.8373788347461576e-15,0.6864387193256747,8.06225774829855,
S141,test,1,Official+Txyz,173.45096133686576,195.58770530476613,214.1459450930736,240.97594797054666,217.95624515435398,242.18498582401656,0.9833597464342314,0.8359746434231379,174.58825723279978,218.51470699644713,209.804990653632,250.07706740509065,214.34881167462038,251.52432824245722,0.9338731443994602,0.8164642375168691,0.0,0.0,5.8373788347461576e-15,0.6864387193256747,8.06225774829855,True
S141,test,1,Official+Txyz+Pose,82.09382034324959,96.88347210542335,108.09316364858768,134.5638209164584,107.3382896060231,134.70724023560433,0.8526148969889065,0.8359746434231379,89.47899031970496,145.60249959630636,116.47211335228724,197.96832388482554,112.95538290950901,170.34879081060163,0.9129554655870445,0.8164642375168691,0.0,0.0003475729216721088,0.051637184772773626,0.7409354072730183,7.0,True
S141,test,1,Official+Rigid,8.73876022386084,25.871923764392644,11.531021220204662,27.717599977950417,11.04672794616568,27.39233348637773,0.9690966719492868,0.8359746434231379,7.883737027760905,28.57475257041403,9.531975756054356,30.093694734201833,8.93414531890324,28.745467273691613,0.9426450742240216,0.8164642375168691,0.0,5.293538623252193e-15,1.2116970539091286e-13,0.8133000809201013,5.0,
S141,test,1,Official+Rigid+D,5.9383114226191225,14.34608384783861,7.290586998698556,16.607977500355076,6.720196851191185,15.300568634063703,0.9722662440570523,0.8359746434231379,4.404940250279452,18.355162114374302,4.94173815946386,18.2058099910372,4.360436641217547,14.573378015887416,0.9507422402159245,0.8164642375168691,0.01022400607474101,0.010638062199244227,1.1726236708232498,0.829239656851627,4.47213595499958,
S141,test,2,Official,166.25521100056923,181.23333343629744,174.03583086955965,224.78325706273063,188.76863456595225,225.8723558409907,0.9822064056939501,0.7236061684460261,163.7536972169267,192.0427857927893,191.75195682978165,245.91347859940484,199.2098512871906,241.95902322442421,0.8061674008810573,0.5832599118942732,0.0,0.0,5.8373788347461576e-15,0.6864387193256747,8.06225774829855,
S141,test,2,Official+Txyz,166.25521100056923,181.23333343629744,174.03583086955965,224.78325706273063,188.76863456595225,225.8723558409907,0.9822064056939501,0.7236061684460261,163.7536972169267,192.0427857927893,191.75195682978165,245.91347859940484,199.2098512871906,241.95902322442421,0.8061674008810573,0.5832599118942732,0.0,0.0,5.8373788347461576e-15,0.6864387193256747,8.06225774829855,True
S141,test,2,Official+Txyz+Pose,66.78136488262795,88.86817270115402,94.82968503228095,129.2116933197522,93.29978193346133,129.71693266466727,0.741399762752076,0.7236061684460261,74.94046145808765,108.55200228006693,97.11801869616733,214.08007663164184,96.10751839303578,136.67774232731466,0.826431718061674,0.5832599118942732,0.0,0.00034586362033556863,0.05037405584651801,0.7662801070472792,7.0,True
S141,test,2,Official+Rigid,3.954358355301566,24.55350770860905,4.6825222337818495,15.34326901115095,4.498456670475215,14.564839184977982,0.9584816132858838,0.7236061684460261,5.629674239163869,19.935087334889314,7.366299903739604,57.57873479414626,6.049634690454275,32.906320651295275,0.918942731277533,0.5832599118942732,0.0,8.862114134277265e-15,1.7209188862036101e-13,0.7917833311526887,5.830951894845301,
S141,test,2,Official+Rigid+D,2.4670455564992,23.41094383024406,2.7493172805641564,10.883654736105662,2.398768197026002,9.027081007551194,0.9525504151838672,0.7236061684460261,3.2119135859692705,18.942964361671827,3.939052568676993,40.56744907961737,2.5023109210647876,16.490210132638474,0.9074889867841409,0.5832599118942732,0.010901990562455931,0.010630615159419302,1.180023500174533,0.8074927040553568,5.0,
S145,test,0,Official,153.09444208341603,168.49662701464766,159.0365222628052,173.4006373168322,159.19888641440983,173.40356989709625,0.9972067039106145,0.9925512104283054,144.2680204963459,179.3604686553896,164.2783061503368,229.74864982556826,164.8784149728897,229.82963863168715,0.8268716577540107,0.7794117647058824,0.0,0.0,5.711192345653119e-15,0.6946413451070521,10.816653826391969,
S145,test,0,Official+Txyz,7.393562307756254,20.73063136428493,8.267606145738071,29.142421592705723,8.227206765047178,27.789471550861755,0.9990689013035382,0.9925512104283054,11.803505123875265,37.141496847348634,17.697828848020734,57.13741369850695,14.512013801671442,51.4958220893793,0.9064171122994652,0.7794117647058824,0.0,0.0,8.596182429986711e-15,0.8349507540596256,5.0,False
S145,test,0,Official+Txyz+Pose,7.437125920737291,30.333735752040482,7.993382491523038,54.286059693146846,7.893597999733215,50.503759603633014,1.0,0.9925512104283054,9.182791572052501,30.582850466353616,13.048762090787758,62.28963616727734,10.799082394427284,57.22649518760409,0.9231283422459893,0.7794117647058824,0.0,0.0004923274672468101,0.028850743869226946,0.8098087974585648,6.0,False
S145,test,0,Official+Rigid,6.373826154928538,18.466888632339145,6.810899779626789,31.243949171626763,6.740782885576335,30.639352212146143,0.9972067039106145,0.9925512104283054,7.284456283506671,22.71966569058004,9.589763347569447,51.867372895339095,8.154708867926463,43.11857809625458,0.9278074866310161,0.7794117647058824,0.0,5.4494391281628035e-15,1.2650365310680955e-13,0.822210389303041,5.830951894845301,
S145,test,0,Official+Rigid+D,3.6447481052715345,11.199277940007676,4.035807525968216,17.351925171239568,4.035807525968216,17.351925171239568,0.9925512104283054,0.9925512104283054,3.6807582320987535,15.277565328869478,4.5165586347493125,33.481364661070906,4.091277896231871,25.59595989277119,0.9211229946524064,0.7794117647058824,0.00024407441557737158,0.006025871552364479,0.6744521272610177,0.8171524105385473,6.0,
S145,test,1,Official,152.22578499083406,171.81502856726013,163.63608136059239,182.0085209178525,163.63653749181907,182.00969199280797,1.0,0.9993275050437121,156.08600532208536,185.61402041293746,167.21874806141312,220.62065039944363,167.58787596525693,221.00411035966494,0.8937034529451591,0.8781313473256601,0.0,0.0,5.711192345653119e-15,0.6946413451070521,10.816653826391969,
S145,test,1,Official+Txyz,10.526091021475391,21.11463756623659,11.81231813472361,31.315492148444168,11.81000426032841,31.118309130517662,1.0,0.9993275050437121,13.99603337270945,38.31216597164195,18.873441955652105,50.7184706273595,17.510435790907273,49.137911215927865,0.969532836831415,0.8781313473256601,0.0,0.0,1.5672483214010894e-14,0.827496695108761,5.0,False
S145,test,1,Official+Txyz+Pose,7.884555587917796,16.106038328824987,8.930862623496738,28.947726360936507,8.930862623496738,28.947726360936507,0.9993275050437121,0.9993275050437121,7.2755037367879085,17.27276938315959,9.034945624779356,28.904114856271647,8.845386790863774,24.74033877902233,0.968855788761002,0.8781313473256601,0.0,0.00045710603723341783,0.028661792016195526,0.8064216579163541,6.0,False
S145,test,1,Official+Rigid,9.441727071750522,18.346728033792598,10.541705707966864,37.3674194046435,10.516947201212767,36.997815407546874,1.0,0.9993275050437121,8.363894087023489,19.652409120864572,10.127014653572575,41.04801513732236,9.557369029499885,32.05690663243801,0.97291807718348,0.8781313473256601,0.0,5.2027001057391476e-15,1.2594403294069668e-13,0.8121272834413671,6.0,
S145,test,1,Official+Rigid+D,5.266983736658223,13.848869179388588,5.992702306473197,22.788144993991313,5.968087445839987,22.738791883849697,1.0,0.9993275050437121,4.058812171619451,12.919215905948448,4.858135207376213,23.015488290554703,4.751030937984568,19.383495104869894,0.967501692620176,0.8781313473256601,0.0001898356565601779,0.003963560634737466,0.534880750544334,0.8057294316716167,6.0,
S145,test,2,Official,145.94916310115912,164.43754555542523,157.81664731350565,178.09972460298812,157.81664731350565,178.09972460298812,1.0,1.0,145.78440422794253,185.9077258491786,162.52642304632326,229.73515602093124,162.77006159637452,230.25878015972535,0.9038607115821348,0.8637395912187736,0.0,0.0,5.711192345653119e-15,0.6946413451070521,10.816653826391969,
S145,test,2,Official+Txyz,7.186890633500159,18.086714194009758,7.891629029855407,28.07905974957593,7.891629029855407,28.07905974957593,1.0,1.0,11.029996471720995,35.30099248529892,14.362152768053082,56.80949160715876,13.8350981687001,52.45738356748397,0.9318697956093869,0.8637395912187736,0.0,0.0,1.4162613112836928e-14,0.8307186630867958,5.0,False
S145,test,2,Official+Txyz+Pose,11.652588066314124,23.350258254553374,13.090063365900019,40.6670451689527,13.090063365900019,40.6670451689527,1.0,1.0,8.929489269966151,25.25906745361046,12.292350519792494,54.31098183009054,11.223280356849719,51.37445138678154,0.9636638909916729,0.8637395912187736,0.0,0.0004303919943901864,0.029202340229989604,0.8135850409223968,6.0,False
S145,test,2,Official+Rigid,8.813499293805739,18.823526176027002,10.13491828426083,30.850540707540063,10.13491828426083,30.850540707540063,1.0,1.0,8.17952250148189,23.547552400208545,10.423288279393095,48.892641627738755,9.862376248909621,45.557595597991664,0.9560938682816048,0.8637395912187736,0.0,4.340197272440995e-15,9.449033358770359e-14,0.8152298274377514,5.656854249492381,
S145,test,2,Official+Rigid+D,2.9734493266469633,12.270628523428988,3.401785911365307,20.748099233417026,3.401785911365307,20.748099233417026,1.0,1.0,3.088071418724415,15.329820111150912,3.604853900481153,34.205371661382465,3.397269305223105,28.75271984774086,0.9485238455715367,0.8637395912187736,0.00021695503606877474,0.0068289800525754155,0.5528557826249253,0.8043414005509512,6.082762530298219,
S151,test,0,Official,182.70891362249048,197.12556324475665,188.96770981396415,208.1772121997996,188.9701248974087,208.18910892894075,0.9591041869522883,0.9571567672833495,168.06725492277232,195.14475779435375,188.1912505777945,221.38254132698336,188.82274051995927,221.90561114243056,0.8451612903225807,0.8043010752688172,0.0,0.0,5.500257979797894e-15,0.6647215697788217,12.083045973594572,
S151,test,0,Official+Txyz,21.078985488412606,28.77448382986857,22.498369483568982,29.313518560952268,22.890938081724155,29.39425604935715,0.9990262901655307,0.9571567672833495,10.591617545387669,28.860439423300594,14.708378881542528,37.2661174165789,14.32986592073837,31.888287970572094,0.8917562724014337,0.8043010752688172,0.0,0.0,3.8909758670323005e-15,0.8197820210150335,5.0,False
S151,test,0,Official+Txyz+Pose,7.53215780689941,20.02000116646032,8.000698855163746,26.60501965588912,7.105249042511419,24.81182600907132,1.0,0.9571567672833495,5.939312961155689,20.89912789793347,7.643971687217532,40.201677408432445,5.991632839754013,27.52321591033711,0.9362007168458781,0.8043010752688172,0.0,0.00042096953060133206,0.025282400825613623,0.7828135678572713,6.4031242374328485,False
S151,test,0,Official+Rigid,5.902824169766905,18.163066452922905,6.185082893536142,23.811059139483394,5.796867315011278,22.17541049907534,1.0,0.9571567672833495,5.64934859882852,18.52064792937251,6.589654526632627,41.436848144638326,5.403459931634047,22.974294416039726,0.9290322580645162,0.8043010752688172,0.0,4.854375207078484e-15,1.1917266450331202e-13,0.7993800251864768,6.0,
S151,test,0,Official+Rigid+D,2.1765289477128382,8.936411199550509,2.354993780240955,11.324283290095709,2.2735631043162563,10.34634326517325,0.9980525803310614,0.9571567672833495,2.5772380322560977,14.090391523627595,2.854774509141622,22.71565496205999,2.4813136512620293,14.446785502765152,0.9247311827956989,0.8043010752688172,0.0004610294516461463,0.0027073745231329244,0.26427373749877164,0.7926438908024294,6.082762530298219,
S151,test,1,Official,170.14135222397266,193.1947954652381,186.15493508404145,215.01496886974346,187.1390783205027,215.43053199559992,0.9807860262008734,0.9432314410480349,165.88959575517055,191.74874525709885,182.9604910069641,213.7788376067071,183.5399355067997,213.98152019014572,0.9140083217753121,0.8952843273231623,0.0,0.0,5.500257979797894e-15,0.6647215697788217,12.083045973594572,
S151,test,1,Official+Txyz,9.933142021513907,28.83575266839676,12.276200416830862,30.103521566795653,12.316097111125245,30.055891630176042,0.9563318777292577,0.9432314410480349,8.633396604119193,26.36863569576914,10.586496844053105,29.65875246430144,10.494867186272128,29.285483411345737,0.9542302357836339,0.8952843273231623,0.0,0.0,4.745021767793563e-15,0.8252943270682691,5.0,False
S151,test,1,Official+Txyz+Pose,9.964194856458441,21.945681691725678,11.199891486004976,45.24239128535235,11.074392158222368,33.007938102949204,0.9790393013100437,0.9432314410480349,8.189703034042815,21.387182505404134,9.56301628954348,35.11612933565615,9.439007255955145,28.1252961500319,0.9660194174757282,0.8952843273231623,0.0,0.0003874025822384896,0.024965943325400176,0.824258064516129,5.0,False
S151,test,1,Official+Rigid,8.947848000722415,21.40570462335185,10.120710498779605,38.40236004582611,9.977225891368402,32.69333242859288,0.9694323144104804,0.9432314410480349,8.440654718015285,21.03126710915711,9.807456087108646,38.77914058755555,9.698595542528166,25.29237838420506,0.9674063800277393,0.8952843273231623,0.0,3.7745018377442725e-15,1.0353519302514455e-13,0.8123206895288789,5.656854249492381,
S151,test,1,Official+Rigid+D,3.8406970501601037,15.542384239480976,4.406313142971907,23.536516842897107,4.363714815133646,22.4986071025528,0.9580786026200874,0.9432314410480349,3.548507672316003,15.101443581288587,4.185577266065166,23.45572114004879,4.097045524852128,16.823018733985062,0.9611650485436893,0.8952843273231623,0.0005423875901719369,0.003101639685779801,0.2817273114001203,0.8004552909211073,6.0,
S151,test,2,Official,168.0977298668503,192.81561269538912,185.56178292538038,217.8322344371476,185.69964221951918,217.8583789216493,0.9466576637407157,0.9338284942606347,165.3078011849924,191.93178051824066,186.66577939085107,222.84350962896167,187.00091020777433,223.12057950484908,0.8454258675078864,0.8343848580441641,0.0,0.0,5.500257979797894e-15,0.6647215697788217,12.083045973594572,
S151,test,2,Official+Txyz,8.7312020347948,24.28743523326808,9.964113014527154,26.236414935417343,9.308231880083895,24.477131223526545,0.9966239027683997,0.9338284942606347,9.108878531822072,24.931494632355655,12.068208334319985,39.412318128960734,10.270807663463888,35.688298149816774,0.9471608832807571,0.8343848580441641,0.0,0.0,3.1721452077048105e-15,0.8234341848685904,5.0,False
S151,test,2,Official+Txyz+Pose,4.642108078961942,14.467163497791057,4.7961994496446,15.97551959528629,4.5993707738545275,14.125120010061961,0.9891964888588791,0.9338284942606347,4.767991317013033,14.787410513023293,5.519422383093775,41.79701237405942,4.615817327851324,17.27384892466763,0.9747634069400631,0.8343848580441641,0.0,0.00030765591600671107,0.02342776490103407,0.7966757328498035,5.830951894845301,False
S151,test,2,Official+Rigid,6.329542340970973,15.449224049355932,6.5593694021987,16.61599432064763,6.352107200373602,14.935420378852207,0.9871708305199189,0.9338284942606347,6.176813430280425,14.92450316643399,7.22904438288674,40.56564551289311,6.323684094262871,17.327925458016445,0.973186119873817,0.8343848580441641,0.0,8.371245441490486e-15,1.5778502752853054e-13,0.8016250303177298,6.0,
S151,test,2,Official+Rigid+D,3.0472962595763993,7.933898722991197,3.236511577399681,8.221509258522598,3.0493729930956004,7.48010710403308,0.9871708305199189,0.9338284942606347,2.7144688164186985,9.778160159616457,3.246421137659272,23.97285248555443,2.6505331191465364,9.829685530919585,0.9645110410094637,0.8343848580441641,0.0005695069696805337,0.0022187025529891557,0.24888107522154934,0.7948130174484533,6.0,
S163,test,0,Official,160.57399674788843,186.75925727603968,164.34209764062234,186.8459854610395,164.36810218371468,186.84872720344583,0.978978978978979,0.975975975975976,126.55842450751179,191.34492873589159,159.45620639214144,211.30073965458595,159.5711418010085,211.4108333640109,0.8989247311827957,0.8903225806451613,0.0,0.0,8.956173937350984e-15,0.6789122996578426,7.0,
S163,test,0,Official+Txyz,38.48379747776023,61.32532696824172,39.99048756035239,62.069023926037474,39.97447374069818,62.07299884971731,0.9769769769769769,0.975975975975976,21.733075223695415,68.55169658825189,32.25296091995867,81.24259309218174,32.93362802253774,81.81591115135109,0.9605734767025089,0.8903225806451613,0.0,0.0,4.991245541560217e-15,0.7684443291792359,5.0,False
S163,test,0,Official+Txyz+Pose,10.468390350170717,19.59737274802824,11.133919058784914,28.327016361140434,11.03868698519661,28.352192932265314,0.9819819819819819,0.975975975975976,9.874563115973839,29.83351037483395,13.12120347374357,54.2060007292683,11.187929470513058,35.969185326653474,0.9799283154121864,0.8903225806451613,0.0,0.0003635173451540629,0.029831081411570145,0.7675868569889577,5.0,False
S163,test,0,Official+Rigid,8.28298391249403,20.181905005242946,8.608372928094132,25.404085490715683,8.608372928094132,25.404085490715683,0.975975975975976,0.975975975975976,9.683917129619735,30.424860888492887,11.98026223845372,51.6068471528408,11.175340253619549,40.009710840348966,0.9713261648745519,0.8903225806451613,0.0,5.2769601139228574e-15,1.2065423960211476e-13,0.7855889689958606,4.0,
S163,test,0,Official+Rigid+D,4.15186623711017,11.972301078196184,4.300414304720057,13.681607035495412,4.300414304720057,13.681607035495412,0.975975975975976,0.975975975975976,4.362773221115865,25.960437052372022,5.337003341778335,38.27674863521372,4.544503325630722,32.17746665906515,0.9663082437275986,0.8903225806451613,0.002413624776265119,0.00439006959778235,0.5468027441574504,0.7745512070981498,5.0,
S163,test,1,Official,146.4074921382721,168.9563936124464,153.46993738205518,165.99690455236131,153.46993738205518,165.99690455236131,1.0,1.0,122.9672407834056,178.9247369410847,129.05383993845953,194.0450973950249,129.07263798393677,194.05067303032442,0.9249116607773852,0.9240282685512368,0.0,0.0,8.956173937350984e-15,0.6789122996578426,7.0,
S163,test,1,Official+Txyz,20.906998298556505,34.64426586090814,22.138544889312772,33.90597114424474,22.138544889312772,33.90597114424474,1.0,1.0,10.432650257253261,46.746460392430635,14.996943765426929,68.38690355065218,13.640133306532798,63.61348188969917,0.9743816254416962,0.9240282685512368,0.0,0.0,1.0693372856882507e-14,0.7641009660330321,5.0,False
S163,test,1,Official+Txyz+Pose,1.3999572057956353,3.7332609825684906,1.5563162616991644,4.2078006758311295,1.5563162616991644,4.2078006758311295,1.0,1.0,3.422342378455957,36.840082162303176,3.876462659991642,63.85743363052492,3.635221902971719,51.23320605303622,0.9593639575971732,0.9240282685512368,0.0,0.0004412281189722157,0.030535524419314668,0.7730692481932909,5.0,False
S163,test,1,Official+Rigid,2.6897146411727157,5.108000225003438,2.8956048339920937,5.48849999903278,2.8956048339920937,5.48849999903278,1.0,1.0,5.997039286101389,29.3726486003676,6.969377415851463,58.26428737350431,6.4508217360392806,55.321333928864846,0.9814487632508834,0.9240282685512368,0.0,5.527884282548439e-15,1.2086525585713715e-13,0.7922686718997017,4.0,
S163,test,1,Official+Rigid+D,1.1215821166810536,3.1729381969403017,1.2236668038174692,3.5715268973833147,1.2236668038174692,3.5715268973833147,1.0,1.0,1.9827590626824003,20.43764725685716,2.2041204249652058,42.61777813172428,2.1088098006031286,41.87436034638681,0.9602473498233216,0.9240282685512368,0.002901773607419862,0.004901686036095468,1.3015031754000834,0.778839119331907,5.0,
S163,test,2,Official,159.046210759517,186.57470995820353,172.36667561936258,187.08235898806976,172.5535242759264,187.1055941306325,0.915929203539823,0.9048672566371682,129.55201975906135,186.39606217183746,146.53652775858862,191.62757924236917,147.03639276116752,191.9019862072358,0.8353442157558553,0.8090844570617459,0.0,0.0,8.956173937350984e-15,0.6789122996578426,7.0,
S163,test,2,Official+Txyz,40.201554542157055,58.580658485615444,47.95702974296068,59.79554280612907,48.95306935147015,59.94279541533327,0.9985250737463127,0.9048672566371682,11.083249813505072,59.58499398300969,13.542778074932759,64.70096610560743,12.732474250014448,64.14480022230458,0.9112845990063875,0.8090844570617459,0.0,0.0,1.3779404147031582e-14,0.7656705043411992,5.0,False
S163,test,2,Official+Txyz+Pose,15.81355287604141,22.47952658965795,18.136594930625805,31.990522657828755,19.257989881673154,32.06200459187929,0.9889380530973452,0.9048672566371682,10.37230628461947,25.87408954944864,12.129938731031963,40.227181834341756,11.33699375836683,32.175425392330354,0.915542938254081,0.8090844570617459,0.0,0.0004908498103822917,0.032621501703622616,0.7729230603564313,4.47213595499958,False
S163,test,2,Official+Rigid,12.561620862412148,20.735373260209347,15.589646280717462,28.447016551790338,15.319740454183384,26.260671882703534,0.995575221238938,0.9048672566371682,8.813361201766972,24.717681129636,10.840549008111156,34.92646285898931,9.794703857609498,28.41742229415255,0.9226401703335699,0.8090844570617459,0.0,1.0057143917839222e-14,1.6466713874950002e-13,0.7892800768650058,4.0,
S163,test,2,Official+Rigid+D,6.348892821856072,12.75843863257795,8.183429791371433,19.17235260686538,7.657440209561495,17.117559564193698,0.995575221238938,0.9048672566371682,5.022604672235195,17.457345303053433,6.018204501178959,20.882032643658025,5.642947734468495,15.708925768700098,0.9105748757984387,0.8090844570617459,0.003145848022997234,0.004776437066947729,1.1521605993010222,0.778643320005515,5.0,
S165,dev,0,Official,71.50779487257957,90.17636833080111,86.73405790098087,119.54346794362775,86.57169929663976,114.87307343011665,0.9242553191489362,0.9157446808510639,53.31239035453217,93.99305216832899,80.36138112386325,161.07357841272747,76.64919676566973,146.45469988745927,0.8515254237288136,0.7830508474576271,0.0,0.0,8.7081106721567e-15,0.7075474585088695,9.848857801796104,
S165,dev,0,Official+Txyz,40.14598214697391,54.10379547800828,44.01895282201473,69.41346285483613,44.11732545660429,65.9142664334289,0.9421276595744681,0.9157446808510639,24.200977454606505,63.07789555315547,34.730415039087575,104.79517274665164,32.395231673976845,97.33534295560266,0.8569491525423729,0.7830508474576271,0.0,0.0,1.0509817530899644e-14,0.6919704397757072,9.848857801796104,False
S165,dev,0,Official+Txyz+Pose,17.371270102968737,39.45213924172607,20.230745545593678,52.11842050661394,19.415742321671537,43.75051971010663,0.9931914893617021,0.9157446808510639,11.551668323550839,45.987431337430515,14.63164396693939,82.60998878459061,13.724911567218445,82.30229144334831,0.8501694915254238,0.7830508474576271,0.0,0.00035287173298104266,0.023066528046157077,0.6635660675386886,9.0,False
S165,dev,0,Official+Rigid,11.547124767210422,29.984992824689805,15.294733708487552,44.90925559933789,14.491323742718109,38.390575216572635,0.9906382978723405,0.9157446808510639,11.877690004329896,53.51623421829586,13.772660334407494,76.69907951412684,13.168590614709874,77.27218592436861,0.8440677966101695,0.7830508474576271,0.0,4.912834462544997e-15,1.1747217124901524e-13,0.658962877365304,9.848857801796104,
S165,dev,0,Official+Rigid+D,4.204702106030776,15.202073850642979,4.974896218375102,18.90103390605948,4.68063953970288,15.47942966292143,0.977872340425532,0.9157446808510639,4.162946728762097,53.619860347158,4.282872175534136,61.837052668504015,4.025954495413542,63.68967786595778,0.8372881355932204,0.7830508474576271,0.006291696045994468,0.002130931972663361,0.3356857066725347,0.6532288900141577,10.0,
S165,dev,1,Official,71.0760552848385,92.27553870515163,87.49963047123232,145.57993064872028,86.86639516584616,126.94222151351455,1.0,0.9673123486682809,36.83590156458965,95.42334744478396,93.90192186177248,184.54568019488596,91.71340888192314,181.13436315898983,0.8977987421383647,0.7955974842767296,0.0,0.0,8.7081106721567e-15,0.7075474585088695,9.848857801796104,
S165,dev,1,Official+Txyz,36.653570715151574,44.98101244449062,40.16914080365608,82.95620432402512,39.78714032127439,67.98334316776992,1.0,0.9673123486682809,20.03198562722509,54.51324910397395,43.33404524901607,127.00163645690928,42.325648778268274,129.60565853187217,0.9064465408805031,0.7955974842767296,0.0,0.0,1.0347615287540631e-14,0.6921342477140482,9.219544457292887,False
S165,dev,1,Official+Txyz+Pose,14.338061599226954,24.717833876729017,16.541251872445038,36.635420946315506,16.14728967875889,33.87723772423161,0.9963680387409201,0.9673123486682809,13.098881414477226,46.705331179012084,18.38025838211177,99.4204027870385,17.512981818426756,103.21411168313215,0.8938679245283019,0.7955974842767296,0.0,0.00021683312407204733,0.022080343046744586,0.6757509324965973,9.219544457292887,False
S165,dev,1,Official+Rigid,10.82682227424105,24.21640514848191,12.954070781992954,31.937712132346736,12.750106510621473,30.348990827688205,0.9951573849878934,0.9673123486682809,11.33521285701962,49.19711221008805,15.47015008712538,116.64085962848483,14.95964830684915,119.70657516527062,0.9040880503144654,0.7955974842767296,0.0,5.410872515570927e-15,1.2347494832190548e-13,0.6593329408240629,9.486832980505138,
S165,dev,1,Official+Rigid+D,2.165211368224234,7.3634175370313235,2.456258549916157,8.077431704096266,2.456258549916157,8.077431704096266,0.9673123486682809,0.9673123486682809,4.201236899333576,46.55496256671486,4.894701257058376,110.97948431380264,4.461320111784572,115.73931873453145,0.8922955974842768,0.7955974842767296,0.00024407441557737158,0.0014985362808559387,0.23999126650646674,0.6546225439503619,9.486832980505138,
S165,dev,2,Official,68.42716259081378,90.65418260425574,76.92936975217002,119.93901026292927,76.77287040910441,117.96496977774382,0.9892761394101877,0.9767649687220733,43.15815819683772,90.94792788894524,81.8532023691032,151.4830080993258,78.96786786872978,131.65512474274277,0.8780313837375179,0.7639087018544936,0.0,0.0,8.7081106721567e-15,0.7075474585088695,9.848857801796104,
S165,dev,2,Official+Txyz,28.16043208679182,45.62260606552583,32.80690664102926,62.98322308282551,32.965965549097035,61.81124786671718,0.9991063449508489,0.9767649687220733,24.05231699943696,48.15728983669661,37.904673982703365,86.32451056087368,35.57018209214169,80.96515303662189,0.9015691868758916,0.7639087018544936,0.0,0.0,1.1999044153459257e-14,0.6960129085987924,9.055385138137417,False
S165,dev,2,Official+Txyz+Pose,13.067426485095782,30.66780272265613,15.099449172123913,33.94875233425841,15.151046084148412,33.97296557435458,0.9874888293118856,0.9767649687220733,10.42806247049278,31.87332336287702,15.609498705098535,91.87362631893619,14.671997206188836,78.86001431878353,0.8445078459343794,0.7639087018544936,0.0,0.00035943120947785765,0.025680028690077156,0.6630143481487589,9.0,False
S165,dev,2,Official+Rigid,11.59490617921092,29.41225874310185,13.625457335968871,31.75633002765512,13.581655630889866,31.25503569944128,0.9964253798033958,0.9767649687220733,11.059349483910562,47.08271595570315,13.051929602325707,58.9039122394433,12.856772627443558,50.94819575314968,0.8459343794579173,0.7639087018544936,0.0,5.871075094083677e-15,1.2731466746407893e-13,0.6501114294810569,9.486832980505138,
S165,dev,2,Official+Rigid+D,2.510074873451937,6.204152880897466,2.890980113223307,7.223789872607656,2.8594982876153363,6.976995404547314,0.9892761394101877,0.9767649687220733,3.9298793349260537,46.61926629284723,3.901081470269352,44.342969579597124,3.620532213852723,35.5864605415146,0.8366619115549215,0.7639087018544936,0.002223789119704941,0.0022985754464960447,0.2995831412545679,0.646208718354593,9.848857801796104,
S170,test,0,Official,87.41905475568001,118.29876874944526,107.0294466681766,130.43156535645815,107.0294466681766,130.34244846380028,0.8875453446191052,0.8730350665054414,84.35155062720396,117.66221396124466,106.49887486271913,137.7392823792796,106.61933078335494,138.61836891347795,0.9115646258503401,0.8964474678760394,0.0,0.0,1.024769051739386e-14,0.672582086607319,7.0710678118654755,
S170,test,0,Official+Txyz,13.291286001854445,34.40242798132726,16.74077423117204,37.976258179135364,16.761945549587765,38.44620642708954,0.9588875453446191,0.8730350665054414,13.489073456679368,31.961934357518988,18.494199446560835,50.231907554117775,18.624434329147732,50.99192169438133,0.9395313681027967,0.8964474678760394,0.0,0.0,1.4055633100783551e-14,0.7970517533936652,5.656854249492381,False
S170,test,0,Official+Txyz+Pose,10.68936560905857,37.5552714032593,12.230654927844808,48.325788034551735,11.233059487654518,46.92847321640081,0.9492140266021766,0.8730350665054414,10.88865913909827,32.201082148827155,14.682045073327599,56.14737354964661,14.310450030286749,55.50430883909191,0.9455782312925171,0.8964474678760394,0.0,0.00043541650982561634,0.0329611254491098,0.7854166666666667,5.656854249492381,False
S170,test,0,Official+Rigid,8.21995655913959,20.056360161270405,9.872836026930676,46.84500991636587,9.509095650576448,22.991203946782313,0.9238210399032648,0.8730350665054414,8.904879135345539,25.847635755689783,10.679538073207539,57.0728222376111,10.421388499074592,52.259956492024806,0.9327286470143613,0.8964474678760394,0.0,6.391491301316257e-15,1.3421831155729225e-13,0.7708959990709018,5.0,
S170,test,0,Official+Rigid+D,4.469208212710635,13.928502136842571,5.387886888788551,30.960952072245806,5.100960113116115,14.318060585180328,0.9238210399032648,0.8730350665054414,5.47504469144486,21.493122273182557,6.224476715607663,45.6170741891313,6.0181857553252005,41.3645257787481,0.9304610733182161,0.8964474678760394,0.007051038672235179,0.007470845435682121,0.7754926483490395,0.7682279541856784,5.0990195135927845,
S170,test,1,Official,72.22026503675836,90.54471438825763,84.43911488983713,112.90932920092706,84.43911488983713,112.90932920092706,0.9875717017208413,0.9875717017208413,95.64924054211747,145.43614959076666,109.49877057047131,166.83938428475352,108.85169395389416,167.36379320830696,0.935708752904725,0.9225406661502711,0.0,0.0,1.024769051739386e-14,0.672582086607319,7.0710678118654755,
S170,test,1,Official+Txyz,23.159777200717876,38.46810200812314,30.689075914261068,39.96682742221642,30.78707401170444,39.99732154913773,0.9990439770554493,0.9875717017208413,16.258448994068253,51.54110866599325,22.704897598067486,69.1337434153202,22.3856926259105,68.02809260691001,0.9744384198295895,0.9225406661502711,0.0,0.0,1.3037353068314322e-14,0.7960544137565514,5.385164807134504,False
S170,test,1,Official+Txyz+Pose,17.561970765000538,26.570354767993035,21.92003652924779,37.34447694340384,21.92003652924779,37.431727385595615,0.997131931166348,0.9875717017208413,13.916827864091786,29.078024332150513,18.980885628884337,45.644514915308775,18.016216647371852,38.686860149190764,0.9852827265685515,0.9225406661502711,0.0,0.00017810407897812423,0.025088281987333056,0.7837026263005408,5.0,False
S170,test,1,Official+Rigid,18.386514000158428,28.108515166299096,20.352017345473094,49.918635492829935,20.168957276679443,48.62590086547545,1.0,0.9875717017208413,9.158314623835029,34.18251069185767,12.604071472415823,51.08249664692468,12.184481941518222,44.41701720541624,0.9876065065840434,0.9225406661502711,0.0,5.130893306374974e-15,1.0918928733689827e-13,0.778874883286648,5.0,
S170,test,1,Official+Rigid+D,5.449648090482503,20.09716730056591,4.998768032856371,41.36776963599464,4.896836021094142,41.31832701003408,1.0,0.9875717017208413,5.686478526924107,21.35481306766926,7.138120495675304,36.77690634221147,6.700717288067093,32.7059384845777,0.9868319132455461,0.9225406661502711,0.009491782828008895,0.007038730894240495,0.8966513565755353,0.7755803352268743,5.385164807134504,
S170,test,2,Official,86.87639729509924,115.30360245624682,97.08869106456098,127.47152269565674,97.08251579619676,127.49475686274062,0.956081081081081,0.950168918918919,94.04533548820132,138.33657440629614,104.67120871628998,165.63750033652403,104.67917096932011,166.207492200423,0.9027972027972028,0.8755244755244755,0.0,0.0,1.024769051739386e-14,0.672582086607319,7.0710678118654755,
S170,test,2,Official+Txyz,13.647408554904626,36.20276189473748,15.927821870902136,37.77411498378149,15.248180050569049,37.180234297463414,0.9864864864864865,0.950168918918919,10.397177363746106,40.180227668928815,15.169343960345639,73.5044332338954,13.972878284355673,69.24666946563202,0.9440559440559441,0.8755244755244755,0.0,0.0,1.451766862703215e-14,0.7949629699403045,5.0990195135927845,False
S170,test,2,Official+Txyz+Pose,15.015110479731788,35.807819334016536,16.525162128602556,35.959142635379195,16.535491072778186,35.95953831391299,0.9510135135135135,0.950168918918919,10.407786101697987,35.033446701117946,14.96290863247518,53.741563133816804,13.735412587045026,45.902954948454656,0.941958041958042,0.8755244755244755,0.0,0.00036817293095513085,0.03051098051274034,0.7768740382501649,5.0990195135927845,False
S170,test,2,Official+Rigid,10.285508552254285,27.512317670930155,11.785163768777362,28.049712816755434,11.818006411438597,28.039737530821096,0.9535472972972973,0.950168918918919,9.080546941027862,30.659342796610346,12.393140323832764,55.26540230015708,11.581412175691085,45.42582262499462,0.9440559440559441,0.8755244755244755,0.0,5.687427167237298e-15,1.2294154807313677e-13,0.7786999906742517,4.47213595499958,
S170,test,2,Official+Rigid+D,5.537408137705651,16.76282101958392,6.27101602978386,19.395886011858764,6.267950955027191,19.209809106668274,0.9510135135135135,0.950168918918919,5.17458838444905,22.48334376759591,6.276189670045174,40.51972288522179,5.691147131818619,34.81477396141373,0.9384615384615385,0.8755244755244755,0.0054509952812279655,0.007564199433094681,0.7049280413090256,0.7742417520838684,5.0,
S179,test,0,Official,142.03468993615263,168.92066255620907,156.3741320423664,177.66036630008648,156.65406541511763,177.68070745658014,0.9401960784313725,0.9176470588235294,132.19739081479977,185.48843696579956,148.7970265599008,267.4328423340468,150.48325268749863,269.68286198806265,0.8855024711696869,0.8607907742998353,0.0,0.0,1.0041841915945964e-14,0.6826914674489732,8.0,
S179,test,0,Official+Txyz,11.223596676809745,30.697136653569686,13.968469874643286,31.561085340834815,13.993273775605996,31.5626851070151,0.9196078431372549,0.9176470588235294,9.867089231060593,46.823987885570645,12.287124402035165,57.72933878244803,11.57023743573049,58.034573271515235,0.9077429983525536,0.8607907742998353,0.0,2.3014646490114873e-16,2.5227473597523523e-14,0.7894860187732043,5.656854249492381,False
S179,test,0,Official+Txyz+Pose,10.716935944231402,27.29580250222149,11.927629568518006,47.664191147459654,11.369901711111075,42.13893614898279,0.9441176470588235,0.9176470588235294,8.273823347943528,23.32644702290868,10.363450156368526,55.7747244456342,10.005129783911215,51.576215189085474,0.9299835255354201,0.8607907742998353,0.0,0.0001826323548735511,0.02676828080756222,0.8063841307343965,5.0,False
S179,test,0,Official+Rigid,9.648052817196367,33.785661039139676,9.924649818539688,41.00646719273493,9.794895733786447,39.97498522792786,0.9323529411764706,0.9176470588235294,8.192943343508372,22.47538294760927,9.258300731822322,42.6977897542282,8.85905074509985,38.360531133753284,0.9217462932454695,0.8607907742998353,0.0,5.975741271287744e-15,1.1827651877851894e-13,0.8198896544837228,4.47213595499958,
S179,test,0,Official+Rigid+D,6.104478439329371,33.75905545127252,6.5628594368223325,25.383309588520753,6.5628594368223325,25.383309588520753,0.9176470588235294,0.9176470588235294,3.615525755076926,14.932044230795876,4.218281023858239,24.490725894838363,3.994799166577856,22.550370573580373,0.9192751235584844,0.8607907742998353,0.031485599609480934,0.008474532202265291,0.7004387444468517,0.8058926780341024,5.0,
S179,test,1,Official,190.13357665550006,197.10464946904312,199.59808268479097,210.6350186649074,199.59808268479097,210.6350186649074,0.9117330462863293,0.9117330462863293,128.1141435637716,193.7988188811023,136.9471616340383,208.85728151402253,137.03182837728488,208.8872011951589,0.8871566443949518,0.8812175204157386,0.0,0.0,1.0041841915945964e-14,0.6826914674489732,8.0,
S179,test,1,Official+Txyz,45.52010891140599,52.70702413419221,47.57201010473633,54.6463166481205,49.545474913434305,54.80423758287287,0.9870828848223897,0.9117330462863293,11.649509581673005,49.69918714178873,14.21716198765366,57.410747534726084,13.41583021842685,54.596034407587624,0.9806978470675576,0.8812175204157386,0.0,0.0,1.0703211986264558e-14,0.7998760612257545,5.0,False
S179,test,1,Official+Txyz+Pose,8.042643895181577,16.423406702024526,9.231953179411612,22.476199022629427,9.213963960599703,23.35861309663223,0.9870828848223897,0.9117330462863293,7.982891155365349,16.937988119883187,10.094279754241708,32.38422537904244,9.827209677363724,28.38935915544831,0.9710467706013363,0.8812175204157386,0.0,0.0003657627202752094,0.02759871183126386,0.8131062862227055,5.0,False
S179,test,1,Official+Rigid,12.915647575551795,40.75025231726541,14.10631685735586,56.235497636031305,13.87940645940744,55.08912046967124,0.9655543595263725,0.9117330462863293,13.283014274822197,34.162473445701515,15.321727400899876,71.14863870645198,14.608882546714108,59.53904429579439,0.9420935412026726,0.8812175204157386,0.0,1.0156258630900729e-14,1.7873504089696165e-13,0.785201552848109,5.830951894845301,
S179,test,1,Official+Rigid+D,5.729655450557942,18.17152820922717,5.937254513572743,30.788155636791814,5.691312627800205,27.147619704830653,0.9687836383207751,0.9117330462863293,4.468674933123481,23.58812198298625,4.916706389843095,50.91221035573532,4.536148645432725,42.19564635219595,0.941351150705271,0.8812175204157386,0.005098443347616207,0.005158402495511194,0.26875784815824366,0.7761556580626165,6.0,
S179,test,2,Official,167.16270348040814,196.16309212178615,172.43915418414144,209.1536482711237,172.61001897171212,209.26811343897663,0.9850340136054422,0.9673469387755103,138.70387919862378,194.55028671971183,159.9031623701179,208.65519672267402,161.05124056942356,208.84401483920834,0.9449152542372882,0.9173728813559322,0.0,0.0,1.0041841915945964e-14,0.6826914674489732,8.0,
S179,test,2,Official+Txyz,36.674963171754,56.14992704509406,39.056642072849534,57.81971683076936,39.06651748752566,57.84798971082736,0.9897959183673469,0.9673469387755103,17.483150122706213,54.800443352594066,27.941442599450305,58.345882023346455,26.574157105563323,57.420553856762304,0.9830508474576272,0.9173728813559322,0.0,0.0,1.9385896557355792e-14,0.8083369734789392,5.0,False
S179,test,2,Official+Txyz+Pose,6.3610777837466355,16.325402171111932,7.226998573132359,17.45850489035705,7.19856996433188,17.374271343801507,0.9802721088435374,0.9673469387755103,5.979774459507269,20.915581508298715,7.092662850873399,51.039713065331725,6.770211623474021,39.50023681597787,0.9646892655367232,0.9173728813559322,0.0,0.00025314236053988124,0.030576593372904137,0.7984790874524715,5.385164807134504,False
S179,test,2,Official+Rigid,4.692766362673115,15.63249347625504,5.816896989829345,18.198498969094917,5.667468371792883,17.7198313639283,0.9843537414965986,0.9673469387755103,5.530589877826671,19.769338492095955,7.7380635184678415,55.929699710146124,6.927263135919182,41.024427228817096,0.9844632768361582,0.9173728813559322,0.0,5.119287799091808e-15,1.1280247943211738e-13,0.8139086281781639,5.0,
S179,test,2,Official+Rigid+D,2.6790487363068856,7.420140301144283,2.9714556894877564,10.173339208907043,2.9714875077689884,10.125673772979631,0.9775510204081632,0.9673469387755103,2.6716338768811347,14.352269765800106,3.1054509119367024,36.47475334077954,2.933485685725712,26.100920872313406,0.9717514124293786,0.9173728813559322,0.03389922438574605,0.008307698756442246,0.6847067299629881,0.7995178435364803,5.0,
S184,test,0,Official,59.41147787205919,75.72736637566499,62.67159311255555,82.31559015212731,62.67159311255555,82.31559015212731,1.0,1.0,54.018600453702355,72.88276577605217,58.459993819297566,80.83049280082676,58.563373632453676,80.83096851098969,0.9248601119104716,0.920863309352518,0.0,0.0,7.09184067315958e-15,0.687287544670095,9.0,
S184,test,0,Official+Txyz,21.765305468358275,39.25150296883028,23.868902894868427,42.006458014327976,23.868902894868427,42.006458014327976,1.0,1.0,18.060490314363143,38.28616829489829,20.045519714579683,42.97320555747375,20.128019337647743,42.86515858338074,0.9392486011191047,0.920863309352518,0.0,0.0,9.082016052949935e-15,0.7328276858418702,8.0,False
S184,test,0,Official+Txyz+Pose,13.191565406319807,29.85412114689353,13.496982970400474,30.965597060029634,13.496982970400474,30.965597060029634,1.0,1.0,11.817781070777283,29.770561183976117,13.352751516666928,34.20431753350262,13.336424078840725,33.54535854718567,0.9520383693045563,0.920863309352518,0.0,0.0005419346343834025,0.026190779019780314,0.7351351941403137,7.810249675906654,False
S184,test,0,Official+Rigid,12.94848391810418,26.54136641755222,14.16283066865387,27.684953105634477,14.16283066865387,27.684953105634477,1.0,1.0,11.906261180403876,26.263745198081757,12.87293317007121,33.775634699143275,12.999809801606421,32.4056282803001,0.9568345323741008,0.920863309352518,0.0,5.597254710742291e-15,1.276974723356741e-13,0.7059628627776401,8.0,
S184,test,0,Official+Rigid+D,3.555039507673886,12.476003149019824,3.8345663773323713,12.563858608507536,3.8345663773323713,12.563858608507536,1.0,1.0,3.7768446137724148,15.6287330600863,4.192861181957941,21.75451548550661,4.032021700464683,21.412367432604018,0.9568345323741008,0.920863309352518,0.00032543255410316213,0.005198160549682977,0.18964011100775277,0.6952660161405483,8.0,
S184,test,1,Official,39.54348210221963,51.69213694915427,45.25792848444898,59.712020185097046,45.25665885170271,59.71249616905634,0.8913824057450629,0.8904847396768402,38.571257581620394,57.92536213355303,47.755370956528154,68.39089467415316,47.79428808811615,68.53459337572654,0.8021276595744681,0.7978723404255319,0.0,0.0,7.09184067315958e-15,0.687287544670095,9.0,
S184,test,1,Official+Txyz,6.723746546736196,20.955105462025614,7.383242212830599,15.234640303436763,7.301132294247226,14.973501688428021,0.9129263913824057,0.8904847396768402,9.319481097759972,38.50903340703194,9.904731481159889,46.28161038221626,9.833105503531447,46.387919043530154,0.8312056737588652,0.7978723404255319,0.0,0.0,9.239126648750043e-15,0.7325778541035429,8.0,False
S184,test,1,Official+Txyz+Pose,5.644226002426185,27.04473979168844,5.59508491568228,26.47080089149643,5.544454321780079,23.655741810857027,0.9057450628366248,0.8904847396768402,7.99700516028023,42.661996101488775,9.046202659105607,57.624210750686686,8.288944376359852,49.09683267242965,0.8553191489361702,0.7978723404255319,0.0,0.0004506922498939991,0.02662756070041769,0.7244599545568203,7.615773105863909,False
S184,test,1,Official+Rigid,9.435806971008542,37.13585589006088,8.714237732654562,36.361026171664925,8.456870905332647,33.87352941977232,0.952423698384201,0.8904847396768402,8.498543312295467,33.099524172912304,10.70032546005395,46.188424817558,10.158590925565703,42.60609321229238,0.8645390070921986,0.7978723404255319,0.0,4.524616400327226e-15,1.0327532244925574e-13,0.7023943677087693,7.0,
S184,test,1,Official+Rigid+D,3.9026934257622647,34.56332255211188,2.9773573432090306,14.203313620480127,2.8782163607866673,13.365310165373298,0.9183123877917415,0.8904847396768402,4.6570347663910505,34.29150114171668,5.104439326643173,26.705355337564974,4.898591505503536,25.316140877602194,0.8453900709219858,0.7978723404255319,0.00013559689754298422,0.006767554120641877,0.31913652526669023,0.6895166934033872,7.280109889280518,
S184,test,2,Official,52.80746097259015,65.89978756134985,56.07649110283419,75.50337217484426,55.75745693280587,73.1738915359945,0.9850352112676056,0.9674295774647887,49.839368624083804,66.18009701535846,55.633309083962914,75.96830278327124,55.604610730172645,73.37145920375177,0.9413223140495868,0.9181818181818182,0.0,0.0,7.09184067315958e-15,0.687287544670095,9.0,
S184,test,2,Official+Txyz,15.301943408342993,29.583990264835585,16.470480467079884,34.49681369145292,16.24539241474099,32.455158872053694,0.988556338028169,0.9674295774647887,14.909285870776209,29.249528069039993,16.816006801814165,42.60363129124302,16.59849720303974,36.149666414738604,0.9611570247933884,0.9181818181818182,0.0,0.0,1.2407084811769636e-14,0.7343587497947343,8.0,False
S184,test,2,Official+Txyz+Pose,13.171569882271623,33.98187320919085,11.003289568912056,45.14022912004629,10.755555171386266,42.632367951211364,0.977112676056338,0.9674295774647887,13.097837443639934,33.810940998433175,15.201832306610985,49.312774852629126,14.35170054569701,44.63975890665084,0.9545454545454546,0.9181818181818182,0.0,0.0003881732982678112,0.021336132412133807,0.7187871838695022,8.06225774829855,False
S184,test,2,Official+Rigid,11.991169990317486,39.6146433944612,11.04225859018415,49.30612669546814,10.787693020290812,48.22672239053141,0.9727112676056338,0.9674295774647887,11.273092978735896,38.49728779063066,13.140361652062227,51.33224215596258,12.472087305609891,47.79421478614931,0.952892561983471,0.9181818181818182,0.0,6.444927417655858e-15,1.3566566938722123e-13,0.7017039357912357,7.0710678118654755,
S184,test,2,Official+Rigid+D,3.7086913726519035,23.985957807573783,3.607132380582745,26.233035499600913,3.565269955859929,24.473049633783567,0.9753521126760564,0.9674295774647887,3.6334363771492195,21.47165478559067,3.932599266149861,28.661752169673928,3.8204360681213245,24.99673597719154,0.947107438016529,0.9181818181818182,0.00013559689754298422,0.005827992649134272,0.255642528934488,0.688518765745785,8.0,
S187,dev,0,Official,225.03221680898082,241.7390475808104,236.22663359502516,252.14441892851917,235.84098848724165,251.46364344635134,0.9586935638808838,0.9452449567723343,219.05226052878245,239.9403475129569,240.61904122576294,262.96387735737517,241.23100094611848,262.12355850764715,0.888631090487239,0.831399845320959,0.0,0.0,6.398453982139469e-15,0.6635790931118034,8.0,
S187,dev,0,Official+Txyz,225.03221680898082,241.7390475808104,236.22663359502516,252.14441892851917,235.84098848724165,251.46364344635134,0.9586935638808838,0.9452449567723343,219.05226052878245,239.9403475129569,240.61904122576294,262.96387735737517,241.23100094611848,262.12355850764715,0.888631090487239,0.831399845320959,0.0,0.0,6.398453982139469e-15,0.6635790931118034,8.0,True
S187,dev,0,Official+Txyz+Pose,109.44627227785415,187.92840527604156,146.3474674994798,199.52721199775482,148.71863984810597,199.53771210329015,0.9490874159462056,0.9452449567723343,113.02144731934422,182.99085577725307,148.28556299338925,200.66162006351865,148.7507509190633,200.7209583484938,0.88553750966744,0.831399845320959,0.0,0.0005975093266174024,0.048083039620844335,0.6323399844519305,9.0,True
S187,dev,0,Official+Rigid,10.660264356929503,23.49153167436341,11.96705944636367,29.0952444551138,12.382878763896654,28.99435134192444,1.0,0.9452449567723343,7.6259241265835245,20.390820543580542,9.038605473000061,37.648978713770596,8.502128729001468,26.995965550408325,0.9597834493426141,0.831399845320959,0.0,5.765077709870566e-15,1.2373448067969522e-13,0.8172500873116084,4.0,
S187,dev,0,Official+Rigid+D,3.513489123142285,13.100909935767916,3.876634393491285,25.088322984223762,3.8672908215765522,24.657420295226917,0.9961575408261287,0.9452449567723343,3.1837592111177595,13.362723167171064,3.660192935937001,30.16877891809992,3.270395809088056,18.08341546477386,0.9621036349574633,0.831399845320959,0.0008135813852579053,0.0018006855061152513,0.2897093512516979,0.7978788248201877,5.0,
S187,dev,1,Official,223.4148078852757,244.01054701393124,233.19088861750316,250.93916275988664,236.54399305079133,251.2259582292481,0.9872773536895675,0.816793893129771,213.63749440248932,241.4699782820094,233.94862566543685,255.82003892833222,237.105459645372,256.545889390255,0.9423929098966026,0.7769571639586411,0.0,0.0,6.398453982139469e-15,0.6635790931118034,8.0,
S187,dev,1,Official+Txyz,223.4148078852757,244.01054701393124,233.19088861750316,250.93916275988664,236.54399305079133,251.2259582292481,0.9872773536895675,0.816793893129771,213.63749440248932,241.4699782820094,233.94862566543685,255.82003892833222,237.105459645372,256.545889390255,0.9423929098966026,0.7769571639586411,0.0,0.0,6.398453982139469e-15,0.6635790931118034,8.0,True
S187,dev,1,Official+Txyz+Pose,89.0822821421892,191.37466013379694,124.0493350086267,207.71570378439998,124.0493350086267,207.71570378439998,0.816793893129771,0.816793893129771,95.10330764792126,187.1594857267044,128.4868006999923,204.9614628433764,131.64322368798952,205.30353066916433,0.8197932053175776,0.7769571639586411,0.0,0.0004754795106070616,0.044528085099619016,0.620130869899923,9.848857801796104,True
S187,dev,1,Official+Rigid,9.227262634972824,21.757031912422004,10.208129052260428,52.60359143358503,8.163605815792785,20.437771264189816,1.0,0.816793893129771,7.565379927265092,23.82407427044425,9.49573066511733,58.27417343225965,8.138227236405449,21.39933899771936,0.9896602658788775,0.7769571639586411,0.0,5.495577274682816e-15,1.2535678688816051e-13,0.7965955412744148,5.0,
S187,dev,1,Official+Rigid+D,2.7896788843649563,14.769596592370599,3.224827152056964,40.835125146749235,2.440319261488799,8.582263666118672,1.0,0.816793893129771,3.3602272440009058,19.285043436557174,4.11209563684789,46.554193513613995,3.1566396726792068,12.370514955918948,0.983751846381093,0.7769571639586411,0.00024407441557737158,0.002250611299632948,0.21434621093809994,0.7817853560682047,5.0990195135927845,
S187,dev,2,Official,222.55503627598463,238.37279880254766,236.70203643724764,256.6484131442459,237.19284256642558,256.6623088691532,0.9764507989907485,0.9243061396131202,221.21092053736675,240.59018733923372,242.68681196778095,258.52672549532144,242.85026523915,258.5416336277469,0.9086402266288952,0.873229461756374,0.0,0.0,6.398453982139469e-15,0.6635790931118034,8.0,
S187,dev,2,Official+Txyz,222.55503627598463,238.37279880254766,236.70203643724764,256.6484131442459,237.19284256642558,256.6623088691532,0.9764507989907485,0.9243061396131202,221.21092053736675,240.59018733923372,242.68681196778095,258.52672549532144,242.85026523915,258.5416336277469,0.9086402266288952,0.873229461756374,0.0,0.0,6.398453982139469e-15,0.6635790931118034,8.0,True
S187,dev,2,Official+Txyz+Pose,95.13870455701894,174.411476992458,119.108519566129,185.0693051164865,119.108519566129,185.0693051164865,0.9243061396131202,0.9243061396131202,111.29232249550478,169.19121565824926,138.8503865935179,183.34144599640652,141.56346256465713,183.56399667014284,0.9178470254957507,0.873229461756374,0.0,0.000528310369838044,0.0459295039147526,0.6659641172906183,8.0,True
S187,dev,2,Official+Rigid,11.496172975216114,20.672959741972015,13.007505496011706,23.905334158512787,12.82052212841811,22.173145699309014,0.9957947855340622,0.9243061396131202,9.422041387839519,20.222775480074155,11.299287564965343,43.78818850551334,10.015041952920356,22.896604695613785,0.9978753541076487,0.873229461756374,0.0,7.920508108135897e-15,1.4452906853346607e-13,0.831325627351723,3.0,
S187,dev,2,Official+Rigid+D,2.9785686850759254,9.089516337759688,3.405608533472493,13.588494245177433,3.1976065349754723,9.503599698377482,0.990748528174937,0.9243061396131202,2.920093162916509,10.723277527090193,3.426309325478716,29.881204719575887,3.0022623973955387,11.791269696610007,0.9893767705382436,0.873229461756374,0.0008407007647665022,0.0012767917400124604,0.22223762773951308,0.803919430892093,4.0,
S188,test,0,Official,57.29383220306219,68.44723521965648,63.59884165429586,131.22553183371355,62.42430497924101,103.57460899706234,0.9982847341337907,0.8773584905660378,58.676179122655476,70.49261052564631,70.03409178977482,117.77533254543236,69.33380638574316,95.92795209405608,0.9881201956673655,0.9154437456324249,0.0,0.0,6.657115075021088e-15,0.7015744083433614,8.06225774829855,
S188,test,0,Official+Txyz,15.365448703593518,37.03233304053334,16.18361628349718,73.00425416147559,15.125554856195489,53.81476531088776,0.983704974271012,0.8773584905660378,17.36214051782898,32.31609671293548,21.045974759125176,63.501710885581986,20.471269038175866,46.03337717956826,0.9755415793151643,0.9154437456324249,0.0,0.0,6.047340610296602e-15,0.6656592520954223,9.0,False
S188,test,0,Official+Txyz+Pose,13.32996600655774,28.41951354379908,15.223091701615177,30.847459277410127,15.223091701615177,30.847459277410127,0.8773584905660378,0.8773584905660378,9.26588366646277,24.616853621049714,11.480219246470135,31.505570232519887,11.352177065984016,30.670259109565713,0.9224318658280922,0.9154437456324249,0.0,0.00044228039582514607,0.036970266006326205,0.6595206673181346,10.295630140987,False
S188,test,0,Official+Rigid,12.44861001165054,26.97537022343778,13.662311196524058,41.242930884417596,13.295028235337236,39.058357135770464,0.9331046312178388,0.8773584905660378,9.475657501012922,25.617967563381598,10.754003517300381,43.25219230860969,10.336817220444994,39.905249215610695,0.9573724668064291,0.9154437456324249,0.0,5.949004477887408e-15,1.4329214708882164e-13,0.6646090534979424,10.0,
S188,test,0,Official+Rigid+D,3.168309255974613,16.191902933097307,3.038924147674704,19.66827933933286,2.972353411006212,18.743686070198027,0.9090909090909091,0.8773584905660378,2.498586140475087,15.296601379426644,2.748162180245095,23.018469564308532,2.7003923263215768,21.53828902638614,0.9406009783368274,0.9154437456324249,0.00016271627705158106,0.002011627697746737,0.19660432120035057,0.663307147351968,10.0,
S188,test,1,Official,54.04625748933056,91.89862730141905,62.63261520073371,123.62277370973929,60.94934358571735,94.7466594842544,0.9308390022675737,0.8582766439909297,48.55506680652287,69.70583834089865,70.69535804207527,92.3844272916607,70.49090557577242,87.85354435181722,0.8674963396778916,0.7920937042459737,0.0,0.0,6.657115075021088e-15,0.7015744083433614,8.06225774829855,
S188,test,1,Official+Txyz,15.552546587149356,50.9488263850778,15.490755455316307,60.79475466033587,14.64012710549012,53.49857903152042,0.8979591836734694,0.8582766439909297,12.18043243668501,28.644377571224595,14.844599197958775,35.596543720763584,14.836471989778,33.079695029069285,0.8345534407027818,0.7920937042459737,0.0,0.0,4.724481612404887e-15,0.6612535784847385,9.0,False
S188,test,1,Official+Txyz+Pose,19.393585292856166,50.05738290530468,12.891220867802367,40.662495035098836,12.685894773741602,40.69650728286138,0.8684807256235828,0.8582766439909297,9.446298551356072,29.155840858891427,12.07060811724736,43.902521904302056,11.23815341120471,39.47801556342843,0.8477306002928258,0.7920937042459737,0.0,0.00040052355269258567,0.03997227826072906,0.6717984533786793,10.0,False
S188,test,1,Official+Rigid,7.786451337995668,45.28191163227952,6.6466932715372185,33.6205827964155,6.2677790286942425,33.01308072437642,0.8866213151927438,0.8582766439909297,8.736683525202743,28.66118866595395,11.053984405251072,39.10282632925599,9.966158671713243,32.26084486063561,0.842606149341142,0.7920937042459737,0.0,5.5672667007247005e-15,1.241396755612196e-13,0.6655672488506855,10.198039027185569,
S188,test,1,Official+Rigid+D,3.1042786469450983,45.97773761180795,2.779324670688199,10.284541316388085,2.7764710832771655,10.286268108552576,0.8616780045351474,0.8582766439909297,3.440131022347284,24.354989459682535,3.538633393452617,18.122583072658955,3.4401397734775685,13.858312022802657,0.8257686676427526,0.7920937042459737,5.4238759017193686e-05,0.0018316451273112451,0.172259932710198,0.6673035489247531,10.04987562112089,
S188,test,2,Official,55.57072121910258,70.2664462712096,65.55826437758338,118.79890466040771,65.09566214301276,103.53276759673666,0.9836956521739131,0.9422554347826086,44.614616846739494,69.46592440031945,68.31304156919794,111.60601503484065,67.73354597081938,98.9776924535418,0.857335127860027,0.7967698519515478,0.0,0.0,6.657115075021088e-15,0.7015744083433614,8.06225774829855,
S188,test,2,Official+Txyz,10.384850323673431,30.745323656769408,11.875334248800273,57.43304884726348,11.519601301804183,45.54490206229498,0.983016304347826,0.9422554347826086,10.982034778850533,30.35010331147305,13.28665722884148,52.04672057004115,13.159376855755745,42.47726451118288,0.8364737550471063,0.7967698519515478,0.0,0.0,6.986134494540568e-15,0.6603855382816123,9.0,False
S188,test,2,Official+Txyz+Pose,13.30455484796595,37.735177942944354,18.36048458479933,42.79636093630033,18.701022678407455,42.880345630205575,0.9626358695652174,0.9422554347826086,11.335928658654982,35.30568165223771,15.58525971140301,42.537480993681314,15.061022927181922,41.95626530163273,0.8492597577388964,0.7967698519515478,0.0,0.0004129877137927426,0.03689006800816446,0.661088707649916,10.0,False
S188,test,2,Official+Rigid,11.900201538618793,23.127208210332864,14.699559091650771,31.378790206430285,14.728124895232453,31.378790206430285,0.9694293478260869,0.9422554347826086,12.08309659838661,28.10242775896339,14.97274953025951,43.71543413874923,14.482538416471403,39.97992704941994,0.8519515477792732,0.7967698519515478,0.0,4.8259815502414704e-15,1.114940113963499e-13,0.6633841914371973,10.198039027185569,
S188,test,2,Official+Rigid+D,4.179691394319834,12.87022751043805,4.815405508303616,15.79292948005846,4.835363540782511,15.797786477000786,0.9565217391304348,0.9422554347826086,4.49985432190559,17.874978840514668,5.01575746498939,20.18959495602896,4.767694943778933,17.490793068895695,0.8472409152086138,0.7967698519515478,5.4238759017193686e-05,0.001978991463432408,0.16653821479618786,0.6629499614463699,10.0,
S196,test,0,Official,134.05222700734276,151.72357860587888,139.651574128309,158.85715480997067,139.651574128309,158.85715480997067,1.0,1.0,125.35738989652823,148.41539545582006,135.68558793823038,156.96661072448978,136.43573641448836,157.0857355280521,0.9237490071485306,0.8872120730738682,0.0,0.0,3.0367296518081193e-15,0.6772608257804632,7.810249675906654,
S196,test,0,Official+Txyz,10.009736690812787,25.373513925245625,10.848076049181032,26.12260448680614,10.848076049181032,26.12260448680614,1.0,1.0,9.011407662159813,27.23202660428273,12.610850525378137,68.98776517724014,10.430723492510952,46.162659437456554,0.9745830023828436,0.8872120730738682,0.0,0.0,9.337278204011525e-15,0.8117816091954023,4.0,False
S196,test,0,Official+Txyz+Pose,7.468063218456691,20.84039332464551,8.47977831008151,22.781736857244304,8.47977831008151,22.781736857244304,1.0,1.0,7.132207155906266,21.581784025960648,9.017663216737137,41.246416599867416,8.05677474237032,36.973445172834396,0.9674344718030182,0.8872120730738682,0.0,0.0005338112811155277,0.02870603780180551,0.8148107858201548,4.242640687119285,False
S196,test,0,Official+Rigid,5.823908232632492,20.272503538862047,6.2048871442245135,26.75605066851998,6.2048871442245135,26.75605066851998,1.0,1.0,7.242919272038277,36.84543590997862,8.112033073644609,97.06254120790624,7.500221085754877,70.39734749987045,0.9722001588562351,0.8872120730738682,0.0,7.916508083244118e-15,1.6213193621287687e-13,0.8086415579146663,3.605551275463989,
S196,test,0,Official+Rigid+D,2.3312872314317685,8.417783960473086,2.53022190438823,10.466996926164452,2.53022190438823,10.466996926164452,1.0,1.0,3.1855603885803054,35.80232035675393,3.365004705703223,63.22541163653798,3.0964138203328773,47.2984448793744,0.9467831612390787,0.8872120730738682,0.011471497532136464,0.005946344844924455,0.449256259274327,0.7774852054943265,4.47213595499958,
S196,test,1,Official,131.6336301154615,150.8752054822804,141.03635343151578,164.15377238454354,142.04108062971343,164.3305480780144,0.9624489795918367,0.9028571428571428,114.25427878131214,146.8999773281624,132.47740807757413,165.3671017727595,137.17476183480116,165.8707615992323,0.8781512605042017,0.8130252100840336,0.0,0.0,3.0367296518081193e-15,0.6772608257804632,7.810249675906654,
S196,test,1,Official+Txyz,12.172262135780487,27.127220289828273,14.598670495205358,30.337192269600276,14.389140502369834,30.330453007244905,0.9648979591836735,0.9028571428571428,10.156219186412304,28.40553387297576,14.724824777999522,68.33730112959067,14.177380378170401,58.40624656642568,0.9509803921568627,0.8130252100840336,0.0,0.0,1.966194543548264e-14,0.811189757609387,4.0,False
S196,test,1,Official+Txyz+Pose,9.37853233186355,30.76082853088607,11.381205005383643,53.11536608373432,11.044394881896125,53.08319486289853,0.9493877551020408,0.9028571428571428,8.170254211636323,24.05661155730158,12.38404202118204,64.48165967433032,11.057966303830824,63.49847833236089,0.9341736694677871,0.8130252100840336,0.0,0.00047605890414135983,0.04084767033745372,0.8142037983434776,4.0,False
S196,test,1,Official+Rigid,7.800773863640789,19.86009816500161,9.111487380570216,25.826785121522033,9.189896264805597,25.887034310106916,0.9591836734693877,0.9028571428571428,7.002161588103924,36.45090567986538,9.640281876960533,95.9019337510124,8.898438553293975,76.82225184896096,0.9551820728291317,0.8130252100840336,0.0,5.3907929446046936e-15,1.3414705686199607e-13,0.8117782440939552,4.0,
S196,test,1,Official+Rigid+D,3.3095901547831112,20.69018078560149,3.268900017796339,13.134768970381906,3.2660652168734483,13.026339867205472,0.9338775510204081,0.9028571428571428,3.4266644673563906,30.46005707482299,3.9818740821548904,59.338763296030635,3.6421760181741814,44.7381898948731,0.9159663865546218,0.8130252100840336,0.00919346965341433,0.0074447796256839815,0.4519860488324408,0.7741344195519348,5.0,
S196,test,2,Official,137.11613958893597,152.96238277094002,149.22849640060676,162.33783161854575,149.22849640060676,162.33783161854575,1.0,1.0,120.38393840331992,146.40975645376105,131.05074334652255,165.18347273554397,132.37761119284187,166.06147402116378,0.8299595141700404,0.7935222672064778,0.0,0.0,3.0367296518081193e-15,0.6772608257804632,7.810249675906654,
S196,test,2,Official+Txyz,12.3967905977325,38.45146650175613,13.774928863939273,32.80948503874881,13.774928863939273,32.80948503874881,1.0,1.0,9.656394819150012,26.517944473771998,14.055563471214171,47.05305475845711,12.982792640871432,43.32586561318119,0.9554655870445344,0.7935222672064778,0.0,8.02975867884028e-16,2.938166400190802e-14,0.8103532277710109,4.0,False
S196,test,2,Official+Txyz+Pose,4.875957142091196,42.24697615033491,5.2005558582739475,20.186648449139753,5.2005558582739475,20.186648449139753,1.0,1.0,6.634866879317206,25.480754273388985,8.119529130138027,50.96451946828126,6.653401436373718,38.423073244000236,0.9541160593792173,0.7935222672064778,0.0,0.0004095574056451484,0.02421470179845454,0.8240618492153153,3.605551275463989,False
S196,test,2,Official+Rigid,4.216542176280258,35.21071117027749,4.449355226959106,23.02017318437999,4.449355226959106,23.02017318437999,1.0,1.0,6.135925154219581,28.982328452398637,7.808201428022077,58.20519147763978,6.210472209306261,48.371565703997305,0.9574898785425101,0.7935222672064778,0.0,4.715242193010391e-15,1.1639341944114118e-13,0.8152613164817879,4.0,
S196,test,2,Official+Rigid+D,2.9347078144339456,42.532409269930014,2.7664146552073277,10.050694751337907,2.7664146552073277,10.050694751337907,1.0,1.0,3.3804302242237396,16.40798756303468,3.793442541154546,26.98981715198122,3.2131632301247715,20.444665981253053,0.9365721997300944,0.7935222672064778,0.018495416824863047,0.007970445579982785,0.476974371505101,0.7724524045713353,5.0,
