sample_id,role,identity,sequence,frame,camera_id,yaw_deg,elevation_deg,focal_px,lighting_id,file,sha256,bytes,depth_valid_fraction
p000448_a005129_000018_c00_l0,TRAIN,p000448,p000448_a005129,000018,0,0,5,650,0,samples/p000448_a005129_000018_c00_l0.npz,b21ee6f4a57a333da4742ed18c03af21254deb98c48dfb3dba483e8362c0ff68,301293,0.9765778769190395
p000448_a005129_000018_c00_l1,TRAIN,p000448,p000448_a005129,000018,0,0,5,650,1,samples/p000448_a005129_000018_c00_l1.npz,00d1618960b118c2875b5739d7a35c6767987f3ece9132d0106fe828bd8b1a0c,299304,0.9822201810785987
p000448_a005129_000018_c01_l0,TRAIN,p000448,p000448_a005129,000018,1,60,5,850,0,samples/p000448_a005129_000018_c01_l0.npz,d0cd151946da5076947c9aad6dd17bfb15ddd0765999d90695efbdece30ae452,345225,0.9772766200399657
p000448_a005129_000018_c01_l1,TRAIN,p000448,p000448_a005129,000018,1,60,5,850,1,samples/p000448_a005129_000018_c01_l1.npz,928926ac36f4bb5371485b4a449a5819cc34bb828cd986d9ee536e9b7f5a2f03,343421,0.9791036254638881
p000448_a005129_000018_c02_l0,TRAIN,p000448,p000448_a005129,000018,2,120,5,650,0,samples/p000448_a005129_000018_c02_l0.npz,81578370f156b34547d48b787dca60f275b2979b00253fc65515de6db8902bb2,323719,0.9784285235274394
p000448_a005129_000018_c02_l1,TRAIN,p000448,p000448_a005129,000018,2,120,5,650,1,samples/p000448_a005129_000018_c02_l1.npz,e109d3ebd834ddd78c3cbbb1b8c64dbc388d1cce8b7705d07c2a66494c73c902,322742,0.9797138705711411
p000448_a005129_000018_c03_l0,TRAIN,p000448,p000448_a005129,000018,3,180,5,850,0,samples/p000448_a005129_000018_c03_l0.npz,13d2713d9a8ff3d420f2be64d6a8bf9efc4b57379356f94512fdfff028aa1e74,346249,0.981637337413925
p000448_a005129_000018_c03_l1,TRAIN,p000448,p000448_a005129,000018,3,180,5,850,1,samples/p000448_a005129_000018_c03_l1.npz,e37dc5d65212604f49c230bd6eedc0c89182c1ea87ce1251c3ca0761218675ef,342671,0.9814843152257078
p000448_a005129_000018_c04_l0,TRAIN,p000448,p000448_a005129,000018,4,240,5,650,0,samples/p000448_a005129_000018_c04_l0.npz,5f2237c6ae40ac3840e6d4aeae1b155117e32d5085a32c835363456090c6a010,330309,0.9796869075348031
p000448_a005129_000018_c04_l1,TRAIN,p000448,p000448_a005129,000018,4,240,5,650,1,samples/p000448_a005129_000018_c04_l1.npz,ce494af7f125cd85b739f3066a689eeeab87ee632611fefef9ff96a161a518a2,327883,0.9798494122745247
p000448_a005129_000018_c05_l0,TRAIN,p000448,p000448_a005129,000018,5,300,5,850,0,samples/p000448_a005129_000018_c05_l0.npz,762da63f6ed7107d9a4b623e7471ab749a5b1e0bfcde4aae5363a6aa999ac4ca,333304,0.9798512832813624
p000448_a005129_000018_c05_l1,TRAIN,p000448,p000448_a005129,000018,5,300,5,850,1,samples/p000448_a005129_000018_c05_l1.npz,c8d95e60eef65a6f1f074b2617d463a28d40eeed73860bce8cfad21bd45d243f,331104,0.9789517869992804
p000448_a005129_000018_c06_l0,TRAIN,p000448,p000448_a005129,000018,6,0,25,650,0,samples/p000448_a005129_000018_c06_l0.npz,e9e718c63ec4070a61df3fb92ce94a21301723e9631c286d417f74208fc06359,359863,0.9772939570309693
p000448_a005129_000018_c06_l1,TRAIN,p000448,p000448_a005129,000018,6,0,25,650,1,samples/p000448_a005129_000018_c06_l1.npz,ad64820543fb152be6815132a5d0ec43d21eaa1acba335335e9235aad57846b0,355372,0.977365811597327
p000448_a005129_000018_c07_l0,TRAIN,p000448,p000448_a005129,000018,7,60,25,850,0,samples/p000448_a005129_000018_c07_l0.npz,4bc35cf10e678df0a4682b606d6934c533592fb2fa87909818949afb738df854,381748,0.9775802087359876
p000448_a005129_000018_c07_l1,TRAIN,p000448,p000448_a005129,000018,7,60,25,850,1,samples/p000448_a005129_000018_c07_l1.npz,e1d13ca9b3bd97382a060be07c3204ea632cf33fd310c2e1c57ce4723d63d919,379506,0.9768715371730448
p000448_a005129_000018_c08_l0,TRAIN,p000448,p000448_a005129,000018,8,120,25,650,0,samples/p000448_a005129_000018_c08_l0.npz,dcba95a1b76eaf76f2f9dc5e6bf806d47da354bd54a9761c5cc7698542571887,408335,0.9821360284075389
p000448_a005129_000018_c08_l1,TRAIN,p000448,p000448_a005129,000018,8,120,25,650,1,samples/p000448_a005129_000018_c08_l1.npz,0ad0d4e1ef7eea82a8b9c48d36115a5b10041badb18384a628c03a4eb845f905,404048,0.9785304561595193
p000448_a005129_000018_c09_l0,TRAIN,p000448,p000448_a005129,000018,9,180,25,850,0,samples/p000448_a005129_000018_c09_l0.npz,205c80f93ea68839cfd973cac60912423d6f548a8e59a7baa14c7c353faf8fe4,393192,0.9804705760141277
p000448_a005129_000018_c09_l1,TRAIN,p000448,p000448_a005129,000018,9,180,25,850,1,samples/p000448_a005129_000018_c09_l1.npz,549ddcd6fd5c9528df6edb30bed5a1d1646221bea5a7e3522b9dfadcb819c1ea,388468,0.9806263958863554
p000448_a005129_000018_c10_l0,TRAIN,p000448,p000448_a005129,000018,10,240,25,650,0,samples/p000448_a005129_000018_c10_l0.npz,cd0e01837966a3682ef81a3247fdf1127877ef51b97f830db04597bbad3e89aa,406288,0.9796432089307212
p000448_a005129_000018_c10_l1,TRAIN,p000448,p000448_a005129,000018,10,240,25,650,1,samples/p000448_a005129_000018_c10_l1.npz,b89dd97af13f2f11fa31ec97d895be8b83304eb10689dfde8018979288ee74df,400576,0.9796979314873591
p000448_a005129_000018_c11_l0,TRAIN,p000448,p000448_a005129,000018,11,300,25,850,0,samples/p000448_a005129_000018_c11_l0.npz,369541c3925d4cbcc99575bba425dd4eb8855d6669ab91259d423ef78404f7dd,378231,0.9759546461618663
p000448_a005129_000018_c11_l1,TRAIN,p000448,p000448_a005129,000018,11,300,25,850,1,samples/p000448_a005129_000018_c11_l1.npz,4fcb17c867995ce5101956450cd727e0adab522dec7bd6c41ed43526068763fb,375976,0.9784308614622703
p000448_a005129_000066_c00_l0,TRAIN,p000448,p000448_a005129,000066,0,0,5,650,0,samples/p000448_a005129_000066_c00_l0.npz,9ac6d58c9d204577c2e73401a15d9185b19d4f773a0ced5956b4ded5d78f3ff5,309244,0.9784560143626571
p000448_a005129_000066_c00_l1,TRAIN,p000448,p000448_a005129,000066,0,0,5,650,1,samples/p000448_a005129_000066_c00_l1.npz,dad01a076fce562a77d7a2533d5ead0abf0f29b3c1258ab2f6c04bbfb540161f,307488,0.9789512784002972
p000448_a005129_000066_c01_l0,TRAIN,p000448,p000448_a005129,000066,1,60,5,850,0,samples/p000448_a005129_000066_c01_l0.npz,ff9ab97b8a04a6aac3ee8dab64e8d242ddb7ed372a0f6e68c8c203c8297aecd8,343341,0.9795679115726009
p000448_a005129_000066_c01_l1,TRAIN,p000448,p000448_a005129,000066,1,60,5,850,1,samples/p000448_a005129_000066_c01_l1.npz,f8ef2d1a87d4b2af795f58ee11a9b03aa39cde3a7380a3b6bdd7969aa83c7cde,341682,0.9796237369508178
p000448_a005129_000066_c02_l0,TRAIN,p000448,p000448_a005129,000066,2,120,5,650,0,samples/p000448_a005129_000066_c02_l0.npz,78294d7a4b79d21897191a46831f56ff0867e6788289854884b1e68fcd728521,333220,0.9815244989465723
p000448_a005129_000066_c02_l1,TRAIN,p000448,p000448_a005129,000066,2,120,5,650,1,samples/p000448_a005129_000066_c02_l1.npz,4d94b789d4422416c2aafb6069b7ad83975abf1269489927e5e52f4760e5fed2,332146,0.9802819944897628
p000448_a005129_000066_c03_l0,TRAIN,p000448,p000448_a005129,000066,3,180,5,850,0,samples/p000448_a005129_000066_c03_l0.npz,2ccbc85430eb282a3f10053d01d345c52b13c2c3d741540a9e1bfd36e85d4cbb,354050,0.9806035543740462
p000448_a005129_000066_c03_l1,TRAIN,p000448,p000448_a005129,000066,3,180,5,850,1,samples/p000448_a005129_000066_c03_l1.npz,41df09a9dc6e9642d96e57811b62a00c44161582afb1776b93586d57552ac7be,349960,0.9792743563235367
p000448_a005129_000066_c04_l0,TRAIN,p000448,p000448_a005129,000066,4,240,5,650,0,samples/p000448_a005129_000066_c04_l0.npz,14941c6c12015e0e437521f929fe7eacfd29bc9e26d5f626ecd65aa406d84a25,337547,0.981428046797125
p000448_a005129_000066_c04_l1,TRAIN,p000448,p000448_a005129,000066,4,240,5,650,1,samples/p000448_a005129_000066_c04_l1.npz,d57c611a7539c2b4dab3135b835bfc1c020bd1624d86af518912dbb74071eb3e,335788,0.9814805099417659
p000448_a005129_000066_c05_l0,TRAIN,p000448,p000448_a005129,000066,5,300,5,850,0,samples/p000448_a005129_000066_c05_l0.npz,ece7f2a8dafc0e818eec72631c3be0a42b37562f74f94326d7e29dd22884f498,336366,0.9792188567524482
p000448_a005129_000066_c05_l1,TRAIN,p000448,p000448_a005129,000066,5,300,5,850,1,samples/p000448_a005129_000066_c05_l1.npz,d1816991362feadb47e7c4da77c417a0f0ce4a5d06d9321189383e17f399dbbb,334224,0.979332726030517
p000448_a005129_000066_c06_l0,TRAIN,p000448,p000448_a005129,000066,6,0,25,650,0,samples/p000448_a005129_000066_c06_l0.npz,8f2d2714ec689b1fe79e0a68a854bfb7bab682eff9857e4c0e65f0bc6ff38254,365093,0.9787905827441828
p000448_a005129_000066_c06_l1,TRAIN,p000448,p000448_a005129,000066,6,0,25,650,1,samples/p000448_a005129_000066_c06_l1.npz,52b7219a9f9c9e6688e85c688f551090f7039f88afd3282d27bb3e57ee1f7778,360617,0.9768686938019082
p000448_a005129_000066_c07_l0,TRAIN,p000448,p000448_a005129,000066,7,60,25,850,0,samples/p000448_a005129_000066_c07_l0.npz,e9c113bea37378df3597aee865049630eebffad0326eb98b4b5b918f91cd8abd,385244,0.9777581195501074
p000448_a005129_000066_c07_l1,TRAIN,p000448,p000448_a005129,000066,7,60,25,850,1,samples/p000448_a005129_000066_c07_l1.npz,34487fcf389c1741ad23a6d174878d936f2ff8f2b71505cd6856e695adb36a55,383145,0.9783268039934285
p000448_a005129_000066_c08_l0,TRAIN,p000448,p000448_a005129,000066,8,120,25,650,0,samples/p000448_a005129_000066_c08_l0.npz,77c9eb3ca1172b9533bf05948f5de807be2f506cff52d122e8cc187237c204f7,410191,0.9817481132580421
p000448_a005129_000066_c08_l1,TRAIN,p000448,p000448_a005129,000066,8,120,25,650,1,samples/p000448_a005129_000066_c08_l1.npz,ae23e34d6afb1351b7f23f54f03831b725e9d4d41754163ecc734f316de37aec,405966,0.9811593427179789
p000448_a005129_000066_c09_l0,TRAIN,p000448,p000448_a005129,000066,9,180,25,850,0,samples/p000448_a005129_000066_c09_l0.npz,caa23abea13f3dcb1bbd5724199811380c7cfc8aa675d9ef82db0ccbdb84d57e,403058,0.9819460376041095
p000448_a005129_000066_c09_l1,TRAIN,p000448,p000448_a005129,000066,9,180,25,850,1,samples/p000448_a005129_000066_c09_l1.npz,8aa98c731e8d01ce5b5283c937b5df6c06d74a3a512ee339ba3b3ee9f96f9fdc,398514,0.9796020148621016
p000448_a005129_000066_c10_l0,TRAIN,p000448,p000448_a005129,000066,10,240,25,650,0,samples/p000448_a005129_000066_c10_l0.npz,6ee57d2b2484e9f5c506d2d0bfc3856ae06ff84d99d4857bbe26d9a314cd164d,412064,0.9793114339861023
p000448_a005129_000066_c10_l1,TRAIN,p000448,p000448_a005129,000066,10,240,25,650,1,samples/p000448_a005129_000066_c10_l1.npz,d4069d73ed24524d993c28fc16bbcbf3c9d98f9e9bb77ead043c8f15fd83ee05,407130,0.979943145925458
p000448_a005129_000066_c11_l0,TRAIN,p000448,p000448_a005129,000066,11,300,25,850,0,samples/p000448_a005129_000066_c11_l0.npz,72991ca129248379ac8cffec1f31d3f60067fc2ddba6c8ae16b925b023947502,383374,0.9797344514325647
p000448_a005129_000066_c11_l1,TRAIN,p000448,p000448_a005129,000066,11,300,25,850,1,samples/p000448_a005129_000066_c11_l1.npz,bc8632e1bbe9f692d7b5da75be86db2aec300b52d908704b207519dfd196ba44,380310,0.9757321644114096
p000448_a005129_000126_c00_l0,TRAIN,p000448,p000448_a005129,000126,0,0,5,650,0,samples/p000448_a005129_000126_c00_l0.npz,984ff8f4bde8cbcd3e383dd5c5b40c0d239494a76631ca1c66108f335287a45d,354203,0.9772412144393976
p000448_a005129_000126_c00_l1,TRAIN,p000448,p000448_a005129,000126,0,0,5,650,1,samples/p000448_a005129_000126_c00_l1.npz,cb0000387545dc61f8f90b24b135adfc61c9c3562f3719a6428202ae76271f08,352833,0.980301219220655
p000448_a005129_000126_c01_l0,TRAIN,p000448,p000448_a005129,000126,1,60,5,850,0,samples/p000448_a005129_000126_c01_l0.npz,ac26412add4405e9fd548df102d8544dea07b0be2f698e125e47bd0877d29a9e,358651,0.9804158485626542
p000448_a005129_000126_c01_l1,TRAIN,p000448,p000448_a005129,000126,1,60,5,850,1,samples/p000448_a005129_000126_c01_l1.npz,eb16aac163965bd8d5d6b1f975874ed2cc413056f52f615203ba197179dd53d0,356139,0.9782510194834617
p000448_a005129_000126_c02_l0,TRAIN,p000448,p000448_a005129,000126,2,120,5,650,0,samples/p000448_a005129_000126_c02_l0.npz,f56fb9918ec7688622900381cf20ed04ccb213dd20850d39106e5d31024f747d,348933,0.9794198252236413
p000448_a005129_000126_c02_l1,TRAIN,p000448,p000448_a005129,000126,2,120,5,650,1,samples/p000448_a005129_000126_c02_l1.npz,fb747a507f7a80226974e7c8aa6147bcc9b74a1222943c66b1b3201497f8995f,347925,0.9813330575520968
p000448_a005129_000126_c03_l0,TRAIN,p000448,p000448_a005129,000126,3,180,5,850,0,samples/p000448_a005129_000126_c03_l0.npz,aedc269c1574a393f1d06271bc9da3fcbe7555079952e086aa65cda4a65c7851,368823,0.9782697826978269
p000448_a005129_000126_c03_l1,TRAIN,p000448,p000448_a005129,000126,3,180,5,850,1,samples/p000448_a005129_000126_c03_l1.npz,4eb07bf0e125fbca643d5ae8a946d47b5b8ec65b4cca60106bdfc273a7e8deff,364955,0.9794542389868343
p000448_a005129_000126_c04_l0,TRAIN,p000448,p000448_a005129,000126,4,240,5,650,0,samples/p000448_a005129_000126_c04_l0.npz,e4cbe1198158d0b13503cbb8ebd9c2fcedd15451965e6a4a715671cdec946ea4,356985,0.9803550059832469
p000448_a005129_000126_c04_l1,TRAIN,p000448,p000448_a005129,000126,4,240,5,650,1,samples/p000448_a005129_000126_c04_l1.npz,7b98039c726bd81149b1c197a4dbc9eb1d634a97e9f9a06acc6781e93da9afab,355559,0.9807040287195852
p000448_a005129_000126_c05_l0,TRAIN,p000448,p000448_a005129,000126,5,300,5,850,0,samples/p000448_a005129_000126_c05_l0.npz,9acd9d830fa9d55bfbbd8546d0c0c8a5eb1f2b034cb0e33e5c2d60db03c9763c,347605,0.9813749084440724
p000448_a005129_000126_c05_l1,TRAIN,p000448,p000448_a005129,000126,5,300,5,850,1,samples/p000448_a005129_000126_c05_l1.npz,37b74017fa9945788c31e6f87e559c276972d6c63096c3eb6176638263b69445,345378,0.9806947786962436
p000448_a005129_000126_c06_l0,TRAIN,p000448,p000448_a005129,000126,6,0,25,650,0,samples/p000448_a005129_000126_c06_l0.npz,36e57386c1bdabfddcb8d04c55fffc9dd9a5d12dd65d1e5b87815d399d784e3c,394864,0.9788818495053907
p000448_a005129_000126_c06_l1,TRAIN,p000448,p000448_a005129,000126,6,0,25,650,1,samples/p000448_a005129_000126_c06_l1.npz,a903b68a99941da896051930e5931dcb8040475758d2d7e47d990921e1875759,390484,0.9772146270979215
p000448_a005129_000126_c07_l0,TRAIN,p000448,p000448_a005129,000126,7,60,25,850,0,samples/p000448_a005129_000126_c07_l0.npz,1922b6e14a20f93ec56a2b6dd44c2a9f767e8f74efc7db9b51ed773e2b431773,392038,0.9790426291974279
p000448_a005129_000126_c07_l1,TRAIN,p000448,p000448_a005129,000126,7,60,25,850,1,samples/p000448_a005129_000126_c07_l1.npz,f356d15855f4ca7ca27265209da75b76bb9b9ef8b2f54bcd79282b1f0c685419,389183,0.9808883067397
p000448_a005129_000126_c08_l0,TRAIN,p000448,p000448_a005129,000126,8,120,25,650,0,samples/p000448_a005129_000126_c08_l0.npz,5ed9c6794bbc22028dd61cc311b685e08226b56cc0f6d885ca045c0bc5491a09,427618,0.9780319902814335
p000448_a005129_000126_c08_l1,TRAIN,p000448,p000448_a005129,000126,8,120,25,650,1,samples/p000448_a005129_000126_c08_l1.npz,8e4d7f3f09c5f9666e8d657e0bd512629f2e3eb3b54c9e3e3a9f84b68abdf240,424208,0.9786394006883985
p000448_a005129_000126_c09_l0,TRAIN,p000448,p000448_a005129,000126,9,180,25,850,0,samples/p000448_a005129_000126_c09_l0.npz,01956f35a8553f554b6afe1e4b69bf19c742cb01713d7f48c607aa366540d286,428250,0.9804416124607284
p000448_a005129_000126_c09_l1,TRAIN,p000448,p000448_a005129,000126,9,180,25,850,1,samples/p000448_a005129_000126_c09_l1.npz,af25b44fe24f19b3b20f6e326fb09411b0a14575faf5b53dee483ca317fe6fc7,424042,0.9788486216204256
p000448_a005129_000126_c10_l0,TRAIN,p000448,p000448_a005129,000126,10,240,25,650,0,samples/p000448_a005129_000126_c10_l0.npz,bb71d52b5fb23b93d673cac6d6a326073161586d265a5e3b291f7f4406a22583,435560,0.9796087614029952
p000448_a005129_000126_c10_l1,TRAIN,p000448,p000448_a005129,000126,10,240,25,650,1,samples/p000448_a005129_000126_c10_l1.npz,42be119fa939662ed9caf63555ea92e66e2fa38bd6c5dac2a12a507949d12145,430351,0.978974584126055
p000448_a005129_000126_c11_l0,TRAIN,p000448,p000448_a005129,000126,11,300,25,850,0,samples/p000448_a005129_000126_c11_l0.npz,95f5d28c126e5bedaa476358fc38e21f9604e7565d970ab0ef245424df90eda5,383230,0.9789763483919409
p000448_a005129_000126_c11_l1,TRAIN,p000448,p000448_a005129,000126,11,300,25,850,1,samples/p000448_a005129_000126_c11_l1.npz,f52d702e77a488148406c2bab2fbf527af574da3581c1478135eb243ab872635,380659,0.978600926041797
p000448_a005129_000174_c00_l0,TRAIN,p000448,p000448_a005129,000174,0,0,5,650,0,samples/p000448_a005129_000174_c00_l0.npz,8747b050bad3fc810540bd11d44dd1bd63e44f0152ce027578841875f711b22a,297560,0.978827799435408
p000448_a005129_000174_c00_l1,TRAIN,p000448,p000448_a005129,000174,0,0,5,650,1,samples/p000448_a005129_000174_c00_l1.npz,7e7d0d857406da7e8be215942c25e24b8f0c8f7aa3cd296065558edba667ff7c,295717,0.9782228794192768
p000448_a005129_000174_c01_l0,TRAIN,p000448,p000448_a005129,000174,1,60,5,850,0,samples/p000448_a005129_000174_c01_l0.npz,62e2daa9529b3b386565918a7a35dba78b4a0065c0633669258904f59704cbd7,336728,0.9786924668642694
p000448_a005129_000174_c01_l1,TRAIN,p000448,p000448_a005129,000174,1,60,5,850,1,samples/p000448_a005129_000174_c01_l1.npz,2db26f88ef9ee0cb89391b12d947543ae89c61760393f607aee83ca6ec6e97f7,334868,0.9788602427157318
p000448_a005129_000174_c02_l0,TRAIN,p000448,p000448_a005129,000174,2,120,5,650,0,samples/p000448_a005129_000174_c02_l0.npz,dab395038a3111597f850617f860f1d35839f4f6a67193fb2fc2cb3b1ffecafd,335232,0.9787527593818984
p000448_a005129_000174_c02_l1,TRAIN,p000448,p000448_a005129,000174,2,120,5,650,1,samples/p000448_a005129_000174_c02_l1.npz,5a27decdaad247ad9acd05a0227a52d3b2f58cc57d90ebb3ec3f8f3930989ca2,334108,0.980794701986755
p000448_a005129_000174_c03_l0,TRAIN,p000448,p000448_a005129,000174,3,180,5,850,0,samples/p000448_a005129_000174_c03_l0.npz,eb196b7a4f1cc1b2296beeac34c9f62213076a7b25a1605092d53f4a8e577df0,340796,0.9797010228166798
p000448_a005129_000174_c03_l1,TRAIN,p000448,p000448_a005129,000174,3,180,5,850,1,samples/p000448_a005129_000174_c03_l1.npz,2c0aa1437884f827417619d868b7ae3205610187e7ef4442b54f328837562f4e,336696,0.9803829006031995
p000448_a005129_000174_c04_l0,TRAIN,p000448,p000448_a005129,000174,4,240,5,650,0,samples/p000448_a005129_000174_c04_l0.npz,9b45ff4b44f8733243719ec2e04495d9e4398e101ff7c8a503d06315b799f464,340575,0.9810966113527737
p000448_a005129_000174_c04_l1,TRAIN,p000448,p000448_a005129,000174,4,240,5,650,1,samples/p000448_a005129_000174_c04_l1.npz,98178114afc44ca784acf5eb62346f80ffd427b4394af9bb3613b5dcca8c70ba,339169,0.9797003383276945
p000448_a005129_000174_c05_l0,TRAIN,p000448,p000448_a005129,000174,5,300,5,850,0,samples/p000448_a005129_000174_c05_l0.npz,a1a9437432925595010a5d8aa3697f766f6c9ade495cf247fd634de2ca556c88,323250,0.9813598437777383
p000448_a005129_000174_c05_l1,TRAIN,p000448,p000448_a005129,000174,5,300,5,850,1,samples/p000448_a005129_000174_c05_l1.npz,8b217bf691450532682330bfb49d222773a95389a24de1963d821e81ae2d9da9,320962,0.979052014912125
p000448_a005129_000174_c06_l0,TRAIN,p000448,p000448_a005129,000174,6,0,25,650,0,samples/p000448_a005129_000174_c06_l0.npz,514a44433c0960757b28592fb092a06a8a87ed5cbae3685b807913433aedc952,352610,0.9796487525439059
p000448_a005129_000174_c06_l1,TRAIN,p000448,p000448_a005129,000174,6,0,25,650,1,samples/p000448_a005129_000174_c06_l1.npz,f6b170157586ccc14858309f785e05e2aa7d3ce8fa74d8d2de4b8b8972412fe4,348340,0.9766337529207809
p000448_a005129_000174_c07_l0,TRAIN,p000448,p000448_a005129,000174,7,60,25,850,0,samples/p000448_a005129_000174_c07_l0.npz,46a12a30cbf6cb07d3fe87c8259f3d8281837d7e1e3941881e77ad63ed198bc8,384745,0.9770621967357741
p000448_a005129_000174_c07_l1,TRAIN,p000448,p000448_a005129,000174,7,60,25,850,1,samples/p000448_a005129_000174_c07_l1.npz,0ad8d32e815c2ff51123f7a099a6fed5fbc7b2179ffc9a3e8e58255b92070df7,383507,0.9779444199382443
p000448_a005129_000174_c08_l0,TRAIN,p000448,p000448_a005129,000174,8,120,25,650,0,samples/p000448_a005129_000174_c08_l0.npz,d555354f62329351ffe177924be67ea3d60ed90013b4ebd3bf78d814049d7e9a,409892,0.9801630434782609
p000448_a005129_000174_c08_l1,TRAIN,p000448,p000448_a005129,000174,8,120,25,650,1,samples/p000448_a005129_000174_c08_l1.npz,3b2b6aa25e43016a15b94e945d46ad83eae892a9eec3cb3648fe36dd750d28f4,405291,0.981195652173913
p000448_a005129_000174_c09_l0,TRAIN,p000448,p000448_a005129,000174,9,180,25,850,0,samples/p000448_a005129_000174_c09_l0.npz,23215c18eac11cd8ead1154c6b45f962c5335268501d5b4c3205eac52eb3d424,389702,0.98253367003367
p000448_a005129_000174_c09_l1,TRAIN,p000448,p000448_a005129,000174,9,180,25,850,1,samples/p000448_a005129_000174_c09_l1.npz,2c25cfcf0655ff011dc5850bfd3fcd14722fe699128b0df63cb51c863c13da85,386561,0.9805871212121212
p000448_a005129_000174_c10_l0,TRAIN,p000448,p000448_a005129,000174,10,240,25,650,0,samples/p000448_a005129_000174_c10_l0.npz,da9878238cb22f12c7d6d1b9799d58118b582db1f820ffa143530e1d5e5e7436,407029,0.9800593276203032
p000448_a005129_000174_c10_l1,TRAIN,p000448,p000448_a005129,000174,10,240,25,650,1,samples/p000448_a005129_000174_c10_l1.npz,ff30b01193bc7fa3c98cf5d4914268efae2d5d20b1e96955796e3f8035c82263,402329,0.9796747967479674
p000448_a005129_000174_c11_l0,TRAIN,p000448,p000448_a005129,000174,11,300,25,850,0,samples/p000448_a005129_000174_c11_l0.npz,242186984138e41d808240fa7a6c8605ff380aac398cdecc92c4af2878969ea3,377085,0.9761889186890822
p000448_a005129_000174_c11_l1,TRAIN,p000448,p000448_a005129,000174,11,300,25,850,1,samples/p000448_a005129_000174_c11_l1.npz,f3f2ef5359b7477cd759625b9308087c0c933c9a08f532f17c8d9ddf300ab143,374550,0.974095636815595
p000460_a000064_000042_c00_l0,VAL,p000460,p000460_a000064,000042,0,0,5,650,0,samples/p000460_a000064_000042_c00_l0.npz,077e007d1e0953ea117b1de01107da5e6f8ba694ea71d7a04ba23c54aa742a35,378909,0.9815391459074733
p000460_a000064_000042_c00_l1,VAL,p000460,p000460_a000064,000042,0,0,5,650,1,samples/p000460_a000064_000042_c00_l1.npz,3b2ac1b6ccf60625a06440d1bd15b7a6d19f772ad45fb2fff9954d3aff3bd1a6,377803,0.9791814946619217
p000460_a000064_000042_c01_l0,VAL,p000460,p000460_a000064,000042,1,60,5,850,0,samples/p000460_a000064_000042_c01_l0.npz,6d074cab25cfba9cc3ec36c25b59c21e537ad79c25944a3998d5f6824c2c0248,378452,0.9813434653417117
p000460_a000064_000042_c01_l1,VAL,p000460,p000460_a000064,000042,1,60,5,850,1,samples/p000460_a000064_000042_c01_l1.npz,f622e8e8b9a258018a17592dbb57efb724e6b22eb3d83c10a24dc7719ad86083,375929,0.9818792927078767
p000460_a000064_000042_c02_l0,VAL,p000460,p000460_a000064,000042,2,120,5,650,0,samples/p000460_a000064_000042_c02_l0.npz,e4a606520c5a3e405c82c1d74ee5c8e6cd719eef1188f378f8f8a63d9241616b,359292,0.98185026468364
p000460_a000064_000042_c02_l1,VAL,p000460,p000460_a000064,000042,2,120,5,650,1,samples/p000460_a000064_000042_c02_l1.npz,cf458baaa2cadf9d9b6cef7421b57792b7b45a4746081ef7ad2fbe4378113501,358205,0.9806906982606504
p000460_a000064_000042_c03_l0,VAL,p000460,p000460_a000064,000042,3,180,5,850,0,samples/p000460_a000064_000042_c03_l0.npz,c2ec33a659d37f2f3d4c0f012e0d693770f503fc12a57e10476570b2a797513d,405183,0.981018426788191
p000460_a000064_000042_c03_l1,VAL,p000460,p000460_a000064,000042,3,180,5,850,1,samples/p000460_a000064_000042_c03_l1.npz,b34208a6c97f432ea7231bfcd0efe9778f3e9c22ff86e34c3c7f2440d05a461b,401070,0.9799881117495541
p000460_a000064_000042_c04_l0,VAL,p000460,p000460_a000064,000042,4,240,5,650,0,samples/p000460_a000064_000042_c04_l0.npz,0d7e5949aa2829a68debbe454348481003351a4e10ca339221b90cf98b404768,371055,0.9810540172065253
p000460_a000064_000042_c04_l1,VAL,p000460,p000460_a000064,000042,4,240,5,650,1,samples/p000460_a000064_000042_c04_l1.npz,98345e0fac6f85b18835944f64ebe19125d6c6b45038227136ef23efc15ed654,368880,0.979972732828734
p000460_a000064_000042_c05_l0,VAL,p000460,p000460_a000064,000042,5,300,5,850,0,samples/p000460_a000064_000042_c05_l0.npz,d0f02b8e64f4fca36c54d88f549ac12d641d267946a992123abd73e942897b25,373837,0.9811102738005526
p000460_a000064_000042_c05_l1,VAL,p000460,p000460_a000064,000042,5,300,5,850,1,samples/p000460_a000064_000042_c05_l1.npz,2534e3e7a28d0a747c545530c115b38f2501f9685f5363f1de5826377b19bbeb,372247,0.9811605124340618
p000460_a000064_000042_c06_l0,VAL,p000460,p000460_a000064,000042,6,0,25,650,0,samples/p000460_a000064_000042_c06_l0.npz,5f295b5ff4cc45ae4f6f9b1f58268433e800591c52ec6af8962f17d9f25a894f,406063,0.9779306549257017
p000460_a000064_000042_c06_l1,VAL,p000460,p000460_a000064,000042,6,0,25,650,1,samples/p000460_a000064_000042_c06_l1.npz,14eb22e50fd338781e5b8b1a55fb3ba98a8071594f50a3214d4538e3ca64191d,402474,0.9794716565767749
p000460_a000064_000042_c07_l0,VAL,p000460,p000460_a000064,000042,7,60,25,850,0,samples/p000460_a000064_000042_c07_l0.npz,f202cbc7ebe060f200c5b99c5eea608b2717085752be0b3d2315be07ee821253,401248,0.9820006922810661
p000460_a000064_000042_c07_l1,VAL,p000460,p000460_a000064,000042,7,60,25,850,1,samples/p000460_a000064_000042_c07_l1.npz,bfa84d175ae654dbed6f2b81a682344badf764083742064236ad3bfd12cf0c63,399639,0.980269989615784
p000460_a000064_000042_c08_l0,VAL,p000460,p000460_a000064,000042,8,120,25,650,0,samples/p000460_a000064_000042_c08_l0.npz,eb4e7ce923f6503589466db3dc5f9756985075c03781b49372ff1ef5305a455a,441085,0.9791944391544468
p000460_a000064_000042_c08_l1,VAL,p000460,p000460_a000064,000042,8,120,25,650,1,samples/p000460_a000064_000042_c08_l1.npz,574ce01ace71b7b4d4b8bccb05222cb9b30fb0d6f8953246f9d78526caea8ada,436740,0.9786231194058275
p000460_a000064_000042_c09_l0,VAL,p000460,p000460_a000064,000042,9,180,25,850,0,samples/p000460_a000064_000042_c09_l0.npz,9ca61eb1d4c1c761d42d4da58d842cf37a9e818e323c3ec27315ae6fdf84f2fb,466671,0.9796472703622939
p000460_a000064_000042_c09_l1,VAL,p000460,p000460_a000064,000042,9,180,25,850,1,samples/p000460_a000064_000042_c09_l1.npz,baf007568bdda0349a01e54d4ec5bc19b694e5d6d10a1cd2fe96a7a903208df4,462728,0.9800298404682658
p000460_a000064_000042_c10_l0,VAL,p000460,p000460_a000064,000042,10,240,25,650,0,samples/p000460_a000064_000042_c10_l0.npz,95636488fd1fb16d15ab59e0dd689264ebfa3723aee96470966379df96f5ac83,450608,0.9808940322214659
p000460_a000064_000042_c10_l1,VAL,p000460,p000460_a000064,000042,10,240,25,650,1,samples/p000460_a000064_000042_c10_l1.npz,335b2f4fe09da10fdec0cd1a36c1c4b4d17d02509ae17b0fe0c25ecb9ec19bf4,444364,0.9796687088722487
p000460_a000064_000042_c11_l0,VAL,p000460,p000460_a000064,000042,11,300,25,850,0,samples/p000460_a000064_000042_c11_l0.npz,456176248eaca89ae0a7c83eba20dcc80834ffdc2f0436615e76394a15309af8,394068,0.9810003642102707
p000460_a000064_000042_c11_l1,VAL,p000460,p000460_a000064,000042,11,300,25,850,1,samples/p000460_a000064_000042_c11_l1.npz,df03e485f0b67079a59a933db63e672b1d2fdf974fb6609dc12fb39c5ee094d1,392722,0.9799077333980818
p000460_a000064_000168_c00_l0,VAL,p000460,p000460_a000064,000168,0,0,5,650,0,samples/p000460_a000064_000168_c00_l0.npz,32c5dc41af7f299156892df008458c98f8f4da2fed9f0415fae69c46cc8d354d,376615,0.9790990990990991
p000460_a000064_000168_c00_l1,VAL,p000460,p000460_a000064,000168,0,0,5,650,1,samples/p000460_a000064_000168_c00_l1.npz,1baaafcdc4f4b43d79f894f28e9b345158f1ce2939923a5a50785e66aa9bb316,375774,0.982072072072072
p000460_a000064_000168_c01_l0,VAL,p000460,p000460_a000064,000168,1,60,5,850,0,samples/p000460_a000064_000168_c01_l0.npz,eed29a7589760630780555099e58c3dc5756f754fa4e7a1fac294690fecc16f7,380536,0.9821544753229854
p000460_a000064_000168_c01_l1,VAL,p000460,p000460_a000064,000168,1,60,5,850,1,samples/p000460_a000064_000168_c01_l1.npz,41f8d255c269137ec4d9b62f70df507bc2fb2aa265dde463eb34e3b4a7c0b3ba,379339,0.9823403662050376
p000460_a000064_000168_c02_l0,VAL,p000460,p000460_a000064,000168,2,120,5,650,0,samples/p000460_a000064_000168_c02_l0.npz,7467f5ee664e3495df0ddb1ea5d97e9de1ce8a5437360a7c99c0fc4e3298fbb4,366892,0.9783360109050192
p000460_a000064_000168_c02_l1,VAL,p000460,p000460_a000064,000168,2,120,5,650,1,samples/p000460_a000064_000168_c02_l1.npz,976afe071fdd89f5503a4bc52c159b98852c3e2c39f9b5384a278c660629f22a,366036,0.9808675332262304
p000460_a000064_000168_c03_l0,VAL,p000460,p000460_a000064,000168,3,180,5,850,0,samples/p000460_a000064_000168_c03_l0.npz,6bac89d0745ea7e9fcee2420458cda84459eda0cdf1b873acc65e3dc4ab947f2,402501,0.9781178085510114
p000460_a000064_000168_c03_l1,VAL,p000460,p000460_a000064,000168,3,180,5,850,1,samples/p000460_a000064_000168_c03_l1.npz,474ad5c8cf55aabcf43b4cd726542ba3826915bb903455878ba8d4b8e7700f04,398322,0.9810246679316889
p000460_a000064_000168_c04_l0,VAL,p000460,p000460_a000064,000168,4,240,5,650,0,samples/p000460_a000064_000168_c04_l0.npz,46485d0d8f069d695cf5c27e5e8e439171ac415380123b7b2cfc44b638040a16,363942,0.9806736883942766
p000460_a000064_000168_c04_l1,VAL,p000460,p000460_a000064,000168,4,240,5,650,1,samples/p000460_a000064_000168_c04_l1.npz,cd9fc56bebaf206253e7cbd4582bf9fc866c0de77da7c854f696bb012579b157,361099,0.980773052464229
p000460_a000064_000168_c05_l0,VAL,p000460,p000460_a000064,000168,5,300,5,850,0,samples/p000460_a000064_000168_c05_l0.npz,b92abfddf31b72347f3e31ba26cb5c2ab7c5be47f8d95e247cec852ad839b2f3,355387,0.9799075852759462
p000460_a000064_000168_c05_l1,VAL,p000460,p000460_a000064,000168,5,300,5,850,1,samples/p000460_a000064_000168_c05_l1.npz,1835303b091e5a201440567996b2a0f3e9c8fac555c3a0c80b62e8b5a5e808e1,352980,0.9801671771974456
p000460_a000064_000168_c06_l0,VAL,p000460,p000460_a000064,000168,6,0,25,650,0,samples/p000460_a000064_000168_c06_l0.npz,699e5df5e9c363571164a5c97cd51d80fa5cef6d353255b4d6648f2c01614ce6,407491,0.9797096667766414
p000460_a000064_000168_c06_l1,VAL,p000460,p000460_a000064,000168,6,0,25,650,1,samples/p000460_a000064_000168_c06_l1.npz,240748cfcef902c5de18db2029fb44cfee8d1f6f6e8e5ade7b358d6fd0ecc649,404006,0.9799296161882767
p000460_a000064_000168_c07_l0,VAL,p000460,p000460_a000064,000168,7,60,25,850,0,samples/p000460_a000064_000168_c07_l0.npz,1c419f157c19f51f1beb524f726fd0f717fc37d3de1b21eaa29daede0279d63e,405222,0.9811117413499716
p000460_a000064_000168_c07_l1,VAL,p000460,p000460_a000064,000168,7,60,25,850,1,samples/p000460_a000064_000168_c07_l1.npz,da1e0511a277bf7244c0d38450d9ee14680df147033978ea86b365b28bd5c177,403841,0.9817356778218945
p000460_a000064_000168_c08_l0,VAL,p000460,p000460_a000064,000168,8,120,25,650,0,samples/p000460_a000064_000168_c08_l0.npz,ec0a234f8ea10ada20462c6aa40a1cee90b82306d569b75750dd490fa331d390,438306,0.980867540618515
p000460_a000064_000168_c08_l1,VAL,p000460,p000460_a000064,000168,8,120,25,650,1,samples/p000460_a000064_000168_c08_l1.npz,d4dfe5086eac665e7b9aca4f02bd2b0909ea108619a6e4450d9e62f3b633d22a,434715,0.980867540618515
p000460_a000064_000168_c09_l0,VAL,p000460,p000460_a000064,000168,9,180,25,850,0,samples/p000460_a000064_000168_c09_l0.npz,2c1f4be1d7ad032c8032eedeaef977688283eb3f7ac1875ab628b42d86a835cc,461731,0.9788193763483036
p000460_a000064_000168_c09_l1,VAL,p000460,p000460_a000064,000168,9,180,25,850,1,samples/p000460_a000064_000168_c09_l1.npz,e3953cb12a6aca4b878e9f871d7be36c91e5de4a9264188425fcba12ac76c8a1,458360,0.9811727789762699
p000460_a000064_000168_c10_l0,VAL,p000460,p000460_a000064,000168,10,240,25,650,0,samples/p000460_a000064_000168_c10_l0.npz,b4e47042fe42fcd906463bfa91e87b76aae8a2de1e9d602eff60c81f7f2c83a5,450455,0.9807209511629008
p000460_a000064_000168_c10_l1,VAL,p000460,p000460_a000064,000168,10,240,25,650,1,samples/p000460_a000064_000168_c10_l1.npz,df1e68d948cf8bc468f8af9d728593ac1395af97e59ecd826cb77843f32da325,443814,0.9789683103595282
p000460_a000064_000168_c11_l0,VAL,p000460,p000460_a000064,000168,11,300,25,850,0,samples/p000460_a000064_000168_c11_l0.npz,28ff5ebaf49fc46a852e1490c3921315d66730a054f5f8dbeb8f5c2fe09de365,399687,0.978074523295819
p000460_a000064_000168_c11_l1,VAL,p000460,p000460_a000064,000168,11,300,25,850,1,samples/p000460_a000064_000168_c11_l1.npz,ed8f867d803418ffd72de8dc6822f26bd527028a5ad4c15fefbc5bec61ef6318,398375,0.9811650825120999
p000460_a000211_000060_c00_l0,VAL,p000460,p000460_a000211,000060,0,0,5,650,0,samples/p000460_a000211_000060_c00_l0.npz,39cf1ce17dd4ff68654e66774495949eb7c6d700b0272200368c377ac74b6ede,382895,0.9803322430710966
p000460_a000211_000060_c00_l1,VAL,p000460,p000460_a000211,000060,0,0,5,650,1,samples/p000460_a000211_000060_c00_l1.npz,cdebc75cd63767a5450bcdb43b900822018567bfb1ef415765bd15101a0eb8e5,381800,0.982484076433121
p000460_a000211_000060_c01_l0,VAL,p000460,p000460_a000211,000060,1,60,5,850,0,samples/p000460_a000211_000060_c01_l0.npz,bdf5860f215fdf218e9d84746f2f30d386f7aa6fc94d9163fdf0087eb45efe5e,373337,0.9805173152955747
p000460_a000211_000060_c01_l1,VAL,p000460,p000460_a000211,000060,1,60,5,850,1,samples/p000460_a000211_000060_c01_l1.npz,5055e7ed8e8e3f9b341a21c1b0ef466effe7ed76c12fea3238e71291ccfda284,370896,0.9805173152955747
p000460_a000211_000060_c02_l0,VAL,p000460,p000460_a000211,000060,2,120,5,650,0,samples/p000460_a000211_000060_c02_l0.npz,996ad95578006ae4a024e572fd252cd767ba1bb5ffeaa59839ce79c35ef78190,370232,0.9823979223777233
p000460_a000211_000060_c02_l1,VAL,p000460,p000460_a000211,000060,2,120,5,650,1,samples/p000460_a000211_000060_c02_l1.npz,3634c6d5522dbd4781937f17d72dbc2cf5213de7f588706609159f7c58424958,369929,0.9831193190015871
p000460_a000211_000060_c03_l0,VAL,p000460,p000460_a000211,000060,3,180,5,850,0,samples/p000460_a000211_000060_c03_l0.npz,303ff5095388d51eda45488fed4a95501f0e7bd2d7af6965f69ea34add0c0fd8,409109,0.9823146137139311
p000460_a000211_000060_c03_l1,VAL,p000460,p000460_a000211,000060,3,180,5,850,1,samples/p000460_a000211_000060_c03_l1.npz,358fa284c9e19cb8837e812118ae9e878b74f32d5d5009def41562722436807c,405054,0.9826636673906298
p000460_a000211_000060_c04_l0,VAL,p000460,p000460_a000211,000060,4,240,5,650,0,samples/p000460_a000211_000060_c04_l0.npz,e488f6ddf0ca8f47cc9a001e0726916af358d3fdd78538145a62aa1c45e1b52e,372176,0.9834235774674646
p000460_a000211_000060_c04_l1,VAL,p000460,p000460_a000211,000060,4,240,5,650,1,samples/p000460_a000211_000060_c04_l1.npz,75ec465c18e9d23f1d597fc61590dc13720392fa7037eb89a54785731dae1395,369833,0.9829011114277572
p000460_a000211_000060_c05_l0,VAL,p000460,p000460_a000211,000060,5,300,5,850,0,samples/p000460_a000211_000060_c05_l0.npz,10924e8d5c3aa1736c316ba7942e0246780765ecbc87b6b09958055ae8c90101,364919,0.982200806372308
p000460_a000211_000060_c05_l1,VAL,p000460,p000460_a000211,000060,5,300,5,850,1,samples/p000460_a000211_000060_c05_l1.npz,ff561485c154a5cc392bdde2bd82045230d17db445a94d298fb250aba533dbbb,363446,0.9822499754154784
p000460_a000211_000060_c06_l0,VAL,p000460,p000460_a000211,000060,6,0,25,650,0,samples/p000460_a000211_000060_c06_l0.npz,c0867bedc4aa8fc4ae41a9d3e0332e1870796cfaa838472e8b9b353aacc6c550,410525,0.9814067148321292
p000460_a000211_000060_c06_l1,VAL,p000460,p000460_a000211,000060,6,0,25,650,1,samples/p000460_a000211_000060_c06_l1.npz,dd593477af104b46c9fb813ca03078d93b4ce6f1e241b505d4fda0faa36c5f14,406700,0.9839035274118147
p000460_a000211_000060_c07_l0,VAL,p000460,p000460_a000211,000060,7,60,25,850,0,samples/p000460_a000211_000060_c07_l0.npz,091cbb88b088cf7f3aa6ba0a76263da79a31dd0fb462ce2a214ff9f1df2c71af,406175,0.9813796971396522
p000460_a000211_000060_c07_l1,VAL,p000460,p000460_a000211,000060,7,60,25,850,1,samples/p000460_a000211_000060_c07_l1.npz,0bd59d4f4b27df08e79457bdb2d8ac5946137a40319aa2ed5ed6244fb41a0a41,404077,0.9827818283791363
p000460_a000211_000060_c08_l0,VAL,p000460,p000460_a000211,000060,8,120,25,650,0,samples/p000460_a000211_000060_c08_l0.npz,22087fad9e13e6b32aa62f4738c326a768fe6d2099c295abc0833c2faa1276ea,445693,0.9811849292684065
p000460_a000211_000060_c08_l1,VAL,p000460,p000460_a000211,000060,8,120,25,650,1,samples/p000460_a000211_000060_c08_l1.npz,6d81c53c1ee7852357a709c325218e598e10f4e7e6723988a104c03f31356ac3,442782,0.9801111162986134
p000460_a000211_000060_c09_l0,VAL,p000460,p000460_a000211,000060,9,180,25,850,0,samples/p000460_a000211_000060_c09_l0.npz,b0b5c02f618ab218d72f2fa319f64b4778965f35961b0b88fe1b04ab2edb37b1,470354,0.9825806209407967
p000460_a000211_000060_c09_l1,VAL,p000460,p000460_a000211,000060,9,180,25,850,1,samples/p000460_a000211_000060_c09_l1.npz,b17dd747e7d2c235afeec2a287b66f9cdc645fea6f49ab9e5eb059d597ebac27,466166,0.9829184968277208
p000460_a000211_000060_c10_l0,VAL,p000460,p000460_a000211,000060,10,240,25,650,0,samples/p000460_a000211_000060_c10_l0.npz,e56c2aa258b235d2ec16d83f436f3df94724a47250a92acdf4d6057c868091ab,447497,0.9802094385754486
p000460_a000211_000060_c10_l1,VAL,p000460,p000460_a000211,000060,10,240,25,650,1,samples/p000460_a000211_000060_c10_l1.npz,f6bef11a1ef02ca0a305a65d0e552baf716d49d09d0a3a0d1cd34c6cc32c9f6c,442153,0.9827005581953222
p000460_a000211_000060_c11_l0,VAL,p000460,p000460_a000211,000060,11,300,25,850,0,samples/p000460_a000211_000060_c11_l0.npz,61671b5b33f205c14c1d028c6630b1a3dd1daef5c6f519a13f588b5b48f6fbbe,402097,0.9808637038729578
p000460_a000211_000060_c11_l1,VAL,p000460,p000460_a000211,000060,11,300,25,850,1,samples/p000460_a000211_000060_c11_l1.npz,d7701b6f40657dc4088fab6d4d6b14648f210ef483a6ef339d77bbfce20390ae,399668,0.9819490460413572
p000460_a000211_000234_c00_l0,VAL,p000460,p000460_a000211,000234,0,0,5,650,0,samples/p000460_a000211_000234_c00_l0.npz,749eea12d1df8377cdb0a40ec0b9f3fb133b50fca2d50a467dd4f3117600dec2,315580,0.9775850060153233
p000460_a000211_000234_c00_l1,VAL,p000460,p000460_a000211,000234,0,0,5,650,1,samples/p000460_a000211_000234_c00_l1.npz,fa936d7b095695359399d68dee67ff412d9fe193dfecd8d948d6ac05781ab102,314290,0.9773950484391819
p000460_a000211_000234_c01_l0,VAL,p000460,p000460_a000211,000234,1,60,5,850,0,samples/p000460_a000211_000234_c01_l0.npz,39de105b5b648c715984e85fc8a2043cca7576dcdc32ae220c267f61892509f4,398550,0.981179206684181
p000460_a000211_000234_c01_l1,VAL,p000460,p000460_a000211,000234,1,60,5,850,1,samples/p000460_a000211_000234_c01_l1.npz,6309765e6a7520d043fb1c4a0d2793a415e81b3c92f6131ee960a7e366251edb,398998,0.9812653430380291
p000460_a000211_000234_c02_l0,VAL,p000460,p000460_a000211,000234,2,120,5,650,0,samples/p000460_a000211_000234_c02_l0.npz,56df63d3615287114e2d0e6b8ed013616a6031b67a52ea4fc8eb90b2221d3cbd,393823,0.981185745052623
p000460_a000211_000234_c02_l1,VAL,p000460,p000460_a000211,000234,2,120,5,650,1,samples/p000460_a000211_000234_c02_l1.npz,e62e6f6d06754b0d1e497092f8ff517d037182d7d0c98cffa3cf6cfbea95e90a,392926,0.9802104920963876
p000460_a000211_000234_c03_l0,VAL,p000460,p000460_a000211,000234,3,180,5,850,0,samples/p000460_a000211_000234_c03_l0.npz,4dad07db87f62d6bb59a103b1b8d71b9846148f795810cfe0e0445e994d7b6da,365013,0.980259393477017
p000460_a000211_000234_c03_l1,VAL,p000460,p000460_a000211,000234,3,180,5,850,1,samples/p000460_a000211_000234_c03_l1.npz,9714def1892cec75f4567b76fae73b55b9ab8f63618b874a0be1c1cf0ecd3809,362884,0.9816898722105665
p000460_a000211_000234_c04_l0,VAL,p000460,p000460_a000211,000234,4,240,5,650,0,samples/p000460_a000211_000234_c04_l0.npz,35676fde32fcfd39d3042a2aacca4ca8dc33ff2056384bea018c604268ca2a51,396945,0.9806697955612124
p000460_a000211_000234_c04_l1,VAL,p000460,p000460_a000211,000234,4,240,5,650,1,samples/p000460_a000211_000234_c04_l1.npz,58bad83a6394088e2df577b44cdd14f900fdd14f880d47f977eaa7a6292b8202,398248,0.9805902473947975
p000460_a000211_000234_c05_l0,VAL,p000460,p000460_a000211,000234,5,300,5,850,0,samples/p000460_a000211_000234_c05_l0.npz,46c3ea791bd02c53a2d63704d8115f1370efda03f67a7e5a9ef1fcdf08282e2c,385517,0.9818904394165199
p000460_a000211_000234_c05_l1,VAL,p000460,p000460_a000211,000234,5,300,5,850,1,samples/p000460_a000211_000234_c05_l1.npz,a61e44870e57e603c049caae34d3935ec388425cca868da6dba26caa59a49562,384321,0.9828388203947072
p000460_a000211_000234_c06_l0,VAL,p000460,p000460_a000211,000234,6,0,25,650,0,samples/p000460_a000211_000234_c06_l0.npz,4a073867edd0ee36d0dfd8896eefc897148428f91e218193348dde2bef8f5fb6,352423,0.9795357361026268
p000460_a000211_000234_c06_l1,VAL,p000460,p000460_a000211,000234,6,0,25,650,1,samples/p000460_a000211_000234_c06_l1.npz,8fd1ddce0bef6c06988c9bb7ce7dc3058415cf5be179d68f6653e2251aa69a80,350048,0.9789248625534515
p000460_a000211_000234_c07_l0,VAL,p000460,p000460_a000211,000234,7,60,25,850,0,samples/p000460_a000211_000234_c07_l0.npz,50b5e58fd5e4e91a8fc712c78002c46d365f80d84bba93b12ea2342d1b35cf4e,444979,0.9773051604290384
p000460_a000211_000234_c07_l1,VAL,p000460,p000460_a000211,000234,7,60,25,850,1,samples/p000460_a000211_000234_c07_l1.npz,4aa70730b2f19c5646c40f21d923bc1b014dc04cba57898840aa030b57ec4c28,443937,0.9769829213276251
p000460_a000211_000234_c08_l0,VAL,p000460,p000460_a000211,000234,8,120,25,650,0,samples/p000460_a000211_000234_c08_l0.npz,5337e51581606b98253f01faeddcfcb99bed6da6f3cc914eacd8b381972773ae,461737,0.9798891853067925
p000460_a000211_000234_c08_l1,VAL,p000460,p000460_a000211,000234,8,120,25,650,1,samples/p000460_a000211_000234_c08_l1.npz,62f090541fefb5cc2071e6a980b9afede08c21ba9679701a257eb430bdd5a57a,459084,0.9803406525754156
p000460_a000211_000234_c09_l0,VAL,p000460,p000460_a000211,000234,9,180,25,850,0,samples/p000460_a000211_000234_c09_l0.npz,81ae053d85175a6d0fb12b7a7da5c695cbe874fbd9b74b7c9fb0774c4f9db006,425290,0.9815776174943722
p000460_a000211_000234_c09_l1,VAL,p000460,p000460_a000211,000234,9,180,25,850,1,samples/p000460_a000211_000234_c09_l1.npz,8ea20542237eb394a4a5ae1edde14b2182a28b3598f61bbfe4823cf63ab7897d,423770,0.9814397941838563
p000460_a000211_000234_c10_l0,VAL,p000460,p000460_a000211,000234,10,240,25,650,0,samples/p000460_a000211_000234_c10_l0.npz,d342533737975e8f7d72fce0bbca5ae0b19ad6298add0fac300e931791a590b8,456609,0.980686517783292
p000460_a000211_000234_c10_l1,VAL,p000460,p000460_a000211,000234,10,240,25,650,1,samples/p000460_a000211_000234_c10_l1.npz,4a79810dc0002d3a79e4003f04b2a1591d68dd4f27a5af6198522f483daba641,454728,0.9811414392059553
p000460_a000211_000234_c11_l0,VAL,p000460,p000460_a000211,000234,11,300,25,850,0,samples/p000460_a000211_000234_c11_l0.npz,0bc3e4b0c8590aaff1d100b523837a106ef2edca79f7dbfec3dda56959cbbdca,441715,0.9800295175721797
p000460_a000211_000234_c11_l1,VAL,p000460,p000460_a000211,000234,11,300,25,850,1,samples/p000460_a000211_000234_c11_l1.npz,273702f922e1916baef1ae43d829c0f9815cdd71a28aa7a27e34d5a3b898908b,440000,0.9799833963656489
p000495_a000093_000030_c00_l0,VAL,p000495,p000495_a000093,000030,0,0,5,650,0,samples/p000495_a000093_000030_c00_l0.npz,4466aa4e3bdb7a0d0ba2b931d93eba4df46ff0702fa9ba742549bad94bd7dd37,352559,0.9777445855115758
p000495_a000093_000030_c00_l1,VAL,p000495,p000495_a000093,000030,0,0,5,650,1,samples/p000495_a000093_000030_c00_l1.npz,11639b877ce3d1ede75d12a1b414eb7eabd6ae0f8ea4859c30f0e954cd91b49a,350182,0.9790390838934528
p000495_a000093_000030_c01_l0,VAL,p000495,p000495_a000093,000030,1,60,5,850,0,samples/p000495_a000093_000030_c01_l0.npz,f3c2ce04589f5b4a824722e9792097fd4eb85ef140df40eb47447e6be484d343,345654,0.9786423841059603
p000495_a000093_000030_c01_l1,VAL,p000495,p000495_a000093,000030,1,60,5,850,1,samples/p000495_a000093_000030_c01_l1.npz,c7e3203a2aa0ef1226ffa8714c5a3b2c7c8b0f13b154118b841406535af561ee,342702,0.9777041942604856
p000495_a000093_000030_c02_l0,VAL,p000495,p000495_a000093,000030,2,120,5,650,0,samples/p000495_a000093_000030_c02_l0.npz,864e8da45a0cdd45b6d67c4b7e65c337a1f80140c4a6be53e5d0df461fbae729,340189,0.9809707666850525
p000495_a000093_000030_c02_l1,VAL,p000495,p000495_a000093,000030,2,120,5,650,1,samples/p000495_a000093_000030_c02_l1.npz,eac5a48cc0b1d91a572539e83685fdc266142814fe28a56d14922b357d4c7c63,339429,0.9813017098731385
p000495_a000093_000030_c03_l0,VAL,p000495,p000495_a000093,000030,3,180,5,850,0,samples/p000495_a000093_000030_c03_l0.npz,6053c13569f8591d935db376f6a1eedd1438731e3c372a2d79a59be648f503c6,374912,0.9777848591068421
p000495_a000093_000030_c03_l1,VAL,p000495,p000495_a000093,000030,3,180,5,850,1,samples/p000495_a000093_000030_c03_l1.npz,22e4ae9ba6085193f8516f727a2548d7e53cc8c99278ddaafec63810073e6a7e,370849,0.9796057722948058
p000495_a000093_000030_c04_l0,VAL,p000495,p000495_a000093,000030,4,240,5,650,0,samples/p000495_a000093_000030_c04_l0.npz,9074f8fd738dfa54bbc321cb3babf8b94c2658073ad894583ee69958e3d3ae7e,349324,0.9800177852173458
p000495_a000093_000030_c04_l1,VAL,p000495,p000495_a000093,000030,4,240,5,650,1,samples/p000495_a000093_000030_c04_l1.npz,bb5d5565ef34093395465cb689b61aee2298f5cca81389f345788b71f7f31e56,347238,0.977402312078255
p000495_a000093_000030_c05_l0,VAL,p000495,p000495_a000093,000030,5,300,5,850,0,samples/p000495_a000093_000030_c05_l0.npz,bba4a71a2bf1997de572e15bf24d425cfe86a8700ff6aa6a8b507cbda1a89d8e,335688,0.9794334277620397
p000495_a000093_000030_c05_l1,VAL,p000495,p000495_a000093,000030,5,300,5,850,1,samples/p000495_a000093_000030_c05_l1.npz,1a7991efeb703ac6995c703a22c18006be5a2ae22cb4f1b97cdf8929dbc9fd5c,333992,0.9788668555240794
p000495_a000093_000030_c06_l0,VAL,p000495,p000495_a000093,000030,6,0,25,650,0,samples/p000495_a000093_000030_c06_l0.npz,bcd43be2f75368c0cb8e608931d381cd3815f6ea3887807600ad77ddf84dc8c9,396456,0.9775072463768116
p000495_a000093_000030_c06_l1,VAL,p000495,p000495_a000093,000030,6,0,25,650,1,samples/p000495_a000093_000030_c06_l1.npz,69812855486b21fcbdee7fcab7f108a36e8d39e7e3884e1596b4fcb184e5e68a,391987,0.9787246376811595
p000495_a000093_000030_c07_l0,VAL,p000495,p000495_a000093,000030,7,60,25,850,0,samples/p000495_a000093_000030_c07_l0.npz,9d9b15e0ad2a8271d5be493c3d8dad8a04fbb931b4ba6c27a536d28b25641466,384524,0.979318018194908
p000495_a000093_000030_c07_l1,VAL,p000495,p000495_a000093,000030,7,60,25,850,1,samples/p000495_a000093_000030_c07_l1.npz,392592469722db1da155baa98dcb8c90bd2466c514fe79173769928c7819ce17,382376,0.9797107140519667
p000495_a000093_000030_c08_l0,VAL,p000495,p000495_a000093,000030,8,120,25,650,0,samples/p000495_a000093_000030_c08_l0.npz,202f694f42e6d6ac2cc27974d88435c1990cad4f5949390ce4aa8fe70807558d,418758,0.9797181895815542
p000495_a000093_000030_c08_l1,VAL,p000495,p000495_a000093,000030,8,120,25,650,1,samples/p000495_a000093_000030_c08_l1.npz,5ad87bdec7898a4fa00e63ce58fe812fb0aed679738ce91a90153434a5303550,415840,0.980999146029035
p000495_a000093_000030_c09_l0,VAL,p000495,p000495_a000093,000030,9,180,25,850,0,samples/p000495_a000093_000030_c09_l0.npz,fc5b27768326021f17b16e23a404e97314802bccd97e6424f9101db4ec2bfea2,431370,0.9787642203881329
p000495_a000093_000030_c09_l1,VAL,p000495,p000495_a000093,000030,9,180,25,850,1,samples/p000495_a000093_000030_c09_l1.npz,033592472978f89c20b0a4389aea1cc163337229f61e864bafdde3297b9163f0,428754,0.9805487396832478
p000495_a000093_000030_c10_l0,VAL,p000495,p000495_a000093,000030,10,240,25,650,0,samples/p000495_a000093_000030_c10_l0.npz,81ed9a00a7567e04f2b320ab1a5a5c8ec6115d9a6d7452ed33aef0b7bb5ec80a,426822,0.9790127257799671
p000495_a000093_000030_c10_l1,VAL,p000495,p000495_a000093,000030,10,240,25,650,1,samples/p000495_a000093_000030_c10_l1.npz,568ec6a123e4fd81f7a73b48a62ae99471cd1cc60acdfb5f0ba8406b93488d72,422059,0.978756157635468
p000495_a000093_000030_c11_l0,VAL,p000495,p000495_a000093,000030,11,300,25,850,0,samples/p000495_a000093_000030_c11_l0.npz,bd703456ba8522edf3ef2bb4b08046d3516d18db74636abd66f66321714fbc47,381255,0.9780911774352247
p000495_a000093_000030_c11_l1,VAL,p000495,p000495_a000093,000030,11,300,25,850,1,samples/p000495_a000093_000030_c11_l1.npz,10ddb62f101f519abe72d5e1c8b7406cf5fe5a6d8ecf64ebdb14d2163da866ab,380196,0.9790751065923253
p000495_a000093_000108_c00_l0,VAL,p000495,p000495_a000093,000108,0,0,5,650,0,samples/p000495_a000093_000108_c00_l0.npz,cfb314d256699c1e42456cbb0fdb888c6043004806bb7870ecf46307aa2a4b7c,340466,0.9780114722753346
p000495_a000093_000108_c00_l1,VAL,p000495,p000495_a000093,000108,0,0,5,650,1,samples/p000495_a000093_000108_c00_l1.npz,c51ef4f5955ab10b0f2bbe724c4d1d60bb378098eeee72977ff709e105808bbb,337793,0.9769492245591672
p000495_a000093_000108_c01_l0,VAL,p000495,p000495_a000093,000108,1,60,5,850,0,samples/p000495_a000093_000108_c01_l0.npz,85eed1c0e701225f901148f37b06d4225d4003cc9d359a05322b4007001ef422,345761,0.9774356103023516
p000495_a000093_000108_c01_l1,VAL,p000495,p000495_a000093,000108,1,60,5,850,1,samples/p000495_a000093_000108_c01_l1.npz,5ef7ae8efd85d5bcc15cb595da33cbc35500b0f7f9a6cf5de6cf4007e0bcf0d5,343679,0.9788913773796193
p000495_a000093_000108_c02_l0,VAL,p000495,p000495_a000093,000108,2,120,5,650,0,samples/p000495_a000093_000108_c02_l0.npz,a72f93ce6a5ad8fa4faa53aa7e8e813d4bd784c87e9616f4dcfce12982580e1c,330621,0.9772700155112755
p000495_a000093_000108_c02_l1,VAL,p000495,p000495_a000093,000108,2,120,5,650,1,samples/p000495_a000093_000108_c02_l1.npz,7b6cf600981d818bb988636fad5c7c29804c8550b1f370f2429512ffaf71d0ed,329073,0.9793580718291374
p000495_a000093_000108_c03_l0,VAL,p000495,p000495_a000093,000108,3,180,5,850,0,samples/p000495_a000093_000108_c03_l0.npz,9b36d99297e0b25e6c669aa9f8193f5ecf76d7362e4688ab9d6aa04fb1406d70,356918,0.9805939429579535
p000495_a000093_000108_c03_l1,VAL,p000495,p000495_a000093,000108,3,180,5,850,1,samples/p000495_a000093_000108_c03_l1.npz,17876772968d80f1b1f18bc3a38bd9903009fe92a64a3821fc51e853c2b82d9c,353332,0.9799568754287955
p000495_a000093_000108_c04_l0,VAL,p000495,p000495_a000093,000108,4,240,5,650,0,samples/p000495_a000093_000108_c04_l0.npz,7243a6089538b14cef6adbec74205d912c3b7dee4f89c673fd86c2a49f875a60,341564,0.978616143149964
p000495_a000093_000108_c04_l1,VAL,p000495,p000495_a000093,000108,4,240,5,650,1,samples/p000495_a000093_000108_c04_l1.npz,c9581ce7f9ece47aa65a80a3bfa6b7cd7ffdb702f096ef47e2209cd5ae791eb7,339251,0.9795025206359759
p000495_a000093_000108_c05_l0,VAL,p000495,p000495_a000093,000108,5,300,5,850,0,samples/p000495_a000093_000108_c05_l0.npz,684d345d54d1c34519b69c827bd004e173fd2d873f38b21c7196dd342c6f2157,331184,0.9797855510634558
p000495_a000093_000108_c05_l1,VAL,p000495,p000495_a000093,000108,5,300,5,850,1,samples/p000495_a000093_000108_c05_l1.npz,736d18bf84cf991b1267eaacd31e3f971e614e5170fc264e21aea227862575bb,329759,0.9791410324017109
p000495_a000093_000108_c06_l0,VAL,p000495,p000495_a000093,000108,6,0,25,650,0,samples/p000495_a000093_000108_c06_l0.npz,805b529a8c2c4a80b1c59eea30bf444f56404b22bac1cb4a96b90075234c6774,381249,0.9756282838513641
p000495_a000093_000108_c06_l1,VAL,p000495,p000495_a000093,000108,6,0,25,650,1,samples/p000495_a000093_000108_c06_l1.npz,b5dbb0ec1bcb942e4f5d98b6d863febfe6d223285022e5f5d88fb73865cfbe5f,376651,0.9772108628220548
p000495_a000093_000108_c07_l0,VAL,p000495,p000495_a000093,000108,7,60,25,850,0,samples/p000495_a000093_000108_c07_l0.npz,6afde8469a73ab927200e56e359d9dd2db69d9bbb89c0ba655817c74d701d676,378939,0.9777130470125999
p000495_a000093_000108_c07_l1,VAL,p000495,p000495_a000093,000108,7,60,25,850,1,samples/p000495_a000093_000108_c07_l1.npz,375e466b2c6014270befd3f736ff581351ae48db494989ae0d4c9594728690f6,377404,0.9792033599783228
p000495_a000093_000108_c08_l0,VAL,p000495,p000495_a000093,000108,8,120,25,650,0,samples/p000495_a000093_000108_c08_l0.npz,b5387b89b69820ac57af9ac7dd0964203c25ff3b0a4fb026ac4b28eb5a26b63f,411541,0.9793005402331533
p000495_a000093_000108_c08_l1,VAL,p000495,p000495_a000093,000108,8,120,25,650,1,samples/p000495_a000093_000108_c08_l1.npz,704de8c0e97af94067fb1aec1eebe3c3cfcf94bc1b90adaa7864b73e5f9d47f9,408793,0.9781063406312198
p000495_a000093_000108_c09_l0,VAL,p000495,p000495_a000093,000108,9,180,25,850,0,samples/p000495_a000093_000108_c09_l0.npz,9f65ec41a2045feacbc9daa53af8e2824027a38eea1d12ddaae60d5b287abc31,417879,0.9800595378727024
p000495_a000093_000108_c09_l1,VAL,p000495,p000495_a000093,000108,9,180,25,850,1,samples/p000495_a000093_000108_c09_l1.npz,193294abc2938b0ad165828bc71ece2445187df4319f1758433e281ed2048bfb,414414,0.9787837263147947
p000495_a000093_000108_c10_l0,VAL,p000495,p000495_a000093,000108,10,240,25,650,0,samples/p000495_a000093_000108_c10_l0.npz,0ffb95d017a72a66fb95c2d97d818226f4b293b6466f1f84b2727e938e78fba9,419836,0.9786128106556933
p000495_a000093_000108_c10_l1,VAL,p000495,p000495_a000093,000108,10,240,25,650,1,samples/p000495_a000093_000108_c10_l1.npz,5ce1ec944b7d26a02fde433dda1c772183818204d27c8a4c08a6c409e1638975,414910,0.9791001137040446
p000495_a000093_000108_c11_l0,VAL,p000495,p000495_a000093,000108,11,300,25,850,0,samples/p000495_a000093_000108_c11_l0.npz,3e54df5723cc404b84b19db39468a7db32e433fa4100a1defb7d41da4621f2a0,369472,0.9780986259329009
p000495_a000093_000108_c11_l1,VAL,p000495,p000495_a000093,000108,11,300,25,850,1,samples/p000495_a000093_000108_c11_l1.npz,79d04071bd25c85ed9ef1cad0f02b5409208965dda584a1f17fd61ce29e886fa,369041,0.9778893771360815
p000495_a000197_000018_c00_l0,VAL,p000495,p000495_a000197,000018,0,0,5,650,0,samples/p000495_a000197_000018_c00_l0.npz,8aeb8bb0301606d00156f18b5f87c9282bad7b3f61b69d8358eb43347942025d,366636,0.9782365551309535
p000495_a000197_000018_c00_l1,VAL,p000495,p000495_a000197,000018,0,0,5,650,1,samples/p000495_a000197_000018_c00_l1.npz,3506baef610371d89d2d9367e20e12b830bc8052b448f3d9ba86203661e0b9dc,365172,0.9778171311399012
p000495_a000197_000018_c01_l0,VAL,p000495,p000495_a000197,000018,1,60,5,850,0,samples/p000495_a000197_000018_c01_l0.npz,44798621538fcf66f7507b78767db7b2eb6c13c78fe315032977ea877f3585e8,368478,0.9794622673272089
p000495_a000197_000018_c01_l1,VAL,p000495,p000495_a000197,000018,1,60,5,850,1,samples/p000495_a000197_000018_c01_l1.npz,d1c6ea93b5832a712b08f239a9dd27b91d1b9fbca2a194f963fcf40b29114441,366035,0.9817709585878505
p000495_a000197_000018_c02_l0,VAL,p000495,p000495_a000197,000018,2,120,5,650,0,samples/p000495_a000197_000018_c02_l0.npz,2c6b06217639b25da73dda96b9f705e3d958bc864548715fe19bfadac37e20df,366600,0.980945917728127
p000495_a000197_000018_c02_l1,VAL,p000495,p000495_a000197,000018,2,120,5,650,1,samples/p000495_a000197_000018_c02_l1.npz,eb182c5b89977fa91e2a7f2955cafb901a78519617c8682f041b3bc273fd0514,365934,0.9804760910419712
p000495_a000197_000018_c03_l0,VAL,p000495,p000495_a000197,000018,3,180,5,850,0,samples/p000495_a000197_000018_c03_l0.npz,c696fa88069d17384f37003164877af39dd4711c1f6f3e14da98398f611a9ae5,389461,0.9809058048054433
p000495_a000197_000018_c03_l1,VAL,p000495,p000495_a000197,000018,3,180,5,850,1,samples/p000495_a000197_000018_c03_l1.npz,e8ed0292500343aae7d8f3796e4fb0a31e9fc900db65caed881d46cdf10693af,385321,0.9795449712949181
p000495_a000197_000018_c04_l0,VAL,p000495,p000495_a000197,000018,4,240,5,650,0,samples/p000495_a000197_000018_c04_l0.npz,c650e42ac6f94f7b72e24f746ad35c8895627ff514d78b47ee86c6683deb1049,376726,0.9800751507960052
p000495_a000197_000018_c04_l1,VAL,p000495,p000495_a000197,000018,4,240,5,650,1,samples/p000495_a000197_000018_c04_l1.npz,ae0e18cf07c4bac6dfa599557fe5b4d0b4413baf7c33628c698a28a3afbe5d92,374928,0.9802729160486503
p000495_a000197_000018_c05_l0,VAL,p000495,p000495_a000197,000018,5,300,5,850,0,samples/p000495_a000197_000018_c05_l0.npz,e9a04de7c814e8e95ca950f8563011c05dd515cbe2358c2de8e14e1f1b8865dc,347935,0.9806819381399767
p000495_a000197_000018_c05_l1,VAL,p000495,p000495_a000197,000018,5,300,5,850,1,samples/p000495_a000197_000018_c05_l1.npz,7bce7dc2dfac6a1312f3e9170b370dd3e16f65075729df09f0347bc45de9ebe6,345898,0.9804180301910693
p000495_a000197_000018_c06_l0,VAL,p000495,p000495_a000197,000018,6,0,25,650,0,samples/p000495_a000197_000018_c06_l0.npz,d03950a8181424f8e960fd95256cddfe3ff62125890388cf7c9b6c2d440c416b,405611,0.9797458520614838
p000495_a000197_000018_c06_l1,VAL,p000495,p000495_a000197,000018,6,0,25,650,1,samples/p000495_a000197_000018_c06_l1.npz,1719ae2f6fd7c070be478ee0b92a30b78d02340aedab5ca11874284e36acf192,401561,0.9794129071638644
p000495_a000197_000018_c07_l0,VAL,p000495,p000495_a000197,000018,7,60,25,850,0,samples/p000495_a000197_000018_c07_l0.npz,7ac9e16fd2c295a817fc27a9029c80ba28cfd70343b34f664a681804d06b24f3,399953,0.9820214359801774
p000495_a000197_000018_c07_l1,VAL,p000495,p000495_a000197,000018,7,60,25,850,1,samples/p000495_a000197_000018_c07_l1.npz,09f49592594189e8de11b5af04285a492015ca06324bbb0695a60fff34d3c34c,397282,0.980350351503976
p000495_a000197_000018_c08_l0,VAL,p000495,p000495_a000197,000018,8,120,25,650,0,samples/p000495_a000197_000018_c08_l0.npz,1a4207d34c38ce63292b5479b576508f324d4974afd73e45d237bdd2cb09b9df,436090,0.9803379416282642
p000495_a000197_000018_c08_l1,VAL,p000495,p000495_a000197,000018,8,120,25,650,1,samples/p000495_a000197_000018_c08_l1.npz,cd749ed41f237d30b09ec562b32f47812df48038c08cdd94d4d0c107b555ea7a,433070,0.9803379416282642
p000495_a000197_000018_c09_l0,VAL,p000495,p000495_a000197,000018,9,180,25,850,0,samples/p000495_a000197_000018_c09_l0.npz,dd3e4061ab86d190bc2a07129e29e77e5754a8e432e53304163bfba5634d8c11,445084,0.9801349325337332
p000495_a000197_000018_c09_l1,VAL,p000495,p000495_a000197,000018,9,180,25,850,1,samples/p000495_a000197_000018_c09_l1.npz,f5a91ca9e33a44ecfe61823b96a21526f64d4d1c7aba034bd1a4a11b2120af42,441724,0.9786773280026654
p000495_a000197_000018_c10_l0,VAL,p000495,p000495_a000197,000018,10,240,25,650,0,samples/p000495_a000197_000018_c10_l0.npz,ab6148d0f62a1cfdfd434a38c1ba2f4814540260d0222e0145da23364f51aac6,442664,0.9792362065580208
p000495_a000197_000018_c10_l1,VAL,p000495,p000495_a000197,000018,10,240,25,650,1,samples/p000495_a000197_000018_c10_l1.npz,2aaab67c49fb92b1c6d79163d7423da0425c758b0d5a507d80b0df99afe31a4d,438012,0.9774690752012566
p000495_a000197_000018_c11_l0,VAL,p000495,p000495_a000197,000018,11,300,25,850,0,samples/p000495_a000197_000018_c11_l0.npz,5614ab3a3ea8de9eeb63449b6b8c7239036a42a608f161322a99f260b5835ca7,386142,0.9783377816398734
p000495_a000197_000018_c11_l1,VAL,p000495,p000495_a000197,000018,11,300,25,850,1,samples/p000495_a000197_000018_c11_l1.npz,8484157a04388c35181a6c8c8b70c334cfbe608fbb196bc13334428b02854f00,384941,0.9791446837564397
p000495_a000197_000078_c00_l0,VAL,p000495,p000495_a000197,000078,0,0,5,650,0,samples/p000495_a000197_000078_c00_l0.npz,76898689aba69ed46180165f936334ebaea0d7490a85f6402b634ad3df12178d,356114,0.9799365897156445
p000495_a000197_000078_c00_l1,VAL,p000495,p000495_a000197,000078,0,0,5,650,1,samples/p000495_a000197_000078_c00_l1.npz,f3d530fac03f8433cf94c468971698031e93a99823ffc5f30ee252fdbe5f835e,353255,0.9778064004755771
p000495_a000197_000078_c01_l0,VAL,p000495,p000495_a000197,000078,1,60,5,850,0,samples/p000495_a000197_000078_c01_l0.npz,1e2851ff32ef2298037805906ae30b1ce476c8c7e8d82e4d05a1bd9c52f77e0b,364779,0.9801975209110149
p000495_a000197_000078_c01_l1,VAL,p000495,p000495_a000197,000078,1,60,5,850,1,samples/p000495_a000197_000078_c01_l1.npz,3f8b133d04ce462763a147b25592c75523a4312589a59d78827b77a4c0f56aa8,362902,0.979693641035977
p000495_a000197_000078_c02_l0,VAL,p000495,p000495_a000197,000078,2,120,5,650,0,samples/p000495_a000197_000078_c02_l0.npz,0c7d97c75287ada661404a8fb8203c3083a670269f4d581d50abe0091130a7d7,345291,0.9791065147776786
p000495_a000197_000078_c02_l1,VAL,p000495,p000495_a000197,000078,2,120,5,650,1,samples/p000495_a000197_000078_c02_l1.npz,ef9646729271970abd821af7853bb276f4082df612f7d80be62630eb73a824a8,343947,0.980366423434301
p000495_a000197_000078_c03_l0,VAL,p000495,p000495_a000197,000078,3,180,5,850,0,samples/p000495_a000197_000078_c03_l0.npz,41f06765b72eab24e553a0271844ac2208681404945e2e0c507875a3a0554fbc,378472,0.9784398275186201
p000495_a000197_000078_c03_l1,VAL,p000495,p000495_a000197,000078,3,180,5,850,1,samples/p000495_a000197_000078_c03_l1.npz,1d10fa62e820a3a9fa295b87fe564b6d49abc8caf22c94ae8f6aa2ae540ee97d,374838,0.9784398275186201
p000495_a000197_000078_c04_l0,VAL,p000495,p000495_a000197,000078,4,240,5,650,0,samples/p000495_a000197_000078_c04_l0.npz,0d3a1d35c97f2fd3ae1856f48cfea9e136c8c0b61cc2ca5e4aa458d0454ccf53,350726,0.9799788721766688
p000495_a000197_000078_c04_l1,VAL,p000495,p000495_a000197,000078,4,240,5,650,1,samples/p000495_a000197_000078_c04_l1.npz,4d9edcec4aebabfb3a4a24ca36f7efe7f2a4c4b8bfbefd32f5bd89a678551764,349931,0.9799788721766688
p000495_a000197_000078_c05_l0,VAL,p000495,p000495_a000197,000078,5,300,5,850,0,samples/p000495_a000197_000078_c05_l0.npz,c6d8872944ded82ba787536e85f3a576a51b9c2587a19a470f11a928c507dbc3,351976,0.978965629404749
p000495_a000197_000078_c05_l1,VAL,p000495,p000495_a000197,000078,5,300,5,850,1,samples/p000495_a000197_000078_c05_l1.npz,a62f0b127a41a4bf58ff2a1710002328ae9db8d71aa815b02cda6d9f691acf05,350137,0.9791824785861434
p000495_a000197_000078_c06_l0,VAL,p000495,p000495_a000197,000078,6,0,25,650,0,samples/p000495_a000197_000078_c06_l0.npz,5979b9e786e71f5aa184ac640bca2e9c3464e671764a4aab83a1f4861335bb9a,390325,0.9788844135237398
p000495_a000197_000078_c06_l1,VAL,p000495,p000495_a000197,000078,6,0,25,650,1,samples/p000495_a000197_000078_c06_l1.npz,9af324d40596a5b9a65e0d2a7a7b76aebfefdcac1350877b302ece901b30242a,386755,0.9774807762724277
p000495_a000197_000078_c07_l0,VAL,p000495,p000495_a000197,000078,7,60,25,850,0,samples/p000495_a000197_000078_c07_l0.npz,fca80eef8832613e7d16cb0eb1e75c1fd968a640ae2d0b53c58272f5dcf316e6,398102,0.9783103654883164
p000495_a000197_000078_c07_l1,VAL,p000495,p000495_a000197,000078,7,60,25,850,1,samples/p000495_a000197_000078_c07_l1.npz,ced7ee0dc1ab284137298b6120de13f94645cd526199ce18470dbca680282146,396398,0.9796884361893349
p000495_a000197_000078_c08_l0,VAL,p000495,p000495_a000197,000078,8,120,25,650,0,samples/p000495_a000197_000078_c08_l0.npz,4ba9b5ba24ab86588358c5e8ed724a123db56f50db59402436a5085ad58a7fbb,427536,0.9796628986677433
p000495_a000197_000078_c08_l1,VAL,p000495,p000495_a000197,000078,8,120,25,650,1,samples/p000495_a000197_000078_c08_l1.npz,d1373441c5090160d14ef20cebe9d7aae2ebcbf1179d57673db0a87c7911f0ec,424068,0.9793096487686718
p000495_a000197_000078_c09_l0,VAL,p000495,p000495_a000197,000078,9,180,25,850,0,samples/p000495_a000197_000078_c09_l0.npz,11cd64fcaa5299aa4b14cf692cab673e1c12fda452945df595e9d3d52fbbabc6,441120,0.9785758771019306
p000495_a000197_000078_c09_l1,VAL,p000495,p000495_a000197,000078,9,180,25,850,1,samples/p000495_a000197_000078_c09_l1.npz,da94ffbc80a4f64e6569f2d2c6e5115e1ed44a660b076e60bcd04da27b762b67,437652,0.9803197010587502
p000495_a000197_000078_c10_l0,VAL,p000495,p000495_a000197,000078,10,240,25,650,0,samples/p000495_a000197_000078_c10_l0.npz,3809dcc23355c5362af923a5946d18695993f8ec9710dcd76640c1226fc4b675,429740,0.979691428008084
p000495_a000197_000078_c10_l1,VAL,p000495,p000495_a000197,000078,10,240,25,650,1,samples/p000495_a000197_000078_c10_l1.npz,54f7d4bd7a2a947ef73b68969287db707952f39930b17c2af3191318f7d8561c,425605,0.9804801104155371
p000495_a000197_000078_c11_l0,VAL,p000495,p000495_a000197,000078,11,300,25,850,0,samples/p000495_a000197_000078_c11_l0.npz,d0743281547a2ee979c97247ac85d662e8b4c7f411fb9cdfcd0cea9b599503d7,380054,0.9799242936325537
p000495_a000197_000078_c11_l1,VAL,p000495,p000495_a000197,000078,11,300,25,850,1,samples/p000495_a000197_000078_c11_l1.npz,529d49b66fbd2ab703392e95a94dfcc5da57a0e67c95f4e3a66dde6165d55e9d,378814,0.9785047992429363
p000496_a000048_000030_c00_l0,TRAIN,p000496,p000496_a000048,000030,0,0,5,650,0,samples/p000496_a000048_000030_c00_l0.npz,7309911459a4264db88767463270c808c0237f2dbe0daf46dba1c7b6351df79d,397031,0.9797525309336333
p000496_a000048_000030_c00_l1,TRAIN,p000496,p000496_a000048,000030,0,0,5,650,1,samples/p000496_a000048_000030_c00_l1.npz,ecaaa90f2fd04c5d1d6322aed28ea0621d6513a386f4d9d33cfbfcb713e5cee2,394965,0.9794609007207432
p000496_a000048_000030_c01_l0,TRAIN,p000496,p000496_a000048,000030,1,60,5,850,0,samples/p000496_a000048_000030_c01_l0.npz,400530f22af9fb924a32f0793ea72f3e4bdd6fc5a73ba9776e631a9c26fa0908,367246,0.9814201428423559
p000496_a000048_000030_c01_l1,TRAIN,p000496,p000496_a000048,000030,1,60,5,850,1,samples/p000496_a000048_000030_c01_l1.npz,77e94187318c43e5774d20fe869761b30ac4d2cf9a788da03197faf7464ac141,364077,0.9788841734810061
p000496_a000048_000030_c02_l0,TRAIN,p000496,p000496_a000048,000030,2,120,5,650,0,samples/p000496_a000048_000030_c02_l0.npz,41849eac487a104874ebcead9b62801b9e85c4d29992b8499808ecb3b658d2fb,359357,0.9806170886075949
p000496_a000048_000030_c02_l1,TRAIN,p000496,p000496_a000048,000030,2,120,5,650,1,samples/p000496_a000048_000030_c02_l1.npz,526d4a0691e8bee42e8c0f949d30fd6626106c4b6fd5457590d855a9327d515f,357489,0.9810126582278481
p000496_a000048_000030_c03_l0,TRAIN,p000496,p000496_a000048,000030,3,180,5,850,0,samples/p000496_a000048_000030_c03_l0.npz,ade53096d3db65642f2af5abff21a73883c7eda0dce8f835b450c59195ed23b8,406218,0.9799405049043255
p000496_a000048_000030_c03_l1,TRAIN,p000496,p000496_a000048,000030,3,180,5,850,1,samples/p000496_a000048_000030_c03_l1.npz,948cafc352faa6c94d91c427fa2a34d9dff2dca5c2c7fa6efcc297db2b952cf2,402746,0.9799807042932948
p000496_a000048_000030_c04_l0,TRAIN,p000496,p000496_a000048,000030,4,240,5,650,0,samples/p000496_a000048_000030_c04_l0.npz,3c7d476c317371c3724d7a535d1c6514f2f862586eb72791febe77db2d03cd08,344337,0.9812623802130735
p000496_a000048_000030_c04_l1,TRAIN,p000496,p000496_a000048,000030,4,240,5,650,1,samples/p000496_a000048_000030_c04_l1.npz,f500757a5227dcf65d97a8dc706425a6717059c57ce14c64267219093e064588,342240,0.9817977407784143
p000496_a000048_000030_c05_l0,TRAIN,p000496,p000496_a000048,000030,5,300,5,850,0,samples/p000496_a000048_000030_c05_l0.npz,7299658c9ef9343001dacded10565347547d284abf6af181d31d5ce0409b50b8,366605,0.9792860065466449
p000496_a000048_000030_c05_l1,TRAIN,p000496,p000496_a000048,000030,5,300,5,850,1,samples/p000496_a000048_000030_c05_l1.npz,5e5a05ed024407f58bf23e77945100c3407694453bd77d361ba6b42c3cdaf77d,364508,0.980718085106383
p000496_a000048_000030_c06_l0,TRAIN,p000496,p000496_a000048,000030,6,0,25,650,0,samples/p000496_a000048_000030_c06_l0.npz,238b9e264a24fc1e52b90c753152e1473daec725538ada4c5c019291fdcd4a52,433218,0.978019300126718
p000496_a000048_000030_c06_l1,TRAIN,p000496,p000496_a000048,000030,6,0,25,650,1,samples/p000496_a000048_000030_c06_l1.npz,1e1357f84bc10857c2d6eb74989040de2a284c07cd582df1bf5d4952cd090a57,428628,0.9773369724144654
p000496_a000048_000030_c07_l0,TRAIN,p000496,p000496_a000048,000030,7,60,25,850,0,samples/p000496_a000048_000030_c07_l0.npz,32fdae94eacd2fd000c04ae4d7ee104cc4d5d52b3a9c2dbba4d7af35495a4371,395488,0.9802403369672944
p000496_a000048_000030_c07_l1,TRAIN,p000496,p000496_a000048,000030,7,60,25,850,1,samples/p000496_a000048_000030_c07_l1.npz,c508f4f9bf58fe62f281741559c41cc0b274d3e2211031c50b34905fb6f5d08a,392633,0.9809217046580773
p000496_a000048_000030_c08_l0,TRAIN,p000496,p000496_a000048,000030,8,120,25,650,0,samples/p000496_a000048_000030_c08_l0.npz,fa75521f8fb9e0de81bbc32eb2daa01a6d0be996407d9d3898485b7ae05e665b,446723,0.9805797917253025
p000496_a000048_000030_c08_l1,TRAIN,p000496,p000496_a000048,000030,8,120,25,650,1,samples/p000496_a000048_000030_c08_l1.npz,edb0697e82c10249ee1b47625f32661d0480a253a87e7d3f00ba762a1b22f4ca,442250,0.9809550614504174
p000496_a000048_000030_c09_l0,TRAIN,p000496,p000496_a000048,000030,9,180,25,850,0,samples/p000496_a000048_000030_c09_l0.npz,5a311b779e319474c8944bf11e63b2d7f739027ee573342edd531eea38014b47,466393,0.9790856787435858
p000496_a000048_000030_c09_l1,TRAIN,p000496,p000496_a000048,000030,9,180,25,850,1,samples/p000496_a000048_000030_c09_l1.npz,36a33b6c05782c065a67adf9669c62d112a26e0ed90180b720eff98debc08f0c,463337,0.979513294977453
p000496_a000048_000030_c10_l0,TRAIN,p000496,p000496_a000048,000030,10,240,25,650,0,samples/p000496_a000048_000030_c10_l0.npz,9e75d56ae4f0bddea8b6cae17933ea2b74f0abc9ba732817283e0bafe13ba78e,436848,0.9809777252119062
p000496_a000048_000030_c10_l1,TRAIN,p000496,p000496_a000048,000030,10,240,25,650,1,samples/p000496_a000048_000030_c10_l1.npz,b585d695af6ea50c40ef78ddc6bfcd847a5ba1c7dc17aa12d4463bfa0e80742b,430684,0.9804849201655825
p000496_a000048_000030_c11_l0,TRAIN,p000496,p000496_a000048,000030,11,300,25,850,0,samples/p000496_a000048_000030_c11_l0.npz,c626ad7dc9ebe161f7e25a1545cb8c52b2d456dbaa9e0fbaaf90dfc391201cb5,392284,0.9795215430861723
p000496_a000048_000030_c11_l1,TRAIN,p000496,p000496_a000048,000030,11,300,25,850,1,samples/p000496_a000048_000030_c11_l1.npz,93d6c92920319c0be1602bdc931401424fda48582e8a411d2c331d7bb7deb2fc,390352,0.9811497995991983
p000496_a000048_000114_c00_l0,TRAIN,p000496,p000496_a000048,000114,0,0,5,650,0,samples/p000496_a000048_000114_c00_l0.npz,9435a20d023c8dd7721f90a0a811e8e1180515ffbe81778b8a783180e7d5ea2a,391255,0.9776103520197506
p000496_a000048_000114_c00_l1,TRAIN,p000496,p000496_a000048,000114,0,0,5,650,1,samples/p000496_a000048_000114_c00_l1.npz,1cc2a855a930068e9bd057a0198e6903db07550294f9c75bad08ecc86b951722,389790,0.9788447622696123
p000496_a000048_000114_c01_l0,TRAIN,p000496,p000496_a000048,000114,1,60,5,850,0,samples/p000496_a000048_000114_c01_l0.npz,bdaee41a7f84247090cd20e902ec554a6b96eea45f32742aa988c6e529992a37,356982,0.9774605973768323
p000496_a000048_000114_c01_l1,TRAIN,p000496,p000496_a000048,000114,1,60,5,850,1,samples/p000496_a000048_000114_c01_l1.npz,9a195f9a33ac20905d308e03e1265ce3d62cfb45c7e435fdd0a54c8c061a2b32,355417,0.9783974429626364
p000496_a000048_000114_c02_l0,TRAIN,p000496,p000496_a000048,000114,2,120,5,650,0,samples/p000496_a000048_000114_c02_l0.npz,3916f5c8c699f0e3e0d45ca62a6552e53a9058ee16c8931f1fc4e0064b7b032f,354665,0.9777789851135499
p000496_a000048_000114_c02_l1,TRAIN,p000496,p000496_a000048,000114,2,120,5,650,1,samples/p000496_a000048_000114_c02_l1.npz,70b223451f515445c69641b6e6e92e85df93de5ff1dda5b3d30a090afe31261e,351497,0.9764207323698794
p000496_a000048_000114_c03_l0,TRAIN,p000496,p000496_a000048,000114,3,180,5,850,0,samples/p000496_a000048_000114_c03_l0.npz,927e60c78194464d5bfd6c2827918dc9e2eab8576555ab9c1ff720dfcd3bf09e,392212,0.97797695262484
p000496_a000048_000114_c03_l1,TRAIN,p000496,p000496_a000048,000114,3,180,5,850,1,samples/p000496_a000048_000114_c03_l1.npz,218431b6b5422be607c3e7f0777b86bc6d8dcdd0fd44a81db2610bb32cde4251,388804,0.9786598378147674
p000496_a000048_000114_c04_l0,TRAIN,p000496,p000496_a000048,000114,4,240,5,650,0,samples/p000496_a000048_000114_c04_l0.npz,c590fc8742579f9044a6f007f545f7f198eb8edd976f1a0250b98046d1470ab0,364804,0.9797911579822328
p000496_a000048_000114_c04_l1,TRAIN,p000496,p000496_a000048,000114,4,240,5,650,1,samples/p000496_a000048_000114_c04_l1.npz,0bb1fcda023e6dda71a1f8a2cb6c4618610af5a63cb39c8ab0ef1b0e4119a176,361809,0.9780767832095174
p000496_a000048_000114_c05_l0,TRAIN,p000496,p000496_a000048,000114,5,300,5,850,0,samples/p000496_a000048_000114_c05_l0.npz,ba3548c9a653bfe7140202fca05935ab298f6554f1d579db6e110cf753ae63f8,360421,0.9799574694311537
p000496_a000048_000114_c05_l1,TRAIN,p000496,p000496_a000048,000114,5,300,5,850,1,samples/p000496_a000048_000114_c05_l1.npz,f8007096e33c3e03ee902f42253027bd36b1fbafd264c4d66fe62bdd537f3af1,358301,0.9768208399787347
p000496_a000048_000114_c06_l0,TRAIN,p000496,p000496_a000048,000114,6,0,25,650,0,samples/p000496_a000048_000114_c06_l0.npz,3edf50af9904ff63dd6d49bc542119006ec665ef7439946352dffa2ac464ae98,432333,0.9784646445224247
p000496_a000048_000114_c06_l1,TRAIN,p000496,p000496_a000048,000114,6,0,25,650,1,samples/p000496_a000048_000114_c06_l1.npz,ab6c873605e34dd0f4be593aa2c463e391119caa934aa2e835cad9bb9351694d,428305,0.9796663942700572
p000496_a000048_000114_c07_l0,TRAIN,p000496,p000496_a000048,000114,7,60,25,850,0,samples/p000496_a000048_000114_c07_l0.npz,724deca4641de37e3e670376e9529a826bb7355cb08d66e9c2463082262730aa,380194,0.9781267142073505
p000496_a000048_000114_c07_l1,TRAIN,p000496,p000496_a000048,000114,7,60,25,850,1,samples/p000496_a000048_000114_c07_l1.npz,3d8a41b39596aecab0418269ad488134d8943dcdb14c66ba2337d3a2aff9597a,377660,0.9803894679100384
p000496_a000048_000114_c08_l0,TRAIN,p000496,p000496_a000048,000114,8,120,25,650,0,samples/p000496_a000048_000114_c08_l0.npz,79ed243eef22fe6be71bc599343de1dcb1df13ecfc3b06ab9a12e0634a59287e,426722,0.9776166456494325
p000496_a000048_000114_c08_l1,TRAIN,p000496,p000496_a000048,000114,8,120,25,650,1,samples/p000496_a000048_000114_c08_l1.npz,a35eb72ed59d66dca708827b625e8176de534af34309eff9c02491f292e4f9d4,423483,0.9791403951240016
p000496_a000048_000114_c09_l0,TRAIN,p000496,p000496_a000048,000114,9,180,25,850,0,samples/p000496_a000048_000114_c09_l0.npz,5d382f7d7be9ae425a9aed10935bec36e33a2c4b80ec3818214cf91f6f8ea0e0,452819,0.9800082270670506
p000496_a000048_000114_c09_l1,TRAIN,p000496,p000496_a000048,000114,9,180,25,850,1,samples/p000496_a000048_000114_c09_l1.npz,635870ac026129d5ff70727c3c2a1bdd511bcc27d872bccc1e2bf13160c3639b,448939,0.9784450843274373
p000496_a000048_000114_c10_l0,TRAIN,p000496,p000496_a000048,000114,10,240,25,650,0,samples/p000496_a000048_000114_c10_l0.npz,1b1c152a723543dfed1f6a86cb69bb8c9cdb5b68dbd5d46ebc15efd13356ed34,442494,0.9795638323940211
p000496_a000048_000114_c10_l1,TRAIN,p000496,p000496_a000048,000114,10,240,25,650,1,samples/p000496_a000048_000114_c10_l1.npz,6b9f9d2de19181334f64af98e170d197f06ca13fb64e52b39b85d998983954df,437283,0.9799068855672629
p000496_a000048_000114_c11_l0,TRAIN,p000496,p000496_a000048,000114,11,300,25,850,0,samples/p000496_a000048_000114_c11_l0.npz,bb2c3afacf1e823ed0b533f4925dad886500a585d38a6e0ce230a1a83f098969,390110,0.9799508227728391
p000496_a000048_000114_c11_l1,TRAIN,p000496,p000496_a000048,000114,11,300,25,850,1,samples/p000496_a000048_000114_c11_l1.npz,305f5cac0e331fa9366a225abb938a42bfb528fc516808968afcad26be8b3272,388916,0.9791312023201564
p000496_a000061_000018_c00_l0,TRAIN,p000496,p000496_a000061,000018,0,0,5,650,0,samples/p000496_a000061_000018_c00_l0.npz,6d2e9fe0ef05832bb10a2e8c65fe01b04c622608d790feec9ceae60b61a753d6,356392,0.9817073170731707
p000496_a000061_000018_c00_l1,TRAIN,p000496,p000496_a000061,000018,0,0,5,650,1,samples/p000496_a000061_000018_c00_l1.npz,cb27b457174df1bed05851fb2ed498a48ea176cfeafb8f1b52b986a40dcd3a1e,356230,0.982157137145142
p000496_a000061_000018_c01_l0,TRAIN,p000496,p000496_a000061,000018,1,60,5,850,0,samples/p000496_a000061_000018_c01_l0.npz,ebfd75b25e4ab3d894d2402410efc2efcadcf761818d7477ae55d906445b8ff1,365366,0.9806063080534858
p000496_a000061_000018_c01_l1,TRAIN,p000496,p000496_a000061,000018,1,60,5,850,1,samples/p000496_a000061_000018_c01_l1.npz,2489d052d24aee23e26f7a9c13ebab785a46041915f00c78d6e3652b11b133a1,363494,0.9811677043993059
p000496_a000061_000018_c02_l0,TRAIN,p000496,p000496_a000061,000018,2,120,5,650,0,samples/p000496_a000061_000018_c02_l0.npz,d6274169203e9d3c4c7edfb0631a5c775fea6258579bc7538cca166ffe07f162,332610,0.9822766409482276
p000496_a000061_000018_c02_l1,TRAIN,p000496,p000496_a000061,000018,2,120,5,650,1,samples/p000496_a000061_000018_c02_l1.npz,eab37b1d25d4e9b6d5891bc0a523e044a98925bcf0175cc05dc631d08e3ac15d,330483,0.9814379961981438
p000496_a000061_000018_c03_l0,TRAIN,p000496,p000496_a000061,000018,3,180,5,850,0,samples/p000496_a000061_000018_c03_l0.npz,e0ca29da946f6f54b163daf8e11c24f89851539a0f4baa53eebcb3f49bf22d4f,377772,0.9814009232954546
p000496_a000061_000018_c03_l1,TRAIN,p000496,p000496_a000061,000018,3,180,5,850,1,samples/p000496_a000061_000018_c03_l1.npz,eb1d720315b75ec9d3944c8a0cb68c9505a4268b3f1fdfd933c05ba1aad78d34,374641,0.9808238636363636
p000496_a000061_000018_c04_l0,TRAIN,p000496,p000496_a000061,000018,4,240,5,650,0,samples/p000496_a000061_000018_c04_l0.npz,9553cb7819ecdfd5d16c03d888f59c2d94a0a542df7a3417332f3a2db6642b69,346448,0.9814795654423176
p000496_a000061_000018_c04_l1,TRAIN,p000496,p000496_a000061,000018,4,240,5,650,1,samples/p000496_a000061_000018_c04_l1.npz,d8c6ec2d207ccb72a9b1bfb7bd742bd77139f6352d429fa9649caa00002a295f,344734,0.9816864976720124
p000496_a000061_000018_c05_l0,TRAIN,p000496,p000496_a000061,000018,5,300,5,850,0,samples/p000496_a000061_000018_c05_l0.npz,4357b779d9a8799ab7b5f0cad7d31fd7ec3b227bcf4c982cdd8c43f58196cacf,343298,0.9805445263754963
p000496_a000061_000018_c05_l1,TRAIN,p000496,p000496_a000061,000018,5,300,5,850,1,samples/p000496_a000061_000018_c05_l1.npz,a9cf03c38e1d492576574410dc1359f1bf69682970d5bb348840e83849618633,341379,0.981678956324447
p000496_a000061_000018_c06_l0,TRAIN,p000496,p000496_a000061,000018,6,0,25,650,0,samples/p000496_a000061_000018_c06_l0.npz,0ec3140cef2834b7ba6124176b31bd5c571594d5120b811cde8ddbe25371b1b1,375543,0.9794488556749182
p000496_a000061_000018_c06_l1,TRAIN,p000496,p000496_a000061,000018,6,0,25,650,1,samples/p000496_a000061_000018_c06_l1.npz,efba353e33da14d71aa1c14ff46403c6eaabf1864dfd36ea2388fd08f98b57d8,371992,0.9818509374791486
p000496_a000061_000018_c07_l0,TRAIN,p000496,p000496_a000061,000018,7,60,25,850,0,samples/p000496_a000061_000018_c07_l0.npz,e0aa0b085f56ac82224cd646a1de5040798540eb7521d37e6994887f3b936a32,394877,0.9815306615161757
p000496_a000061_000018_c07_l1,TRAIN,p000496,p000496_a000061,000018,7,60,25,850,1,samples/p000496_a000061_000018_c07_l1.npz,6f8f9b0b472deccdee53c30d38121796a227f9e2c466b10f8771524ef6576942,391231,0.9801424432641236
p000496_a000061_000018_c08_l0,TRAIN,p000496,p000496_a000061,000018,8,120,25,650,0,samples/p000496_a000061_000018_c08_l0.npz,47c2bc941bfe1ef931d194cd617a5ec3a03e5cfba709e0d44662c4a320f08d03,424816,0.984120025330021
p000496_a000061_000018_c08_l1,TRAIN,p000496,p000496_a000061,000018,8,120,25,650,1,samples/p000496_a000061_000018_c08_l1.npz,943bfbc790a64a3a00b5edbd42d95559b3f20fbc6a2186b0dfda05a00b081703,420865,0.9823664084952993
p000496_a000061_000018_c09_l0,TRAIN,p000496,p000496_a000061,000018,9,180,25,850,0,samples/p000496_a000061_000018_c09_l0.npz,11a02423c65ae41cdaeb270cfbee65b567dce4aaba99454a6337f50d783c3474,458712,0.9810573036379489
p000496_a000061_000018_c09_l1,TRAIN,p000496,p000496_a000061,000018,9,180,25,850,1,samples/p000496_a000061_000018_c09_l1.npz,06804e9c76f00e921593dbfceafc17b32ded933b9c39cf972db0747d5fe2b551,455536,0.9820480304351272
p000496_a000061_000018_c10_l0,TRAIN,p000496,p000496_a000061,000018,10,240,25,650,0,samples/p000496_a000061_000018_c10_l0.npz,0bcf7e2d85a8d6cc1c7ec24b5aebe1274841e2b883e2b666e517723a6fd403c9,432934,0.9794883941260066
p000496_a000061_000018_c10_l1,TRAIN,p000496,p000496_a000061,000018,10,240,25,650,1,samples/p000496_a000061_000018_c10_l1.npz,08ecc0cb64629ce5ad4a65e1436a6c0e5b383eee731d247ad8bad22b2d55818a,428108,0.9806726669824728
p000496_a000061_000018_c11_l0,TRAIN,p000496,p000496_a000061,000018,11,300,25,850,0,samples/p000496_a000061_000018_c11_l0.npz,98b6f0d00afdb2f676e849c36723adf5163d6b56ebdaac7decf83cf69a0768f6,373424,0.9808114035087719
p000496_a000061_000018_c11_l1,TRAIN,p000496,p000496_a000061,000018,11,300,25,850,1,samples/p000496_a000061_000018_c11_l1.npz,8fa9790ee4f792ecef08157f6db5907cd7e0180884ea1ed6a276b4a3f975011d,370509,0.9822505482456141
p000496_a000061_000066_c00_l0,TRAIN,p000496,p000496_a000061,000066,0,0,5,650,0,samples/p000496_a000061_000066_c00_l0.npz,e2e2a818ba430be7822d0be70912082766c4d3e2210fc15e345a8f2f01efd3b5,362355,0.9817819665759814
p000496_a000061_000066_c00_l1,TRAIN,p000496,p000496_a000061,000066,0,0,5,650,1,samples/p000496_a000061_000066_c00_l1.npz,b256a67a3d597d864d78f202866d1cabef926334f209698036cf4f7998f37780,361609,0.9823163622230859
p000496_a000061_000066_c01_l0,TRAIN,p000496,p000496_a000061,000066,1,60,5,850,0,samples/p000496_a000061_000066_c01_l0.npz,aaba21993adc7f2e9b9a3429365bffede8f8754064d455bb899e1469eb7b4af3,352861,0.9797434909451203
p000496_a000061_000066_c01_l1,TRAIN,p000496,p000496_a000061,000066,1,60,5,850,1,samples/p000496_a000061_000066_c01_l1.npz,74962c75dab48b1bbb31b9e8b6c764c5828549d129c622edc8af485eea5a7632,350813,0.9796334012219959
p000496_a000061_000066_c02_l0,TRAIN,p000496,p000496_a000061,000066,2,120,5,650,0,samples/p000496_a000061_000066_c02_l0.npz,4d360d86f2cd7bc1202fa524058ffa89b7fed4a1d02409f84ec8d5318c5d0aff,316961,0.9813089993706734
p000496_a000061_000066_c02_l1,TRAIN,p000496,p000496_a000061,000066,2,120,5,650,1,samples/p000496_a000061_000066_c02_l1.npz,5c41b97ffbeaf6e497c667fce93990b3dd8f6d0dbb4443b110d224ffabacc0c7,314556,0.9794839521711768
p000496_a000061_000066_c03_l0,TRAIN,p000496,p000496_a000061,000066,3,180,5,850,0,samples/p000496_a000061_000066_c03_l0.npz,415e6de5504cfca64c23cbd5987b4a2c4128dd54e2b7c6761cceebb7c6f4685c,376880,0.9825513591100744
p000496_a000061_000066_c03_l1,TRAIN,p000496,p000496_a000061,000066,3,180,5,850,1,samples/p000496_a000061_000066_c03_l1.npz,a04e5eca58b8176bc89de0c89235c991e07671815e5f005be06765fa22c6e879,373096,0.9807122992733471
p000496_a000061_000066_c04_l0,TRAIN,p000496,p000496_a000061,000066,4,240,5,650,0,samples/p000496_a000061_000066_c04_l0.npz,4441270f942b5aadda4ff7554fd7d18c20adfcf28c6022374ca77748e826cfcf,341012,0.9782367925573153
p000496_a000061_000066_c04_l1,TRAIN,p000496,p000496_a000061,000066,4,240,5,650,1,samples/p000496_a000061_000066_c04_l1.npz,15366b0c1c4cd49f489e70b9c0da234bed61d4a743d348b9dc6fc72e59a34d28,339046,0.9790674493299368
p000496_a000061_000066_c05_l0,TRAIN,p000496,p000496_a000061,000066,5,300,5,850,0,samples/p000496_a000061_000066_c05_l0.npz,74ffaa68e179cef07cfa7b1acf0ba36a34f51da02f1b751a9dad043a5891dc35,325107,0.9809789500380421
p000496_a000061_000066_c05_l1,TRAIN,p000496,p000496_a000061,000066,5,300,5,850,1,samples/p000496_a000061_000066_c05_l1.npz,d3a05679e60ba96c3a98aa8238104c7d1f650d46ab69e5c469ae5ac38362ffa6,322622,0.9797108800405783
p000496_a000061_000066_c06_l0,TRAIN,p000496,p000496_a000061,000066,6,0,25,650,0,samples/p000496_a000061_000066_c06_l0.npz,2be7e99ab453c911fcb508a73e6673286f06bebada2757f5ddcafdae85eea3a2,389092,0.983032023199852
p000496_a000061_000066_c06_l1,TRAIN,p000496,p000496_a000061,000066,6,0,25,650,1,samples/p000496_a000061_000066_c06_l1.npz,a969ccabd93e61d5a36224a5f612a66c6b7ec10353e0fd141ce7c9404fb6f997,385360,0.9821064971925711
p000496_a000061_000066_c07_l0,TRAIN,p000496,p000496_a000061,000066,7,60,25,850,0,samples/p000496_a000061_000066_c07_l0.npz,8f7cb106d03b6da714223e71ac229022660a8149cda651c296acaaccde01bea8,386751,0.9792944279591164
p000496_a000061_000066_c07_l1,TRAIN,p000496,p000496_a000061,000066,7,60,25,850,1,samples/p000496_a000061_000066_c07_l1.npz,0062d3c7f25c021d49b9da6022f1724dea65314def9973f96039295064375ab8,384328,0.9794922518958127
p000496_a000061_000066_c08_l0,TRAIN,p000496,p000496_a000061,000066,8,120,25,650,0,samples/p000496_a000061_000066_c08_l0.npz,5d86df1f959f1bb49090c836ba5a84c3db3c9e6474b1dbb31dd074ff4781e62e,408769,0.9807207799320846
p000496_a000061_000066_c08_l1,TRAIN,p000496,p000496_a000061,000066,8,120,25,650,1,samples/p000496_a000061_000066_c08_l1.npz,0d0569fec5cb714016e0242489430e8f596612537835c7719e38a6556cffe0fa,404757,0.9835688465330266
p000496_a000061_000066_c09_l0,TRAIN,p000496,p000496_a000061,000066,9,180,25,850,0,samples/p000496_a000061_000066_c09_l0.npz,6fb6be6d0b37b6d99eb753ade00713100e3d6546d8199d011465dedfaa1e65e8,447014,0.9828682298546896
p000496_a000061_000066_c09_l1,TRAIN,p000496,p000496_a000061,000066,9,180,25,850,1,samples/p000496_a000061_000066_c09_l1.npz,427644d5238e3bffb0fbae87a2fabf3e3cdd48a444cdcef0ad2a8f79713c6d63,444106,0.9812169749009247
p000496_a000061_000066_c10_l0,TRAIN,p000496,p000496_a000061,000066,10,240,25,650,0,samples/p000496_a000061_000066_c10_l0.npz,4022a27e4e3c8b76cb5a1d9e132c9843d1875087dc94f70c99b8b4b9c69d16c2,424385,0.9808242994477399
p000496_a000061_000066_c10_l1,TRAIN,p000496,p000496_a000061,000066,10,240,25,650,1,samples/p000496_a000061_000066_c10_l1.npz,71c029392654102e378ccdd51e10c05ca6f8bbd6b5756bb6e0c5e807a5d6fc83,419244,0.9796993250153405
p000496_a000061_000066_c11_l0,TRAIN,p000496,p000496_a000061,000066,11,300,25,850,0,samples/p000496_a000061_000066_c11_l0.npz,8d128c3c2a88ad5e7a175eee6df4c0064b546f0387ea3564316e72e7b4ba9674,365371,0.9777911616351728
p000496_a000061_000066_c11_l1,TRAIN,p000496,p000496_a000061,000066,11,300,25,850,1,samples/p000496_a000061_000066_c11_l1.npz,2655b19b242263b567b230040a294dc5abbfbbb3117ed77e03734e38c25ae9fc,363121,0.9793721297899571
p000526_a000150_000018_c00_l0,VAL,p000526,p000526_a000150,000018,0,0,5,650,0,samples/p000526_a000150_000018_c00_l0.npz,0b268c3bf138eafdf5b6bb31402aca67749bb0c3a8c36f8ebdd2d594b5ef7e1f,359064,0.9816161339003978
p000526_a000150_000018_c00_l1,VAL,p000526,p000526_a000150,000018,0,0,5,650,1,samples/p000526_a000150_000018_c00_l1.npz,88206cc060e1da12d49a0bd8795574a8615c4ad7c093dd60afd65f7bcb5ea1ca,356404,0.9817533269309919
p000526_a000150_000018_c01_l0,VAL,p000526,p000526_a000150,000018,1,60,5,850,0,samples/p000526_a000150_000018_c01_l0.npz,07c8ba7e45f5b5d40dbfe3b7249ba06600c33356b5887c5c008c9fc1bff928ba,348798,0.98038911311187
p000526_a000150_000018_c01_l1,VAL,p000526,p000526_a000150,000018,1,60,5,850,1,samples/p000526_a000150_000018_c01_l1.npz,dab9f190b58b0b47943503da6f44d7944f16e71e8126fbaf76618a3eec31a390,345846,0.9831315326503156
p000526_a000150_000018_c02_l0,VAL,p000526,p000526_a000150,000018,2,120,5,650,0,samples/p000526_a000150_000018_c02_l0.npz,3726bbc62170168d81b9146a6ead5467efece51b936cb094ceaa1b995bb274c9,340898,0.9809484578548994
p000526_a000150_000018_c02_l1,VAL,p000526,p000526_a000150,000018,2,120,5,650,1,samples/p000526_a000150_000018_c02_l1.npz,c9fc6dd1cb1a4b68cef1b84f2f4fc6f35f68cdc071e419d27ae0734fea11ccd6,338881,0.9802790793470985
p000526_a000150_000018_c03_l0,VAL,p000526,p000526_a000150,000018,3,180,5,850,0,samples/p000526_a000150_000018_c03_l0.npz,5982753fc681adba75f7becf5f52ffa4b4f6da1304261f5e76bb9e7f0b7c951d,379179,0.9826790327362046
p000526_a000150_000018_c03_l1,VAL,p000526,p000526_a000150,000018,3,180,5,850,1,samples/p000526_a000150_000018_c03_l1.npz,d9c70901a59a90785e9ca4aeb4995f49cee5ded5b92be29378eda6267a655f20,375991,0.9823825858637192
p000526_a000150_000018_c04_l0,VAL,p000526,p000526_a000150,000018,4,240,5,650,0,samples/p000526_a000150_000018_c04_l0.npz,f290a34208e5e9a6af4af77ff911b5a34accf31ea19a825e0bea25c8cd7f9d4a,342574,0.9808181540653302
p000526_a000150_000018_c04_l1,VAL,p000526,p000526_a000150,000018,4,240,5,650,1,samples/p000526_a000150_000018_c04_l1.npz,20db05c9e209057878af7f45ea706b7ace48f7250e5152145888fc44228a383f,340420,0.980309351785896
p000526_a000150_000018_c05_l0,VAL,p000526,p000526_a000150,000018,5,300,5,850,0,samples/p000526_a000150_000018_c05_l0.npz,0301f447d8d30cc780ce5e23c0cc86af9e22b30e8894cf7fef87ff43061aeaa2,347528,0.9800666180909753
p000526_a000150_000018_c05_l1,VAL,p000526,p000526_a000150,000018,5,300,5,850,1,samples/p000526_a000150_000018_c05_l1.npz,a46c1acc8d4fa769a2b54ca20bd9ec1f239e8f5ea4ba0bcc0195b8ab57c93da8,345293,0.9814718434474862
p000526_a000150_000018_c06_l0,VAL,p000526,p000526_a000150,000018,6,0,25,650,0,samples/p000526_a000150_000018_c06_l0.npz,a9df8ef8976ee2a96af1bfd6814570e05f9966c5d70a0f31a00609bce65ff1bb,395623,0.9804678998911861
p000526_a000150_000018_c06_l1,VAL,p000526,p000526_a000150,000018,6,0,25,650,1,samples/p000526_a000150_000018_c06_l1.npz,b04c4ebfc444191eb8c6aa56f405db613e711f99435a8982664ab84c1636fd01,391043,0.9833514689880305
p000526_a000150_000018_c07_l0,VAL,p000526,p000526_a000150,000018,7,60,25,850,0,samples/p000526_a000150_000018_c07_l0.npz,6c47d5a0a97a81a57c0273ec129ef5c4f0704eb639b05b8ff5c4d7c1026cf977,384826,0.9817198283902258
p000526_a000150_000018_c07_l1,VAL,p000526,p000526_a000150,000018,7,60,25,850,1,samples/p000526_a000150_000018_c07_l1.npz,f2205f3c0e87d220fe41db3e5a8e97f209d8bae6731568d53f580d12e568c324,381042,0.9799166822110302
p000526_a000150_000018_c08_l0,VAL,p000526,p000526_a000150,000018,8,120,25,650,0,samples/p000526_a000150_000018_c08_l0.npz,cc0791014fd0f6c8cb1e872599e276d41e3da43600bdd2b8f08bac2ca67f31f2,420125,0.9815314169422539
p000526_a000150_000018_c08_l1,VAL,p000526,p000526_a000150,000018,8,120,25,650,1,samples/p000526_a000150_000018_c08_l1.npz,6114b48c8166ad1ab2175668c4510bf800c7b6f744c101584f720c33c1c45ba9,416950,0.9796998219282625
p000526_a000150_000018_c09_l0,VAL,p000526,p000526_a000150,000018,9,180,25,850,0,samples/p000526_a000150_000018_c09_l0.npz,f5a29758cc6f652bdc0bc22cff2487aeb833bcaea623ef355bc820701c5a0cf8,436203,0.9829545454545454
p000526_a000150_000018_c09_l1,VAL,p000526,p000526_a000150,000018,9,180,25,850,1,samples/p000526_a000150_000018_c09_l1.npz,6be6beea67ed06e7fcb510db104da4674773cd7aef1a19a49808f843f3084a70,433898,0.9807312252964426
p000526_a000150_000018_c10_l0,VAL,p000526,p000526_a000150,000018,10,240,25,650,0,samples/p000526_a000150_000018_c10_l0.npz,e2b73ad9deea138d2b6b60d81d4fe4abbe801ad6b8f93d12014aa22e72f8362b,422132,0.9807141780925117
p000526_a000150_000018_c10_l1,VAL,p000526,p000526_a000150,000018,10,240,25,650,1,samples/p000526_a000150_000018_c10_l1.npz,de6277c40f688f446a94691f8204064c32587efe8571b7ebe1190c0469ded54f,416907,0.9807644015870625
p000526_a000150_000018_c11_l0,VAL,p000526,p000526_a000150,000018,11,300,25,850,0,samples/p000526_a000150_000018_c11_l0.npz,a2d6a6e62171a7b9fb4af2ef8f3c0a806c08547b757fa8b778b8ac3030fed451,383390,0.9820321793025731
p000526_a000150_000018_c11_l1,VAL,p000526,p000526_a000150,000018,11,300,25,850,1,samples/p000526_a000150_000018_c11_l1.npz,8c8faa246540ebd48a2d8080adff8cdbc66941816adbca00028351ab9034ba62,381006,0.9799661929506042
p000526_a000150_000072_c00_l0,VAL,p000526,p000526_a000150,000072,0,0,5,650,0,samples/p000526_a000150_000072_c00_l0.npz,eda91d4e375c6a368fd46581e54cbba7a643b32db0af8bb27b30cdd9b3e5498b,325798,0.9795025206359759
p000526_a000150_000072_c00_l1,VAL,p000526,p000526_a000150,000072,0,0,5,650,1,samples/p000526_a000150_000072_c00_l1.npz,970dc09d5168eee60e810862c6f4259cd337d0eb43c558de5afd2507d70d2492,324630,0.9792255276715971
p000526_a000150_000072_c01_l0,VAL,p000526,p000526_a000150,000072,1,60,5,850,0,samples/p000526_a000150_000072_c01_l0.npz,8c8d1b0c92fc98bc373dd0a3f928325833b0475d10d2440a3ddaccf9c4568cd0,326120,0.9767059789943086
p000526_a000150_000072_c01_l1,VAL,p000526,p000526_a000150,000072,1,60,5,850,1,samples/p000526_a000150_000072_c01_l1.npz,835e9f19a80fa85c5d8b1245d97e4add6d0de557be9ab385dd917e17296eca6f,324420,0.9774100803849087
p000526_a000150_000072_c02_l0,VAL,p000526,p000526_a000150,000072,2,120,5,650,0,samples/p000526_a000150_000072_c02_l0.npz,8ab21fe99ea37214cc9eb0350db6d11e7a2c43b35ed9744614b83192e7cfdaf0,339256,0.9764339475733195
p000526_a000150_000072_c02_l1,VAL,p000526,p000526_a000150,000072,2,120,5,650,1,samples/p000526_a000150_000072_c02_l1.npz,8f261fe7508b4dc2351fc6551da8f7a8f0c2b44a6bcafb6ff3c27c542e41e38b,338212,0.9785102517518817
p000526_a000150_000072_c03_l0,VAL,p000526,p000526_a000150,000072,3,180,5,850,0,samples/p000526_a000150_000072_c03_l0.npz,3629ad280e4b5c5f40c6b2ee5d7abca4aa279293582032bb6f010f5b451fe646,355346,0.9804743355850303
p000526_a000150_000072_c03_l1,VAL,p000526,p000526_a000150,000072,3,180,5,850,1,samples/p000526_a000150_000072_c03_l1.npz,e236ba5fff36172943e7aaa3c4969b196010a2b2647c9bd8fb91610255844370,351362,0.9793402692174942
p000526_a000150_000072_c04_l0,VAL,p000526,p000526_a000150,000072,4,240,5,650,0,samples/p000526_a000150_000072_c04_l0.npz,577a2f439bd2aec566391468e9436277b51e2032a035d929142477cc03962a1e,327935,0.9777430480707049
p000526_a000150_000072_c04_l1,VAL,p000526,p000526_a000150,000072,4,240,5,650,1,samples/p000526_a000150_000072_c04_l1.npz,1ea1e99c4f9305d2a6a5240a125dbda4810882803b2762f3792d12e3006e556f,327239,0.9775274843716318
p000526_a000150_000072_c05_l0,VAL,p000526,p000526_a000150,000072,5,300,5,850,0,samples/p000526_a000150_000072_c05_l0.npz,370caf8fce4d96577c8ebaa5d66a7cfe18f5a78bad61347ce5e73f8b624b810f,355264,0.9783495918773641
p000526_a000150_000072_c05_l1,VAL,p000526,p000526_a000150,000072,5,300,5,850,1,samples/p000526_a000150_000072_c05_l1.npz,9d8e9e0d9f326ab08af83e983ac2c005a4298407ed725229c1f62d567599344e,352341,0.9768564602826996
p000526_a000150_000072_c06_l0,VAL,p000526,p000526_a000150,000072,6,0,25,650,0,samples/p000526_a000150_000072_c06_l0.npz,34de779549be1c38ebc24598877f658a4e11c160f00fd3cd4df91e546c75a714,388706,0.9801382704476213
p000526_a000150_000072_c06_l1,VAL,p000526,p000526_a000150,000072,6,0,25,650,1,samples/p000526_a000150_000072_c06_l1.npz,75dae83679627a885069eb75a16926eade9116f4aabebee8e9251ad312dcabdd,384703,0.9777947035387861
p000526_a000150_000072_c07_l0,VAL,p000526,p000526_a000150,000072,7,60,25,850,0,samples/p000526_a000150_000072_c07_l0.npz,2b0e6fb2d13e367421131aa85143e50c00114fdef0db2babebe513569a6467d6,386683,0.9782515468970164
p000526_a000150_000072_c07_l1,VAL,p000526,p000526_a000150,000072,7,60,25,850,1,samples/p000526_a000150_000072_c07_l1.npz,16f040b2074e33f7aa5cb0d51422ffc63c7ef7e5646f34bb39f2eb2739cb1875,385473,0.9756784904735649
p000526_a000150_000072_c08_l0,VAL,p000526,p000526_a000150,000072,8,120,25,650,0,samples/p000526_a000150_000072_c08_l0.npz,8112e9ddda086809b18959731203859cf5d2867acc49361c4027ced6416cde26,405403,0.978442019246277
p000526_a000150_000072_c08_l1,VAL,p000526,p000526_a000150,000072,8,120,25,650,1,samples/p000526_a000150_000072_c08_l1.npz,989be4b5832168873c96eb686e7507b0c5f63b8bfc3846068ef8c6ea6cf1495e,401981,0.976882963281544
p000526_a000150_000072_c09_l0,VAL,p000526,p000526_a000150,000072,9,180,25,850,0,samples/p000526_a000150_000072_c09_l0.npz,bc4d22604cd0b20de0b4470bafd4e2081642c3c4cd1edcb237d10ceaa5df4e24,403126,0.9812113845842196
p000526_a000150_000072_c09_l1,VAL,p000526,p000526_a000150,000072,9,180,25,850,1,samples/p000526_a000150_000072_c09_l1.npz,91a867f3ad080eede087fea2dc3e68a75c249bafe7b69aeea4ae3d2fbff95603,399135,0.9798440190418313
p000526_a000150_000072_c10_l0,VAL,p000526,p000526_a000150,000072,10,240,25,650,0,samples/p000526_a000150_000072_c10_l0.npz,62769708875577e60347dac105e6aca77f8d8d0b66a50ccb262fc133574293a5,396120,0.9784514040082621
p000526_a000150_000072_c10_l1,VAL,p000526,p000526_a000150,000072,10,240,25,650,1,samples/p000526_a000150_000072_c10_l1.npz,5ef49bb4e16ec47701bd10b8f876ae41f72751dd82faaf2a467c4265e251d431,392346,0.9799028638419025
p000526_a000150_000072_c11_l0,VAL,p000526,p000526_a000150,000072,11,300,25,850,0,samples/p000526_a000150_000072_c11_l0.npz,7ce73250d55b1dd30ce3b0171c298c54988ac09f31f38f49a2e5b2600e2ff0b9,409259,0.9780374337336363
p000526_a000150_000072_c11_l1,VAL,p000526,p000526_a000150,000072,11,300,25,850,1,samples/p000526_a000150_000072_c11_l1.npz,2ab0b9cf28a77d578316493cd05b705e31a7e036a7b9df104d96f6d0dd131204,407005,0.9765768689819323
p000526_a000221_000054_c00_l0,VAL,p000526,p000526_a000221,000054,0,0,5,650,0,samples/p000526_a000221_000054_c00_l0.npz,dbd0e566ccce317867fde1a62cbe5acc610836905e2b7cf16c271189377beaed,328461,0.97943627988594
p000526_a000221_000054_c00_l1,VAL,p000526,p000526_a000221,000054,0,0,5,650,1,samples/p000526_a000221_000054_c00_l1.npz,13ba744895f60d6e0f92bf2fd95921d880dea4d94b944a089b3c5226ec39f5c5,326197,0.979710462820794
p000526_a000221_000054_c01_l0,VAL,p000526,p000526_a000221,000054,1,60,5,850,0,samples/p000526_a000221_000054_c01_l0.npz,ddaa448fa041dc2d1a9d6f6b5d3d60b65754afc7eb68c4940cf7a73280231feb,335790,0.9785791602575058
p000526_a000221_000054_c01_l1,VAL,p000526,p000526_a000221,000054,1,60,5,850,1,samples/p000526_a000221_000054_c01_l1.npz,e3c70302d799ec6becca30e9f92e606ce6af8a704fadf8bfc73740a236ee85d7,333396,0.9782373383467213
p000526_a000221_000054_c02_l0,VAL,p000526,p000526_a000221,000054,2,120,5,650,0,samples/p000526_a000221_000054_c02_l0.npz,7fcce4c0cfdbb5d9d47ac6cacd5708709cd27a12e8e5172056610b4f6b79f384,315660,0.9781158951116866
p000526_a000221_000054_c02_l1,VAL,p000526,p000526_a000221,000054,2,120,5,650,1,samples/p000526_a000221_000054_c02_l1.npz,27e1fcf1a1641a824c37424414d22cfa2b109d4c83a8df66d4a1f3d4bc076b22,312988,0.9772094528973778
p000526_a000221_000054_c03_l0,VAL,p000526,p000526_a000221,000054,3,180,5,850,0,samples/p000526_a000221_000054_c03_l0.npz,7e6b88e8cefa28441afe378c08eb36d267fcc247402163fafc32128096d15d85,324475,0.9765252826723296
p000526_a000221_000054_c03_l1,VAL,p000526,p000526_a000221,000054,3,180,5,850,1,samples/p000526_a000221_000054_c03_l1.npz,79943c714d22eafa022016d6d1e81f87644a9338c26cd6d234320958a9862d2a,321309,0.9795098433105665
p000526_a000221_000054_c04_l0,VAL,p000526,p000526_a000221,000054,4,240,5,650,0,samples/p000526_a000221_000054_c04_l0.npz,4e4069b718864fb1cef2bcbc87c0e757cd35a6fd181a0bf11e7719e6200c97f4,322054,0.9763525835866261
p000526_a000221_000054_c04_l1,VAL,p000526,p000526_a000221,000054,4,240,5,650,1,samples/p000526_a000221_000054_c04_l1.npz,33d889bca90ac8508a560d5be5bd3bc83f8715c5d08ab83b652e1f2386aef9d6,320337,0.9781155015197568
p000526_a000221_000054_c05_l0,VAL,p000526,p000526_a000221,000054,5,300,5,850,0,samples/p000526_a000221_000054_c05_l0.npz,a208289664f6f36afa56bd46d513e1d232b5b0f4c20e45184c6a28a3192703ac,321782,0.9778424212415672
p000526_a000221_000054_c05_l1,VAL,p000526,p000526_a000221,000054,5,300,5,850,1,samples/p000526_a000221_000054_c05_l1.npz,1ca16d6a6c582a3685f2c11b42a781fc5a30a621b18911729cb84dab5bd86168,319108,0.9790183821253946
p000526_a000221_000054_c06_l0,VAL,p000526,p000526_a000221,000054,6,0,25,650,0,samples/p000526_a000221_000054_c06_l0.npz,4d807de34237e92bf280a3a23795dc2fd1414a5f69383f1dad00a49b41c28fe2,360694,0.9769585253456221
p000526_a000221_000054_c06_l1,VAL,p000526,p000526_a000221,000054,6,0,25,650,1,samples/p000526_a000221_000054_c06_l1.npz,4279421bf0ecc24569fd9b1d49977a1eecb98f0f175a275de39b120c350876ef,356337,0.9779902331659674
p000526_a000221_000054_c07_l0,VAL,p000526,p000526_a000221,000054,7,60,25,850,0,samples/p000526_a000221_000054_c07_l0.npz,12f6a5934706834ed3d93a94c9a0fa25c822abb87ef949bea13578ff8e7993c4,370557,0.9753770185506473
p000526_a000221_000054_c07_l1,VAL,p000526,p000526_a000221,000054,7,60,25,850,1,samples/p000526_a000221_000054_c07_l1.npz,f7f46335c4be15599ae7210f3ebbafc453c62c6db25e19b6a53ab1a411c214dd,367732,0.9785800080074737
p000526_a000221_000054_c08_l0,VAL,p000526,p000526_a000221,000054,8,120,25,650,0,samples/p000526_a000221_000054_c08_l0.npz,cf0c503e70cf7440051ea0fca9aef659140398ba9c5d4cd076ccf9cc64462d88,387886,0.9769928102532042
p000526_a000221_000054_c08_l1,VAL,p000526,p000526_a000221,000054,8,120,25,650,1,samples/p000526_a000221_000054_c08_l1.npz,5b539070310e449dd0d4004ddcbdd43043e96188672d6c9160689ef13a5d63bc,383839,0.9778680837761801
p000526_a000221_000054_c09_l0,VAL,p000526,p000526_a000221,000054,9,180,25,850,0,samples/p000526_a000221_000054_c09_l0.npz,9fe569e78e5cf412e79b67b1da7458121e1a04b7d7ba5ec35c598dfac2758a79,390842,0.978938544559124
p000526_a000221_000054_c09_l1,VAL,p000526,p000526_a000221,000054,9,180,25,850,1,samples/p000526_a000221_000054_c09_l1.npz,72aa8603a69de031c706e8a8a238d7bffa25f998fdc442f7101f1083633e47e2,387909,0.98009116152355
p000526_a000221_000054_c10_l0,VAL,p000526,p000526_a000221,000054,10,240,25,650,0,samples/p000526_a000221_000054_c10_l0.npz,723866c8a3aa854affd6b204b0db3cd4d9f604283c6b6564f88f705535252e33,396873,0.9766921718658034
p000526_a000221_000054_c10_l1,VAL,p000526,p000526_a000221,000054,10,240,25,650,1,samples/p000526_a000221_000054_c10_l1.npz,9841662cfb4581db2d4f13a8aa7dd26e75f06840894e9f9786be08bc32242c7b,391615,0.9772807533843437
p000526_a000221_000054_c11_l0,VAL,p000526,p000526_a000221,000054,11,300,25,850,0,samples/p000526_a000221_000054_c11_l0.npz,f9a6366dcc285c450bdb9455212afdc15a580c6f273ba917988240df30a44103,363536,0.9783201622491083
p000526_a000221_000054_c11_l1,VAL,p000526,p000526_a000221,000054,11,300,25,850,1,samples/p000526_a000221_000054_c11_l1.npz,38718c2446652b4bd384bf2561f5ee004720a151425b9d340f6a9dfa754d81c2,360764,0.9785299671305686
p000526_a000221_000228_c00_l0,VAL,p000526,p000526_a000221,000228,0,0,5,650,0,samples/p000526_a000221_000228_c00_l0.npz,ebf2e5f2af1908625fb56d733083b6114696f0da839f74bc0b99f6a25b542006,347383,0.9811062163485071
p000526_a000221_000228_c00_l1,VAL,p000526,p000526_a000221,000228,0,0,5,650,1,samples/p000526_a000221_000228_c00_l1.npz,dd644d7b03abedc048cde241deb831a05ba3c00a6cec35c403a0587693b2a434,345418,0.9795398923152228
p000526_a000221_000228_c01_l0,VAL,p000526,p000526_a000221,000228,1,60,5,850,0,samples/p000526_a000221_000228_c01_l0.npz,06c355adef48d435d59faef6355feb3f2520bd054630964846fa94a0d562355b,345097,0.9809233547804492
p000526_a000221_000228_c01_l1,VAL,p000526,p000526_a000221,000228,1,60,5,850,1,samples/p000526_a000221_000228_c01_l1.npz,5efd94c0fcd2f178a724b905e7c060223db61030de00050a400bf84f9edf0e77,343387,0.9831245061519359
p000526_a000221_000228_c02_l0,VAL,p000526,p000526_a000221,000228,2,120,5,650,0,samples/p000526_a000221_000228_c02_l0.npz,14d1301eb8465f9e7e2ca538c989cf64a132733527a87d28ee6b0e95b6a2f2d2,330914,0.9797243421802028
p000526_a000221_000228_c02_l1,VAL,p000526,p000526_a000221,000228,2,120,5,650,1,samples/p000526_a000221_000228_c02_l1.npz,94eb546a335300a2ae83d6a18f1276e70b96ae33b5c578126af9249f78987178,328501,0.9778448570452215
p000526_a000221_000228_c03_l0,VAL,p000526,p000526_a000221,000228,3,180,5,850,0,samples/p000526_a000221_000228_c03_l0.npz,a2c35de3296cd4731fe337486c91af9ac27d433c75390c2297cb94092729aa70,355188,0.9791307677579935
p000526_a000221_000228_c03_l1,VAL,p000526,p000526_a000221,000228,3,180,5,850,1,samples/p000526_a000221_000228_c03_l1.npz,d5b3f1b813ead0064ee8258f12a07f07eba8ae73305e2ac967b297d37765938d,352177,0.9785563852192227
p000526_a000221_000228_c04_l0,VAL,p000526,p000526_a000221,000228,4,240,5,650,0,samples/p000526_a000221_000228_c04_l0.npz,2664fed82d1847c0471a31c69984528664068dd01403fdd331f293116c7b4873,331563,0.9804665383308798
p000526_a000221_000228_c04_l1,VAL,p000526,p000526_a000221,000228,4,240,5,650,1,samples/p000526_a000221_000228_c04_l1.npz,bb308c10c1358679fda3628f63c59fc9f519a5765e444798323fda992aa2c12f,328995,0.980636394519307
p000526_a000221_000228_c05_l0,VAL,p000526,p000526_a000221,000228,5,300,5,850,0,samples/p000526_a000221_000228_c05_l0.npz,cce5d950e2dfc7838d2f6a3645f38928925dd49e5d0da6f65ad0014fc3879a24,351599,0.9797540411363515
p000526_a000221_000228_c05_l1,VAL,p000526,p000526_a000221,000228,5,300,5,850,1,samples/p000526_a000221_000228_c05_l1.npz,018bff9bc7a50e87744254f5f9fe45ad85eec40d0f86f0edcf5299a1efbba6b6,348520,0.9781429568766447
p000526_a000221_000228_c06_l0,VAL,p000526,p000526_a000221,000228,6,0,25,650,0,samples/p000526_a000221_000228_c06_l0.npz,8d397862a6a34041a68a8514f5fb7539a2d87a2190d008f18e575ddc1a5a317f,387449,0.9796187095666113
p000526_a000221_000228_c06_l1,VAL,p000526,p000526_a000221,000228,6,0,25,650,1,samples/p000526_a000221_000228_c06_l1.npz,4eba3ad5a3bb8537a10350c814711025a3b61f39a2e09232075df0c06f6f7698,383340,0.9798477128299078
p000526_a000221_000228_c07_l0,VAL,p000526,p000526_a000221,000228,7,60,25,850,0,samples/p000526_a000221_000228_c07_l0.npz,96542db5ee36a7e7f8dc481500d64e8c852c86d3fa49f9c4b140a4eff2977279,374301,0.9822316515282106
p000526_a000221_000228_c07_l1,VAL,p000526,p000526_a000221,000228,7,60,25,850,1,samples/p000526_a000221_000228_c07_l1.npz,f0f2b7e625eb3a19f7d3abb6bcc70bb5c013af66b14f396e669f03c86a1cca74,371165,0.9795133594112577
p000526_a000221_000228_c08_l0,VAL,p000526,p000526_a000221,000228,8,120,25,650,0,samples/p000526_a000221_000228_c08_l0.npz,60afb17ca86bfac296aabeef233f4183859e14f4b54d6025457706c5b13067bc,408389,0.9778081443017218
p000526_a000221_000228_c08_l1,VAL,p000526,p000526_a000221,000228,8,120,25,650,1,samples/p000526_a000221_000228_c08_l1.npz,7f3327d5b461d45c24cc2b37cb5adf90df2aee144f3104d581b65b96add08848,405110,0.9799398742825909
p000526_a000221_000228_c09_l0,VAL,p000526,p000526_a000221,000228,9,180,25,850,0,samples/p000526_a000221_000228_c09_l0.npz,770f705bc5c25f684d646b3227c331f2252ec4efc33a05cccc7e93de747daeb3,420315,0.9800153035963451
p000526_a000221_000228_c09_l1,VAL,p000526,p000526_a000221,000228,9,180,25,850,1,samples/p000526_a000221_000228_c09_l1.npz,4debe56d3700846ffeac74ffd12d8304908204309471c8c34cee3044331b9d11,416507,0.979880271863888
p000526_a000221_000228_c10_l0,VAL,p000526,p000526_a000221,000228,10,240,25,650,0,samples/p000526_a000221_000228_c10_l0.npz,8428ee16e35889f5a6ef1525cd2fc97e5ba7479a6af627aca8fa818471535762,406448,0.9817177575255455
p000526_a000221_000228_c10_l1,VAL,p000526,p000526_a000221,000228,10,240,25,650,1,samples/p000526_a000221_000228_c10_l1.npz,8335f466842b69b9c98dd6bf6a4f27c2a81b0593b889a38576aa57a567a0891d,401609,0.9796741231703949
p000526_a000221_000228_c11_l0,VAL,p000526,p000526_a000221,000228,11,300,25,850,0,samples/p000526_a000221_000228_c11_l0.npz,5e2afe785949f6da8b4884252daa3257dd54fc5cf0c6d8bd2e5369e90fa24afb,384637,0.9790428335069551
p000526_a000221_000228_c11_l1,VAL,p000526,p000526_a000221,000228,11,300,25,850,1,samples/p000526_a000221_000228_c11_l1.npz,08cb1d7a7753c1f1ffd9ed743a30643e028797853876545ab54212f5c9b7ab01,382032,0.9806360683865433
p000534_a000701_000036_c00_l0,TRAIN,p000534,p000534_a000701,000036,0,0,5,650,0,samples/p000534_a000701_000036_c00_l0.npz,04e66b87f579b3d3e0b4c29b2ea9b3bcc572256cd9561282cee3d56e8f35fea0,400860,0.9798684794448703
p000534_a000701_000036_c00_l1,TRAIN,p000534,p000534_a000701,000036,0,0,5,650,1,samples/p000534_a000701_000036_c00_l1.npz,013ff239fb827c4c0c7d8ae98665c28fbde860f6a36de85ef9f73f6475e1db8b,400283,0.9820470407875096
p000534_a000701_000036_c01_l0,TRAIN,p000534,p000534_a000701,000036,1,60,5,850,0,samples/p000534_a000701_000036_c01_l0.npz,eea6d34436c736ee980e1379f1982e1de47c3e24fb82f455b4f1c664f2465e7a,371161,0.97972153495367
p000534_a000701_000036_c01_l1,TRAIN,p000534,p000534_a000701,000036,1,60,5,850,1,samples/p000534_a000701_000036_c01_l1.npz,67ca233298a892431c644f91f850cec6bf24941ed64ee103b5e244f8543c8f69,369354,0.9800126133993111
p000534_a000701_000036_c02_l0,TRAIN,p000534,p000534_a000701,000036,2,120,5,650,0,samples/p000534_a000701_000036_c02_l0.npz,258770de828c72a0c99fca2140cb1958f349bea3d28cb8577687d2c769c5d1c1,380741,0.9798514391829155
p000534_a000701_000036_c02_l1,TRAIN,p000534,p000534_a000701,000036,2,120,5,650,1,samples/p000534_a000701_000036_c02_l1.npz,0d14e4c2fec1b16b5efac0f98dd53d561d5be87d0f1dbfa8a76175708e9293b1,379515,0.9806406685236769
p000534_a000701_000036_c03_l0,TRAIN,p000534,p000534_a000701,000036,3,180,5,850,0,samples/p000534_a000701_000036_c03_l0.npz,11f105d1532d39a012fb2210328b7206e6afc9465e6f690ab9c189b114c993b8,422826,0.9813937879861292
p000534_a000701_000036_c03_l1,TRAIN,p000534,p000534_a000701,000036,3,180,5,850,1,samples/p000534_a000701_000036_c03_l1.npz,405f024c7f2e8395c75e530432e70f0f4d724378d4e3ec8e8d917fae7c02c6c7,419433,0.9812073529960103
p000534_a000701_000036_c04_l0,TRAIN,p000534,p000534_a000701,000036,4,240,5,650,0,samples/p000534_a000701_000036_c04_l0.npz,43b4491f79cbd858d0bbf4274c888ea56e116e9ec5b174b44d9b18129444949b,370262,0.9799119028026526
p000534_a000701_000036_c04_l1,TRAIN,p000534,p000534_a000701,000036,4,240,5,650,1,samples/p000534_a000701_000036_c04_l1.npz,c8c9c160880672ae61a252d5ec11faf84e4cf7b19e5fa716c276e842052a5631,368587,0.9804927634445036
p000534_a000701_000036_c05_l0,TRAIN,p000534,p000534_a000701,000036,5,300,5,850,0,samples/p000534_a000701_000036_c05_l0.npz,fd3c461624dd85a8641206dd6c115298a99102ff3cda23a3ba1323aa518b7588,374794,0.9818043972706596
p000534_a000701_000036_c05_l1,TRAIN,p000534,p000534_a000701,000036,5,300,5,850,1,samples/p000534_a000701_000036_c05_l1.npz,db1e2c9a2fdfd824a2124c90f225db7fc1803d7d85f6acd461a64e8a89570d29,373294,0.9799564063684609
p000534_a000701_000036_c06_l0,TRAIN,p000534,p000534_a000701,000036,6,0,25,650,0,samples/p000534_a000701_000036_c06_l0.npz,860015491bd2e6f7c39208ad11c0fd41593aacf7fa1099c94b16d5044bb7c32e,430125,0.981226594037255
p000534_a000701_000036_c06_l1,TRAIN,p000534,p000534_a000701,000036,6,0,25,650,1,samples/p000534_a000701_000036_c06_l1.npz,23521dd92b2dc0bf98395762e008b8090a2c23d9ff0c66e7c7e886283448ff90,427122,0.9806429648363406
p000534_a000701_000036_c07_l0,TRAIN,p000534,p000534_a000701,000036,7,60,25,850,0,samples/p000534_a000701_000036_c07_l0.npz,857c07117a95f4ce4c105f8f560fe732fc3be44241f77b78667b8643e477b132,404984,0.9808740002318302
p000534_a000701_000036_c07_l1,TRAIN,p000534,p000534_a000701,000036,7,60,25,850,1,samples/p000534_a000701_000036_c07_l1.npz,49437e3727fc4a673019fd3b5dbb45abb561505bbb5aa8afbb1e7c6198e4bc1b,402733,0.9829025153587574
p000534_a000701_000036_c08_l0,TRAIN,p000534,p000534_a000701,000036,8,120,25,650,0,samples/p000534_a000701_000036_c08_l0.npz,113e8194b4bb92999e7743d92376946606583a83021f6cb3edb385be0ea50ac1,458585,0.9813296497638356
p000534_a000701_000036_c08_l1,TRAIN,p000534,p000534_a000701,000036,8,120,25,650,1,samples/p000534_a000701_000036_c08_l1.npz,c7f0d62fed09cd011a7744b5dbca1f43fa0066c608c86215ab151be0c6226e8a,455146,0.9823545138579449
p000534_a000701_000036_c09_l0,TRAIN,p000534,p000534_a000701,000036,9,180,25,850,0,samples/p000534_a000701_000036_c09_l0.npz,f5318bbc9632f3d60b04616b36d903e14071690bd34de8711d28c947a4f57417,483063,0.9812573631787512
p000534_a000701_000036_c09_l1,TRAIN,p000534,p000534_a000701,000036,9,180,25,850,1,samples/p000534_a000701_000036_c09_l1.npz,7f75ce2f3f5fdb8161b54f88e20bae28db1b49f73999ac572e3c3c9601f4c642,480654,0.9808289600514084
p000534_a000701_000036_c10_l0,TRAIN,p000534,p000534_a000701,000036,10,240,25,650,0,samples/p000534_a000701_000036_c10_l0.npz,b9946b58c14dd8e79aed215680b748f6cede539a2ec614f1bd1f9f1d9771559d,449599,0.9799050559985252
p000534_a000701_000036_c10_l1,TRAIN,p000534,p000534_a000701,000036,10,240,25,650,1,samples/p000534_a000701_000036_c10_l1.npz,bdc017907aaba516a2ec5b7aa52593163b8cc28bf84e961dd7e27df4005f3838,445057,0.9816103608793842
p000534_a000701_000036_c11_l0,TRAIN,p000534,p000534_a000701,000036,11,300,25,850,0,samples/p000534_a000701_000036_c11_l0.npz,1d58cc36bfebcec0315dab3ea1d6f20939058e9f4204f688eff226c3af731b96,410663,0.9803866629307929
p000534_a000701_000036_c11_l1,TRAIN,p000534,p000534_a000701,000036,11,300,25,850,1,samples/p000534_a000701_000036_c11_l1.npz,9049a482267e43ab4e07bc77d8e12bbb850e53a644df49243837a82f2ba43d02,409304,0.9824600728495377
p000534_a000701_000150_c00_l0,TRAIN,p000534,p000534_a000701,000150,0,0,5,650,0,samples/p000534_a000701_000150_c00_l0.npz,0fb22fa9bc286eea41a73dbcc9f0218137948ff93db3cded6b704975eca3b255,466092,0.9813428059395801
p000534_a000701_000150_c00_l1,TRAIN,p000534,p000534_a000701,000150,0,0,5,650,1,samples/p000534_a000701_000150_c00_l1.npz,7a1239049c339c5de48f1edb72bcb3c8d9219558973fa83b2ffb7e8221872e96,467265,0.9815028161802355
p000534_a000701_000150_c01_l0,TRAIN,p000534,p000534_a000701,000150,1,60,5,850,0,samples/p000534_a000701_000150_c01_l0.npz,0d82c1e5ae2b15e8e3ad9dcf595905aaf0cdd0bd4aa46881e4b86b4f61b9edd4,479842,0.9830045427110137
p000534_a000701_000150_c01_l1,TRAIN,p000534,p000534_a000701,000150,1,60,5,850,1,samples/p000534_a000701_000150_c01_l1.npz,4f393cd6dd419e653e2a0003d9c39849d0d29dbae7fe3a06a5e9abf21d1d1827,480245,0.9821785952539789
p000534_a000701_000150_c02_l0,TRAIN,p000534,p000534_a000701,000150,2,120,5,650,0,samples/p000534_a000701_000150_c02_l0.npz,e0f7713e985d2b2bcc00bdebf042d81ade1f580f5badd775e167f5d1c6015128,481930,0.9821149452927739
p000534_a000701_000150_c02_l1,TRAIN,p000534,p000534_a000701,000150,2,120,5,650,1,samples/p000534_a000701_000150_c02_l1.npz,ee01953efbaa1ec7cb752961195544018d9ebd332acb523c88fe88491276981e,482637,0.9812432367440183
p000534_a000701_000150_c03_l0,TRAIN,p000534,p000534_a000701,000150,3,180,5,850,0,samples/p000534_a000701_000150_c03_l0.npz,59c5a270114ac225df0a590cb98ff1e01b15eee7d8538d84df659c2c4011ec10,503244,0.9836377254133779
p000534_a000701_000150_c03_l1,TRAIN,p000534,p000534_a000701,000150,3,180,5,850,1,samples/p000534_a000701_000150_c03_l1.npz,16deec6046634c47e4c826c9ff6392d2c2b178b91fa63081a06ab568265da260,500655,0.9830327821628162
p000534_a000701_000150_c04_l0,TRAIN,p000534,p000534_a000701,000150,4,240,5,650,0,samples/p000534_a000701_000150_c04_l0.npz,0e5a6cdc591235694bd468d0964db583ae4e10d87bb514362bb0b90687ae08f7,472600,0.9828448672702164
p000534_a000701_000150_c04_l1,TRAIN,p000534,p000534_a000701,000150,4,240,5,650,1,samples/p000534_a000701_000150_c04_l1.npz,11c3434bd0ed9d21383021f996eafab7846eae5e2948cce30f1c66dbd1880342,472855,0.9831824459106951
p000534_a000701_000150_c05_l0,TRAIN,p000534,p000534_a000701,000150,5,300,5,850,0,samples/p000534_a000701_000150_c05_l0.npz,f8b54b230c85492b8cbd0d1fa0443eea8eaae1dffb09aa34e504ef1e6b00b8a5,476683,0.9838050214016483
p000534_a000701_000150_c05_l1,TRAIN,p000534,p000534_a000701,000150,5,300,5,850,1,samples/p000534_a000701_000150_c05_l1.npz,fddd44c0629dd0f2b475fc79127f0e34a5e31db5eccd0edf9a7590bb0b54232f,476663,0.9822078834728167
p000534_a000701_000150_c06_l0,TRAIN,p000534,p000534_a000701,000150,6,0,25,650,0,samples/p000534_a000701_000150_c06_l0.npz,e2ca84acdd134ac062ccc1bca0a4de24c4fad5e6886bc9aa3aa5dd45ec7b08de,471486,0.9812234766594603
p000534_a000701_000150_c06_l1,TRAIN,p000534,p000534_a000701,000150,6,0,25,650,1,samples/p000534_a000701_000150_c06_l1.npz,fa6d6f7420c05056b6892de1e222f840661affb3e77c2c3acab47796aa3f433e,470177,0.9815837937384899
p000534_a000701_000150_c07_l0,TRAIN,p000534,p000534_a000701,000150,7,60,25,850,0,samples/p000534_a000701_000150_c07_l0.npz,0c0d364d64a18086033aea98b54e4fb98bd751fe55ee86cd3fcebbb4cb65404f,500341,0.9829398712305846
p000534_a000701_000150_c07_l1,TRAIN,p000534,p000534_a000701,000150,7,60,25,850,1,samples/p000534_a000701_000150_c07_l1.npz,a7f9a6c5fdd0df2ad1c5e7b4655197438414d33f965290913b4fe09abe82e9d7,499771,0.9824669891964642
p000534_a000701_000150_c08_l0,TRAIN,p000534,p000534_a000701,000150,8,120,25,650,0,samples/p000534_a000701_000150_c08_l0.npz,3946e70a3e147ea06f27a141559809ab6a8242017dfe85b7c2a6e6b81ce6e72f,552947,0.981368120765482
p000534_a000701_000150_c08_l1,TRAIN,p000534,p000534_a000701,000150,8,120,25,650,1,samples/p000534_a000701_000150_c08_l1.npz,c6dfc733507451a445c1d36b38737ef50f061d9cfb9bf6ea9ad226976ece3733,552826,0.9827053369784857
p000534_a000701_000150_c09_l0,TRAIN,p000534,p000534_a000701,000150,9,180,25,850,0,samples/p000534_a000701_000150_c09_l0.npz,534405750a14779ed7a1252884fa657251138afb6dc0dd6e7155886fd186e181,571905,0.9827982581884077
p000534_a000701_000150_c09_l1,TRAIN,p000534,p000534_a000701,000150,9,180,25,850,1,samples/p000534_a000701_000150_c09_l1.npz,216c79d378f61c558e03c36766541827484d56ef9a3f13260723b5189fef6755,568960,0.982230276147459
p000534_a000701_000150_c10_l0,TRAIN,p000534,p000534_a000701,000150,10,240,25,650,0,samples/p000534_a000701_000150_c10_l0.npz,bfcc3f2d2227f8948a8847827c2db78ab6a446842edcd363ae64a1a80186d43f,548152,0.9824901563059301
p000534_a000701_000150_c10_l1,TRAIN,p000534,p000534_a000701,000150,10,240,25,650,1,samples/p000534_a000701_000150_c10_l1.npz,95ecb51bfb308f449efb9281b1144d84a295869b7c4857478bfc87c2b9d19bd2,546750,0.982549815057869
p000534_a000701_000150_c11_l0,TRAIN,p000534,p000534_a000701,000150,11,300,25,850,0,samples/p000534_a000701_000150_c11_l0.npz,1c6485b727181200e2ebdf6482468d78c226148e3b616d7b0885cdab79f92213,501961,0.9832956137514819
p000534_a000701_000150_c11_l1,TRAIN,p000534,p000534_a000701,000150,11,300,25,850,1,samples/p000534_a000701_000150_c11_l1.npz,b072f70f8ec620239e5bc4b608335b50cb2345f8b5a5f6de7d338315bb2a165b,501467,0.9831519201063333
p000534_a005731_000030_c00_l0,TRAIN,p000534,p000534_a005731,000030,0,0,5,650,0,samples/p000534_a005731_000030_c00_l0.npz,bcd14fca115337f7868776010beb091a5948d43328ad4fe5a1553ecf3dda3c9d,401665,0.9798244201030928
p000534_a005731_000030_c00_l1,TRAIN,p000534,p000534_a005731,000030,0,0,5,650,1,samples/p000534_a005731_000030_c00_l1.npz,02f073fd7ef79d7698d6315317e5b76e7f80a4a1eb40fd6da39051f252e5ea32,399910,0.9802673969072165
p000534_a005731_000030_c01_l0,TRAIN,p000534,p000534_a005731,000030,1,60,5,850,0,samples/p000534_a005731_000030_c01_l0.npz,31d3424b4a98027fa7ab5dbb25dadf8472333ba4db61a350d435d8911ae09239,378218,0.9801311911778686
p000534_a005731_000030_c01_l1,TRAIN,p000534,p000534_a005731,000030,1,60,5,850,1,samples/p000534_a005731_000030_c01_l1.npz,ce7d290cff2489f84167e80f8d9d64dbaf6e0efb68f5230173038164c12b0096,376600,0.9811769179579808
p000534_a005731_000030_c02_l0,TRAIN,p000534,p000534_a005731,000030,2,120,5,650,0,samples/p000534_a005731_000030_c02_l0.npz,48b6ec214c438644f31cc04029759f5986f793cbc413085e3e9c359f2b72c0c8,378221,0.9826427500846106
p000534_a005731_000030_c02_l1,TRAIN,p000534,p000534_a005731,000030,2,120,5,650,1,samples/p000534_a005731_000030_c02_l1.npz,7346f46b204bb7449db5af51fcabcfcc908ae4975cbcb3998eec417ecef03d9f,376497,0.9795967702944447
p000534_a005731_000030_c03_l0,TRAIN,p000534,p000534_a005731,000030,3,180,5,850,0,samples/p000534_a005731_000030_c03_l0.npz,ff6798173aca4534bf4759494b98a1a5a88e95a13af0df3bfb7ed500ae8a1a9f,416635,0.9804420784631408
p000534_a005731_000030_c03_l1,TRAIN,p000534,p000534_a005731,000030,3,180,5,850,1,samples/p000534_a005731_000030_c03_l1.npz,51c24d5d8cb2745bca17f26a2b9fd7172a9521788eb5f76fff5c777d7932555d,413148,0.9816765034911082
p000534_a005731_000030_c04_l0,TRAIN,p000534,p000534_a005731,000030,4,240,5,650,0,samples/p000534_a005731_000030_c04_l0.npz,94a1a41677e140c7d8ec092808470664142286394ae70cac8aff8810237163e2,382709,0.9808281124876348
p000534_a005731_000030_c04_l1,TRAIN,p000534,p000534_a005731,000030,4,240,5,650,1,samples/p000534_a005731_000030_c04_l1.npz,5c6bd9d0d38a87e720903f863e5359cd665ea9c3db4df792dffc72b9231e04b0,381566,0.9817231146073767
p000534_a005731_000030_c05_l0,TRAIN,p000534,p000534_a005731,000030,5,300,5,850,0,samples/p000534_a005731_000030_c05_l0.npz,bf0e596466466664837ab5bc0dee7c48bac7d194396adbb6ff1b837bf5f2d5cd,374488,0.9820002903178982
p000534_a005731_000030_c05_l1,TRAIN,p000534,p000534_a005731,000030,5,300,5,850,1,samples/p000534_a005731_000030_c05_l1.npz,cc756c6074fc2a19faef6b3b697d948d5a58f65d718dbc0694965ad162c36016,372704,0.9816131997871002
p000534_a005731_000030_c06_l0,TRAIN,p000534,p000534_a005731,000030,6,0,25,650,0,samples/p000534_a005731_000030_c06_l0.npz,7ef282f71252ac7047f7084d8aa0cc0edee08e9e93762869930d8c85f038e058,436548,0.9805293005671077
p000534_a005731_000030_c06_l1,TRAIN,p000534,p000534_a005731,000030,6,0,25,650,1,samples/p000534_a005731_000030_c06_l1.npz,144c4ee55349d7e0972a9322665fe6f89c2441b8b0109ec9a4ae374892b2a58d,432992,0.9800567107750473
p000534_a005731_000030_c07_l0,TRAIN,p000534,p000534_a005731,000030,7,60,25,850,0,samples/p000534_a005731_000030_c07_l0.npz,2ffd0a7b056be5ca50aad5d7b4bce2c0cad6390453bdd39fbcf87393724bdc75,403180,0.9796398256480844
p000534_a005731_000030_c07_l1,TRAIN,p000534,p000534_a005731,000030,7,60,25,850,1,samples/p000534_a005731_000030_c07_l1.npz,34715cd838b42b6aea3783f78650657195fcb5d499a10885f721f46771d37200,401556,0.9813030511585226
p000534_a005731_000030_c08_l0,TRAIN,p000534,p000534_a005731,000030,8,120,25,650,0,samples/p000534_a005731_000030_c08_l0.npz,b75d5210951e1349f528c99dd55046f3c4272eaa2c7303080d7446cf01d02f2b,454145,0.9788602941176471
p000534_a005731_000030_c08_l1,TRAIN,p000534,p000534_a005731,000030,8,120,25,650,1,samples/p000534_a005731_000030_c08_l1.npz,70dc33dda07c3f12ae65445f8103722934b40447f8e67ac3afcb7ce7f68f64fd,450550,0.9816176470588235
p000534_a005731_000030_c09_l0,TRAIN,p000534,p000534_a005731,000030,9,180,25,850,0,samples/p000534_a005731_000030_c09_l0.npz,a1064ac240405018a925e348373b26effb28f89c6333ac7e33fdc9a4605d3aa6,477409,0.9803842041222669
p000534_a005731_000030_c09_l1,TRAIN,p000534,p000534_a005731,000030,9,180,25,850,1,samples/p000534_a005731_000030_c09_l1.npz,8c88d542cf2612b2a187888b8f8032a5640d2a1108c231f6923cdf98dea60a9b,475072,0.9805316913093175
p000534_a005731_000030_c10_l0,TRAIN,p000534,p000534_a005731,000030,10,240,25,650,0,samples/p000534_a005731_000030_c10_l0.npz,577b544937af3401c2dee4efc32c7dad2539f12a2149eccc6628236ec61f4041,457309,0.9814513210278683
p000534_a005731_000030_c10_l1,TRAIN,p000534,p000534_a005731,000030,10,240,25,650,1,samples/p000534_a005731_000030_c10_l1.npz,5bbf6a1b3533d176b8e9a0ee96a6eee9fbf4a3a8a797618b22301459073f9f57,453491,0.9814965617082881
p000534_a005731_000030_c11_l0,TRAIN,p000534,p000534_a005731,000030,11,300,25,850,0,samples/p000534_a005731_000030_c11_l0.npz,0c03bc0743133c16eae4907b72abf6cfad974fe1400dc53f60b02d1da08b10fe,400161,0.9808082565083782
p000534_a005731_000030_c11_l1,TRAIN,p000534,p000534_a005731,000030,11,300,25,850,1,samples/p000534_a005731_000030_c11_l1.npz,3f5089c79410713b15e71e32e84e35fa326a79708b8d40ae892a449c2a992897,398770,0.9810401809010263
p000534_a005731_000126_c00_l0,TRAIN,p000534,p000534_a005731,000126,0,0,5,650,0,samples/p000534_a005731_000126_c00_l0.npz,b66a51ce6448da9affa02a32857d507896cc4cd8ed23be9c013e51b76f53357a,404531,0.9809209467074546
p000534_a005731_000126_c00_l1,TRAIN,p000534,p000534_a005731,000126,0,0,5,650,1,samples/p000534_a005731_000126_c00_l1.npz,86d829053bca70ea928c065a270da33adf562a2915d3de4a316e92456ca733e9,403940,0.979995169859926
p000534_a005731_000126_c01_l0,TRAIN,p000534,p000534_a005731,000126,1,60,5,850,0,samples/p000534_a005731_000126_c01_l0.npz,ed3b820f019aaab34c2f2a215b007af780aa96ee3cdc1f3a5877426f96d4f566,394402,0.9801779578891727
p000534_a005731_000126_c01_l1,TRAIN,p000534,p000534_a005731,000126,1,60,5,850,1,samples/p000534_a005731_000126_c01_l1.npz,7cfab0a9eb501626b690422868ca7c805f1f0a801808efcd8ee8cc024ba92179,393442,0.9809267905911373
p000534_a005731_000126_c02_l0,TRAIN,p000534,p000534_a005731,000126,2,120,5,650,0,samples/p000534_a005731_000126_c02_l0.npz,3d9b37187de388416561ad5ca28ec95a3362ae6b64e298afa9151ef55e29b8e9,361495,0.98025467855854
p000534_a005731_000126_c02_l1,TRAIN,p000534,p000534_a005731,000126,2,120,5,650,1,samples/p000534_a005731_000126_c02_l1.npz,26df14f3fe4d044497783aced5fe25e24dcabe1fb076181056fe107be1b5da19,359189,0.9796875805536939
p000534_a005731_000126_c03_l0,TRAIN,p000534,p000534_a005731,000126,3,180,5,850,0,samples/p000534_a005731_000126_c03_l0.npz,9af29fae156c56b22bab145530813a0f1c076d88a681e68ccadb930cb8362010,417509,0.9789546449556434
p000534_a005731_000126_c03_l1,TRAIN,p000534,p000534_a005731,000126,3,180,5,850,1,samples/p000534_a005731_000126_c03_l1.npz,84a5d06700cc5cb7b7db7e0bbb7f371388fea869a62af5b83434d6a8a3fa70be,414443,0.9804523983255885
p000534_a005731_000126_c04_l0,TRAIN,p000534,p000534_a005731,000126,4,240,5,650,0,samples/p000534_a005731_000126_c04_l0.npz,f7a7b935771b1980c49cfc8718c81a2eefef0a3a41a4b579b2f12b2121b87e21,390540,0.9821301880099326
p000534_a005731_000126_c04_l1,TRAIN,p000534,p000534_a005731,000126,4,240,5,650,1,samples/p000534_a005731_000126_c04_l1.npz,1302f49a897f59d4029e3b002a83f574f52a9e2ce11ca59dae4a08026dacbd97,389856,0.9805782192266761
p000534_a005731_000126_c05_l0,TRAIN,p000534,p000534_a005731,000126,5,300,5,850,0,samples/p000534_a005731_000126_c05_l0.npz,179f5e4267472a8c06a77a45f61feba04299fdd2fcb6c5b0441399ae80f91489,359343,0.9825279966818747
p000534_a005731_000126_c05_l1,TRAIN,p000534,p000534_a005731,000126,5,300,5,850,1,samples/p000534_a005731_000126_c05_l1.npz,e79e936264cdfd6ec4fec729c1483efb442b3128cedd3b3f040a5ce16ee17f1a,357843,0.9802467855661551
p000534_a005731_000126_c06_l0,TRAIN,p000534,p000534_a005731,000126,6,0,25,650,0,samples/p000534_a005731_000126_c06_l0.npz,5786f9be73369bd924ec55d8e8e8d6b8a0695e6c0a72a35549d010231b6ca6d7,436261,0.9806355749412836
p000534_a005731_000126_c06_l1,TRAIN,p000534,p000534_a005731,000126,6,0,25,650,1,samples/p000534_a005731_000126_c06_l1.npz,86c71286df8a0ce9c824811e9ffcfb95e1c9c6fb07eecd799dc2bea8531dea8e,432584,0.981738005080765
p000534_a005731_000126_c07_l0,TRAIN,p000534,p000534_a005731,000126,7,60,25,850,0,samples/p000534_a005731_000126_c07_l0.npz,0c17f584559b10edac0eadbba659f64758e72ecd1cc6d4a903472a27d8dc79d7,417468,0.9842361863488625
p000534_a005731_000126_c07_l1,TRAIN,p000534,p000534_a005731,000126,7,60,25,850,1,samples/p000534_a005731_000126_c07_l1.npz,33a408d69f2ead4862f4e1aa8d039a7aa3b9e321e6c625586db94732a4bfb3f7,415641,0.9816359696641387
p000534_a005731_000126_c08_l0,TRAIN,p000534,p000534_a005731,000126,8,120,25,650,0,samples/p000534_a005731_000126_c08_l0.npz,5f324e82d0927728ead26b228d913c6cfa808bcce7a148a6a85552f6fcfb0a8e,444677,0.9821178290077811
p000534_a005731_000126_c08_l1,TRAIN,p000534,p000534_a005731,000126,8,120,25,650,1,samples/p000534_a005731_000126_c08_l1.npz,2776ee62455af4b942ebf80de9fa08807fcc9f847a2934af62eac031f039ffc3,441109,0.9793146778792712
p000534_a005731_000126_c09_l0,TRAIN,p000534,p000534_a005731,000126,9,180,25,850,0,samples/p000534_a005731_000126_c09_l0.npz,1a82936c25a6c9a7ccc32a68d832cd78cf340d2bfec16c49cf25f68b943af393,480795,0.9797976121141526
p000534_a005731_000126_c09_l1,TRAIN,p000534,p000534_a005731,000126,9,180,25,850,1,samples/p000534_a005731_000126_c09_l1.npz,993c90bb877c297d6f8620cae850458d0bc3151d1dacb3b5831d058c809d64b8,478666,0.9823092603377985
p000534_a005731_000126_c10_l0,TRAIN,p000534,p000534_a005731,000126,10,240,25,650,0,samples/p000534_a005731_000126_c10_l0.npz,54cd225136d83b4724a162ff606cad02b9cd6ed38229a0c8a6a27891f5d8d824,473285,0.9803664367621546
p000534_a005731_000126_c10_l1,TRAIN,p000534,p000534_a005731,000126,10,240,25,650,1,samples/p000534_a005731_000126_c10_l1.npz,d370a0895df77459994059eeffa1e13e08c14770cc31560f43a12843e4dd5372,469503,0.9803664367621546
p000534_a005731_000126_c11_l0,TRAIN,p000534,p000534_a005731,000126,11,300,25,850,0,samples/p000534_a005731_000126_c11_l0.npz,9bdb44e588b2e01070346f63d3feeb6adb5d40d63ade82e00607a5e9fa2c1a06,392764,0.9787338963200395
p000534_a005731_000126_c11_l1,TRAIN,p000534,p000534_a005731,000126,11,300,25,850,1,samples/p000534_a005731_000126_c11_l1.npz,369e83abfdd8111a55750fc603e52023516db057cee2e6b885a30b4b8e710171,391946,0.9803365592060654
p000560_a000039_000096_c00_l0,TRAIN,p000560,p000560_a000039,000096,0,0,5,650,0,samples/p000560_a000039_000096_c00_l0.npz,a0f00286a7e4038d4f2a4ce2490c48a0e837383e3eace39c59ed78e8d06fcb20,379322,0.9798178475221276
p000560_a000039_000096_c00_l1,TRAIN,p000560,p000560_a000039,000096,0,0,5,650,1,samples/p000560_a000039_000096_c00_l1.npz,491481690af567b5c6abfa16e29f6f917bde0503ee160c7da49d85d9eeca08ec,376742,0.9813571642365416
p000560_a000039_000096_c01_l0,TRAIN,p000560,p000560_a000039,000096,1,60,5,850,0,samples/p000560_a000039_000096_c01_l0.npz,dd1c02be855a3676b0f4657784b1189a9e9a4cb2cd8488e64bcf1ed68a342d92,359608,0.9812577447335812
p000560_a000039_000096_c01_l1,TRAIN,p000560,p000560_a000039,000096,1,60,5,850,1,samples/p000560_a000039_000096_c01_l1.npz,5d53ccaba2ec178a8491be62866e63a9930db9567a25edc38d4694dafc4a1f97,356960,0.9818773234200744
p000560_a000039_000096_c02_l0,TRAIN,p000560,p000560_a000039,000096,2,120,5,650,0,samples/p000560_a000039_000096_c02_l0.npz,0505d0f4cda4c9cbce54e9d1d5a0ed7cb9315fbb294c9a9a5eeb55a5144ace11,363210,0.9789102818578801
p000560_a000039_000096_c02_l1,TRAIN,p000560,p000560_a000039,000096,2,120,5,650,1,samples/p000560_a000039_000096_c02_l1.npz,d848d5cc068b0fabd9b1001000aa8afda9d0f4f955167d4120db8f855b454c89,362147,0.9804485907105994
p000560_a000039_000096_c03_l0,TRAIN,p000560,p000560_a000039,000096,3,180,5,850,0,samples/p000560_a000039_000096_c03_l0.npz,2252439adf9eb58389a1b0f36bb86164d8b2ef7eac5d15b53b8c339c1781461d,397017,0.9809911459863203
p000560_a000039_000096_c03_l1,TRAIN,p000560,p000560_a000039,000096,3,180,5,850,1,samples/p000560_a000039_000096_c03_l1.npz,0c0df4c0e02f37e4e2baff2e554f34477b7e8b01c97754e1fe14ea36e81029e4,394299,0.9809072216860392
p000560_a000039_000096_c04_l0,TRAIN,p000560,p000560_a000039,000096,4,240,5,650,0,samples/p000560_a000039_000096_c04_l0.npz,6181a3e57e6f836163383ba26ce2419172bea6ac1b76e7d91340ab0d724b2e06,350048,0.9807295251204404
p000560_a000039_000096_c04_l1,TRAIN,p000560,p000560_a000039,000096,4,240,5,650,1,samples/p000560_a000039_000096_c04_l1.npz,6539c028da0e3b6bafc7697d3ba24c7be86a16ec20a8e20b5d46b666aab3c029,348201,0.981205992905924
p000560_a000039_000096_c05_l0,TRAIN,p000560,p000560_a000039,000096,5,300,5,850,0,samples/p000560_a000039_000096_c05_l0.npz,ff9b459e224e7ca2ef8595096b7e86045379671fc08f175b0ea871f1057ad414,364175,0.9790114757398832
p000560_a000039_000096_c05_l1,TRAIN,p000560,p000560_a000039,000096,5,300,5,850,1,samples/p000560_a000039_000096_c05_l1.npz,e5adb132bf93342091019372d66762d972c45e8b2fd37634b0e2c61a80f95683,362000,0.979313468894705
p000560_a000039_000096_c06_l0,TRAIN,p000560,p000560_a000039,000096,6,0,25,650,0,samples/p000560_a000039_000096_c06_l0.npz,985da276c8e5262960d6c4a2427e23b4822759a37f276cb4028a85c726f593c5,412071,0.9805605786618445
p000560_a000039_000096_c06_l1,TRAIN,p000560,p000560_a000039,000096,6,0,25,650,1,samples/p000560_a000039_000096_c06_l1.npz,a279922387451a0d2f350f9761d8ebe4f320e373f3e0e2efc476197097072c0b,407626,0.9813140446051839
p000560_a000039_000096_c07_l0,TRAIN,p000560,p000560_a000039,000096,7,60,25,850,0,samples/p000560_a000039_000096_c07_l0.npz,4428300ef6699751ca6087b0a1e428a394036cd14f7db876faa1465270c3616c,390397,0.9803023914222034
p000560_a000039_000096_c07_l1,TRAIN,p000560,p000560_a000039,000096,7,60,25,850,1,samples/p000560_a000039_000096_c07_l1.npz,649756935997ee3ca90cc5d2a57cb0fc71ac699118963e4c4c126a4a78833052,387070,0.9803626287573037
p000560_a000039_000096_c08_l0,TRAIN,p000560,p000560_a000039,000096,8,120,25,650,0,samples/p000560_a000039_000096_c08_l0.npz,64ba87b5a876eadc347da5db91b46f3dd66d959b3c40e84e601e1c6521ad887a,432446,0.9807523633174154
p000560_a000039_000096_c08_l1,TRAIN,p000560,p000560_a000039,000096,8,120,25,650,1,samples/p000560_a000039_000096_c08_l1.npz,7d0b7a0ef4f90b79574612e3f4328ab59818a75dd441f420546878f6d29e82f4,429944,0.9791443329110223
p000560_a000039_000096_c09_l0,TRAIN,p000560,p000560_a000039,000096,9,180,25,850,0,samples/p000560_a000039_000096_c09_l0.npz,afe0105e42b12b949b1efad568f76749c78b337624d51acb0307fa95f23af49f,455366,0.9794506612410987
p000560_a000039_000096_c09_l1,TRAIN,p000560,p000560_a000039,000096,9,180,25,850,1,samples/p000560_a000039_000096_c09_l1.npz,d502724c1e3aee9ab8a9daa4a306d68b5c5413ec2d4953aae75d55c45316c694,453667,0.9822990844354018
p000560_a000039_000096_c10_l0,TRAIN,p000560,p000560_a000039,000096,10,240,25,650,0,samples/p000560_a000039_000096_c10_l0.npz,62e78b6054a5ce2be2581ca473ba3f98d01ac62e28393710942c0349697b8f9b,426253,0.9793009669621273
p000560_a000039_000096_c10_l1,TRAIN,p000560,p000560_a000039,000096,10,240,25,650,1,samples/p000560_a000039_000096_c10_l1.npz,1d6bba4d01a03a6b456dca0c7057f78154353a8aeada2281d4c37742f2345964,422072,0.9814161966156325
p000560_a000039_000096_c11_l0,TRAIN,p000560,p000560_a000039,000096,11,300,25,850,0,samples/p000560_a000039_000096_c11_l0.npz,9a2753a2c0b54abfc6dd2e2741dcf43120e5d87316b6fbb9a650e0ebdfc3abef,397577,0.9799988438638072
p000560_a000039_000096_c11_l1,TRAIN,p000560,p000560_a000039,000096,11,300,25,850,1,samples/p000560_a000039_000096_c11_l1.npz,7934fe03ff66a7ae15237f1a9c0412ebe462f7fcbb72eb33450a896ec9c5759a,395696,0.9799988438638072
p000560_a000039_000378_c00_l0,TRAIN,p000560,p000560_a000039,000378,0,0,5,650,0,samples/p000560_a000039_000378_c00_l0.npz,a1ea3d93b818c579f202bf143067ad6f8a1d5518e26c1a7b66ce8dc02da08db6,401273,0.9795505885150398
p000560_a000039_000378_c00_l1,TRAIN,p000560,p000560_a000039,000378,0,0,5,650,1,samples/p000560_a000039_000378_c00_l1.npz,467c88eecafebada2c17d0c7f9bc11c5652cb14fca42d065f28411a33e3c7ae0,399291,0.9820869496294535
p000560_a000039_000378_c01_l0,TRAIN,p000560,p000560_a000039,000378,1,60,5,850,0,samples/p000560_a000039_000378_c01_l0.npz,948e1149f92ac62d1002f219890bb4b5b4bf7da692f03249c2baf70af92c4287,421177,0.9795220501532899
p000560_a000039_000378_c01_l1,TRAIN,p000560,p000560_a000039,000378,1,60,5,850,1,samples/p000560_a000039_000378_c01_l1.npz,20eb805ebfab72d1307215c36d2569215bb6d9a06ad2e0ed7435cd6429cfa7e5,419614,0.9798364908419149
p000560_a000039_000378_c02_l0,TRAIN,p000560,p000560_a000039,000378,2,120,5,650,0,samples/p000560_a000039_000378_c02_l0.npz,9994f60a1fc3e972c6d6733274b80bec0fcaff8b1d6acb4843c0333610a61fe5,421693,0.9802884802301621
p000560_a000039_000378_c02_l1,TRAIN,p000560,p000560_a000039,000378,2,120,5,650,1,samples/p000560_a000039_000378_c02_l1.npz,4017c2645fefa1e8f05562e81f58cf095a76ba975383d8a051bd4733a17b6762,421320,0.9813382061350647
p000560_a000039_000378_c03_l0,TRAIN,p000560,p000560_a000039,000378,3,180,5,850,0,samples/p000560_a000039_000378_c03_l0.npz,e98e86536547fed7b076c81a1fb72037d1b6e967579fd7be74cd787a0206f68d,423130,0.9825414781297134
p000560_a000039_000378_c03_l1,TRAIN,p000560,p000560_a000039,000378,3,180,5,850,1,samples/p000560_a000039_000378_c03_l1.npz,2e63262314e95052e4f134aa6ad6d194f374c33cc3be67f3f7c349622827691e,419676,0.9812594268476621
p000560_a000039_000378_c04_l0,TRAIN,p000560,p000560_a000039,000378,4,240,5,650,0,samples/p000560_a000039_000378_c04_l0.npz,7e0e6c773f1668a00ad621707d8e455a1c3a3fe898c93ea45c9891f9261bab99,422894,0.9803974952355023
p000560_a000039_000378_c04_l1,TRAIN,p000560,p000560_a000039,000378,4,240,5,650,1,samples/p000560_a000039_000378_c04_l1.npz,0c260d103d67209e22bb8f016677a577e1b5f1369e36a13f9ec17b4ff9cee255,420784,0.9795418303449885
p000560_a000039_000378_c05_l0,TRAIN,p000560,p000560_a000039,000378,5,300,5,850,0,samples/p000560_a000039_000378_c05_l0.npz,852f93fa378c33195d92179e1ef53bdc61c8e869fed6b6ccc99d2a15ed5e4aa9,421401,0.9813432835820896
p000560_a000039_000378_c05_l1,TRAIN,p000560,p000560_a000039,000378,5,300,5,850,1,samples/p000560_a000039_000378_c05_l1.npz,58eaf751300de4c3e8f634fa941b2d508164b6094e6e59ffee7a9a9b96412557,417615,0.9818538884524745
p000560_a000039_000378_c06_l0,TRAIN,p000560,p000560_a000039,000378,6,0,25,650,0,samples/p000560_a000039_000378_c06_l0.npz,84a5e1169f2e637c8621e6b789aff27c10801dad2b99c1fe111e24ea562d1d8c,441916,0.9797558538598549
p000560_a000039_000378_c06_l1,TRAIN,p000560,p000560_a000039,000378,6,0,25,650,1,samples/p000560_a000039_000378_c06_l1.npz,c57a4d1f65b6556d904ff2effbd1ba2aecf6cf8633e55aaae12df1d042f77716,438024,0.9794083148703245
p000560_a000039_000378_c07_l0,TRAIN,p000560,p000560_a000039,000378,7,60,25,850,0,samples/p000560_a000039_000378_c07_l0.npz,a88df26255d9b2bfeba6c97db6dfd6ec9059536af34ea975ca4e4214964b92ba,464582,0.9780810234541578
p000560_a000039_000378_c07_l1,TRAIN,p000560,p000560_a000039,000378,7,60,25,850,1,samples/p000560_a000039_000378_c07_l1.npz,7109f7db16f1d239f21475be017bd158b192a6135131f73032a794efa4bdbdc5,461253,0.9820042643923241
p000560_a000039_000378_c08_l0,TRAIN,p000560,p000560_a000039,000378,8,120,25,650,0,samples/p000560_a000039_000378_c08_l0.npz,a96489a8b66d2eca443cf7166ad499e78a97f08bae725ab2ffece1f622024532,477179,0.9810357403355215
p000560_a000039_000378_c08_l1,TRAIN,p000560,p000560_a000039,000378,8,120,25,650,1,samples/p000560_a000039_000378_c08_l1.npz,14d6e1e0e0b8a390aa0d707051e99ffcb09358558236516510729b3e49ac10f6,475429,0.9801037361212416
p000560_a000039_000378_c09_l0,TRAIN,p000560,p000560_a000039,000378,9,180,25,850,0,samples/p000560_a000039_000378_c09_l0.npz,8bc70e522efde8481343df4370cba52b75dd497f0eb047fde579496126861d1f,469878,0.982402565179219
p000560_a000039_000378_c09_l1,TRAIN,p000560,p000560_a000039,000378,9,180,25,850,1,samples/p000560_a000039_000378_c09_l1.npz,94923e15eb3e4076b69392680352912eab7c2ce259ee362fc2d2129ca1e6c614,466960,0.982975149826316
p000560_a000039_000378_c10_l0,TRAIN,p000560,p000560_a000039,000378,10,240,25,650,0,samples/p000560_a000039_000378_c10_l0.npz,4da66e6d6e5b903e30fc587edbd7c3b5935fb05e10aaefc6f015fb7a1835144b,482018,0.9798665809355409
p000560_a000039_000378_c10_l1,TRAIN,p000560,p000560_a000039,000378,10,240,25,650,1,samples/p000560_a000039_000378_c10_l1.npz,634f6c55d1ec3f40f6867ba6adadcea15e55065374327ebf1cab5ffff7fb3abd,476359,0.9788619193055779
p000560_a000039_000378_c11_l0,TRAIN,p000560,p000560_a000039,000378,11,300,25,850,0,samples/p000560_a000039_000378_c11_l0.npz,f9218f12250863cc6cea387ada3098c4b2100556e6c4a45388b39c88ba95662a,462489,0.9802381663750054
p000560_a000039_000378_c11_l1,TRAIN,p000560,p000560_a000039,000378,11,300,25,850,1,samples/p000560_a000039_000378_c11_l1.npz,ae91ecdc66e4a75d75454fc679d0e85e350cb1a6ebf0df947adfef93077e696d,460441,0.9810918092961715
p000560_a000048_000030_c00_l0,TRAIN,p000560,p000560_a000048,000030,0,0,5,650,0,samples/p000560_a000048_000030_c00_l0.npz,895f568814b6880ba1530dbdecaf9063c1d36583ac3081d026c5f122e3c2b856,380762,0.9794051316965235
p000560_a000048_000030_c00_l1,TRAIN,p000560,p000560_a000048,000030,0,0,5,650,1,samples/p000560_a000048_000030_c00_l1.npz,5cc8e4906ac8bac475fe87767c1f82d4577834801fd110088b470659a6d30823,379163,0.9798731968852389
p000560_a000048_000030_c01_l0,TRAIN,p000560,p000560_a000048,000030,1,60,5,850,0,samples/p000560_a000048_000030_c01_l0.npz,1412c5b761026a8d351110ace93e54af94d4b96fa82f2b91a6e685d31e61d7b9,394315,0.9784095166729112
p000560_a000048_000030_c01_l1,TRAIN,p000560,p000560_a000048,000030,1,60,5,850,1,samples/p000560_a000048_000030_c01_l1.npz,719852a7d87f43c77bb52bbd5c81d754e9b91284f9c706897118f12f49712cbd,391720,0.979486699138254
p000560_a000048_000030_c02_l0,TRAIN,p000560,p000560_a000048,000030,2,120,5,650,0,samples/p000560_a000048_000030_c02_l0.npz,b465dda163cb2b6e103c73217b616d6abd57a2c0c5ae625072b0c715927feb9f,377464,0.979296472550655
p000560_a000048_000030_c02_l1,TRAIN,p000560,p000560_a000048,000030,2,120,5,650,1,samples/p000560_a000048_000030_c02_l1.npz,fa297c0897c7d765ba2b8ec5e225acdf3490a19ec2a5a5fbd11ad6c272014d78,376604,0.9788549281263799
p000560_a000048_000030_c03_l0,TRAIN,p000560,p000560_a000048,000030,3,180,5,850,0,samples/p000560_a000048_000030_c03_l0.npz,1fac09fb89a83c701379cd198f382cb92aa0afbbbc4be0ec9b193541536d4f30,397074,0.9778284293410692
p000560_a000048_000030_c03_l1,TRAIN,p000560,p000560_a000048,000030,3,180,5,850,1,samples/p000560_a000048_000030_c03_l1.npz,7c9b244e62d4f636acb4f441c477be1bd2d8410a16b2e683291332eea94c1320,394704,0.9808951512639867
p000560_a000048_000030_c04_l0,TRAIN,p000560,p000560_a000048,000030,4,240,5,650,0,samples/p000560_a000048_000030_c04_l0.npz,c344055780bd85501c1650f9761940be90f4869268ff1fd7fe17a4979fb5f518,374452,0.9784104976479326
p000560_a000048_000030_c04_l1,TRAIN,p000560,p000560_a000048,000030,4,240,5,650,1,samples/p000560_a000048_000030_c04_l1.npz,8ba5536e8dbefbbd757e3346e6f2587988e7762af7549cedd61cb8187283dcc2,371703,0.9781133944045556
p000560_a000048_000030_c05_l0,TRAIN,p000560,p000560_a000048,000030,5,300,5,850,0,samples/p000560_a000048_000030_c05_l0.npz,610c648d7f18e1da0fd6973d11bff1bd4fac21ac26575f62c3da547bcc494238,377796,0.9781573079262113
p000560_a000048_000030_c05_l1,TRAIN,p000560,p000560_a000048,000030,5,300,5,850,1,samples/p000560_a000048_000030_c05_l1.npz,76c05d5aaeeafca688597d50a684c651f1a9cfb8c82ad24b11c8720a2e43ed8f,375850,0.9788668153253598
p000560_a000048_000030_c06_l0,TRAIN,p000560,p000560_a000048,000030,6,0,25,650,0,samples/p000560_a000048_000030_c06_l0.npz,1608b2644b86eeaae59830146629d9c1a0e132c637799d27b3a6d5bc6800e909,417241,0.980415255485201
p000560_a000048_000030_c06_l1,TRAIN,p000560,p000560_a000048,000030,6,0,25,650,1,samples/p000560_a000048_000030_c06_l1.npz,ae4ac574c35cadb147df104469239c18777a670c5a55eea1711d2828d22b5eea,413281,0.9799244097580131
p000560_a000048_000030_c07_l0,TRAIN,p000560,p000560_a000048,000030,7,60,25,850,0,samples/p000560_a000048_000030_c07_l0.npz,39a9435fe656deafd5743805001eced50513bf46954cbfb6558a45ee7dc10208,409481,0.9820911820911821
p000560_a000048_000030_c07_l1,TRAIN,p000560,p000560_a000048,000030,7,60,25,850,1,samples/p000560_a000048_000030_c07_l1.npz,0d6094342d874b4110e35ad9e6105b91a980f15978ff30e8cafb35bce24a98f6,406239,0.9802893802893803
p000560_a000048_000030_c08_l0,TRAIN,p000560,p000560_a000048,000030,8,120,25,650,0,samples/p000560_a000048_000030_c08_l0.npz,1e6e55a4d8051bab349e47b28c7263bad53bb4074ee1bf4e6cc28d9f8da13272,455203,0.9783730531056484
p000560_a000048_000030_c08_l1,TRAIN,p000560,p000560_a000048,000030,8,120,25,650,1,samples/p000560_a000048_000030_c08_l1.npz,a79fe15801e1c11ce0e9253ee5b0f62c8bd69046ba84462e8f6c5bee73ddc184,451883,0.9799680990805029
p000560_a000048_000030_c09_l0,TRAIN,p000560,p000560_a000048,000030,9,180,25,850,0,samples/p000560_a000048_000030_c09_l0.npz,44334e119038a90752634f7a1527a7ba15897764daa8167da8d1aafe3b13fdda,456137,0.9813771330376054
p000560_a000048_000030_c09_l1,TRAIN,p000560,p000560_a000048,000030,9,180,25,850,1,samples/p000560_a000048_000030_c09_l1.npz,9afe92585ac645e20e340ca2ff27624442653d2c903e2a13e6d615dd0a92b4b5,453911,0.9810973904008312
p000560_a000048_000030_c10_l0,TRAIN,p000560,p000560_a000048,000030,10,240,25,650,0,samples/p000560_a000048_000030_c10_l0.npz,5670a56ebade4920e08623e979e105931d7130098c157170bbe498be974c6338,450780,0.9802983932670237
p000560_a000048_000030_c10_l1,TRAIN,p000560,p000560_a000048,000030,10,240,25,650,1,samples/p000560_a000048_000030_c10_l1.npz,31297b57f63a58a9463450a8c6312f6e2b95111a10b4e0afd266b8c08959fd98,446489,0.9782421576128538
p000560_a000048_000030_c11_l0,TRAIN,p000560,p000560_a000048,000030,11,300,25,850,0,samples/p000560_a000048_000030_c11_l0.npz,11e5d618affa8da1c55bff75e5c57c27af019cff9a96d7b5c5514a5b7634ca01,387634,0.9811320754716981
p000560_a000048_000030_c11_l1,TRAIN,p000560,p000560_a000048,000030,11,300,25,850,1,samples/p000560_a000048_000030_c11_l1.npz,68405cbd1cdf7ac62bffb9d1faccf3739c6c1cac0d45a82792eab7cc11aadb0e,385224,0.981254993546801
p000560_a000048_000120_c00_l0,TRAIN,p000560,p000560_a000048,000120,0,0,5,650,0,samples/p000560_a000048_000120_c00_l0.npz,436b7c4a66e3e127a8b3011ccf35e4c5a440abaa75074e9174b07c486c1ca674,371783,0.9791813070976809
p000560_a000048_000120_c00_l1,TRAIN,p000560,p000560_a000048,000120,0,0,5,650,1,samples/p000560_a000048_000120_c00_l1.npz,8026ff9280dff50faef0d9f9c48acbd06586cfe8dfd1e7adcc4b23086fbf7e95,371844,0.9794009135628953
p000560_a000048_000120_c01_l0,TRAIN,p000560,p000560_a000048,000120,1,60,5,850,0,samples/p000560_a000048_000120_c01_l0.npz,7a29bd4fe217c973ea51b312d9a78934c19e4520dff974aa7c8a83c58eeadabd,361603,0.9803131053981884
p000560_a000048_000120_c01_l1,TRAIN,p000560,p000560_a000048,000120,1,60,5,850,1,samples/p000560_a000048_000120_c01_l1.npz,50ac0fdc52f2a85a717c8c9a9be6fd8af64504af144b764973fa5c0ef55e1274,359180,0.9779046023352008
p000560_a000048_000120_c02_l0,TRAIN,p000560,p000560_a000048,000120,2,120,5,650,0,samples/p000560_a000048_000120_c02_l0.npz,0972ca29f36f9745a00094379e37f0aac73d2b2933ead41e31ffe4028e0c80bd,348209,0.9784766365562618
p000560_a000048_000120_c02_l1,TRAIN,p000560,p000560_a000048,000120,2,120,5,650,1,samples/p000560_a000048_000120_c02_l1.npz,dd5397cbc758d609c247ddee6dc2a75d667452b723baa5e1ba5699d38bc4f4de,346140,0.9775844764135162
p000560_a000048_000120_c03_l0,TRAIN,p000560,p000560_a000048,000120,3,180,5,850,0,samples/p000560_a000048_000120_c03_l0.npz,5cc2a1c1f4f14bafa0be19bb6a0b87891b50c1143059f021c2d1cab4c65e4d83,383080,0.9788683199441146
p000560_a000048_000120_c03_l1,TRAIN,p000560,p000560_a000048,000120,3,180,5,850,1,samples/p000560_a000048_000120_c03_l1.npz,13d51439aa79b07c13f28387bc17363134df5e4fd7793e9c92137ff06674d428,379875,0.9788683199441146
p000560_a000048_000120_c04_l0,TRAIN,p000560,p000560_a000048,000120,4,240,5,650,0,samples/p000560_a000048_000120_c04_l0.npz,44c3c09847912bc68c1bfc9062d785ea03bfdb04b665100b1a42d2cdc7ec4873,362490,0.9775814866470376
p000560_a000048_000120_c04_l1,TRAIN,p000560,p000560_a000048,000120,4,240,5,650,1,samples/p000560_a000048_000120_c04_l1.npz,207133393ba9250ff607f2680b858d979074b0bb9a9fe4dd16ccbee04e64e38b,360637,0.9790794979079498
p000560_a000048_000120_c05_l0,TRAIN,p000560,p000560_a000048,000120,5,300,5,850,0,samples/p000560_a000048_000120_c05_l0.npz,3feac341c6670fea9f1f0a7d9c31bfb4d3b078143f5fb97a967a7ad6a884c5a8,353724,0.9788388497015735
p000560_a000048_000120_c05_l1,TRAIN,p000560,p000560_a000048,000120,5,300,5,850,1,samples/p000560_a000048_000120_c05_l1.npz,817e1546a27e2a57f17ff3c301e6d30fdbeb7fa005758e7bc4f5a1071b04a40a,351823,0.9784590341833966
p000560_a000048_000120_c06_l0,TRAIN,p000560,p000560_a000048,000120,6,0,25,650,0,samples/p000560_a000048_000120_c06_l0.npz,c4f3c7a3f2888d156ee40d67c424544a693d40cc1eb274a86269ea05bb1c393a,409393,0.9778547065112254
p000560_a000048_000120_c06_l1,TRAIN,p000560,p000560_a000048,000120,6,0,25,650,1,samples/p000560_a000048_000120_c06_l1.npz,c273354335704000fc6d973e2e24e3edf555dd07d1398576d266839c9f95db52,405820,0.9795346942931324
p000560_a000048_000120_c07_l0,TRAIN,p000560,p000560_a000048,000120,7,60,25,850,0,samples/p000560_a000048_000120_c07_l0.npz,9743f55d8bc05063f668264c8c9a5f984bda867c6b0fb53bdda8ad1c6dfd936a,396241,0.9788671827005775
p000560_a000048_000120_c07_l1,TRAIN,p000560,p000560_a000048,000120,7,60,25,850,1,samples/p000560_a000048_000120_c07_l1.npz,e504c5abce1c42d658a6c7a84f956c94a8f0cad777c6d150a2dbb23748d3e727,393274,0.9782528566162919
p000560_a000048_000120_c08_l0,TRAIN,p000560,p000560_a000048,000120,8,120,25,650,0,samples/p000560_a000048_000120_c08_l0.npz,08c8bd5844cf7057b6c4a92132e137175b5c312b626fbc67e84aaae548fd34d5,420707,0.9790209790209791
p000560_a000048_000120_c08_l1,TRAIN,p000560,p000560_a000048,000120,8,120,25,650,1,samples/p000560_a000048_000120_c08_l1.npz,2aa79309d0a44329c2c639aac341ab85fce9a0f443704d6b39759b7d71a0cfeb,417674,0.979815638906548
p000560_a000048_000120_c09_l0,TRAIN,p000560,p000560_a000048,000120,9,180,25,850,0,samples/p000560_a000048_000120_c09_l0.npz,b819bd626799e90611ba5bbd1870527a2530484c19902f7fde2452064c1d9e1f,443930,0.9793410804281728
p000560_a000048_000120_c09_l1,TRAIN,p000560,p000560_a000048,000120,9,180,25,850,1,samples/p000560_a000048_000120_c09_l1.npz,d7f9576b36d894c586cb2751b6efda982981d84c7583b3819395bef616d969c3,441035,0.9802574034736974
p000560_a000048_000120_c10_l0,TRAIN,p000560,p000560_a000048,000120,10,240,25,650,0,samples/p000560_a000048_000120_c10_l0.npz,1c24ef31d17e28d7ef4bd3e71a58fda1f57b0c897674e86bf3e9b07176e19144,438166,0.9770865021343408
p000560_a000048_000120_c10_l1,TRAIN,p000560,p000560_a000048,000120,10,240,25,650,1,samples/p000560_a000048_000120_c10_l1.npz,6439354c1a03d9130988963ae4928fc3e2689e12634dd5258efce3062943ebc3,433340,0.9777734164172514
p000560_a000048_000120_c11_l0,TRAIN,p000560,p000560_a000048,000120,11,300,25,850,0,samples/p000560_a000048_000120_c11_l0.npz,dbc7d8ad287337665d0ac08245ffae56d5939013d66c08bccfac3834f74d1a18,384967,0.9786232594626397
p000560_a000048_000120_c11_l1,TRAIN,p000560,p000560_a000048,000120,11,300,25,850,1,samples/p000560_a000048_000120_c11_l1.npz,5d323d1bb75d4e060877264533714f953ebea18ace46f2513cea365ced4d51b7,383173,0.9799307053670654
p000587_a000040_000018_c00_l0,TRAIN,p000587,p000587_a000040,000018,0,0,5,650,0,samples/p000587_a000040_000018_c00_l0.npz,72d3598fa48ee6489d1192175e1c2111c5188e85c331000c8dfc5ddbcd99039f,355988,0.9808282922289437
p000587_a000040_000018_c00_l1,TRAIN,p000587,p000587_a000040,000018,0,0,5,650,1,samples/p000587_a000040_000018_c00_l1.npz,a3dbfedf16b2189e38fcb27b2078bdd1869bff17799df7e9601ee3330af331cb,354135,0.9811540251279665
p000587_a000040_000018_c01_l0,TRAIN,p000587,p000587_a000040,000018,1,60,5,850,0,samples/p000587_a000040_000018_c01_l0.npz,9a7e3f530eb1409ce1a8c920f9dfc54756c445711c6d98eab0fb6dfd46e83794,372445,0.9787659709907698
p000587_a000040_000018_c01_l1,TRAIN,p000587,p000587_a000040,000018,1,60,5,850,1,samples/p000587_a000040_000018_c01_l1.npz,41d0aee97ff31683dd3e30bb8ddc8c84a15c6e067632109bdd5c388e65291c69,369641,0.9801300413768017
p000587_a000040_000018_c02_l0,TRAIN,p000587,p000587_a000040,000018,2,120,5,650,0,samples/p000587_a000040_000018_c02_l0.npz,caddee8b5b6ea7da603c37c14f13b72e87cc54c75190030bfa182844cab5109c,344739,0.9801146634987862
p000587_a000040_000018_c02_l1,TRAIN,p000587,p000587_a000040,000018,2,120,5,650,1,samples/p000587_a000040_000018_c02_l1.npz,d0e3559abf81553c04b1cb2cee4cbc5223872202ab7454431058a24f866a1fa2,343039,0.9777904033882547
p000587_a000040_000018_c03_l0,TRAIN,p000587,p000587_a000040,000018,3,180,5,850,0,samples/p000587_a000040_000018_c03_l0.npz,b5d14bfd92a167e681aa4eca8db498eec988976b8b0231fd4d45ce7784619b19,370726,0.9811764705882353
p000587_a000040_000018_c03_l1,TRAIN,p000587,p000587_a000040,000018,3,180,5,850,1,samples/p000587_a000040_000018_c03_l1.npz,803e4bb1ffbfc1be5765cc24f8c049b9a4ecc1c497e03e35e52f68a8d99ce0ea,367968,0.9835294117647059
p000587_a000040_000018_c04_l0,TRAIN,p000587,p000587_a000040,000018,4,240,5,650,0,samples/p000587_a000040_000018_c04_l0.npz,573db3702713f006a9af84bad24578f42561bad47bee9581e5cb4b354c325dd5,363023,0.9805289024104844
p000587_a000040_000018_c04_l1,TRAIN,p000587,p000587_a000040,000018,4,240,5,650,1,samples/p000587_a000040_000018_c04_l1.npz,6f5365eac09f847505558acebe611307aef326a467e8c90405d06a3e71fa2e4e,360425,0.9797332085186052
p000587_a000040_000018_c05_l0,TRAIN,p000587,p000587_a000040,000018,5,300,5,850,0,samples/p000587_a000040_000018_c05_l0.npz,09265873aa0d0fc6f52b03e47a5692f59056753d474a0ad1e7880296f77ed8a7,371186,0.9790054224405617
p000587_a000040_000018_c05_l1,TRAIN,p000587,p000587_a000040,000018,5,300,5,850,1,samples/p000587_a000040_000018_c05_l1.npz,8f2e20f88d7d7d1b8e5c42b8edb9196962c43e5c5918cd1ecec1b1a58620150c,366832,0.9799786810029197
p000587_a000040_000018_c06_l0,TRAIN,p000587,p000587_a000040,000018,6,0,25,650,0,samples/p000587_a000040_000018_c06_l0.npz,27db5ba11db69a1bedd90839d348b1c56d95e8b6a1f39172fed475dca58cfd3a,405088,0.9808939793229272
p000587_a000040_000018_c06_l1,TRAIN,p000587,p000587_a000040,000018,6,0,25,650,1,samples/p000587_a000040_000018_c06_l1.npz,c00b8a1738aadbb88a6f8766c8be34fbb5d83fd5553bebf0c1cb1264c2c0a3d5,400765,0.9808939793229272
p000587_a000040_000018_c07_l0,TRAIN,p000587,p000587_a000040,000018,7,60,25,850,0,samples/p000587_a000040_000018_c07_l0.npz,97130ce169c5f2c804760a248d5758cc851b1c27715b9e6a57ca26fe55b81b00,423730,0.9788810314138644
p000587_a000040_000018_c07_l1,TRAIN,p000587,p000587_a000040,000018,7,60,25,850,1,samples/p000587_a000040_000018_c07_l1.npz,e512316a902aa488210f9c221d1dbec735847f2d8fbef8b87b3be962e7b1faab,419383,0.9811420599413094
p000587_a000040_000018_c08_l0,TRAIN,p000587,p000587_a000040,000018,8,120,25,650,0,samples/p000587_a000040_000018_c08_l0.npz,410d098cdaf22780f65fff82d9db5f44cb39b4fe3e7a8c6c7e1c86aa01b29a61,415875,0.9792104157916842
p000587_a000040_000018_c08_l1,TRAIN,p000587,p000587_a000040,000018,8,120,25,650,1,samples/p000587_a000040_000018_c08_l1.npz,dc681ad92af10a9eeebcc37c78996375062bb1bee07e7ec8fe7ebf29ece59097,413532,0.9786329273414531
p000587_a000040_000018_c09_l0,TRAIN,p000587,p000587_a000040,000018,9,180,25,850,0,samples/p000587_a000040_000018_c09_l0.npz,874c65c8b7f728263ec47f96dae1934d707ef92fd30ba293e1c70ea7e42568fb,420703,0.9805129147899623
p000587_a000040_000018_c09_l1,TRAIN,p000587,p000587_a000040,000018,9,180,25,850,1,samples/p000587_a000040_000018_c09_l1.npz,fd21403ab5507fc889729babe522ec7750fb89590751ff37721b385bbc52e93f,417942,0.9820295983086681
p000587_a000040_000018_c10_l0,TRAIN,p000587,p000587_a000040,000018,10,240,25,650,0,samples/p000587_a000040_000018_c10_l0.npz,4f7fef26411526c283f847a436f18930de002a4b2fa7e4923eb08f8afbaf6710,428822,0.9808087731322824
p000587_a000040_000018_c10_l1,TRAIN,p000587,p000587_a000040,000018,10,240,25,650,1,samples/p000587_a000040_000018_c10_l1.npz,d2228be0232ac89b2a68a4e076f055f3047a031ffdac166fab2632b4a4db64d2,423494,0.9818368745716244
p000587_a000040_000018_c11_l0,TRAIN,p000587,p000587_a000040,000018,11,300,25,850,0,samples/p000587_a000040_000018_c11_l0.npz,1492b2edc1c595669f8331a27ff19cccbc3bc95feb2ddf835fc91d60b92916f2,414778,0.9805268595041322
p000587_a000040_000018_c11_l1,TRAIN,p000587,p000587_a000040,000018,11,300,25,850,1,samples/p000587_a000040_000018_c11_l1.npz,20f6fe93f3deb85f282d891060608a5997618f911caccfbc225c788032c97cf3,411358,0.9808367768595041
p000587_a000040_000060_c00_l0,TRAIN,p000587,p000587_a000040,000060,0,0,5,650,0,samples/p000587_a000040_000060_c00_l0.npz,047bc51ef863b01a2c8f3bd9cc44f8a886d632f6f95f3f6ec64d3bb4bf907cfb,336853,0.9826536822884967
p000587_a000040_000060_c00_l1,TRAIN,p000587,p000587_a000040,000060,0,0,5,650,1,samples/p000587_a000040_000060_c00_l1.npz,8e0fe09798fd62d943ca7a61b59a157c1493199e44989963d05b44bacb85e162,333945,0.9801683911543924
p000587_a000040_000060_c01_l0,TRAIN,p000587,p000587_a000040,000060,1,60,5,850,0,samples/p000587_a000040_000060_c01_l0.npz,13366520bb6a92b7dfca0c1f9bba32f88be266e48457e1bfcc16a001e92d122c,363212,0.9800756741223239
p000587_a000040_000060_c01_l1,TRAIN,p000587,p000587_a000040,000060,1,60,5,850,1,samples/p000587_a000040_000060_c01_l1.npz,a9f54573c4c5a1aa5449ac01310b290746b82c5fafc245c9a88da50bd319e505,362187,0.9797404090234206
p000587_a000040_000060_c02_l0,TRAIN,p000587,p000587_a000040,000060,2,120,5,650,0,samples/p000587_a000040_000060_c02_l0.npz,0cb5a787a03b1705549144b2cf5feffb6684fc0e7c2ee8def3a9d5f0f08f5ae2,357697,0.9809714095428381
p000587_a000040_000060_c02_l1,TRAIN,p000587,p000587_a000040,000060,2,120,5,650,1,samples/p000587_a000040_000060_c02_l1.npz,757a2a2b937486e1e5e58dc66950987461153926ae0e9aad3d1bcd8d5e8e4fe5,356479,0.980543266257552
p000587_a000040_000060_c03_l0,TRAIN,p000587,p000587_a000040,000060,3,180,5,850,0,samples/p000587_a000040_000060_c03_l0.npz,60198e74e3143f7ae0fecbe7903119b8afdb404d15627848eb8560881340e182,353578,0.9794486215538847
p000587_a000040_000060_c03_l1,TRAIN,p000587,p000587_a000040,000060,3,180,5,850,1,samples/p000587_a000040_000060_c03_l1.npz,a8a966b5a9bbfcd376ba319a9e8906d84e6695244c0b75faf9e067c65f760e38,349690,0.9795488721804512
p000587_a000040_000060_c04_l0,TRAIN,p000587,p000587_a000040,000060,4,240,5,650,0,samples/p000587_a000040_000060_c04_l0.npz,2da176e5193ff31e2e3d88c885a78acd8a69b8764db76143d3030f0b12d9a2fe,329808,0.9798164122981641
p000587_a000040_000060_c04_l1,TRAIN,p000587,p000587_a000040,000060,4,240,5,650,1,samples/p000587_a000040_000060_c04_l1.npz,38a244ec0d71ae5f56c8964d7c697c06a69e7b55217ba37f74e7ddf22cde420f,326810,0.982360097323601
p000587_a000040_000060_c05_l0,TRAIN,p000587,p000587_a000040,000060,5,300,5,850,0,samples/p000587_a000040_000060_c05_l0.npz,8603132aeb5cf71531f42b680a7a16c50b30ce227f2fb1e5c53d4a07084186a9,363532,0.9823271596210943
p000587_a000040_000060_c05_l1,TRAIN,p000587,p000587_a000040,000060,5,300,5,850,1,samples/p000587_a000040_000060_c05_l1.npz,b45a82a1e14e2e3950f60f456d132d78ad5b99a707c6aa75b98d69a34f986dac,361447,0.9786983363966256
p000587_a000040_000060_c06_l0,TRAIN,p000587,p000587_a000040,000060,6,0,25,650,0,samples/p000587_a000040_000060_c06_l0.npz,7ff5c610631692da03500b220326e598c4a42f7850c29da297870e798324e7df,386110,0.982516527345244
p000587_a000040_000060_c06_l1,TRAIN,p000587,p000587_a000040,000060,6,0,25,650,1,samples/p000587_a000040_000060_c06_l1.npz,544510ab9d7e3cbb3957b0ac135e0bbafa093d3f82bef6f919ec744a9171312b,381940,0.9830628858657051
p000587_a000040_000060_c07_l0,TRAIN,p000587,p000587_a000040,000060,7,60,25,850,0,samples/p000587_a000040_000060_c07_l0.npz,5a0d901e08b4e1e7614b45813baf70ad8eac2447e2f0c4319a4f778a6c067d0c,408073,0.9803767249068681
p000587_a000040_000060_c07_l1,TRAIN,p000587,p000587_a000040,000060,7,60,25,850,1,samples/p000587_a000040_000060_c07_l1.npz,e7fa0eb20412a62ab744093bb5a1d3209224f1b364e403e80bcf2cd34e00e45e,404858,0.9806915368067579
p000587_a000040_000060_c08_l0,TRAIN,p000587,p000587_a000040,000060,8,120,25,650,0,samples/p000587_a000040_000060_c08_l0.npz,f9f30251adafc0450ffbea2299db1ec3fc739abe514ac08f4d43d078de0a6bf0,418341,0.981245011971269
p000587_a000040_000060_c08_l1,TRAIN,p000587,p000587_a000040,000060,8,120,25,650,1,samples/p000587_a000040_000060_c08_l1.npz,2d2a8fb89d016fe43026be82382f7f57990b6bce2755a7d99b36626401250703,415651,0.9806464485235435
p000587_a000040_000060_c09_l0,TRAIN,p000587,p000587_a000040,000060,9,180,25,850,0,samples/p000587_a000040_000060_c09_l0.npz,90c80fed2d67a755bf045bbc86555e9fc94315630ffed8093e2ee7ddb2128ec4,405592,0.9796756008307783
p000587_a000040_000060_c09_l1,TRAIN,p000587,p000587_a000040,000060,9,180,25,850,1,samples/p000587_a000040_000060_c09_l1.npz,34e211fed1a33da65d82e3a2c112f10b88d4de683333c1c5ce176c0cd6b2629e,402062,0.9806646226881615
p000587_a000040_000060_c10_l0,TRAIN,p000587,p000587_a000040,000060,10,240,25,650,0,samples/p000587_a000040_000060_c10_l0.npz,b75b71b8b7baa7b490c3f37452c84f4d95cc30878aebaf753d46a0d2ed8bee8f,400297,0.9800880088008801
p000587_a000040_000060_c10_l1,TRAIN,p000587,p000587_a000040,000060,10,240,25,650,1,samples/p000587_a000040_000060_c10_l1.npz,692a34ec0b940d41e08616f98afd47b4c71b911218b7b0ab8c5d6ad27096bd53,393459,0.980913091309131
p000587_a000040_000060_c11_l0,TRAIN,p000587,p000587_a000040,000060,11,300,25,850,0,samples/p000587_a000040_000060_c11_l0.npz,dbd31a76eca1949fc167d632479de1913e2c08a8e33ea183c0840ceaa020edce,416791,0.9794574405346963
p000587_a000040_000060_c11_l1,TRAIN,p000587,p000587_a000040,000060,11,300,25,850,1,samples/p000587_a000040_000060_c11_l1.npz,05d8d984adc2ab9d18939a87b3d30bfaf7adc9dd9cea359694debdfebd29b493,414651,0.9787202673481423
p000587_a000226_000024_c00_l0,TRAIN,p000587,p000587_a000226,000024,0,0,5,650,0,samples/p000587_a000226_000024_c00_l0.npz,0e6cdf7c56105b67e8002439d9cc7a909b8871ebe31bfdc681b5e01075f5d59c,378176,0.980740989384467
p000587_a000226_000024_c00_l1,TRAIN,p000587,p000587_a000226,000024,0,0,5,650,1,samples/p000587_a000226_000024_c00_l1.npz,f36df1268a764eb43ef76f558c09543c903aadfaa5d19a2db1abbb96c4aa2f83,374974,0.9797339822934586
p000587_a000226_000024_c01_l0,TRAIN,p000587,p000587_a000226,000024,1,60,5,850,0,samples/p000587_a000226_000024_c01_l0.npz,df94dae2c7d274aa59767bc30c0c8de30530f22efd49915b5be8bf86432bc977,372535,0.9816339455351488
p000587_a000226_000024_c01_l1,TRAIN,p000587,p000587_a000226,000024,1,60,5,850,1,samples/p000587_a000226_000024_c01_l1.npz,f5dc37ba347c3cc10df724776e31467ff4e90c9e7fa74e542670817dbd00892a,369698,0.981536512885468
p000587_a000226_000024_c02_l0,TRAIN,p000587,p000587_a000226,000024,2,120,5,650,0,samples/p000587_a000226_000024_c02_l0.npz,c9e5d5a6245fde85d8d6fdd5ccbd959dc2f6291f432397e3e42700c3c55c7b39,362082,0.9817911924789708
p000587_a000226_000024_c02_l1,TRAIN,p000587,p000587_a000226,000024,2,120,5,650,1,samples/p000587_a000226_000024_c02_l1.npz,c561699d3246c4960741ebd0572b45457a9d28c1cafd35fb2c8628196bf97dfd,360214,0.9798119742701633
p000587_a000226_000024_c03_l0,TRAIN,p000587,p000587_a000226,000024,3,180,5,850,0,samples/p000587_a000226_000024_c03_l0.npz,9aac7e003ae67e6542bf01ecfd00e312a2bca9fed22acc4bb22ea636cf188ded,396562,0.9797697368421052
p000587_a000226_000024_c03_l1,TRAIN,p000587,p000587_a000226,000024,3,180,5,850,1,samples/p000587_a000226_000024_c03_l1.npz,cf654b85ac08cd3de45248af12975bf67336a8d6b914003e5e2adda17b879f75,392877,0.9793585526315789
p000587_a000226_000024_c04_l0,TRAIN,p000587,p000587_a000226,000024,4,240,5,650,0,samples/p000587_a000226_000024_c04_l0.npz,aea69f68fb7aebdd41dcf56e8d98d90ab6dd9c5c5d6b341710c6a05e912db1cd,362832,0.9804747509787403
p000587_a000226_000024_c04_l1,TRAIN,p000587,p000587_a000226,000024,4,240,5,650,1,samples/p000587_a000226_000024_c04_l1.npz,badf9f507d528a6a48274ee04f57c84080fd35513e925f90bcce16b5ec1f72ae,360148,0.98082164626592
p000587_a000226_000024_c05_l0,TRAIN,p000587,p000587_a000226,000024,5,300,5,850,0,samples/p000587_a000226_000024_c05_l0.npz,6c05849735ca2630ab68c95131d562adfdc03bae0eba53f8b3c8fb75be86758f,371891,0.9796416540545818
p000587_a000226_000024_c05_l1,TRAIN,p000587,p000587_a000226,000024,5,300,5,850,1,samples/p000587_a000226_000024_c05_l1.npz,e72c79d61198a74356da5e129b4bb90e1e0cf112cadcccfd294abb4125607559,369665,0.9811551042327784
p000587_a000226_000024_c06_l0,TRAIN,p000587,p000587_a000226,000024,6,0,25,650,0,samples/p000587_a000226_000024_c06_l0.npz,7201eb67175d45ccc45bd3ac92163cd1fbea4ab2c13a32f11f66edb4342108bf,410312,0.9794919944653093
p000587_a000226_000024_c06_l1,TRAIN,p000587,p000587_a000226,000024,6,0,25,650,1,samples/p000587_a000226_000024_c06_l1.npz,06e08b3789bca9a327a0c79ec63b0d6db9dc467660c9560f72235ed602c7a92b,405319,0.9802826645582131
p000587_a000226_000024_c07_l0,TRAIN,p000587,p000587_a000226,000024,7,60,25,850,0,samples/p000587_a000226_000024_c07_l0.npz,428c3bfa6490a004a5df521017127ffe6a55356db9bea9cb53a71ea540b0aa72,392390,0.9805047175173355
p000587_a000226_000024_c07_l1,TRAIN,p000587,p000587_a000226,000024,7,60,25,850,1,samples/p000587_a000226_000024_c07_l1.npz,2f913c53dbb3af1ffcb421a87ad825de905616a7403c44b1aa81a35af9314dde,387694,0.9818688189155393
p000587_a000226_000024_c08_l0,TRAIN,p000587,p000587_a000226,000024,8,120,25,650,0,samples/p000587_a000226_000024_c08_l0.npz,91f275e829c7c3ebef4b45e9ac753410ef1d8def35f5311d62b40e2217260c7f,436222,0.9797593772116066
p000587_a000226_000024_c08_l1,TRAIN,p000587,p000587_a000226,000024,8,120,25,650,1,samples/p000587_a000226_000024_c08_l1.npz,76492b2b300cc4674e2ad30364e2e8ab308cc63a6f70439bc6f15d2eb8ca2e48,433863,0.981174805378627
p000587_a000226_000024_c09_l0,TRAIN,p000587,p000587_a000226,000024,9,180,25,850,0,samples/p000587_a000226_000024_c09_l0.npz,738726d20902d9524cb28922a335952ef1d82340265e0b5617fd3e8d680cb5bc,460431,0.9791294209094442
p000587_a000226_000024_c09_l1,TRAIN,p000587,p000587_a000226,000024,9,180,25,850,1,samples/p000587_a000226_000024_c09_l1.npz,5e30d824d511cee6354187f44fb02a0df7e9fb9126e4fec926a85966c8165f8d,456822,0.9808394869801788
p000587_a000226_000024_c10_l0,TRAIN,p000587,p000587_a000226,000024,10,240,25,650,0,samples/p000587_a000226_000024_c10_l0.npz,7dd19881ceee250f5e647e093269362cf1d7b1182cf386a6563935ab876f0d0d,437016,0.9813249271624397
p000587_a000226_000024_c10_l1,TRAIN,p000587,p000587_a000226,000024,10,240,25,650,1,samples/p000587_a000226_000024_c10_l1.npz,a033b0370097a8b18b3640191ed7ace6c4a7603479d82be1f7e8c34558d2dfdc,430857,0.980608492143096
p000587_a000226_000024_c11_l0,TRAIN,p000587,p000587_a000226,000024,11,300,25,850,0,samples/p000587_a000226_000024_c11_l0.npz,a309b8f6857ac30f5ec28f3900aff05a477c25759e5d415f2a2b8b6d5cca40d9,389041,0.9814387825685958
p000587_a000226_000024_c11_l1,TRAIN,p000587,p000587_a000226,000024,11,300,25,850,1,samples/p000587_a000226_000024_c11_l1.npz,32c321dbd8e8315e15693b5fe67bb8d0f1be28ddeb99b8a20ded8d24001c666c,386509,0.9817846437629698
p000587_a000226_000096_c00_l0,TRAIN,p000587,p000587_a000226,000096,0,0,5,650,0,samples/p000587_a000226_000096_c00_l0.npz,2817a4a00418bd660009033bf34418c1290cd77071050e35e2fb1e7c2eac1230,375226,0.9818312722344571
p000587_a000226_000096_c00_l1,TRAIN,p000587,p000587_a000226,000096,0,0,5,650,1,samples/p000587_a000226_000096_c00_l1.npz,52a4ced9f6c37d945d10cf14713ae4dda52083920b937fc212f762891f3ef8e2,372762,0.9810689479925462
p000587_a000226_000096_c01_l0,TRAIN,p000587,p000587_a000226,000096,1,60,5,850,0,samples/p000587_a000226_000096_c01_l0.npz,e5d83ba7a83c3f32749d11122b7808390cd074ad549db3b0a38970965b0c7b3c,372533,0.9813052179430859
p000587_a000226_000096_c01_l1,TRAIN,p000587,p000587_a000226,000096,1,60,5,850,1,samples/p000587_a000226_000096_c01_l1.npz,5578741d0a84904c072b5fbc988abb25107cb58067b84706c92f1953816469fc,369875,0.9811587836188803
p000587_a000226_000096_c02_l0,TRAIN,p000587,p000587_a000226,000096,2,120,5,650,0,samples/p000587_a000226_000096_c02_l0.npz,b0430a05e249602efe995a02261648dab43c54e68e41b46af0d69c8e8c67c073,353925,0.9801995163240629
p000587_a000226_000096_c02_l1,TRAIN,p000587,p000587_a000226,000096,2,120,5,650,1,samples/p000587_a000226_000096_c02_l1.npz,365081010668f56fabdff9da6c4d244d997d1007a5b793ece42e237460f69022,351932,0.98105602579605
p000587_a000226_000096_c03_l0,TRAIN,p000587,p000587_a000226,000096,3,180,5,850,0,samples/p000587_a000226_000096_c03_l0.npz,6e9e5709506081de44f52c863eccff030b3de490cd0709a444a52ec116c75a91,393953,0.9810058187863674
p000587_a000226_000096_c03_l1,TRAIN,p000587,p000587_a000226,000096,3,180,5,850,1,samples/p000587_a000226_000096_c03_l1.npz,1bdbabec66133cbfd6e8141889c4003cc7553a37b558d27ea1bef32c70cd9f63,390416,0.9790523690773068
p000587_a000226_000096_c04_l0,TRAIN,p000587,p000587_a000226,000096,4,240,5,650,0,samples/p000587_a000226_000096_c04_l0.npz,a95af4d69aa8e4c55f3c7434a082f543d9af557411759e3244e9143dc7e3d77b,358751,0.9802677243430837
p000587_a000226_000096_c04_l1,TRAIN,p000587,p000587_a000226,000096,4,240,5,650,1,samples/p000587_a000226_000096_c04_l1.npz,4575bd9ddc2d4aee92d796387826f9cee24dcd1dfeb852fb71b8c356ce31805e,355456,0.9784828953891919
p000587_a000226_000096_c05_l0,TRAIN,p000587,p000587_a000226,000096,5,300,5,850,0,samples/p000587_a000226_000096_c05_l0.npz,9ca38bcf169abfc7cc6899cc18d479ce4e47597d5f7fce4a4d7e6edba701fddc,368457,0.9802507213212616
p000587_a000226_000096_c05_l1,TRAIN,p000587,p000587_a000226,000096,5,300,5,850,1,samples/p000587_a000226_000096_c05_l1.npz,7db02dbdf573d0a38dbd58b17329dc881e8d77b317d3e8e3f7f7260c7c7b2ca8,366184,0.9791563028554373
p000587_a000226_000096_c06_l0,TRAIN,p000587,p000587_a000226,000096,6,0,25,650,0,samples/p000587_a000226_000096_c06_l0.npz,c95035d758e86746b79374666d7600b076faeebcf2a0f9c96436ccad19454055,408160,0.9784817692767483
p000587_a000226_000096_c06_l1,TRAIN,p000587,p000587_a000226,000096,6,0,25,650,1,samples/p000587_a000226_000096_c06_l1.npz,f2c977e80e3e8586ea394be2a048ae5babe0ad417e7672ea75246856db09499a,403053,0.9812213588364216
p000587_a000226_000096_c07_l0,TRAIN,p000587,p000587_a000226,000096,7,60,25,850,0,samples/p000587_a000226_000096_c07_l0.npz,f9f32b852f37e886b140d3f73d82c50c7ce6921016342ff04de46bea14f38883,391120,0.9801419251459311
p000587_a000226_000096_c07_l1,TRAIN,p000587,p000587_a000226,000096,7,60,25,850,1,samples/p000587_a000226_000096_c07_l1.npz,8f830504ce9c222d4fa056eadb818f62a4128b9a6ab68ec7c81232f77c117f6e,386625,0.9814581664186792
p000587_a000226_000096_c08_l0,TRAIN,p000587,p000587_a000226,000096,8,120,25,650,0,samples/p000587_a000226_000096_c08_l0.npz,c6fd7deee602ce8be7606500afc10815d27f8be5f24c0a6027953a7a096f649e,436221,0.9806946061311602
p000587_a000226_000096_c08_l1,TRAIN,p000587,p000587_a000226,000096,8,120,25,650,1,samples/p000587_a000226_000096_c08_l1.npz,1d651080ab3cbb2fef757dbfc86ef8ee9ac0dc8e8df91cc67e12f3594b0a0c66,433156,0.9796759798214979
p000587_a000226_000096_c09_l0,TRAIN,p000587,p000587_a000226,000096,9,180,25,850,0,samples/p000587_a000226_000096_c09_l0.npz,0019e30525fc5aeb610e94ceb5b370fd267e4bf120b315775fddcc541fd1e0f9,456621,0.9803039273731992
p000587_a000226_000096_c09_l1,TRAIN,p000587,p000587_a000226,000096,9,180,25,850,1,samples/p000587_a000226_000096_c09_l1.npz,2d76ce06ad387fe48b793dfc92bdccda5b896babbe8d9e38494a484aa50c3ce7,452884,0.9797513321492007
p000587_a000226_000096_c10_l0,TRAIN,p000587,p000587_a000226,000096,10,240,25,650,0,samples/p000587_a000226_000096_c10_l0.npz,dad7cb16cd918b5e3eb5ca52582a7f17d0ffca3d46316aafdf276e2b1e5f716d,441836,0.980594589427397
p000587_a000226_000096_c10_l1,TRAIN,p000587,p000587_a000226,000096,10,240,25,650,1,samples/p000587_a000226_000096_c10_l1.npz,0d1750b0a2891414e975e0996885b78baaee20ab262e2f67cd7ea13e72b9b736,435358,0.9800688270719816
p000587_a000226_000096_c11_l0,TRAIN,p000587,p000587_a000226,000096,11,300,25,850,0,samples/p000587_a000226_000096_c11_l0.npz,a05bd57b75964589f0351b42968a277b5ba51329407b9000fc6fe081865f131e,388050,0.9790712505072758
p000587_a000226_000096_c11_l1,TRAIN,p000587,p000587_a000226,000096,11,300,25,850,1,samples/p000587_a000226_000096_c11_l1.npz,ff1383a5e7bc87457215d8f95cfb79b833bd9cda3dec8e52ec180657dbf70bfe,385113,0.9812742767696678
p000592_a000209_000066_c00_l0,TRAIN,p000592,p000592_a000209,000066,0,0,5,650,0,samples/p000592_a000209_000066_c00_l0.npz,f3c169d095f3d5db2244491b59391bed43b256cc962f846e8f8442586fef45c6,349393,0.9813628421665695
p000592_a000209_000066_c00_l1,TRAIN,p000592,p000592_a000209,000066,0,0,5,650,1,samples/p000592_a000209_000066_c00_l1.npz,473ad521d102390d1ffe568f0d9f0af973fb54c81788bb17b3c66476171ee1b5,348103,0.9826865039445121
p000592_a000209_000066_c01_l0,TRAIN,p000592,p000592_a000209,000066,1,60,5,850,0,samples/p000592_a000209_000066_c01_l0.npz,0e1d12ee965acb615b96522dd372c0083288703f783d83cb4502b76e69d91186,349225,0.9799989070441008
p000592_a000209_000066_c01_l1,TRAIN,p000592,p000592_a000209,000066,1,60,5,850,1,samples/p000592_a000209_000066_c01_l1.npz,1e6e52a5cf9bf5f42f9368ee78df3536dd1319d94e14c7cbfdc1e307dbf68d05,348515,0.9799989070441008
p000592_a000209_000066_c02_l0,TRAIN,p000592,p000592_a000209,000066,2,120,5,650,0,samples/p000592_a000209_000066_c02_l0.npz,b6286a92346b0e6851bb884d01034ae40df96a30c7e3c1437f6d5cd412210721,331009,0.9816085156712004
p000592_a000209_000066_c02_l1,TRAIN,p000592,p000592_a000209,000066,2,120,5,650,1,samples/p000592_a000209_000066_c02_l1.npz,9433d24142c81d1c01c6c7dd79fbd06a5b21cf79ea95bbf1107c4683430e4087,328514,0.9781785925487877
p000592_a000209_000066_c03_l0,TRAIN,p000592,p000592_a000209,000066,3,180,5,850,0,samples/p000592_a000209_000066_c03_l0.npz,01e2c7df0716795b0a29ad2bc801d03b7b41d4ab4b8790e6e2c93512b553775c,335522,0.981113606264755
p000592_a000209_000066_c03_l1,TRAIN,p000592,p000592_a000209,000066,3,180,5,850,1,samples/p000592_a000209_000066_c03_l1.npz,82e6981eccf89451b14d86654987be59cc5bf5379dcc13d01f281d56df2b4bd7,331763,0.9805378015777049
p000592_a000209_000066_c04_l0,TRAIN,p000592,p000592_a000209,000066,4,240,5,650,0,samples/p000592_a000209_000066_c04_l0.npz,bb312a90bd7ee7d95b6ae95571902f26e6273d6f72f54579149ee06e749407fa,336162,0.9802164552542767
p000592_a000209_000066_c04_l1,TRAIN,p000592,p000592_a000209,000066,4,240,5,650,1,samples/p000592_a000209_000066_c04_l1.npz,dc0b8cf08e29eb23f9797d2c852d0011f5253bb3ecb1dcdc9428fa461587cc97,334974,0.9801000814616548
p000592_a000209_000066_c05_l0,TRAIN,p000592,p000592_a000209,000066,5,300,5,850,0,samples/p000592_a000209_000066_c05_l0.npz,00badd153fd534f875f004433043f93c60bebfacb8fde9b02141474aaafb3c7e,353397,0.98105274362659
p000592_a000209_000066_c05_l1,TRAIN,p000592,p000592_a000209,000066,5,300,5,850,1,samples/p000592_a000209_000066_c05_l1.npz,c6ba060ba5d7f864100361ce575e9f9af2b947ea6eb57fb686aa2fee9432725c,351840,0.9795625099792432
p000592_a000209_000066_c06_l0,TRAIN,p000592,p000592_a000209,000066,6,0,25,650,0,samples/p000592_a000209_000066_c06_l0.npz,bf03ddeb5c092358a50cb648b68e47a64332aa8ecb350e28b7021e6e27576014,372818,0.982782087927045
p000592_a000209_000066_c06_l1,TRAIN,p000592,p000592_a000209,000066,6,0,25,650,1,samples/p000592_a000209_000066_c06_l1.npz,26ecba25df250109a0a5df068a51ab77f687a2d2b8c12eb7430866f1d085744b,370332,0.9801959983666803
p000592_a000209_000066_c07_l0,TRAIN,p000592,p000592_a000209,000066,7,60,25,850,0,samples/p000592_a000209_000066_c07_l0.npz,f2aee92885a734c79b69823121357ae8d206612d823c27812a82f364dddf5a89,380221,0.9786603055895816
p000592_a000209_000066_c07_l1,TRAIN,p000592,p000592_a000209,000066,7,60,25,850,1,samples/p000592_a000209_000066_c07_l1.npz,e181f8b996ab48b93092a41dbd9456fe38246d5bfec0c2e51b45e63f0daaeefd,379642,0.9795628908516537
p000592_a000209_000066_c08_l0,TRAIN,p000592,p000592_a000209,000066,8,120,25,650,0,samples/p000592_a000209_000066_c08_l0.npz,6502296bfd9a78ed9deabdc1dd8080dd176f941a98728b2832f5d187fd299ece,412345,0.9805967623667438
p000592_a000209_000066_c08_l1,TRAIN,p000592,p000592_a000209,000066,8,120,25,650,1,samples/p000592_a000209_000066_c08_l1.npz,97047433d72aeff01dcb1c5c708edc8e36eef54901f67b29a88b7e6d3f1b45f4,408812,0.9796942861977551
p000592_a000209_000066_c09_l0,TRAIN,p000592,p000592_a000209,000066,9,180,25,850,0,samples/p000592_a000209_000066_c09_l0.npz,c7ea67731797eb509bdda60c8cd42dc90471ea68628aaad4cc89332648652445,417849,0.9813345311174327
p000592_a000209_000066_c09_l1,TRAIN,p000592,p000592_a000209,000066,9,180,25,850,1,samples/p000592_a000209_000066_c09_l1.npz,81300c129c9a2b54e59651f9955815cbdbddad7c0d9ff277fd62d2d644247efb,414290,0.9786894245645555
p000592_a000209_000066_c10_l0,TRAIN,p000592,p000592_a000209,000066,10,240,25,650,0,samples/p000592_a000209_000066_c10_l0.npz,1ce6772f9675f72abafeff37d86da2f1a636587b8cbde8bf5ba39117d9a472d8,428778,0.9819903741655023
p000592_a000209_000066_c10_l1,TRAIN,p000592,p000592_a000209,000066,10,240,25,650,1,samples/p000592_a000209_000066_c10_l1.npz,42b335bce7c14dd18c16412afea72a7f8f6541b2132c62ad98dd98eb8f0d4cb6,424602,0.9812140971898774
p000592_a000209_000066_c11_l0,TRAIN,p000592,p000592_a000209,000066,11,300,25,850,0,samples/p000592_a000209_000066_c11_l0.npz,cdb40c7f8550b006b40b241dd9f8c5eccaa3b272484265492ffb029d5d5b27f9,404652,0.9812468322351748
p000592_a000209_000066_c11_l1,TRAIN,p000592,p000592_a000209,000066,11,300,25,850,1,samples/p000592_a000209_000066_c11_l1.npz,c9bd8b69f09e64c26ef06f8222683871d5be17a519cd308a234d1d48b72ff8ae,404306,0.980120515852903
p000592_a000209_000258_c00_l0,TRAIN,p000592,p000592_a000209,000258,0,0,5,650,0,samples/p000592_a000209_000258_c00_l0.npz,96de75a928abe59521e43897a808d942ca3bd4335195c636aca3ce24ea2b5662,397162,0.9816590245935807
p000592_a000209_000258_c00_l1,TRAIN,p000592,p000592_a000209,000258,0,0,5,650,1,samples/p000592_a000209_000258_c00_l1.npz,d6046c501b66d765555788ba9c03b6aba96a81de47eb03b4e8ab9d587c90fad0,395084,0.9803668195081284
p000592_a000209_000258_c01_l0,TRAIN,p000592,p000592_a000209,000258,1,60,5,850,0,samples/p000592_a000209_000258_c01_l0.npz,01e047159fb68d663f460e1e71bbef36b66bab5e3ba169195e9a4ccba2f20dfd,395399,0.9797840057122457
p000592_a000209_000258_c01_l1,TRAIN,p000592,p000592_a000209,000258,1,60,5,850,1,samples/p000592_a000209_000258_c01_l1.npz,bf3ebfa3819ea7d504f0ebdbf48d4d202c8f5b2f631ce2f81f82069fe678bee2,394027,0.9803195287397358
p000592_a000209_000258_c02_l0,TRAIN,p000592,p000592_a000209,000258,2,120,5,650,0,samples/p000592_a000209_000258_c02_l0.npz,bc2709d0c037edb870d9713d69fb39b0ac38e41b271dbf28dd06cf783f0fcd08,373989,0.9806774809160306
p000592_a000209_000258_c02_l1,TRAIN,p000592,p000592_a000209,000258,2,120,5,650,1,samples/p000592_a000209_000258_c02_l1.npz,a1e532d2fc5f303f22133b43e24cade32a8b3c1507f2b82218f1ab8e0791fcd7,371938,0.9827767175572519
p000592_a000209_000258_c03_l0,TRAIN,p000592,p000592_a000209,000258,3,180,5,850,0,samples/p000592_a000209_000258_c03_l0.npz,bdc23de451a711693ec4585ce94d4620342d77663c499223ff7222a7a03486be,403204,0.9813458785027613
p000592_a000209_000258_c03_l1,TRAIN,p000592,p000592_a000209,000258,3,180,5,850,1,samples/p000592_a000209_000258_c03_l1.npz,bc8dad8af5adc4b02e62e3d97adb7f4ee004d7e0f667d7a2f231717ccf5ec8bd,399663,0.9838003681734506
p000592_a000209_000258_c04_l0,TRAIN,p000592,p000592_a000209,000258,4,240,5,650,0,samples/p000592_a000209_000258_c04_l0.npz,e766f069007baa786967404f0d09b5ee28f53cff4d5ef846ca39e98995b9af72,370266,0.9800590484487682
p000592_a000209_000258_c04_l1,TRAIN,p000592,p000592_a000209,000258,4,240,5,650,1,samples/p000592_a000209_000258_c04_l1.npz,fb06e6819e1389a019ec52403ffcbe34f997a5287fa98c9b8ecdb2017b98f2d3,369390,0.9798170466095543
p000592_a000209_000258_c05_l0,TRAIN,p000592,p000592_a000209,000258,5,300,5,850,0,samples/p000592_a000209_000258_c05_l0.npz,cf81c37777f14091b7c2c0ce236855b701bb2f5fe79a21980d172a7c501e3b72,390062,0.9825133641388059
p000592_a000209_000258_c05_l1,TRAIN,p000592,p000592_a000209,000258,5,300,5,850,1,samples/p000592_a000209_000258_c05_l1.npz,b2be1c9f296c11d089ab88d6d300c0f175da126dcbe7d4e8b9dbcc90151bf9e7,386926,0.9814714143336052
p000592_a000209_000258_c06_l0,TRAIN,p000592,p000592_a000209,000258,6,0,25,650,0,samples/p000592_a000209_000258_c06_l0.npz,66d03901850eeb49918050c6a66e358ca41d08bcf54572dc0064383c47f4eb48,445276,0.9824641311774084
p000592_a000209_000258_c06_l1,TRAIN,p000592,p000592_a000209,000258,6,0,25,650,1,samples/p000592_a000209_000258_c06_l1.npz,fa836c5c738ec3cf734699dfe6ee641af464a1cf80e4432e1e7ace1be473ede0,441451,0.981370986107948
p000592_a000209_000258_c07_l0,TRAIN,p000592,p000592_a000209,000258,7,60,25,850,0,samples/p000592_a000209_000258_c07_l0.npz,5466b816d67a587ce9f8eb48881a57cf2e651246e2b2dc304d803d1547feac1b,430561,0.9792769399780286
p000592_a000209_000258_c07_l1,TRAIN,p000592,p000592_a000209,000258,7,60,25,850,1,samples/p000592_a000209_000258_c07_l1.npz,223cbef7a7c9696941346c4b7a6cedba2e165e59ac884cdbdeff9c9605d20f5d,428969,0.9800259662438829
p000592_a000209_000258_c08_l0,TRAIN,p000592,p000592_a000209,000258,8,120,25,650,0,samples/p000592_a000209_000258_c08_l0.npz,0ab68dfdf94b59bed590c7424d85798e5f39a73e63d11eb8b71a8cf407b70d18,459935,0.9809143165079935
p000592_a000209_000258_c08_l1,TRAIN,p000592,p000592_a000209,000258,8,120,25,650,1,samples/p000592_a000209_000258_c08_l1.npz,0796387f8f6a53503be27b37f589689438673755d4d659f88789e992760803fb,455565,0.9809143165079935
p000592_a000209_000258_c09_l0,TRAIN,p000592,p000592_a000209,000258,9,180,25,850,0,samples/p000592_a000209_000258_c09_l0.npz,9f9408bde2c1c2d53360cc61f3749db1ac6bb95e3a570378ac1ce67c3e6d608a,466552,0.9830290262172284
p000592_a000209_000258_c09_l1,TRAIN,p000592,p000592_a000209,000258,9,180,25,850,1,samples/p000592_a000209_000258_c09_l1.npz,d8050ed2cda18fc027f0acacd05e885b88248da2201c7d3f7aa1022d12fb6c65,463846,0.9813124219725343
p000592_a000209_000258_c10_l0,TRAIN,p000592,p000592_a000209,000258,10,240,25,650,0,samples/p000592_a000209_000258_c10_l0.npz,1622a350c6b4256eac058f76d32b3e76684786620c06c9422124eaaa8f9cc7de,453578,0.9802461139896373
p000592_a000209_000258_c10_l1,TRAIN,p000592,p000592_a000209,000258,10,240,25,650,1,samples/p000592_a000209_000258_c10_l1.npz,f080ce6f6d15dc8ee8ce48b67e1ab03b851d3a999ceaab66e3369776dfdcc90c,448134,0.9817727609178386
p000592_a000209_000258_c11_l0,TRAIN,p000592,p000592_a000209,000258,11,300,25,850,0,samples/p000592_a000209_000258_c11_l0.npz,91e185ca91ec75d80ff1b8ab7d12fa5f763ac9be96ccfef6cb5814902e341bf1,426448,0.9800132228042516
p000592_a000209_000258_c11_l1,TRAIN,p000592,p000592_a000209,000258,11,300,25,850,1,samples/p000592_a000209_000258_c11_l1.npz,b26bd3a6b4a12f8942565981401246d9b9e26ed550a7499afcabb14bd768e82e,422815,0.9797080811676754
p000592_a001230_000006_c00_l0,TRAIN,p000592,p000592_a001230,000006,0,0,5,650,0,samples/p000592_a001230_000006_c00_l0.npz,9c09fef516b74e9c9a0e29a30231348c080ee2dceff49e1b0721bfe7f141d7b1,434371,0.9819536363965137
p000592_a001230_000006_c00_l1,TRAIN,p000592,p000592_a001230,000006,0,0,5,650,1,samples/p000592_a001230_000006_c00_l1.npz,f23079514f0c7fe54acaa11da4cc9f01e782290df5e3b96829f2327b9ffbc266,433963,0.9828577628295541
p000592_a001230_000006_c01_l0,TRAIN,p000592,p000592_a001230,000006,1,60,5,850,0,samples/p000592_a001230_000006_c01_l0.npz,d7231a7f8825952ff8e507b62cd816a44113f12698112219ed52f51a452fdd86,408468,0.9812486682292777
p000592_a001230_000006_c01_l1,TRAIN,p000592,p000592_a001230,000006,1,60,5,850,1,samples/p000592_a001230_000006_c01_l1.npz,d42677da817bc430f96ab6ed3749c818582bc95b90dbc5ab0327f9050dba7a2d,406120,0.9818453015128915
p000592_a001230_000006_c02_l0,TRAIN,p000592,p000592_a001230,000006,2,120,5,650,0,samples/p000592_a001230_000006_c02_l0.npz,2e61ee8eccad264d35b0e929bb875f6475158a3c6a7233252d8dc5268f9be711,399628,0.9815480976765839
p000592_a001230_000006_c02_l1,TRAIN,p000592,p000592_a001230,000006,2,120,5,650,1,samples/p000592_a001230_000006_c02_l1.npz,9f343e387df0817c641de2fe20c1dfad0fc07d9e1b0681af57bda961a59d71fc,397801,0.9820559481992467
p000592_a001230_000006_c03_l0,TRAIN,p000592,p000592_a001230,000006,3,180,5,850,0,samples/p000592_a001230_000006_c03_l0.npz,aea087595c8d2c7a640930f13100f3b721a2ac259a88633c0d725823511bb417,444808,0.9832547667628228
p000592_a001230_000006_c03_l1,TRAIN,p000592,p000592_a001230,000006,3,180,5,850,1,samples/p000592_a001230_000006_c03_l1.npz,ea13d330de04fc221a55aebe72cb8f9302b4195cad161371bba78c49c76413d0,442031,0.9832547667628228
p000592_a001230_000006_c04_l0,TRAIN,p000592,p000592_a001230,000006,4,240,5,650,0,samples/p000592_a001230_000006_c04_l0.npz,2aec8cee2d26e304155c998c86d4147aef5f5a0d5bf4310de23f2bfd894da5e3,399543,0.9815796221899308
p000592_a001230_000006_c04_l1,TRAIN,p000592,p000592_a001230,000006,4,240,5,650,1,samples/p000592_a001230_000006_c04_l1.npz,540bc82b2d6c56b7fe272e47ce24f6001631ad772e35f6cd64b101a5a257f4cf,397917,0.9804256774083255
p000592_a001230_000006_c05_l0,TRAIN,p000592,p000592_a001230,000006,5,300,5,850,0,samples/p000592_a001230_000006_c05_l0.npz,a588804fd0fa8df4bcb0cde6f20ff266e1ea9dbf408e063d8f842b05d72eb286,408348,0.9823940659902805
p000592_a001230_000006_c05_l1,TRAIN,p000592,p000592_a001230,000006,5,300,5,850,1,samples/p000592_a001230_000006_c05_l1.npz,6a0d47ef0c72122af59b379128228e673674af42c5efa9e10b7674e1a44d268c,405459,0.9823940659902805
p000592_a001230_000006_c06_l0,TRAIN,p000592,p000592_a001230,000006,6,0,25,650,0,samples/p000592_a001230_000006_c06_l0.npz,faf43e72546a423f7be1fe8afcdfc5ccde496569393e69fbe9431811c5c52280,481186,0.9826014253294582
p000592_a001230_000006_c06_l1,TRAIN,p000592,p000592_a001230,000006,6,0,25,650,1,samples/p000592_a001230_000006_c06_l1.npz,1e238f322079e2fd20c471f9689cb14f30041aba1be53b2ca47496cfaf55bdd5,478208,0.9833578850977426
p000592_a001230_000006_c07_l0,TRAIN,p000592,p000592_a001230,000006,7,60,25,850,0,samples/p000592_a001230_000006_c07_l0.npz,4730d3dff19e4c72a69a20e37d789de0d66d3af08d95dc6b42092591a1dbea90,461983,0.9814814814814815
p000592_a001230_000006_c07_l1,TRAIN,p000592,p000592_a001230,000006,7,60,25,850,1,samples/p000592_a001230_000006_c07_l1.npz,7c9b63f7e37b43b1dd144288bbd07943bf2ae758bdac0980c0582c220ac97199,460066,0.9821153672009417
p000592_a001230_000006_c08_l0,TRAIN,p000592,p000592_a001230,000006,8,120,25,650,0,samples/p000592_a001230_000006_c08_l0.npz,b12eb132b553f69ec482bf321f4729e94bcddbb154476b3cd2d02b1a333a3845,459926,0.981878159540742
p000592_a001230_000006_c08_l1,TRAIN,p000592,p000592_a001230,000006,8,120,25,650,1,samples/p000592_a001230_000006_c08_l1.npz,4f041dc68f2d896e791c1de8090f2abd7f08dc70948d4cc46277234121b54c77,454816,0.983120555222346
p000592_a001230_000006_c09_l0,TRAIN,p000592,p000592_a001230,000006,9,180,25,850,0,samples/p000592_a001230_000006_c09_l0.npz,28a7ed38529f19aa1160bea633d3a95bb45b2ec2a2e7c720986c67ffceae6bc9,498769,0.982056689423455
p000592_a001230_000006_c09_l1,TRAIN,p000592,p000592_a001230,000006,9,180,25,850,1,samples/p000592_a001230_000006_c09_l1.npz,fe238a3cfdc969922ab1be03d38cfed3c41e19ad1739ae4eb6a71130ece6ee66,494711,0.9825571004753905
p000592_a001230_000006_c10_l0,TRAIN,p000592,p000592_a001230,000006,10,240,25,650,0,samples/p000592_a001230_000006_c10_l0.npz,081c8e64669ef9eeb530ee433f69a908f55bbf05e58874fd490f9684bf0007c5,456860,0.9803422553751645
p000592_a001230_000006_c10_l1,TRAIN,p000592,p000592_a001230,000006,10,240,25,650,1,samples/p000592_a001230_000006_c10_l1.npz,58ce3777042113ee97228d0545e42cd0290ba6b001f8d6ee5300fcf462f9f5c9,451996,0.9824484422992541
p000592_a001230_000006_c11_l0,TRAIN,p000592,p000592_a001230,000006,11,300,25,850,0,samples/p000592_a001230_000006_c11_l0.npz,e2bc041f33e8daa4bce34ac9dc3dcae422933182528b18b1d090e0b8513f9e70,460169,0.9826315304524095
p000592_a001230_000006_c11_l1,TRAIN,p000592,p000592_a001230,000006,11,300,25,850,1,samples/p000592_a001230_000006_c11_l1.npz,fe9b423994bb8a6c5cafe2248cb274e4b763a9dec315f00d18525ed9ef4df505,456729,0.9810651432783563
p000592_a001230_000024_c00_l0,TRAIN,p000592,p000592_a001230,000024,0,0,5,650,0,samples/p000592_a001230_000024_c00_l0.npz,da245af479a1dc5b28bce92f773136dcb681b9f4d77ee52f9d8e279ef76a2456,434484,0.9824326766672691
p000592_a001230_000024_c00_l1,TRAIN,p000592,p000592_a001230,000024,0,0,5,650,1,samples/p000592_a001230_000024_c00_l1.npz,ca44b7049650bea2811cb1ed695a19f08ae2085bae33d0f07bc19ba5e26721fb,434133,0.9817458883065245
p000592_a001230_000024_c01_l0,TRAIN,p000592,p000592_a001230,000024,1,60,5,850,0,samples/p000592_a001230_000024_c01_l0.npz,4ef21459059178ce3ba115caf2459f0be536f9174b19134e10a2ec532a2e7cad,414853,0.9825902335456476
p000592_a001230_000024_c01_l1,TRAIN,p000592,p000592_a001230,000024,1,60,5,850,1,samples/p000592_a001230_000024_c01_l1.npz,a8f3b0eca93ea42aa0750daf45e5af7290981372a5b7c10c2b8d5dfef247f196,412291,0.9821656050955414
p000592_a001230_000024_c02_l0,TRAIN,p000592,p000592_a001230,000024,2,120,5,650,0,samples/p000592_a001230_000024_c02_l0.npz,037c47bea64804946e9e13abfa1defd30cd7ec9c491d3ddb3fbd3a88a902f376,398902,0.9808259587020649
p000592_a001230_000024_c02_l1,TRAIN,p000592,p000592_a001230,000024,2,120,5,650,1,samples/p000592_a001230_000024_c02_l1.npz,afc23c08443373d2719d4dfe0c13f78d45de752bc38c42b3b3a69685c6b66121,396903,0.9815002107037505
p000592_a001230_000024_c03_l0,TRAIN,p000592,p000592_a001230,000024,3,180,5,850,0,samples/p000592_a001230_000024_c03_l0.npz,3dd9ee00edccde389135b8046c6e79035f3d831438260b80672b8f00d2ca73c2,446201,0.9818495198564846
p000592_a001230_000024_c03_l1,TRAIN,p000592,p000592_a001230,000024,3,180,5,850,1,samples/p000592_a001230_000024_c03_l1.npz,67b731b220bba91eb0b84a05eec129f44ef8a862c8719c0d682bf224a905333a,442567,0.982306799394984
p000592_a001230_000024_c04_l0,TRAIN,p000592,p000592_a001230,000024,4,240,5,650,0,samples/p000592_a001230_000024_c04_l0.npz,95e8f0679bf6a03a5f6a34cde793e2d18d06d6fac5c8cc6cc7882f14a588a6b3,399282,0.981383883032982
p000592_a001230_000024_c04_l1,TRAIN,p000592,p000592_a001230,000024,4,240,5,650,1,samples/p000592_a001230_000024_c04_l1.npz,981e8f228cae373af83e90862c91b3929aa393e18ee39d54b156fdedd752cb59,398199,0.9825314518871132
p000592_a001230_000024_c05_l0,TRAIN,p000592,p000592_a001230,000024,5,300,5,850,0,samples/p000592_a001230_000024_c05_l0.npz,60abe04f245b34f60e90d9780689df00b30ecf28143ea48aa136511a96f59717,414573,0.9813469301041002
p000592_a001230_000024_c05_l1,TRAIN,p000592,p000592_a001230,000024,5,300,5,850,1,samples/p000592_a001230_000024_c05_l1.npz,ab16902a9f7fb1e5509c461ad5ced362ccb3b76711c346d28a1774d61d7c0fc4,412074,0.9818568090078607
p000592_a001230_000024_c06_l0,TRAIN,p000592,p000592_a001230,000024,6,0,25,650,0,samples/p000592_a001230_000024_c06_l0.npz,fb1a1a2baf108fa3358c0f89791b50c19cca60dc31cab57bbd049553a600dd6c,481284,0.9822652638291088
p000592_a001230_000024_c06_l1,TRAIN,p000592,p000592_a001230,000024,6,0,25,650,1,samples/p000592_a001230_000024_c06_l1.npz,a17c894d3a945d26824fdbbf6b9a5603620160cbf6c1101cb6bec593e892c22e,478579,0.9834608640204049
p000592_a001230_000024_c07_l0,TRAIN,p000592,p000592_a001230,000024,7,60,25,850,0,samples/p000592_a001230_000024_c07_l0.npz,f8d6d5005af34c0bd352ec57518edb715ba3d3c1454bb72b54c6d5a6ce412be3,458003,0.983328062169611
p000592_a001230_000024_c07_l1,TRAIN,p000592,p000592_a001230,000024,7,60,25,850,1,samples/p000592_a001230_000024_c07_l1.npz,3f855b99ce6e2e5164ea9ed8416daeb3e81e99506f3c87dfe0a7a2d02231721c,455950,0.9817918944562418
p000592_a001230_000024_c08_l0,TRAIN,p000592,p000592_a001230,000024,8,120,25,650,0,samples/p000592_a001230_000024_c08_l0.npz,fad24df86e1c0dea8f2a8f04d1303da1ace610410b6559ac733a5a3fb517b193,460386,0.9832101508095868
p000592_a001230_000024_c08_l1,TRAIN,p000592,p000592_a001230,000024,8,120,25,650,1,samples/p000592_a001230_000024_c08_l1.npz,85bd501c0523bce7de6ce665ef5434fc8c43a771757085854feec3c76cd279d8,456048,0.9826120391335925
p000592_a001230_000024_c09_l0,TRAIN,p000592,p000592_a001230,000024,9,180,25,850,0,samples/p000592_a001230_000024_c09_l0.npz,9847da5a4d90090b5b15a9a4b2c4485b92f37725cc8409ed7fcfd6fc2b56e76e,498729,0.9814405025340852
p000592_a001230_000024_c09_l1,TRAIN,p000592,p000592_a001230,000024,9,180,25,850,1,samples/p000592_a001230_000024_c09_l1.npz,08c16eade23bdc66db8f06f8c5cd7d67734d358c3d414135bdfdfa1f83aceced,495572,0.9834392176457991
p000592_a001230_000024_c10_l0,TRAIN,p000592,p000592_a001230,000024,10,240,25,650,0,samples/p000592_a001230_000024_c10_l0.npz,1cd83a5abed957acddcd78e7ce59ec4de7d67d15efa153091a953e49c57399f0,458611,0.9805001748863239
p000592_a001230_000024_c10_l1,TRAIN,p000592,p000592_a001230,000024,10,240,25,650,1,samples/p000592_a001230_000024_c10_l1.npz,5c70246ce05151963ec2e5f290402b2ae8a372763e9d8edf1695b49636cc3d3c,454260,0.9814183280867436
p000592_a001230_000024_c11_l0,TRAIN,p000592,p000592_a001230,000024,11,300,25,850,0,samples/p000592_a001230_000024_c11_l0.npz,d8d963601bf163caaaa50decab243e8de627f694f717a7443e420cff3b784194,456512,0.9819836382020406
p000592_a001230_000024_c11_l1,TRAIN,p000592,p000592_a001230,000024,11,300,25,850,1,samples/p000592_a001230_000024_c11_l1.npz,ee176ba8fa240c98aeb2a1c6c5fbc3dca17b4d6bdfc9e28a2dd53b9584707cb3,452948,0.9809725158562368
p000598_a001234_000006_c00_l0,TRAIN,p000598,p000598_a001234,000006,0,0,5,650,0,samples/p000598_a001234_000006_c00_l0.npz,85b8009eaf3563d3cd7681cd857e00621adcae93074c8833c3beb712b7500a0a,285691,0.978775628068149
p000598_a001234_000006_c00_l1,TRAIN,p000598,p000598_a001234,000006,0,0,5,650,1,samples/p000598_a001234_000006_c00_l1.npz,06d21ddcb71652b774da355509f34c940b6097788a5321b6dd6cd2e87b5d5cde,284228,0.9748772740398498
p000598_a001234_000006_c01_l0,TRAIN,p000598,p000598_a001234,000006,1,60,5,850,0,samples/p000598_a001234_000006_c01_l0.npz,7f07fb768392706a71ad98841d9279db471eb55d81df0ccc74f0e49245c08664,358695,0.9792810166641942
p000598_a001234_000006_c01_l1,TRAIN,p000598,p000598_a001234,000006,1,60,5,850,1,samples/p000598_a001234_000006_c01_l1.npz,42cf23b3ac597c8e4fa5d41db7bb59578db8f194295d077e239c5b46264e0df7,357451,0.9775503139989121
p000598_a001234_000006_c02_l0,TRAIN,p000598,p000598_a001234,000006,2,120,5,650,0,samples/p000598_a001234_000006_c02_l0.npz,d9c1e9bcf3d0b28c9b3de7cc2d23f2db5a6a8feb9deaca8fdbfa73b8d24b7452,369894,0.9792252346690808
p000598_a001234_000006_c02_l1,TRAIN,p000598,p000598_a001234,000006,2,120,5,650,1,samples/p000598_a001234_000006_c02_l1.npz,e4670b1eda067e9aa94f0f463e6674cf419dd4a7df7cd726c25875ace51419cc,367819,0.977414589984276
p000598_a001234_000006_c03_l0,TRAIN,p000598,p000598_a001234,000006,3,180,5,850,0,samples/p000598_a001234_000006_c03_l0.npz,50864562a57ffd4d1299bef0b4284239384f082ee54759ff1a961a34420bab29,323577,0.9788938714499252
p000598_a001234_000006_c03_l1,TRAIN,p000598,p000598_a001234,000006,3,180,5,850,1,samples/p000598_a001234_000006_c03_l1.npz,d092460eceb73f1fc7592f7e01f0439aaf1318a20354587a50334b815e0180fe,322511,0.9768011958146487
p000598_a001234_000006_c04_l0,TRAIN,p000598,p000598_a001234,000006,4,240,5,650,0,samples/p000598_a001234_000006_c04_l0.npz,45179339bc7e85f07abc6d2a8747fef996e10ed37f8e16812d09b0de85b90f00,362281,0.9802139305981017
p000598_a001234_000006_c04_l1,TRAIN,p000598,p000598_a001234,000006,4,240,5,650,1,samples/p000598_a001234_000006_c04_l1.npz,45684d8c7194b983f46d080ea818d929cb3a400419f4e6f570a9c4a49ec49eed,360891,0.9787575955406016
p000598_a001234_000006_c05_l0,TRAIN,p000598,p000598_a001234,000006,5,300,5,850,0,samples/p000598_a001234_000006_c05_l0.npz,678eac00f45c573ee40f095b478a24f4ed23dca78d1c0ff263d084c576b6b2fb,358548,0.9785024506235745
p000598_a001234_000006_c05_l1,TRAIN,p000598,p000598_a001234,000006,5,300,5,850,1,samples/p000598_a001234_000006_c05_l1.npz,18937930b66cd79a1bf3d3c796bf2f24a912b158f1e7c81d8af2c2b46420ae0a,357600,0.9786965594215558
p000598_a001234_000006_c06_l0,TRAIN,p000598,p000598_a001234,000006,6,0,25,650,0,samples/p000598_a001234_000006_c06_l0.npz,1e029d774f5da5bfe6127c2406761c50d95c39536061669d85235e95692c08e3,397159,0.9788095104266202
p000598_a001234_000006_c06_l1,TRAIN,p000598,p000598_a001234,000006,6,0,25,650,1,samples/p000598_a001234_000006_c06_l1.npz,39f77a05ce47a0692f54aeb7ec1c1f46318bcba179ae748a4b590ea624bf7fb7,394886,0.9777977629138328
p000598_a001234_000006_c07_l0,TRAIN,p000598,p000598_a001234,000006,7,60,25,850,0,samples/p000598_a001234_000006_c07_l0.npz,284f87a7794d83d1f99ea211d6ec5028b10ae4c1d2797e70bc5195d1feeab6e0,420359,0.977059993210146
p000598_a001234_000006_c07_l1,TRAIN,p000598,p000598_a001234,000006,7,60,25,850,1,samples/p000598_a001234_000006_c07_l1.npz,212156b5b0ec88b9a4627b8b2c41a9775613f04ebc535d58e551d40b7a951e4c,420011,0.9775449827828702
p000598_a001234_000006_c08_l0,TRAIN,p000598,p000598_a001234,000006,8,120,25,650,0,samples/p000598_a001234_000006_c08_l0.npz,fffb500373cab3690cc506fc59b99c96ee95a47b3753c8f850b3ee8c4b947017,420104,0.9797597751086123
p000598_a001234_000006_c08_l1,TRAIN,p000598,p000598_a001234,000006,8,120,25,650,1,samples/p000598_a001234_000006_c08_l1.npz,cda50f91af117a64a67615e7b147b239ded09182836e8a2ed35bfc3348b92feb,415887,0.9779197546639408
p000598_a001234_000006_c09_l0,TRAIN,p000598,p000598_a001234,000006,9,180,25,850,0,samples/p000598_a001234_000006_c09_l0.npz,5681a8e015663a7f09f73266e90ac7093eb15df93c14c5bd533d6c7b843ce2ce,354043,0.9754104135841613
p000598_a001234_000006_c09_l1,TRAIN,p000598,p000598_a001234,000006,9,180,25,850,1,samples/p000598_a001234_000006_c09_l1.npz,b5362a61e0d2c9526ded4c1cbf3a80652d57ba958cfed0becbbcbfcd1a1fa444,352009,0.977101388008173
p000598_a001234_000006_c10_l0,TRAIN,p000598,p000598_a001234,000006,10,240,25,650,0,samples/p000598_a001234_000006_c10_l0.npz,07f57ce3877662f1cc2f3ca7deb067947e3e3d59227787ea100a2b7b91d9a386,417240,0.9796133938945811
p000598_a001234_000006_c10_l1,TRAIN,p000598,p000598_a001234,000006,10,240,25,650,1,samples/p000598_a001234_000006_c10_l1.npz,d9c7ad5d32c3444cb7b1a3dabf6d6b0c63990f931c7fbaed2b252a4ca73d7165,413252,0.9793493186859618
p000598_a001234_000006_c11_l0,TRAIN,p000598,p000598_a001234,000006,11,300,25,850,0,samples/p000598_a001234_000006_c11_l0.npz,f0428af44195a46ade18f7f6361c722596d7c37e86ce074632ac958948112d38,418325,0.9780267333397442
p000598_a001234_000006_c11_l1,TRAIN,p000598,p000598_a001234,000006,11,300,25,850,1,samples/p000598_a001234_000006_c11_l1.npz,bc5d8a33937a8496b4cab0a04d7cc9d30751c8002cc75d3abd39c8177742613f,418023,0.9762957976728531
p000598_a001234_000030_c00_l0,TRAIN,p000598,p000598_a001234,000030,0,0,5,650,0,samples/p000598_a001234_000030_c00_l0.npz,b4dda4866b338580200cc41d5ebab42d09fb7a6f7cf13325322a3868c928f6da,285099,0.9787929406638101
p000598_a001234_000030_c00_l1,TRAIN,p000598,p000598_a001234,000030,0,0,5,650,1,samples/p000598_a001234_000030_c00_l1.npz,a7d56ed9ed57de673179e18ea6984308d5c0ef15da68a2aff4e9bbd9dc6eae77,283859,0.9763962524511584
p000598_a001234_000030_c01_l0,TRAIN,p000598,p000598_a001234,000030,1,60,5,850,0,samples/p000598_a001234_000030_c01_l0.npz,864028d58718e76411d6ca1c00e7094743e81353f038eb44cbd01230f92aa023,357796,0.9772625503756406
p000598_a001234_000030_c01_l1,TRAIN,p000598,p000598_a001234,000030,1,60,5,850,1,samples/p000598_a001234_000030_c01_l1.npz,5c32a68ab16d8f98b25db261648704d5845eaf8d4f60d67aa9cc164986c8a230,357091,0.976416737151102
p000598_a001234_000030_c02_l0,TRAIN,p000598,p000598_a001234,000030,2,120,5,650,0,samples/p000598_a001234_000030_c02_l0.npz,70ba40483ead67cdd9a8b24205aef0e30eb32184ba1a4f791716a268a7b2d4a2,370258,0.9784511784511785
p000598_a001234_000030_c02_l1,TRAIN,p000598,p000598_a001234,000030,2,120,5,650,1,samples/p000598_a001234_000030_c02_l1.npz,a4d248b02f644c59d8de2db45ce6e7889a947ef9ff920be8171a272bd65fdc22,368777,0.9791726791726791
p000598_a001234_000030_c03_l0,TRAIN,p000598,p000598_a001234,000030,3,180,5,850,0,samples/p000598_a001234_000030_c03_l0.npz,2b74f4343b286bd7b5a0c7525acd39d28b6d1a731570a8e97e1b9713f53a5622,322204,0.9765902389119576
p000598_a001234_000030_c03_l1,TRAIN,p000598,p000598_a001234,000030,3,180,5,850,1,samples/p000598_a001234_000030_c03_l1.npz,c6613ea54451638e6189cefe652f2d93b4cbe4261f3cf81892b1da6a7386141b,321118,0.9776734669314557
p000598_a001234_000030_c04_l0,TRAIN,p000598,p000598_a001234,000030,4,240,5,650,0,samples/p000598_a001234_000030_c04_l0.npz,5f735bd22717bf951cfd941cd8e48feb335692f50b0992e3a94a43f443aa5b23,363496,0.9796517513666734
p000598_a001234_000030_c04_l1,TRAIN,p000598,p000598_a001234,000030,4,240,5,650,1,samples/p000598_a001234_000030_c04_l1.npz,8f86b8dbec7ff83f93b7caa1bd4c945eee54b647ab63d5a96812e84a0bf6015c,362232,0.9799048390362421
p000598_a001234_000030_c05_l0,TRAIN,p000598,p000598_a001234,000030,5,300,5,850,0,samples/p000598_a001234_000030_c05_l0.npz,b5fdfa47cbb768f838d1fb2cb7cb856d98694953ba315f6d76903a5a4b071711,357871,0.9781246941372223
p000598_a001234_000030_c05_l1,TRAIN,p000598,p000598_a001234,000030,5,300,5,850,1,samples/p000598_a001234_000030_c05_l1.npz,38cbb5387ec04ab00beee621422198fcca2f4ef7932919fb2d0462802219c06f,356695,0.9759224821376138
p000598_a001234_000030_c06_l0,TRAIN,p000598,p000598_a001234,000030,6,0,25,650,0,samples/p000598_a001234_000030_c06_l0.npz,ac1c89366d1dd97da5935932d1995b781a2e515040a970afc6f7d5affacf3ea4,395801,0.9774764552365823
p000598_a001234_000030_c06_l1,TRAIN,p000598,p000598_a001234,000030,6,0,25,650,1,samples/p000598_a001234_000030_c06_l1.npz,ed76dc0e125b5da62ef720da106ccc142e0834abec0e915fb806b0b330e63b99,393813,0.9756042210371043
p000598_a001234_000030_c07_l0,TRAIN,p000598,p000598_a001234,000030,7,60,25,850,0,samples/p000598_a001234_000030_c07_l0.npz,915d640d0f85839a49f318e16be43a2a64cfc8e41741bd385d7295d8dea72384,422572,0.9767078470628449
p000598_a001234_000030_c07_l1,TRAIN,p000598,p000598_a001234,000030,7,60,25,850,1,samples/p000598_a001234_000030_c07_l1.npz,a9264e36fd1aca25ad6e1db9f185a81531ab47679345272ff97c295d28f8eb20,422436,0.9758288978954051
p000598_a001234_000030_c08_l0,TRAIN,p000598,p000598_a001234,000030,8,120,25,650,0,samples/p000598_a001234_000030_c08_l0.npz,650789838142286710b745712fa437728ccb8910dfe2ac07cb45b0e99bca5e05,428288,0.978772615131579
p000598_a001234_000030_c08_l1,TRAIN,p000598,p000598_a001234,000030,8,120,25,650,1,samples/p000598_a001234_000030_c08_l1.npz,5adbda633071f8094031f99c01e3775a31b44d798eed5c17c88e4bd4862ba307,424006,0.9793893914473685
p000598_a001234_000030_c09_l0,TRAIN,p000598,p000598_a001234,000030,9,180,25,850,0,samples/p000598_a001234_000030_c09_l0.npz,58b48952aab5b726712afc4a21186bfdfff3850a8ae5490f2e42581ad921ca14,353535,0.9781779661016949
p000598_a001234_000030_c09_l1,TRAIN,p000598,p000598_a001234,000030,9,180,25,850,1,samples/p000598_a001234_000030_c09_l1.npz,2d62723d908e2db16fcfff0cab8457626627317e9056031fd147740bd21787d0,352125,0.9774011299435028
p000598_a001234_000030_c10_l0,TRAIN,p000598,p000598_a001234,000030,10,240,25,650,0,samples/p000598_a001234_000030_c10_l0.npz,ed5c326b17fb81eb879ea7876126f815246af6094102ed3e73f9232d4ab1b22c,424290,0.9795494487937371
p000598_a001234_000030_c10_l1,TRAIN,p000598,p000598_a001234,000030,10,240,25,650,1,samples/p000598_a001234_000030_c10_l1.npz,bfb12916ba9566e9df7e7db401bc868c8817178469af519361f09fa320b72797,420534,0.9777919795494487
p000598_a001234_000030_c11_l0,TRAIN,p000598,p000598_a001234,000030,11,300,25,850,0,samples/p000598_a001234_000030_c11_l0.npz,04a6dc35a1f49b3aad81faf9f5810057f1b94b93cfd794b37bcde006f99de2df,420737,0.9770081490104773
p000598_a001234_000030_c11_l1,TRAIN,p000598,p000598_a001234,000030,11,300,25,850,1,samples/p000598_a001234_000030_c11_l1.npz,74757331c2610812f091c141807d60f4d4d1539794f6403cd3aa754e32eda447,420180,0.9785603414823438
p000598_a005746_000018_c00_l0,TRAIN,p000598,p000598_a005746,000018,0,0,5,650,0,samples/p000598_a005746_000018_c00_l0.npz,2f410e21ca42e303ac0e76a3643ae242520c541824389b761e020c5f913a8d60,330362,0.9799772714973753
p000598_a005746_000018_c00_l1,TRAIN,p000598,p000598_a005746,000018,0,0,5,650,1,samples/p000598_a005746_000018_c00_l1.npz,14b33e11a5cbd811eeeca7102ccd514cb564e0005a50b2432bcb6d3dd30cdd76,327507,0.9794902321554196
p000598_a005746_000018_c01_l0,TRAIN,p000598,p000598_a005746,000018,1,60,5,850,0,samples/p000598_a005746_000018_c01_l0.npz,b9a4d7b321630659244a468b73e58a79b7914ac1c75faef5ef9648f4427623bc,324223,0.9810891681627768
p000598_a005746_000018_c01_l1,TRAIN,p000598,p000598_a005746,000018,1,60,5,850,1,samples/p000598_a005746_000018_c01_l1.npz,3e6aff8de40b008df4b7f4fde2a000b4fea7b48da1ad1f462f4b5543a4e10b2d,322560,0.9782764811490126
p000598_a005746_000018_c02_l0,TRAIN,p000598,p000598_a005746,000018,2,120,5,650,0,samples/p000598_a005746_000018_c02_l0.npz,35fd37e2bcd3444034fcc17ea5a95c92e5574c8ca43103b16291d8ba8b9a230c,312681,0.9800159872102319
p000598_a005746_000018_c02_l1,TRAIN,p000598,p000598_a005746,000018,2,120,5,650,1,samples/p000598_a005746_000018_c02_l1.npz,3248c922afeba4f6e2b9b28b41c63b787285f4bae50522dabd75a524d4a8059f,309304,0.9762190247801759
p000598_a005746_000018_c03_l0,TRAIN,p000598,p000598_a005746,000018,3,180,5,850,0,samples/p000598_a005746_000018_c03_l0.npz,168ae191793956b4a919c0a6c2ba770c2487daaf116e847bf9698c2ec030e901,324153,0.9806113537117904
p000598_a005746_000018_c03_l1,TRAIN,p000598,p000598_a005746,000018,3,180,5,850,1,samples/p000598_a005746_000018_c03_l1.npz,f36f61840cdf60554461ec9d351b70305ee7e01d93ef0baf5ddb41c532be7ceb,320602,0.978981077147016
p000598_a005746_000018_c04_l0,TRAIN,p000598,p000598_a005746,000018,4,240,5,650,0,samples/p000598_a005746_000018_c04_l0.npz,c2cdb72e935472ba24d1064d83326d6be4fae0e7c2294d252b6dc03936e7dedc,320951,0.9750423277105411
p000598_a005746_000018_c04_l1,TRAIN,p000598,p000598_a005746,000018,4,240,5,650,1,samples/p000598_a005746_000018_c04_l1.npz,8e06248172e75d981133756736ef41ec52619f5ed486ce9b1696c935eba128d2,320156,0.9774879287640309
p000598_a005746_000018_c05_l0,TRAIN,p000598,p000598_a005746,000018,5,300,5,850,0,samples/p000598_a005746_000018_c05_l0.npz,655ab293f6d84692de62e021fb4d101aced667c6233155b2e6e26a2e20d2e2de,321817,0.9811434787864136
p000598_a005746_000018_c05_l1,TRAIN,p000598,p000598_a005746,000018,5,300,5,850,1,samples/p000598_a005746_000018_c05_l1.npz,acbd2f915b8fa2efd09005cbb8b9969dcfb8e5bea748e73c1f22600e4ae9ec8a,319041,0.978484225794754
p000598_a005746_000018_c06_l0,TRAIN,p000598,p000598_a005746,000018,6,0,25,650,0,samples/p000598_a005746_000018_c06_l0.npz,913c2f0f14cffcd1a913c4937233cb48d35327054101890c4e6d6f06cd9b039b,374410,0.980219643079995
p000598_a005746_000018_c06_l1,TRAIN,p000598,p000598_a005746,000018,6,0,25,650,1,samples/p000598_a005746_000018_c06_l1.npz,1ad6513969c4ac1046cf95b4a7cef6d87a32bb97c30e75bc92067f0e764da374,369766,0.9797828528640958
p000598_a005746_000018_c07_l0,TRAIN,p000598,p000598_a005746,000018,7,60,25,850,0,samples/p000598_a005746_000018_c07_l0.npz,16344ce0f32066df4712138fbed273679d420f584203a872ed05439b55f9291d,367583,0.9787617990005553
p000598_a005746_000018_c07_l1,TRAIN,p000598,p000598_a005746,000018,7,60,25,850,1,samples/p000598_a005746_000018_c07_l1.npz,f499f6b2838acbc5ae43dfa2e5a0dc07033f7469d39cdf92f30060a22be63555,365762,0.9791782343142699
p000598_a005746_000018_c08_l0,TRAIN,p000598,p000598_a005746,000018,8,120,25,650,0,samples/p000598_a005746_000018_c08_l0.npz,4378fa7b5432bfb10a4ca2882598f59daab5293d89e9d68dc06ac8f261eda79e,389682,0.980455002513826
p000598_a005746_000018_c08_l1,TRAIN,p000598,p000598_a005746,000018,8,120,25,650,1,samples/p000598_a005746_000018_c08_l1.npz,9c2eacaf873ffdffaed19401a9cfb61092de34de50bc9f221928a33be28fdf30,385600,0.9787581699346405
p000598_a005746_000018_c09_l0,TRAIN,p000598,p000598_a005746,000018,9,180,25,850,0,samples/p000598_a005746_000018_c09_l0.npz,e02be0e51beded3a2e1c37bf61bf40fc31cd36bce6b36415f326c35a18541eec,385284,0.9796708088074995
p000598_a005746_000018_c09_l1,TRAIN,p000598,p000598_a005746,000018,9,180,25,850,1,samples/p000598_a005746_000018_c09_l1.npz,c99c9df3e380f4624c0f1cccba53f1b70473f75f9c69e22c046533428cf65b9a,382223,0.9802158273381295
p000598_a005746_000018_c10_l0,TRAIN,p000598,p000598_a005746,000018,10,240,25,650,0,samples/p000598_a005746_000018_c10_l0.npz,073954bb6b258054f737f90eaf67a62e8bc99cd0125835a03bb6cb88dc950154,397911,0.9805412525446054
p000598_a005746_000018_c10_l1,TRAIN,p000598,p000598_a005746,000018,10,240,25,650,1,samples/p000598_a005746_000018_c10_l1.npz,da1869fefd98b6d6f6372de8cd9cdc086587e3ffc5ea38106711482cd18f1e86,393578,0.9780864567117711
p000598_a005746_000018_c11_l0,TRAIN,p000598,p000598_a005746,000018,11,300,25,850,0,samples/p000598_a005746_000018_c11_l0.npz,28cf30e537a3c2772af7bc9ca177a3647ef789ab154b523dc3cc261907705eae,372046,0.9779998658528406
p000598_a005746_000018_c11_l1,TRAIN,p000598,p000598_a005746,000018,11,300,25,850,1,samples/p000598_a005746_000018_c11_l1.npz,095e3efc199a4e1df94f62e947fb5f349cfc354e816ee5b8aee7e33bf142124f,369465,0.9811523240995372
p000598_a005746_000060_c00_l0,TRAIN,p000598,p000598_a005746,000060,0,0,5,650,0,samples/p000598_a005746_000060_c00_l0.npz,d271831a9076d49aa7ce1f348264479a390c2e027c5b696e2badf435f88a9bea,330396,0.9794791271860956
p000598_a005746_000060_c00_l1,TRAIN,p000598,p000598_a005746,000060,0,0,5,650,1,samples/p000598_a005746_000060_c00_l1.npz,1b1327e90e38751cdbe7cf42f6548aa252d1224d4298fa761a5911c8a12405c4,328370,0.9811034706805999
p000598_a005746_000060_c01_l0,TRAIN,p000598,p000598_a005746,000060,1,60,5,850,0,samples/p000598_a005746_000060_c01_l0.npz,ec4f702c42488c7b0a254f1b1536553a1b1b09cd0d5fd93194e395744bbb6c6d,329960,0.9775574422608799
p000598_a005746_000060_c01_l1,TRAIN,p000598,p000598_a005746,000060,1,60,5,850,1,samples/p000598_a005746_000060_c01_l1.npz,e015d8fbaab1634ef039fc45d46e605b6b9ef663f9f6bafd48776f755fb325a8,328190,0.978863622870035
p000598_a005746_000060_c02_l0,TRAIN,p000598,p000598_a005746,000060,2,120,5,650,0,samples/p000598_a005746_000060_c02_l0.npz,04050add4ccf4c397ac55ff451907af9bbe0e978c56b5310a15c119f3bcfde07,306393,0.978263768502467
p000598_a005746_000060_c02_l1,TRAIN,p000598,p000598_a005746,000060,2,120,5,650,1,samples/p000598_a005746_000060_c02_l1.npz,ca4582e265029776d7dbb61193c48db12b3b047c45b1ded9f853616d81b2f20a,303205,0.9788638485131351
p000598_a005746_000060_c03_l0,TRAIN,p000598,p000598_a005746,000060,3,180,5,850,0,samples/p000598_a005746_000060_c03_l0.npz,307b97bd5742265a1c3a0431ab29c42f9c11c2c429ef874222e90f067822672f,323901,0.9789706053212501
p000598_a005746_000060_c03_l1,TRAIN,p000598,p000598_a005746,000060,3,180,5,850,1,samples/p000598_a005746_000060_c03_l1.npz,479cfc250f78b98519a25ef559189f693f3c3d2ed4d9819337c65875639f8c42,320258,0.9814685720924828
p000598_a005746_000060_c04_l0,TRAIN,p000598,p000598_a005746,000060,4,240,5,650,0,samples/p000598_a005746_000060_c04_l0.npz,4a1cd3315011438b153dca4d7dfb19894cbc8c6208759eaa39a62d520163862b,316422,0.9800210957374201
p000598_a005746_000060_c04_l1,TRAIN,p000598,p000598_a005746,000060,4,240,5,650,1,samples/p000598_a005746_000060_c04_l1.npz,8661c7d47a5122278afd78eb68b1f32109a2f13073cdb16fa65c1afb833d35ae,315183,0.9781597071415276
p000598_a005746_000060_c05_l0,TRAIN,p000598,p000598_a005746,000060,5,300,5,850,0,samples/p000598_a005746_000060_c05_l0.npz,3bdc61431b5375e269a1116a663131db6ab8052ecfa362509ff9dc10f379bf6a,325520,0.979001031741215
p000598_a005746_000060_c05_l1,TRAIN,p000598,p000598_a005746,000060,5,300,5,850,1,samples/p000598_a005746_000060_c05_l1.npz,17bfd0686679baa02a466ff9ad72691ccbb97830854dbf051f7d1ee288db2f01,322612,0.9797900103174122
p000598_a005746_000060_c06_l0,TRAIN,p000598,p000598_a005746,000060,6,0,25,650,0,samples/p000598_a005746_000060_c06_l0.npz,f614e89642f661aee7790ad1230826100267431dfbcbc6467cc34322c1d5bb70,374339,0.9795765877957658
p000598_a005746_000060_c06_l1,TRAIN,p000598,p000598_a005746,000060,6,0,25,650,1,samples/p000598_a005746_000060_c06_l1.npz,6d3f182e36e024cfae48ab4c5dcc51970ffe900600ea518364287f03890c1344,370053,0.9812577833125778
p000598_a005746_000060_c07_l0,TRAIN,p000598,p000598_a005746,000060,7,60,25,850,0,samples/p000598_a005746_000060_c07_l0.npz,f7151f93223ba931a2ce0fd97ce263fb7540a653ff411308cc1f9a7585c40c26,366257,0.978021978021978
p000598_a005746_000060_c07_l1,TRAIN,p000598,p000598_a005746,000060,7,60,25,850,1,samples/p000598_a005746_000060_c07_l1.npz,81cb9e914930c140b1386ac38612e57fefa2cfc6b470c97a9cfffb3f74286414,364683,0.9791277904485451
p000598_a005746_000060_c08_l0,TRAIN,p000598,p000598_a005746,000060,8,120,25,650,0,samples/p000598_a005746_000060_c08_l0.npz,02bf045020da371cb955f7122b21484b2b67298ff17306c3e259e9aa8f8f96b7,393547,0.9800492455331776
p000598_a005746_000060_c08_l1,TRAIN,p000598,p000598_a005746,000060,8,120,25,650,1,samples/p000598_a005746_000060_c08_l1.npz,ab3151b3de1b9ece4b408f820d988c1aca54af797b4859e52f90aa20b2d1e409,388841,0.9777132394721889
p000598_a005746_000060_c09_l0,TRAIN,p000598,p000598_a005746,000060,9,180,25,850,0,samples/p000598_a005746_000060_c09_l0.npz,6f9b57f8028daf4d3982b7c979928177d1435e26ebbc06ff8d3bb583bafa0567,386778,0.9796204442527496
p000598_a005746_000060_c09_l1,TRAIN,p000598,p000598_a005746,000060,9,180,25,850,1,samples/p000598_a005746_000060_c09_l1.npz,a249e77750f4f34bc7eb02dda4590aaa68333aacccd4b9fe2833eb991317860e,383669,0.9812378693120553
p000598_a005746_000060_c10_l0,TRAIN,p000598,p000598_a005746,000060,10,240,25,650,0,samples/p000598_a005746_000060_c10_l0.npz,09e5dcc9fbbd5e10cbd7d18b6ec330203c6b15677088652fea2e1338548b4519,404490,0.9782337939623984
p000598_a005746_000060_c10_l1,TRAIN,p000598,p000598_a005746,000060,10,240,25,650,1,samples/p000598_a005746_000060_c10_l1.npz,7fe9153becd0fcd273202cdc179538386c04e211328a293c2f8833013ad278ae,399972,0.9798351224719768
p000598_a005746_000060_c11_l0,TRAIN,p000598,p000598_a005746,000060,11,300,25,850,0,samples/p000598_a005746_000060_c11_l0.npz,93d35a12443f5d82f181e35769e97febe0d66a19b3270ad512ba9a67ef89176a,369927,0.9798406000937646
p000598_a005746_000060_c11_l1,TRAIN,p000598,p000598_a005746,000060,11,300,25,850,1,samples/p000598_a005746_000060_c11_l1.npz,92b8a53fa0644c96bc8e79234ac6896cde8fb172bca29d39732d0fc708a147f0,367624,0.9785680798339026
p000599_a000215_000084_c00_l0,TRAIN,p000599,p000599_a000215,000084,0,0,5,650,0,samples/p000599_a000215_000084_c00_l0.npz,a4d779c9ba58cde04156dc1eff8efe4bed333d5b89937b202c4ddb6cfe25e22a,382674,0.9793183028581572
p000599_a000215_000084_c00_l1,TRAIN,p000599,p000599_a000215,000084,0,0,5,650,1,samples/p000599_a000215_000084_c00_l1.npz,9faba9bfeb56f753eaf36d246a314485299bf77fe5ca05ab6164c700d7aebd29,380595,0.9802946919936091
p000599_a000215_000084_c01_l0,TRAIN,p000599,p000599_a000215,000084,1,60,5,850,0,samples/p000599_a000215_000084_c01_l0.npz,695b6b8039cd4d71cdff5c77459eb43b6bbaa9a85f96a355c0934c55d9598a02,378384,0.9820627802690582
p000599_a000215_000084_c01_l1,TRAIN,p000599,p000599_a000215,000084,1,60,5,850,1,samples/p000599_a000215_000084_c01_l1.npz,d7dc7887bf83dae36c68bda8a7f95abe41ffaa4554e602d8984f136a3e80c295,376079,0.9794931223862549
p000599_a000215_000084_c02_l0,TRAIN,p000599,p000599_a000215,000084,2,120,5,650,0,samples/p000599_a000215_000084_c02_l0.npz,23ad80d3f9f9febd32c3bd2b4fd8e6b82fef018369b906438953deb6fe9dd3a8,364915,0.9813677526803373
p000599_a000215_000084_c02_l1,TRAIN,p000599,p000599_a000215,000084,2,120,5,650,1,samples/p000599_a000215_000084_c02_l1.npz,25966223b6be6cfa7598c1fca833e5516ad3cbaea8c0c3fe0360fe569950ee78,362077,0.9805350265431456
p000599_a000215_000084_c03_l0,TRAIN,p000599,p000599_a000215,000084,3,180,5,850,0,samples/p000599_a000215_000084_c03_l0.npz,ba779a7f3f265cbf16a2853c7c38cbcb0085d8d2143992f90564dfd739873184,407799,0.9801784344596504
p000599_a000215_000084_c03_l1,TRAIN,p000599,p000599_a000215,000084,3,180,5,850,1,samples/p000599_a000215_000084_c03_l1.npz,dcbdb8c3c544efa55b31342b1ba011ca7a41e6d1680c6317671bba69d3a9769c,403743,0.9816721165879456
p000599_a000215_000084_c04_l0,TRAIN,p000599,p000599_a000215,000084,4,240,5,650,0,samples/p000599_a000215_000084_c04_l0.npz,4326f8c76d5231863914440b8666d59c9713c1713c030df0615bab817e3d224b,372757,0.9801360952666867
p000599_a000215_000084_c04_l1,TRAIN,p000599,p000599_a000215,000084,4,240,5,650,1,samples/p000599_a000215_000084_c04_l1.npz,2ca5a174683fd1575fa1009e49a9a4fb820a7c18c885ae595301e4ded5b35919,369927,0.9807365155608926
p000599_a000215_000084_c05_l0,TRAIN,p000599,p000599_a000215,000084,5,300,5,850,0,samples/p000599_a000215_000084_c05_l0.npz,3678027440da17b36fb594753d3da98ce7ecd9a0304f25260c768af53ca45977,367590,0.9813772423588827
p000599_a000215_000084_c05_l1,TRAIN,p000599,p000599_a000215,000084,5,300,5,850,1,samples/p000599_a000215_000084_c05_l1.npz,7ca8443d2534b4eab5a4e012a4887c5221e9a1b7198eca33d4209e4e0d96d0ea,365476,0.9797990425587879
p000599_a000215_000084_c06_l0,TRAIN,p000599,p000599_a000215,000084,6,0,25,650,0,samples/p000599_a000215_000084_c06_l0.npz,4527cdd3a8b85057ab6184cc572464d8b6565de54c46c436f7b2edd17d2fef23,416013,0.9792846654080134
p000599_a000215_000084_c06_l1,TRAIN,p000599,p000599_a000215,000084,6,0,25,650,1,samples/p000599_a000215_000084_c06_l1.npz,5b1d2c646219791100d79eb6031d8df4af34d8dff275fee1ff3e2417707a19d8,412687,0.9781308999370674
p000599_a000215_000084_c07_l0,TRAIN,p000599,p000599_a000215,000084,7,60,25,850,0,samples/p000599_a000215_000084_c07_l0.npz,f5d9e4e5cffa235b87b901715b69f9e884ccb56c216a946a0e719cf67845850b,398783,0.9812526372897703
p000599_a000215_000084_c07_l1,TRAIN,p000599,p000599_a000215,000084,7,60,25,850,1,samples/p000599_a000215_000084_c07_l1.npz,2f702830734e8d2be214af956c12387bb7b6cb3b614cd86f6eb01da1e026aa45,395776,0.9828199409247091
p000599_a000215_000084_c08_l0,TRAIN,p000599,p000599_a000215,000084,8,120,25,650,0,samples/p000599_a000215_000084_c08_l0.npz,d87876dd48ac1f857ba71d9deafacebfea4185e8f534269a8bcb4b12ef8fa484,436117,0.9810011146012767
p000599_a000215_000084_c08_l1,TRAIN,p000599,p000599_a000215,000084,8,120,25,650,1,samples/p000599_a000215_000084_c08_l1.npz,ebeba05048772d40aa5e8a4696b9a58c485540a6d652ce262eab8e1f7284e8f1,432855,0.9809504509068802
p000599_a000215_000084_c09_l0,TRAIN,p000599,p000599_a000215,000084,9,180,25,850,0,samples/p000599_a000215_000084_c09_l0.npz,30767b396ae21f11057fb51d5f2dbc8d74ef0df9c32a47fd78e46e1e2f66363a,469477,0.9811769290724863
p000599_a000215_000084_c09_l1,TRAIN,p000599,p000599_a000215,000084,9,180,25,850,1,samples/p000599_a000215_000084_c09_l1.npz,3928dfb88fadca967e2222ec4b999fac02903e29da89e065a99518d0ca7d59bd,466118,0.9800077942322681
p000599_a000215_000084_c10_l0,TRAIN,p000599,p000599_a000215,000084,10,240,25,650,0,samples/p000599_a000215_000084_c10_l0.npz,5bad686a2d5b2c0506be68f34730e2226b5411f64e5cccc8c2cf4b12b05eba80,446489,0.9805990469707284
p000599_a000215_000084_c10_l1,TRAIN,p000599,p000599_a000215,000084,10,240,25,650,1,samples/p000599_a000215_000084_c10_l1.npz,50f33d54fb2a6bbfbf92f695a5f6d42a8fa19ecb70f413a9f22c21ba05fa312b,441098,0.9788972089857045
p000599_a000215_000084_c11_l0,TRAIN,p000599,p000599_a000215,000084,11,300,25,850,0,samples/p000599_a000215_000084_c11_l0.npz,9a074ff35ed800f0f6d6a25c7007ca0025ba42b1e82c531d222553117e96f56c,390062,0.9803110107850515
p000599_a000215_000084_c11_l1,TRAIN,p000599,p000599_a000215,000084,11,300,25,850,1,samples/p000599_a000215_000084_c11_l1.npz,6aa48d5f943eebe6256af1534c0b88a1aa6bc5a266ef7f124406d9c89d69642a,389103,0.9793704539754201
p000599_a000215_000324_c00_l0,TRAIN,p000599,p000599_a000215,000324,0,0,5,650,0,samples/p000599_a000215_000324_c00_l0.npz,41a48a1a7aae8181622a73c1ca3285984cce1dd5952530ba25c51769ed986dfe,363381,0.9791411042944785
p000599_a000215_000324_c00_l1,TRAIN,p000599,p000599_a000215,000324,0,0,5,650,1,samples/p000599_a000215_000324_c00_l1.npz,8a1d90e89991fff97333a9eb9820739e80fe09ad55cb36f7069df906ebf11e0a,361402,0.9796319018404908
p000599_a000215_000324_c01_l0,TRAIN,p000599,p000599_a000215,000324,1,60,5,850,0,samples/p000599_a000215_000324_c01_l0.npz,8c4472154d1d8b4488fd9dcbe73f14cbb1e76ad6c1652a2c00d8d12990c58411,350204,0.9794683257918552
p000599_a000215_000324_c01_l1,TRAIN,p000599,p000599_a000215,000324,1,60,5,850,1,samples/p000599_a000215_000324_c01_l1.npz,4315acb5ee945b2ddb47e00026a066b2cc79da2b47bcef896bf26e21642977ae,348577,0.9803733031674208
p000599_a000215_000324_c02_l0,TRAIN,p000599,p000599_a000215,000324,2,120,5,650,0,samples/p000599_a000215_000324_c02_l0.npz,0454824d196fe59f0b3a14e7fe3f53d58ac3385ca533d3a6f6260d5f2aea44ee,346592,0.9788704692329306
p000599_a000215_000324_c02_l1,TRAIN,p000599,p000599_a000215,000324,2,120,5,650,1,samples/p000599_a000215_000324_c02_l1.npz,92de214b7bc843430b389d487a03bdb24200a844c86750e68f944f82e3a7d294,344463,0.9798819893228435
p000599_a000215_000324_c03_l0,TRAIN,p000599,p000599_a000215,000324,3,180,5,850,0,samples/p000599_a000215_000324_c03_l0.npz,e887124fce3f7b04bb0e60d4f82b0936d79d2f87b8859d5b5f1658081cdb2fc7,392103,0.9796411318150449
p000599_a000215_000324_c03_l1,TRAIN,p000599,p000599_a000215,000324,3,180,5,850,1,samples/p000599_a000215_000324_c03_l1.npz,b8bb7b7d2a2dcba0201d48a2e8dbb163ae2f86921a583e70fa1fbf007f18cc01,388681,0.9788216011042098
p000599_a000215_000324_c04_l0,TRAIN,p000599,p000599_a000215,000324,4,240,5,650,0,samples/p000599_a000215_000324_c04_l0.npz,9c02b92eae48806dec348ae16d5f06aa8c822eff1908461af1072f56ab8d5df5,348344,0.9794703460554134
p000599_a000215_000324_c04_l1,TRAIN,p000599,p000599_a000215,000324,4,240,5,650,1,samples/p000599_a000215_000324_c04_l1.npz,f0674fea503748eac67679fef21a3c928f041cf883988d769e34d4a1199243b3,345625,0.9796372538110604
p000599_a000215_000324_c05_l0,TRAIN,p000599,p000599_a000215,000324,5,300,5,850,0,samples/p000599_a000215_000324_c05_l0.npz,7b9c086b9db0138a06030493265236df9fed0f08a6dafcc19e031b136b877443,349419,0.9820062977957715
p000599_a000215_000324_c05_l1,TRAIN,p000599,p000599_a000215,000324,5,300,5,850,1,samples/p000599_a000215_000324_c05_l1.npz,071723987391a151837b2d72d4ea29f6c8709cb089a9121819f320359c5ace06,347810,0.979251012145749
p000599_a000215_000324_c06_l0,TRAIN,p000599,p000599_a000215,000324,6,0,25,650,0,samples/p000599_a000215_000324_c06_l0.npz,ea4d05f2b386abe66410e46e2d7c709c8be3af386839d2ac9920873edecacd86,394858,0.9776911544227886
p000599_a000215_000324_c06_l1,TRAIN,p000599,p000599_a000215,000324,6,0,25,650,1,samples/p000599_a000215_000324_c06_l1.npz,de372d1a9255f3bea736b6edba5d76ec2181ab7ca18c8bc2884adaed306a4834,391563,0.9787106446776612
p000599_a000215_000324_c07_l0,TRAIN,p000599,p000599_a000215,000324,7,60,25,850,0,samples/p000599_a000215_000324_c07_l0.npz,ddceb49d8079c4683c500d26fee4c6246b12d6ab0034b63fe5f74785efc632ab,385966,0.9810685171461295
p000599_a000215_000324_c07_l1,TRAIN,p000599,p000599_a000215,000324,7,60,25,850,1,samples/p000599_a000215_000324_c07_l1.npz,12f9a1aee4f61dbc45b8855c65bcc3b4fbd425ac31ee6f4ff4d9ee20f5e3671a,383579,0.980664286195513
p000599_a000215_000324_c08_l0,TRAIN,p000599,p000599_a000215,000324,8,120,25,650,0,samples/p000599_a000215_000324_c08_l0.npz,3c0b1a7890427fc23f811c6fbe5003c52785eb6598240e2b2c8ce51271334ea0,429811,0.9808358710490391
p000599_a000215_000324_c08_l1,TRAIN,p000599,p000599_a000215,000324,8,120,25,650,1,samples/p000599_a000215_000324_c08_l1.npz,836c6e5b1dd3a8e4faa627ed23469ed35d190d2964b23543c0de131930aae229,426665,0.9807308621232805
p000599_a000215_000324_c09_l0,TRAIN,p000599,p000599_a000215,000324,9,180,25,850,0,samples/p000599_a000215_000324_c09_l0.npz,f8637d684e3a3e40bd23d675faf9b0cf915dcee29d87286a1bba519e650d0f6d,456509,0.9785728889797587
p000599_a000215_000324_c09_l1,TRAIN,p000599,p000599_a000215,000324,9,180,25,850,1,samples/p000599_a000215_000324_c09_l1.npz,efa5e55c2943c80011b6a5e0c12a6b71b944f3412c9c3aaabfa9781982a658bc,453128,0.9797178491106113
p000599_a000215_000324_c10_l0,TRAIN,p000599,p000599_a000215,000324,10,240,25,650,0,samples/p000599_a000215_000324_c10_l0.npz,428b0b873182773c00713af7f0f4d65c588a6937c8438ef03bc5636229d74a9d,431014,0.9811002895498816
p000599_a000215_000324_c10_l1,TRAIN,p000599,p000599_a000215,000324,10,240,25,650,1,samples/p000599_a000215_000324_c10_l1.npz,a8c79eeac55f7e1bf1bd2caa2c68da6cd62f96dd8d69606b50767e0c79cd4d39,426893,0.9806791260858121
p000599_a000215_000324_c11_l0,TRAIN,p000599,p000599_a000215,000324,11,300,25,850,0,samples/p000599_a000215_000324_c11_l0.npz,d01af6e0e5e0c5d6b60154ebac993fab0e7db04434dfa2ba78004de4f02f9e89,381694,0.980091051165319
p000599_a000215_000324_c11_l1,TRAIN,p000599,p000599_a000215,000324,11,300,25,850,1,samples/p000599_a000215_000324_c11_l1.npz,90dd29aa5784947821125dda3c072b7658d5d56351a0538a8f3f3df3f0baad03,381161,0.9790718217027927
p000599_a001026_000018_c00_l0,TRAIN,p000599,p000599_a001026,000018,0,0,5,650,0,samples/p000599_a001026_000018_c00_l0.npz,2e460ea6a64463ed8441e5f9d63c8d728c37ab4d9ae930b03c76ae7f96906a7d,383350,0.9808847384804243
p000599_a001026_000018_c00_l1,TRAIN,p000599,p000599_a001026,000018,0,0,5,650,1,samples/p000599_a001026_000018_c00_l1.npz,4c34966ac1e5e8f4bcfad4a23553d9368d0e238c1273af23fcb784b9b1c458c8,381758,0.9810601078521636
p000599_a001026_000018_c01_l0,TRAIN,p000599,p000599_a001026,000018,1,60,5,850,0,samples/p000599_a001026_000018_c01_l0.npz,19852b3acf02b652fb90038cc11c5ab1d413cbe0948512fff1ea1f13bcfd8e3a,393936,0.9818506805994776
p000599_a001026_000018_c01_l1,TRAIN,p000599,p000599_a001026,000018,1,60,5,850,1,samples/p000599_a001026_000018_c01_l1.npz,15bbfae54313c56c56c4e5c69aaa9cf687f669bbec151b9d647e0365115a61b2,391685,0.9800174160135662
p000599_a001026_000018_c02_l0,TRAIN,p000599,p000599_a001026,000018,2,120,5,650,0,samples/p000599_a001026_000018_c02_l0.npz,71ecefd677d4c38e26478620f9fab0ab77741bd756ed788a62db0917976bb277,370649,0.9824079164376031
p000599_a001026_000018_c02_l1,TRAIN,p000599,p000599_a001026,000018,2,120,5,650,1,samples/p000599_a001026_000018_c02_l1.npz,55aeddd783861c77ae93d042e06d2f127ceffc3c0322a105df4c5cc24aa053bf,368841,0.9816082762756759
p000599_a001026_000018_c03_l0,TRAIN,p000599,p000599_a001026,000018,3,180,5,850,0,samples/p000599_a001026_000018_c03_l0.npz,458fa3128ce19513cc6b7652feb56e51ed4e50e70db1b148119995efe3b78c1b,402300,0.980216948589003
p000599_a001026_000018_c03_l1,TRAIN,p000599,p000599_a001026,000018,3,180,5,850,1,samples/p000599_a001026_000018_c03_l1.npz,7f4014daee85e6bcbfb1dead47234e4a99d4598850dbb5f9e65b85cd8ffa6a8b,398222,0.9794688500062342
p000599_a001026_000018_c04_l0,TRAIN,p000599,p000599_a001026,000018,4,240,5,650,0,samples/p000599_a001026_000018_c04_l0.npz,88a9b89b0424e24b5b85ef0f4f4755d856e3377595e2d465366ab21e85016742,383812,0.979340015128593
p000599_a001026_000018_c04_l1,TRAIN,p000599,p000599_a001026,000018,4,240,5,650,1,samples/p000599_a001026_000018_c04_l1.npz,70404a1fd426ec9d29accd020d8bccbf213f79201fb83f9d246bb52bb1e7b2ff,381448,0.9806637670196672
p000599_a001026_000018_c05_l0,TRAIN,p000599,p000599_a001026,000018,5,300,5,850,0,samples/p000599_a001026_000018_c05_l0.npz,72a0fd0e4c3767ef53d199696300b5b6f5875cdf5c66dec15238ce3f786b1b7c,375569,0.9808
p000599_a001026_000018_c05_l1,TRAIN,p000599,p000599_a001026,000018,5,300,5,850,1,samples/p000599_a001026_000018_c05_l1.npz,ac9bf1438ded3af8d53dd4bd753ccedc4b4738bbbde6079aa37ce524d66eb2d3,373186,0.9809
p000599_a001026_000018_c06_l0,TRAIN,p000599,p000599_a001026,000018,6,0,25,650,0,samples/p000599_a001026_000018_c06_l0.npz,1f0c659db388f653774871ebdc5b3c8269deb079eb7c5ff12c66e0b40ff22cba,418459,0.9817501409750347
p000599_a001026_000018_c06_l1,TRAIN,p000599,p000599_a001026,000018,6,0,25,650,1,samples/p000599_a001026_000018_c06_l1.npz,df7429e9b163939280367ae4d33e3eb63a9c1141216a1b19c8b2a4f81aa83147,414374,0.9789306402829754
p000599_a001026_000018_c07_l0,TRAIN,p000599,p000599_a001026,000018,7,60,25,850,0,samples/p000599_a001026_000018_c07_l0.npz,852ac8dcb3525907f9261ec939b2eae4c9f503acdc5f1bad557a5d88ab234385,416141,0.981099470785182
p000599_a001026_000018_c07_l1,TRAIN,p000599,p000599_a001026,000018,7,60,25,850,1,samples/p000599_a001026_000018_c07_l1.npz,91cfbb09e6bf8b34bc60db4566e4cc0ebccbf1f396c21882653c45ee1d1fc783,413394,0.9806134571768009
p000599_a001026_000018_c08_l0,TRAIN,p000599,p000599_a001026,000018,8,120,25,650,0,samples/p000599_a001026_000018_c08_l0.npz,d54923a4fe38d3cfb7fc9b4791a31a8c4c54f3971fe96c59d061d1c1ba5853ef,446178,0.9791452489352328
p000599_a001026_000018_c08_l1,TRAIN,p000599,p000599_a001026,000018,8,120,25,650,1,samples/p000599_a001026_000018_c08_l1.npz,c33e0db0877848b5222f6b2310a4028fd0eec62d7d931811731f3d675508c745,443054,0.9803201644881774
p000599_a001026_000018_c09_l0,TRAIN,p000599,p000599_a001026,000018,9,180,25,850,0,samples/p000599_a001026_000018_c09_l0.npz,06d4d4e9f7dbb3439dd3835a30a50cee8717f7b36485b4f3bb8692a77c1412b6,463221,0.9809064455694184
p000599_a001026_000018_c09_l1,TRAIN,p000599,p000599_a001026,000018,9,180,25,850,1,samples/p000599_a001026_000018_c09_l1.npz,4e339cea8dad2437ebc0becceb1a10cd37e6f36c110e0acff693417525b55765,459505,0.9803483876111133
p000599_a001026_000018_c10_l0,TRAIN,p000599,p000599_a001026,000018,10,240,25,650,0,samples/p000599_a001026_000018_c10_l0.npz,3f8bde5fab3346bf32fb7d9e6f98d66f13878d89d86ea8b1fbdaf192bd8cf610,456682,0.9792321035113215
p000599_a001026_000018_c10_l1,TRAIN,p000599,p000599_a001026,000018,10,240,25,650,1,samples/p000599_a001026_000018_c10_l1.npz,07e264a49ef4e5eb1ae4b6bc229732e41768df8b821ecaf12c54b87cd95e8aa2,450582,0.9774037785382776
p000599_a001026_000018_c11_l0,TRAIN,p000599,p000599_a001026,000018,11,300,25,850,0,samples/p000599_a001026_000018_c11_l0.npz,f41c30a747e3c60baabefaa03f05b1821fca08c6bdf4d5f8d267c97d2664ac67,402472,0.9802689016937315
p000599_a001026_000018_c11_l1,TRAIN,p000599,p000599_a001026,000018,11,300,25,850,1,samples/p000599_a001026_000018_c11_l1.npz,2b624c9805aafb84190863acf4b3323dfd5e00a35097dbc904df6c75b6b8996f,400857,0.9796286595657995
p000599_a001026_000060_c00_l0,TRAIN,p000599,p000599_a001026,000060,0,0,5,650,0,samples/p000599_a001026_000060_c00_l0.npz,e50708f8c72a8f5487488433df74c199733c660bf4140ed55f2a8e45d0ee1fb1,381942,0.9802977623250424
p000599_a001026_000060_c00_l1,TRAIN,p000599,p000599_a001026,000060,0,0,5,650,1,samples/p000599_a001026_000060_c00_l1.npz,0a1b9e9b4b3b30d43faebe2fbc13b76d975d9ecd2a2de66211949d50b4d9cba3,380341,0.9799411607381653
p000599_a001026_000060_c01_l0,TRAIN,p000599,p000599_a001026,000060,1,60,5,850,0,samples/p000599_a001026_000060_c01_l0.npz,b19c513961ec19ed327df1832dbcd38520f2e0f9c3c1f3d0dad080b76b8ce7a8,379389,0.9815901178041685
p000599_a001026_000060_c01_l1,TRAIN,p000599,p000599_a001026,000060,1,60,5,850,1,samples/p000599_a001026_000060_c01_l1.npz,bf534fb4127ad5691a9f4f37cb777533f46f29c6b7fc7cfbee09aca80731bad8,377350,0.9800639099537368
p000599_a001026_000060_c02_l0,TRAIN,p000599,p000599_a001026,000060,2,120,5,650,0,samples/p000599_a001026_000060_c02_l0.npz,4c92631ded361b916dc7861df66dfa47881fb6860cea837719fb743053c85e77,361786,0.9812362030905077
p000599_a001026_000060_c02_l1,TRAIN,p000599,p000599_a001026,000060,2,120,5,650,1,samples/p000599_a001026_000060_c02_l1.npz,ad40cd81ac04b2f59128123631ac5f2d467a8ef1f92cf9f8b676f0adbed38bb9,360939,0.9804836443909292
p000599_a001026_000060_c03_l0,TRAIN,p000599,p000599_a001026,000060,3,180,5,850,0,samples/p000599_a001026_000060_c03_l0.npz,652494f83e736e9c97388d6fd77ac664b4685fdd3cc38207e1373640e9e64811,405197,0.9791088624122736
p000599_a001026_000060_c03_l1,TRAIN,p000599,p000599_a001026,000060,3,180,5,850,1,samples/p000599_a001026_000060_c03_l1.npz,fea8d48c4667de705a93baadbe5b5e9b71f121effb2b1c8612a302b5811caacd,401590,0.9802513464991023
p000599_a001026_000060_c04_l0,TRAIN,p000599,p000599_a001026,000060,4,240,5,650,0,samples/p000599_a001026_000060_c04_l0.npz,cb2647b99eb3a8254370bac1154c9c6d17b90e0ad220b25afa14f69e5e32a777,372569,0.9808208668968162
p000599_a001026_000060_c04_l1,TRAIN,p000599,p000599_a001026,000060,4,240,5,650,1,samples/p000599_a001026_000060_c04_l1.npz,fd0eda1285ec465381c582aef4d3c9fac1164fc87a0cb20d882b065ebaddaa50,370320,0.9789509014192559
p000599_a001026_000060_c05_l0,TRAIN,p000599,p000599_a001026,000060,5,300,5,850,0,samples/p000599_a001026_000060_c05_l0.npz,13c45658419e1ebbee632434f75444ea6e1d8f5f2450e8cf84ded9b9ff6b5812,371379,0.9803623152830281
p000599_a001026_000060_c05_l1,TRAIN,p000599,p000599_a001026,000060,5,300,5,850,1,samples/p000599_a001026_000060_c05_l1.npz,5dd99643af8bf53627069cb1eb7d42c669c9c0bffb4811597839bad4df9601af,369096,0.9810005400363297
p000599_a001026_000060_c06_l0,TRAIN,p000599,p000599_a001026,000060,6,0,25,650,0,samples/p000599_a001026_000060_c06_l0.npz,3b6f4dc3337d9efd03668961695cd4f1dd2827a5abec29d1aa053eec4e56e355,415707,0.9811221261337271
p000599_a001026_000060_c06_l1,TRAIN,p000599,p000599_a001026,000060,6,0,25,650,1,samples/p000599_a001026_000060_c06_l1.npz,79ae7e66fd087d59bb4f4c8aacb5a01f66b17c1ee00b6c251e0f829510029d69,411821,0.9800674963087956
p000599_a001026_000060_c07_l0,TRAIN,p000599,p000599_a001026,000060,7,60,25,850,0,samples/p000599_a001026_000060_c07_l0.npz,08f8b68d80975584fc723153abde47eaef83b91dbff0c18edd183cfc56013b2f,408712,0.9800282885431401
p000599_a001026_000060_c07_l1,TRAIN,p000599,p000599_a001026,000060,7,60,25,850,1,samples/p000599_a001026_000060_c07_l1.npz,84ebfb15b7de512f665f3e61b783a10c21a710b3af2e3a373260589ad13cfc8f,406982,0.9788967468175389
p000599_a001026_000060_c08_l0,TRAIN,p000599,p000599_a001026,000060,8,120,25,650,0,samples/p000599_a001026_000060_c08_l0.npz,227bb610975e35aed25fefc740be8a608a752142ce690a6f11fddaddd53b438e,448174,0.9792380860412341
p000599_a001026_000060_c08_l1,TRAIN,p000599,p000599_a001026,000060,8,120,25,650,1,samples/p000599_a001026_000060_c08_l1.npz,65b9e651607e51d9222df03a9b6deb218be869101a9b1061988cede2adbeaf8f,445233,0.9793829366037371
p000599_a001026_000060_c09_l0,TRAIN,p000599,p000599_a001026,000060,9,180,25,850,0,samples/p000599_a001026_000060_c09_l0.npz,391ddc97823a4187e5c85aaa6fba69cbb24b66529cecc4927c924957c7b7a9e8,468148,0.9798034722491941
p000599_a001026_000060_c09_l1,TRAIN,p000599,p000599_a001026,000060,9,180,25,850,1,samples/p000599_a001026_000060_c09_l1.npz,5060e185d095c97049305f1e5037a91b404bbb5beca55860044ff4bbe39350cd,464512,0.9805025828251835
p000599_a001026_000060_c10_l0,TRAIN,p000599,p000599_a001026,000060,10,240,25,650,0,samples/p000599_a001026_000060_c10_l0.npz,a437d676f55b06f8587d9b95e3f95b469f48fa93c12b5d0ad093117d34d95cc3,456564,0.9795841917962165
p000599_a001026_000060_c10_l1,TRAIN,p000599,p000599_a001026,000060,10,240,25,650,1,samples/p000599_a001026_000060_c10_l1.npz,899a4034f4e8f2011a64546b002d6273f8a90911a1d0e22fb9a4cf7479b621dc,450738,0.9795841917962165
p000599_a001026_000060_c11_l0,TRAIN,p000599,p000599_a001026,000060,11,300,25,850,0,samples/p000599_a001026_000060_c11_l0.npz,3a9b377bbe860c293ed459f62bd67baf49caf1fb938f4bb49515c25d16575809,403956,0.9811823287591918
p000599_a001026_000060_c11_l1,TRAIN,p000599,p000599_a001026,000060,11,300,25,850,1,samples/p000599_a001026_000060_c11_l1.npz,382661d4de18915cfaf5cb01360f35ed2bdda5ee2a2eb33d0b3bb64fac13d759,401624,0.9795032134792426
p100047_a000091_000024_c00_l0,TRAIN,p100047,p100047_a000091,000024,0,0,5,650,0,samples/p100047_a000091_000024_c00_l0.npz,08aeab500c0ac2f6067faec542be5d4222d2c869261999726a581ad36778a58d,343874,0.9787522133111134
p100047_a000091_000024_c00_l1,TRAIN,p100047,p100047_a000091,000024,0,0,5,650,1,samples/p100047_a000091_000024_c00_l1.npz,6023c6db3d864b7e78ae52205df16d7c76ea4abdc8a5c30610e8430cc5476f1e,342277,0.9782835121341527
p100047_a000091_000024_c01_l0,TRAIN,p100047,p100047_a000091,000024,1,60,5,850,0,samples/p100047_a000091_000024_c01_l0.npz,534c3ecb98f1cfef4529b61e79f1288f96d9a3b77c8d547730b45b07e7a1f193,360728,0.977763177844039
p100047_a000091_000024_c01_l1,TRAIN,p100047,p100047_a000091,000024,1,60,5,850,1,samples/p100047_a000091_000024_c01_l1.npz,3300b33db8cd3014c1e7e936e1128b6c435937458d519a373225cebb727b4c6a,359514,0.9776621013796938
p100047_a000091_000024_c02_l0,TRAIN,p100047,p100047_a000091,000024,2,120,5,650,0,samples/p100047_a000091_000024_c02_l0.npz,8a07cd56a62b4e87d4ad6501289fd428236e92fc2e8cd235b44cd41cc8f87292,360836,0.9788787078738934
p100047_a000091_000024_c02_l1,TRAIN,p100047,p100047_a000091,000024,2,120,5,650,1,samples/p100047_a000091_000024_c02_l1.npz,ff35cbb1c8d38a41439f5d4bf2007e6d45c0a58b7384dadd064ce2db01499151,359669,0.9787751721281772
p100047_a000091_000024_c03_l0,TRAIN,p100047,p100047_a000091,000024,3,180,5,850,0,samples/p100047_a000091_000024_c03_l0.npz,e3a48a8b778d00d0c5b215f752b7392fbbc8928ced56e9e4afb1ddc2ae6847ac,378659,0.9794430010483614
p100047_a000091_000024_c03_l1,TRAIN,p100047,p100047_a000091,000024,3,180,5,850,1,samples/p100047_a000091_000024_c03_l1.npz,0d82cba4373d64132d0a6da8ef626ab34b10e9419646821ed4b9677ef5fcd4ab,374721,0.9794430010483614
p100047_a000091_000024_c04_l0,TRAIN,p100047,p100047_a000091,000024,4,240,5,650,0,samples/p100047_a000091_000024_c04_l0.npz,a84f2aff4c842145b14590621c3045863a9dee10d2cc1ce8b7638a3570652182,365078,0.9786331339774064
p100047_a000091_000024_c04_l1,TRAIN,p100047,p100047_a000091,000024,4,240,5,650,1,samples/p100047_a000091_000024_c04_l1.npz,ad009ada2fdf74db982dddb622c10d53aecc6711f4fd975306dcb20eaca949ac,362412,0.9778663804120022
p100047_a000091_000024_c05_l0,TRAIN,p100047,p100047_a000091,000024,5,300,5,850,0,samples/p100047_a000091_000024_c05_l0.npz,0386543ee6e7cae8e57f3af3a8ff339f5f91202fc507d8c3213ea49df9c9bb2b,356432,0.9797901483434124
p100047_a000091_000024_c05_l1,TRAIN,p100047,p100047_a000091,000024,5,300,5,850,1,samples/p100047_a000091_000024_c05_l1.npz,7940eff799f4f04f71b525277bf1e9dd4625fe0dddf5d356d237af157f2616bb,353430,0.9805137747454385
p100047_a000091_000024_c06_l0,TRAIN,p100047,p100047_a000091,000024,6,0,25,650,0,samples/p100047_a000091_000024_c06_l0.npz,14f8f1718a26373637db067db821f338010ae4368fc7e57f1d3e702276be637b,375461,0.9770032573289902
p100047_a000091_000024_c06_l1,TRAIN,p100047,p100047_a000091,000024,6,0,25,650,1,samples/p100047_a000091_000024_c06_l1.npz,f1244d1b6985ee421b91f5f0ee26b7473765897e6425ad7f003fa842809884c7,372347,0.9781758957654723
p100047_a000091_000024_c07_l0,TRAIN,p100047,p100047_a000091,000024,7,60,25,850,0,samples/p100047_a000091_000024_c07_l0.npz,e1b7e054bf0eb2c4ce05676c0e1212748709214d43104c3a1c1532cf51822e5d,396695,0.9784708483649482
p100047_a000091_000024_c07_l1,TRAIN,p100047,p100047_a000091,000024,7,60,25,850,1,samples/p100047_a000091_000024_c07_l1.npz,c37d359f67ff154f94f04fb085adaa16e913b15d06cc1659d3672c740118ed24,394861,0.9791690911206796
p100047_a000091_000024_c08_l0,TRAIN,p100047,p100047_a000091,000024,8,120,25,650,0,samples/p100047_a000091_000024_c08_l0.npz,9c9a412b3f38f9caf911670f8578ec54fe982b91ce594f1d914110d6236b7e79,430629,0.9791789722386296
p100047_a000091_000024_c08_l1,TRAIN,p100047,p100047_a000091,000024,8,120,25,650,1,samples/p100047_a000091_000024_c08_l1.npz,ffb2a2f5e0e846172c08e33881234fd955c76de5c31ce1acfc988b086f9ee7ea,427678,0.9795235282535932
p100047_a000091_000024_c09_l0,TRAIN,p100047,p100047_a000091,000024,9,180,25,850,0,samples/p100047_a000091_000024_c09_l0.npz,41ff088ddad90805093fdd56146d3c1fa5b69f5f23e8af6ee97f0906525eb1b2,448714,0.97994658074363
p100047_a000091_000024_c09_l1,TRAIN,p100047,p100047_a000091,000024,9,180,25,850,1,samples/p100047_a000091_000024_c09_l1.npz,3434281c837d7edf466657ec21325b650d38a611b50e3c35a95b505f265154c5,446385,0.9781235426294145
p100047_a000091_000024_c10_l0,TRAIN,p100047,p100047_a000091,000024,10,240,25,650,0,samples/p100047_a000091_000024_c10_l0.npz,117bc413a1590b30f03d553d1dc47c0cf5c58184ef81adebb1d4d26eae098ddc,434577,0.9781277340332458
p100047_a000091_000024_c10_l1,TRAIN,p100047,p100047_a000091,000024,10,240,25,650,1,samples/p100047_a000091_000024_c10_l1.npz,3423a8a17a27fa3e526f0acc12b6fdeef679a48c7b255f2fe31355f5148780cb,429266,0.9797317002041411
p100047_a000091_000024_c11_l0,TRAIN,p100047,p100047_a000091,000024,11,300,25,850,0,samples/p100047_a000091_000024_c11_l0.npz,abb5fd4fc426d6895fa6409669fc7d7d50aa09e550a37bc783657c416b5fa0df,391763,0.9790159622167752
p100047_a000091_000024_c11_l1,TRAIN,p100047,p100047_a000091,000024,11,300,25,850,1,samples/p100047_a000091_000024_c11_l1.npz,d07345c368faaffa03f0656b8d11a48cfa2391a8f44833a6a19f0530adb25cb8,389234,0.9822442757218868
p100047_a000091_000096_c00_l0,TRAIN,p100047,p100047_a000091,000096,0,0,5,650,0,samples/p100047_a000091_000096_c00_l0.npz,8b06adf48cae0d9b197885b791e32a106de5e1394ed8e977fbf93f0f55f06208,340290,0.9797354052918942
p100047_a000091_000096_c00_l1,TRAIN,p100047,p100047_a000091,000096,0,0,5,650,1,samples/p100047_a000091_000096_c00_l1.npz,2d19c17670069797ebd001bac92d4d629eb9a5b28a7ce39b74d252cbfc0d5df1,338751,0.9803653926921462
p100047_a000091_000096_c01_l0,TRAIN,p100047,p100047_a000091,000096,1,60,5,850,0,samples/p100047_a000091_000096_c01_l0.npz,02ff3e963814afbb62f69984c64978d32433671a00e7e294627f68de437536c1,364998,0.9802083333333333
p100047_a000091_000096_c01_l1,TRAIN,p100047,p100047_a000091,000096,1,60,5,850,1,samples/p100047_a000091_000096_c01_l1.npz,18b8d40ae77e6a079d2fc257d0dbca85a709de30286d98c206b876800cea7616,364088,0.9771825396825397
p100047_a000091_000096_c02_l0,TRAIN,p100047,p100047_a000091,000096,2,120,5,650,0,samples/p100047_a000091_000096_c02_l0.npz,80fdb5ede81876ec4eaeae7d6bef7f8e5997c6f3b619a0ae7dce5e7a6056198a,358282,0.9803677932405567
p100047_a000091_000096_c02_l1,TRAIN,p100047,p100047_a000091,000096,2,120,5,650,1,samples/p100047_a000091_000096_c02_l1.npz,17d61db2b0164f0fa67ecdf08bb1cbdb2e2e7a074a3aae6dcee8091506a51c07,356608,0.9797216699801193
p100047_a000091_000096_c03_l0,TRAIN,p100047,p100047_a000091,000096,3,180,5,850,0,samples/p100047_a000091_000096_c03_l0.npz,dd7cd309a69bc74728f60ac9605932f1c63560cb8f43f80b1b6fb211322b009f,379192,0.9796203616033184
p100047_a000091_000096_c03_l1,TRAIN,p100047,p100047_a000091,000096,3,180,5,850,1,samples/p100047_a000091_000096_c03_l1.npz,66c637211afa3ef7f488cd5c07bb037f6d2c8652a204d3c3e811b3822888290c,375115,0.9814689571216015
p100047_a000091_000096_c04_l0,TRAIN,p100047,p100047_a000091,000096,4,240,5,650,0,samples/p100047_a000091_000096_c04_l0.npz,abdc77680a515f8a45faa102034aacae2acaf85a9ba3b1e63591cac3094a4e3e,357029,0.9805361363979279
p100047_a000091_000096_c04_l1,TRAIN,p100047,p100047_a000091,000096,4,240,5,650,1,samples/p100047_a000091_000096_c04_l1.npz,2db5c439b5bbe2fbc9717f34bc276572ae29e597f6982df652c8b4277631c503,354445,0.9794799577528542
p100047_a000091_000096_c05_l0,TRAIN,p100047,p100047_a000091,000096,5,300,5,850,0,samples/p100047_a000091_000096_c05_l0.npz,58146bd572589e320be6bb562ed6488d71000809dc872c5e9c2cc219ea4bd81b,362840,0.9785989299464973
p100047_a000091_000096_c05_l1,TRAIN,p100047,p100047_a000091,000096,5,300,5,850,1,samples/p100047_a000091_000096_c05_l1.npz,1707de44d495698130eadbcb62a74046facac4293cee3114704c8ea237432358,359884,0.9784489224461224
p100047_a000091_000096_c06_l0,TRAIN,p100047,p100047_a000091,000096,6,0,25,650,0,samples/p100047_a000091_000096_c06_l0.npz,82618cf9730527742e234571cef21a3ee6ce52d3d7ae54ec0c11b1e9f2b0763e,376798,0.9804147465437788
p100047_a000091_000096_c06_l1,TRAIN,p100047,p100047_a000091,000096,6,0,25,650,1,samples/p100047_a000091_000096_c06_l1.npz,c61d357bf7976b69c1a2db0ec530335dbba5228bf343f8e40be6668cfb189c73,373604,0.9799027137736815
p100047_a000091_000096_c07_l0,TRAIN,p100047,p100047_a000091,000096,7,60,25,850,0,samples/p100047_a000091_000096_c07_l0.npz,07b01fe3f8fc36be3bd87ba04653fd895c32fe4b7fcc60e4af5d881a2bd1140f,411306,0.9799258127863845
p100047_a000091_000096_c07_l1,TRAIN,p100047,p100047_a000091,000096,7,60,25,850,1,samples/p100047_a000091_000096_c07_l1.npz,9c7c3cc9f370c08bab54e8e60d4999398eaa699bc209e9148191c4f51b0b6fbd,409548,0.9823805367663103
p100047_a000091_000096_c08_l0,TRAIN,p100047,p100047_a000091,000096,8,120,25,650,0,samples/p100047_a000091_000096_c08_l0.npz,2537e3605f6463bb02a70ec8a4a503737805eb542524033348916f9c53cf458f,440400,0.9800236686390532
p100047_a000091_000096_c08_l1,TRAIN,p100047,p100047_a000091,000096,8,120,25,650,1,samples/p100047_a000091_000096_c08_l1.npz,ee62e531b295e194b4d93c33d2f856ae62bb4af7d69f7f65a16c42eb9bacd93d,437386,0.9795029585798817
p100047_a000091_000096_c09_l0,TRAIN,p100047,p100047_a000091,000096,9,180,25,850,0,samples/p100047_a000091_000096_c09_l0.npz,08abca823ec52db89fa1744083872851a2448e4f8440d42d10201eea39f37ea5,445763,0.9806031732527968
p100047_a000091_000096_c09_l1,TRAIN,p100047,p100047_a000091,000096,9,180,25,850,1,samples/p100047_a000091_000096_c09_l1.npz,fb1e2c58b9fb7d087e583065441781f4beb7bd6bc8750f9bf6f914bc739a0124,443547,0.9806457101535582
p100047_a000091_000096_c10_l0,TRAIN,p100047,p100047_a000091,000096,10,240,25,650,0,samples/p100047_a000091_000096_c10_l0.npz,43148677cfe2b66657dd72692c484b328ce191d83446974414b2bc5b3c6a10fc,440631,0.9794377433754393
p100047_a000091_000096_c10_l1,TRAIN,p100047,p100047_a000091,000096,10,240,25,650,1,samples/p100047_a000091_000096_c10_l1.npz,a4c06fbdd7a782b507d4cb86ffb6b4b868634430db56c9f4c1902f4794df51a1,435934,0.9803875011871973
p100047_a000091_000096_c11_l0,TRAIN,p100047,p100047_a000091,000096,11,300,25,850,0,samples/p100047_a000091_000096_c11_l0.npz,9d7a638e65a2d8a8fd9b53421aed576f03be35803b6d37274f89f8a77535fb90,408439,0.9789282570422535
p100047_a000091_000096_c11_l1,TRAIN,p100047,p100047_a000091,000096,11,300,25,850,1,samples/p100047_a000091_000096_c11_l1.npz,916b7466b7bb4bd1c4cee078aa5a1c9e8dce0461f0be2be3d8b260c4c761e72c,406254,0.9806888204225352
p100047_a000225_000030_c00_l0,TRAIN,p100047,p100047_a000225,000030,0,0,5,650,0,samples/p100047_a000225_000030_c00_l0.npz,27cd92bd96c696790debc471a1247a5f1c366bf3b1e0393aeb279975cd49d52b,372653,0.9802483845836579
p100047_a000225_000030_c00_l1,TRAIN,p100047,p100047_a000225,000030,0,0,5,650,1,samples/p100047_a000225_000030_c00_l1.npz,413fff5733507cdc678c5e6514b617e6869c62b13e87723e0b46cd33ca9d973d,371347,0.9785527702671738
p100047_a000225_000030_c01_l0,TRAIN,p100047,p100047_a000225,000030,1,60,5,850,0,samples/p100047_a000225_000030_c01_l0.npz,6db0431e90bbb7df52e817bd3fca89ba666e6c4eb47ebb3c611bee857965b536,361466,0.9784461959144282
p100047_a000225_000030_c01_l1,TRAIN,p100047,p100047_a000225,000030,1,60,5,850,1,samples/p100047_a000225_000030_c01_l1.npz,6bc7a9949e15dfbde732c25a33d5245340da5d1a27dc517f66a8ae983bc955e8,360476,0.9796793737601202
p100047_a000225_000030_c02_l0,TRAIN,p100047,p100047_a000225,000030,2,120,5,650,0,samples/p100047_a000225_000030_c02_l0.npz,a1e0f0256a94e6669963df4c20f03f08b726b57b88c8d1fc7537333ee8a9317d,346109,0.9792923979846078
p100047_a000225_000030_c02_l1,TRAIN,p100047,p100047_a000225,000030,2,120,5,650,1,samples/p100047_a000225_000030_c02_l1.npz,8be974c53774c54b729fee06e85053a9acdab8a5c7dc3a62135a67380a13a196,344078,0.978461879187199
p100047_a000225_000030_c03_l0,TRAIN,p100047,p100047_a000225,000030,3,180,5,850,0,samples/p100047_a000225_000030_c03_l0.npz,fb99b97c015713b982fff46366b257d8d22f27815ebe79c7cadf9cb0f1714f29,389595,0.9784454886407725
p100047_a000225_000030_c03_l1,TRAIN,p100047,p100047_a000225,000030,3,180,5,850,1,samples/p100047_a000225_000030_c03_l1.npz,16a933ad1a183351e6345cff5ce467137bf59c5b68ceb4be4d4ed8ccf84819f8,386958,0.9771522179592189
p100047_a000225_000030_c04_l0,TRAIN,p100047,p100047_a000225,000030,4,240,5,650,0,samples/p100047_a000225_000030_c04_l0.npz,40babff83e609386e9e7dc3722f1b9b06b9167ec61054be1be96978981ceea0b,351157,0.9763639307107009
p100047_a000225_000030_c04_l1,TRAIN,p100047,p100047_a000225,000030,4,240,5,650,1,samples/p100047_a000225_000030_c04_l1.npz,873916b4fed877d83652c07ec1ba478327bcf36b8deed556e3d8651409efad2f,348988,0.9784145485942475
p100047_a000225_000030_c05_l0,TRAIN,p100047,p100047_a000225,000030,5,300,5,850,0,samples/p100047_a000225_000030_c05_l0.npz,05284d133b72b1f43a7b2d08b2e5349acf7347e3328a9ae7e41073074eecaad3,359975,0.9791847826086957
p100047_a000225_000030_c05_l1,TRAIN,p100047,p100047_a000225,000030,5,300,5,850,1,samples/p100047_a000225_000030_c05_l1.npz,1e4f733d3795f637c9aae4eef6313a904e2e8c0f60ea4ce1531bee98920a2845,356721,0.9796739130434783
p100047_a000225_000030_c06_l0,TRAIN,p100047,p100047_a000225,000030,6,0,25,650,0,samples/p100047_a000225_000030_c06_l0.npz,0250c95b58fa97b87ba1c1716b298c4cbdcc799dd0a19685162b1feb9661a7a6,408727,0.9791508307090889
p100047_a000225_000030_c06_l1,TRAIN,p100047,p100047_a000225,000030,6,0,25,650,1,samples/p100047_a000225_000030_c06_l1.npz,13f171f9b105036866867324bd3d7ca6ff3768c6d6d3bc41cee87d7236c6a6ce,405302,0.9784992941687479
p100047_a000225_000030_c07_l0,TRAIN,p100047,p100047_a000225,000030,7,60,25,850,0,samples/p100047_a000225_000030_c07_l0.npz,e005eb47cd20172fcef460906b8beb1c4e199ae7c1e99253f864c31ba21aa833,384545,0.9791218524610907
p100047_a000225_000030_c07_l1,TRAIN,p100047,p100047_a000225,000030,7,60,25,850,1,samples/p100047_a000225_000030_c07_l1.npz,2f9a2ed38866d3cda01e7023efbd670225008794536987f1de812b9863f51e56,382257,0.979881057826142
p100047_a000225_000030_c08_l0,TRAIN,p100047,p100047_a000225,000030,8,120,25,650,0,samples/p100047_a000225_000030_c08_l0.npz,9e243d7ff159468badf143954b4711424f7c111383ed11af534d17bf5575047a,428001,0.9785407725321889
p100047_a000225_000030_c08_l1,TRAIN,p100047,p100047_a000225,000030,8,120,25,650,1,samples/p100047_a000225_000030_c08_l1.npz,4293f103d07da90bcb08695f3c02605e4ef415c1b6e6100093715edb5ff35999,425225,0.9798654162030414
p100047_a000225_000030_c09_l0,TRAIN,p100047,p100047_a000225,000030,9,180,25,850,0,samples/p100047_a000225_000030_c09_l0.npz,9511653f16b96c156266a45cb507679289b00ead6e8460526dfbb65236ca8406,454779,0.978938708350473
p100047_a000225_000030_c09_l1,TRAIN,p100047,p100047_a000225,000030,9,180,25,850,1,samples/p100047_a000225_000030_c09_l1.npz,8169d2209fb87e0fb7d45bda750e3bc039804d3a883444351007fdc3110fe0af,451930,0.9791855203619909
p100047_a000225_000030_c10_l0,TRAIN,p100047,p100047_a000225,000030,10,240,25,650,0,samples/p100047_a000225_000030_c10_l0.npz,5a50408dcec41023baee753a42eb46d6d2eb5e09b2f41c2b07aa89dbd866f53d,429545,0.9801255230125523
p100047_a000225_000030_c10_l1,TRAIN,p100047,p100047_a000225,000030,10,240,25,650,1,samples/p100047_a000225_000030_c10_l1.npz,16412f1f1799820383759f7cc1204b5c9f82d15e7ccc6f37487a948bbada1c3b,425664,0.9786087866108787
p100047_a000225_000030_c11_l0,TRAIN,p100047,p100047_a000225,000030,11,300,25,850,0,samples/p100047_a000225_000030_c11_l0.npz,627a0ac207471d23e901f0f0aeb8e434ac536554a3722c0b760c0f103e86bf97,381550,0.9806819655127706
p100047_a000225_000030_c11_l1,TRAIN,p100047,p100047_a000225,000030,11,300,25,850,1,samples/p100047_a000225_000030_c11_l1.npz,40100828213671a8d748efab633f19e8c115ed38fc09b73a7d2fd1c3119b52e9,378822,0.9788020225593155
p100047_a000225_000114_c00_l0,TRAIN,p100047,p100047_a000225,000114,0,0,5,650,0,samples/p100047_a000225_000114_c00_l0.npz,cfc65d7915e96cec15ccdc2e95004534c83c6d95a8a58ebdb81ff1e022f35d29,372673,0.9795298771792631
p100047_a000225_000114_c00_l1,TRAIN,p100047,p100047_a000225,000114,0,0,5,650,1,samples/p100047_a000225_000114_c00_l1.npz,4a705981ae8d60597a868fdc6dd7fd01e706f5f1406c4484bc37f2bd164a279e,371861,0.9777358664151985
p100047_a000225_000114_c01_l0,TRAIN,p100047,p100047_a000225,000114,1,60,5,850,0,samples/p100047_a000225_000114_c01_l0.npz,c3dcb911da4397cb6288706f6b7d2a194d0b9cf10d494ac96e0f6da6a6d25332,344900,0.9792232256634716
p100047_a000225_000114_c01_l1,TRAIN,p100047,p100047_a000225,000114,1,60,5,850,1,samples/p100047_a000225_000114_c01_l1.npz,1bd208e885ebdc11ab96d7ef294cecd258e1970188e3d21fb1159cf2fafc5bd0,343525,0.978004321569062
p100047_a000225_000114_c02_l0,TRAIN,p100047,p100047_a000225,000114,2,120,5,650,0,samples/p100047_a000225_000114_c02_l0.npz,d788bcdab0d130178484a0b771e96dc5a49a31e828ca75fece675982688c1db8,346284,0.9790023330741029
p100047_a000225_000114_c02_l1,TRAIN,p100047,p100047_a000225,000114,2,120,5,650,1,samples/p100047_a000225_000114_c02_l1.npz,0aa665179f6038e00ee760e83e050d3e7a3d0f363bb9809d03575e5180782443,344260,0.9785023886234863
p100047_a000225_000114_c03_l0,TRAIN,p100047,p100047_a000225,000114,3,180,5,850,0,samples/p100047_a000225_000114_c03_l0.npz,896838a56f951ceddc934e08acdd3c6d6715be8f6461fd70cf0f7cfa5a342f2a,391172,0.9788330256322184
p100047_a000225_000114_c03_l1,TRAIN,p100047,p100047_a000225,000114,3,180,5,850,1,samples/p100047_a000225_000114_c03_l1.npz,1017e6df6d6a8a70071f6e94fee6673d16c701a299ef7c9cb1267db78e94b72d,388888,0.9790906358679318
p100047_a000225_000114_c04_l0,TRAIN,p100047,p100047_a000225,000114,4,240,5,650,0,samples/p100047_a000225_000114_c04_l0.npz,c043b3b270d81974d79a021cd58c1ac4a4f04241925e0b1b3bf9540025c9a5d0,351128,0.9790885883439249
p100047_a000225_000114_c04_l1,TRAIN,p100047,p100047_a000225,000114,4,240,5,650,1,samples/p100047_a000225_000114_c04_l1.npz,ace094d7794e69529eb6c536b926ca4c60069245e684848305beec0f3caf802e,348700,0.9793058497637283
p100047_a000225_000114_c05_l0,TRAIN,p100047,p100047_a000225,000114,5,300,5,850,0,samples/p100047_a000225_000114_c05_l0.npz,ba0a369a556dab678570afb322c3772a7f7af7e4a8e711c214a9be8478cf5376,350114,0.979050279329609
p100047_a000225_000114_c05_l1,TRAIN,p100047,p100047_a000225,000114,5,300,5,850,1,samples/p100047_a000225_000114_c05_l1.npz,018d343b77b82b5155a53394c25c01c360fc0120ff1992429efbd17e28e72a22,347165,0.9778147829823808
p100047_a000225_000114_c06_l0,TRAIN,p100047,p100047_a000225,000114,6,0,25,650,0,samples/p100047_a000225_000114_c06_l0.npz,3c6fc5a4f6c633012bcbe1efbe40f784cf86af6a215b9594751974624d772c7d,408327,0.9789876880984952
p100047_a000225_000114_c06_l1,TRAIN,p100047,p100047_a000225,000114,6,0,25,650,1,samples/p100047_a000225_000114_c06_l1.npz,78482f788326208cc1d1b8a4470cd9492ad9d123fbcae565c8daff82bde787a5,404985,0.9786593707250342
p100047_a000225_000114_c07_l0,TRAIN,p100047,p100047_a000225,000114,7,60,25,850,0,samples/p100047_a000225_000114_c07_l0.npz,1fb750530a86c02d3825a5c670c2fc66d52a4a049dead32be221365e7c425c36,382761,0.9779830941615884
p100047_a000225_000114_c07_l1,TRAIN,p100047,p100047_a000225,000114,7,60,25,850,1,samples/p100047_a000225_000114_c07_l1.npz,2d0c7020eb289e53e3d2dd07987230fa9f1e20232b3cd77668282116d7321c23,380205,0.9788349387327174
p100047_a000225_000114_c08_l0,TRAIN,p100047,p100047_a000225,000114,8,120,25,650,0,samples/p100047_a000225_000114_c08_l0.npz,5b102a130ef109cc8c694af89ece254f1e58099d2cd9c59400da8064a607d698,423483,0.9768217177329734
p100047_a000225_000114_c08_l1,TRAIN,p100047,p100047_a000225,000114,8,120,25,650,1,samples/p100047_a000225_000114_c08_l1.npz,10e93147bd65de8000bc6ca3cce7a914909324b3fed8cdcccb2a60b062cc7618,420862,0.9783034344075779
p100047_a000225_000114_c09_l0,TRAIN,p100047,p100047_a000225,000114,9,180,25,850,0,samples/p100047_a000225_000114_c09_l0.npz,1a05adc582e3687398c3b7f6f0b36ffb04d65995c0246037a648b90d834f811b,456887,0.9796585246303406
p100047_a000225_000114_c09_l1,TRAIN,p100047,p100047_a000225,000114,9,180,25,850,1,samples/p100047_a000225_000114_c09_l1.npz,755b044db51cc1f62d0210970e8ba689320998c612dd504bbad31fe1096e0328,454994,0.9784331345478311
p100047_a000225_000114_c10_l0,TRAIN,p100047,p100047_a000225,000114,10,240,25,650,0,samples/p100047_a000225_000114_c10_l0.npz,f4b570d3480d950e8f724faa2695738db0259f5fbe01987771493e80d04a75a0,425045,0.9781236853176273
p100047_a000225_000114_c10_l1,TRAIN,p100047,p100047_a000225,000114,10,240,25,650,1,samples/p100047_a000225_000114_c10_l1.npz,afb49b2ca9d3ab3cc456f8e575879a754052327c2f2fd1c6ab7c404fd3245a0f,420679,0.9779659234328986
p100047_a000225_000114_c11_l0,TRAIN,p100047,p100047_a000225,000114,11,300,25,850,0,samples/p100047_a000225_000114_c11_l0.npz,7089f6b65ba6eed1b23e9d6230197cd256c6a6a83a2bb7e3761faa8cc18a6ea5,386569,0.9787616297722169
p100047_a000225_000114_c11_l1,TRAIN,p100047,p100047_a000225,000114,11,300,25,850,1,samples/p100047_a000225_000114_c11_l1.npz,477914a58ad6d0a4349e95f7067ff7e00f26cd53cc536cb0d2ac28c0dae23122,383543,0.9778633301251203
