subject,role,case,method,probe_id,provided_reference,error_mm,tangent_mm,normal_abs_mm,normal_angle_deg
S103,validation_consumed,RIGID_ONLY,FIXED,ENG_MID_UP,True,0.06841804801025737,0.06546756177475414,0.019875302483299,0.5422279841998846
S103,validation_consumed,RIGID_ONLY,FIXED,ENG_MID_DOWN,True,0.14965069650321172,0.13792281722424335,0.058074326968328684,0.1552840095557935
S103,validation_consumed,RIGID_ONLY,FIXED,ENG_PAIR_1_NEG_X,True,0.44205240050019273,0.17443288434758403,0.4061816018065874,0.3166960119619057
S103,validation_consumed,RIGID_ONLY,FIXED,ENG_PAIR_1_POS_X,False,0.4099126199415154,0.12131314782094708,0.3915500940532262,0.20972261339304973
S103,validation_consumed,RIGID_ONLY,FIXED,ENG_PAIR_2_NEG_X,False,0.22153167972832716,0.15417650779449368,0.1590782498255137,0.39322894823763865
S103,validation_consumed,RIGID_ONLY,FIXED,ENG_PAIR_2_POS_X,False,0.19316379850064622,0.1065562125787825,0.16111494844384724,0.22866815603787627
S103,validation_consumed,RIGID_ONLY,FIXED,ENG_PAIR_3_NEG_X,False,0.41970110943784444,0.20668079433723321,0.3652835481040554,0.31293641478056566
S103,validation_consumed,RIGID_ONLY,FIXED,ENG_PAIR_3_POS_X,True,0.3923081533663127,0.18786337340837256,0.3444024392034887,0.21964566786552486
S103,validation_consumed,RIGID_ONLY,REF4_EXACT,ENG_MID_UP,True,0.01157538132437928,0.0020769153547519066,0.011387531576860033,10.337620484931762
S103,validation_consumed,RIGID_ONLY,REF4_EXACT,ENG_MID_DOWN,True,0.058345344893311515,0.00015791303806742194,0.058345131195258096,0.1552840095557935
S103,validation_consumed,RIGID_ONLY,REF4_EXACT,ENG_PAIR_1_NEG_X,True,0.40587228258499114,0.0022434332211265246,0.405866082320429,0.3166960119619057
S103,validation_consumed,RIGID_ONLY,REF4_EXACT,ENG_PAIR_1_POS_X,False,0.3945436432219268,0.04793144517130172,0.39162132599058186,0.20972261339304973
S103,validation_consumed,RIGID_ONLY,REF4_EXACT,ENG_PAIR_2_NEG_X,False,0.1747017696915358,0.07430746951908804,0.15811106320249768,0.39322894823763865
S103,validation_consumed,RIGID_ONLY,REF4_EXACT,ENG_PAIR_2_POS_X,False,0.1658310679549622,0.040605531776297575,0.1607828780941782,0.22866815603787627
S103,validation_consumed,RIGID_ONLY,REF4_EXACT,ENG_PAIR_3_NEG_X,False,0.374023292683641,0.0812121786958064,0.36509999383921243,0.3129364147817303
S103,validation_consumed,RIGID_ONLY,REF4_EXACT,ENG_PAIR_3_POS_X,True,0.34430805011904303,0.0013192683631723181,0.34430552262164393,0.21964566786552486
S103,validation_consumed,RIGID_ONLY,REF4_NOISY5,ENG_MID_UP,True,4.95628694183813,4.943489959698301,0.35593154987617154,4.7799953679847205
S103,validation_consumed,RIGID_ONLY,REF4_NOISY5,ENG_MID_DOWN,True,4.316963251639187,4.316655987543626,0.051505351245730635,0.1552840095557935
S103,validation_consumed,RIGID_ONLY,REF4_NOISY5,ENG_PAIR_1_NEG_X,True,1.332830395646198,1.2687853329309542,0.4081919187069833,0.3166960119619057
S103,validation_consumed,RIGID_ONLY,REF4_NOISY5,ENG_PAIR_1_POS_X,False,5.61814577159563,5.60586038319662,0.3713371446603435,0.20972261339304973
S103,validation_consumed,RIGID_ONLY,REF4_NOISY5,ENG_PAIR_2_NEG_X,False,3.614847963340974,3.612382028053777,0.13349861970998572,0.39322894823763865
S103,validation_consumed,RIGID_ONLY,REF4_NOISY5,ENG_PAIR_2_POS_X,False,5.756709437335126,5.756225450869147,0.07464653153091394,11.450110644241432
S103,validation_consumed,RIGID_ONLY,REF4_NOISY5,ENG_PAIR_3_NEG_X,False,6.374385999617027,6.365706458770892,0.33253293502465747,0.3129364147817303
S103,validation_consumed,RIGID_ONLY,REF4_NOISY5,ENG_PAIR_3_POS_X,True,4.455473257424708,4.438339212556047,0.3903677521441941,2.3010088238791724
S103,validation_consumed,NORMAL_BUMP,FIXED,ENG_MID_UP,True,1.1049129060046634,1.052801925126464,0.33532169077720225,0.3228859052329329
S103,validation_consumed,NORMAL_BUMP,FIXED,ENG_MID_DOWN,True,0.8480562683664951,0.8439555417758486,0.08329752590286398,0.6474710706903618
S103,validation_consumed,NORMAL_BUMP,FIXED,ENG_PAIR_1_NEG_X,True,1.8295958324181785,1.7360694701790154,0.5774804799422398,0.6623646773955063
S103,validation_consumed,NORMAL_BUMP,FIXED,ENG_PAIR_1_POS_X,False,1.4191887039606108,1.3568304532595687,0.4160621330484553,0.7906871249611289
S103,validation_consumed,NORMAL_BUMP,FIXED,ENG_PAIR_2_NEG_X,False,1.822054933228233,1.8126560753880314,0.18483000854893497,1.1943106389185878
S103,validation_consumed,NORMAL_BUMP,FIXED,ENG_PAIR_2_POS_X,False,0.7776616338988214,0.6327100226392123,0.452145600542648,0.2588199221106001
S103,validation_consumed,NORMAL_BUMP,FIXED,ENG_PAIR_3_NEG_X,False,1.4291653473870647,1.3433125059554416,0.48787816257309685,0.6071939988231848
S103,validation_consumed,NORMAL_BUMP,FIXED,ENG_PAIR_3_POS_X,True,1.3092062561987576,1.308561761435218,0.04107478276906771,0.5032841733062139
S103,validation_consumed,NORMAL_BUMP,REF4_EXACT,ENG_MID_UP,True,0.1653285642505708,0.031038329956862495,0.16238890427194846,10.820414460411333
S103,validation_consumed,NORMAL_BUMP,REF4_EXACT,ENG_MID_DOWN,True,0.0763320463318526,0.0008616639164984951,0.0763271827889848,0.6474710706897989
S103,validation_consumed,NORMAL_BUMP,REF4_EXACT,ENG_PAIR_1_NEG_X,True,0.5591933468396905,0.006461102589174174,0.5591560187488878,0.6623646773955063
S103,validation_consumed,NORMAL_BUMP,REF4_EXACT,ENG_PAIR_1_POS_X,False,2.6503165129573856,2.616420251925634,0.42251944827190535,0.7906871249611289
S103,validation_consumed,NORMAL_BUMP,REF4_EXACT,ENG_PAIR_2_NEG_X,False,0.5783850150033272,0.5560877936601062,0.15904587804351975,1.1943106389185878
S103,validation_consumed,NORMAL_BUMP,REF4_EXACT,ENG_PAIR_2_POS_X,False,1.6595873387501952,1.5957558046889395,0.45584377449024166,0.2588199221106001
S103,validation_consumed,NORMAL_BUMP,REF4_EXACT,ENG_PAIR_3_NEG_X,False,0.7846972359680894,0.624227535390781,0.47548894434666994,0.6071939988231848
S103,validation_consumed,NORMAL_BUMP,REF4_EXACT,ENG_PAIR_3_POS_X,True,0.016816184406518907,0.0008967265675327975,0.016792258319152025,3.065583206824186
S103,validation_consumed,NORMAL_BUMP,REF4_NOISY5,ENG_MID_UP,True,4.9607749167751924,4.92218659091484,0.6175491390359696,4.680094914521041
S103,validation_consumed,NORMAL_BUMP,REF4_NOISY5,ENG_MID_DOWN,True,4.340368437692429,4.3402692244253975,0.029346795776875278,0.6474710706897989
S103,validation_consumed,NORMAL_BUMP,REF4_NOISY5,ENG_PAIR_1_NEG_X,True,1.3557432899231694,1.2300259685530082,0.5701543517828598,0.6623646773955063
S103,validation_consumed,NORMAL_BUMP,REF4_NOISY5,ENG_PAIR_1_POS_X,False,7.0244090233297865,7.01519746781889,0.35962009752566143,0.7906871249611289
S103,validation_consumed,NORMAL_BUMP,REF4_NOISY5,ENG_PAIR_2_NEG_X,False,3.36212570775573,3.3611459770920753,0.08116030698392834,1.1943106389185878
S103,validation_consumed,NORMAL_BUMP,REF4_NOISY5,ENG_PAIR_2_POS_X,False,6.455640711325027,6.410992407568091,0.7579401980508751,11.114745733539337
S103,validation_consumed,NORMAL_BUMP,REF4_NOISY5,ENG_PAIR_3_NEG_X,False,6.491563902393114,6.478781735730439,0.40717210073750854,0.6071939988231848
S103,validation_consumed,NORMAL_BUMP,REF4_NOISY5,ENG_PAIR_3_POS_X,True,4.467549977027487,4.466280292368937,0.10650421228824243,3.065583206824186
S103,validation_consumed,TANGENTIAL_SHIFT,FIXED,ENG_MID_UP,True,5.047830055955682,5.024086096853158,0.489026753068114,1.014309508832473
S103,validation_consumed,TANGENTIAL_SHIFT,FIXED,ENG_MID_DOWN,True,6.155615354994919,6.15538580142234,0.05316045802537214,0.18593025960668583
S103,validation_consumed,TANGENTIAL_SHIFT,FIXED,ENG_PAIR_1_NEG_X,True,2.72257156426936,2.7085291603102406,0.2761624708703445,1.309048682851424
S103,validation_consumed,TANGENTIAL_SHIFT,FIXED,ENG_PAIR_1_POS_X,False,13.072666609856594,12.791838055318903,2.695086540160557,6.405807298084546
S103,validation_consumed,TANGENTIAL_SHIFT,FIXED,ENG_PAIR_2_NEG_X,False,5.352510607146699,5.351347075649157,0.11159872561612369,2.779773991363323
S103,validation_consumed,TANGENTIAL_SHIFT,FIXED,ENG_PAIR_2_POS_X,False,19.692987828255472,19.499790767788436,2.7517139415809515,10.109403525076694
S103,validation_consumed,TANGENTIAL_SHIFT,FIXED,ENG_PAIR_3_NEG_X,False,2.5465136055710684,2.5356523379742355,0.23494417269716555,1.1514525390248982
S103,validation_consumed,TANGENTIAL_SHIFT,FIXED,ENG_PAIR_3_POS_X,True,12.677703805628713,12.543519147681632,1.8396470245666727,6.2934853907415915
S103,validation_consumed,TANGENTIAL_SHIFT,REF4_EXACT,ENG_MID_UP,True,0.39585075295961963,0.00758122244121739,0.3957781495800325,1.097415717808941
S103,validation_consumed,TANGENTIAL_SHIFT,REF4_EXACT,ENG_MID_DOWN,True,0.054959720327335405,1.808600604126113e-05,0.05495971735148671,0.026866102975431985
S103,validation_consumed,TANGENTIAL_SHIFT,REF4_EXACT,ENG_PAIR_1_NEG_X,True,0.21710200065603327,0.004967228318755886,0.2170451688743189,1.309048682851424
S103,validation_consumed,TANGENTIAL_SHIFT,REF4_EXACT,ENG_PAIR_1_POS_X,False,4.116381019905247,3.873573597788772,1.3928461090694533,6.405807298084546
S103,validation_consumed,TANGENTIAL_SHIFT,REF4_EXACT,ENG_PAIR_2_NEG_X,False,2.8908521158289227,2.8908503492096975,0.003195945357630176,2.779773991363323
S103,validation_consumed,TANGENTIAL_SHIFT,REF4_EXACT,ENG_PAIR_2_POS_X,False,7.502852364755181,7.4617897608515245,0.7838923217915634,10.109403525076694
S103,validation_consumed,TANGENTIAL_SHIFT,REF4_EXACT,ENG_PAIR_3_NEG_X,False,0.7988547557744562,0.7762523886668846,0.1886826698783484,2.3887137620714003
S103,validation_consumed,TANGENTIAL_SHIFT,REF4_EXACT,ENG_PAIR_3_POS_X,True,0.4573711988623897,0.05009424123400449,0.4546195998238627,6.2934853907415915
S103,validation_consumed,TANGENTIAL_SHIFT,REF4_NOISY5,ENG_MID_UP,True,4.986472970354652,4.986175280386889,0.05448630411644946,5.14143129176883
S103,validation_consumed,TANGENTIAL_SHIFT,REF4_NOISY5,ENG_MID_DOWN,True,4.313321849401754,4.312980814601818,0.05423900260158248,0.026866102975431985
S103,validation_consumed,TANGENTIAL_SHIFT,REF4_NOISY5,ENG_PAIR_1_NEG_X,True,1.3953932710823633,1.382630627533271,0.18829479225111712,1.309048682851424
S103,validation_consumed,TANGENTIAL_SHIFT,REF4_NOISY5,ENG_PAIR_1_POS_X,False,2.96828098705269,2.8009670868454064,0.9824842983515037,6.405807298084546
S103,validation_consumed,TANGENTIAL_SHIFT,REF4_NOISY5,ENG_PAIR_2_NEG_X,False,6.087235723436052,6.084971074813933,0.1660294291799076,2.779773991363323
S103,validation_consumed,TANGENTIAL_SHIFT,REF4_NOISY5,ENG_PAIR_2_POS_X,False,4.051317885821737,4.049774174719152,0.11182909172890781,2.3932203750854564
S103,validation_consumed,TANGENTIAL_SHIFT,REF4_NOISY5,ENG_PAIR_3_NEG_X,False,5.806536554804958,5.799239315158034,0.29101568310249637,1.1514525390245816
S103,validation_consumed,TANGENTIAL_SHIFT,REF4_NOISY5,ENG_PAIR_3_POS_X,True,4.340093211613167,4.32895338120184,0.31075988941924493,6.2934853907415915
S104,dev,RIGID_ONLY,FIXED,ENG_MID_UP,True,0.06957526273314811,0.027888329004906228,0.06374133893871932,0.45203040358395236
S104,dev,RIGID_ONLY,FIXED,ENG_MID_DOWN,True,0.17678711784357115,0.16592572242003262,0.06101097995301331,0.12955191993136522
S104,dev,RIGID_ONLY,FIXED,ENG_PAIR_1_NEG_X,True,0.47645556154446655,0.19391434999647808,0.4352092910222578,0.33363541681329484
S104,dev,RIGID_ONLY,FIXED,ENG_PAIR_1_POS_X,False,0.4548869983584748,0.13421925702927046,0.4346347573746186,0.3307143553806278
S104,dev,RIGID_ONLY,FIXED,ENG_PAIR_2_NEG_X,False,0.26918240072101285,0.1617236127987867,0.21518512476757315,0.2114674183657808
S104,dev,RIGID_ONLY,FIXED,ENG_PAIR_2_POS_X,False,0.16083822077071583,0.09221210438568975,0.13177959275036547,0.38224530600163065
S104,dev,RIGID_ONLY,FIXED,ENG_PAIR_3_NEG_X,False,0.4182297257621893,0.2315969250380975,0.3482512998166897,0.21515012645129122
S104,dev,RIGID_ONLY,FIXED,ENG_PAIR_3_POS_X,True,0.35845676354911876,0.20481187458587838,0.2941825068944911,0.30917785073618254
S104,dev,RIGID_ONLY,REF4_EXACT,ENG_MID_UP,True,0.0582836911022893,0.01054954635578112,0.057320988478866124,10.428624402223775
S104,dev,RIGID_ONLY,REF4_EXACT,ENG_MID_DOWN,True,0.06132003343825565,0.00013849575508837175,0.06131987703668863,0.12955191993136522
S104,dev,RIGID_ONLY,REF4_EXACT,ENG_PAIR_1_NEG_X,True,0.43512728051421995,0.002533918415448596,0.4351199024466296,0.33363541681329484
S104,dev,RIGID_ONLY,REF4_EXACT,ENG_PAIR_1_POS_X,False,0.4375165815156384,0.046960352171414754,0.43498906242004165,0.3307143553806278
S104,dev,RIGID_ONLY,REF4_EXACT,ENG_PAIR_2_NEG_X,False,0.23975280411980518,0.10661489512748164,0.21474326816053108,0.2114674183657808
S104,dev,RIGID_ONLY,REF4_EXACT,ENG_PAIR_2_POS_X,False,0.14217166270633164,0.053929155452349636,0.13154629553461106,0.38224530600163065
S104,dev,RIGID_ONLY,REF4_EXACT,ENG_PAIR_3_NEG_X,False,0.36838383081570697,0.11981859316479374,0.3483534864738188,0.21515012645467924
S104,dev,RIGID_ONLY,REF4_EXACT,ENG_PAIR_3_POS_X,True,0.2943464735918917,0.0015879954303312798,0.2943421899532845,0.30917785073618254
S104,dev,RIGID_ONLY,REF4_NOISY5,ENG_MID_UP,True,3.7964567137347798,3.7513552931548655,0.5834526919818411,10.935144403218084
S104,dev,RIGID_ONLY,REF4_NOISY5,ENG_MID_DOWN,True,3.3332552266719553,3.3319882633417253,0.09189460859540592,0.5658235025117644
S104,dev,RIGID_ONLY,REF4_NOISY5,ENG_PAIR_1_NEG_X,True,3.5861016111322015,3.5570282181268285,0.4557137487660979,0.33363541681329484
S104,dev,RIGID_ONLY,REF4_NOISY5,ENG_PAIR_1_POS_X,False,4.7808738526808545,4.759171448457037,0.4550185924100602,0.3307143553806278
S104,dev,RIGID_ONLY,REF4_NOISY5,ENG_PAIR_2_NEG_X,False,7.245721979546933,7.2229360441188595,0.5741793338828244,5.369289466267613
S104,dev,RIGID_ONLY,REF4_NOISY5,ENG_PAIR_2_POS_X,False,3.4581622864287493,3.4556746959051012,0.1311441777560264,0.38224530600163065
S104,dev,RIGID_ONLY,REF4_NOISY5,ENG_PAIR_3_NEG_X,False,8.977587887742033,8.926874123888952,0.952891734865147,12.01880266700319
S104,dev,RIGID_ONLY,REF4_NOISY5,ENG_PAIR_3_POS_X,True,3.79703227828601,3.7868684815221316,0.27763505902553537,0.30917785073618254
S104,dev,NORMAL_BUMP,FIXED,ENG_MID_UP,True,0.9687508375404633,0.9185220306166826,0.3078887209807388,0.23328651500363962
S104,dev,NORMAL_BUMP,FIXED,ENG_MID_DOWN,True,1.1357581377934174,1.133417628495625,0.07287679314654945,0.8161274160249141
S104,dev,NORMAL_BUMP,FIXED,ENG_PAIR_1_NEG_X,True,1.6604670448464434,1.5272341299409802,0.6516952657220225,0.6874024352831876
S104,dev,NORMAL_BUMP,FIXED,ENG_PAIR_1_POS_X,False,1.1674873073855399,1.1609084104304468,0.12376702104434487,0.5033542171940498
S104,dev,NORMAL_BUMP,FIXED,ENG_PAIR_2_NEG_X,False,1.7042492964604612,1.7022242814485904,0.08305516319174458,1.363444927439821
S104,dev,NORMAL_BUMP,FIXED,ENG_PAIR_2_POS_X,False,0.9619140966479902,0.8803250739512798,0.38769381411468623,0.2619916022464724
S104,dev,NORMAL_BUMP,FIXED,ENG_PAIR_3_NEG_X,False,1.5208905135062067,1.4728141024432382,0.379376559262023,0.5536941982490232
S104,dev,NORMAL_BUMP,FIXED,ENG_PAIR_3_POS_X,True,1.938135891195665,1.9380801789780413,0.014695325558050577,0.6015033669349046
S104,dev,NORMAL_BUMP,REF4_EXACT,ENG_MID_UP,True,0.19080334973528018,0.03623493184237442,0.187331118569719,10.946730556684427
S104,dev,NORMAL_BUMP,REF4_EXACT,ENG_MID_DOWN,True,0.061468056904203205,0.0008790603266437733,0.06146177082154796,0.8161274160258074
S104,dev,NORMAL_BUMP,REF4_EXACT,ENG_PAIR_1_NEG_X,True,0.6339549651812821,0.007601116907003913,0.6339093948663063,0.6874024352831876
S104,dev,NORMAL_BUMP,REF4_EXACT,ENG_PAIR_1_POS_X,False,2.539036727655777,2.5357862933860393,0.12843433598710638,0.5033542171940498
S104,dev,NORMAL_BUMP,REF4_EXACT,ENG_PAIR_2_NEG_X,False,0.4707544328012732,0.46713133350435615,0.05829282340469068,1.363444927439821
S104,dev,NORMAL_BUMP,REF4_EXACT,ENG_PAIR_2_POS_X,False,2.196354810265267,2.161124752031468,0.3918089569322061,0.2619916022464724
S104,dev,NORMAL_BUMP,REF4_EXACT,ENG_PAIR_3_NEG_X,False,0.6999956001386225,0.5944514962809806,0.3696231307463506,0.5536941982490232
S104,dev,NORMAL_BUMP,REF4_EXACT,ENG_PAIR_3_POS_X,True,0.003867091063046288,2.6879878868249637e-06,0.003867090128845407,0.07375638146839382
S104,dev,NORMAL_BUMP,REF4_NOISY5,ENG_MID_UP,True,3.757269384113309,3.725539887936456,0.4872635510579739,10.718482435154312
S104,dev,NORMAL_BUMP,REF4_NOISY5,ENG_MID_DOWN,True,3.318018106329165,3.317013786187017,0.08163146558433104,0.43746919366533316
S104,dev,NORMAL_BUMP,REF4_NOISY5,ENG_PAIR_1_NEG_X,True,3.6292478469852245,3.5670950333569076,0.6687846872105911,0.6874024352831876
S104,dev,NORMAL_BUMP,REF4_NOISY5,ENG_PAIR_1_POS_X,False,3.435200354842252,3.4325413759998042,0.13513393340572957,0.5033542171940498
S104,dev,NORMAL_BUMP,REF4_NOISY5,ENG_PAIR_2_NEG_X,False,7.671771486951901,7.658462091358409,0.451703601086326,5.871821001395925
S104,dev,NORMAL_BUMP,REF4_NOISY5,ENG_PAIR_2_POS_X,False,1.56069561481006,1.5107188135586649,0.39179008211955846,0.2619916022464724
S104,dev,NORMAL_BUMP,REF4_NOISY5,ENG_PAIR_3_NEG_X,False,9.153488816649292,9.10921807274005,0.8991682933631997,12.380277502835579
S104,dev,NORMAL_BUMP,REF4_NOISY5,ENG_PAIR_3_POS_X,True,3.7767392859382554,3.776738787227783,0.0019408757336838913,0.6015033669349046
S104,dev,TANGENTIAL_SHIFT,FIXED,ENG_MID_UP,True,4.9153503708110104,4.8928429568736815,0.4698479192286951,0.942843384621125
S104,dev,TANGENTIAL_SHIFT,FIXED,ENG_MID_DOWN,True,6.404098297776976,6.4040976660155495,0.0028445956067252916,0.38639785775635804
S104,dev,TANGENTIAL_SHIFT,FIXED,ENG_PAIR_1_NEG_X,True,2.7144691896384683,2.6977719658627444,0.300615039047594,1.4222420661892774
S104,dev,TANGENTIAL_SHIFT,FIXED,ENG_PAIR_1_POS_X,False,11.906835610514513,11.65724225979959,2.425167448272194,6.013669067982984
S104,dev,TANGENTIAL_SHIFT,FIXED,ENG_PAIR_2_NEG_X,False,6.464496438729949,6.463058537063816,0.13633984318137765,3.637461165338645
S104,dev,TANGENTIAL_SHIFT,FIXED,ENG_PAIR_2_POS_X,False,19.696261996503807,19.48492478607265,2.8775758401842264,10.455659864249133
S104,dev,TANGENTIAL_SHIFT,FIXED,ENG_PAIR_3_NEG_X,False,3.2608779938434256,3.2478675696936117,0.2910009286322668,1.7168385341605017
S104,dev,TANGENTIAL_SHIFT,FIXED,ENG_PAIR_3_POS_X,True,12.249702986833533,12.160312755820174,1.477165172306599,7.090260911240653
S104,dev,TANGENTIAL_SHIFT,REF4_EXACT,ENG_MID_UP,True,0.3807518526302377,0.007107477912277086,0.38068550936315493,1.0701084283893827
S104,dev,TANGENTIAL_SHIFT,REF4_EXACT,ENG_MID_DOWN,True,0.07254514744142242,0.0008773976356710865,0.07253984140240889,0.7172141779992561
S104,dev,TANGENTIAL_SHIFT,REF4_EXACT,ENG_PAIR_1_NEG_X,True,0.23470089258988164,0.005833085477003041,0.23462839575870845,1.4222420661892774
S104,dev,TANGENTIAL_SHIFT,REF4_EXACT,ENG_PAIR_1_POS_X,False,3.9870230103861,3.783566621688552,1.2573687226078585,6.013669067982984
S104,dev,TANGENTIAL_SHIFT,REF4_EXACT,ENG_PAIR_2_NEG_X,False,3.9073525168543806,3.907324640499747,0.014759563400847065,3.637461165338645
S104,dev,TANGENTIAL_SHIFT,REF4_EXACT,ENG_PAIR_2_POS_X,False,8.32374961647338,8.281971486421616,0.8329201497382899,10.455659864249133
S104,dev,TANGENTIAL_SHIFT,REF4_EXACT,ENG_PAIR_3_NEG_X,False,0.9585195301427445,0.938557348323302,0.1946016278796244,1.8826177121899212
S104,dev,TANGENTIAL_SHIFT,REF4_EXACT,ENG_PAIR_3_POS_X,True,0.02704977888591461,0.00338947145667558,0.026836579905443487,7.090260911240653
S104,dev,TANGENTIAL_SHIFT,REF4_NOISY5,ENG_MID_UP,True,4.2976541307985405,4.2759443204380725,0.43142924852534353,2.951317281758616
S104,dev,TANGENTIAL_SHIFT,REF4_NOISY5,ENG_MID_DOWN,True,3.421586873408671,3.4188501007285383,0.136823685928238,2.959431864009886
S104,dev,TANGENTIAL_SHIFT,REF4_NOISY5,ENG_PAIR_1_NEG_X,True,3.478518722128935,3.4744468723652138,0.16826001103382582,1.4222420661892774
S104,dev,TANGENTIAL_SHIFT,REF4_NOISY5,ENG_PAIR_1_POS_X,False,8.287853099252871,8.174013689843864,1.3689445544069787,6.013669067982984
S104,dev,TANGENTIAL_SHIFT,REF4_NOISY5,ENG_PAIR_2_NEG_X,False,3.850803349204844,3.8304667778174117,0.39523499121957945,9.750534721822213
S104,dev,TANGENTIAL_SHIFT,REF4_NOISY5,ENG_PAIR_2_POS_X,False,7.381975964539676,7.365469214569912,0.4933886807217565,3.5523855906344926
S104,dev,TANGENTIAL_SHIFT,REF4_NOISY5,ENG_PAIR_3_NEG_X,False,9.495879923082974,9.429629839410513,1.1197395256527953,10.894949171072767
S104,dev,TANGENTIAL_SHIFT,REF4_NOISY5,ENG_PAIR_3_POS_X,True,3.551754878165197,3.5506724006774872,0.08768248193022593,4.515554184552336
S107,dev,RIGID_ONLY,FIXED,ENG_MID_UP,True,0.134228944153254,0.1207133525198768,0.05870005086803026,0.3625396801178856
S107,dev,RIGID_ONLY,FIXED,ENG_MID_DOWN,True,0.1345539958333853,0.12632494367863853,0.04633342637145962,0.08752924124772293
S107,dev,RIGID_ONLY,FIXED,ENG_PAIR_1_NEG_X,True,0.36838364991281497,0.1378432662956284,0.34162222916555046,0.2637034313897232
S107,dev,RIGID_ONLY,FIXED,ENG_PAIR_1_POS_X,False,0.46342479794558494,0.1975154573769622,0.4192256998897796,0.39886283867189903
S107,dev,RIGID_ONLY,FIXED,ENG_PAIR_2_NEG_X,False,0.18531643379885754,0.04146826170522613,0.18061717500579297,0.25123303333363023
S107,dev,RIGID_ONLY,FIXED,ENG_PAIR_2_POS_X,False,0.2482548547965107,0.22025850670807923,0.11452800160992775,0.20535605608295301
S107,dev,RIGID_ONLY,FIXED,ENG_PAIR_3_NEG_X,False,0.36678191961282347,0.09374946777194772,0.3545983838758212,0.1965444799450182
S107,dev,RIGID_ONLY,FIXED,ENG_PAIR_3_POS_X,True,0.3764965404004783,0.19768182345244809,0.320424002861902,0.20913958932314514
S107,dev,RIGID_ONLY,REF4_EXACT,ENG_MID_UP,True,0.059446657835603656,0.0003758771486532862,0.059445469500984324,0.3625396801178856
S107,dev,RIGID_ONLY,REF4_EXACT,ENG_MID_DOWN,True,0.0486452043211322,0.0009097583791338817,0.048636696466107715,1.0713232346850947
S107,dev,RIGID_ONLY,REF4_EXACT,ENG_PAIR_1_NEG_X,True,0.34210448592785503,0.0015744613306278988,0.34210086285111924,0.2637034313924874
S107,dev,RIGID_ONLY,REF4_EXACT,ENG_PAIR_1_POS_X,False,0.41942181882083623,0.028095143335426627,0.4184797785125826,0.39886283867189903
S107,dev,RIGID_ONLY,REF4_EXACT,ENG_PAIR_2_NEG_X,False,0.18933521232976064,0.05625262322761155,0.18078568806177087,0.25123303333363023
S107,dev,RIGID_ONLY,REF4_EXACT,ENG_PAIR_2_POS_X,False,0.11878855026133081,0.03365189188386729,0.1139222096249244,0.20535605608295301
S107,dev,RIGID_ONLY,REF4_EXACT,ENG_PAIR_3_NEG_X,False,0.36245258091881066,0.07313124854231697,0.3549981604196688,0.1965444799450182
S107,dev,RIGID_ONLY,REF4_EXACT,ENG_PAIR_3_POS_X,True,0.3197167369457223,0.0011661999986036025,0.3197146100208488,0.20913958932314514
S107,dev,RIGID_ONLY,REF4_NOISY5,ENG_MID_UP,True,3.4589116881772255,3.4580392627429295,0.0776821983298761,1.3167632650718188
S107,dev,RIGID_ONLY,REF4_NOISY5,ENG_MID_DOWN,True,3.9237024289525007,3.9224928859596777,0.09741822500674278,1.0713232346850947
S107,dev,RIGID_ONLY,REF4_NOISY5,ENG_PAIR_1_NEG_X,True,2.3566085473319127,2.3331476325558858,0.3317016280585543,0.2637034313924874
S107,dev,RIGID_ONLY,REF4_NOISY5,ENG_PAIR_1_POS_X,False,1.1332820204735952,1.0503898298667167,0.42545192823782607,0.39886283867189903
S107,dev,RIGID_ONLY,REF4_NOISY5,ENG_PAIR_2_NEG_X,False,3.4189198347027845,3.414750036648584,0.16880468990112527,0.25123303333363023
S107,dev,RIGID_ONLY,REF4_NOISY5,ENG_PAIR_2_POS_X,False,2.150238630164216,2.146869613559532,0.12032052620077266,0.20535605608295301
S107,dev,RIGID_ONLY,REF4_NOISY5,ENG_PAIR_3_NEG_X,False,4.037372500677358,4.016955124314916,0.40552217999252105,1.0023633728837409
S107,dev,RIGID_ONLY,REF4_NOISY5,ENG_PAIR_3_POS_X,True,1.9008323810544527,1.8725723919547121,0.326552258840983,0.20913958932314514
S107,dev,NORMAL_BUMP,FIXED,ENG_MID_UP,True,0.7826007231087658,0.6414842002026605,0.4482877565813238,0.3328308927539315
S107,dev,NORMAL_BUMP,FIXED,ENG_MID_DOWN,True,0.10627998035720562,0.07863122489895658,0.07150220063478968,0.6791377191861825
S107,dev,NORMAL_BUMP,FIXED,ENG_PAIR_1_NEG_X,True,1.531450892638422,1.425439344614527,0.559879014955846,0.5594498427003147
S107,dev,NORMAL_BUMP,FIXED,ENG_PAIR_1_POS_X,False,1.181735375844615,1.1815113847507268,0.023007525443498572,0.9143749159902129
S107,dev,NORMAL_BUMP,FIXED,ENG_PAIR_2_NEG_X,False,1.7108572362745058,1.70132633823684,0.18033627958473938,1.3430227647971114
S107,dev,NORMAL_BUMP,FIXED,ENG_PAIR_2_POS_X,False,1.2491971179580974,1.1315644924750836,0.5292024554784518,0.31144609201168205
S107,dev,NORMAL_BUMP,FIXED,ENG_PAIR_3_NEG_X,False,1.0149632709435155,0.8945658805923756,0.47948131000524685,0.39998569322269867
S107,dev,NORMAL_BUMP,FIXED,ENG_PAIR_3_POS_X,True,0.650002414207476,0.649180539777508,0.03267667745855679,0.5576918081443138
S107,dev,NORMAL_BUMP,REF4_EXACT,ENG_MID_UP,True,0.26203793536329284,0.07915610342253293,0.2497962987324242,17.5822689684001
S107,dev,NORMAL_BUMP,REF4_EXACT,ENG_MID_DOWN,True,0.07072433779765734,0.0008357988476981219,0.0707193990161351,0.6791377191861825
S107,dev,NORMAL_BUMP,REF4_EXACT,ENG_PAIR_1_NEG_X,True,0.5479980832962833,0.005347247621788795,0.5479719940282274,0.5594498427003147
S107,dev,NORMAL_BUMP,REF4_EXACT,ENG_PAIR_1_POS_X,False,1.729495018518079,1.72937632967881,0.020261525744599402,0.9143749159902129
S107,dev,NORMAL_BUMP,REF4_EXACT,ENG_PAIR_2_NEG_X,False,0.9534950552778876,0.9376891633762702,0.17289260633726422,1.3430227647971114
S107,dev,NORMAL_BUMP,REF4_EXACT,ENG_PAIR_2_POS_X,False,1.3262311823099522,1.2159138742547309,0.5295683141258589,0.31144609201168205
S107,dev,NORMAL_BUMP,REF4_EXACT,ENG_PAIR_3_NEG_X,False,0.9744771654672486,0.8499601083435808,0.47662727601518107,0.39998569322269867
S107,dev,NORMAL_BUMP,REF4_EXACT,ENG_PAIR_3_POS_X,True,0.029792265593975305,0.0002892527718270588,0.02979086138492734,0.5576918081443138
S107,dev,NORMAL_BUMP,REF4_NOISY5,ENG_MID_UP,True,3.514195895484543,3.4860522196015675,0.4438611427590753,0.3328308927539315
S107,dev,NORMAL_BUMP,REF4_NOISY5,ENG_MID_DOWN,True,3.919829345363706,3.9181801741245668,0.11369353487177979,1.018381495603581
S107,dev,NORMAL_BUMP,REF4_NOISY5,ENG_PAIR_1_NEG_X,True,2.412321949408982,2.3538110074741567,0.5280823124228358,0.5594498427003147
S107,dev,NORMAL_BUMP,REF4_NOISY5,ENG_PAIR_1_POS_X,False,1.2554773025526837,1.2549863199083655,0.03510831906857593,0.9143749159902129
S107,dev,NORMAL_BUMP,REF4_NOISY5,ENG_PAIR_2_NEG_X,False,2.6000060890679038,2.597954800879207,0.10325945854426584,1.3430227647971114
S107,dev,NORMAL_BUMP,REF4_NOISY5,ENG_PAIR_2_POS_X,False,3.109601013189051,3.0625583935445615,0.5388455691161671,0.31144609201168205
S107,dev,NORMAL_BUMP,REF4_NOISY5,ENG_PAIR_3_NEG_X,False,3.3243002097454504,3.2851277370578913,0.5088296726081711,1.2924397709700843
S107,dev,NORMAL_BUMP,REF4_NOISY5,ENG_PAIR_3_POS_X,True,1.9194273902840795,1.9193405491424385,0.018258230756425523,1.660515238020226
S107,dev,TANGENTIAL_SHIFT,FIXED,ENG_MID_UP,True,4.090039976499437,4.037168176547347,0.6555151589680314,1.9092983297797483
S107,dev,TANGENTIAL_SHIFT,FIXED,ENG_MID_DOWN,True,5.809448924398488,5.809444885301851,0.006850535373802776,0.5370276986121032
S107,dev,TANGENTIAL_SHIFT,FIXED,ENG_PAIR_1_NEG_X,True,3.002341872779499,2.989163946127489,0.28099043438638116,1.021057008647826
S107,dev,TANGENTIAL_SHIFT,FIXED,ENG_PAIR_1_POS_X,False,12.24342263791754,12.010577759026585,2.3764300505269698,6.532579863793992
S107,dev,TANGENTIAL_SHIFT,FIXED,ENG_PAIR_2_NEG_X,False,5.536843905778649,5.535920328893264,0.10112640161929423,3.519768963172242
S107,dev,TANGENTIAL_SHIFT,FIXED,ENG_PAIR_2_POS_X,False,19.685989438921972,19.461129301194536,2.9669220602393547,11.072014059046959
S107,dev,TANGENTIAL_SHIFT,FIXED,ENG_PAIR_3_NEG_X,False,2.5923875082610532,2.5797436166517094,0.25572615300885854,1.4949229954999725
S107,dev,TANGENTIAL_SHIFT,FIXED,ENG_PAIR_3_POS_X,True,12.000109700823526,11.900463853915845,1.5432410354320323,6.306345258579732
S107,dev,TANGENTIAL_SHIFT,REF4_EXACT,ENG_MID_UP,True,0.5026092660239557,0.02044605630561458,0.5021932228482251,2.3304328051977565
S107,dev,TANGENTIAL_SHIFT,REF4_EXACT,ENG_MID_DOWN,True,0.12245402362729975,0.0024068695290366602,0.12243036748121555,1.1426204860733113
S107,dev,TANGENTIAL_SHIFT,REF4_EXACT,ENG_PAIR_1_NEG_X,True,0.22990981241050873,0.004098797492038542,0.22987327313490488,1.021057008647826
S107,dev,TANGENTIAL_SHIFT,REF4_EXACT,ENG_PAIR_1_POS_X,False,3.084582308982987,2.8668247251570027,1.1384041532422877,6.532579863793992
S107,dev,TANGENTIAL_SHIFT,REF4_EXACT,ENG_PAIR_2_NEG_X,False,2.7441574511169313,2.7434316002014905,0.06311237229309462,3.519768963172242
S107,dev,TANGENTIAL_SHIFT,REF4_EXACT,ENG_PAIR_2_POS_X,False,7.79610376801397,7.758031789403441,0.769530191901052,11.072014059046959
S107,dev,TANGENTIAL_SHIFT,REF4_EXACT,ENG_PAIR_3_NEG_X,False,0.9137426830630678,0.8955708879161364,0.18132422774796872,1.0790682890228538
S107,dev,TANGENTIAL_SHIFT,REF4_EXACT,ENG_PAIR_3_POS_X,True,0.25926457267476877,0.028427271378047292,0.2577013948084668,6.306345258579732
S107,dev,TANGENTIAL_SHIFT,REF4_NOISY5,ENG_MID_UP,True,3.4258266476273156,3.4006523876944095,0.41454982530658996,2.3304328051977565
S107,dev,TANGENTIAL_SHIFT,REF4_NOISY5,ENG_MID_DOWN,True,3.93850717921236,3.934361781064085,0.18065485437578846,1.2597630005405935
S107,dev,TANGENTIAL_SHIFT,REF4_NOISY5,ENG_PAIR_1_NEG_X,True,2.2558976258417864,2.2404155775500483,0.2638411229313882,1.021057008647826
S107,dev,TANGENTIAL_SHIFT,REF4_NOISY5,ENG_PAIR_1_POS_X,False,4.042149501818003,3.8458223718616864,1.2444367718512974,6.532579863793992
S107,dev,TANGENTIAL_SHIFT,REF4_NOISY5,ENG_PAIR_2_NEG_X,False,4.847997911720826,4.84740501953051,0.07581773328129457,3.519768963172242
S107,dev,TANGENTIAL_SHIFT,REF4_NOISY5,ENG_PAIR_2_POS_X,False,10.270036682813855,10.19529543284607,1.2367718072992637,11.072014059046959
S107,dev,TANGENTIAL_SHIFT,REF4_NOISY5,ENG_PAIR_3_NEG_X,False,3.782085600851524,3.771662139032511,0.2805997169584045,7.530156989317804
S107,dev,TANGENTIAL_SHIFT,REF4_NOISY5,ENG_PAIR_3_POS_X,True,2.355730677031134,2.3000941748634967,0.5089536417637431,6.306345258579732
S114,validation_consumed,RIGID_ONLY,FIXED,ENG_MID_UP,True,0.028056766274139434,0.0268139101752513,0.008258108432034708,0.5305648720566936
S114,validation_consumed,RIGID_ONLY,FIXED,ENG_MID_DOWN,True,0.1134060524846783,0.10604328237999511,0.0401964550953717,0.08304702169336847
S114,validation_consumed,RIGID_ONLY,FIXED,ENG_PAIR_1_NEG_X,True,0.4316836057634493,0.14468530370986576,0.4067147629178427,0.3172741138067254
S114,validation_consumed,RIGID_ONLY,FIXED,ENG_PAIR_1_POS_X,False,0.4639897793928621,0.15658136511852433,0.43677086839515317,0.32389997440090873
S114,validation_consumed,RIGID_ONLY,FIXED,ENG_PAIR_2_NEG_X,False,0.1819421156219716,0.11650003271119129,0.13975219431297042,0.24227215517184705
S114,validation_consumed,RIGID_ONLY,FIXED,ENG_PAIR_2_POS_X,False,0.20007049343124667,0.13771330154498984,0.14513183289478984,0.43791186342097776
S114,validation_consumed,RIGID_ONLY,FIXED,ENG_PAIR_3_NEG_X,False,0.3142745676431988,0.15129936547179157,0.275457811425185,0.27571311754039524
S114,validation_consumed,RIGID_ONLY,FIXED,ENG_PAIR_3_POS_X,True,0.31596931984731386,0.13587193224509397,0.2852637886461559,0.36803052967340344
S114,validation_consumed,RIGID_ONLY,REF4_EXACT,ENG_MID_UP,True,0.008460890168611027,7.743261334474095e-05,0.008460535836203835,0.5305648720566936
S114,validation_consumed,RIGID_ONLY,REF4_EXACT,ENG_MID_DOWN,True,0.04027657234771582,3.136502028824798e-05,0.04027656013509954,0.04503902447764975
S114,validation_consumed,RIGID_ONLY,REF4_EXACT,ENG_PAIR_1_NEG_X,True,0.4067822947687728,0.0022524322661400557,0.4067760586443544,0.3172741138067254
S114,validation_consumed,RIGID_ONLY,REF4_EXACT,ENG_PAIR_1_POS_X,False,0.43752423698461707,0.02536516295520761,0.4367883543058664,0.32389997440090873
S114,validation_consumed,RIGID_ONLY,REF4_EXACT,ENG_PAIR_2_NEG_X,False,0.18643744673941334,0.1236066140289894,0.13957194028528808,0.24227215517184705
S114,validation_consumed,RIGID_ONLY,REF4_EXACT,ENG_PAIR_2_POS_X,False,0.15118723799324746,0.04395329513856512,0.14465714216204134,0.43791186342097776
S114,validation_consumed,RIGID_ONLY,REF4_EXACT,ENG_PAIR_3_NEG_X,False,0.30144081754827784,0.12086199236321087,0.276150222317798,0.27571311754039524
S114,validation_consumed,RIGID_ONLY,REF4_EXACT,ENG_PAIR_3_POS_X,True,0.28498261562193833,0.001830105149242515,0.28497673926456557,0.36803052967340344
S114,validation_consumed,RIGID_ONLY,REF4_NOISY5,ENG_MID_UP,True,4.945887069996454,4.8442031195760356,0.9977449801667356,12.794335608043118
S114,validation_consumed,RIGID_ONLY,REF4_NOISY5,ENG_MID_DOWN,True,4.995959037791323,4.995809552724004,0.0386473828401366,0.04503902447764975
S114,validation_consumed,RIGID_ONLY,REF4_NOISY5,ENG_PAIR_1_NEG_X,True,2.3112143764104114,2.2729291681936963,0.4189330377285592,0.3172741138067254
S114,validation_consumed,RIGID_ONLY,REF4_NOISY5,ENG_PAIR_1_POS_X,False,10.099218408926369,10.027013721194765,1.205490898418213,12.34393274010314
S114,validation_consumed,RIGID_ONLY,REF4_NOISY5,ENG_PAIR_2_NEG_X,False,9.219286695484696,9.178029459214123,0.8712189273304641,12.785445350355552
S114,validation_consumed,RIGID_ONLY,REF4_NOISY5,ENG_PAIR_2_POS_X,False,7.227710064165595,7.208737880707642,0.523345907494584,5.100970279534331
S114,validation_consumed,RIGID_ONLY,REF4_NOISY5,ENG_PAIR_3_NEG_X,False,11.339621980415979,11.272032039798455,1.2362525439772662,13.020780383066098
S114,validation_consumed,RIGID_ONLY,REF4_NOISY5,ENG_PAIR_3_POS_X,True,3.8767022157683835,3.866734620410803,0.27781908692532037,1.320211474520742
S114,validation_consumed,NORMAL_BUMP,FIXED,ENG_MID_UP,True,0.7144364346923674,0.6928001503709292,0.17449175012578455,0.37727614462530945
S114,validation_consumed,NORMAL_BUMP,FIXED,ENG_MID_DOWN,True,0.9204428186936966,0.9182063513007,0.06412549349402814,0.7059010745724303
S114,validation_consumed,NORMAL_BUMP,FIXED,ENG_PAIR_1_NEG_X,True,1.4107276063140108,1.2693445451991499,0.6155621859646854,0.5703033550287392
S114,validation_consumed,NORMAL_BUMP,FIXED,ENG_PAIR_1_POS_X,False,1.3195921407044318,1.315313932265728,0.10617286563229292,0.43002868976451253
S114,validation_consumed,NORMAL_BUMP,FIXED,ENG_PAIR_2_NEG_X,False,1.5360500551495893,1.5360137468023227,0.010561323749709951,1.1644281467465396
S114,validation_consumed,NORMAL_BUMP,FIXED,ENG_PAIR_2_POS_X,False,1.2426101261055364,1.168351383837384,0.42312524078018193,0.3617390258142045
S114,validation_consumed,NORMAL_BUMP,FIXED,ENG_PAIR_3_NEG_X,False,1.2243881949939193,1.1577332550403123,0.39847228537782947,0.6312717038232158
S114,validation_consumed,NORMAL_BUMP,FIXED,ENG_PAIR_3_POS_X,True,1.5433119978743328,1.542936710264143,0.034032791571207914,0.5367784104235857
S114,validation_consumed,NORMAL_BUMP,REF4_EXACT,ENG_MID_UP,True,0.1047320849259431,0.022831178888378656,0.10221324221206278,12.58955080707408
S114,validation_consumed,NORMAL_BUMP,REF4_EXACT,ENG_MID_DOWN,True,0.05969873909527431,0.0007394845758422277,0.059694158944805696,0.7059010745724303
S114,validation_consumed,NORMAL_BUMP,REF4_EXACT,ENG_PAIR_1_NEG_X,True,0.6041859082182963,0.006008608536766454,0.6041560297746101,0.5703033550287392
S114,validation_consumed,NORMAL_BUMP,REF4_EXACT,ENG_PAIR_1_POS_X,False,2.455073515014555,2.452619280750519,0.10974801964832746,0.43002868976451253
S114,validation_consumed,NORMAL_BUMP,REF4_EXACT,ENG_PAIR_2_NEG_X,False,0.6112584820354545,0.6107674019614184,0.02449719497385792,1.1644281467465396
S114,validation_consumed,NORMAL_BUMP,REF4_EXACT,ENG_PAIR_2_POS_X,False,2.1328589232424755,2.089558080393573,0.427591177548109,0.3617390258142045
S114,validation_consumed,NORMAL_BUMP,REF4_EXACT,ENG_PAIR_3_NEG_X,False,0.6832334464899158,0.560649109518444,0.3904875393641443,0.6312717038232158
S114,validation_consumed,NORMAL_BUMP,REF4_EXACT,ENG_PAIR_3_POS_X,True,0.03699024295991256,0.00046125294724963924,0.03698736703189366,0.7238160508089668
S114,validation_consumed,NORMAL_BUMP,REF4_NOISY5,ENG_MID_UP,True,4.939166028399741,4.848984156552018,0.9395284485344705,12.543914000375219
S114,validation_consumed,NORMAL_BUMP,REF4_NOISY5,ENG_MID_DOWN,True,4.995625088220414,4.9954060819613755,0.04677711364036254,0.3109183016291717
S114,validation_consumed,NORMAL_BUMP,REF4_NOISY5,ENG_PAIR_1_NEG_X,True,2.365811315123127,2.2823815347030227,0.6227340594598111,0.5703033550287392
S114,validation_consumed,NORMAL_BUMP,REF4_NOISY5,ENG_PAIR_1_POS_X,False,10.878153326789036,10.86883559358116,0.4501473545792099,12.879722451519111
S114,validation_consumed,NORMAL_BUMP,REF4_NOISY5,ENG_PAIR_2_NEG_X,False,9.806366947896214,9.78620474363055,0.6285136693296488,13.533036905200252
S114,validation_consumed,NORMAL_BUMP,REF4_NOISY5,ENG_PAIR_2_POS_X,False,8.252082755934275,8.250890485142381,0.14027121220943142,4.633187513161589
S114,validation_consumed,NORMAL_BUMP,REF4_NOISY5,ENG_PAIR_3_NEG_X,False,11.581049681764238,11.508931260040294,1.2904313167150403,13.315423971781453
S114,validation_consumed,NORMAL_BUMP,REF4_NOISY5,ENG_PAIR_3_POS_X,True,3.679072774322345,3.6787714768372375,0.04708396721486859,7.099498497516942
S114,validation_consumed,TANGENTIAL_SHIFT,FIXED,ENG_MID_UP,True,4.646569288523354,4.615473445769511,0.5366665859217934,1.2501214207025428
S114,validation_consumed,TANGENTIAL_SHIFT,FIXED,ENG_MID_DOWN,True,6.114267803418288,6.114241765669962,0.017843846406524363,0.3740950339513012
S114,validation_consumed,TANGENTIAL_SHIFT,FIXED,ENG_PAIR_1_NEG_X,True,2.990780454889343,2.9798440670208133,0.25553290510023274,1.5848852669568607
S114,validation_consumed,TANGENTIAL_SHIFT,FIXED,ENG_PAIR_1_POS_X,False,11.446426067075242,11.18597983790589,2.4278642414645955,6.229964491434185
S114,validation_consumed,TANGENTIAL_SHIFT,FIXED,ENG_PAIR_2_NEG_X,False,7.007093770692902,7.0045259847110986,0.18968089200096422,4.098850930411389
S114,validation_consumed,TANGENTIAL_SHIFT,FIXED,ENG_PAIR_2_POS_X,False,19.721628447603717,19.526774722075956,2.76544708476363,10.344298663211312
S114,validation_consumed,TANGENTIAL_SHIFT,FIXED,ENG_PAIR_3_NEG_X,False,3.275801333246215,3.265475243873763,0.25989576092207967,1.8451898508786981
S114,validation_consumed,TANGENTIAL_SHIFT,FIXED,ENG_PAIR_3_POS_X,True,11.648536120318045,11.556817850044997,1.45888825042752,7.436703781472279
S114,validation_consumed,TANGENTIAL_SHIFT,REF4_EXACT,ENG_MID_UP,True,0.46851313139405193,0.008672529283616743,0.4684328570077947,1.0614157414123595
S114,validation_consumed,TANGENTIAL_SHIFT,REF4_EXACT,ENG_MID_DOWN,True,0.04744296040447205,0.000193988441129048,0.047442563805353215,0.27934927423605055
S114,validation_consumed,TANGENTIAL_SHIFT,REF4_EXACT,ENG_PAIR_1_NEG_X,True,0.17500119710812775,0.004846235890915447,0.17493408183360779,1.5848852669568607
S114,validation_consumed,TANGENTIAL_SHIFT,REF4_EXACT,ENG_PAIR_1_POS_X,False,3.3920926482110327,3.146308275610808,1.2676895396232786,6.229964491434185
S114,validation_consumed,TANGENTIAL_SHIFT,REF4_EXACT,ENG_PAIR_2_NEG_X,False,4.342776847084127,4.342768520122185,0.008504363922235986,4.0988509304113006
S114,validation_consumed,TANGENTIAL_SHIFT,REF4_EXACT,ENG_PAIR_2_POS_X,False,8.702265281698345,8.66379268818102,0.8173844195196556,10.344298663211312
S114,validation_consumed,TANGENTIAL_SHIFT,REF4_EXACT,ENG_PAIR_3_NEG_X,False,0.9544912242990076,0.9421915176662083,0.15273716411425634,2.5370282075772197
S114,validation_consumed,TANGENTIAL_SHIFT,REF4_EXACT,ENG_PAIR_3_POS_X,True,0.044268736717388645,0.005785851821861023,0.04388900738509519,7.436703781472378
S114,validation_consumed,TANGENTIAL_SHIFT,REF4_NOISY5,ENG_MID_UP,True,4.963254548486034,4.931486017595905,0.560661547926551,13.02153837567502
S114,validation_consumed,TANGENTIAL_SHIFT,REF4_NOISY5,ENG_MID_DOWN,True,4.998211147126392,4.99751125129916,0.08364188183456302,1.6839163519162121
S114,validation_consumed,TANGENTIAL_SHIFT,REF4_NOISY5,ENG_PAIR_1_NEG_X,True,2.170756352008715,2.166645224240865,0.1335350592931954,1.5848852669568607
S114,validation_consumed,TANGENTIAL_SHIFT,REF4_NOISY5,ENG_PAIR_1_POS_X,False,12.680183776028507,12.457660458895838,2.365112361965016,6.229964491434185
S114,validation_consumed,TANGENTIAL_SHIFT,REF4_NOISY5,ENG_PAIR_2_NEG_X,False,5.3785111702279735,5.338261143736562,0.6567726924435096,8.861232636954336
S114,validation_consumed,TANGENTIAL_SHIFT,REF4_NOISY5,ENG_PAIR_2_POS_X,False,15.504526388004603,15.370625882037418,2.033272856940874,10.344298663211312
S114,validation_consumed,TANGENTIAL_SHIFT,REF4_NOISY5,ENG_PAIR_3_NEG_X,False,11.909844419765705,11.827978666493026,1.3940282522281024,11.864157275546757
S114,validation_consumed,TANGENTIAL_SHIFT,REF4_NOISY5,ENG_PAIR_3_POS_X,True,3.637770370247651,3.6138335231271057,0.4166299722469138,7.436703781472378
S118,validation_consumed,RIGID_ONLY,FIXED,ENG_MID_UP,True,0.1284299647245969,0.1284080835937169,0.0023706342928039048,0.5303338495855513
S118,validation_consumed,RIGID_ONLY,FIXED,ENG_MID_DOWN,True,0.18576284836277984,0.18535151127285615,0.012355286347204194,0.09738361575104378
S118,validation_consumed,RIGID_ONLY,FIXED,ENG_PAIR_1_NEG_X,True,0.49348805154118497,0.263532756895483,0.41723008407470025,0.2771485747818107
S118,validation_consumed,RIGID_ONLY,FIXED,ENG_PAIR_1_POS_X,False,0.3847266643732573,0.1592721055820177,0.35020994084012463,0.26392043728027914
S118,validation_consumed,RIGID_ONLY,FIXED,ENG_PAIR_2_NEG_X,False,0.338411350937648,0.25139726960802256,0.2265428332061626,0.27116231783086964
S118,validation_consumed,RIGID_ONLY,FIXED,ENG_PAIR_2_POS_X,False,0.0628066009790345,0.029651204748237677,0.05536673354567475,0.12307788920357188
S118,validation_consumed,RIGID_ONLY,FIXED,ENG_PAIR_3_NEG_X,False,0.47328492513385145,0.20486126620571804,0.4266503040752993,0.4816177508756177
S118,validation_consumed,RIGID_ONLY,FIXED,ENG_PAIR_3_POS_X,True,0.3671396359855903,0.16344836577470856,0.3287493635540742,0.15398782798353827
S118,validation_consumed,RIGID_ONLY,REF4_EXACT,ENG_MID_UP,True,0.02254385766494452,0.004367370526437675,0.022116771760410273,11.169242892970248
S118,validation_consumed,RIGID_ONLY,REF4_EXACT,ENG_MID_DOWN,True,0.012648638588596453,2.1185224688687857e-05,0.012648620847000915,0.09738361575104378
S118,validation_consumed,RIGID_ONLY,REF4_EXACT,ENG_PAIR_1_NEG_X,True,0.4166374400092707,0.002015272490180744,0.41663256605103366,0.27714857478575583
S118,validation_consumed,RIGID_ONLY,REF4_EXACT,ENG_PAIR_1_POS_X,False,0.35701621213577506,0.06545257568516695,0.3509651493581011,0.26392043728027914
S118,validation_consumed,RIGID_ONLY,REF4_EXACT,ENG_PAIR_2_NEG_X,False,0.2783632389951285,0.16353368445094923,0.22526168532122012,0.27116231782952555
S118,validation_consumed,RIGID_ONLY,REF4_EXACT,ENG_PAIR_2_POS_X,False,0.09460728760534612,0.0766720355569337,0.05542506501211322,0.12307788920357188
S118,validation_consumed,RIGID_ONLY,REF4_EXACT,ENG_PAIR_3_NEG_X,False,0.4490565554707281,0.1428432487576786,0.4257318361311344,0.4816177508748609
S118,validation_consumed,RIGID_ONLY,REF4_EXACT,ENG_PAIR_3_POS_X,True,0.32916673940914704,0.0008844901734904774,0.32916555106873246,0.15398782798353827
S118,validation_consumed,RIGID_ONLY,REF4_NOISY5,ENG_MID_UP,True,4.114000329573732,4.11390923544617,0.027377257778806455,11.169242892970248
S118,validation_consumed,RIGID_ONLY,REF4_NOISY5,ENG_MID_DOWN,True,1.560498346499795,1.5604514536475123,0.012097530242204077,0.09738361575104378
S118,validation_consumed,RIGID_ONLY,REF4_NOISY5,ENG_PAIR_1_NEG_X,True,1.4742147840769464,1.4156234142016748,0.41148460330251746,0.27714857478575583
S118,validation_consumed,RIGID_ONLY,REF4_NOISY5,ENG_PAIR_1_POS_X,False,5.337642916427721,5.326731636450326,0.34111871325135257,0.26392043728027914
S118,validation_consumed,RIGID_ONLY,REF4_NOISY5,ENG_PAIR_2_NEG_X,False,5.001306272840314,4.997184739038302,0.2030002923016738,0.27116231782952555
S118,validation_consumed,RIGID_ONLY,REF4_NOISY5,ENG_PAIR_2_POS_X,False,1.3642165039380738,1.3630584948375404,0.05619794718883764,0.12307788920357188
S118,validation_consumed,RIGID_ONLY,REF4_NOISY5,ENG_PAIR_3_NEG_X,False,4.785979274242381,4.769613758633899,0.39545190216741477,0.4816177508748609
S118,validation_consumed,RIGID_ONLY,REF4_NOISY5,ENG_PAIR_3_POS_X,True,4.993440488807204,4.983332660228271,0.31755867609205596,0.15398782798353827
S118,validation_consumed,NORMAL_BUMP,FIXED,ENG_MID_UP,True,0.7086749180561701,0.6804446645351447,0.1980282757274164,0.58559534731799
S118,validation_consumed,NORMAL_BUMP,FIXED,ENG_MID_DOWN,True,0.6589037682509419,0.6585831273052887,0.020553351164150906,0.7140172283099597
S118,validation_consumed,NORMAL_BUMP,FIXED,ENG_PAIR_1_NEG_X,True,1.758967731315798,1.7204690890568324,0.36599671229424857,0.4594642472554031
S118,validation_consumed,NORMAL_BUMP,FIXED,ENG_PAIR_1_POS_X,False,1.5163994322826977,1.516398933785608,0.0012295695017044191,0.1321562535058512
S118,validation_consumed,NORMAL_BUMP,FIXED,ENG_PAIR_2_NEG_X,False,1.874276140160036,1.8702913495352016,0.12215284453093297,0.9893322015926421
S118,validation_consumed,NORMAL_BUMP,FIXED,ENG_PAIR_2_POS_X,False,0.9086566772366536,0.8549779223937943,0.30768443136750845,0.4272049556730106
S118,validation_consumed,NORMAL_BUMP,FIXED,ENG_PAIR_3_NEG_X,False,1.1471231671858682,1.0480025971699707,0.46645698303223343,0.45614991728151183
S118,validation_consumed,NORMAL_BUMP,FIXED,ENG_PAIR_3_POS_X,True,1.359547293854146,1.3587735617756307,0.045861225950657614,0.46982344871037696
S118,validation_consumed,NORMAL_BUMP,REF4_EXACT,ENG_MID_UP,True,0.08882787568765857,0.018358859731224742,0.0869099750808349,11.925758532254198
S118,validation_consumed,NORMAL_BUMP,REF4_EXACT,ENG_MID_DOWN,True,0.01476960656866337,0.00018848313235440183,0.014768403850854095,0.7140172283099597
S118,validation_consumed,NORMAL_BUMP,REF4_EXACT,ENG_PAIR_1_NEG_X,True,0.35786834252546246,0.0028668657955088412,0.35785685918036025,0.4594642472554031
S118,validation_consumed,NORMAL_BUMP,REF4_EXACT,ENG_PAIR_1_POS_X,False,2.7002891146598245,2.7002875646484275,0.0028932603417357056,0.1321562535058512
S118,validation_consumed,NORMAL_BUMP,REF4_EXACT,ENG_PAIR_2_NEG_X,False,1.060640408659825,1.0528055298331136,0.12868019597007563,0.9893322015926421
S118,validation_consumed,NORMAL_BUMP,REF4_EXACT,ENG_PAIR_2_POS_X,False,1.956254834450174,1.9314222021308156,0.31071088559274507,0.42720495567215744
S118,validation_consumed,NORMAL_BUMP,REF4_EXACT,ENG_PAIR_3_NEG_X,False,0.968615983139801,0.8524991402411398,0.4598501263259592,0.45614991728151183
S118,validation_consumed,NORMAL_BUMP,REF4_EXACT,ENG_PAIR_3_POS_X,True,0.06889329793310868,0.0026674676735745817,0.06884163795487809,2.2145391667768086
S118,validation_consumed,NORMAL_BUMP,REF4_NOISY5,ENG_MID_UP,True,4.1206606249124045,4.117852318005122,0.1521061234906115,11.925758532254198
S118,validation_consumed,NORMAL_BUMP,REF4_NOISY5,ENG_MID_DOWN,True,1.5851464079691022,1.5851361813402955,0.00569397078083345,0.7140172283099597
S118,validation_consumed,NORMAL_BUMP,REF4_NOISY5,ENG_PAIR_1_NEG_X,True,1.4741688032033742,1.432534984752086,0.34787523309285556,0.4594642472554031
S118,validation_consumed,NORMAL_BUMP,REF4_NOISY5,ENG_PAIR_1_POS_X,False,7.633685395996846,7.633641293887695,0.025948435561619788,3.7591109166719794
S118,validation_consumed,NORMAL_BUMP,REF4_NOISY5,ENG_PAIR_2_NEG_X,False,4.77906085673091,4.775296572213536,0.18964524708840963,0.9893322015926421
S118,validation_consumed,NORMAL_BUMP,REF4_NOISY5,ENG_PAIR_2_POS_X,False,0.8045819582365618,0.7442797059508652,0.30561388520398436,0.42720495567215744
S118,validation_consumed,NORMAL_BUMP,REF4_NOISY5,ENG_PAIR_3_NEG_X,False,4.506775087580516,4.4867343532213955,0.42454273478573873,0.45614991728151183
S118,validation_consumed,NORMAL_BUMP,REF4_NOISY5,ENG_PAIR_3_POS_X,True,4.984602959863962,4.9845568122942945,0.021448834353119013,0.4698234487096012
S118,validation_consumed,TANGENTIAL_SHIFT,FIXED,ENG_MID_UP,True,5.536582219654141,5.5009130107342745,0.6274541603374291,1.5926794775148632
S118,validation_consumed,TANGENTIAL_SHIFT,FIXED,ENG_MID_DOWN,True,5.710620289100944,5.710216642709023,0.06789683070838708,0.33854309553880957
S118,validation_consumed,TANGENTIAL_SHIFT,FIXED,ENG_PAIR_1_NEG_X,True,3.6633081852371676,3.6559103885704616,0.2326931257433558,1.6623564936780728
S118,validation_consumed,TANGENTIAL_SHIFT,FIXED,ENG_PAIR_1_POS_X,False,12.223309984837028,11.92542827690745,2.6820640182055255,7.060873375402736
S118,validation_consumed,TANGENTIAL_SHIFT,FIXED,ENG_PAIR_2_NEG_X,False,6.958353467389911,6.955935143954109,0.18343731965254298,4.080483841254233
S118,validation_consumed,TANGENTIAL_SHIFT,FIXED,ENG_PAIR_2_POS_X,False,19.570916151169623,19.389207132650956,2.660715272867328,10.337094129376286
S118,validation_consumed,TANGENTIAL_SHIFT,FIXED,ENG_PAIR_3_NEG_X,False,3.239160416944389,3.2270343785454436,0.2800166537639732,1.48295084485875
S118,validation_consumed,TANGENTIAL_SHIFT,FIXED,ENG_PAIR_3_POS_X,True,11.457537155304221,11.304880147117254,1.8640929495309273,6.860733929796763
S118,validation_consumed,TANGENTIAL_SHIFT,REF4_EXACT,ENG_MID_UP,True,0.5953788085831053,0.023899361100794117,0.59489893784475,2.301308486609253
S118,validation_consumed,TANGENTIAL_SHIFT,REF4_EXACT,ENG_MID_DOWN,True,0.06160397599956476,0.001367865116317554,0.061588787972962356,1.301352896480774
S118,validation_consumed,TANGENTIAL_SHIFT,REF4_EXACT,ENG_PAIR_1_NEG_X,True,0.1368565438707887,0.003977393808841438,0.13679873515038982,1.6623564936780728
S118,validation_consumed,TANGENTIAL_SHIFT,REF4_EXACT,ENG_PAIR_1_POS_X,False,3.3245852875553066,3.013720102055937,1.4036945824121263,7.060873375402736
S118,validation_consumed,TANGENTIAL_SHIFT,REF4_EXACT,ENG_PAIR_2_NEG_X,False,4.094767238746589,4.094739084868025,0.015184411958549422,4.080483841254233
S118,validation_consumed,TANGENTIAL_SHIFT,REF4_EXACT,ENG_PAIR_2_POS_X,False,8.39806909379834,8.367644591363174,0.7142048003489476,10.337094129376323
S118,validation_consumed,TANGENTIAL_SHIFT,REF4_EXACT,ENG_PAIR_3_NEG_X,False,1.2787814931223873,1.2618030604869894,0.20769001829165828,1.2167848127107896
S118,validation_consumed,TANGENTIAL_SHIFT,REF4_EXACT,ENG_PAIR_3_POS_X,True,0.5073017411942065,0.06055501273449408,0.5036746440425593,6.860733929796763
S118,validation_consumed,TANGENTIAL_SHIFT,REF4_NOISY5,ENG_MID_UP,True,4.1466655290141095,4.1198924732702835,0.47044767849861,1.5926794775148632
S118,validation_consumed,TANGENTIAL_SHIFT,REF4_NOISY5,ENG_MID_DOWN,True,1.5033080624942825,1.5026469586023925,0.04457856618705333,1.301352896480774
S118,validation_consumed,TANGENTIAL_SHIFT,REF4_NOISY5,ENG_PAIR_1_NEG_X,True,1.264714870265927,1.2528059206130413,0.17315030565572215,1.6623564936780728
S118,validation_consumed,TANGENTIAL_SHIFT,REF4_NOISY5,ENG_PAIR_1_POS_X,False,4.991440621133154,4.690945035552403,1.705729799154712,7.060873375402736
S118,validation_consumed,TANGENTIAL_SHIFT,REF4_NOISY5,ENG_PAIR_2_NEG_X,False,8.438447443275253,8.434512076378509,0.25768447051332644,4.080483841254233
S118,validation_consumed,TANGENTIAL_SHIFT,REF4_NOISY5,ENG_PAIR_2_POS_X,False,9.238637115449647,9.199483771213803,0.8496552795914658,10.337094129376323
S118,validation_consumed,TANGENTIAL_SHIFT,REF4_NOISY5,ENG_PAIR_3_NEG_X,False,4.138685966017408,4.12773240701211,0.30090978949090086,1.48295084485875
S118,validation_consumed,TANGENTIAL_SHIFT,REF4_NOISY5,ENG_PAIR_3_POS_X,True,4.974357792976832,4.952330620960262,0.4676076060637709,2.059646636227721
S121,validation_consumed,RIGID_ONLY,FIXED,ENG_MID_UP,True,0.04266821506255805,0.03554673900582927,0.02360097291799984,0.40678857448860195
S121,validation_consumed,RIGID_ONLY,FIXED,ENG_MID_DOWN,True,0.14067824420068628,0.13818138323656698,0.026386999037725546,0.1654429240314979
S121,validation_consumed,RIGID_ONLY,FIXED,ENG_PAIR_1_NEG_X,True,0.44167771953978746,0.16829326274647458,0.40835840343014024,0.3190841402848226
S121,validation_consumed,RIGID_ONLY,FIXED,ENG_PAIR_1_POS_X,False,0.4184465404045437,0.1353905445117415,0.3959380098365723,0.17412758711107004
S121,validation_consumed,RIGID_ONLY,FIXED,ENG_PAIR_2_NEG_X,False,0.2269899511487914,0.16009045056411775,0.1609207431026481,0.1541824760479873
S121,validation_consumed,RIGID_ONLY,FIXED,ENG_PAIR_2_POS_X,False,0.22635053928807908,0.09518762989065603,0.20536280518098632,0.41624633829361063
S121,validation_consumed,RIGID_ONLY,FIXED,ENG_PAIR_3_NEG_X,False,0.34301463657882175,0.19159584742288982,0.28451726161624347,0.29555729929197794
S121,validation_consumed,RIGID_ONLY,FIXED,ENG_PAIR_3_POS_X,True,0.29822073921464926,0.17446326033757265,0.241863970219039,0.14641581988505586
S121,validation_consumed,RIGID_ONLY,REF4_EXACT,ENG_MID_UP,True,0.014018659615574752,0.003625477846528647,0.01354174020581094,14.988822411882854
S121,validation_consumed,RIGID_ONLY,REF4_EXACT,ENG_MID_DOWN,True,0.026774078434970976,7.683959727731763e-05,0.026773968172803,0.1654429240314979
S121,validation_consumed,RIGID_ONLY,REF4_EXACT,ENG_PAIR_1_NEG_X,True,0.40788213349438635,0.002271091214147541,0.40787581071771023,0.3190841402848226
S121,validation_consumed,RIGID_ONLY,REF4_EXACT,ENG_PAIR_1_POS_X,False,0.39833609343742166,0.0432600170552729,0.3959800680076762,0.17412758711107004
S121,validation_consumed,RIGID_ONLY,REF4_EXACT,ENG_PAIR_2_NEG_X,False,0.20060927385874855,0.119488348392044,0.1611416003292629,0.1541824760479873
S121,validation_consumed,RIGID_ONLY,REF4_EXACT,ENG_PAIR_2_POS_X,False,0.206754450152095,0.029057237213100405,0.2047024172383823,0.41624633829361063
S121,validation_consumed,RIGID_ONLY,REF4_EXACT,ENG_PAIR_3_NEG_X,False,0.30817391169667036,0.11618159750892525,0.28543474955005266,0.29555729929197794
S121,validation_consumed,RIGID_ONLY,REF4_EXACT,ENG_PAIR_3_POS_X,True,0.24217383873522924,0.0006189975221491873,0.24217304765358258,0.14641581988505586
S121,validation_consumed,RIGID_ONLY,REF4_NOISY5,ENG_MID_UP,True,3.833597786922984,3.7158614514726844,0.9427861185656667,14.609849945946094
S121,validation_consumed,RIGID_ONLY,REF4_NOISY5,ENG_MID_DOWN,True,4.8570118452686835,4.8569775128131285,0.018262122217969152,0.16498854130693089
S121,validation_consumed,RIGID_ONLY,REF4_NOISY5,ENG_PAIR_1_NEG_X,True,3.871407868824981,3.8491192450861056,0.4148251727026074,0.3190841402848226
S121,validation_consumed,RIGID_ONLY,REF4_NOISY5,ENG_PAIR_1_POS_X,False,10.271530847597761,10.26287585370039,0.4215746252869699,10.095716455432346
S121,validation_consumed,RIGID_ONLY,REF4_NOISY5,ENG_PAIR_2_NEG_X,False,7.015797975589349,6.996858082698498,0.515168132613317,6.707354259342921
S121,validation_consumed,RIGID_ONLY,REF4_NOISY5,ENG_PAIR_2_POS_X,False,7.2052122242025,7.201192210862751,0.2406531487572439,0.41624633829361063
S121,validation_consumed,RIGID_ONLY,REF4_NOISY5,ENG_PAIR_3_NEG_X,False,8.584048967060593,8.56647650509462,0.5489781020732252,12.330732849058897
S121,validation_consumed,RIGID_ONLY,REF4_NOISY5,ENG_PAIR_3_POS_X,True,4.2675664668190745,4.26756492095506,0.003632375595979281,4.534934419839567
S121,validation_consumed,NORMAL_BUMP,FIXED,ENG_MID_UP,True,1.129899644435174,1.108092117432409,0.22091868589798466,0.274824802581149
S121,validation_consumed,NORMAL_BUMP,FIXED,ENG_MID_DOWN,True,1.2212193651086225,1.2209920151849096,0.02356345838370658,0.6793761650120775
S121,validation_consumed,NORMAL_BUMP,FIXED,ENG_PAIR_1_NEG_X,True,1.6562235066477926,1.5052007458309589,0.6909754110839516,0.7872200616443873
S121,validation_consumed,NORMAL_BUMP,FIXED,ENG_PAIR_1_POS_X,False,0.6778197103221416,0.6204804533155542,0.2728434839876448,0.8999613467875264
S121,validation_consumed,NORMAL_BUMP,FIXED,ENG_PAIR_2_NEG_X,False,1.8959725988773426,1.888924518431424,0.16332868505659937,0.8892206449724488
S121,validation_consumed,NORMAL_BUMP,FIXED,ENG_PAIR_2_POS_X,False,0.6924402440841656,0.5096097579833007,0.46879780950377825,0.12870130909142322
S121,validation_consumed,NORMAL_BUMP,FIXED,ENG_PAIR_3_NEG_X,False,1.5577510187919001,1.513910549664875,0.3669646906183194,0.6380675061890868
S121,validation_consumed,NORMAL_BUMP,FIXED,ENG_PAIR_3_POS_X,True,1.8546423259998575,1.8529419696771865,0.07939908311176852,0.7684532630293965
S121,validation_consumed,NORMAL_BUMP,REF4_EXACT,ENG_MID_UP,True,0.018969312195454842,0.005049062438092829,0.018285015003134997,15.440082274568056
S121,validation_consumed,NORMAL_BUMP,REF4_EXACT,ENG_MID_DOWN,True,0.014106798749887937,0.00016790714072453488,0.014105799451358068,0.6793761650110046
S121,validation_consumed,NORMAL_BUMP,REF4_EXACT,ENG_PAIR_1_NEG_X,True,0.6703217814636073,0.009205771095590823,0.6702585653932964,0.7872200616443873
S121,validation_consumed,NORMAL_BUMP,REF4_EXACT,ENG_PAIR_1_POS_X,False,2.1504381895150204,2.1318331795713057,0.28226176043441664,0.8999613467875264
S121,validation_consumed,NORMAL_BUMP,REF4_EXACT,ENG_PAIR_2_NEG_X,False,0.6151759937215201,0.5986953012483825,0.14144058651733707,0.8892206449724488
S121,validation_consumed,NORMAL_BUMP,REF4_EXACT,ENG_PAIR_2_POS_X,False,1.7957169992255637,1.733708796787957,0.46781764529324604,0.12870130909142322
S121,validation_consumed,NORMAL_BUMP,REF4_EXACT,ENG_PAIR_3_NEG_X,False,0.5411415391527823,0.40865822485034853,0.3547289396973473,0.6380675061890868
S121,validation_consumed,NORMAL_BUMP,REF4_EXACT,ENG_PAIR_3_POS_X,True,0.11919113079940108,0.007988905846039448,0.11892309718731284,3.8413510607021304
S121,validation_consumed,NORMAL_BUMP,REF4_NOISY5,ENG_MID_UP,True,3.83514672447049,3.7082363325451215,0.9784343106254195,14.696109828158802
S121,validation_consumed,NORMAL_BUMP,REF4_NOISY5,ENG_MID_DOWN,True,4.854450114955565,4.8543930647100595,0.023534907838506376,0.2510741118762514
S121,validation_consumed,NORMAL_BUMP,REF4_NOISY5,ENG_PAIR_1_NEG_X,True,3.925538134977505,3.862744633101191,0.6993236365307638,0.7872200616443873
S121,validation_consumed,NORMAL_BUMP,REF4_NOISY5,ENG_PAIR_1_POS_X,False,12.073376553471755,12.065097592079603,0.4470363469746743,10.342943906475451
S121,validation_consumed,NORMAL_BUMP,REF4_NOISY5,ENG_PAIR_2_NEG_X,False,7.463513342948704,7.44764726279405,0.4863966173501212,7.343903432051308
S121,validation_consumed,NORMAL_BUMP,REF4_NOISY5,ENG_PAIR_2_POS_X,False,9.343735566542145,9.313595443095707,0.7498894984006563,10.048172518558628
S121,validation_consumed,NORMAL_BUMP,REF4_NOISY5,ENG_PAIR_3_NEG_X,False,8.828412244733455,8.807370137353686,0.609174873587318,4.82163957496466
S121,validation_consumed,NORMAL_BUMP,REF4_NOISY5,ENG_PAIR_3_POS_X,True,4.000091601341938,3.9872453514381037,0.3203237839460904,4.554415292910788
S121,validation_consumed,TANGENTIAL_SHIFT,FIXED,ENG_MID_UP,True,4.071704010999624,4.039191448926093,0.5135231174083157,1.5653616543685727
S121,validation_consumed,TANGENTIAL_SHIFT,FIXED,ENG_MID_DOWN,True,5.929969082666382,5.929953305503067,0.013679032583127713,0.4198493330723493
S121,validation_consumed,TANGENTIAL_SHIFT,FIXED,ENG_PAIR_1_NEG_X,True,2.4325783270505905,2.416655487499716,0.2778733020168689,1.1029782638805303
S121,validation_consumed,TANGENTIAL_SHIFT,FIXED,ENG_PAIR_1_POS_X,False,11.598020768626196,11.350149530898763,2.384992950874946,5.668812416146046
S121,validation_consumed,TANGENTIAL_SHIFT,FIXED,ENG_PAIR_2_NEG_X,False,5.375776164843487,5.374666889832813,0.10920255415613166,3.2747548439395096
S121,validation_consumed,TANGENTIAL_SHIFT,FIXED,ENG_PAIR_2_POS_X,False,19.657763021718736,19.427617945344455,2.999217896016022,10.450409726222539
S121,validation_consumed,TANGENTIAL_SHIFT,FIXED,ENG_PAIR_3_NEG_X,False,2.7027579492145373,2.6886832537495535,0.27546849738052703,1.372756849976343
S121,validation_consumed,TANGENTIAL_SHIFT,FIXED,ENG_PAIR_3_POS_X,True,12.066349868611487,12.016101657774502,1.1000454998632112,6.930502165747267
S121,validation_consumed,TANGENTIAL_SHIFT,REF4_EXACT,ENG_MID_UP,True,0.391201872892155,0.013570868053085449,0.3909664140237823,1.9872714711345407
S121,validation_consumed,TANGENTIAL_SHIFT,REF4_EXACT,ENG_MID_DOWN,True,0.03950051482588687,0.00017191640906927543,0.039500140711881036,0.28805687224938237
S121,validation_consumed,TANGENTIAL_SHIFT,REF4_EXACT,ENG_PAIR_1_NEG_X,True,0.23288202902321606,0.004488429944338789,0.23283877133889191,1.1029782638805303
S121,validation_consumed,TANGENTIAL_SHIFT,REF4_EXACT,ENG_PAIR_1_POS_X,False,3.9464557417266444,3.7277762379044854,1.295452523839404,5.668812416146046
S121,validation_consumed,TANGENTIAL_SHIFT,REF4_EXACT,ENG_PAIR_2_NEG_X,False,3.0663897696691715,3.066381337952059,0.007190952029770357,3.274754843939175
S121,validation_consumed,TANGENTIAL_SHIFT,REF4_EXACT,ENG_PAIR_2_POS_X,False,8.025569023021397,7.967631647245959,0.9626027618313067,10.450409726222539
S121,validation_consumed,TANGENTIAL_SHIFT,REF4_EXACT,ENG_PAIR_3_NEG_X,False,0.7853291685790373,0.7641991546717297,0.18094627661285445,3.8712149198056345
S121,validation_consumed,TANGENTIAL_SHIFT,REF4_EXACT,ENG_PAIR_3_POS_X,True,0.3375841414716748,0.040788913938019346,0.33511090264705595,6.930502165747267
S121,validation_consumed,TANGENTIAL_SHIFT,REF4_NOISY5,ENG_MID_UP,True,4.089503180703627,4.061169891086268,0.48055736465007753,16.123412316679847
S121,validation_consumed,TANGENTIAL_SHIFT,REF4_NOISY5,ENG_MID_DOWN,True,4.854093321506587,4.8538999956480495,0.043322120709024414,0.28805687224938237
S121,validation_consumed,TANGENTIAL_SHIFT,REF4_NOISY5,ENG_PAIR_1_NEG_X,True,3.818112803018288,3.813180353479842,0.19401280475142688,1.1029782638805303
S121,validation_consumed,TANGENTIAL_SHIFT,REF4_NOISY5,ENG_PAIR_1_POS_X,False,10.089534666043093,9.83892642035441,2.2347788866322413,5.668812416146046
S121,validation_consumed,TANGENTIAL_SHIFT,REF4_NOISY5,ENG_PAIR_2_NEG_X,False,4.131630164929678,4.122382597880363,0.2762780057297184,11.471513092517696
S121,validation_consumed,TANGENTIAL_SHIFT,REF4_NOISY5,ENG_PAIR_2_POS_X,False,13.242910365379863,13.11619323488041,1.8276077179643504,10.450409726222539
S121,validation_consumed,TANGENTIAL_SHIFT,REF4_NOISY5,ENG_PAIR_3_NEG_X,False,9.156816992355047,9.124182079703482,0.7723980890059194,11.459900957327939
S121,validation_consumed,TANGENTIAL_SHIFT,REF4_NOISY5,ENG_PAIR_3_POS_X,True,3.7989018305294717,3.798064697776478,0.07974753603870108,6.930502165747267
S130,validation_consumed,RIGID_ONLY,FIXED,ENG_MID_UP,True,0.050248361584406154,0.05024164256471308,0.0008217020852079894,0.6048417169947783
S130,validation_consumed,RIGID_ONLY,FIXED,ENG_MID_DOWN,True,0.15898194690209883,0.157491320738694,0.02171965314556312,0.09992737790704971
S130,validation_consumed,RIGID_ONLY,FIXED,ENG_PAIR_1_NEG_X,True,0.4311178701845643,0.19647051737806007,0.38374725249006314,0.37290471438936834
S130,validation_consumed,RIGID_ONLY,FIXED,ENG_PAIR_1_POS_X,False,0.40337573870536336,0.14873483977691462,0.374953242435151,0.35182024684518326
S130,validation_consumed,RIGID_ONLY,FIXED,ENG_PAIR_2_NEG_X,False,0.2552703923788796,0.173108699102036,0.1876069069103478,0.24289705328816516
S130,validation_consumed,RIGID_ONLY,FIXED,ENG_PAIR_2_POS_X,False,0.15609032795836494,0.09301177801016183,0.12535150431302491,0.404458999451749
S130,validation_consumed,RIGID_ONLY,FIXED,ENG_PAIR_3_NEG_X,False,0.3650739871656108,0.2094428284151479,0.29901959422495955,0.22518874489040874
S130,validation_consumed,RIGID_ONLY,FIXED,ENG_PAIR_3_POS_X,True,0.2896578473476409,0.1693419187574857,0.23499996400340645,0.222420646306074
S130,validation_consumed,RIGID_ONLY,REF4_EXACT,ENG_MID_UP,True,0.010336449097385852,0.002321581696531827,0.01007236011911693,12.977841209478342
S130,validation_consumed,RIGID_ONLY,REF4_EXACT,ENG_MID_DOWN,True,0.02198657066141804,3.8011561109900025e-05,0.021986537803181983,0.09992737790704971
S130,validation_consumed,RIGID_ONLY,REF4_EXACT,ENG_PAIR_1_NEG_X,True,0.38353421435892443,0.002496269287008227,0.38352609066863247,0.37290471438839096
S130,validation_consumed,RIGID_ONLY,REF4_EXACT,ENG_PAIR_1_POS_X,False,0.37937983271708187,0.053690493771464495,0.3755614308618729,0.35182024684518326
S130,validation_consumed,RIGID_ONLY,REF4_EXACT,ENG_PAIR_2_NEG_X,False,0.21643611266224658,0.10897659548539691,0.18699917780770284,0.24289705328816516
S130,validation_consumed,RIGID_ONLY,REF4_EXACT,ENG_PAIR_2_POS_X,False,0.12875023151837953,0.029868663760809638,0.1252377141326846,0.4044589994508479
S130,validation_consumed,RIGID_ONLY,REF4_EXACT,ENG_PAIR_3_NEG_X,False,0.3241079076214438,0.12413587807892605,0.2993930853515565,0.22518874489040874
S130,validation_consumed,RIGID_ONLY,REF4_EXACT,ENG_PAIR_3_POS_X,True,0.23512324922286168,0.0009122489058483531,0.2351214795101666,0.222420646306074
S130,validation_consumed,RIGID_ONLY,REF4_NOISY5,ENG_MID_UP,True,4.986468602574031,4.986420233218882,0.021963201086379162,1.3800142796684338
S130,validation_consumed,RIGID_ONLY,REF4_NOISY5,ENG_MID_DOWN,True,3.8831558971801363,3.882874148126088,0.04677682779941772,1.106057180823479
S130,validation_consumed,RIGID_ONLY,REF4_NOISY5,ENG_PAIR_1_NEG_X,True,4.396885545664763,4.378526252569722,0.4013855468666782,0.37290471438839096
S130,validation_consumed,RIGID_ONLY,REF4_NOISY5,ENG_PAIR_1_POS_X,False,1.7830328826234847,1.741020598817621,0.3847772537577354,0.35182024684518326
S130,validation_consumed,RIGID_ONLY,REF4_NOISY5,ENG_PAIR_2_NEG_X,False,7.481415104851892,7.4738872580983475,0.33553125687662544,4.9694069700550045
S130,validation_consumed,RIGID_ONLY,REF4_NOISY5,ENG_PAIR_2_POS_X,False,3.2799957553556087,3.2774952093995213,0.1280519719254554,0.4044589994508479
S130,validation_consumed,RIGID_ONLY,REF4_NOISY5,ENG_PAIR_3_NEG_X,False,8.238499221727368,8.183910810120851,0.9468227280697781,11.800152265119154
S130,validation_consumed,RIGID_ONLY,REF4_NOISY5,ENG_PAIR_3_POS_X,True,4.895385170865031,4.890707879342236,0.21394487622985162,5.310059962173661
S130,validation_consumed,NORMAL_BUMP,FIXED,ENG_MID_UP,True,0.9321155548411793,0.9060110773903298,0.2190509877240756,0.33612681288747176
S130,validation_consumed,NORMAL_BUMP,FIXED,ENG_MID_DOWN,True,1.126149404949892,1.1260414255494544,0.01559455724118848,0.5643706818965022
S130,validation_consumed,NORMAL_BUMP,FIXED,ENG_PAIR_1_NEG_X,True,1.6312829539823135,1.5399396498739883,0.5382099503904035,0.5503273259827489
S130,validation_consumed,NORMAL_BUMP,FIXED,ENG_PAIR_1_POS_X,False,1.202434801196094,1.1933004788279495,0.1479304510791357,0.5390183311244748
S130,validation_consumed,NORMAL_BUMP,FIXED,ENG_PAIR_2_NEG_X,False,1.8016364970555476,1.801502243592468,0.021993950392952263,1.261287563980728
S130,validation_consumed,NORMAL_BUMP,FIXED,ENG_PAIR_2_POS_X,False,0.9239989339280992,0.840122370910562,0.3846666502257246,0.2663105785283467
S130,validation_consumed,NORMAL_BUMP,FIXED,ENG_PAIR_3_NEG_X,False,1.4646735258892318,1.4269425933386761,0.33030799681008005,0.3651022718366125
S130,validation_consumed,NORMAL_BUMP,FIXED,ENG_PAIR_3_POS_X,True,1.746957794521165,1.7466766867073673,0.03133828251876045,0.4470987903568541
S130,validation_consumed,NORMAL_BUMP,REF4_EXACT,ENG_MID_UP,True,0.0731786622809257,0.017102115729153152,0.07115219076607852,13.512815371328855
S130,validation_consumed,NORMAL_BUMP,REF4_EXACT,ENG_MID_DOWN,True,0.009518997858206917,9.69783394431251e-05,0.009518503843894098,0.564370681897148
S130,validation_consumed,NORMAL_BUMP,REF4_EXACT,ENG_PAIR_1_NEG_X,True,0.5253269749263015,0.005041424625389947,0.5253027837571066,0.5503273259827489
S130,validation_consumed,NORMAL_BUMP,REF4_EXACT,ENG_PAIR_1_POS_X,False,2.508376311901363,2.503694624272699,0.1531827356325581,0.5390183311244748
S130,validation_consumed,NORMAL_BUMP,REF4_EXACT,ENG_PAIR_2_NEG_X,False,0.6314410988665353,0.6300805932470199,0.04142833995299499,1.261287563980728
S130,validation_consumed,NORMAL_BUMP,REF4_EXACT,ENG_PAIR_2_POS_X,False,2.078456327687302,2.0414112342887822,0.3906672223554666,0.2663105785283467
S130,validation_consumed,NORMAL_BUMP,REF4_EXACT,ENG_PAIR_3_NEG_X,False,0.6378923785468754,0.5495944524529564,0.3238095496447337,0.3651022718366125
S130,validation_consumed,NORMAL_BUMP,REF4_EXACT,ENG_PAIR_3_POS_X,True,0.028633435817659588,0.00025341596057658106,0.02863231438558462,0.499764060188776
S130,validation_consumed,NORMAL_BUMP,REF4_NOISY5,ENG_MID_UP,True,4.994074494487471,4.988639489238453,0.23292939466925391,1.1952045163199823
S130,validation_consumed,NORMAL_BUMP,REF4_NOISY5,ENG_MID_DOWN,True,3.8654452388485794,3.864789659855917,0.0711883389884546,1.365267493943467
S130,validation_consumed,NORMAL_BUMP,REF4_NOISY5,ENG_PAIR_1_NEG_X,True,4.400462565340554,4.364269853436765,0.5632223675837126,0.5503273259827489
S130,validation_consumed,NORMAL_BUMP,REF4_NOISY5,ENG_PAIR_1_POS_X,False,3.4865369644707176,3.48232262906062,0.17137418636719182,0.5390183311244748
S130,validation_consumed,NORMAL_BUMP,REF4_NOISY5,ENG_PAIR_2_NEG_X,False,7.732378354647178,7.731607789940596,0.10916044130586866,5.717103833251476
S130,validation_consumed,NORMAL_BUMP,REF4_NOISY5,ENG_PAIR_2_POS_X,False,5.303958587800109,5.288896392735354,0.3994391668445717,0.2663105785283467
S130,validation_consumed,NORMAL_BUMP,REF4_NOISY5,ENG_PAIR_3_NEG_X,False,8.123661307830933,8.08253255170645,0.8164193744363393,12.358568532097093
S130,validation_consumed,NORMAL_BUMP,REF4_NOISY5,ENG_PAIR_3_POS_X,True,4.902358381964972,4.902265282657493,0.030212640951372327,4.986836138871713
S130,validation_consumed,TANGENTIAL_SHIFT,FIXED,ENG_MID_UP,True,5.015794980774638,4.971500387261106,0.6651189281825698,1.5095271015056595
S130,validation_consumed,TANGENTIAL_SHIFT,FIXED,ENG_MID_DOWN,True,6.680320856146729,6.6800750624916825,0.05730532737640898,0.15589358822509172
S130,validation_consumed,TANGENTIAL_SHIFT,FIXED,ENG_PAIR_1_NEG_X,True,3.2672554152822384,3.250677049089818,0.32871974569810397,1.5439850103169914
S130,validation_consumed,TANGENTIAL_SHIFT,FIXED,ENG_PAIR_1_POS_X,False,12.085091747212784,11.8119056772835,2.555059061843458,6.839577294853505
S130,validation_consumed,TANGENTIAL_SHIFT,FIXED,ENG_PAIR_2_NEG_X,False,7.1925142243334115,7.191304082750838,0.13193353117988382,4.339179980497991
S130,validation_consumed,TANGENTIAL_SHIFT,FIXED,ENG_PAIR_2_POS_X,False,19.61589615260881,19.41494764839058,2.800569527825731,10.98758309412854
S130,validation_consumed,TANGENTIAL_SHIFT,FIXED,ENG_PAIR_3_NEG_X,False,3.5707846334145374,3.559734730531054,0.28069831934017064,2.020325206067298
S130,validation_consumed,TANGENTIAL_SHIFT,FIXED,ENG_PAIR_3_POS_X,True,12.260644564091098,12.188579159784918,1.3273820823837152,7.119101366564341
S130,validation_consumed,TANGENTIAL_SHIFT,REF4_EXACT,ENG_MID_UP,True,0.5686728416690392,0.013086579090155214,0.5685222443314397,1.31932139965907
S130,validation_consumed,TANGENTIAL_SHIFT,REF4_EXACT,ENG_MID_DOWN,True,0.037027107925269594,0.0004934594005980747,0.03702381961831496,0.8156740202459768
S130,validation_consumed,TANGENTIAL_SHIFT,REF4_EXACT,ENG_PAIR_1_NEG_X,True,0.24405663518220627,0.006583412641028047,0.24396782544929663,1.5439850103167554
S130,validation_consumed,TANGENTIAL_SHIFT,REF4_EXACT,ENG_PAIR_1_POS_X,False,4.031214799029382,3.82511337997216,1.2724780494261807,6.839577294853505
S130,validation_consumed,TANGENTIAL_SHIFT,REF4_EXACT,ENG_PAIR_2_NEG_X,False,4.161413505204177,4.160452481744214,0.08942878979462653,4.339179980497991
S130,validation_consumed,TANGENTIAL_SHIFT,REF4_EXACT,ENG_PAIR_2_POS_X,False,8.555629497131353,8.52461848709223,0.7277882533466931,10.98758309412854
S130,validation_consumed,TANGENTIAL_SHIFT,REF4_EXACT,ENG_PAIR_3_NEG_X,False,0.9617964479658649,0.9506496571884779,0.14600560471154536,2.4672570666424125
S130,validation_consumed,TANGENTIAL_SHIFT,REF4_EXACT,ENG_PAIR_3_POS_X,True,0.1858906940602341,0.023090200511099147,0.18445105794912856,7.119101366564341
S130,validation_consumed,TANGENTIAL_SHIFT,REF4_NOISY5,ENG_MID_UP,True,5.011214999271174,4.989773964435456,0.4630675466521772,1.31932139965907
S130,validation_consumed,TANGENTIAL_SHIFT,REF4_NOISY5,ENG_MID_DOWN,True,3.9544534479319946,3.9542563370643595,0.039482814585492756,1.160461077134314
S130,validation_consumed,TANGENTIAL_SHIFT,REF4_NOISY5,ENG_PAIR_1_NEG_X,True,4.420096246808882,4.418222183756585,0.12869951831749082,1.5439850103167554
S130,validation_consumed,TANGENTIAL_SHIFT,REF4_NOISY5,ENG_PAIR_1_POS_X,False,4.360706899941434,4.141985449091995,1.3637159552879825,6.839577294853505
S130,validation_consumed,TANGENTIAL_SHIFT,REF4_NOISY5,ENG_PAIR_2_NEG_X,False,3.812247566653877,3.8063023632569006,0.21282346892045348,9.278016038446424
S130,validation_consumed,TANGENTIAL_SHIFT,REF4_NOISY5,ENG_PAIR_2_POS_X,False,9.961560315226595,9.911649959381327,0.9959312208147317,10.98758309412854
S130,validation_consumed,TANGENTIAL_SHIFT,REF4_NOISY5,ENG_PAIR_3_NEG_X,False,8.276291661656664,8.172502153580645,1.3066033133768522,10.782575187610028
S130,validation_consumed,TANGENTIAL_SHIFT,REF4_NOISY5,ENG_PAIR_3_POS_X,True,4.861998200131609,4.852056341615444,0.31076640080993384,7.119101366564341
S134,validation_consumed,RIGID_ONLY,FIXED,ENG_MID_UP,True,0.14541800410154754,0.05772729894596518,0.1334689284937917,0.490751889434544
S134,validation_consumed,RIGID_ONLY,FIXED,ENG_MID_DOWN,True,0.08897560407383527,0.07931442925938183,0.04032219527211295,0.0648138115713118
S134,validation_consumed,RIGID_ONLY,FIXED,ENG_PAIR_1_NEG_X,True,0.36674653906199234,0.16241402908871042,0.3288232155263996,0.40900588009624084
S134,validation_consumed,RIGID_ONLY,FIXED,ENG_PAIR_1_POS_X,False,0.3634887827227471,0.1519860012645831,0.3301883562224244,0.38446236480851
S134,validation_consumed,RIGID_ONLY,FIXED,ENG_PAIR_2_NEG_X,False,0.21391127136969532,0.13873553145450282,0.16282040514332377,0.29052109900273093
S134,validation_consumed,RIGID_ONLY,FIXED,ENG_PAIR_2_POS_X,False,0.1765528567225214,0.11231574851894312,0.13622071740933064,0.45319701175870325
S134,validation_consumed,RIGID_ONLY,FIXED,ENG_PAIR_3_NEG_X,False,0.33958495908116654,0.12820583481436612,0.31445382547157696,0.20112286441188773
S134,validation_consumed,RIGID_ONLY,FIXED,ENG_PAIR_3_POS_X,True,0.33657991350983596,0.1302637164099009,0.31035045088636426,0.25377977351174613
S134,validation_consumed,RIGID_ONLY,REF4_EXACT,ENG_MID_UP,True,0.14486837925281867,0.04750330200921186,0.13685862634689896,19.141869424340342
S134,validation_consumed,RIGID_ONLY,REF4_EXACT,ENG_MID_DOWN,True,0.04026744199332114,4.58874003247306e-05,0.040267415847456293,0.0648138115713118
S134,validation_consumed,RIGID_ONLY,REF4_EXACT,ENG_PAIR_1_NEG_X,True,0.3293367424049027,0.0023517491782459043,0.3293283455362989,0.40900588009624084
S134,validation_consumed,RIGID_ONLY,REF4_EXACT,ENG_PAIR_1_POS_X,False,0.33137876189298,0.019716804745661357,0.3307916737832828,0.38446236480851
S134,validation_consumed,RIGID_ONLY,REF4_EXACT,ENG_PAIR_2_NEG_X,False,0.16436884954675954,0.02488667925799659,0.1624739114345281,0.29052109900273093
S134,validation_consumed,RIGID_ONLY,REF4_EXACT,ENG_PAIR_2_POS_X,False,0.1457647323537469,0.051543049015978185,0.13634761199337503,0.45319701175870325
S134,validation_consumed,RIGID_ONLY,REF4_EXACT,ENG_PAIR_3_NEG_X,False,0.32179861716490415,0.06746984959301805,0.3146461018432297,0.20112286441188773
S134,validation_consumed,RIGID_ONLY,REF4_EXACT,ENG_PAIR_3_POS_X,True,0.3103796707657769,0.0013741859931122424,0.3103766286908993,0.25377977351174613
S134,validation_consumed,RIGID_ONLY,REF4_NOISY5,ENG_MID_UP,True,3.120292752664019,2.9718100487645978,0.9510898466440277,20.08243095119606
S134,validation_consumed,RIGID_ONLY,REF4_NOISY5,ENG_MID_DOWN,True,4.114989350075023,4.114826852627063,0.03656944257325232,0.0648138115713118
S134,validation_consumed,RIGID_ONLY,REF4_NOISY5,ENG_PAIR_1_NEG_X,True,0.6097337945758868,0.5115838367467813,0.3317488179743109,0.40900588009624084
S134,validation_consumed,RIGID_ONLY,REF4_NOISY5,ENG_PAIR_1_POS_X,False,9.013183744901722,9.00664579014726,0.34323873642598013,0.38446236480851
S134,validation_consumed,RIGID_ONLY,REF4_NOISY5,ENG_PAIR_2_NEG_X,False,6.011266899948588,6.008470371442058,0.18333995178475498,10.873628204858873
S134,validation_consumed,RIGID_ONLY,REF4_NOISY5,ENG_PAIR_2_POS_X,False,7.204547405456637,7.202835840332341,0.15703240014676695,0.45319701175870325
S134,validation_consumed,RIGID_ONLY,REF4_NOISY5,ENG_PAIR_3_NEG_X,False,8.312898118674411,8.29921068335974,0.47684081690658153,1.873497304769195
S134,validation_consumed,RIGID_ONLY,REF4_NOISY5,ENG_PAIR_3_POS_X,True,4.217791467433585,4.207504278132306,0.294402126782228,0.25377977351174613
S134,validation_consumed,NORMAL_BUMP,FIXED,ENG_MID_UP,True,0.8114764345542851,0.7621751530955158,0.2785373221684337,0.058385903035834553
S134,validation_consumed,NORMAL_BUMP,FIXED,ENG_MID_DOWN,True,0.5960197733695637,0.5925873930401506,0.06387293524947953,0.7319946301007243
S134,validation_consumed,NORMAL_BUMP,FIXED,ENG_PAIR_1_NEG_X,True,1.5318405604124374,1.4429582011256212,0.5142053406266813,0.6334105470137247
S134,validation_consumed,NORMAL_BUMP,FIXED,ENG_PAIR_1_POS_X,False,1.432017873333882,1.4317015945002036,0.030095412495406326,0.8557133896386544
S134,validation_consumed,NORMAL_BUMP,FIXED,ENG_PAIR_2_NEG_X,False,1.9106480842054645,1.9082529384610105,0.09563903247592062,1.3135803745750791
S134,validation_consumed,NORMAL_BUMP,FIXED,ENG_PAIR_2_POS_X,False,1.416817823293001,1.3529714051292534,0.4205248165129986,0.5585514652079016
S134,validation_consumed,NORMAL_BUMP,FIXED,ENG_PAIR_3_NEG_X,False,1.2068687131557274,1.1372217531470226,0.4040529358430332,0.45557268466689366
S134,validation_consumed,NORMAL_BUMP,FIXED,ENG_PAIR_3_POS_X,True,1.1844739952300494,1.1843825809053765,0.014715550419680914,0.6388502900249937
S134,validation_consumed,NORMAL_BUMP,REF4_EXACT,ENG_MID_UP,True,0.055097123373733986,0.01841990672365342,0.05192687204475512,19.529192326859324
S134,validation_consumed,NORMAL_BUMP,REF4_EXACT,ENG_MID_DOWN,True,0.05738023523322446,0.0007331771960293565,0.0573755509482863,0.7319946301007243
S134,validation_consumed,NORMAL_BUMP,REF4_EXACT,ENG_PAIR_1_NEG_X,True,0.5027889500828606,0.005555806305552984,0.5027582533800122,0.6334105470137247
S134,validation_consumed,NORMAL_BUMP,REF4_EXACT,ENG_PAIR_1_POS_X,False,2.269909997004892,2.269622416757213,0.03613142476981775,0.8557133896386544
S134,validation_consumed,NORMAL_BUMP,REF4_EXACT,ENG_PAIR_2_NEG_X,False,0.915999062511364,0.9115265195507974,0.09040844361732592,1.3135803745748014
S134,validation_consumed,NORMAL_BUMP,REF4_EXACT,ENG_PAIR_2_POS_X,False,2.062734468944855,2.01774871680452,0.4284432345211264,0.5585514652072491
S134,validation_consumed,NORMAL_BUMP,REF4_EXACT,ENG_PAIR_3_NEG_X,False,0.9682795579856658,0.8825610841184619,0.398310475901101,0.45557268466689366
S134,validation_consumed,NORMAL_BUMP,REF4_EXACT,ENG_PAIR_3_POS_X,True,0.029878185133739955,0.000908249086281572,0.029864377282697654,1.7364741016883696
S134,validation_consumed,NORMAL_BUMP,REF4_NOISY5,ENG_MID_UP,True,3.136870572560916,3.0285020385162946,0.8173936577324897,20.375007340843688
S134,validation_consumed,NORMAL_BUMP,REF4_NOISY5,ENG_MID_DOWN,True,4.137345984684797,4.13729223827355,0.02108867252469484,0.7319946301007243
S134,validation_consumed,NORMAL_BUMP,REF4_NOISY5,ENG_PAIR_1_NEG_X,True,0.7322108276675533,0.5321053869664389,0.5029876273974336,0.6334105470137247
S134,validation_consumed,NORMAL_BUMP,REF4_NOISY5,ENG_PAIR_1_POS_X,False,7.0734700200929455,7.073431630690023,0.023304315213608286,0.8557133896386544
S134,validation_consumed,NORMAL_BUMP,REF4_NOISY5,ENG_PAIR_2_NEG_X,False,5.327989545695407,5.325289498381053,0.16960058216886745,10.580317679644132
S134,validation_consumed,NORMAL_BUMP,REF4_NOISY5,ENG_PAIR_2_POS_X,False,5.1559843761731114,5.14277219865931,0.36887531774043947,0.5585514652072491
S134,validation_consumed,NORMAL_BUMP,REF4_NOISY5,ENG_PAIR_3_NEG_X,False,7.532580766659824,7.514940805069884,0.515206465942645,2.1530695149121306
S134,validation_consumed,NORMAL_BUMP,REF4_NOISY5,ENG_PAIR_3_POS_X,True,4.226019315330077,4.225970679573705,0.020274834801736773,0.6388502900249937
S134,validation_consumed,TANGENTIAL_SHIFT,FIXED,ENG_MID_UP,True,4.602683976664018,4.487513684853517,1.0231914372648445,2.5617804175492997
S134,validation_consumed,TANGENTIAL_SHIFT,FIXED,ENG_MID_DOWN,True,6.593856759315943,6.593794447227182,0.02866618378023005,0.4766130232902054
S134,validation_consumed,TANGENTIAL_SHIFT,FIXED,ENG_PAIR_1_NEG_X,True,3.6265859771356714,3.621412045526127,0.1936508354625994,1.4323259127568493
S134,validation_consumed,TANGENTIAL_SHIFT,FIXED,ENG_PAIR_1_POS_X,False,12.294167673381354,12.07995938665078,2.2849813999424162,6.645771993143957
S134,validation_consumed,TANGENTIAL_SHIFT,FIXED,ENG_PAIR_2_NEG_X,False,6.844700273646122,6.8436160688318655,0.12182339051917913,4.599380775168337
S134,validation_consumed,TANGENTIAL_SHIFT,FIXED,ENG_PAIR_2_POS_X,False,19.59063461335591,19.363894396958877,2.9719620349936027,11.638116148768692
S134,validation_consumed,TANGENTIAL_SHIFT,FIXED,ENG_PAIR_3_NEG_X,False,3.243034511577023,3.233726922952637,0.24552602927366182,1.6781825437193063
S134,validation_consumed,TANGENTIAL_SHIFT,FIXED,ENG_PAIR_3_POS_X,True,12.71799275290188,12.601042572422788,1.7207747530845725,8.03463497475438
S134,validation_consumed,TANGENTIAL_SHIFT,REF4_EXACT,ENG_MID_UP,True,0.8668882982222899,0.029856425528279062,0.8663740043707521,1.9732789315503698
S134,validation_consumed,TANGENTIAL_SHIFT,REF4_EXACT,ENG_MID_DOWN,True,0.05935345760209422,0.00024207543745726737,0.05935296394289149,0.2682953245619837
S134,validation_consumed,TANGENTIAL_SHIFT,REF4_EXACT,ENG_PAIR_1_NEG_X,True,0.10997704740988155,0.002752090405707212,0.10994260755227772,1.4323259127568493
S134,validation_consumed,TANGENTIAL_SHIFT,REF4_EXACT,ENG_PAIR_1_POS_X,False,3.7657882602072688,3.64253094030892,0.9555781337008005,6.645771993143957
S134,validation_consumed,TANGENTIAL_SHIFT,REF4_EXACT,ENG_PAIR_2_NEG_X,False,3.3610530434422126,3.3583426340960214,0.134953002356967,3.112589819333593
S134,validation_consumed,TANGENTIAL_SHIFT,REF4_EXACT,ENG_PAIR_2_POS_X,False,7.5968059317793415,7.576616744892474,0.5534790566342628,11.638116148768692
S134,validation_consumed,TANGENTIAL_SHIFT,REF4_EXACT,ENG_PAIR_3_NEG_X,False,1.0557848102435032,1.0436064497234998,0.15989729089769578,1.3967278658971698
S134,validation_consumed,TANGENTIAL_SHIFT,REF4_EXACT,ENG_PAIR_3_POS_X,True,0.02540630095362253,0.003607484229222109,0.02514888040613249,8.03463497475438
S134,validation_consumed,TANGENTIAL_SHIFT,REF4_NOISY5,ENG_MID_UP,True,2.270302791382615,2.108544153678802,0.841615301991735,4.560902011292834
S134,validation_consumed,TANGENTIAL_SHIFT,REF4_NOISY5,ENG_MID_DOWN,True,4.129354991398698,4.129124124585873,0.04366473121744262,0.343837623221514
S134,validation_consumed,TANGENTIAL_SHIFT,REF4_NOISY5,ENG_PAIR_1_NEG_X,True,0.5463431755109027,0.5354379349580385,0.10861437858409205,1.4323259127568493
S134,validation_consumed,TANGENTIAL_SHIFT,REF4_NOISY5,ENG_PAIR_1_POS_X,False,12.205099569658909,12.190473798145485,0.5973307978135054,6.645771993143957
S134,validation_consumed,TANGENTIAL_SHIFT,REF4_NOISY5,ENG_PAIR_2_NEG_X,False,7.141438637270866,7.140091469139118,0.1387069653332679,9.823371705189913
S134,validation_consumed,TANGENTIAL_SHIFT,REF4_NOISY5,ENG_PAIR_2_POS_X,False,9.679029953087227,9.674084989557914,0.3093548893583997,1.9175497258495726
S134,validation_consumed,TANGENTIAL_SHIFT,REF4_NOISY5,ENG_PAIR_3_NEG_X,False,7.564013870895979,7.553637574678684,0.39606215359348557,7.227379323880833
S134,validation_consumed,TANGENTIAL_SHIFT,REF4_NOISY5,ENG_PAIR_3_POS_X,True,4.068337071000146,4.066077791448908,0.13556517679704502,3.5652608225170277
S140,validation_consumed,RIGID_ONLY,FIXED,ENG_MID_UP,True,0.05931367353879732,0.05768435886312725,0.013806759620453234,0.459741583497569
S140,validation_consumed,RIGID_ONLY,FIXED,ENG_MID_DOWN,True,0.14827316344801017,0.12569600475492892,0.07864760255423703,0.1492848611102626
S140,validation_consumed,RIGID_ONLY,FIXED,ENG_PAIR_1_NEG_X,True,0.3992010436189309,0.14486547217311485,0.3719885323481142,0.3125757581468371
S140,validation_consumed,RIGID_ONLY,FIXED,ENG_PAIR_1_POS_X,False,0.5112933922176076,0.1843242928833456,0.47691245315932246,0.3016810863673841
S140,validation_consumed,RIGID_ONLY,FIXED,ENG_PAIR_2_NEG_X,False,0.21593692178534715,0.08092386918505694,0.20020010386173864,0.21954675688762587
S140,validation_consumed,RIGID_ONLY,FIXED,ENG_PAIR_2_POS_X,False,0.23155423055090096,0.17678598945020343,0.14954623238360884,0.4152203569022342
S140,validation_consumed,RIGID_ONLY,FIXED,ENG_PAIR_3_NEG_X,False,0.3527023573216861,0.17071653504844983,0.3086337919303811,0.2850127079254552
S140,validation_consumed,RIGID_ONLY,FIXED,ENG_PAIR_3_POS_X,True,0.3914682454414933,0.21004894162401166,0.3303435019970482,0.23810777122417826
S140,validation_consumed,RIGID_ONLY,REF4_EXACT,ENG_MID_UP,True,0.013521446534882851,0.000108629596136014,0.013521010169604148,0.459741583497569
S140,validation_consumed,RIGID_ONLY,REF4_EXACT,ENG_MID_DOWN,True,0.07917597093508265,0.0010501471738235115,0.07916900633724261,0.7597367486469345
S140,validation_consumed,RIGID_ONLY,REF4_EXACT,ENG_PAIR_1_NEG_X,True,0.37207214332082,0.002029557752347801,0.37206660792212826,0.3125757581468371
S140,validation_consumed,RIGID_ONLY,REF4_EXACT,ENG_PAIR_1_POS_X,False,0.47638709313100625,0.009990470803747983,0.47628232488192285,0.3016810863673841
S140,validation_consumed,RIGID_ONLY,REF4_EXACT,ENG_PAIR_2_NEG_X,False,0.2099225911532281,0.06369312943613892,0.20002669706595821,0.21954675688762587
S140,validation_consumed,RIGID_ONLY,REF4_EXACT,ENG_PAIR_2_POS_X,False,0.15585847729850272,0.04798620621184852,0.14828752125247027,0.4152203569022342
S140,validation_consumed,RIGID_ONLY,REF4_EXACT,ENG_PAIR_3_NEG_X,False,0.3164855202585951,0.06859093425347207,0.30896337690993325,0.2850127079254552
S140,validation_consumed,RIGID_ONLY,REF4_EXACT,ENG_PAIR_3_POS_X,True,0.329847219262867,0.0013701316015209367,0.3298443735988843,0.23810777122417826
S140,validation_consumed,RIGID_ONLY,REF4_NOISY5,ENG_MID_UP,True,4.998988418401723,4.9989225823002075,0.02565586645555433,0.459741583497569
S140,validation_consumed,RIGID_ONLY,REF4_NOISY5,ENG_MID_DOWN,True,4.329251686933998,4.3285670347314955,0.07699087385303126,0.14928486110537978
S140,validation_consumed,RIGID_ONLY,REF4_NOISY5,ENG_PAIR_1_NEG_X,True,4.3996967368811255,4.382314444337087,0.3907063954902048,0.3125757581468371
S140,validation_consumed,RIGID_ONLY,REF4_NOISY5,ENG_PAIR_1_POS_X,False,6.583010153242719,6.567995327352479,0.4443647798517887,0.3016810863673841
S140,validation_consumed,RIGID_ONLY,REF4_NOISY5,ENG_PAIR_2_NEG_X,False,2.091957051709436,2.081622251199384,0.20768512105696219,0.21954675688762587
S140,validation_consumed,RIGID_ONLY,REF4_NOISY5,ENG_PAIR_2_POS_X,False,4.6508358412987425,4.649287262406873,0.12000822609381208,0.4152203569022342
S140,validation_consumed,RIGID_ONLY,REF4_NOISY5,ENG_PAIR_3_NEG_X,False,4.045783282731118,4.0346592213273205,0.29981217217617673,0.2850127079254552
S140,validation_consumed,RIGID_ONLY,REF4_NOISY5,ENG_PAIR_3_POS_X,True,4.802155026858348,4.791481862489393,0.3199913489706995,0.23810777122417826
S140,validation_consumed,NORMAL_BUMP,FIXED,ENG_MID_UP,True,0.7416188515452607,0.7112780447663379,0.20995729089671267,0.3834205836438835
S140,validation_consumed,NORMAL_BUMP,FIXED,ENG_MID_DOWN,True,0.8100334111455173,0.8036035036038596,0.10186037584676663,0.8475984340715706
S140,validation_consumed,NORMAL_BUMP,FIXED,ENG_PAIR_1_NEG_X,True,1.5568346383735405,1.4293189778586735,0.6170748340134355,0.761245897451694
S140,validation_consumed,NORMAL_BUMP,FIXED,ENG_PAIR_1_POS_X,False,1.7017088040090245,1.5878106842900341,0.6121030015416012,0.9789310479138232
S140,validation_consumed,NORMAL_BUMP,FIXED,ENG_PAIR_2_NEG_X,False,1.6154538285986308,1.6030382658785294,0.19989845037701368,1.028227942579008
S140,validation_consumed,NORMAL_BUMP,FIXED,ENG_PAIR_2_POS_X,False,1.283929975011825,1.1373207676057122,0.5958000103278103,0.06476616969819263
S140,validation_consumed,NORMAL_BUMP,FIXED,ENG_PAIR_3_NEG_X,False,1.2942043443234759,1.2363541792033468,0.3826136804038463,0.5373258949207517
S140,validation_consumed,NORMAL_BUMP,FIXED,ENG_PAIR_3_POS_X,True,1.4580035332883126,1.4553317209743515,0.08822632830984573,0.7131981400922176
S140,validation_consumed,NORMAL_BUMP,REF4_EXACT,ENG_MID_UP,True,0.10675863454743806,0.02231267118057031,0.1044009135746483,12.062719155503538
S140,validation_consumed,NORMAL_BUMP,REF4_EXACT,ENG_MID_DOWN,True,0.09282301950530411,0.0013738549546101013,0.0928128518721721,0.8475984340715706
S140,validation_consumed,NORMAL_BUMP,REF4_EXACT,ENG_PAIR_1_NEG_X,True,0.6002064585598283,0.0079702909553339,0.600153536487971,0.761245897451694
S140,validation_consumed,NORMAL_BUMP,REF4_EXACT,ENG_PAIR_1_POS_X,False,2.6376279287459097,2.565142057773355,0.6141069238680803,0.9789310479138232
S140,validation_consumed,NORMAL_BUMP,REF4_EXACT,ENG_PAIR_2_NEG_X,False,0.5645214268003926,0.5354214604777214,0.17890863863060116,1.028227942579008
S140,validation_consumed,NORMAL_BUMP,REF4_EXACT,ENG_PAIR_2_POS_X,False,1.8258854326599399,1.7254930788572702,0.5971023764945467,0.06476616969819263
S140,validation_consumed,NORMAL_BUMP,REF4_EXACT,ENG_PAIR_3_NEG_X,False,0.7360435342597436,0.6349913091067049,0.3722178417063421,0.5373258949207517
S140,validation_consumed,NORMAL_BUMP,REF4_EXACT,ENG_PAIR_3_POS_X,True,0.06695274432515297,0.0023016951982169323,0.06691316889733895,1.9729824235776452
S140,validation_consumed,NORMAL_BUMP,REF4_NOISY5,ENG_MID_UP,True,5.00336061296835,4.9973159840400125,0.24586658793179236,0.3834205836438835
S140,validation_consumed,NORMAL_BUMP,REF4_NOISY5,ENG_MID_DOWN,True,4.317499459596327,4.316918915648312,0.07080013652793955,0.8475984340715706
S140,validation_consumed,NORMAL_BUMP,REF4_NOISY5,ENG_PAIR_1_NEG_X,True,4.404966975557941,4.356022700629541,0.654828441163179,0.761245897451694
S140,validation_consumed,NORMAL_BUMP,REF4_NOISY5,ENG_PAIR_1_POS_X,False,7.23879922432783,7.220097334567197,0.5200083552260228,0.9789310479138232
S140,validation_consumed,NORMAL_BUMP,REF4_NOISY5,ENG_PAIR_2_NEG_X,False,2.570250823398786,2.561038769115366,0.2174160027923239,1.028227942579008
S140,validation_consumed,NORMAL_BUMP,REF4_NOISY5,ENG_PAIR_2_POS_X,False,3.679508965465972,3.631138383325755,0.5946597918834661,0.06476616969819263
S140,validation_consumed,NORMAL_BUMP,REF4_NOISY5,ENG_PAIR_3_NEG_X,False,4.775665433621473,4.760790533023393,0.3766348822955912,0.5373258949207517
S140,validation_consumed,NORMAL_BUMP,REF4_NOISY5,ENG_PAIR_3_POS_X,True,4.776242075126105,4.774422446822447,0.13182814374357799,0.7131981400922176
S140,validation_consumed,TANGENTIAL_SHIFT,FIXED,ENG_MID_UP,True,4.617540232241812,4.595449828142953,0.4511304394437092,1.0530554636003322
S140,validation_consumed,TANGENTIAL_SHIFT,FIXED,ENG_MID_DOWN,True,6.130673076887345,6.130614067895706,0.026898442159519635,0.26279933046936765
S140,validation_consumed,TANGENTIAL_SHIFT,FIXED,ENG_PAIR_1_NEG_X,True,2.7361763939636052,2.7300795991191107,0.18255585818405565,1.4457022722151598
S140,validation_consumed,TANGENTIAL_SHIFT,FIXED,ENG_PAIR_1_POS_X,False,12.706536529615386,12.427276826162393,2.6493133571507417,6.365566212685817
S140,validation_consumed,TANGENTIAL_SHIFT,FIXED,ENG_PAIR_2_NEG_X,False,5.602457172766674,5.601217676546113,0.11784274535211309,3.2296276406110875
S140,validation_consumed,TANGENTIAL_SHIFT,FIXED,ENG_PAIR_2_POS_X,False,19.839035228101988,19.642206541608665,2.787658687618948,10.16033274038152
S140,validation_consumed,TANGENTIAL_SHIFT,FIXED,ENG_PAIR_3_NEG_X,False,2.688351609299577,2.674744166160428,0.2701444443522435,1.3293404708538743
S140,validation_consumed,TANGENTIAL_SHIFT,FIXED,ENG_PAIR_3_POS_X,True,12.537730965785471,12.414042247439813,1.7567734199934137,6.678205335773177
S140,validation_consumed,TANGENTIAL_SHIFT,REF4_EXACT,ENG_MID_UP,True,0.35538206681638723,0.008426864157183888,0.35528214333845076,1.3580768468805045
S140,validation_consumed,TANGENTIAL_SHIFT,REF4_EXACT,ENG_MID_DOWN,True,0.10652385555925839,0.0013954783197727494,0.10651471468050219,0.7672186775185589
S140,validation_consumed,TANGENTIAL_SHIFT,REF4_EXACT,ENG_PAIR_1_NEG_X,True,0.11494460942484741,0.002905281311380241,0.11490788735475238,1.4457022722154123
S140,validation_consumed,TANGENTIAL_SHIFT,REF4_EXACT,ENG_PAIR_1_POS_X,False,4.167751249588766,3.9416946700556834,1.353954802237995,6.365566212685817
S140,validation_consumed,TANGENTIAL_SHIFT,REF4_EXACT,ENG_PAIR_2_NEG_X,False,3.065248947021119,3.0652305980409933,0.01060603824866121,3.2296276406113136
S140,validation_consumed,TANGENTIAL_SHIFT,REF4_EXACT,ENG_PAIR_2_POS_X,False,7.841940122198845,7.799728262153219,0.8125662537420433,10.16033274038152
S140,validation_consumed,TANGENTIAL_SHIFT,REF4_EXACT,ENG_PAIR_3_NEG_X,False,0.8913253735400045,0.8670727785914089,0.2065083972675259,1.2419455420381844
S140,validation_consumed,TANGENTIAL_SHIFT,REF4_EXACT,ENG_PAIR_3_POS_X,True,0.3065638024237022,0.03560095662480789,0.304489633393121,6.678205335773177
S140,validation_consumed,TANGENTIAL_SHIFT,REF4_NOISY5,ENG_MID_UP,True,5.011813635594223,4.998853740059459,0.360190509899617,1.0530554636003322
S140,validation_consumed,TANGENTIAL_SHIFT,REF4_NOISY5,ENG_MID_DOWN,True,4.312677202979958,4.312012746410356,0.07570159772191479,0.7672186775185589
S140,validation_consumed,TANGENTIAL_SHIFT,REF4_NOISY5,ENG_PAIR_1_NEG_X,True,4.453372971951599,4.453370612180753,0.0045845254765274936,1.4457022722154123
S140,validation_consumed,TANGENTIAL_SHIFT,REF4_NOISY5,ENG_PAIR_1_POS_X,False,4.851808851625527,4.791408320097967,0.7631876851782896,6.365566212685817
S140,validation_consumed,TANGENTIAL_SHIFT,REF4_NOISY5,ENG_PAIR_2_NEG_X,False,1.3727219677055804,1.3727112374253345,0.005427639237044984,3.896750811790981
S140,validation_consumed,TANGENTIAL_SHIFT,REF4_NOISY5,ENG_PAIR_2_POS_X,False,4.467574550708799,4.460868458794612,0.24469360325174136,4.641394737388161
S140,validation_consumed,TANGENTIAL_SHIFT,REF4_NOISY5,ENG_PAIR_3_NEG_X,False,4.900374078783554,4.89486172323707,0.23236786008911367,1.3293404708538743
S140,validation_consumed,TANGENTIAL_SHIFT,REF4_NOISY5,ENG_PAIR_3_POS_X,True,4.853974898083899,4.849552518510177,0.20715376279515382,3.7166590424133035
S141,validation_consumed,RIGID_ONLY,FIXED,ENG_MID_UP,True,0.22040534978906884,0.09834633000369679,0.1972473512887961,0.6344111139348683
S141,validation_consumed,RIGID_ONLY,FIXED,ENG_MID_DOWN,True,0.17285113800514157,0.17247732168377547,0.01136175226203847,0.05066749011655705
S141,validation_consumed,RIGID_ONLY,FIXED,ENG_PAIR_1_NEG_X,True,0.405253623008963,0.18560803259269137,0.36025013143503665,0.4569411487378638
S141,validation_consumed,RIGID_ONLY,FIXED,ENG_PAIR_1_POS_X,False,0.43830387485218203,0.10815736427850406,0.4247496571661527,0.4628433310479337
S141,validation_consumed,RIGID_ONLY,FIXED,ENG_PAIR_2_NEG_X,False,0.12186561818018846,0.05930049572574101,0.10646445463684513,0.017088028087363222
S141,validation_consumed,RIGID_ONLY,FIXED,ENG_PAIR_2_POS_X,False,0.36981129048906564,0.24289061028239947,0.2788629448489556,0.2923935250724633
S141,validation_consumed,RIGID_ONLY,FIXED,ENG_PAIR_3_NEG_X,False,0.2770906869246074,0.1066256491488816,0.2557542174118159,0.23371398186049283
S141,validation_consumed,RIGID_ONLY,FIXED,ENG_PAIR_3_POS_X,True,0.42043961294145077,0.2130671399969322,0.36245256515009605,0.40600482904877705
S141,validation_consumed,RIGID_ONLY,REF4_EXACT,ENG_MID_UP,True,0.19615953779415155,0.0021729036375842613,0.19614750255202573,0.6344111139348683
S141,validation_consumed,RIGID_ONLY,REF4_EXACT,ENG_MID_DOWN,True,0.008158241091153874,0.00016376535081128854,0.008156597244639777,1.1561811745090063
S141,validation_consumed,RIGID_ONLY,REF4_EXACT,ENG_PAIR_1_NEG_X,True,0.3613387093377557,0.002881235792337544,0.36132722198332096,0.45694114873547104
S141,validation_consumed,RIGID_ONLY,REF4_EXACT,ENG_PAIR_1_POS_X,False,0.4398336386119739,0.11628771768464105,0.42418250361176574,0.4628433310479337
S141,validation_consumed,RIGID_ONLY,REF4_EXACT,ENG_PAIR_2_NEG_X,False,0.12831924776817696,0.07165785364632575,0.10644708243344457,0.01708802813002054
S141,validation_consumed,RIGID_ONLY,REF4_EXACT,ENG_PAIR_2_POS_X,False,0.29433703848304243,0.09655597673046407,0.27804898054226723,0.2923935250724633
S141,validation_consumed,RIGID_ONLY,REF4_EXACT,ENG_PAIR_3_NEG_X,False,0.27853158133112554,0.1083395207333288,0.2565977202667436,0.23371398186049283
S141,validation_consumed,RIGID_ONLY,REF4_EXACT,ENG_PAIR_3_POS_X,True,0.36131303394732023,0.0025596097953327853,0.36130396745387805,0.40600482904877705
S141,validation_consumed,RIGID_ONLY,REF4_NOISY5,ENG_MID_UP,True,4.384553274479431,4.383811509910576,0.08064776701092666,4.18474193730149
S141,validation_consumed,RIGID_ONLY,REF4_NOISY5,ENG_MID_DOWN,True,1.4877831046206917,1.4876315640804725,0.021234310590906476,1.1561811745090063
S141,validation_consumed,RIGID_ONLY,REF4_NOISY5,ENG_PAIR_1_NEG_X,True,4.556328020990863,4.5389534278016805,0.39752586722612676,0.45694114873547104
S141,validation_consumed,RIGID_ONLY,REF4_NOISY5,ENG_PAIR_1_POS_X,False,4.8383021641522115,4.822479938421538,0.390966846627396,0.4628433310479337
S141,validation_consumed,RIGID_ONLY,REF4_NOISY5,ENG_PAIR_2_NEG_X,False,2.8863225269632222,2.881974084637506,0.15837646647519796,5.557471551196731
S141,validation_consumed,RIGID_ONLY,REF4_NOISY5,ENG_PAIR_2_POS_X,False,2.2495020331257005,2.233338246554767,0.2691833455329988,0.2923935250724633
S141,validation_consumed,RIGID_ONLY,REF4_NOISY5,ENG_PAIR_3_NEG_X,False,0.9379277572799521,0.9026350539673923,0.2548694513382955,0.23371398186049283
S141,validation_consumed,RIGID_ONLY,REF4_NOISY5,ENG_PAIR_3_POS_X,True,2.1345526286911687,2.106176541628265,0.34689378799162757,0.40600482904877705
S141,validation_consumed,NORMAL_BUMP,FIXED,ENG_MID_UP,True,0.5853410271680288,0.5820594019858872,0.061894835373838046,0.4474918425195082
S141,validation_consumed,NORMAL_BUMP,FIXED,ENG_MID_DOWN,True,0.7082423488928814,0.7082423391515988,0.00011746649571312408,0.6232025343597712
S141,validation_consumed,NORMAL_BUMP,FIXED,ENG_PAIR_1_NEG_X,True,1.0302391391955759,0.8855536653447373,0.5264858874888688,0.5740424905915446
S141,validation_consumed,NORMAL_BUMP,FIXED,ENG_PAIR_1_POS_X,False,1.2819089732610132,1.1522857531021973,0.5617189323182962,1.4402340346442544
S141,validation_consumed,NORMAL_BUMP,FIXED,ENG_PAIR_2_NEG_X,False,1.2632992011909336,1.2628676118762392,0.03301918538751926,1.046419745635211
S141,validation_consumed,NORMAL_BUMP,FIXED,ENG_PAIR_2_POS_X,False,2.9262391451658822,2.3530417165153175,1.7395603510771913,1.9700468430185478
S141,validation_consumed,NORMAL_BUMP,FIXED,ENG_PAIR_3_NEG_X,False,0.819199588584787,0.7650188107427197,0.2929747175905784,0.3687139174883075
S141,validation_consumed,NORMAL_BUMP,FIXED,ENG_PAIR_3_POS_X,True,1.705156138517376,1.599205083309064,0.5916929594324558,1.12748434306422
S141,validation_consumed,NORMAL_BUMP,REF4_EXACT,ENG_MID_UP,True,0.043250754699714795,0.016132825175883866,0.04012928773276781,21.899029419685025
S141,validation_consumed,NORMAL_BUMP,REF4_EXACT,ENG_MID_DOWN,True,0.002659708579726519,5.586549618280206e-05,0.0026591218052972126,1.3197545497109784
S141,validation_consumed,NORMAL_BUMP,REF4_EXACT,ENG_PAIR_1_NEG_X,True,0.5196016726470792,0.005202143024463012,0.5195756306117479,0.5740424905915446
S141,validation_consumed,NORMAL_BUMP,REF4_EXACT,ENG_PAIR_1_POS_X,False,2.5596510461628905,2.5007889961181897,0.545772732020351,1.4402340346442544
S141,validation_consumed,NORMAL_BUMP,REF4_EXACT,ENG_PAIR_2_NEG_X,False,0.6860953280796095,0.6854454488542608,0.02985524841041747,1.046419745635211
S141,validation_consumed,NORMAL_BUMP,REF4_EXACT,ENG_PAIR_2_POS_X,False,2.7425146695525626,2.152818261061856,1.699046864435943,1.9700468430185478
S141,validation_consumed,NORMAL_BUMP,REF4_EXACT,ENG_PAIR_3_NEG_X,False,0.7250691925742677,0.6650912522825368,0.28875415175811314,0.3687139174883075
S141,validation_consumed,NORMAL_BUMP,REF4_EXACT,ENG_PAIR_3_POS_X,True,0.5607619639218767,0.011026545631621908,0.5606535431734591,1.12748434306422
S141,validation_consumed,NORMAL_BUMP,REF4_NOISY5,ENG_MID_UP,True,4.380551424012526,4.378580650380638,0.13138594495016426,4.104659208840043
S141,validation_consumed,NORMAL_BUMP,REF4_NOISY5,ENG_MID_DOWN,True,1.501528801635809,1.5010813674685262,0.036653381572338606,1.3197545497109784
S141,validation_consumed,NORMAL_BUMP,REF4_NOISY5,ENG_PAIR_1_NEG_X,True,4.574553250948146,4.539866109463668,0.5622749806842439,0.5740424905915446
S141,validation_consumed,NORMAL_BUMP,REF4_NOISY5,ENG_PAIR_1_POS_X,False,7.01703525503718,7.002691301076361,0.44843986471335484,1.4402340346442544
S141,validation_consumed,NORMAL_BUMP,REF4_NOISY5,ENG_PAIR_2_NEG_X,False,3.496163987526285,3.4946877028761882,0.1015897979210748,6.45589457203121
S141,validation_consumed,NORMAL_BUMP,REF4_NOISY5,ENG_PAIR_2_POS_X,False,4.180560484637736,3.8439106086921746,1.6436049397888344,1.9700468430185478
S141,validation_consumed,NORMAL_BUMP,REF4_NOISY5,ENG_PAIR_3_NEG_X,False,1.4837404181924339,1.4546582617514612,0.2923268206923128,0.3687139174883075
S141,validation_consumed,NORMAL_BUMP,REF4_NOISY5,ENG_PAIR_3_POS_X,True,2.1959110957223813,2.1219076271179387,0.5652729980243074,1.12748434306422
S141,validation_consumed,TANGENTIAL_SHIFT,FIXED,ENG_MID_UP,True,4.54683012424084,4.407184476080414,1.1182080184383283,2.68328585597615
S141,validation_consumed,TANGENTIAL_SHIFT,FIXED,ENG_MID_DOWN,True,6.784632371764799,6.784376526848496,0.05891996220261245,0.7529697492835913
S141,validation_consumed,TANGENTIAL_SHIFT,FIXED,ENG_PAIR_1_NEG_X,True,3.545510851330109,3.5422550291340533,0.15190953055703796,1.675951945591978
S141,validation_consumed,TANGENTIAL_SHIFT,FIXED,ENG_PAIR_1_POS_X,False,12.354586884320092,12.167698296418616,2.140779122082782,6.1081812266196485
S141,validation_consumed,TANGENTIAL_SHIFT,FIXED,ENG_PAIR_2_NEG_X,False,6.932508640714947,6.930589479192762,0.16311199983450453,4.549795290363256
S141,validation_consumed,TANGENTIAL_SHIFT,FIXED,ENG_PAIR_2_POS_X,False,19.986556266676928,19.820810917823277,2.5686350384864447,11.075579423522239
S141,validation_consumed,TANGENTIAL_SHIFT,FIXED,ENG_PAIR_3_NEG_X,False,3.5464253176984424,3.5381510024326572,0.24211571200002838,2.1657558234964047
S141,validation_consumed,TANGENTIAL_SHIFT,FIXED,ENG_PAIR_3_POS_X,True,12.806581718487408,12.74528388538637,1.2515086868281935,8.425955030753423
S141,validation_consumed,TANGENTIAL_SHIFT,REF4_EXACT,ENG_MID_UP,True,0.9278836536085304,0.03936404176804923,0.9270482980134308,2.43078988773685
S141,validation_consumed,TANGENTIAL_SHIFT,REF4_EXACT,ENG_MID_DOWN,True,0.02309932986324249,0.00023897906794139383,0.023098093625578107,0.6927082058036865
S141,validation_consumed,TANGENTIAL_SHIFT,REF4_EXACT,ENG_PAIR_1_NEG_X,True,0.05497137251512501,0.0016103793769102362,0.054947779522552725,1.675951945591978
S141,validation_consumed,TANGENTIAL_SHIFT,REF4_EXACT,ENG_PAIR_1_POS_X,False,3.8656351694143467,3.765740014556111,0.8731193536876988,6.1081812266196485
S141,validation_consumed,TANGENTIAL_SHIFT,REF4_EXACT,ENG_PAIR_2_NEG_X,False,3.5198304347394256,3.518505379682312,0.09657216195449023,4.549795290363256
S141,validation_consumed,TANGENTIAL_SHIFT,REF4_EXACT,ENG_PAIR_2_POS_X,False,7.8066034993808975,7.802608175670232,0.24972755857154702,11.075579423522239
S141,validation_consumed,TANGENTIAL_SHIFT,REF4_EXACT,ENG_PAIR_3_NEG_X,False,1.0336267677582809,1.0246751668674579,0.13573907849834163,6.085661366958971
S141,validation_consumed,TANGENTIAL_SHIFT,REF4_EXACT,ENG_PAIR_3_POS_X,True,0.5363142240280164,0.053429858804838026,0.5336461347024528,5.723511799030388
S141,validation_consumed,TANGENTIAL_SHIFT,REF4_NOISY5,ENG_MID_UP,True,4.404931637998306,4.352192931599877,0.6795876849756161,5.048233361065152
S141,validation_consumed,TANGENTIAL_SHIFT,REF4_NOISY5,ENG_MID_DOWN,True,1.4505916658333662,1.450029725535877,0.04037296183795802,0.6927082058036865
S141,validation_consumed,TANGENTIAL_SHIFT,REF4_NOISY5,ENG_PAIR_1_NEG_X,True,4.913326543255317,4.874678609298483,0.615049735147529,13.389985159077547
S141,validation_consumed,TANGENTIAL_SHIFT,REF4_NOISY5,ENG_PAIR_1_POS_X,False,2.804310029784076,2.747088806246892,0.5636114208748735,6.1081812266196485
S141,validation_consumed,TANGENTIAL_SHIFT,REF4_NOISY5,ENG_PAIR_2_NEG_X,False,2.0419310062917586,2.041696257839757,0.03096167273913827,3.2438027080840444
S141,validation_consumed,TANGENTIAL_SHIFT,REF4_NOISY5,ENG_PAIR_2_POS_X,False,8.115025950227247,8.108672206412882,0.3210626446799639,11.075579423522239
S141,validation_consumed,TANGENTIAL_SHIFT,REF4_NOISY5,ENG_PAIR_3_NEG_X,False,1.8928525155091793,1.8868991802781296,0.15000709628264391,6.085661366958971
S141,validation_consumed,TANGENTIAL_SHIFT,REF4_NOISY5,ENG_PAIR_3_POS_X,True,2.616152335924384,2.6005364653323757,0.28541747886071,5.723511799030388
S145,validation_consumed,RIGID_ONLY,FIXED,ENG_MID_UP,True,0.13146240583699192,0.12862567072641432,0.027162492128484893,0.502215647952359
S145,validation_consumed,RIGID_ONLY,FIXED,ENG_MID_DOWN,True,0.09355689378060086,0.07404774635943723,0.05718237169760523,0.16202145813038127
S145,validation_consumed,RIGID_ONLY,FIXED,ENG_PAIR_1_NEG_X,True,0.4267490758961372,0.23660617516183016,0.3551510828555875,0.3772900582183078
S145,validation_consumed,RIGID_ONLY,FIXED,ENG_PAIR_1_POS_X,False,0.43871610345300943,0.25850883329091906,0.3544643882529802,0.2938969899266267
S145,validation_consumed,RIGID_ONLY,FIXED,ENG_PAIR_2_NEG_X,False,0.32544770228968395,0.20652348945680105,0.25152386612053607,0.2985280750477522
S145,validation_consumed,RIGID_ONLY,FIXED,ENG_PAIR_2_POS_X,False,0.23388839431516098,0.21208234532549028,0.09861470375437792,0.2751649331321621
S145,validation_consumed,RIGID_ONLY,FIXED,ENG_PAIR_3_NEG_X,False,0.34763985182133095,0.08635083730154625,0.33674470964170883,0.26712264745309805
S145,validation_consumed,RIGID_ONLY,FIXED,ENG_PAIR_3_POS_X,True,0.3224758589589401,0.07436473397633997,0.3137842665780654,0.23008974340315144
S145,validation_consumed,RIGID_ONLY,REF4_EXACT,ENG_MID_UP,True,0.026873325023302554,0.00023655585001288527,0.026872283846705026,0.502215647952359
S145,validation_consumed,RIGID_ONLY,REF4_EXACT,ENG_MID_DOWN,True,0.05707974542369262,0.00016121095601831647,0.057079517768296,0.16202145813038127
S145,validation_consumed,RIGID_ONLY,REF4_EXACT,ENG_PAIR_1_NEG_X,True,0.35555941400783103,0.0023413139879370744,0.3555517052953088,0.3772900582183078
S145,validation_consumed,RIGID_ONLY,REF4_EXACT,ENG_PAIR_1_POS_X,False,0.35491025894767225,0.016159727716654335,0.35454217676664,0.2938969899266267
S145,validation_consumed,RIGID_ONLY,REF4_EXACT,ENG_PAIR_2_NEG_X,False,0.2581511963332443,0.05925241763884316,0.2512592111191893,0.2985280750440896
S145,validation_consumed,RIGID_ONLY,REF4_EXACT,ENG_PAIR_2_POS_X,False,0.10450301959124847,0.033046359832768483,0.09914040147937697,0.2751649331321621
S145,validation_consumed,RIGID_ONLY,REF4_EXACT,ENG_PAIR_3_NEG_X,False,0.34144115150417526,0.057120122582258605,0.33662939790916196,0.26712264745309805
S145,validation_consumed,RIGID_ONLY,REF4_EXACT,ENG_PAIR_3_POS_X,True,0.3135787839126579,0.0012581881437499175,0.3135762597562774,0.23008974340315144
S145,validation_consumed,RIGID_ONLY,REF4_NOISY5,ENG_MID_UP,True,3.2275496393478407,3.2228612755389467,0.1739019065043645,19.707996471587194
S145,validation_consumed,RIGID_ONLY,REF4_NOISY5,ENG_MID_DOWN,True,4.226365724608747,4.226107713189126,0.046699407608550084,0.16202145813038127
S145,validation_consumed,RIGID_ONLY,REF4_NOISY5,ENG_PAIR_1_NEG_X,True,2.2906776651005076,2.2612087235349545,0.36625028873672816,0.3772900582183078
S145,validation_consumed,RIGID_ONLY,REF4_NOISY5,ENG_PAIR_1_POS_X,False,6.010704988555183,6.0011882292838985,0.33810397239099127,0.2938969899266267
S145,validation_consumed,RIGID_ONLY,REF4_NOISY5,ENG_PAIR_2_NEG_X,False,1.080869294850146,1.0509698576951674,0.2524693857996472,0.2985280750440896
S145,validation_consumed,RIGID_ONLY,REF4_NOISY5,ENG_PAIR_2_POS_X,False,4.084643298786311,4.08382026782222,0.08199328292229777,0.2751649331321621
S145,validation_consumed,RIGID_ONLY,REF4_NOISY5,ENG_PAIR_3_NEG_X,False,3.041048083926868,3.0239098157917423,0.3224017287696007,0.26712264745309805
S145,validation_consumed,RIGID_ONLY,REF4_NOISY5,ENG_PAIR_3_POS_X,True,2.74691590038214,2.734021933797988,0.2658402326280432,1.6917227495698222
S145,validation_consumed,NORMAL_BUMP,FIXED,ENG_MID_UP,True,0.6499583571756967,0.5418210645795816,0.35899275764335353,0.5742469289669765
S145,validation_consumed,NORMAL_BUMP,FIXED,ENG_MID_DOWN,True,0.4369647095622102,0.4278304828045996,0.08887764277910326,0.7758095304312385
S145,validation_consumed,NORMAL_BUMP,FIXED,ENG_PAIR_1_NEG_X,True,1.2368297727725726,1.0799501272498049,0.6028727970888914,0.5959555953229982
S145,validation_consumed,NORMAL_BUMP,FIXED,ENG_PAIR_1_POS_X,False,0.8910595737975947,0.8885902040269412,0.06629188007373368,0.6260041989397167
S145,validation_consumed,NORMAL_BUMP,FIXED,ENG_PAIR_2_NEG_X,False,1.577466756224464,1.5500823820936747,0.2926533371006247,0.9925834053317759
S145,validation_consumed,NORMAL_BUMP,FIXED,ENG_PAIR_2_POS_X,False,0.8544903134817556,0.7852200768366973,0.3370209589427936,0.318379526630397
S145,validation_consumed,NORMAL_BUMP,FIXED,ENG_PAIR_3_NEG_X,False,1.1108094863849738,1.0007144679732438,0.4821496330309471,0.4695994880633904
S145,validation_consumed,NORMAL_BUMP,FIXED,ENG_PAIR_3_POS_X,True,0.8535681444879452,0.8527867047143473,0.03651593552188561,0.700559748091009
S145,validation_consumed,NORMAL_BUMP,REF4_EXACT,ENG_MID_UP,True,0.2076760079098879,0.07098389681415627,0.19516815994025521,19.986195359344197
S145,validation_consumed,NORMAL_BUMP,REF4_EXACT,ENG_MID_DOWN,True,0.084044985732133,0.0011380335925267877,0.08403728045490716,0.7758095304312385
S145,validation_consumed,NORMAL_BUMP,REF4_EXACT,ENG_PAIR_1_NEG_X,True,0.5934509784282118,0.0061700682538840925,0.5934189026776484,0.5959555953229982
S145,validation_consumed,NORMAL_BUMP,REF4_EXACT,ENG_PAIR_1_POS_X,False,1.666013408292684,1.6647100444136904,0.06588736327379732,0.6260041989397167
S145,validation_consumed,NORMAL_BUMP,REF4_EXACT,ENG_PAIR_2_NEG_X,False,0.7146297962252065,0.6558506063327154,0.2838234095804812,0.9925834053317759
S145,validation_consumed,NORMAL_BUMP,REF4_EXACT,ENG_PAIR_2_POS_X,False,1.3424924273373777,1.2985975237775287,0.34048551907103974,0.318379526630397
S145,validation_consumed,NORMAL_BUMP,REF4_EXACT,ENG_PAIR_3_NEG_X,False,0.7838400293833153,0.6226687949760344,0.4761184342437602,0.4695994880649426
S145,validation_consumed,NORMAL_BUMP,REF4_EXACT,ENG_PAIR_3_POS_X,True,0.04463120235723006,0.0005471741864166602,0.04462784808011403,0.700559748091009
S145,validation_consumed,NORMAL_BUMP,REF4_NOISY5,ENG_MID_UP,True,3.208778089271826,3.2086320212756183,0.03061663331735043,19.986195359344197
S145,validation_consumed,NORMAL_BUMP,REF4_NOISY5,ENG_MID_DOWN,True,4.196951202677635,4.196862870838807,0.027229414828395193,0.7758095304312385
S145,validation_consumed,NORMAL_BUMP,REF4_NOISY5,ENG_PAIR_1_NEG_X,True,2.3584380403149034,2.277035226490714,0.6142805281992789,0.5959555953229982
S145,validation_consumed,NORMAL_BUMP,REF4_NOISY5,ENG_PAIR_1_POS_X,False,7.637574601117312,7.637361907805044,0.056998919645600284,1.422652360070803
S145,validation_consumed,NORMAL_BUMP,REF4_NOISY5,ENG_PAIR_2_NEG_X,False,1.803846890485291,1.7789386192017114,0.2987323106497876,0.9925834053317759
S145,validation_consumed,NORMAL_BUMP,REF4_NOISY5,ENG_PAIR_2_POS_X,False,4.479294549471979,4.4631009459949444,0.3805385746391832,12.053210883722143
S145,validation_consumed,NORMAL_BUMP,REF4_NOISY5,ENG_PAIR_3_NEG_X,False,3.548982808592766,3.5187261632649567,0.4624339559782318,0.4695994880649426
S145,validation_consumed,NORMAL_BUMP,REF4_NOISY5,ENG_PAIR_3_POS_X,True,2.7863264571217803,2.7863082395555927,0.010075705505029953,0.8518428246568083
S145,validation_consumed,TANGENTIAL_SHIFT,FIXED,ENG_MID_UP,True,3.5592836152983423,3.485044495946567,0.7231629936630973,2.128270573552649
S145,validation_consumed,TANGENTIAL_SHIFT,FIXED,ENG_MID_DOWN,True,5.657650435216348,5.6576498505419845,0.002572113134104246,0.7032779419111744
S145,validation_consumed,TANGENTIAL_SHIFT,FIXED,ENG_PAIR_1_NEG_X,True,2.412183301495033,2.398113223481947,0.2601561980282224,0.874725751797134
S145,validation_consumed,TANGENTIAL_SHIFT,FIXED,ENG_PAIR_1_POS_X,False,12.369409403989215,12.14439003699475,2.34863356717039,5.8491139459006725
S145,validation_consumed,TANGENTIAL_SHIFT,FIXED,ENG_PAIR_2_NEG_X,False,4.8316399498383475,4.8302735374398855,0.114900645698259,2.9481592485341443
S145,validation_consumed,TANGENTIAL_SHIFT,FIXED,ENG_PAIR_2_POS_X,False,19.574724585263837,19.32282780313707,3.1302025939618607,11.36378787574109
S145,validation_consumed,TANGENTIAL_SHIFT,FIXED,ENG_PAIR_3_NEG_X,False,2.3403593204267836,2.3203114463543164,0.3056739122425334,1.2200275745481366
S145,validation_consumed,TANGENTIAL_SHIFT,FIXED,ENG_PAIR_3_POS_X,True,12.142442226060021,12.045201350891418,1.5336321689665378,6.804828107920827
S145,validation_consumed,TANGENTIAL_SHIFT,REF4_EXACT,ENG_MID_UP,True,0.5756272176587468,0.028389234927370926,0.5749267301576687,2.8258546752329083
S145,validation_consumed,TANGENTIAL_SHIFT,REF4_EXACT,ENG_MID_DOWN,True,0.15536436610777787,0.004173298574537411,0.15530830575046334,1.5534365808659656
S145,validation_consumed,TANGENTIAL_SHIFT,REF4_EXACT,ENG_PAIR_1_NEG_X,True,0.22581601243768826,0.0034486746121502087,0.22578967672743078,0.874725751797134
S145,validation_consumed,TANGENTIAL_SHIFT,REF4_EXACT,ENG_PAIR_1_POS_X,False,3.1424776387691886,2.9320947704195715,1.1304804144444847,5.8491139459006725
S145,validation_consumed,TANGENTIAL_SHIFT,REF4_EXACT,ENG_PAIR_2_NEG_X,False,2.7002307701054598,2.700192320889714,0.014409789469133245,2.948159248534392
S145,validation_consumed,TANGENTIAL_SHIFT,REF4_EXACT,ENG_PAIR_2_POS_X,False,7.170684101025118,7.114990447952215,0.8919761220140094,11.36378787574109
S145,validation_consumed,TANGENTIAL_SHIFT,REF4_EXACT,ENG_PAIR_3_NEG_X,False,0.8047841258363271,0.7683401700628771,0.23943866075863798,2.219191813335483
S145,validation_consumed,TANGENTIAL_SHIFT,REF4_EXACT,ENG_PAIR_3_POS_X,True,0.12155163917171465,0.014344000954375609,0.12070232235525374,6.804828107920827
S145,validation_consumed,TANGENTIAL_SHIFT,REF4_NOISY5,ENG_MID_UP,True,3.580617670136058,3.512698657220945,0.6940972865879442,2.128270573552649
S145,validation_consumed,TANGENTIAL_SHIFT,REF4_NOISY5,ENG_MID_DOWN,True,4.167217690082159,4.166907043748825,0.050881875851062915,1.5534365808659656
S145,validation_consumed,TANGENTIAL_SHIFT,REF4_NOISY5,ENG_PAIR_1_NEG_X,True,2.1879253911000505,2.1793098660602874,0.19397428879262096,0.874725751797134
S145,validation_consumed,TANGENTIAL_SHIFT,REF4_NOISY5,ENG_PAIR_1_POS_X,False,3.123008108933067,2.943880554027898,1.0424715497691484,6.505717027143162
S145,validation_consumed,TANGENTIAL_SHIFT,REF4_NOISY5,ENG_PAIR_2_NEG_X,False,2.64328458670855,2.643265417745049,0.01006666201296743,2.948159248534392
S145,validation_consumed,TANGENTIAL_SHIFT,REF4_NOISY5,ENG_PAIR_2_POS_X,False,8.08902043981102,8.051108355909548,0.7822441543941989,11.36378787574109
S145,validation_consumed,TANGENTIAL_SHIFT,REF4_NOISY5,ENG_PAIR_3_NEG_X,False,3.018549422565613,3.00380010475422,0.2980361507430472,1.2200275745481366
S145,validation_consumed,TANGENTIAL_SHIFT,REF4_NOISY5,ENG_PAIR_3_POS_X,True,3.204848964147711,3.177357574309935,0.41887435821966873,6.804828107920827
S151,validation_consumed,RIGID_ONLY,FIXED,ENG_MID_UP,True,0.015453453391267495,0.011997467694269091,0.009740122722073183,0.34338366379402263
S151,validation_consumed,RIGID_ONLY,FIXED,ENG_MID_DOWN,True,0.14568996849958035,0.13874591882301107,0.04444251265811971,0.13241318913805306
S151,validation_consumed,RIGID_ONLY,FIXED,ENG_PAIR_1_NEG_X,True,0.4262437271973965,0.1657445672324627,0.3926989348190954,0.3736752474087787
S151,validation_consumed,RIGID_ONLY,FIXED,ENG_PAIR_1_POS_X,False,0.4094207563489481,0.13610162192604505,0.38613689831256043,0.21768096048341323
S151,validation_consumed,RIGID_ONLY,FIXED,ENG_PAIR_2_NEG_X,False,0.2301883443009389,0.1398406709522758,0.18284217401798994,0.4109755081700139
S151,validation_consumed,RIGID_ONLY,FIXED,ENG_PAIR_2_POS_X,False,0.2131895185827765,0.1248263472174017,0.17282405467386963,0.20667599343066975
S151,validation_consumed,RIGID_ONLY,FIXED,ENG_PAIR_3_NEG_X,False,0.33799152721446124,0.19436623788233154,0.2765140828967537,0.22497841215999795
S151,validation_consumed,RIGID_ONLY,FIXED,ENG_PAIR_3_POS_X,True,0.32032809116018707,0.18598692436974945,0.260804428547159,0.10092601654617575
S151,validation_consumed,RIGID_ONLY,REF4_EXACT,ENG_MID_UP,True,0.006771837338167757,0.001557423036341348,0.006590312164114555,13.29744743462809
S151,validation_consumed,RIGID_ONLY,REF4_EXACT,ENG_MID_DOWN,True,0.044679765204771536,0.0005039297909188599,0.04467692327722824,0.6462833338067911
S151,validation_consumed,RIGID_ONLY,REF4_EXACT,ENG_PAIR_1_NEG_X,True,0.39246940776875266,0.0025594508336321212,0.3924610620759538,0.3736752474087787
S151,validation_consumed,RIGID_ONLY,REF4_EXACT,ENG_PAIR_1_POS_X,False,0.38826098212915394,0.040962286140831375,0.3860941353582204,0.21768096048341323
S151,validation_consumed,RIGID_ONLY,REF4_EXACT,ENG_PAIR_2_NEG_X,False,0.213001508976875,0.11056563979204102,0.18205735943323573,0.4109755081700139
S151,validation_consumed,RIGID_ONLY,REF4_EXACT,ENG_PAIR_2_POS_X,False,0.17385628415155455,0.02215299411044799,0.17243912662423377,0.20667599343066975
S151,validation_consumed,RIGID_ONLY,REF4_EXACT,ENG_PAIR_3_NEG_X,False,0.2969367034295695,0.10868473928426796,0.2763313831079105,0.22497841215999795
S151,validation_consumed,RIGID_ONLY,REF4_EXACT,ENG_PAIR_3_POS_X,True,0.2606989359067576,0.00045848226552666876,0.26069853274793836,0.10092601654256454
S151,validation_consumed,RIGID_ONLY,REF4_NOISY5,ENG_MID_UP,True,4.866074463047071,4.866029461489801,0.020927489866537374,0.3433836637929613
S151,validation_consumed,RIGID_ONLY,REF4_NOISY5,ENG_MID_DOWN,True,4.437158406317209,4.437015983723334,0.03555113127788178,0.13241318913805306
S151,validation_consumed,RIGID_ONLY,REF4_NOISY5,ENG_PAIR_1_NEG_X,True,4.160226168932693,4.143683855303226,0.37062903821988896,0.3736752474087787
S151,validation_consumed,RIGID_ONLY,REF4_NOISY5,ENG_PAIR_1_POS_X,False,8.159181222355954,8.15372278527422,0.2984006704852114,3.250422948760039
S151,validation_consumed,RIGID_ONLY,REF4_NOISY5,ENG_PAIR_2_NEG_X,False,2.5978721322975815,2.5927229694137908,0.16348461592002916,0.4109755081700139
S151,validation_consumed,RIGID_ONLY,REF4_NOISY5,ENG_PAIR_2_POS_X,False,4.46956628271234,4.466652400048461,0.16136633075187443,0.20667599343066975
S151,validation_consumed,RIGID_ONLY,REF4_NOISY5,ENG_PAIR_3_NEG_X,False,4.64127151562283,4.633535386985302,0.2678639566773,0.22497841215999795
S151,validation_consumed,RIGID_ONLY,REF4_NOISY5,ENG_PAIR_3_POS_X,True,1.827400223046658,1.8089132756654498,0.2592765633686708,0.10092601654256454
S151,validation_consumed,NORMAL_BUMP,FIXED,ENG_MID_UP,True,0.9910323208514528,0.9364342566693827,0.3244008999806835,0.24737837799358836
S151,validation_consumed,NORMAL_BUMP,FIXED,ENG_MID_DOWN,True,1.0782105576185805,1.0762471083781144,0.06503974375654997,0.7786678225496542
S151,validation_consumed,NORMAL_BUMP,FIXED,ENG_PAIR_1_NEG_X,True,1.5523539508304667,1.4385913340221148,0.5833161769876016,0.6078785747609275
S151,validation_consumed,NORMAL_BUMP,FIXED,ENG_PAIR_1_POS_X,False,1.0126947532883253,0.9762619084714635,0.26919017330756717,0.7292571465532595
S151,validation_consumed,NORMAL_BUMP,FIXED,ENG_PAIR_2_NEG_X,False,1.7721927329691793,1.7664122208028763,0.14302079914130802,1.3169703817799325
S151,validation_consumed,NORMAL_BUMP,FIXED,ENG_PAIR_2_POS_X,False,0.9572085332112218,0.8078013864589163,0.5135222449781812,0.22570954051097294
S151,validation_consumed,NORMAL_BUMP,FIXED,ENG_PAIR_3_NEG_X,False,1.3809122442771773,1.3503919911318254,0.2887214863526005,0.3399791402071629
S151,validation_consumed,NORMAL_BUMP,FIXED,ENG_PAIR_3_POS_X,True,1.7028859709620863,1.7028672214373077,0.007991010816549586,0.655065970644178
S151,validation_consumed,NORMAL_BUMP,REF4_EXACT,ENG_MID_UP,True,0.15914057181494398,0.03814147593417311,0.15450226344992565,13.866580488440412
S151,validation_consumed,NORMAL_BUMP,REF4_EXACT,ENG_MID_DOWN,True,0.05610151990004369,0.0007631429902639668,0.05609632918356966,0.7786678225496542
S151,validation_consumed,NORMAL_BUMP,REF4_EXACT,ENG_PAIR_1_NEG_X,True,0.5688205831866793,0.006031507000960182,0.5687886046503842,0.6078785747609275
S151,validation_consumed,NORMAL_BUMP,REF4_EXACT,ENG_PAIR_1_POS_X,False,2.126360253818101,2.1091457171638535,0.27002272642641073,0.7292571465532595
S151,validation_consumed,NORMAL_BUMP,REF4_EXACT,ENG_PAIR_2_NEG_X,False,0.6237058613784753,0.6126148325752996,0.11709854152210193,1.3169703817799325
S151,validation_consumed,NORMAL_BUMP,REF4_EXACT,ENG_PAIR_2_POS_X,False,1.7612712987301957,1.6856722878036121,0.5104757838151448,0.22570954051097294
S151,validation_consumed,NORMAL_BUMP,REF4_EXACT,ENG_PAIR_3_NEG_X,False,0.5698525235912416,0.49494793556250205,0.282415367368215,0.3399791402093069
S151,validation_consumed,NORMAL_BUMP,REF4_EXACT,ENG_PAIR_3_POS_X,True,0.008419402532183902,0.00019104882751012412,0.008417234661363059,1.3201308924548925
S151,validation_consumed,NORMAL_BUMP,REF4_NOISY5,ENG_MID_UP,True,4.834982042108144,4.827841513530687,0.26267407130885156,13.866580488440412
S151,validation_consumed,NORMAL_BUMP,REF4_NOISY5,ENG_MID_DOWN,True,4.441091252042215,4.440756415794778,0.05453406773208097,0.7786678225496542
S151,validation_consumed,NORMAL_BUMP,REF4_NOISY5,ENG_PAIR_1_NEG_X,True,4.181013647204661,4.1451865931657625,0.5461714254246924,0.6078785747609275
S151,validation_consumed,NORMAL_BUMP,REF4_NOISY5,ENG_PAIR_1_POS_X,False,9.754577840704236,9.747498532309844,0.3715658931812056,3.53300906715696
S151,validation_consumed,NORMAL_BUMP,REF4_NOISY5,ENG_PAIR_2_NEG_X,False,2.2228299603065445,2.2219974910010794,0.06082912477836666,1.3169703817799325
S151,validation_consumed,NORMAL_BUMP,REF4_NOISY5,ENG_PAIR_2_POS_X,False,5.2609592916625125,5.226399069889123,0.6020344099735804,10.321322482236308
S151,validation_consumed,NORMAL_BUMP,REF4_NOISY5,ENG_PAIR_3_NEG_X,False,5.201114108161173,5.193627724101602,0.2789606236665302,0.3399791402093069
S151,validation_consumed,NORMAL_BUMP,REF4_NOISY5,ENG_PAIR_3_POS_X,True,1.7595023741427496,1.7594884231672456,0.007006664999269512,0.6550659706430652
S151,validation_consumed,TANGENTIAL_SHIFT,FIXED,ENG_MID_UP,True,4.35623294236593,4.324914932262043,0.5214175647702456,1.2351204092538846
S151,validation_consumed,TANGENTIAL_SHIFT,FIXED,ENG_MID_DOWN,True,5.872071500445582,5.872069437333214,0.0049223452167345165,0.49545860850498424
S151,validation_consumed,TANGENTIAL_SHIFT,FIXED,ENG_PAIR_1_NEG_X,True,2.500983297201031,2.4822007923692593,0.3059357436455656,1.0809616378876086
S151,validation_consumed,TANGENTIAL_SHIFT,FIXED,ENG_PAIR_1_POS_X,False,11.624953555513315,11.375530874984923,2.3951706578251133,5.849092190272622
S151,validation_consumed,TANGENTIAL_SHIFT,FIXED,ENG_PAIR_2_NEG_X,False,5.645042368831012,5.6429415376258225,0.1539939896046602,3.0674650110898845
S151,validation_consumed,TANGENTIAL_SHIFT,FIXED,ENG_PAIR_2_POS_X,False,19.728934246004638,19.52153028159008,2.853191537232661,10.209491740605703
S151,validation_consumed,TANGENTIAL_SHIFT,FIXED,ENG_PAIR_3_NEG_X,False,2.831899361163671,2.8218478610531337,0.2383875853081702,1.5452011078362755
S151,validation_consumed,TANGENTIAL_SHIFT,FIXED,ENG_PAIR_3_POS_X,True,11.809233363614188,11.742279298151976,1.2557346536948115,6.736548775211255
S151,validation_consumed,TANGENTIAL_SHIFT,REF4_EXACT,ENG_MID_UP,True,0.419907376585535,0.010090864486997688,0.41978611144826045,1.3769443198960813
S151,validation_consumed,TANGENTIAL_SHIFT,REF4_EXACT,ENG_MID_DOWN,True,0.06407038417719554,0.0008237438953706055,0.06406508857879047,0.7627761072931412
S151,validation_consumed,TANGENTIAL_SHIFT,REF4_EXACT,ENG_PAIR_1_NEG_X,True,0.2616659498927029,0.004943563384148247,0.2616192472168617,1.0809616378876086
S151,validation_consumed,TANGENTIAL_SHIFT,REF4_EXACT,ENG_PAIR_1_POS_X,False,3.6325099388416366,3.3875021242012644,1.311471621620229,5.849092190272622
S151,validation_consumed,TANGENTIAL_SHIFT,REF4_EXACT,ENG_PAIR_2_NEG_X,False,3.323284508043568,3.323001677524371,0.04335634408706942,3.0674650110897654
S151,validation_consumed,TANGENTIAL_SHIFT,REF4_EXACT,ENG_PAIR_2_POS_X,False,8.323013192513683,8.272654328924265,0.9141875939255618,10.209491740605703
S151,validation_consumed,TANGENTIAL_SHIFT,REF4_EXACT,ENG_PAIR_3_NEG_X,False,0.7531917906469371,0.7374447798069491,0.15320923677578935,2.4205701398569364
S151,validation_consumed,TANGENTIAL_SHIFT,REF4_EXACT,ENG_PAIR_3_POS_X,True,0.10256569128303449,0.012081528602092028,0.1018516455193708,6.736548775211255
S151,validation_consumed,TANGENTIAL_SHIFT,REF4_NOISY5,ENG_MID_UP,True,4.883868232127002,4.866391185061249,0.4128023046659319,1.2351204092538846
S151,validation_consumed,TANGENTIAL_SHIFT,REF4_NOISY5,ENG_MID_DOWN,True,4.444710514647894,4.444170222534443,0.06930073707912278,0.7627761072931412
S151,validation_consumed,TANGENTIAL_SHIFT,REF4_NOISY5,ENG_PAIR_1_NEG_X,True,4.12061148787821,4.110930267309217,0.2822966017415716,1.0809616378876086
S151,validation_consumed,TANGENTIAL_SHIFT,REF4_NOISY5,ENG_PAIR_1_POS_X,False,4.8472510883752085,4.758822692496021,0.9216559526957802,5.849092190272622
S151,validation_consumed,TANGENTIAL_SHIFT,REF4_NOISY5,ENG_PAIR_2_NEG_X,False,5.898285459725436,5.895538654626955,0.1799870445556972,3.0674650110897654
S151,validation_consumed,TANGENTIAL_SHIFT,REF4_NOISY5,ENG_PAIR_2_POS_X,False,6.59991024805467,6.581204806089664,0.49654665710217133,10.209491740605703
S151,validation_consumed,TANGENTIAL_SHIFT,REF4_NOISY5,ENG_PAIR_3_NEG_X,False,5.200120090616341,5.194155209336797,0.2489992332340206,1.5452011078362755
S151,validation_consumed,TANGENTIAL_SHIFT,REF4_NOISY5,ENG_PAIR_3_POS_X,True,1.5841768164509364,1.5768050290530369,0.1526502084298466,6.736548775211255
S163,validation_consumed,RIGID_ONLY,FIXED,ENG_MID_UP,True,0.08805926698905191,0.08802552536495699,0.0024374960251127946,0.6395104363429139
S163,validation_consumed,RIGID_ONLY,FIXED,ENG_MID_DOWN,True,0.14971852341198946,0.1486806502822041,0.017598309132623103,0.32273144974636303
S163,validation_consumed,RIGID_ONLY,FIXED,ENG_PAIR_1_NEG_X,True,0.3880733615193861,0.1824158184971573,0.342527959563841,0.40821300539113836
S163,validation_consumed,RIGID_ONLY,FIXED,ENG_PAIR_1_POS_X,False,0.46287723741982045,0.23589294314910145,0.3982585294678064,0.3825878683399343
S163,validation_consumed,RIGID_ONLY,FIXED,ENG_PAIR_2_NEG_X,False,0.1442128498148429,0.09235094565465808,0.11076393315700205,0.0631341991234341
S163,validation_consumed,RIGID_ONLY,FIXED,ENG_PAIR_2_POS_X,False,0.2856277459502749,0.23451198118974867,0.16305624776467093,0.26519716893829365
S163,validation_consumed,RIGID_ONLY,FIXED,ENG_PAIR_3_NEG_X,False,0.3171047328775784,0.15814171764033794,0.27485743350894476,0.29946262066226126
S163,validation_consumed,RIGID_ONLY,FIXED,ENG_PAIR_3_POS_X,True,0.32478943092061136,0.18277637674882669,0.2684789945979118,0.2768012035862222
S163,validation_consumed,RIGID_ONLY,REF4_EXACT,ENG_MID_UP,True,0.002166031349994697,2.4484682783436775e-05,0.002165892958912984,0.6395104363429139
S163,validation_consumed,RIGID_ONLY,REF4_EXACT,ENG_MID_DOWN,True,0.0147369818101574,0.0006993049676724509,0.014720380614477965,2.721381294259943
S163,validation_consumed,RIGID_ONLY,REF4_EXACT,ENG_PAIR_1_NEG_X,True,0.3436016128878809,0.002448730648016681,0.3435928871460621,0.40821300539113836
S163,validation_consumed,RIGID_ONLY,REF4_EXACT,ENG_PAIR_1_POS_X,False,0.4027509865273724,0.059766238414392533,0.39829179491243055,0.3825878683399343
S163,validation_consumed,RIGID_ONLY,REF4_EXACT,ENG_PAIR_2_NEG_X,False,0.17017916555160204,0.12921426864506524,0.1107457501051868,0.0631341991234341
S163,validation_consumed,RIGID_ONLY,REF4_EXACT,ENG_PAIR_2_POS_X,False,0.17209459951623646,0.056448909600629225,0.16257328128432977,0.26519716893829365
S163,validation_consumed,RIGID_ONLY,REF4_EXACT,ENG_PAIR_3_NEG_X,False,0.2961202763885196,0.10761284439198245,0.27587441673754426,0.29946262066226126
S163,validation_consumed,RIGID_ONLY,REF4_EXACT,ENG_PAIR_3_POS_X,True,0.2681863952031796,0.0012953141593328834,0.26818326706434287,0.2768012035862222
S163,validation_consumed,RIGID_ONLY,REF4_NOISY5,ENG_MID_UP,True,3.3778432023558125,3.3777716945372473,0.02197906468304981,2.1498558528992198
S163,validation_consumed,RIGID_ONLY,REF4_NOISY5,ENG_MID_DOWN,True,4.74418794503094,4.744182527130557,0.007169870711312308,0.3227314497441044
S163,validation_consumed,RIGID_ONLY,REF4_NOISY5,ENG_PAIR_1_NEG_X,True,4.043617017862617,4.030296187507679,0.327950039044424,0.40821300539113836
S163,validation_consumed,RIGID_ONLY,REF4_NOISY5,ENG_PAIR_1_POS_X,False,6.5968328760322335,6.587228550908969,0.3558426792691073,0.3825878683399343
S163,validation_consumed,RIGID_ONLY,REF4_NOISY5,ENG_PAIR_2_NEG_X,False,3.156401126247141,3.1529145494149975,0.14831693720355046,3.0547918141793
S163,validation_consumed,RIGID_ONLY,REF4_NOISY5,ENG_PAIR_2_POS_X,False,5.577357971902022,5.577356042606114,0.004639045601812332,11.960576097219741
S163,validation_consumed,RIGID_ONLY,REF4_NOISY5,ENG_PAIR_3_NEG_X,False,7.783904878683609,7.778204620488873,0.2978389534631556,5.846738895437977
S163,validation_consumed,RIGID_ONLY,REF4_NOISY5,ENG_PAIR_3_POS_X,True,2.3427446225420763,2.3298752800530225,0.24522142208149242,1.6980811084283551
S163,validation_consumed,NORMAL_BUMP,FIXED,ENG_MID_UP,True,0.7145712826730803,0.6840049491234051,0.2067591535960121,0.5359141851014971
S163,validation_consumed,NORMAL_BUMP,FIXED,ENG_MID_DOWN,True,1.2196532785998795,1.2192948580014755,0.029566353353040156,0.5910409258017671
S163,validation_consumed,NORMAL_BUMP,FIXED,ENG_PAIR_1_NEG_X,True,1.2910738666431696,1.167847562014261,0.5504578103963024,0.541813090476778
S163,validation_consumed,NORMAL_BUMP,FIXED,ENG_PAIR_1_POS_X,False,1.9606825774026262,1.9367961788767039,0.3051175688465086,0.7228594367397689
S163,validation_consumed,NORMAL_BUMP,FIXED,ENG_PAIR_2_NEG_X,False,1.5958915730687686,1.5924691927585881,0.10445948069332715,1.18974643778674
S163,validation_consumed,NORMAL_BUMP,FIXED,ENG_PAIR_2_POS_X,False,2.1971131748280754,2.0556650850664866,0.7755948433568256,0.34082896409903357
S163,validation_consumed,NORMAL_BUMP,FIXED,ENG_PAIR_3_NEG_X,False,1.2686417407988118,1.2402646877287502,0.2668246069427338,0.37303755767933744
S163,validation_consumed,NORMAL_BUMP,FIXED,ENG_PAIR_3_POS_X,True,1.879648727828614,1.8795460178356673,0.019649602179493932,0.5878055778427134
S163,validation_consumed,NORMAL_BUMP,REF4_EXACT,ENG_MID_UP,True,0.1994190130983002,0.03529392120092532,0.196270940058285,10.19305883589706
S163,validation_consumed,NORMAL_BUMP,REF4_EXACT,ENG_MID_DOWN,True,0.028585786694833144,0.0014832729398810305,0.028547278370246024,2.9711573589982536
S163,validation_consumed,NORMAL_BUMP,REF4_EXACT,ENG_PAIR_1_NEG_X,True,0.5422647245110971,0.005123497031604396,0.5422405197209658,0.541813090476778
S163,validation_consumed,NORMAL_BUMP,REF4_EXACT,ENG_PAIR_1_POS_X,False,2.6840632726123705,2.666874776439949,0.3032731082291964,0.7228594367397689
S163,validation_consumed,NORMAL_BUMP,REF4_EXACT,ENG_PAIR_2_NEG_X,False,0.7802027715503144,0.7715788576385965,0.11568245839326848,1.18974643778674
S163,validation_consumed,NORMAL_BUMP,REF4_EXACT,ENG_PAIR_2_POS_X,False,2.5482873087913505,2.4283411922407145,0.7726106795883744,0.34082896409903357
S163,validation_consumed,NORMAL_BUMP,REF4_EXACT,ENG_PAIR_3_NEG_X,False,0.651494091016422,0.5960848128471935,0.2629209891245663,0.37303755767933744
S163,validation_consumed,NORMAL_BUMP,REF4_EXACT,ENG_PAIR_3_POS_X,True,0.018599270393763585,0.00032074920751732093,0.0185965044867633,1.0044571940376334
S163,validation_consumed,NORMAL_BUMP,REF4_NOISY5,ENG_MID_UP,True,3.407369276695927,3.401997637666671,0.19125234921880208,2.08633955157619
S163,validation_consumed,NORMAL_BUMP,REF4_NOISY5,ENG_MID_DOWN,True,4.749922099983082,4.749788942526374,0.03556623907427351,0.5910409258017671
S163,validation_consumed,NORMAL_BUMP,REF4_NOISY5,ENG_PAIR_1_NEG_X,True,4.082317854997901,4.0450818840478835,0.5501196420618762,0.541813090476778
S163,validation_consumed,NORMAL_BUMP,REF4_NOISY5,ENG_PAIR_1_POS_X,False,8.334489961032531,8.327061231260489,0.35181552181593706,4.689882832138064
S163,validation_consumed,NORMAL_BUMP,REF4_NOISY5,ENG_PAIR_2_NEG_X,False,3.9502466113767642,3.9500199425340483,0.042317186543135155,3.9756151455579216
S163,validation_consumed,NORMAL_BUMP,REF4_NOISY5,ENG_PAIR_2_POS_X,False,8.020481010312352,7.918113547040473,1.2773384410387127,11.530530506614996
S163,validation_consumed,NORMAL_BUMP,REF4_NOISY5,ENG_PAIR_3_NEG_X,False,8.278124798146235,8.273759469211244,0.26880182164731087,0.37303755767933744
S163,validation_consumed,NORMAL_BUMP,REF4_NOISY5,ENG_PAIR_3_POS_X,True,2.3544127200513416,2.3543625607615932,0.015368435954048121,1.0044571940376334
S163,validation_consumed,TANGENTIAL_SHIFT,FIXED,ENG_MID_UP,True,5.215485392951116,5.18980177177759,0.516957883913803,1.101805759953921
S163,validation_consumed,TANGENTIAL_SHIFT,FIXED,ENG_MID_DOWN,True,6.657056872836546,6.6564093086263885,0.09285108622011604,0.40981747523503287
S163,validation_consumed,TANGENTIAL_SHIFT,FIXED,ENG_PAIR_1_NEG_X,True,3.868492445580153,3.863552796949631,0.19543179550266496,2.043299581276572
S163,validation_consumed,TANGENTIAL_SHIFT,FIXED,ENG_PAIR_1_POS_X,False,11.381711434861158,11.154523266570926,2.262734160695213,6.214942178787652
S163,validation_consumed,TANGENTIAL_SHIFT,FIXED,ENG_PAIR_2_NEG_X,False,8.323639895580829,8.319527961218531,0.2616020141509804,5.62066906220313
S163,validation_consumed,TANGENTIAL_SHIFT,FIXED,ENG_PAIR_2_POS_X,False,19.93475306694871,19.785196927083497,2.4372858668499555,10.32040943797896
S163,validation_consumed,TANGENTIAL_SHIFT,FIXED,ENG_PAIR_3_NEG_X,False,4.14045195816571,4.136224890228521,0.1870456503967046,2.36335927536713
S163,validation_consumed,TANGENTIAL_SHIFT,FIXED,ENG_PAIR_3_POS_X,True,11.803183157868668,11.73059222622507,1.307034307209468,8.457798272983764
S163,validation_consumed,TANGENTIAL_SHIFT,REF4_EXACT,ENG_MID_UP,True,0.4793159131751242,0.012661284568587054,0.47914865803420176,1.514836096760585
S163,validation_consumed,TANGENTIAL_SHIFT,REF4_EXACT,ENG_MID_DOWN,True,0.14375377392839442,0.005082964906918231,0.14366388198294996,2.0405779933793915
S163,validation_consumed,TANGENTIAL_SHIFT,REF4_EXACT,ENG_PAIR_1_NEG_X,True,0.06913088602133954,0.00247099787116966,0.06908671052826379,2.043299581276572
S163,validation_consumed,TANGENTIAL_SHIFT,REF4_EXACT,ENG_PAIR_1_POS_X,False,3.5594576675496543,3.3735850353084738,1.1351928896098458,6.214942178787652
S163,validation_consumed,TANGENTIAL_SHIFT,REF4_EXACT,ENG_PAIR_2_NEG_X,False,4.558492549198247,4.557958269301629,0.06979066127234171,2.7786260062529706
S163,validation_consumed,TANGENTIAL_SHIFT,REF4_EXACT,ENG_PAIR_2_POS_X,False,9.231085811879858,9.220445580009944,0.4430898016933942,10.32040943797896
S163,validation_consumed,TANGENTIAL_SHIFT,REF4_EXACT,ENG_PAIR_3_NEG_X,False,1.1415188024288148,1.1358513398452434,0.11360858273159162,5.43475320051778
S163,validation_consumed,TANGENTIAL_SHIFT,REF4_EXACT,ENG_PAIR_3_POS_X,True,0.2638498677622253,0.022591577478535983,0.26288091095622573,4.922364408775375
S163,validation_consumed,TANGENTIAL_SHIFT,REF4_NOISY5,ENG_MID_UP,True,3.350457822708628,3.3199678982551615,0.4509775784943714,1.514836096760585
S163,validation_consumed,TANGENTIAL_SHIFT,REF4_NOISY5,ENG_MID_DOWN,True,4.757161608093405,4.755242688735484,0.1351056503095466,2.0405779933793915
S163,validation_consumed,TANGENTIAL_SHIFT,REF4_NOISY5,ENG_PAIR_1_NEG_X,True,3.98585817670045,3.9858567887909775,0.0033262619736470957,2.043299581276572
S163,validation_consumed,TANGENTIAL_SHIFT,REF4_NOISY5,ENG_PAIR_1_POS_X,False,4.402881467636467,4.362865130859542,0.5922609796251926,6.214942178787652
S163,validation_consumed,TANGENTIAL_SHIFT,REF4_NOISY5,ENG_PAIR_2_NEG_X,False,2.4281889778178583,2.42570513008018,0.10980133832896388,2.7786260062529706
S163,validation_consumed,TANGENTIAL_SHIFT,REF4_NOISY5,ENG_PAIR_2_POS_X,False,9.479821137344661,9.4686399508029,0.4602893417252453,10.32040943797896
S163,validation_consumed,TANGENTIAL_SHIFT,REF4_NOISY5,ENG_PAIR_3_NEG_X,False,9.08189730849028,9.066566606392968,0.5274738797352374,5.093004945641372
S163,validation_consumed,TANGENTIAL_SHIFT,REF4_NOISY5,ENG_PAIR_3_POS_X,True,3.0580941163523425,3.0576929585154247,0.04953176671596091,8.457798272983764
S165,dev,RIGID_ONLY,FIXED,ENG_MID_UP,True,0.125305717865497,0.05288527495299978,0.11359872632619233,0.5299860530025405
S165,dev,RIGID_ONLY,FIXED,ENG_MID_DOWN,True,0.13820862287033991,0.12940460882318083,0.04853937217388976,0.11774503578767231
S165,dev,RIGID_ONLY,FIXED,ENG_PAIR_1_NEG_X,True,0.4113747216953436,0.08072084540488157,0.40337737513033944,0.41379597132533635
S165,dev,RIGID_ONLY,FIXED,ENG_PAIR_1_POS_X,False,0.3778821707776871,0.0970329050813397,0.3652116514065958,0.5208154144032249
S165,dev,RIGID_ONLY,FIXED,ENG_PAIR_2_NEG_X,False,0.23498627217335474,0.09879016750897784,0.21321128233158315,0.4852300864985183
S165,dev,RIGID_ONLY,FIXED,ENG_PAIR_2_POS_X,False,0.23946509429667065,0.11004883097066753,0.2126800089065797,0.42864252662109953
S165,dev,RIGID_ONLY,FIXED,ENG_PAIR_3_NEG_X,False,0.37330943270985545,0.17201049820348507,0.3313190623220206,0.23416159586999843
S165,dev,RIGID_ONLY,FIXED,ENG_PAIR_3_POS_X,True,0.3195342582243651,0.1707043025941109,0.27011512962967,0.26500255944798684
S165,dev,RIGID_ONLY,REF4_EXACT,ENG_MID_UP,True,0.11429773999482278,0.012196685197158722,0.11364512412825074,21.10177128023955
S165,dev,RIGID_ONLY,REF4_EXACT,ENG_MID_DOWN,True,0.04901958136662679,0.0006234910628914633,0.04901561604482635,0.7286970273590535
S165,dev,RIGID_ONLY,REF4_EXACT,ENG_PAIR_1_NEG_X,True,0.4035094367790787,0.0029142451079408713,0.4034989129418073,0.41379597132533635
S165,dev,RIGID_ONLY,REF4_EXACT,ENG_PAIR_1_POS_X,False,0.36890353732719433,0.05076587863901252,0.36539382235955453,0.5208154144039248
S165,dev,RIGID_ONLY,REF4_EXACT,ENG_PAIR_2_NEG_X,False,0.21482762278150452,0.031990429341498525,0.21243238910415468,0.4852300864992694
S165,dev,RIGID_ONLY,REF4_EXACT,ENG_PAIR_2_POS_X,False,0.2125215382644809,0.015946929694556695,0.21192239065190374,0.42864252662109953
S165,dev,RIGID_ONLY,REF4_EXACT,ENG_PAIR_3_NEG_X,False,0.3392485349484682,0.07165490039999395,0.3315948487436875,0.23416159586999843
S165,dev,RIGID_ONLY,REF4_EXACT,ENG_PAIR_3_POS_X,True,0.2700764617255345,0.0012485412039047897,0.27007357575861846,0.26500255944798684
S165,dev,RIGID_ONLY,REF4_NOISY5,ENG_MID_UP,True,3.9801869185449936,3.97776764708905,0.13875320655154966,4.714717756309669
S165,dev,RIGID_ONLY,REF4_NOISY5,ENG_MID_DOWN,True,4.766604591040473,4.7664287472305045,0.04094294692318545,0.11774503578767231
S165,dev,RIGID_ONLY,REF4_NOISY5,ENG_PAIR_1_NEG_X,True,3.4663678744498365,3.4411489777841617,0.417372679643619,0.41379597132533635
S165,dev,RIGID_ONLY,REF4_NOISY5,ENG_PAIR_1_POS_X,False,6.303483755022217,6.295514040521688,0.3168760253210831,1.2284396319546174
S165,dev,RIGID_ONLY,REF4_NOISY5,ENG_PAIR_2_NEG_X,False,4.930427408282309,4.924168884989219,0.24834496259324865,6.79712436613407
S165,dev,RIGID_ONLY,REF4_NOISY5,ENG_PAIR_2_POS_X,False,7.014454590412989,7.000586290530349,0.44086822272009896,13.309663221823696
S165,dev,RIGID_ONLY,REF4_NOISY5,ENG_PAIR_3_NEG_X,False,5.675728700538204,5.666692580937071,0.3201428981967915,0.23416159586999843
S165,dev,RIGID_ONLY,REF4_NOISY5,ENG_PAIR_3_POS_X,True,4.2801256264236045,4.270601772009721,0.2853697301317778,0.3377893624818018
S165,dev,NORMAL_BUMP,FIXED,ENG_MID_UP,True,1.1269957986560177,1.088207234494623,0.29312888800300785,0.33180686857403685
S165,dev,NORMAL_BUMP,FIXED,ENG_MID_DOWN,True,0.7976924462754555,0.797480791778782,0.018374590847350956,0.6817738046656308
S165,dev,NORMAL_BUMP,FIXED,ENG_PAIR_1_NEG_X,True,1.5711586499283081,1.4526114245872102,0.5987149174717955,0.7432312038907075
S165,dev,NORMAL_BUMP,FIXED,ENG_PAIR_1_POS_X,False,1.1491576515255568,1.1487482360767989,0.03067243339182798,0.8416770845084315
S165,dev,NORMAL_BUMP,FIXED,ENG_PAIR_2_NEG_X,False,2.016143720330051,2.011828417770668,0.13184050393058436,1.4749702442161532
S165,dev,NORMAL_BUMP,FIXED,ENG_PAIR_2_POS_X,False,0.8968524768727287,0.8342650326550508,0.32915987082543274,0.3141857960128834
S165,dev,NORMAL_BUMP,FIXED,ENG_PAIR_3_NEG_X,False,1.3900798753010748,1.3284432970448539,0.4093415032141863,0.5779293865653942
S165,dev,NORMAL_BUMP,FIXED,ENG_PAIR_3_POS_X,True,1.34894594863364,1.34857661529545,0.03156398285038742,0.7484722134718771
S165,dev,NORMAL_BUMP,REF4_EXACT,ENG_MID_UP,True,0.03907486733169451,0.014364925545931103,0.036338604418020545,21.572191360821435
S165,dev,NORMAL_BUMP,REF4_EXACT,ENG_MID_DOWN,True,0.011087338945794806,0.00013213625252751673,0.011086551533714451,0.6817738046656308
S165,dev,NORMAL_BUMP,REF4_EXACT,ENG_PAIR_1_NEG_X,True,0.5810961255959327,0.007534284639296366,0.5810472801223477,0.7432312038907075
S165,dev,NORMAL_BUMP,REF4_EXACT,ENG_PAIR_1_POS_X,False,2.017560031156679,2.017174163336305,0.03945724381427596,0.8416770845084315
S165,dev,NORMAL_BUMP,REF4_EXACT,ENG_PAIR_2_NEG_X,False,0.8378800897837525,0.8305262365537455,0.11076648975164505,1.4749702442161532
S165,dev,NORMAL_BUMP,REF4_EXACT,ENG_PAIR_2_POS_X,False,1.7964608014635388,1.7653979688623676,0.3326280546370772,0.3141857960128834
S165,dev,NORMAL_BUMP,REF4_EXACT,ENG_PAIR_3_NEG_X,False,0.8714680662490665,0.7741478966479685,0.4001894858781446,0.5779293865653942
S165,dev,NORMAL_BUMP,REF4_EXACT,ENG_PAIR_3_POS_X,True,0.013639517394698994,0.00024309254128478217,0.013637350944251165,1.032869762061087
S165,dev,NORMAL_BUMP,REF4_NOISY5,ENG_MID_UP,True,3.99906450382073,3.9714690530563304,0.46898876994528876,4.449158698600577
S165,dev,NORMAL_BUMP,REF4_NOISY5,ENG_MID_DOWN,True,4.769803348756888,4.7697819634306,0.014283106964293026,0.6817738046656308
S165,dev,NORMAL_BUMP,REF4_NOISY5,ENG_PAIR_1_NEG_X,True,3.50121473423205,3.451941890679262,0.5853219614684614,0.7432312038907075
S165,dev,NORMAL_BUMP,REF4_NOISY5,ENG_PAIR_1_POS_X,False,8.259005736624168,8.258924681083805,0.03659056949119224,1.3562074399864341
S165,dev,NORMAL_BUMP,REF4_NOISY5,ENG_PAIR_2_NEG_X,False,5.557494053741096,5.555153049373628,0.161290903037086,1.4749702442161532
S165,dev,NORMAL_BUMP,REF4_NOISY5,ENG_PAIR_2_POS_X,False,8.58744238442423,8.493972706052906,1.2635641553296713,13.164430840080074
S165,dev,NORMAL_BUMP,REF4_NOISY5,ENG_PAIR_3_NEG_X,False,6.542116474277676,6.5293620564474475,0.40831250144923076,0.5779293865653942
S165,dev,NORMAL_BUMP,REF4_NOISY5,ENG_PAIR_3_POS_X,True,4.305590695026488,4.305176040202444,0.05975362721609141,1.032869762061087
S165,dev,TANGENTIAL_SHIFT,FIXED,ENG_MID_UP,True,4.1364746052353905,4.007865255367989,1.023444309462592,2.774652001932868
S165,dev,TANGENTIAL_SHIFT,FIXED,ENG_MID_DOWN,True,6.442316508200276,6.442311303113172,0.008189359563368743,0.48838839949122276
S165,dev,TANGENTIAL_SHIFT,FIXED,ENG_PAIR_1_NEG_X,True,3.104334898138317,3.0965348572154086,0.2199250732621889,1.2636073794145748
S165,dev,TANGENTIAL_SHIFT,FIXED,ENG_PAIR_1_POS_X,False,12.161090311923928,11.945058245198277,2.2820388019467703,6.668357613548887
S165,dev,TANGENTIAL_SHIFT,FIXED,ENG_PAIR_2_NEG_X,False,6.2174049348287435,6.215922699456444,0.13575388766047394,4.090980945010508
S165,dev,TANGENTIAL_SHIFT,FIXED,ENG_PAIR_2_POS_X,False,19.52805023200179,19.26700301731094,3.182348283031939,12.005710726443384
S165,dev,TANGENTIAL_SHIFT,FIXED,ENG_PAIR_3_NEG_X,False,3.0872901632860668,3.075632483752434,0.2680398798868276,1.7298936652775663
S165,dev,TANGENTIAL_SHIFT,FIXED,ENG_PAIR_3_POS_X,True,12.48843107671908,12.391886044589555,1.549861611844602,7.534315623918894
S165,dev,TANGENTIAL_SHIFT,REF4_EXACT,ENG_MID_UP,True,0.8274654915926162,0.04136548567795972,0.8264309023573819,2.8647605988599842
S165,dev,TANGENTIAL_SHIFT,REF4_EXACT,ENG_MID_DOWN,True,0.09160469628927595,0.0014131756445716656,0.09159379518749114,0.907052488918465
S165,dev,TANGENTIAL_SHIFT,REF4_EXACT,ENG_PAIR_1_NEG_X,True,0.15682133644859536,0.0034616653518440726,0.15678312549032622,1.2636073794145748
S165,dev,TANGENTIAL_SHIFT,REF4_EXACT,ENG_PAIR_1_POS_X,False,3.5813357172460316,3.449692947301083,0.9620728085562525,6.668357613548887
S165,dev,TANGENTIAL_SHIFT,REF4_EXACT,ENG_PAIR_2_NEG_X,False,3.2165034049859127,3.215789056818461,0.06778566465414086,4.090980945010508
S165,dev,TANGENTIAL_SHIFT,REF4_EXACT,ENG_PAIR_2_POS_X,False,7.476572396242826,7.440256742637265,0.7360124998265335,12.005710726443384
S165,dev,TANGENTIAL_SHIFT,REF4_EXACT,ENG_PAIR_3_NEG_X,False,0.9467270959835935,0.9340718598815373,0.1542788217707607,1.6531632006760788
S165,dev,TANGENTIAL_SHIFT,REF4_EXACT,ENG_PAIR_3_POS_X,True,0.05190920021251474,0.00686498607230182,0.05145325094617484,7.534315623918894
S165,dev,TANGENTIAL_SHIFT,REF4_NOISY5,ENG_MID_UP,True,3.996716918859327,3.9670705451424757,0.48589856900321876,5.845627567829994
S165,dev,TANGENTIAL_SHIFT,REF4_NOISY5,ENG_MID_DOWN,True,4.75850667959289,4.758168654277043,0.056717520974927875,0.907052488918465
S165,dev,TANGENTIAL_SHIFT,REF4_NOISY5,ENG_PAIR_1_NEG_X,True,3.451479085498528,3.447532681920549,0.16500389305548074,1.2636073794145748
S165,dev,TANGENTIAL_SHIFT,REF4_NOISY5,ENG_PAIR_1_POS_X,False,3.649389282399818,3.607846476939391,0.5490773473115438,7.026106189003345
S165,dev,TANGENTIAL_SHIFT,REF4_NOISY5,ENG_PAIR_2_NEG_X,False,5.811247003350752,5.808226009912163,0.18735621615769837,4.334603980607783
S165,dev,TANGENTIAL_SHIFT,REF4_NOISY5,ENG_PAIR_2_POS_X,False,6.686443200790113,6.682784403813385,0.22116801202005887,11.791507113639284
S165,dev,TANGENTIAL_SHIFT,REF4_NOISY5,ENG_PAIR_3_NEG_X,False,5.6824307838838735,5.677124734179504,0.24550838315298543,3.476418755111765
S165,dev,TANGENTIAL_SHIFT,REF4_NOISY5,ENG_PAIR_3_POS_X,True,4.4091046985337465,4.403338453914954,0.2254211678308515,7.534315623918894
S170,validation_consumed,RIGID_ONLY,FIXED,ENG_MID_UP,True,0.14024681269789918,0.13289555483193632,0.04481004326968928,0.3916216006089051
S170,validation_consumed,RIGID_ONLY,FIXED,ENG_MID_DOWN,True,0.1912083167215654,0.19060948827944704,0.015120957686000101,0.06694193630952286
S170,validation_consumed,RIGID_ONLY,FIXED,ENG_PAIR_1_NEG_X,True,0.44373837143742423,0.21196643110240684,0.3898383951994032,0.3061740576957212
S170,validation_consumed,RIGID_ONLY,FIXED,ENG_PAIR_1_POS_X,False,0.3552755541536751,0.11220305064107068,0.3370922645301108,0.16889800610989536
S170,validation_consumed,RIGID_ONLY,FIXED,ENG_PAIR_2_NEG_X,False,0.3355150888357008,0.24021885128346263,0.23423338430821916,0.2936603910691595
S170,validation_consumed,RIGID_ONLY,FIXED,ENG_PAIR_2_POS_X,False,0.08198347929413646,0.017616906937240065,0.08006831749910026,0.12310090911068756
S170,validation_consumed,RIGID_ONLY,FIXED,ENG_PAIR_3_NEG_X,False,0.4108356114980595,0.23081043739623025,0.3398712133499178,0.45988894925033713
S170,validation_consumed,RIGID_ONLY,FIXED,ENG_PAIR_3_POS_X,True,0.2837512309256597,0.1491673299047002,0.24137909756424517,0.03870660401584746
S170,validation_consumed,RIGID_ONLY,REF4_EXACT,ENG_MID_UP,True,0.08226798243474649,0.02492960008198769,0.07839984677048747,17.6397423089219
S170,validation_consumed,RIGID_ONLY,REF4_EXACT,ENG_MID_DOWN,True,0.014918304209459941,1.738129604855925e-05,0.014918294083994251,0.06694193630952286
S170,validation_consumed,RIGID_ONLY,REF4_EXACT,ENG_PAIR_1_NEG_X,True,0.3890435180325363,0.0020786891763215232,0.3890379646955302,0.3061740576957212
S170,validation_consumed,RIGID_ONLY,REF4_EXACT,ENG_PAIR_1_POS_X,False,0.33808709483263943,0.02167955632182492,0.3373912869800626,0.16889800610989536
S170,validation_consumed,RIGID_ONLY,REF4_EXACT,ENG_PAIR_2_NEG_X,False,0.2547664524266104,0.10368819228811757,0.23271163284645383,0.2936603910691595
S170,validation_consumed,RIGID_ONLY,REF4_EXACT,ENG_PAIR_2_POS_X,False,0.09013762841609714,0.0411714880950069,0.08018541403847153,0.12310090911068756
S170,validation_consumed,RIGID_ONLY,REF4_EXACT,ENG_PAIR_3_NEG_X,False,0.35883137126913994,0.1183814852546915,0.33874146034370317,0.45988894925033713
S170,validation_consumed,RIGID_ONLY,REF4_EXACT,ENG_PAIR_3_POS_X,True,0.24140570809580886,0.00016200829718504616,0.24140565373360776,0.03870660400643137
S170,validation_consumed,RIGID_ONLY,REF4_NOISY5,ENG_MID_UP,True,3.5134862390019066,3.4348355760678526,0.7392496987042901,17.6397423089219
S170,validation_consumed,RIGID_ONLY,REF4_NOISY5,ENG_MID_DOWN,True,4.765161457593316,4.76514795943349,0.01134202978738774,0.5870757239309667
S170,validation_consumed,RIGID_ONLY,REF4_NOISY5,ENG_PAIR_1_NEG_X,True,4.979722257153586,4.963069030389529,0.4069146814495054,0.3061740576957212
S170,validation_consumed,RIGID_ONLY,REF4_NOISY5,ENG_PAIR_1_POS_X,False,5.590979006630352,5.57978381469002,0.353636584510995,0.16889800610989536
S170,validation_consumed,RIGID_ONLY,REF4_NOISY5,ENG_PAIR_2_NEG_X,False,2.4923144731944618,2.4806841916407056,0.24049402204314,0.2936603910691595
S170,validation_consumed,RIGID_ONLY,REF4_NOISY5,ENG_PAIR_2_POS_X,False,7.248560072752891,7.238798383087531,0.3760599650544449,5.765782073229183
S170,validation_consumed,RIGID_ONLY,REF4_NOISY5,ENG_PAIR_3_NEG_X,False,2.837380119290023,2.8192134904055104,0.32056393567874253,0.6354076630837681
S170,validation_consumed,RIGID_ONLY,REF4_NOISY5,ENG_PAIR_3_POS_X,True,3.8371306325467596,3.8294402038236877,0.24281519014982314,0.03870660400643137
S170,validation_consumed,NORMAL_BUMP,FIXED,ENG_MID_UP,True,0.8607377346648787,0.8185386524623633,0.26620278417237764,0.1904400631294068
S170,validation_consumed,NORMAL_BUMP,FIXED,ENG_MID_DOWN,True,0.9982844635243999,0.9981457789243505,0.01663953514076513,0.8184154168346389
S170,validation_consumed,NORMAL_BUMP,FIXED,ENG_PAIR_1_NEG_X,True,1.230867221252514,1.1297207512005387,0.48863600016860764,0.5673356612045711
S170,validation_consumed,NORMAL_BUMP,FIXED,ENG_PAIR_1_POS_X,False,0.7656979175257806,0.7656860972495444,0.004254571903082214,0.7455367812407884
S170,validation_consumed,NORMAL_BUMP,FIXED,ENG_PAIR_2_NEG_X,False,1.794176101940432,1.793784038178995,0.037506121479312586,1.0935340040879122
S170,validation_consumed,NORMAL_BUMP,FIXED,ENG_PAIR_2_POS_X,False,0.603951446535896,0.5313951274327445,0.2870131849123634,0.09043457490092101
S170,validation_consumed,NORMAL_BUMP,FIXED,ENG_PAIR_3_NEG_X,False,1.3901667323799078,1.3284316135788738,0.4096742509116972,0.6907990176447026
S170,validation_consumed,NORMAL_BUMP,FIXED,ENG_PAIR_3_POS_X,True,1.6310102524703844,1.6301491563489885,0.052992185444542615,0.48138809616573053
S170,validation_consumed,NORMAL_BUMP,REF4_EXACT,ENG_MID_UP,True,0.10973081192954277,0.03438697805548526,0.10420358356087502,18.261179409688015
S170,validation_consumed,NORMAL_BUMP,REF4_EXACT,ENG_MID_DOWN,True,0.006293218501156483,9.396377855050053e-05,0.006292516977459717,0.8184154168346389
S170,validation_consumed,NORMAL_BUMP,REF4_EXACT,ENG_PAIR_1_NEG_X,True,0.47894490296156317,0.004738739336863835,0.47892145955506993,0.5673356612045711
S170,validation_consumed,NORMAL_BUMP,REF4_EXACT,ENG_PAIR_1_POS_X,False,2.0566380573513214,2.056622466110158,0.00800817312440554,0.7455367812407884
S170,validation_consumed,NORMAL_BUMP,REF4_EXACT,ENG_PAIR_2_NEG_X,False,1.0216378352809046,1.0206265268482608,0.04544622284754764,1.0935340040879122
S170,validation_consumed,NORMAL_BUMP,REF4_EXACT,ENG_PAIR_2_POS_X,False,1.7751104382488334,1.7516728705727487,0.2875051694829015,0.09043457490092101
S170,validation_consumed,NORMAL_BUMP,REF4_EXACT,ENG_PAIR_3_NEG_X,False,0.9240258274229375,0.8334046606582176,0.39907443082438293,0.6907990176447026
S170,validation_consumed,NORMAL_BUMP,REF4_EXACT,ENG_PAIR_3_POS_X,True,0.061903533866722975,0.0015025285101932379,0.0618852964222082,1.3860705388845538
S170,validation_consumed,NORMAL_BUMP,REF4_NOISY5,ENG_MID_UP,True,3.4865195102608797,3.439519293061802,0.5705482697243092,18.261179409688015
S170,validation_consumed,NORMAL_BUMP,REF4_NOISY5,ENG_MID_DOWN,True,4.773346755467497,4.773217593113998,0.03511490736260664,0.5090312394711395
S170,validation_consumed,NORMAL_BUMP,REF4_NOISY5,ENG_PAIR_1_NEG_X,True,4.98685186493106,4.9614578788172,0.5026203731337658,0.5673356612045711
S170,validation_consumed,NORMAL_BUMP,REF4_NOISY5,ENG_PAIR_1_POS_X,False,4.879529654144828,4.879074870108901,0.06661874774087123,0.7455367812407884
S170,validation_consumed,NORMAL_BUMP,REF4_NOISY5,ENG_PAIR_2_NEG_X,False,3.454020478015598,3.4540148216054405,0.006250974407115179,1.0935340040879122
S170,validation_consumed,NORMAL_BUMP,REF4_NOISY5,ENG_PAIR_2_POS_X,False,5.961370151410939,5.961222581643414,0.041945372068114974,5.43686057798254
S170,validation_consumed,NORMAL_BUMP,REF4_NOISY5,ENG_PAIR_3_NEG_X,False,2.012896551391279,1.9772044842726344,0.37737905873946986,0.8015126162679067
S170,validation_consumed,NORMAL_BUMP,REF4_NOISY5,ENG_PAIR_3_POS_X,True,3.855692914075399,3.855057670542789,0.06998717339948214,0.48138809616573053
S170,validation_consumed,TANGENTIAL_SHIFT,FIXED,ENG_MID_UP,True,4.394532305488519,4.2925446348186895,0.9412623131048604,2.6328640711777296
S170,validation_consumed,TANGENTIAL_SHIFT,FIXED,ENG_MID_DOWN,True,6.122996396567771,6.122954399145691,0.022678147286393953,0.49122585950228326
S170,validation_consumed,TANGENTIAL_SHIFT,FIXED,ENG_PAIR_1_NEG_X,True,3.5013527941079587,3.496524762957691,0.1838096048395509,1.8922953062752026
S170,validation_consumed,TANGENTIAL_SHIFT,FIXED,ENG_PAIR_1_POS_X,False,11.959940079236972,11.619183405819967,2.8345623437943206,7.696327408474746
S170,validation_consumed,TANGENTIAL_SHIFT,FIXED,ENG_PAIR_2_NEG_X,False,6.629017574399545,6.627067718181506,0.1607714537304912,4.176801873217247
S170,validation_consumed,TANGENTIAL_SHIFT,FIXED,ENG_PAIR_2_POS_X,False,19.46631889986109,19.24175542725905,2.948290960647525,11.149540390110289
S170,validation_consumed,TANGENTIAL_SHIFT,FIXED,ENG_PAIR_3_NEG_X,False,3.104953530961524,3.089860609580243,0.30577416960045345,1.6324364923640038
S170,validation_consumed,TANGENTIAL_SHIFT,FIXED,ENG_PAIR_3_POS_X,True,11.984411671709537,11.895818169432435,1.4545216384808306,7.508037108317283
S170,validation_consumed,TANGENTIAL_SHIFT,REF4_EXACT,ENG_MID_UP,True,0.8021104152981567,0.02537820063723099,0.8017088407035299,1.8126917192116043
S170,validation_consumed,TANGENTIAL_SHIFT,REF4_EXACT,ENG_MID_DOWN,True,0.01774411541734523,7.04105491967151e-05,0.017743975718497545,0.14837779963485034
S170,validation_consumed,TANGENTIAL_SHIFT,REF4_EXACT,ENG_PAIR_1_NEG_X,True,0.07008525706128407,0.0023144613616701993,0.07004703081467197,1.8922953062752026
S170,validation_consumed,TANGENTIAL_SHIFT,REF4_EXACT,ENG_PAIR_1_POS_X,False,3.5063982423383457,3.2337029205933554,1.355726393937745,7.696327408474746
S170,validation_consumed,TANGENTIAL_SHIFT,REF4_EXACT,ENG_PAIR_2_NEG_X,False,3.4320766582359146,3.4315278642692584,0.061373485736627334,4.176801873217423
S170,validation_consumed,TANGENTIAL_SHIFT,REF4_EXACT,ENG_PAIR_2_POS_X,False,7.909844439916104,7.873635938289188,0.7559736602241018,11.149540390110289
S170,validation_consumed,TANGENTIAL_SHIFT,REF4_EXACT,ENG_PAIR_3_NEG_X,False,1.0868256186190322,1.0727510737719304,0.17434178789897653,2.4531049407771235
S170,validation_consumed,TANGENTIAL_SHIFT,REF4_EXACT,ENG_PAIR_3_POS_X,True,0.09047765261784699,0.011879517137697507,0.08969438497370359,7.508037108317283
S170,validation_consumed,TANGENTIAL_SHIFT,REF4_NOISY5,ENG_MID_UP,True,4.148249673516528,4.049039929606241,0.9018043037623302,2.6328640711777296
S170,validation_consumed,TANGENTIAL_SHIFT,REF4_NOISY5,ENG_MID_DOWN,True,4.778151577858041,4.778068843095086,0.028118172615928,0.14390526718372335
S170,validation_consumed,TANGENTIAL_SHIFT,REF4_NOISY5,ENG_PAIR_1_NEG_X,True,4.853001370920545,4.840095933854195,0.35368581713829633,9.108799602538882
S170,validation_consumed,TANGENTIAL_SHIFT,REF4_NOISY5,ENG_PAIR_1_POS_X,False,9.127273206306205,8.93204435604348,1.877684692440921,7.696327408474746
S170,validation_consumed,TANGENTIAL_SHIFT,REF4_NOISY5,ENG_PAIR_2_NEG_X,False,3.7860646238711495,3.7855971593814726,0.05949355436949181,3.2119578531181503
S170,validation_consumed,TANGENTIAL_SHIFT,REF4_NOISY5,ENG_PAIR_2_POS_X,False,13.05951807858179,12.997574293454532,1.270462487023745,11.149540390110289
S170,validation_consumed,TANGENTIAL_SHIFT,REF4_NOISY5,ENG_PAIR_3_NEG_X,False,1.6121366220925388,1.6049995921089186,0.1515282073481571,5.446464643688926
S170,validation_consumed,TANGENTIAL_SHIFT,REF4_NOISY5,ENG_PAIR_3_POS_X,True,3.7812416726144202,3.780790457956085,0.058413181253167634,7.508037108317283
S179,validation_consumed,RIGID_ONLY,FIXED,ENG_MID_UP,True,0.1293735448286485,0.05143511340589377,0.11870949081877644,0.6399047341396675
S179,validation_consumed,RIGID_ONLY,FIXED,ENG_MID_DOWN,True,0.14305209052874132,0.1410331543804066,0.02394890331843206,0.0846537100550235
S179,validation_consumed,RIGID_ONLY,FIXED,ENG_PAIR_1_NEG_X,True,0.44636055459064494,0.15032015198761237,0.42028751658940483,0.3607984239221645
S179,validation_consumed,RIGID_ONLY,FIXED,ENG_PAIR_1_POS_X,False,0.42713486534894396,0.12599708541188104,0.40812856756709837,0.39528904113684177
S179,validation_consumed,RIGID_ONLY,FIXED,ENG_PAIR_2_NEG_X,False,0.27215276162590446,0.1424659333648699,0.23188484963680314,0.46822855828907967
S179,validation_consumed,RIGID_ONLY,FIXED,ENG_PAIR_2_POS_X,False,0.17717818102610933,0.09355017160087212,0.15046751551470555,0.6113351335248456
S179,validation_consumed,RIGID_ONLY,FIXED,ENG_PAIR_3_NEG_X,False,0.35193898177789645,0.1782999250926029,0.3034306899554406,0.3078618867398884
S179,validation_consumed,RIGID_ONLY,FIXED,ENG_PAIR_3_POS_X,True,0.27620488796290715,0.15459270659249388,0.22888913299457705,0.19404926892488472
S179,validation_consumed,RIGID_ONLY,REF4_EXACT,ENG_MID_UP,True,0.12321596520595239,0.028569095091716845,0.11985816988121799,13.406609711919055
S179,validation_consumed,RIGID_ONLY,REF4_EXACT,ENG_MID_DOWN,True,0.02377414439700408,3.533986614719871e-05,0.023774118130930985,0.0846537100550235
S179,validation_consumed,RIGID_ONLY,REF4_EXACT,ENG_PAIR_1_NEG_X,True,0.42020051078534504,0.002646113473184602,0.420192179065427,0.3607984239221645
S179,validation_consumed,RIGID_ONLY,REF4_EXACT,ENG_PAIR_1_POS_X,False,0.4224601015056337,0.10794667668051715,0.4084361056001075,0.39528904113684177
S179,validation_consumed,RIGID_ONLY,REF4_EXACT,ENG_PAIR_2_NEG_X,False,0.2412948106423568,0.07085477122402402,0.23065729348477593,0.46822855828907967
S179,validation_consumed,RIGID_ONLY,REF4_EXACT,ENG_PAIR_2_POS_X,False,0.1502242700257777,0.007595304766863776,0.1500321387245954,0.6113351335248456
S179,validation_consumed,RIGID_ONLY,REF4_EXACT,ENG_PAIR_3_NEG_X,False,0.32324108270846247,0.11046168829238388,0.303781192587914,0.3078618867398884
S179,validation_consumed,RIGID_ONLY,REF4_EXACT,ENG_PAIR_3_POS_X,True,0.22879244593242137,0.0007741535327352167,0.22879113619641758,0.19404926892676294
S179,validation_consumed,RIGID_ONLY,REF4_NOISY5,ENG_MID_UP,True,4.7834813789126205,4.783464736297747,0.012618201128497332,2.9963966358998833
S179,validation_consumed,RIGID_ONLY,REF4_NOISY5,ENG_MID_DOWN,True,4.9568871789894375,4.956850907618213,0.018962723284660976,0.0846537100550235
S179,validation_consumed,RIGID_ONLY,REF4_NOISY5,ENG_PAIR_1_NEG_X,True,4.60519733111117,4.5845429710878935,0.4356698345330278,0.3607984239221645
S179,validation_consumed,RIGID_ONLY,REF4_NOISY5,ENG_PAIR_1_POS_X,False,8.532052493384892,8.523348791521304,0.38528577439054124,0.39528904113684177
S179,validation_consumed,RIGID_ONLY,REF4_NOISY5,ENG_PAIR_2_NEG_X,False,3.3899894749739157,3.382762763594939,0.22123454899598383,0.46822855828907967
S179,validation_consumed,RIGID_ONLY,REF4_NOISY5,ENG_PAIR_2_POS_X,False,5.656186937113166,5.6537066165697345,0.16748779455597637,0.6113351335248456
S179,validation_consumed,RIGID_ONLY,REF4_NOISY5,ENG_PAIR_3_NEG_X,False,4.4352533948527695,4.426101577467215,0.28477623232152705,0.3078618867398884
S179,validation_consumed,RIGID_ONLY,REF4_NOISY5,ENG_PAIR_3_POS_X,True,2.044621818265998,2.031659036383358,0.22986939685656568,0.19404926892676294
S179,validation_consumed,NORMAL_BUMP,FIXED,ENG_MID_UP,True,1.0849115826476443,1.0707283660186135,0.17485396296946354,0.3229153563358251
S179,validation_consumed,NORMAL_BUMP,FIXED,ENG_MID_DOWN,True,1.1603636770145311,1.1599526003989538,0.03088410209781253,0.6923286661763803
S179,validation_consumed,NORMAL_BUMP,FIXED,ENG_PAIR_1_NEG_X,True,1.6493414008284155,1.5489704677880254,0.5665841035602615,0.7595343545332128
S179,validation_consumed,NORMAL_BUMP,FIXED,ENG_PAIR_1_POS_X,False,0.9525998813395843,0.9382380253985491,0.16479059932053616,0.5303884912192116
S179,validation_consumed,NORMAL_BUMP,FIXED,ENG_PAIR_2_NEG_X,False,1.8184300417015005,1.8180716467453144,0.03610130002232228,1.323811706089142
S179,validation_consumed,NORMAL_BUMP,FIXED,ENG_PAIR_2_POS_X,False,0.8286969050605564,0.7563761313563658,0.33857600087915624,0.32471490142602216
S179,validation_consumed,NORMAL_BUMP,FIXED,ENG_PAIR_3_NEG_X,False,1.4811114507157164,1.4398577609584176,0.34713219045347343,0.5363382665542545
S179,validation_consumed,NORMAL_BUMP,FIXED,ENG_PAIR_3_POS_X,True,1.731655277187456,1.7315642212590232,0.01775800289440134,0.36750661032811593
S179,validation_consumed,NORMAL_BUMP,REF4_EXACT,ENG_MID_UP,True,0.011157015169861678,0.0026862274105484817,0.010828812021608908,13.946995756423204
S179,validation_consumed,NORMAL_BUMP,REF4_EXACT,ENG_MID_DOWN,True,0.021341339669003284,0.0002622515740646852,0.021339728278018767,0.6923286661763803
S179,validation_consumed,NORMAL_BUMP,REF4_EXACT,ENG_PAIR_1_NEG_X,True,0.5470006650065276,0.007246159904949513,0.5469526676817796,0.7595343545332128
S179,validation_consumed,NORMAL_BUMP,REF4_EXACT,ENG_PAIR_1_POS_X,False,2.4878099976890216,2.48175198087699,0.17350991330349366,0.5303884912192116
S179,validation_consumed,NORMAL_BUMP,REF4_EXACT,ENG_PAIR_2_NEG_X,False,0.5251051410821272,0.5249834095723865,0.011306142783132191,1.323811706089142
S179,validation_consumed,NORMAL_BUMP,REF4_EXACT,ENG_PAIR_2_POS_X,False,2.1360893007401334,2.1082416346588255,0.34379457620438936,0.32471490142602216
S179,validation_consumed,NORMAL_BUMP,REF4_EXACT,ENG_PAIR_3_NEG_X,False,0.6261516046528028,0.5276664628046516,0.3370963305058466,0.5363382665542545
S179,validation_consumed,NORMAL_BUMP,REF4_EXACT,ENG_PAIR_3_POS_X,True,0.03274359066237785,0.0008492169427103133,0.03273257643464033,1.4765465280272594
S179,validation_consumed,NORMAL_BUMP,REF4_NOISY5,ENG_MID_UP,True,4.77937304297769,4.772298249968199,0.2599540291903567,3.0932347151093014
S179,validation_consumed,NORMAL_BUMP,REF4_NOISY5,ENG_MID_DOWN,True,4.963234634873398,4.96312140853594,0.033524989770274204,0.6923286661763803
S179,validation_consumed,NORMAL_BUMP,REF4_NOISY5,ENG_PAIR_1_NEG_X,True,4.635538665562783,4.596212157477088,0.6025383999276697,0.7595343545332128
S179,validation_consumed,NORMAL_BUMP,REF4_NOISY5,ENG_PAIR_1_POS_X,False,6.657585763119456,6.656681959791184,0.10969721729132054,0.5303884912192116
S179,validation_consumed,NORMAL_BUMP,REF4_NOISY5,ENG_PAIR_2_NEG_X,False,3.017652661412424,3.0175589351176026,0.02378356620448411,1.323811706089142
S179,validation_consumed,NORMAL_BUMP,REF4_NOISY5,ENG_PAIR_2_POS_X,False,3.624950661031519,3.61021911452226,0.3264739500342432,0.32471490142602216
S179,validation_consumed,NORMAL_BUMP,REF4_NOISY5,ENG_PAIR_3_NEG_X,False,4.344250074307487,4.334150066830731,0.2960606463408679,0.5363382665542545
S179,validation_consumed,NORMAL_BUMP,REF4_NOISY5,ENG_PAIR_3_POS_X,True,2.060141783008315,2.060060004014318,0.018356087742403483,0.36750661032811593
S179,validation_consumed,TANGENTIAL_SHIFT,FIXED,ENG_MID_UP,True,4.8206013586265115,4.768988035721408,0.7035272375237623,1.6369169353119166
S179,validation_consumed,TANGENTIAL_SHIFT,FIXED,ENG_MID_DOWN,True,6.696167212047482,6.696161046814701,0.009086628704286712,0.37860481564524173
S179,validation_consumed,TANGENTIAL_SHIFT,FIXED,ENG_PAIR_1_NEG_X,True,3.060011563006268,3.050055700770796,0.2466393884350879,1.5946757921610426
S179,validation_consumed,TANGENTIAL_SHIFT,FIXED,ENG_PAIR_1_POS_X,False,12.356866341825722,12.060833429223793,2.6885763486022194,6.643683051191301
S179,validation_consumed,TANGENTIAL_SHIFT,FIXED,ENG_PAIR_2_NEG_X,False,6.7309361511306856,6.728796044194467,0.1697211425570602,3.9130476297119157
S179,validation_consumed,TANGENTIAL_SHIFT,FIXED,ENG_PAIR_2_POS_X,False,19.66693111061727,19.46798796165778,2.790273111097438,10.425728535306787
S179,validation_consumed,TANGENTIAL_SHIFT,FIXED,ENG_PAIR_3_NEG_X,False,3.479745814961681,3.4697914549626203,0.2630174819507606,1.9005974998457094
S179,validation_consumed,TANGENTIAL_SHIFT,FIXED,ENG_PAIR_3_POS_X,True,12.411683620966619,12.315146514188632,1.54501023978439,7.846956484654606
S179,validation_consumed,TANGENTIAL_SHIFT,REF4_EXACT,ENG_MID_UP,True,0.5944183194474781,0.013206186995862054,0.5942716004654729,1.2732634354142065
S179,validation_consumed,TANGENTIAL_SHIFT,REF4_EXACT,ENG_MID_DOWN,True,0.03062602676728238,8.056809102065734e-05,0.03062592079159427,0.20413152135256013
S179,validation_consumed,TANGENTIAL_SHIFT,REF4_EXACT,ENG_PAIR_1_NEG_X,True,0.16350143214325213,0.004556728073318462,0.16343792259497275,1.5946757921610426
S179,validation_consumed,TANGENTIAL_SHIFT,REF4_EXACT,ENG_PAIR_1_POS_X,False,3.7055889747001958,3.45540731848421,1.338487920298651,6.643683051191301
S179,validation_consumed,TANGENTIAL_SHIFT,REF4_EXACT,ENG_PAIR_2_NEG_X,False,3.907925865676124,3.9078964973639003,0.015150495419169246,3.9130476297119157
S179,validation_consumed,TANGENTIAL_SHIFT,REF4_EXACT,ENG_PAIR_2_POS_X,False,8.083393898049327,8.046638994553755,0.7699725984397182,10.425728535306787
S179,validation_consumed,TANGENTIAL_SHIFT,REF4_EXACT,ENG_PAIR_3_NEG_X,False,0.8320939314389186,0.8199035669245088,0.14191001262047478,2.5560910452048757
S179,validation_consumed,TANGENTIAL_SHIFT,REF4_EXACT,ENG_PAIR_3_POS_X,True,0.1503044380987499,0.02057686784340528,0.14888927638327742,7.846956484654606
S179,validation_consumed,TANGENTIAL_SHIFT,REF4_NOISY5,ENG_MID_UP,True,4.847519656972415,4.828733424538319,0.4263570563276758,3.2067176799275554
S179,validation_consumed,TANGENTIAL_SHIFT,REF4_NOISY5,ENG_MID_DOWN,True,4.958429444765174,4.958409488222894,0.014067900178837599,0.20413152135256013
S179,validation_consumed,TANGENTIAL_SHIFT,REF4_NOISY5,ENG_PAIR_1_NEG_X,True,4.527021848639767,4.526819420271545,0.0428106799082173,1.5946757921610426
S179,validation_consumed,TANGENTIAL_SHIFT,REF4_NOISY5,ENG_PAIR_1_POS_X,False,10.890707723671822,10.874556639184592,0.5929018667632747,6.643683051191301
S179,validation_consumed,TANGENTIAL_SHIFT,REF4_NOISY5,ENG_PAIR_2_NEG_X,False,5.522798937086003,5.522658524805614,0.03938169460777517,3.9130476297119157
S179,validation_consumed,TANGENTIAL_SHIFT,REF4_NOISY5,ENG_PAIR_2_POS_X,False,8.003860376711259,7.989353371985548,0.48167792915148094,3.624825607152655
S179,validation_consumed,TANGENTIAL_SHIFT,REF4_NOISY5,ENG_PAIR_3_NEG_X,False,4.40225948493536,4.392765222466513,0.28896759851594533,1.9005974998457094
S179,validation_consumed,TANGENTIAL_SHIFT,REF4_NOISY5,ENG_PAIR_3_POS_X,True,2.0193688309129647,2.0130391729230577,0.15976158342995714,7.846956484654606
S184,validation_consumed,RIGID_ONLY,FIXED,ENG_MID_UP,True,0.198998652722865,0.10318916694531809,0.17015422301737534,0.5028835327896676
S184,validation_consumed,RIGID_ONLY,FIXED,ENG_MID_DOWN,True,0.16258367446279437,0.16004484700726407,0.02861989077975881,0.0871473390776455
S184,validation_consumed,RIGID_ONLY,FIXED,ENG_PAIR_1_NEG_X,True,0.3890839751803642,0.2099739677989222,0.3275626239193529,0.2512780568629486
S184,validation_consumed,RIGID_ONLY,FIXED,ENG_PAIR_1_POS_X,False,0.3457323242077273,0.13557026085751042,0.3180433058140096,0.32207942436299886
S184,validation_consumed,RIGID_ONLY,FIXED,ENG_PAIR_2_NEG_X,False,0.32121019080435975,0.20215545912931193,0.24961802222754334,0.3253546914441251
S184,validation_consumed,RIGID_ONLY,FIXED,ENG_PAIR_2_POS_X,False,0.13128428036327602,0.06248207368013163,0.11546234338144132,0.1516727491769595
S184,validation_consumed,RIGID_ONLY,FIXED,ENG_PAIR_3_NEG_X,False,0.4004312114051127,0.21210349004190635,0.3396428485621462,0.21024414971647554
S184,validation_consumed,RIGID_ONLY,FIXED,ENG_PAIR_3_POS_X,True,0.2422258630945604,0.12164912079038291,0.20946326685801397,0.08263957387924949
S184,validation_consumed,RIGID_ONLY,REF4_EXACT,ENG_MID_UP,True,0.19269751688481696,0.05576850689122205,0.1844510955584109,16.82270242859964
S184,validation_consumed,RIGID_ONLY,REF4_EXACT,ENG_MID_DOWN,True,0.028470117451396732,4.3012711901712454e-05,0.028470084959531464,0.0871473390776455
S184,validation_consumed,RIGID_ONLY,REF4_EXACT,ENG_PAIR_1_NEG_X,True,0.32753604534830993,0.001436971509995107,0.32753289318065393,0.2512780568629486
S184,validation_consumed,RIGID_ONLY,REF4_EXACT,ENG_PAIR_1_POS_X,False,0.3295359961525075,0.08437504813126197,0.31855113249378453,0.3220794243641305
S184,validation_consumed,RIGID_ONLY,REF4_EXACT,ENG_PAIR_2_NEG_X,False,0.26785790060381554,0.1008511637625934,0.24814692761268292,0.3253546914441251
S184,validation_consumed,RIGID_ONLY,REF4_EXACT,ENG_PAIR_2_POS_X,False,0.11593274116932861,0.008759684753609406,0.11560133389391285,0.1516727491769595
S184,validation_consumed,RIGID_ONLY,REF4_EXACT,ENG_PAIR_3_NEG_X,False,0.3598609724431048,0.11943135765174288,0.3394643873768771,0.21024414971647554
S184,validation_consumed,RIGID_ONLY,REF4_EXACT,ENG_PAIR_3_POS_X,True,0.20962955872036976,0.000302160830459447,0.20962934095238078,0.08263957388365976
S184,validation_consumed,RIGID_ONLY,REF4_NOISY5,ENG_MID_UP,True,2.129529038280409,2.126982133681874,0.10411977659207422,17.43793424352687
S184,validation_consumed,RIGID_ONLY,REF4_NOISY5,ENG_MID_DOWN,True,4.30667378740806,4.305424662265655,0.10371879628278974,1.0243027568923917
S184,validation_consumed,RIGID_ONLY,REF4_NOISY5,ENG_PAIR_1_NEG_X,True,4.737830144027778,4.727877914382477,0.3069281680665252,0.2512780568629486
S184,validation_consumed,RIGID_ONLY,REF4_NOISY5,ENG_PAIR_1_POS_X,False,4.45984868562397,4.446639918657877,0.3429923212844908,0.3220794243641305
S184,validation_consumed,RIGID_ONLY,REF4_NOISY5,ENG_PAIR_2_NEG_X,False,5.5199184434134985,5.518578027066913,0.12163955405521568,8.696742534052136
S184,validation_consumed,RIGID_ONLY,REF4_NOISY5,ENG_PAIR_2_POS_X,False,1.6813137644305336,1.6770245820016065,0.12001885612647911,0.1516727491769595
S184,validation_consumed,RIGID_ONLY,REF4_NOISY5,ENG_PAIR_3_NEG_X,False,6.074586307379541,6.071641720078003,0.18911802878424513,7.78934441301537
S184,validation_consumed,RIGID_ONLY,REF4_NOISY5,ENG_PAIR_3_POS_X,True,2.4060276393758855,2.397008865832414,0.20812856257971643,0.08263957388365976
S184,validation_consumed,NORMAL_BUMP,FIXED,ENG_MID_UP,True,0.9165129844965726,0.9067801007508356,0.13321373665324163,0.30973829734321534
S184,validation_consumed,NORMAL_BUMP,FIXED,ENG_MID_DOWN,True,1.1638162651586512,1.1636635329101828,0.018854209684409925,0.7565746707516527
S184,validation_consumed,NORMAL_BUMP,FIXED,ENG_PAIR_1_NEG_X,True,1.3396537490718217,1.2338249974049558,0.521869756913397,0.3862442231424043
S184,validation_consumed,NORMAL_BUMP,FIXED,ENG_PAIR_1_POS_X,False,0.6528888127831206,0.6365625001233114,0.14509302289949003,0.5539538210863407
S184,validation_consumed,NORMAL_BUMP,FIXED,ENG_PAIR_2_NEG_X,False,1.6987688657225717,1.698666721056889,0.018628739146555186,1.1460459010832322
S184,validation_consumed,NORMAL_BUMP,FIXED,ENG_PAIR_2_POS_X,False,0.5096283687408729,0.4290792553755113,0.2749764841434262,0.18545490019657024
S184,validation_consumed,NORMAL_BUMP,FIXED,ENG_PAIR_3_NEG_X,False,1.4681208138305866,1.4241976336482234,0.35642646410358647,0.4690418387432007
S184,validation_consumed,NORMAL_BUMP,FIXED,ENG_PAIR_3_POS_X,True,1.8037378708572416,1.7989275670963796,0.13164313542800732,0.6843718135337469
S184,validation_consumed,NORMAL_BUMP,REF4_EXACT,ENG_MID_UP,True,0.04000718582532991,0.012000912419693421,0.03816481388343622,17.460847142628857
S184,validation_consumed,NORMAL_BUMP,REF4_EXACT,ENG_MID_DOWN,True,0.008689493847185956,0.00011936750399606467,0.008688673933303767,0.7565746707516527
S184,validation_consumed,NORMAL_BUMP,REF4_EXACT,ENG_PAIR_1_NEG_X,True,0.5146590903224453,0.0034666814416977037,0.514647414616365,0.3862442231424043
S184,validation_consumed,NORMAL_BUMP,REF4_EXACT,ENG_PAIR_1_POS_X,False,2.154225507711989,2.148855716840502,0.15200870461546237,0.5539538210863407
S184,validation_consumed,NORMAL_BUMP,REF4_EXACT,ENG_PAIR_2_NEG_X,False,0.613393966200101,0.6123328211926179,0.036064856314426,1.1460459010832322
S184,validation_consumed,NORMAL_BUMP,REF4_EXACT,ENG_PAIR_2_POS_X,False,1.8665845437422797,1.8462710037668937,0.2746292766388188,0.18545490019657024
S184,validation_consumed,NORMAL_BUMP,REF4_EXACT,ENG_PAIR_3_NEG_X,False,0.6250800231619791,0.5189442053540568,0.34845652108351577,0.46904183874397776
S184,validation_consumed,NORMAL_BUMP,REF4_EXACT,ENG_PAIR_3_POS_X,True,0.13564616212530997,0.0027505161807321846,0.13561827295783338,1.159537802907052
S184,validation_consumed,NORMAL_BUMP,REF4_NOISY5,ENG_MID_UP,True,2.117498648681463,2.117493972066236,0.004450329311082852,17.777954545383846
S184,validation_consumed,NORMAL_BUMP,REF4_NOISY5,ENG_MID_DOWN,True,4.310766930496229,4.310075138488737,0.07722583532196697,0.9721281935780106
S184,validation_consumed,NORMAL_BUMP,REF4_NOISY5,ENG_PAIR_1_NEG_X,True,4.756920489516425,4.731951074471488,0.48675617344755717,0.3862442231424043
S184,validation_consumed,NORMAL_BUMP,REF4_NOISY5,ENG_PAIR_1_POS_X,False,4.305995032218356,4.301989652022869,0.18568320165626204,0.5539538210863407
S184,validation_consumed,NORMAL_BUMP,REF4_NOISY5,ENG_PAIR_2_NEG_X,False,4.9610441948567665,4.956986747315092,0.20060381418250117,8.05147054600154
S184,validation_consumed,NORMAL_BUMP,REF4_NOISY5,ENG_PAIR_2_POS_X,False,1.0250854889346555,0.9881043289993099,0.2728554464129767,0.18545490019657024
S184,validation_consumed,NORMAL_BUMP,REF4_NOISY5,ENG_PAIR_3_NEG_X,False,5.583822370061953,5.579543485960868,0.21855605385330326,1.4693122119434832
S184,validation_consumed,NORMAL_BUMP,REF4_NOISY5,ENG_PAIR_3_POS_X,True,2.378311674193018,2.3760522102270802,0.1036451343662682,0.6843718135337469
S184,validation_consumed,TANGENTIAL_SHIFT,FIXED,ENG_MID_UP,True,4.1499165033039755,4.083137787909708,0.7414801341496028,2.0655525263463113
S184,validation_consumed,TANGENTIAL_SHIFT,FIXED,ENG_MID_DOWN,True,6.264789317847112,6.264683106426729,0.036479762373405576,0.4669706442000687
S184,validation_consumed,TANGENTIAL_SHIFT,FIXED,ENG_PAIR_1_NEG_X,True,2.777178281533649,2.7672098545775223,0.23509323289119854,1.4441150779715606
S184,validation_consumed,TANGENTIAL_SHIFT,FIXED,ENG_PAIR_1_POS_X,False,11.851740086806483,11.537660779149972,2.710373928165673,6.892244677353875
S184,validation_consumed,TANGENTIAL_SHIFT,FIXED,ENG_PAIR_2_NEG_X,False,6.246695625781936,6.243056322883818,0.21319941478242616,3.506356016650862
S184,validation_consumed,TANGENTIAL_SHIFT,FIXED,ENG_PAIR_2_POS_X,False,19.519798254888467,19.294201368805858,2.959107543080678,11.053225499274788
S184,validation_consumed,TANGENTIAL_SHIFT,FIXED,ENG_PAIR_3_NEG_X,False,3.1292514047182105,3.1154195516799406,0.29389687126822345,1.9913983264383497
S184,validation_consumed,TANGENTIAL_SHIFT,FIXED,ENG_PAIR_3_POS_X,True,12.027113323350811,11.946589461952126,1.3894081906685876,7.536119968881526
S184,validation_consumed,TANGENTIAL_SHIFT,REF4_EXACT,ENG_MID_UP,True,0.6277505463378883,0.016549505819431244,0.6275323595518001,1.5103165254688922
S184,validation_consumed,TANGENTIAL_SHIFT,REF4_EXACT,ENG_MID_DOWN,True,0.1069152526518605,0.002413700640769432,0.1068880035309291,1.31465294650727
S184,validation_consumed,TANGENTIAL_SHIFT,REF4_EXACT,ENG_PAIR_1_NEG_X,True,0.16601599728777175,0.004187875179983749,0.16596316777204007,1.4441150779715606
S184,validation_consumed,TANGENTIAL_SHIFT,REF4_EXACT,ENG_PAIR_1_POS_X,False,3.7426647784152838,3.4929944951327117,1.3440718360872315,6.892244677353875
S184,validation_consumed,TANGENTIAL_SHIFT,REF4_EXACT,ENG_PAIR_2_NEG_X,False,3.725248676598212,3.7246379473920137,0.06745267484792707,3.50635601665107
S184,validation_consumed,TANGENTIAL_SHIFT,REF4_EXACT,ENG_PAIR_2_POS_X,False,8.131415260326083,8.082230658495734,0.893007121324098,11.053225499274754
S184,validation_consumed,TANGENTIAL_SHIFT,REF4_EXACT,ENG_PAIR_3_NEG_X,False,0.7514162011745716,0.7349499775296175,0.15644436045073354,3.4464230842593584
S184,validation_consumed,TANGENTIAL_SHIFT,REF4_EXACT,ENG_PAIR_3_POS_X,True,0.182626771750781,0.02401345497046972,0.18104113273091582,7.536119968881526
S184,validation_consumed,TANGENTIAL_SHIFT,REF4_NOISY5,ENG_MID_UP,True,2.6135537537965705,2.5506943622589366,0.5697556443990902,4.562044903961237
S184,validation_consumed,TANGENTIAL_SHIFT,REF4_NOISY5,ENG_MID_DOWN,True,4.2895813901798014,4.284468954095441,0.20936638786873354,1.4540202844217662
S184,validation_consumed,TANGENTIAL_SHIFT,REF4_NOISY5,ENG_PAIR_1_NEG_X,True,4.69590270454236,4.689819558795658,0.23894500720028689,1.4441150779715606
S184,validation_consumed,TANGENTIAL_SHIFT,REF4_NOISY5,ENG_PAIR_1_POS_X,False,7.523389060164763,7.313386876806083,1.7651502317840884,6.892244677353875
S184,validation_consumed,TANGENTIAL_SHIFT,REF4_NOISY5,ENG_PAIR_2_NEG_X,False,7.318457672297046,7.318189322784092,0.06267166099924171,8.588827688873575
S184,validation_consumed,TANGENTIAL_SHIFT,REF4_NOISY5,ENG_PAIR_2_POS_X,False,8.279296525278818,8.232639218867734,0.8777257233639923,11.053225499274754
S184,validation_consumed,TANGENTIAL_SHIFT,REF4_NOISY5,ENG_PAIR_3_NEG_X,False,5.64360624581983,5.634543312573894,0.31970786131314116,5.926916142140213
S184,validation_consumed,TANGENTIAL_SHIFT,REF4_NOISY5,ENG_PAIR_3_POS_X,True,2.0322026843668244,2.0268783636571177,0.14700969113079812,5.3087880039511335
S187,dev,RIGID_ONLY,FIXED,ENG_MID_UP,True,0.0497227273744901,0.04820449464698533,0.01219328968681668,0.6617581787739046
S187,dev,RIGID_ONLY,FIXED,ENG_MID_DOWN,True,0.12309709478390933,0.10821811184156084,0.05866630219884483,0.07439848918149211
S187,dev,RIGID_ONLY,FIXED,ENG_PAIR_1_NEG_X,True,0.4649712111453904,0.21817908078511472,0.4106045736493611,0.3121821326838141
S187,dev,RIGID_ONLY,FIXED,ENG_PAIR_1_POS_X,False,0.4870238426609632,0.2329609491075189,0.4276931370868308,0.38677209761580117
S187,dev,RIGID_ONLY,FIXED,ENG_PAIR_2_NEG_X,False,0.19656193066923805,0.1457810143617137,0.1318502500569801,0.28667097257479834
S187,dev,RIGID_ONLY,FIXED,ENG_PAIR_2_POS_X,False,0.20628022852637273,0.180257895833888,0.10029269001493449,0.24787529943635217
S187,dev,RIGID_ONLY,FIXED,ENG_PAIR_3_NEG_X,False,0.33906273110013624,0.16045766965768063,0.29869193472390565,0.2741642910532338
S187,dev,RIGID_ONLY,FIXED,ENG_PAIR_3_POS_X,True,0.3327719716737381,0.1623119027531384,0.29050306600151893,0.2469962037715857
S187,dev,RIGID_ONLY,REF4_EXACT,ENG_MID_UP,True,0.012538749635687284,0.0001454096476606855,0.012537906462436828,0.6617581787733537
S187,dev,RIGID_ONLY,REF4_EXACT,ENG_MID_DOWN,True,0.058713887551441905,0.00018806581633877835,0.058713586354881185,0.18380530751137938
S187,dev,RIGID_ONLY,REF4_EXACT,ENG_PAIR_1_NEG_X,True,0.4111433808429196,0.0022405509604600943,0.4111372757879534,0.3121821326838141
S187,dev,RIGID_ONLY,REF4_EXACT,ENG_PAIR_1_POS_X,False,0.4360126728075643,0.08102522661764007,0.428417977564383,0.38677209761580117
S187,dev,RIGID_ONLY,REF4_EXACT,ENG_PAIR_2_NEG_X,False,0.17408148068325333,0.11398736323708039,0.13157219667973852,0.28667097257479834
S187,dev,RIGID_ONLY,REF4_EXACT,ENG_PAIR_2_POS_X,False,0.11288434975592218,0.05150540503671543,0.10044933883217579,0.24787529943635217
S187,dev,RIGID_ONLY,REF4_EXACT,ENG_PAIR_3_NEG_X,False,0.33737912636711065,0.15484962796440022,0.2997436698706441,0.2741642910532338
S187,dev,RIGID_ONLY,REF4_EXACT,ENG_PAIR_3_POS_X,True,0.290507192031597,0.0012521537849672724,0.29050449348156726,0.2469962037715857
S187,dev,RIGID_ONLY,REF4_NOISY5,ENG_MID_UP,True,2.026979026104888,2.0268771439572286,0.020322784575597063,1.7822365804509892
S187,dev,RIGID_ONLY,REF4_NOISY5,ENG_MID_DOWN,True,4.580182392086381,4.579904062732703,0.05049278109402352,0.18380530751137938
S187,dev,RIGID_ONLY,REF4_NOISY5,ENG_PAIR_1_NEG_X,True,2.8590088142480417,2.827927609625124,0.42042458856247933,0.3121821326838141
S187,dev,RIGID_ONLY,REF4_NOISY5,ENG_PAIR_1_POS_X,False,2.0795721801537597,2.0343249787127844,0.43144215539825176,0.38677209761580117
S187,dev,RIGID_ONLY,REF4_NOISY5,ENG_PAIR_2_NEG_X,False,5.545691472285051,5.5322544756127,0.3858164367136045,4.517118807438916
S187,dev,RIGID_ONLY,REF4_NOISY5,ENG_PAIR_2_POS_X,False,3.06952452814795,3.066553141809653,0.13502835761143242,4.3622425426830365
S187,dev,RIGID_ONLY,REF4_NOISY5,ENG_PAIR_3_NEG_X,False,7.894051883450254,7.881866948524987,0.4384387578145123,5.038509329775678
S187,dev,RIGID_ONLY,REF4_NOISY5,ENG_PAIR_3_POS_X,True,4.8284540021510045,4.8199407453862735,0.28659947985519596,0.2469962037715857
S187,dev,NORMAL_BUMP,FIXED,ENG_MID_UP,True,0.8992048781433242,0.8712926661808149,0.22230272768519393,0.6668371322999512
S187,dev,NORMAL_BUMP,FIXED,ENG_MID_DOWN,True,1.0680972038317056,1.0654506394637442,0.07514367371513339,0.8444395182619313
S187,dev,NORMAL_BUMP,FIXED,ENG_PAIR_1_NEG_X,True,1.7479144955157802,1.647291445281404,0.5844963455291128,0.6270454547280196
S187,dev,NORMAL_BUMP,FIXED,ENG_PAIR_1_POS_X,False,1.4695426116803594,1.421176298246579,0.3739163233217864,0.8018826391730455
S187,dev,NORMAL_BUMP,FIXED,ENG_PAIR_2_NEG_X,False,1.8098712894251534,1.8098620314786789,0.00578889431033494,1.3132739349358322
S187,dev,NORMAL_BUMP,FIXED,ENG_PAIR_2_POS_X,False,1.3810440742381986,1.2436066307653515,0.6006040983084393,0.3431644712590918
S187,dev,NORMAL_BUMP,FIXED,ENG_PAIR_3_NEG_X,False,1.5210732025384797,1.485360526820202,0.3276702501678766,0.5160454785230126
S187,dev,NORMAL_BUMP,FIXED,ENG_PAIR_3_POS_X,True,1.8424771890893679,1.8409340794455966,0.07539169351096156,0.6280677166839166
S187,dev,NORMAL_BUMP,REF4_EXACT,ENG_MID_UP,True,0.09635151936346117,0.02040882144616259,0.094165255220947,12.227033838385188
S187,dev,NORMAL_BUMP,REF4_EXACT,ENG_MID_DOWN,True,0.06526411136075,0.0009645908259602616,0.06525698273937319,0.8444395182623629
S187,dev,NORMAL_BUMP,REF4_EXACT,ENG_PAIR_1_NEG_X,True,0.5679738474268194,0.00621012331751783,0.5679398962295263,0.6270454547280196
S187,dev,NORMAL_BUMP,REF4_EXACT,ENG_PAIR_1_POS_X,False,2.7896657483421103,2.7633555056162704,0.38223204608377626,0.8018826391730455
S187,dev,NORMAL_BUMP,REF4_EXACT,ENG_PAIR_2_NEG_X,False,0.5757826749505108,0.5751365450262729,0.027269824869394502,1.3132739349349996
S187,dev,NORMAL_BUMP,REF4_EXACT,ENG_PAIR_2_POS_X,False,2.41612108844882,2.3384067886352895,0.607860843377413,0.3431644712590918
S187,dev,NORMAL_BUMP,REF4_EXACT,ENG_PAIR_3_NEG_X,False,0.7621863527882392,0.6926698075538873,0.3180197699513336,0.5160454785230126
S187,dev,NORMAL_BUMP,REF4_EXACT,ENG_PAIR_3_POS_X,True,0.03530246125646393,0.0012060118754846983,0.035281855196691775,1.9685866754357442
S187,dev,NORMAL_BUMP,REF4_NOISY5,ENG_MID_UP,True,2.00978805672736,1.9966279065806656,0.2296193276430565,0.6668371322999512
S187,dev,NORMAL_BUMP,REF4_NOISY5,ENG_MID_DOWN,True,4.570600780753104,4.56976681611901,0.08730832330546869,0.5959182640544062
S187,dev,NORMAL_BUMP,REF4_NOISY5,ENG_PAIR_1_NEG_X,True,2.9161995005922576,2.854039222532296,0.5988986921857322,0.6270454547280196
S187,dev,NORMAL_BUMP,REF4_NOISY5,ENG_PAIR_1_POS_X,False,0.7888617115238565,0.698906650900362,0.365830962652955,0.8018826391730455
S187,dev,NORMAL_BUMP,REF4_NOISY5,ENG_PAIR_2_NEG_X,False,6.189357355818467,6.183324779974877,0.27320165331271906,5.383353852317401
S187,dev,NORMAL_BUMP,REF4_NOISY5,ENG_PAIR_2_POS_X,False,2.8306419284116426,2.766353369097029,0.5998522852898865,0.3431644712590918
S187,dev,NORMAL_BUMP,REF4_NOISY5,ENG_PAIR_3_NEG_X,False,8.634408713532363,8.62473980755067,0.4085059171841034,5.550779233442117
S187,dev,NORMAL_BUMP,REF4_NOISY5,ENG_PAIR_3_POS_X,True,4.832678490120908,4.831511758945725,0.106186214013336,0.6280677166839166
S187,dev,TANGENTIAL_SHIFT,FIXED,ENG_MID_UP,True,5.312776622805978,5.2750822466997755,0.6317457830381883,1.295075246593177
S187,dev,TANGENTIAL_SHIFT,FIXED,ENG_MID_DOWN,True,6.9446782033107315,6.94455693736349,0.04104011763868677,0.3775391750360586
S187,dev,TANGENTIAL_SHIFT,FIXED,ENG_PAIR_1_NEG_X,True,3.4368388142525195,3.428532157541937,0.23880594601787508,1.836850365659217
S187,dev,TANGENTIAL_SHIFT,FIXED,ENG_PAIR_1_POS_X,False,12.12085715678235,11.872285478420793,2.442133439024313,6.619021073685681
S187,dev,TANGENTIAL_SHIFT,FIXED,ENG_PAIR_2_NEG_X,False,7.517825052478903,7.516352166069303,0.1488073765131639,4.568959886594089
S187,dev,TANGENTIAL_SHIFT,FIXED,ENG_PAIR_2_POS_X,False,19.759647281375777,19.578545318908322,2.6691241784214843,10.810744624346333
S187,dev,TANGENTIAL_SHIFT,FIXED,ENG_PAIR_3_NEG_X,False,3.844106884092358,3.8349059557928062,0.2658082890940686,2.0458131274509856
S187,dev,TANGENTIAL_SHIFT,FIXED,ENG_PAIR_3_POS_X,True,12.543454914118717,12.436204324294737,1.6367905140615564,7.809083613465453
S187,dev,TANGENTIAL_SHIFT,REF4_EXACT,ENG_MID_UP,True,0.5523119219820802,0.01292512280049378,0.5521606653539635,1.3418980389851116
S187,dev,TANGENTIAL_SHIFT,REF4_EXACT,ENG_MID_DOWN,True,0.03593725206937457,0.00019985659669156396,0.03593669633728908,0.31681889847024913
S187,dev,TANGENTIAL_SHIFT,REF4_EXACT,ENG_PAIR_1_NEG_X,True,0.13395407647589128,0.004301759843263242,0.13388498596466974,1.836850365659217
S187,dev,TANGENTIAL_SHIFT,REF4_EXACT,ENG_PAIR_1_POS_X,False,4.087057884545059,3.9168387556640076,1.1672259051916056,6.619021073685681
S187,dev,TANGENTIAL_SHIFT,REF4_EXACT,ENG_PAIR_2_NEG_X,False,4.269315699374656,4.268055430077854,0.10372746362395918,4.568959886594089
S187,dev,TANGENTIAL_SHIFT,REF4_EXACT,ENG_PAIR_2_POS_X,False,8.586850486972686,8.568395384822729,0.5626738086774805,10.8107446243464
S187,dev,TANGENTIAL_SHIFT,REF4_EXACT,ENG_PAIR_3_NEG_X,False,1.105916672808811,1.0956121686878617,0.15061760527770662,1.773474687988462
S187,dev,TANGENTIAL_SHIFT,REF4_EXACT,ENG_PAIR_3_POS_X,True,0.06195659597380245,0.0034504634459658246,0.06186044040151222,3.149279808899811
S187,dev,TANGENTIAL_SHIFT,REF4_NOISY5,ENG_MID_UP,True,2.008535292770571,1.9386504108622318,0.5252129156529413,1.3418980389851116
S187,dev,TANGENTIAL_SHIFT,REF4_NOISY5,ENG_MID_DOWN,True,4.565805488678226,4.565415148480368,0.05970161195644461,0.31681889847024913
S187,dev,TANGENTIAL_SHIFT,REF4_NOISY5,ENG_PAIR_1_NEG_X,True,2.6856234613032934,2.685191904751266,0.04814364507336891,1.836850365659217
S187,dev,TANGENTIAL_SHIFT,REF4_NOISY5,ENG_PAIR_1_POS_X,False,5.866309206775916,5.781100971042678,0.9962204937227954,6.619021073685681
S187,dev,TANGENTIAL_SHIFT,REF4_NOISY5,ENG_PAIR_2_NEG_X,False,2.927436136822243,2.924706686413527,0.12638486309977298,8.768184074378754
S187,dev,TANGENTIAL_SHIFT,REF4_NOISY5,ENG_PAIR_2_POS_X,False,10.950869303813134,10.9151548677033,0.8837039794239304,10.8107446243464
S187,dev,TANGENTIAL_SHIFT,REF4_NOISY5,ENG_PAIR_3_NEG_X,False,9.480822787131588,9.459523121728683,0.6351559103669286,4.448516708610688
S187,dev,TANGENTIAL_SHIFT,REF4_NOISY5,ENG_PAIR_3_POS_X,True,4.82337601576224,4.823279842632193,0.03045897385663067,7.809083613465453
S188,validation_consumed,RIGID_ONLY,FIXED,ENG_MID_UP,True,0.05329504024473603,0.03797586244125687,0.03739244825537329,0.481959191053681
S188,validation_consumed,RIGID_ONLY,FIXED,ENG_MID_DOWN,True,0.16133985288408828,0.1572266870319133,0.03619830125334638,0.11458061786652897
S188,validation_consumed,RIGID_ONLY,FIXED,ENG_PAIR_1_NEG_X,True,0.45049241055082595,0.16987995648873194,0.4172340019069401,0.34687792647028354
S188,validation_consumed,RIGID_ONLY,FIXED,ENG_PAIR_1_POS_X,False,0.4414823208992348,0.13844738040586513,0.4192123119915834,0.3692366231601063
S188,validation_consumed,RIGID_ONLY,FIXED,ENG_PAIR_2_NEG_X,False,0.19437874773872696,0.14714909775552737,0.1270048841667512,0.2882703221769415
S188,validation_consumed,RIGID_ONLY,FIXED,ENG_PAIR_2_POS_X,False,0.15994851645567817,0.10874993662550857,0.11729014963039402,0.318845718849707
S188,validation_consumed,RIGID_ONLY,FIXED,ENG_PAIR_3_NEG_X,False,0.4025278916402733,0.2027735310292695,0.34772345141259237,0.349018547596501
S188,validation_consumed,RIGID_ONLY,FIXED,ENG_PAIR_3_POS_X,True,0.34345023556288184,0.18882308122797747,0.2868865774200174,0.15823109277440053
S188,validation_consumed,RIGID_ONLY,REF4_EXACT,ENG_MID_UP,True,0.043707331670859745,0.00953309702362924,0.04265502201294251,12.597818750064656
S188,validation_consumed,RIGID_ONLY,REF4_EXACT,ENG_MID_DOWN,True,0.03646014120799483,7.265940719592605e-05,0.036460068808457674,0.11458061786652897
S188,validation_consumed,RIGID_ONLY,REF4_EXACT,ENG_PAIR_1_NEG_X,True,0.4170586424242194,0.0025249089295462895,0.41705099934615963,0.34687792647028354
S188,validation_consumed,RIGID_ONLY,REF4_EXACT,ENG_PAIR_1_POS_X,False,0.4235009954369654,0.05693138471099695,0.4196568962509601,0.3692366231601063
S188,validation_consumed,RIGID_ONLY,REF4_EXACT,ENG_PAIR_2_NEG_X,False,0.15762515916380693,0.09424944845998648,0.12634370687297333,0.2882703221769415
S188,validation_consumed,RIGID_ONLY,REF4_EXACT,ENG_PAIR_2_POS_X,False,0.1252204447025331,0.044482911038759676,0.11705310930094058,0.318845718849707
S188,validation_consumed,RIGID_ONLY,REF4_EXACT,ENG_PAIR_3_NEG_X,False,0.36762278403554083,0.11720409143907241,0.3484389649450581,0.349018547596501
S188,validation_consumed,RIGID_ONLY,REF4_EXACT,ENG_PAIR_3_POS_X,True,0.2870268835740776,0.0007923353192075468,0.28702578995447253,0.15823109277440053
S188,validation_consumed,RIGID_ONLY,REF4_NOISY5,ENG_MID_UP,True,4.660578907171392,4.660551594584239,0.015955694569844626,13.456847248510858
S188,validation_consumed,RIGID_ONLY,REF4_NOISY5,ENG_MID_DOWN,True,4.996404256422049,4.996403594317989,0.002572212791765059,0.5351351396940751
S188,validation_consumed,RIGID_ONLY,REF4_NOISY5,ENG_PAIR_1_NEG_X,True,3.7565045613004813,3.7318076217207623,0.43004464133174647,0.34687792647028354
S188,validation_consumed,RIGID_ONLY,REF4_NOISY5,ENG_PAIR_1_POS_X,False,1.0056404725036554,0.9161977067165848,0.4146016427182191,0.3692366231601063
S188,validation_consumed,RIGID_ONLY,REF4_NOISY5,ENG_PAIR_2_NEG_X,False,5.22211466709709,5.217254481812399,0.2252493469890233,4.836773415392043
S188,validation_consumed,RIGID_ONLY,REF4_NOISY5,ENG_PAIR_2_POS_X,False,4.909237543836591,4.90841994993229,0.08959272806103376,0.318845718849707
S188,validation_consumed,RIGID_ONLY,REF4_NOISY5,ENG_PAIR_3_NEG_X,False,5.814881683898738,5.776523563557048,0.6668017077146732,13.868904657725638
S188,validation_consumed,RIGID_ONLY,REF4_NOISY5,ENG_PAIR_3_POS_X,True,4.996252186763165,4.988413881241963,0.2797550056177762,0.15823109277440053
S188,validation_consumed,NORMAL_BUMP,FIXED,ENG_MID_UP,True,1.1027559187666123,1.0634081621877294,0.2919481066342291,0.2557417399075668
S188,validation_consumed,NORMAL_BUMP,FIXED,ENG_MID_DOWN,True,1.181430869961064,1.1806034526551397,0.04420846158509595,0.6855603780896826
S188,validation_consumed,NORMAL_BUMP,FIXED,ENG_PAIR_1_NEG_X,True,1.8015920787634463,1.6871402033796725,0.6318955233289701,0.7392299456710417
S188,validation_consumed,NORMAL_BUMP,FIXED,ENG_PAIR_1_POS_X,False,0.996837071088498,0.9823674934189334,0.16922840828329222,0.6920192920109065
S188,validation_consumed,NORMAL_BUMP,FIXED,ENG_PAIR_2_NEG_X,False,1.8800776119505853,1.8792807244478082,0.05473377089819603,1.2140752278530638
S188,validation_consumed,NORMAL_BUMP,FIXED,ENG_PAIR_2_POS_X,False,0.8486993565454916,0.7327152060840437,0.4282744734092248,0.27354876962041397
S188,validation_consumed,NORMAL_BUMP,FIXED,ENG_PAIR_3_NEG_X,False,1.5280130565887298,1.4655660884403467,0.43236551842080917,0.7634700941487333
S188,validation_consumed,NORMAL_BUMP,FIXED,ENG_PAIR_3_POS_X,True,1.7397796087246276,1.739639719174335,0.022062058042238816,0.47335917648948994
S188,validation_consumed,NORMAL_BUMP,REF4_EXACT,ENG_MID_UP,True,0.0955523810184942,0.021904609350464135,0.09300777175863881,13.25087722549482
S188,validation_consumed,NORMAL_BUMP,REF4_EXACT,ENG_MID_DOWN,True,0.03265887226873261,0.00039443788170591984,0.032656490267982986,0.6855603780896826
S188,validation_consumed,NORMAL_BUMP,REF4_EXACT,ENG_PAIR_1_NEG_X,True,0.6110510560150444,0.007878656282679468,0.6110002617284876,0.7392299456710417
S188,validation_consumed,NORMAL_BUMP,REF4_EXACT,ENG_PAIR_1_POS_X,False,2.373371233853493,2.3665651154194847,0.17961227174893477,0.6920192920109065
S188,validation_consumed,NORMAL_BUMP,REF4_EXACT,ENG_PAIR_2_NEG_X,False,0.46761190945738984,0.466765437936078,0.0281233677700143,1.2140752278530638
S188,validation_consumed,NORMAL_BUMP,REF4_EXACT,ENG_PAIR_2_POS_X,False,2.066381701752591,2.020147208785885,0.4346706709366629,0.2735487696164169
S188,validation_consumed,NORMAL_BUMP,REF4_EXACT,ENG_PAIR_3_NEG_X,False,0.61398617339373,0.4509898109320486,0.4166379862112317,0.7634700941487333
S188,validation_consumed,NORMAL_BUMP,REF4_EXACT,ENG_PAIR_3_POS_X,True,0.008199255197330097,0.00023815408048441725,0.00819579577740278,1.6277949459040792
S188,validation_consumed,NORMAL_BUMP,REF4_NOISY5,ENG_MID_UP,True,4.656509278917497,4.655237127192036,0.10883912098867969,13.727572109283333
S188,validation_consumed,NORMAL_BUMP,REF4_NOISY5,ENG_MID_DOWN,True,4.995752888016476,4.995672273984649,0.028380434563351827,0.8703822672994741
S188,validation_consumed,NORMAL_BUMP,REF4_NOISY5,ENG_PAIR_1_NEG_X,True,3.755359460257754,3.6978119263663505,0.6549134545649448,0.7392299456710417
S188,validation_consumed,NORMAL_BUMP,REF4_NOISY5,ENG_PAIR_1_POS_X,False,3.0754045747929437,3.0703428008380076,0.17637568993369035,0.6920192920109065
S188,validation_consumed,NORMAL_BUMP,REF4_NOISY5,ENG_PAIR_2_NEG_X,False,5.511527057249758,5.510279501547141,0.11726174834777829,1.2140752278530638
S188,validation_consumed,NORMAL_BUMP,REF4_NOISY5,ENG_PAIR_2_POS_X,False,6.169442060554121,6.134963434021262,0.6513363200039665,12.298943782361446
S188,validation_consumed,NORMAL_BUMP,REF4_NOISY5,ENG_PAIR_3_NEG_X,False,5.989238878197347,5.958514429083536,0.6058779897916067,10.099623544359815
S188,validation_consumed,NORMAL_BUMP,REF4_NOISY5,ENG_PAIR_3_POS_X,True,4.990000394433615,4.989903239930191,0.031138281612891207,1.6277949459040792
S188,validation_consumed,TANGENTIAL_SHIFT,FIXED,ENG_MID_UP,True,4.6887713550054855,4.643381064278702,0.6508372388070329,1.3903894488792148
S188,validation_consumed,TANGENTIAL_SHIFT,FIXED,ENG_MID_DOWN,True,6.138930987765867,6.138874410691433,0.02635606780074373,0.5089554552039985
S188,validation_consumed,TANGENTIAL_SHIFT,FIXED,ENG_PAIR_1_NEG_X,True,2.91150823489635,2.8979173290081346,0.28098995730029636,1.4964164608093666
S188,validation_consumed,TANGENTIAL_SHIFT,FIXED,ENG_PAIR_1_POS_X,False,11.87606535212452,11.582691938015747,2.623390119093513,6.65731909711733
S188,validation_consumed,TANGENTIAL_SHIFT,FIXED,ENG_PAIR_2_NEG_X,False,6.6198864349636,6.618739522497899,0.12322152871707812,3.66095613767131
S188,validation_consumed,TANGENTIAL_SHIFT,FIXED,ENG_PAIR_2_POS_X,False,19.64411888233522,19.430308249396383,2.8904200381187066,10.641898948875449
S188,validation_consumed,TANGENTIAL_SHIFT,FIXED,ENG_PAIR_3_NEG_X,False,3.1626954452019085,3.1543357694124725,0.22980063730530034,1.5255698753569173
S188,validation_consumed,TANGENTIAL_SHIFT,FIXED,ENG_PAIR_3_POS_X,True,12.039907020462785,11.90105937446123,1.8232242941935342,7.875766870427164
S188,validation_consumed,TANGENTIAL_SHIFT,REF4_EXACT,ENG_MID_UP,True,0.5477435996620361,0.011980194231084795,0.5476125691735996,1.2534132056803517
S188,validation_consumed,TANGENTIAL_SHIFT,REF4_EXACT,ENG_MID_DOWN,True,0.018166989184814585,7.111580594433494e-05,0.01816684999066473,0.12922446539257104
S188,validation_consumed,TANGENTIAL_SHIFT,REF4_EXACT,ENG_PAIR_1_NEG_X,True,0.2074065992855159,0.005423035810941774,0.20733568942605085,1.4964164608093666
S188,validation_consumed,TANGENTIAL_SHIFT,REF4_EXACT,ENG_PAIR_1_POS_X,False,3.764518204175493,3.5176051470169556,1.3409143668588621,6.65731909711733
S188,validation_consumed,TANGENTIAL_SHIFT,REF4_EXACT,ENG_PAIR_2_NEG_X,False,4.0514842501869985,4.051346162707513,0.0334499540868673,3.66095613767131
S188,validation_consumed,TANGENTIAL_SHIFT,REF4_EXACT,ENG_PAIR_2_POS_X,False,8.221027460920642,8.180635349986396,0.813939668381035,10.641898948875449
S188,validation_consumed,TANGENTIAL_SHIFT,REF4_EXACT,ENG_PAIR_3_NEG_X,False,0.8108033796257244,0.795439387329183,0.1570932891560635,1.3164814043435045
S188,validation_consumed,TANGENTIAL_SHIFT,REF4_EXACT,ENG_PAIR_3_POS_X,True,0.18306196079331044,0.025028429125687257,0.18134293265796705,7.875766870427164
S188,validation_consumed,TANGENTIAL_SHIFT,REF4_NOISY5,ENG_MID_UP,True,4.779084978061652,4.767127005811833,0.33786585798810964,3.71211662702631
S188,validation_consumed,TANGENTIAL_SHIFT,REF4_NOISY5,ENG_MID_DOWN,True,4.995403715537065,4.995398948434907,0.0069012445925971735,0.12922446539257104
S188,validation_consumed,TANGENTIAL_SHIFT,REF4_NOISY5,ENG_PAIR_1_NEG_X,True,3.832916246241911,3.8313183285438126,0.11066533363898105,1.4964164608093666
S188,validation_consumed,TANGENTIAL_SHIFT,REF4_NOISY5,ENG_PAIR_1_POS_X,False,3.153751046261654,2.8799748511745924,1.2852589304876907,6.65731909711733
S188,validation_consumed,TANGENTIAL_SHIFT,REF4_NOISY5,ENG_PAIR_2_NEG_X,False,1.4671425077567886,1.4648297680287663,0.0823461520878091,9.395187356698804
S188,validation_consumed,TANGENTIAL_SHIFT,REF4_NOISY5,ENG_PAIR_2_POS_X,False,3.9180720248366874,3.9138865633461997,0.18105347570795635,3.215400732691716
S188,validation_consumed,TANGENTIAL_SHIFT,REF4_NOISY5,ENG_PAIR_3_NEG_X,False,6.456600226408311,6.355450411712729,1.1383920888324623,14.117321891702712
S188,validation_consumed,TANGENTIAL_SHIFT,REF4_NOISY5,ENG_PAIR_3_POS_X,True,4.998068821311052,4.992406128780461,0.23785076808146255,3.6169922691572634
S196,validation_consumed,RIGID_ONLY,FIXED,ENG_MID_UP,True,0.11141896350644609,0.08198241387089097,0.07545243034357946,0.6341092167120317
S196,validation_consumed,RIGID_ONLY,FIXED,ENG_MID_DOWN,True,0.04952225548283557,0.04504235665257128,0.02058251430923359,0.06517366561005272
S196,validation_consumed,RIGID_ONLY,FIXED,ENG_PAIR_1_NEG_X,True,0.3844464236537976,0.23832315407369098,0.30166393038042016,0.45972658704725927
S196,validation_consumed,RIGID_ONLY,FIXED,ENG_PAIR_1_POS_X,False,0.354695687981397,0.16805839889748247,0.3123546151933908,0.5215440065614623
S196,validation_consumed,RIGID_ONLY,FIXED,ENG_PAIR_2_NEG_X,False,0.20039215533271684,0.1814083875140309,0.08513526213297827,0.2469136399437899
S196,validation_consumed,RIGID_ONLY,FIXED,ENG_PAIR_2_POS_X,False,0.17776956931666127,0.11609407744321171,0.13462609315300206,0.5441868585403612
S196,validation_consumed,RIGID_ONLY,FIXED,ENG_PAIR_3_NEG_X,False,0.32949478484225403,0.08003273447199315,0.31962724328689307,0.3016427537528877
S196,validation_consumed,RIGID_ONLY,FIXED,ENG_PAIR_3_POS_X,True,0.37731462013108413,0.09401472261518953,0.3654142231718045,0.3975371392527224
S196,validation_consumed,RIGID_ONLY,REF4_EXACT,ENG_MID_UP,True,0.09664285148584574,0.03138044799298686,0.09140628111390749,18.948356135330357
S196,validation_consumed,RIGID_ONLY,REF4_EXACT,ENG_MID_DOWN,True,0.020532225065504322,2.4052153883306725e-05,0.02053221097773977,0.06517366561005272
S196,validation_consumed,RIGID_ONLY,REF4_EXACT,ENG_PAIR_1_NEG_X,True,0.30141416656350073,0.002418509000527139,0.3014044635027559,0.45972658704725927
S196,validation_consumed,RIGID_ONLY,REF4_EXACT,ENG_PAIR_1_POS_X,False,0.32002896950349813,0.062201198768143284,0.3139260298116053,0.5215440065607634
S196,validation_consumed,RIGID_ONLY,REF4_EXACT,ENG_PAIR_2_NEG_X,False,0.10193060582499051,0.05682835802318533,0.08461906480361418,0.2469136399437899
S196,validation_consumed,RIGID_ONLY,REF4_EXACT,ENG_PAIR_2_POS_X,False,0.16389681572901552,0.09288914668916369,0.13503248732608722,0.5441868585403612
S196,validation_consumed,RIGID_ONLY,REF4_EXACT,ENG_PAIR_3_NEG_X,False,0.32564849120107975,0.06367641906077921,0.3193622605711824,0.3016427537528877
S196,validation_consumed,RIGID_ONLY,REF4_EXACT,ENG_PAIR_3_POS_X,True,0.3656510238856094,0.0025368833915887516,0.36564222334305435,0.3975371392527224
S196,validation_consumed,RIGID_ONLY,REF4_NOISY5,ENG_MID_UP,True,4.969375749848847,4.788977405344174,1.326797179032567,18.948356135330357
S196,validation_consumed,RIGID_ONLY,REF4_NOISY5,ENG_MID_DOWN,True,4.956721474699508,4.956710562695679,0.010400740759556541,0.3762912708863536
S196,validation_consumed,RIGID_ONLY,REF4_NOISY5,ENG_PAIR_1_NEG_X,True,4.974578023064426,4.9639457516359835,0.3250678119572026,0.45972658704725927
S196,validation_consumed,RIGID_ONLY,REF4_NOISY5,ENG_PAIR_1_POS_X,False,10.563301693909283,10.553910528190864,0.4453259923794654,7.176317181528563
S196,validation_consumed,RIGID_ONLY,REF4_NOISY5,ENG_PAIR_2_NEG_X,False,9.87572698677726,9.85844712669055,0.5839552787735435,3.9173014915296704
S196,validation_consumed,RIGID_ONLY,REF4_NOISY5,ENG_PAIR_2_POS_X,False,6.7677543370620095,6.766170370121385,0.1464147851587211,0.5441868585403612
S196,validation_consumed,RIGID_ONLY,REF4_NOISY5,ENG_PAIR_3_NEG_X,False,10.2530034175032,10.230751059097189,0.6751383903423093,3.4230570038358583
S196,validation_consumed,RIGID_ONLY,REF4_NOISY5,ENG_PAIR_3_POS_X,True,4.572435863647867,4.530430194375492,0.618362338005842,10.707776657328166
S196,validation_consumed,NORMAL_BUMP,FIXED,ENG_MID_UP,True,0.8184084298826398,0.7899612342537234,0.21390092678457925,0.15872886466456593
S196,validation_consumed,NORMAL_BUMP,FIXED,ENG_MID_DOWN,True,0.5662130907622445,0.5653625880655652,0.03102270404622913,0.6491198553049221
S196,validation_consumed,NORMAL_BUMP,FIXED,ENG_PAIR_1_NEG_X,True,1.5971189265107495,1.5280969341165735,0.4644444265597086,0.6363215850009889
S196,validation_consumed,NORMAL_BUMP,FIXED,ENG_PAIR_1_POS_X,False,1.5201269683743521,1.519889749211577,0.026854240271657493,0.7030790737039573
S196,validation_consumed,NORMAL_BUMP,FIXED,ENG_PAIR_2_NEG_X,False,2.0048417444030115,2.0045214138471605,0.03583743195446562,1.5485265478849588
S196,validation_consumed,NORMAL_BUMP,FIXED,ENG_PAIR_2_POS_X,False,1.5727467110141167,1.4975776406825922,0.48040964512932227,0.5710944416566961
S196,validation_consumed,NORMAL_BUMP,FIXED,ENG_PAIR_3_NEG_X,False,1.1195589748618429,1.030735003190684,0.43703278068264106,0.5979218921861765
S196,validation_consumed,NORMAL_BUMP,FIXED,ENG_PAIR_3_POS_X,True,1.0209257482213794,1.0209173214375433,0.004148032084678002,0.5474082789945216
S196,validation_consumed,NORMAL_BUMP,REF4_EXACT,ENG_MID_UP,True,0.011300511063967844,0.0037646014904770325,0.010655014121283826,19.47149993930148
S196,validation_consumed,NORMAL_BUMP,REF4_EXACT,ENG_MID_DOWN,True,0.024847786966583213,0.0002819055265666841,0.02484618776413786,0.6491198553049221
S196,validation_consumed,NORMAL_BUMP,REF4_EXACT,ENG_PAIR_1_NEG_X,True,0.45161540642342457,0.005011442438342856,0.4515876003210032,0.6363215850009889
S196,validation_consumed,NORMAL_BUMP,REF4_EXACT,ENG_PAIR_1_POS_X,False,2.2591339230655043,2.2588675069154664,0.034693926656444316,0.7030790737039573
S196,validation_consumed,NORMAL_BUMP,REF4_EXACT,ENG_PAIR_2_NEG_X,False,1.0175619903031103,1.016829298371631,0.03860805722493362,1.5485265478849588
S196,validation_consumed,NORMAL_BUMP,REF4_EXACT,ENG_PAIR_2_POS_X,False,2.127637598175843,2.071184397184137,0.48686439799235054,0.5710944416566961
S196,validation_consumed,NORMAL_BUMP,REF4_EXACT,ENG_PAIR_3_NEG_X,False,1.037990384324182,0.9453344892732845,0.4286802320376825,0.5979218921861765
S196,validation_consumed,NORMAL_BUMP,REF4_EXACT,ENG_PAIR_3_POS_X,True,0.012166181142969539,0.0008671961669290867,0.01213523524335689,4.073610603525485
S196,validation_consumed,NORMAL_BUMP,REF4_NOISY5,ENG_MID_UP,True,4.972225650306482,4.804555827565364,1.2803402740574152,19.47149993930148
S196,validation_consumed,NORMAL_BUMP,REF4_NOISY5,ENG_MID_DOWN,True,4.954517432626564,4.954500218496317,0.013060441051905028,0.6152255045483317
S196,validation_consumed,NORMAL_BUMP,REF4_NOISY5,ENG_PAIR_1_NEG_X,True,4.983130478003454,4.962590452606461,0.45197938062053467,0.6363215850009889
S196,validation_consumed,NORMAL_BUMP,REF4_NOISY5,ENG_PAIR_1_POS_X,False,12.097282076925548,12.096917070990342,0.09397354035342326,7.5110031430225455
S196,validation_consumed,NORMAL_BUMP,REF4_NOISY5,ENG_PAIR_2_NEG_X,False,11.097998746298419,11.076883084105349,0.6842786814610073,5.12609768341973
S196,validation_consumed,NORMAL_BUMP,REF4_NOISY5,ENG_PAIR_2_POS_X,False,9.427307350079712,9.387744543795847,0.8627724226574762,15.32509251429375
S196,validation_consumed,NORMAL_BUMP,REF4_NOISY5,ENG_PAIR_3_NEG_X,False,11.06818741279263,11.033530638276822,0.8751995537635446,4.14380991414035
S196,validation_consumed,NORMAL_BUMP,REF4_NOISY5,ENG_PAIR_3_POS_X,True,4.594512899766308,4.577063983195642,0.40004259754712,10.578137599767606
S196,validation_consumed,TANGENTIAL_SHIFT,FIXED,ENG_MID_UP,True,4.739692535990623,4.605672431530283,1.11913662667574,3.0825232730786527
S196,validation_consumed,TANGENTIAL_SHIFT,FIXED,ENG_MID_DOWN,True,6.411476639193104,6.411399841154964,0.031381073228894954,0.5857108166013661
S196,validation_consumed,TANGENTIAL_SHIFT,FIXED,ENG_PAIR_1_NEG_X,True,4.137222075230077,4.136166147783191,0.0934670942279977,1.8017459867798926
S196,validation_consumed,TANGENTIAL_SHIFT,FIXED,ENG_PAIR_1_POS_X,False,11.838681086012967,11.635280453682926,2.1850900714765022,6.57245931841334
S196,validation_consumed,TANGENTIAL_SHIFT,FIXED,ENG_PAIR_2_NEG_X,False,7.997393441685501,7.994524011244662,0.2142141329297088,5.659746887408964
S196,validation_consumed,TANGENTIAL_SHIFT,FIXED,ENG_PAIR_2_POS_X,False,19.611538708752704,19.40212683338513,2.8583080425563727,11.789332147112026
S196,validation_consumed,TANGENTIAL_SHIFT,FIXED,ENG_PAIR_3_NEG_X,False,3.63625869883871,3.6324943434032697,0.16541514448028724,2.147690035509207
S196,validation_consumed,TANGENTIAL_SHIFT,FIXED,ENG_PAIR_3_POS_X,True,12.081077888888158,11.939166265906916,1.8462805400081324,8.928752922557733
S196,validation_consumed,TANGENTIAL_SHIFT,REF4_EXACT,ENG_MID_UP,True,0.9740841329653754,0.03593746169441274,0.9734209762183419,2.1140603474618067
S196,validation_consumed,TANGENTIAL_SHIFT,REF4_EXACT,ENG_MID_DOWN,True,0.04072407150720015,3.793782686728873e-05,0.040724053836091074,0.09748336267066145
S196,validation_consumed,TANGENTIAL_SHIFT,REF4_EXACT,ENG_PAIR_1_NEG_X,True,0.02708025544648878,0.0008515599729397395,0.027066863147760068,1.8017459867798926
S196,validation_consumed,TANGENTIAL_SHIFT,REF4_EXACT,ENG_PAIR_1_POS_X,False,3.23323098840696,3.1011039296019636,0.9148426324796554,6.57245931841334
S196,validation_consumed,TANGENTIAL_SHIFT,REF4_EXACT,ENG_PAIR_2_NEG_X,False,4.1046150919941,4.103409976886756,0.09945659863465134,2.913501509983872
S196,validation_consumed,TANGENTIAL_SHIFT,REF4_EXACT,ENG_PAIR_2_POS_X,False,7.916683953580392,7.904986118782999,0.430208417776066,11.789332147112088
S196,validation_consumed,TANGENTIAL_SHIFT,REF4_EXACT,ENG_PAIR_3_NEG_X,False,1.106888915701837,1.0829925771631106,0.22875784033163155,8.93813901770907
S196,validation_consumed,TANGENTIAL_SHIFT,REF4_EXACT,ENG_PAIR_3_POS_X,True,0.13499011492255716,0.005171927744753756,0.13489100151681074,2.172380419773928
S196,validation_consumed,TANGENTIAL_SHIFT,REF4_NOISY5,ENG_MID_UP,True,4.827724679960853,4.707280892174396,1.0716492838951284,3.0825232730786527
S196,validation_consumed,TANGENTIAL_SHIFT,REF4_NOISY5,ENG_MID_DOWN,True,4.956552261654823,4.956521136181963,0.017565565661526013,0.993711852955345
S196,validation_consumed,TANGENTIAL_SHIFT,REF4_NOISY5,ENG_PAIR_1_NEG_X,True,5.0011979740900365,4.995564569779506,0.2373095135176571,8.921726457977245
S196,validation_consumed,TANGENTIAL_SHIFT,REF4_NOISY5,ENG_PAIR_1_POS_X,False,9.732415617580552,9.53898359470435,1.9307267370829895,6.57245931841334
S196,validation_consumed,TANGENTIAL_SHIFT,REF4_NOISY5,ENG_PAIR_2_NEG_X,False,8.03072383457048,8.019101106328018,0.43190595460950604,8.761978268318753
S196,validation_consumed,TANGENTIAL_SHIFT,REF4_NOISY5,ENG_PAIR_2_POS_X,False,12.753536657532317,12.68021919578598,1.3655542544481176,11.789332147112088
S196,validation_consumed,TANGENTIAL_SHIFT,REF4_NOISY5,ENG_PAIR_3_NEG_X,False,11.528800619757822,11.518536468724383,0.48637572800746753,15.717449503290865
S196,validation_consumed,TANGENTIAL_SHIFT,REF4_NOISY5,ENG_PAIR_3_POS_X,True,4.485843920184022,4.4440405193041785,0.6109824375827957,8.928752922557733
