subject,role,seed,curve_method,mesh_method,path,sha256,mesh_sha256,curve_sha256,points,projection_median_mm,projection_p95_mm,bary_reconstruction_max_m,medical_labels,robot_coordinates
S103,consumed_test_role,0,BOUNDARY_CENTER,Official,/raid5/xuhd/datasets/prone_reference_mesh_interface_v1_20261004/bindings/S103_0_BOUNDARY_CENTER_Official.npz,265ca55ab9fdf27dd49a6b3737294159bc09883a85750f64c6223ed89be17b32,e68a1ca10640a933807e7084ff89b22ad8b57f77bb5940905100c7fe8a204fde,6484d17088cef9832f3b06963a40d0a5ab452bf99377b39c2f05a9ba09b4c3a2,9,67.91654037068008,72.40990199442342,0.0,False,False
S103,consumed_test_role,0,BOUNDARY_CENTER,Rigid,/raid5/xuhd/datasets/prone_reference_mesh_interface_v1_20261004/bindings/S103_0_BOUNDARY_CENTER_Rigid.npz,9b04911a91963662229ba3ce8a07fb54c11b25d262abc8e44f3eeb06df3bf139,6f2f0d9aaed6c768273b2cffedee28cc1b5add844df77255bdfc4787e79f259e,6484d17088cef9832f3b06963a40d0a5ab452bf99377b39c2f05a9ba09b4c3a2,9,6.9456553121899764,13.262739710760897,0.0,False,False
S103,consumed_test_role,0,BOUNDARY_CENTER,RigidD,/raid5/xuhd/datasets/prone_reference_mesh_interface_v1_20261004/bindings/S103_0_BOUNDARY_CENTER_RigidD.npz,a7cfc3f9565937aab03d7bfaacb5c3b34bd1af8e10e2b7a10498cf4899ae4699,9be582ceb08cc9b504d94ea751323b488c90ba023e04b36e43764010eb4116c9,6484d17088cef9832f3b06963a40d0a5ab452bf99377b39c2f05a9ba09b4c3a2,9,1.989505115019066,4.13947609815727,0.0,False,False
S103,consumed_test_role,0,GROOVE_DP,Official,/raid5/xuhd/datasets/prone_reference_mesh_interface_v1_20261004/bindings/S103_0_GROOVE_DP_Official.npz,3b19222be423f669e074acf97254d0c5cd145a919b8e1c53eaa9be81c068b77e,e68a1ca10640a933807e7084ff89b22ad8b57f77bb5940905100c7fe8a204fde,12a258bc3571479eb0f138df70cd1ff168ff2b6758237870396dfa86a7f7491b,9,67.67684997498384,77.62008977368937,0.0,False,False
S103,consumed_test_role,0,GROOVE_DP,Rigid,/raid5/xuhd/datasets/prone_reference_mesh_interface_v1_20261004/bindings/S103_0_GROOVE_DP_Rigid.npz,ab3210d71c7f3048ffc2907ca6428aca7e0ecbc5af00693daa0f90b1b1522b55,6f2f0d9aaed6c768273b2cffedee28cc1b5add844df77255bdfc4787e79f259e,12a258bc3571479eb0f138df70cd1ff168ff2b6758237870396dfa86a7f7491b,9,6.302798380561969,13.648087097400253,0.0,False,False
S103,consumed_test_role,0,GROOVE_DP,RigidD,/raid5/xuhd/datasets/prone_reference_mesh_interface_v1_20261004/bindings/S103_0_GROOVE_DP_RigidD.npz,da8f5d7c3f30e099ae747c3b5caa2ce67d016bf44d0e712e044b3b7d91fba0d0,9be582ceb08cc9b504d94ea751323b488c90ba023e04b36e43764010eb4116c9,12a258bc3571479eb0f138df70cd1ff168ff2b6758237870396dfa86a7f7491b,9,0.7381905120033262,4.97519753077323,0.0,False,False
S103,consumed_test_role,1,BOUNDARY_CENTER,Official,/raid5/xuhd/datasets/prone_reference_mesh_interface_v1_20261004/bindings/S103_1_BOUNDARY_CENTER_Official.npz,c06e85f5ddda88244137c4d925e569d0968d168d49c6cb47a737c3e80ce78b8c,e68a1ca10640a933807e7084ff89b22ad8b57f77bb5940905100c7fe8a204fde,519e005d55c688c4139d23f19a13ae71a1da647d4ebc5b236b340d617b67fbf8,9,67.75104000015641,72.09239227284615,0.0,False,False
S103,consumed_test_role,1,BOUNDARY_CENTER,Rigid,/raid5/xuhd/datasets/prone_reference_mesh_interface_v1_20261004/bindings/S103_1_BOUNDARY_CENTER_Rigid.npz,a23fae942bf9c923c930f6e18b9432f2d2e15e6b411d09e30b7141e1201dae8f,0b2a3cfdee0f0e4e988b36ff6e44aa94fd21a1f3a5c5d58c8ed021ecf18fc98d,519e005d55c688c4139d23f19a13ae71a1da647d4ebc5b236b340d617b67fbf8,9,4.632201617992087,12.781484285065279,0.0,False,False
S103,consumed_test_role,1,BOUNDARY_CENTER,RigidD,/raid5/xuhd/datasets/prone_reference_mesh_interface_v1_20261004/bindings/S103_1_BOUNDARY_CENTER_RigidD.npz,45c51006817df80891d8419a6eecdf35fb944258821b5bca936d45e0a2f6cf07,2d222a6ac8bef959b54903841162dc9be58ef4022dd9c91472e44023fa08b6f3,519e005d55c688c4139d23f19a13ae71a1da647d4ebc5b236b340d617b67fbf8,9,0.8282237505150851,4.959562885243135,0.0,False,False
S103,consumed_test_role,1,GROOVE_DP,Official,/raid5/xuhd/datasets/prone_reference_mesh_interface_v1_20261004/bindings/S103_1_GROOVE_DP_Official.npz,d1ee7f298faebc148b620537f7286fcc16d4767a2314d10a0c523582f4fd98b3,e68a1ca10640a933807e7084ff89b22ad8b57f77bb5940905100c7fe8a204fde,6209ea35e199919a8a9e0bc7881470eb6a66c224089961554c05330fe2362c16,9,67.67199578572026,79.45962133789509,0.0,False,False
S103,consumed_test_role,1,GROOVE_DP,Rigid,/raid5/xuhd/datasets/prone_reference_mesh_interface_v1_20261004/bindings/S103_1_GROOVE_DP_Rigid.npz,bf13a5e4c58253d3a20cb13fa0a9a2ed10b72c56fef21760138304cd8a4e8c9b,0b2a3cfdee0f0e4e988b36ff6e44aa94fd21a1f3a5c5d58c8ed021ecf18fc98d,6209ea35e199919a8a9e0bc7881470eb6a66c224089961554c05330fe2362c16,9,11.52130258610268,14.318293021471884,0.0,False,False
S103,consumed_test_role,1,GROOVE_DP,RigidD,/raid5/xuhd/datasets/prone_reference_mesh_interface_v1_20261004/bindings/S103_1_GROOVE_DP_RigidD.npz,273acf9d6b3162822fc74a41be2d6f3a5216b5aa3ad136f66903f8e7777464ee,2d222a6ac8bef959b54903841162dc9be58ef4022dd9c91472e44023fa08b6f3,6209ea35e199919a8a9e0bc7881470eb6a66c224089961554c05330fe2362c16,9,3.0963552557792515,8.341515772743396,0.0,False,False
S103,consumed_test_role,2,BOUNDARY_CENTER,Official,/raid5/xuhd/datasets/prone_reference_mesh_interface_v1_20261004/bindings/S103_2_BOUNDARY_CENTER_Official.npz,c1bd8af9cc6dcc4cc6ef5dc6afa9565e951cca808519ac0936c4673b4d95e5c8,e68a1ca10640a933807e7084ff89b22ad8b57f77bb5940905100c7fe8a204fde,1aa63c4817e2f9506f606c71f3250c2de519c9b9578572fa27fd6555f0e79840,9,68.15937936946857,75.57051101269765,0.0,False,False
S103,consumed_test_role,2,BOUNDARY_CENTER,Rigid,/raid5/xuhd/datasets/prone_reference_mesh_interface_v1_20261004/bindings/S103_2_BOUNDARY_CENTER_Rigid.npz,afae4af8891b0eb2e62f356ac8c91727c1f9a8bcee7f2a5ad89c82e353ea828e,98c082695576368082f65349be19dfc19939e060325b0039e09f128ce31d5001,1aa63c4817e2f9506f606c71f3250c2de519c9b9578572fa27fd6555f0e79840,9,12.80571804408744,21.118657653685958,0.0,False,False
S103,consumed_test_role,2,BOUNDARY_CENTER,RigidD,/raid5/xuhd/datasets/prone_reference_mesh_interface_v1_20261004/bindings/S103_2_BOUNDARY_CENTER_RigidD.npz,372f6f83c55cbf09beecbaf1c9e8e9ac41035694c925642d0f906eac6093bc4c,2cd676504ec625b71350b0609d2aa4fb919d9f6b5c389d2ca11ea02f9769e290,1aa63c4817e2f9506f606c71f3250c2de519c9b9578572fa27fd6555f0e79840,9,1.6185859982775987,5.879536656030785,0.0,False,False
S103,consumed_test_role,2,GROOVE_DP,Official,/raid5/xuhd/datasets/prone_reference_mesh_interface_v1_20261004/bindings/S103_2_GROOVE_DP_Official.npz,eb55818fa8cd2b3d2847e0886778558d2b91d5308a946f231c5cdc382244bf51,e68a1ca10640a933807e7084ff89b22ad8b57f77bb5940905100c7fe8a204fde,2ab3f8bc6eb8578c6a7c20073b12436c536a1e0c7ea1da5cfd55b3f49c3a4e3a,9,67.93211352767095,79.05387285328581,0.0,False,False
S103,consumed_test_role,2,GROOVE_DP,Rigid,/raid5/xuhd/datasets/prone_reference_mesh_interface_v1_20261004/bindings/S103_2_GROOVE_DP_Rigid.npz,29b2f4892dfe0adb595c6a8253b2d1543319922288ba821fb759b62be6079d52,98c082695576368082f65349be19dfc19939e060325b0039e09f128ce31d5001,2ab3f8bc6eb8578c6a7c20073b12436c536a1e0c7ea1da5cfd55b3f49c3a4e3a,9,13.919670136486276,22.551602180609656,0.0,False,False
S103,consumed_test_role,2,GROOVE_DP,RigidD,/raid5/xuhd/datasets/prone_reference_mesh_interface_v1_20261004/bindings/S103_2_GROOVE_DP_RigidD.npz,a80ba81e640d38b5a5ef19db1cd86e5e357d195238388ab9fb5a44a2fbb30f77,2cd676504ec625b71350b0609d2aa4fb919d9f6b5c389d2ca11ea02f9769e290,2ab3f8bc6eb8578c6a7c20073b12436c536a1e0c7ea1da5cfd55b3f49c3a4e3a,9,2.767656787409472,5.190013065434595,0.0,False,False
S104,dev,0,BOUNDARY_CENTER,Official,/raid5/xuhd/datasets/prone_reference_mesh_interface_v1_20261004/bindings/S104_0_BOUNDARY_CENTER_Official.npz,3e1de7e2042a61b1f15f1198d73338c9dafed40d5a0feb238cdf5c88698c1b05,480b7ffe5ab6df92f4b485b7118e3d19eb042b9e4e51ccaa7f30cacf433b8f96,2927c5e5a00b3f7eadf2fe7bdb800bf00d1ede2b79cf7beedba2a654fa363f5b,9,356.55869258277573,363.2361048634311,0.0,False,False
S104,dev,0,BOUNDARY_CENTER,Rigid,/raid5/xuhd/datasets/prone_reference_mesh_interface_v1_20261004/bindings/S104_0_BOUNDARY_CENTER_Rigid.npz,0d4c35234a94c88cec48655ff723292e787c40c261985de07857d880e7c4e0e1,2d748b87a2332a0a15efc85758a9a0d8eccdf8bc8cc33df1c44257f6e8308457,2927c5e5a00b3f7eadf2fe7bdb800bf00d1ede2b79cf7beedba2a654fa363f5b,9,16.816319781807923,29.486118962500154,0.0,False,False
S104,dev,0,BOUNDARY_CENTER,RigidD,/raid5/xuhd/datasets/prone_reference_mesh_interface_v1_20261004/bindings/S104_0_BOUNDARY_CENTER_RigidD.npz,15fbaa8845f325fa5b34951952b3d89658d496ba375e7f4f6bf14d8f237f3d23,0929ffdc87cc8fe5bef88a70ba7d1bdaabf6f2aaf80bc98e1f471448ccea23c5,2927c5e5a00b3f7eadf2fe7bdb800bf00d1ede2b79cf7beedba2a654fa363f5b,9,1.3866919711582397,4.160353711216683,0.0,False,False
S104,dev,0,GROOVE_DP,Official,/raid5/xuhd/datasets/prone_reference_mesh_interface_v1_20261004/bindings/S104_0_GROOVE_DP_Official.npz,c14f48603004cbb51c7b6331d54d455f3ec6151e27528eedde65882c7316495b,480b7ffe5ab6df92f4b485b7118e3d19eb042b9e4e51ccaa7f30cacf433b8f96,529cd6e91c743dcaf19b77804632331fcdd19a322772907470ad6f53139cc420,9,352.6186376401312,360.4087182911019,0.0,False,False
S104,dev,0,GROOVE_DP,Rigid,/raid5/xuhd/datasets/prone_reference_mesh_interface_v1_20261004/bindings/S104_0_GROOVE_DP_Rigid.npz,19f7ca98ee379e8b6e6478dba15f73ba292c446ec68ba0fca790564c26ebaaaf,2d748b87a2332a0a15efc85758a9a0d8eccdf8bc8cc33df1c44257f6e8308457,529cd6e91c743dcaf19b77804632331fcdd19a322772907470ad6f53139cc420,9,13.448991213594491,29.06367783222998,0.0,False,False
S104,dev,0,GROOVE_DP,RigidD,/raid5/xuhd/datasets/prone_reference_mesh_interface_v1_20261004/bindings/S104_0_GROOVE_DP_RigidD.npz,1919eadb93d724cf67f2490bc186b559293ea1bf9e102f009e346eb3302c2bc0,0929ffdc87cc8fe5bef88a70ba7d1bdaabf6f2aaf80bc98e1f471448ccea23c5,529cd6e91c743dcaf19b77804632331fcdd19a322772907470ad6f53139cc420,9,1.4908539210232512,3.906729787700875,0.0,False,False
S104,dev,1,BOUNDARY_CENTER,Official,/raid5/xuhd/datasets/prone_reference_mesh_interface_v1_20261004/bindings/S104_1_BOUNDARY_CENTER_Official.npz,b681adaa410ab64b68da1cb1a970afd94797a24ac9b3bdf7b761ff0798722a72,480b7ffe5ab6df92f4b485b7118e3d19eb042b9e4e51ccaa7f30cacf433b8f96,a23bcc23aa70811562568c164f168a1981c0231675aae8797fe362e5c3e2c93c,9,356.58669173383606,363.15636447843406,0.0,False,False
S104,dev,1,BOUNDARY_CENTER,Rigid,/raid5/xuhd/datasets/prone_reference_mesh_interface_v1_20261004/bindings/S104_1_BOUNDARY_CENTER_Rigid.npz,2d17e5e239143b83122add381c00487cad367015d19f17fb8ab94c353c7650cc,5cbfd9ef07674d92913e37975bdfd8a019c97b0a1d4e2d3acb73983b02d1596d,a23bcc23aa70811562568c164f168a1981c0231675aae8797fe362e5c3e2c93c,9,17.164257702663235,31.485136552041222,0.0,False,False
S104,dev,1,BOUNDARY_CENTER,RigidD,/raid5/xuhd/datasets/prone_reference_mesh_interface_v1_20261004/bindings/S104_1_BOUNDARY_CENTER_RigidD.npz,b8f405b8465db513a788be25a0b4ab59e0fb9b90cd9bbd2146da60ce7c0115b9,4f65f36299313b69e9258a4507155b87bf4407bd49a625c6f6b4f10246b5a117,a23bcc23aa70811562568c164f168a1981c0231675aae8797fe362e5c3e2c93c,9,2.109763069342697,6.022840153098937,0.0,False,False
S104,dev,1,SYMMETRY_DP,Official,/raid5/xuhd/datasets/prone_reference_mesh_interface_v1_20261004/bindings/S104_1_SYMMETRY_DP_Official.npz,0ad16b3832d1f0de68369ac4fa1e10d62718b77c99c02c3fe2781701397aadbe,480b7ffe5ab6df92f4b485b7118e3d19eb042b9e4e51ccaa7f30cacf433b8f96,b6cc2f59b3a96ecafb349bee8cfbf3359063fa7976295ce36abcf6ba3dfc7e80,9,355.56708842711595,361.92855143113513,0.0,False,False
S104,dev,1,SYMMETRY_DP,Rigid,/raid5/xuhd/datasets/prone_reference_mesh_interface_v1_20261004/bindings/S104_1_SYMMETRY_DP_Rigid.npz,789ec30b9bd7367e22e869598d543ded53c1d095984432021b76167aec9f2711,5cbfd9ef07674d92913e37975bdfd8a019c97b0a1d4e2d3acb73983b02d1596d,b6cc2f59b3a96ecafb349bee8cfbf3359063fa7976295ce36abcf6ba3dfc7e80,9,15.977626919686783,32.81342802806096,0.0,False,False
S104,dev,1,SYMMETRY_DP,RigidD,/raid5/xuhd/datasets/prone_reference_mesh_interface_v1_20261004/bindings/S104_1_SYMMETRY_DP_RigidD.npz,e98d1422c8df5e81dce4a5666750622c53c8443d0ff58d64d0de2b07f7ccbdd3,4f65f36299313b69e9258a4507155b87bf4407bd49a625c6f6b4f10246b5a117,b6cc2f59b3a96ecafb349bee8cfbf3359063fa7976295ce36abcf6ba3dfc7e80,9,2.0379573878668524,7.414951023994255,0.0,False,False
S104,dev,1,GROOVE_DP,Official,/raid5/xuhd/datasets/prone_reference_mesh_interface_v1_20261004/bindings/S104_1_GROOVE_DP_Official.npz,0d174ef2041c5fb8b49194bbb88f201bd488dc390d47ecff88e607a0f6e9d202,480b7ffe5ab6df92f4b485b7118e3d19eb042b9e4e51ccaa7f30cacf433b8f96,86e4b33795527f8f75c727c0d453a07e8a3415417e7f5f6d13908a0e9a2dd9f8,9,353.04386439076234,360.6936984159991,0.0,False,False
S104,dev,1,GROOVE_DP,Rigid,/raid5/xuhd/datasets/prone_reference_mesh_interface_v1_20261004/bindings/S104_1_GROOVE_DP_Rigid.npz,a2b59a797d632f42c02fca8535fcd129604f5bfe27b92c2e0039eb7863e04c13,5cbfd9ef07674d92913e37975bdfd8a019c97b0a1d4e2d3acb73983b02d1596d,86e4b33795527f8f75c727c0d453a07e8a3415417e7f5f6d13908a0e9a2dd9f8,9,12.544733641656189,25.354780412598238,0.0,False,False
S104,dev,1,GROOVE_DP,RigidD,/raid5/xuhd/datasets/prone_reference_mesh_interface_v1_20261004/bindings/S104_1_GROOVE_DP_RigidD.npz,eb15d787b2b0798362566ed50d1d3a64c23c38c2ba21801e385aaff9006be84a,4f65f36299313b69e9258a4507155b87bf4407bd49a625c6f6b4f10246b5a117,86e4b33795527f8f75c727c0d453a07e8a3415417e7f5f6d13908a0e9a2dd9f8,9,0.731453540077861,3.216905113147518,0.0,False,False
S104,dev,2,BOUNDARY_CENTER,Official,/raid5/xuhd/datasets/prone_reference_mesh_interface_v1_20261004/bindings/S104_2_BOUNDARY_CENTER_Official.npz,ae6dae21dfe4b061f55e65a0657923ff23adac719572130ab73aab882a810406,480b7ffe5ab6df92f4b485b7118e3d19eb042b9e4e51ccaa7f30cacf433b8f96,a71ef7239e2cabad4f9a0550dac32ec0d65f02108a9ae124a0e24a981d7fffa1,9,356.6289108231194,364.2418109850829,0.0,False,False
S104,dev,2,BOUNDARY_CENTER,Rigid,/raid5/xuhd/datasets/prone_reference_mesh_interface_v1_20261004/bindings/S104_2_BOUNDARY_CENTER_Rigid.npz,654c17820b66cd07e1bbd8c9f154ace2d10955688ed114e9805d1bc4462c35a5,9bd2cd4c3951f000fa61b17c03662bcae8989a2cb725d95d6b716c876dc00ced,a71ef7239e2cabad4f9a0550dac32ec0d65f02108a9ae124a0e24a981d7fffa1,9,15.282560333084145,32.24063118904375,0.0,False,False
S104,dev,2,BOUNDARY_CENTER,RigidD,/raid5/xuhd/datasets/prone_reference_mesh_interface_v1_20261004/bindings/S104_2_BOUNDARY_CENTER_RigidD.npz,c06709a3619bde61cd83906318e60bf4ad8af9342a4905aae502da31e557434c,f850673b9e9af39f7280daed72c736bc84146d2d7a793070f51a39b4209e5d8c,a71ef7239e2cabad4f9a0550dac32ec0d65f02108a9ae124a0e24a981d7fffa1,9,1.9526676097152795,5.865924427653894,0.0,False,False
S104,dev,2,SYMMETRY_DP,Official,/raid5/xuhd/datasets/prone_reference_mesh_interface_v1_20261004/bindings/S104_2_SYMMETRY_DP_Official.npz,849a9d57c2301a50d50b8d69beefdfa1a4a58b0a2934a04fafb220713bbb8e6d,480b7ffe5ab6df92f4b485b7118e3d19eb042b9e4e51ccaa7f30cacf433b8f96,36247c2bc1397df4cfc50e03af2f7bfb7380a3b65f8286efb81979cc614cde0b,9,356.35800965774996,363.3778147180013,0.0,False,False
S104,dev,2,SYMMETRY_DP,Rigid,/raid5/xuhd/datasets/prone_reference_mesh_interface_v1_20261004/bindings/S104_2_SYMMETRY_DP_Rigid.npz,232307bb3c3030f0b365ae5cd65aae2b6055580f95182a040f9e510d00b8400b,9bd2cd4c3951f000fa61b17c03662bcae8989a2cb725d95d6b716c876dc00ced,36247c2bc1397df4cfc50e03af2f7bfb7380a3b65f8286efb81979cc614cde0b,9,13.763749317616977,33.11742648611753,0.0,False,False
S104,dev,2,SYMMETRY_DP,RigidD,/raid5/xuhd/datasets/prone_reference_mesh_interface_v1_20261004/bindings/S104_2_SYMMETRY_DP_RigidD.npz,2ab80d9f2925e0e55a07ec95a205c4ce4929358bde2bba1e644a9e62a626a9e0,f850673b9e9af39f7280daed72c736bc84146d2d7a793070f51a39b4209e5d8c,36247c2bc1397df4cfc50e03af2f7bfb7380a3b65f8286efb81979cc614cde0b,9,1.7825312428124642,5.624745171353869,0.0,False,False
S104,dev,2,GROOVE_DP,Official,/raid5/xuhd/datasets/prone_reference_mesh_interface_v1_20261004/bindings/S104_2_GROOVE_DP_Official.npz,881d3cd5dc83d7cf96c544c9a469df497a35a1a5ad332a6183ef688b40871d47,480b7ffe5ab6df92f4b485b7118e3d19eb042b9e4e51ccaa7f30cacf433b8f96,f583df6ec44368df79664883e1d51cb944798f32ba350f1164752e697a5ffc4b,9,353.6853160479579,366.92039335992877,0.0,False,False
S104,dev,2,GROOVE_DP,Rigid,/raid5/xuhd/datasets/prone_reference_mesh_interface_v1_20261004/bindings/S104_2_GROOVE_DP_Rigid.npz,1798bef1c15c35a7be72ab3a954fe3c512e2b491851000805ed3cdfe115a5017,9bd2cd4c3951f000fa61b17c03662bcae8989a2cb725d95d6b716c876dc00ced,f583df6ec44368df79664883e1d51cb944798f32ba350f1164752e697a5ffc4b,9,8.203693818991757,20.556856092599148,0.0,False,False
S104,dev,2,GROOVE_DP,RigidD,/raid5/xuhd/datasets/prone_reference_mesh_interface_v1_20261004/bindings/S104_2_GROOVE_DP_RigidD.npz,df0471b1c35fe3f364fa0d793b15508653fc75bb633825f4cb25919b002e2298,f850673b9e9af39f7280daed72c736bc84146d2d7a793070f51a39b4209e5d8c,f583df6ec44368df79664883e1d51cb944798f32ba350f1164752e697a5ffc4b,9,2.321285980910307,4.205898929195143,0.0,False,False
S107,dev,0,BOUNDARY_CENTER,Official,/raid5/xuhd/datasets/prone_reference_mesh_interface_v1_20261004/bindings/S107_0_BOUNDARY_CENTER_Official.npz,02eb6217cf67920b5b370f728d1eb57d49b5edf3ab34b9c23e2bfbf30fd057e1,198902a065203e97b1670ffa582a608be586b28336e4f793305880f642e657f2,05586698068d831f89b2fa943753746e78fe1ee4153633ae565d427e9e059ed8,9,96.74149837291276,103.9466643799343,0.0,False,False
S107,dev,0,BOUNDARY_CENTER,Rigid,/raid5/xuhd/datasets/prone_reference_mesh_interface_v1_20261004/bindings/S107_0_BOUNDARY_CENTER_Rigid.npz,6802f4c6618bfa0541a7a6766165c122eae4fdb82b072dfd338a4a46e8974505,9b91cba96661bdb1ea7417895e56850dcf1d3fc85d051f775d770ed03f4e0f84,05586698068d831f89b2fa943753746e78fe1ee4153633ae565d427e9e059ed8,9,11.192276361292354,19.27086735499419,0.0,False,False
S107,dev,0,BOUNDARY_CENTER,RigidD,/raid5/xuhd/datasets/prone_reference_mesh_interface_v1_20261004/bindings/S107_0_BOUNDARY_CENTER_RigidD.npz,95c7ca879d578c3c7289fd3aa437d2dc3e2dafc7a5e434ee552549f7e7c9aba7,347d8c7f7e787a329bc5282ca5e01182aef88fd4e4327df959ca0b3beb0460c2,05586698068d831f89b2fa943753746e78fe1ee4153633ae565d427e9e059ed8,9,3.9036419092452945,9.536544542727938,0.0,False,False
S107,dev,0,GROOVE_DP,Official,/raid5/xuhd/datasets/prone_reference_mesh_interface_v1_20261004/bindings/S107_0_GROOVE_DP_Official.npz,c7df6c3ece8cd92fecf8e3916de455635be5c3b041489b054dc5c2a83b6e6907,198902a065203e97b1670ffa582a608be586b28336e4f793305880f642e657f2,3c9a55f4f011e4d1dad39ddb565cc3ef7da997264a8c2bd783e7bc07beec0e22,9,91.15636086661443,96.7848191270163,0.0,False,False
S107,dev,0,GROOVE_DP,Rigid,/raid5/xuhd/datasets/prone_reference_mesh_interface_v1_20261004/bindings/S107_0_GROOVE_DP_Rigid.npz,dc42104907eac2b997f838206110047ece8e9a0e13519eda5f674750db5051ce,9b91cba96661bdb1ea7417895e56850dcf1d3fc85d051f775d770ed03f4e0f84,3c9a55f4f011e4d1dad39ddb565cc3ef7da997264a8c2bd783e7bc07beec0e22,9,5.7778737993843565,13.6924513511605,0.0,False,False
S107,dev,0,GROOVE_DP,RigidD,/raid5/xuhd/datasets/prone_reference_mesh_interface_v1_20261004/bindings/S107_0_GROOVE_DP_RigidD.npz,cf52c784f6adaaf3122fec1f23159833ff0df41636988f1d93096739d4701f57,347d8c7f7e787a329bc5282ca5e01182aef88fd4e4327df959ca0b3beb0460c2,3c9a55f4f011e4d1dad39ddb565cc3ef7da997264a8c2bd783e7bc07beec0e22,9,1.5394569611765376,8.363038427532565,0.0,False,False
S107,dev,1,BOUNDARY_CENTER,Official,/raid5/xuhd/datasets/prone_reference_mesh_interface_v1_20261004/bindings/S107_1_BOUNDARY_CENTER_Official.npz,0e47d94ecc0f5c241f5c0145c0abcbe17c18eca0c90e667f1d109cb2db36c239,198902a065203e97b1670ffa582a608be586b28336e4f793305880f642e657f2,74eb30c1ddd6bc6949152945b9ecfd5b49bbfe47ae92cbe6008c367e3db49624,9,94.79415744740581,103.35746219012488,0.0,False,False
S107,dev,1,BOUNDARY_CENTER,Rigid,/raid5/xuhd/datasets/prone_reference_mesh_interface_v1_20261004/bindings/S107_1_BOUNDARY_CENTER_Rigid.npz,18874c61609d1a5e736a455f60ae4e667514f434dc37781f6ccaf5459dfc08d9,2e7137142e3a599453d1248e94ae3c6dfdf02b3039a2d1d1f2ccf60ae240590c,74eb30c1ddd6bc6949152945b9ecfd5b49bbfe47ae92cbe6008c367e3db49624,9,10.527088671857,22.581048341490884,0.0,False,False
S107,dev,1,BOUNDARY_CENTER,RigidD,/raid5/xuhd/datasets/prone_reference_mesh_interface_v1_20261004/bindings/S107_1_BOUNDARY_CENTER_RigidD.npz,44f2d041b086d6b5561a69b5df34c32a876bed9875fb8710e52c6cd5e06d8e0f,e4fbec82327fad24b02a46d7ff46e2d0fecf05a1de75ff9e052ac13ef04e06a0,74eb30c1ddd6bc6949152945b9ecfd5b49bbfe47ae92cbe6008c367e3db49624,9,3.6110688231200307,10.714153145365882,0.0,False,False
S107,dev,1,GROOVE_DP,Official,/raid5/xuhd/datasets/prone_reference_mesh_interface_v1_20261004/bindings/S107_1_GROOVE_DP_Official.npz,9eb440db2f9410fa4e53c93f2a76f6e56eff3808c526df2da04be1d2729626af,198902a065203e97b1670ffa582a608be586b28336e4f793305880f642e657f2,9f27314723debbc8ce66ddcc320549d50d1c7948d7a41ce086ed11b7df7cb70b,9,89.7573946037411,101.52703981650248,0.0,False,False
S107,dev,1,GROOVE_DP,Rigid,/raid5/xuhd/datasets/prone_reference_mesh_interface_v1_20261004/bindings/S107_1_GROOVE_DP_Rigid.npz,769c92b0279dd95d2781bce415675ff21a644710e3f4bd755693b560bf30bda5,2e7137142e3a599453d1248e94ae3c6dfdf02b3039a2d1d1f2ccf60ae240590c,9f27314723debbc8ce66ddcc320549d50d1c7948d7a41ce086ed11b7df7cb70b,9,7.250533029653807,18.362104511032825,0.0,False,False
S107,dev,1,GROOVE_DP,RigidD,/raid5/xuhd/datasets/prone_reference_mesh_interface_v1_20261004/bindings/S107_1_GROOVE_DP_RigidD.npz,e32843d1a5c366f150e0cd348bb85f17ac98076e1761ee85f0f4a84ec46024c3,e4fbec82327fad24b02a46d7ff46e2d0fecf05a1de75ff9e052ac13ef04e06a0,9f27314723debbc8ce66ddcc320549d50d1c7948d7a41ce086ed11b7df7cb70b,9,2.800153003584355,6.190732485366259,0.0,False,False
S107,dev,2,BOUNDARY_CENTER,Official,/raid5/xuhd/datasets/prone_reference_mesh_interface_v1_20261004/bindings/S107_2_BOUNDARY_CENTER_Official.npz,4b17566461fe12f09555f72dbbfd01031ede61f1fdfd8ee288c28160b1dde8b2,198902a065203e97b1670ffa582a608be586b28336e4f793305880f642e657f2,7f527d797d8e9380cd96752ae51f4d5a3cd481501fe32bb7b3b7f55c3d066c02,9,94.27237172702918,100.11448427293432,0.0,False,False
S107,dev,2,BOUNDARY_CENTER,Rigid,/raid5/xuhd/datasets/prone_reference_mesh_interface_v1_20261004/bindings/S107_2_BOUNDARY_CENTER_Rigid.npz,12dac7cdc159fe9af36df76da2e72cd385bb1d0f4ac45efde6985b0e674924c8,4126cf772f03b075026a09473b24010121ab5e55f0ac5fc4e1e42f065b94f559,7f527d797d8e9380cd96752ae51f4d5a3cd481501fe32bb7b3b7f55c3d066c02,9,5.135944262461015,10.33678828900958,0.0,False,False
S107,dev,2,BOUNDARY_CENTER,RigidD,/raid5/xuhd/datasets/prone_reference_mesh_interface_v1_20261004/bindings/S107_2_BOUNDARY_CENTER_RigidD.npz,040caaeab3488631c56b8b7a729f2af3cfaacefc22fd09d16a5f154e9364f7b8,1fe2e951a7c0b36d2ef6737e73e48f51ccb2cd2fb0aa8e16342e6699df32d094,7f527d797d8e9380cd96752ae51f4d5a3cd481501fe32bb7b3b7f55c3d066c02,9,1.5008995421936506,5.703770825083969,0.0,False,False
S107,dev,2,SYMMETRY_DP,Official,/raid5/xuhd/datasets/prone_reference_mesh_interface_v1_20261004/bindings/S107_2_SYMMETRY_DP_Official.npz,251edf9d9f0ce675167236b1987a0deeade6121d948099307ff06ac8fdff476b,198902a065203e97b1670ffa582a608be586b28336e4f793305880f642e657f2,69ba8f51a401aa2df04299bced13ce09e8936678a0c924cf61d7c5548c2059af,9,92.43027954998773,101.18096659278565,0.0,False,False
S107,dev,2,SYMMETRY_DP,Rigid,/raid5/xuhd/datasets/prone_reference_mesh_interface_v1_20261004/bindings/S107_2_SYMMETRY_DP_Rigid.npz,5da74b4ba8600552b5dce1899479d20adb1ddffd1ed941f1be392489114da361,4126cf772f03b075026a09473b24010121ab5e55f0ac5fc4e1e42f065b94f559,69ba8f51a401aa2df04299bced13ce09e8936678a0c924cf61d7c5548c2059af,9,4.352850351386784,12.523445431123607,0.0,False,False
S107,dev,2,SYMMETRY_DP,RigidD,/raid5/xuhd/datasets/prone_reference_mesh_interface_v1_20261004/bindings/S107_2_SYMMETRY_DP_RigidD.npz,4c2a3956c200bdf3ed305453a400cdcbcc467a697a1688f1d384bcfe788fadaf,1fe2e951a7c0b36d2ef6737e73e48f51ccb2cd2fb0aa8e16342e6699df32d094,69ba8f51a401aa2df04299bced13ce09e8936678a0c924cf61d7c5548c2059af,9,1.5815465980222267,6.688220163583808,0.0,False,False
S107,dev,2,GROOVE_DP,Official,/raid5/xuhd/datasets/prone_reference_mesh_interface_v1_20261004/bindings/S107_2_GROOVE_DP_Official.npz,459e6fa9160783b409c888b3a58925dce10a2668134a75a4d807dee3b65032ed,198902a065203e97b1670ffa582a608be586b28336e4f793305880f642e657f2,9e68965a95ce49595a306547b661027799ca6be8236364bb0749e13c31c22daa,9,90.24161814806196,100.8832674670741,0.0,False,False
S107,dev,2,GROOVE_DP,Rigid,/raid5/xuhd/datasets/prone_reference_mesh_interface_v1_20261004/bindings/S107_2_GROOVE_DP_Rigid.npz,7bd661e4cf23fef2118b743d1ea90cb2383c48ad102758477cc897247dbc275e,4126cf772f03b075026a09473b24010121ab5e55f0ac5fc4e1e42f065b94f559,9e68965a95ce49595a306547b661027799ca6be8236364bb0749e13c31c22daa,9,6.557628131916062,10.333490187114972,0.0,False,False
S107,dev,2,GROOVE_DP,RigidD,/raid5/xuhd/datasets/prone_reference_mesh_interface_v1_20261004/bindings/S107_2_GROOVE_DP_RigidD.npz,3427db8d8f38d32e684f7354611239735a223bcebb5b7b179b3bcbe8f520ab23,1fe2e951a7c0b36d2ef6737e73e48f51ccb2cd2fb0aa8e16342e6699df32d094,9e68965a95ce49595a306547b661027799ca6be8236364bb0749e13c31c22daa,9,1.7867610218887662,6.630899432941476,0.0,False,False
S114,consumed_test_role,0,BOUNDARY_CENTER,Official,/raid5/xuhd/datasets/prone_reference_mesh_interface_v1_20261004/bindings/S114_0_BOUNDARY_CENTER_Official.npz,cae0d24f5e571c96a85e5f071a7925648bcece04f46173ea8d8a1ae54d7e3e6f,42e9e62cef05d14ac3146c059314e7e9cba1d2cc335584305df2ce3725b5463d,3dfda3f19a6c2acfb5e48c0d8fa602d8ff8b1f9029fc0dfe8dfb2c3de8e45943,9,111.2227775690224,125.12258595123862,0.0,False,False
S114,consumed_test_role,0,BOUNDARY_CENTER,Rigid,/raid5/xuhd/datasets/prone_reference_mesh_interface_v1_20261004/bindings/S114_0_BOUNDARY_CENTER_Rigid.npz,b3489ee0f9dd355c6c826e005e961806d7547fb688203236963befc939fac199,582cb4db46225605f143fc923479271573c7dfaaf1141b64bda726c65155f5f2,3dfda3f19a6c2acfb5e48c0d8fa602d8ff8b1f9029fc0dfe8dfb2c3de8e45943,9,5.6033886182848756,16.547021163290154,0.0,False,False
S114,consumed_test_role,0,BOUNDARY_CENTER,RigidD,/raid5/xuhd/datasets/prone_reference_mesh_interface_v1_20261004/bindings/S114_0_BOUNDARY_CENTER_RigidD.npz,969315ee52c73d45c5043def368d6909005dff73530a9229aded5f22d77d9949,3efef62254add1fe849f486459613b5dd66f9384d6eea09607d019d3926875e9,3dfda3f19a6c2acfb5e48c0d8fa602d8ff8b1f9029fc0dfe8dfb2c3de8e45943,9,2.087798186962636,4.766482841205072,0.0,False,False
S114,consumed_test_role,0,GROOVE_DP,Official,/raid5/xuhd/datasets/prone_reference_mesh_interface_v1_20261004/bindings/S114_0_GROOVE_DP_Official.npz,53a34370457647028e9a78281ba5ef34a6e336abf5f58da9a97a7ce93eb9391a,42e9e62cef05d14ac3146c059314e7e9cba1d2cc335584305df2ce3725b5463d,4aadb0a5ce9ceb3b1c329dfaf0265618a3cbf6fc53600219725ed31471aa528a,9,111.3616328525843,117.89556409422627,0.0,False,False
S114,consumed_test_role,0,GROOVE_DP,Rigid,/raid5/xuhd/datasets/prone_reference_mesh_interface_v1_20261004/bindings/S114_0_GROOVE_DP_Rigid.npz,72708dcace2b115349e0de87ea7254435060f2b5a2aa416cd0fc5a9851c01ce6,582cb4db46225605f143fc923479271573c7dfaaf1141b64bda726c65155f5f2,4aadb0a5ce9ceb3b1c329dfaf0265618a3cbf6fc53600219725ed31471aa528a,9,1.4765744075240241,10.69277766326647,0.0,False,False
S114,consumed_test_role,0,GROOVE_DP,RigidD,/raid5/xuhd/datasets/prone_reference_mesh_interface_v1_20261004/bindings/S114_0_GROOVE_DP_RigidD.npz,e55075c4d93991483735a1e70fc3f344dbd617e423f74ec9a378476d547acacb,3efef62254add1fe849f486459613b5dd66f9384d6eea09607d019d3926875e9,4aadb0a5ce9ceb3b1c329dfaf0265618a3cbf6fc53600219725ed31471aa528a,9,1.3450941728846062,3.4342392192748985,0.0,False,False
S114,consumed_test_role,1,BOUNDARY_CENTER,Official,/raid5/xuhd/datasets/prone_reference_mesh_interface_v1_20261004/bindings/S114_1_BOUNDARY_CENTER_Official.npz,3dc87692fb158bd6951e56408cbec21e41d6c4b0376898f0303687e47f2b2271,42e9e62cef05d14ac3146c059314e7e9cba1d2cc335584305df2ce3725b5463d,3901d9935069aaba4aaad9d80566f1ebb0a52aa085adb228604238b6d4c0855f,9,111.42748569825142,124.88928591471677,0.0,False,False
S114,consumed_test_role,1,BOUNDARY_CENTER,Rigid,/raid5/xuhd/datasets/prone_reference_mesh_interface_v1_20261004/bindings/S114_1_BOUNDARY_CENTER_Rigid.npz,91759f18b5f039b2c5fd68d4b9b52b813e7fdda52ab662ad999c2b54d31c2acb,4d5b624f0983a98c0962d5aa013873e1ec206d8e62bc35ef4e88f3b6f647426f,3901d9935069aaba4aaad9d80566f1ebb0a52aa085adb228604238b6d4c0855f,9,6.460108761423123,15.528473131141524,0.0,False,False
S114,consumed_test_role,1,BOUNDARY_CENTER,RigidD,/raid5/xuhd/datasets/prone_reference_mesh_interface_v1_20261004/bindings/S114_1_BOUNDARY_CENTER_RigidD.npz,5835407bb0a0845d398a77efa1f2e9d90b0df140f0a1eb8cc3dcf848ce611b0e,36150c43a18063d8983e377ee9c00dda7166c05b3a4f2eda05979c1e36ed7b83,3901d9935069aaba4aaad9d80566f1ebb0a52aa085adb228604238b6d4c0855f,9,1.638244925699898,4.218792644563225,0.0,False,False
S114,consumed_test_role,1,GROOVE_DP,Official,/raid5/xuhd/datasets/prone_reference_mesh_interface_v1_20261004/bindings/S114_1_GROOVE_DP_Official.npz,7c49d2a023d067e5fcbde04177998a9fbef81d8f9d0bbe2bf73b0dd8465383ae,42e9e62cef05d14ac3146c059314e7e9cba1d2cc335584305df2ce3725b5463d,ec566e0dac3c25c83a77741315e2c74b290e456f27ee40a57af0cafeb04c3018,9,111.40276043902509,117.70474176137076,0.0,False,False
S114,consumed_test_role,1,GROOVE_DP,Rigid,/raid5/xuhd/datasets/prone_reference_mesh_interface_v1_20261004/bindings/S114_1_GROOVE_DP_Rigid.npz,b27dcad8b8d29bb4aed13e98acfcaa6c0251a9e042f342b0ea2575eab59e29f6,4d5b624f0983a98c0962d5aa013873e1ec206d8e62bc35ef4e88f3b6f647426f,ec566e0dac3c25c83a77741315e2c74b290e456f27ee40a57af0cafeb04c3018,9,4.133260516743175,10.116019320802057,0.0,False,False
S114,consumed_test_role,1,GROOVE_DP,RigidD,/raid5/xuhd/datasets/prone_reference_mesh_interface_v1_20261004/bindings/S114_1_GROOVE_DP_RigidD.npz,a569478ef8ce093dec67aa98d03e5de4e15afd0b0f572685dd4d55efd0550c7f,36150c43a18063d8983e377ee9c00dda7166c05b3a4f2eda05979c1e36ed7b83,ec566e0dac3c25c83a77741315e2c74b290e456f27ee40a57af0cafeb04c3018,9,1.9170385593004977,3.200307340780477,0.0,False,False
S114,consumed_test_role,2,BOUNDARY_CENTER,Official,/raid5/xuhd/datasets/prone_reference_mesh_interface_v1_20261004/bindings/S114_2_BOUNDARY_CENTER_Official.npz,e29f3672931c1ead483162091543ad7f281718a0bd44c1d5e04aa9ffc0739791,42e9e62cef05d14ac3146c059314e7e9cba1d2cc335584305df2ce3725b5463d,58aaaf7dcc003f7f40b61f8e01b0ae14010fba9818f7073f58227d7e5a659d02,9,113.90043871244333,125.24633889427183,0.0,False,False
S114,consumed_test_role,2,BOUNDARY_CENTER,Rigid,/raid5/xuhd/datasets/prone_reference_mesh_interface_v1_20261004/bindings/S114_2_BOUNDARY_CENTER_Rigid.npz,21755a58c43f6ec1e3aa57f5f60cfb3dca93973a4020fcbec6646c89355a8688,d5d6387433d0cb48e901ff1638958a819665ef9fd4ee611db14335e06b1c61b3,58aaaf7dcc003f7f40b61f8e01b0ae14010fba9818f7073f58227d7e5a659d02,9,6.300289015346184,21.723701009005534,0.0,False,False
S114,consumed_test_role,2,BOUNDARY_CENTER,RigidD,/raid5/xuhd/datasets/prone_reference_mesh_interface_v1_20261004/bindings/S114_2_BOUNDARY_CENTER_RigidD.npz,53e3229df021f3b1d413a823daa344e01c3dc6be5274af9c15f5130accf0a366,09fa903252b253c4b98351f5f0f2860673f9f21cca5541f9fba834c01b4a6c93,58aaaf7dcc003f7f40b61f8e01b0ae14010fba9818f7073f58227d7e5a659d02,9,1.8931284056921887,5.187474256761524,0.0,False,False
S114,consumed_test_role,2,SYMMETRY_DP,Official,/raid5/xuhd/datasets/prone_reference_mesh_interface_v1_20261004/bindings/S114_2_SYMMETRY_DP_Official.npz,1bfec24c558650454b8ae637d5e76708430a54eb15d77147c21c85b8da078eac,42e9e62cef05d14ac3146c059314e7e9cba1d2cc335584305df2ce3725b5463d,7cbb20ac25d772aa8b7548a2b1eacfe86b9b1e44988e8b165d7c2856a01d09d9,9,110.94760755338592,125.53187108414664,0.0,False,False
S114,consumed_test_role,2,SYMMETRY_DP,Rigid,/raid5/xuhd/datasets/prone_reference_mesh_interface_v1_20261004/bindings/S114_2_SYMMETRY_DP_Rigid.npz,595f38ae86fcd7a0243432ea573d4ceb733f0a8e7d685ed73f94f0519200b259,d5d6387433d0cb48e901ff1638958a819665ef9fd4ee611db14335e06b1c61b3,7cbb20ac25d772aa8b7548a2b1eacfe86b9b1e44988e8b165d7c2856a01d09d9,9,7.0495249817973304,21.468137254991834,0.0,False,False
S114,consumed_test_role,2,SYMMETRY_DP,RigidD,/raid5/xuhd/datasets/prone_reference_mesh_interface_v1_20261004/bindings/S114_2_SYMMETRY_DP_RigidD.npz,6e2d61b6c918ec6d65710870240b321640a986e26315d1934e52c9c4d256934d,09fa903252b253c4b98351f5f0f2860673f9f21cca5541f9fba834c01b4a6c93,7cbb20ac25d772aa8b7548a2b1eacfe86b9b1e44988e8b165d7c2856a01d09d9,9,1.9827965132052077,4.200731119312327,0.0,False,False
S114,consumed_test_role,2,GROOVE_DP,Official,/raid5/xuhd/datasets/prone_reference_mesh_interface_v1_20261004/bindings/S114_2_GROOVE_DP_Official.npz,7be12caa333cc5c5acaeee9bc9527b9a478267e8fb4fc11ad90f38299d7189f5,42e9e62cef05d14ac3146c059314e7e9cba1d2cc335584305df2ce3725b5463d,66795e01f24dd443eb91ac1cacdbbcf6177c71275d8d83946be17ce28645d35f,9,110.69463479565941,117.91126718891377,0.0,False,False
S114,consumed_test_role,2,GROOVE_DP,Rigid,/raid5/xuhd/datasets/prone_reference_mesh_interface_v1_20261004/bindings/S114_2_GROOVE_DP_Rigid.npz,c2ecd85c1f336bf233b2f42fe8507925461fe8b2a81936af44d8ac9c2931d7a6,d5d6387433d0cb48e901ff1638958a819665ef9fd4ee611db14335e06b1c61b3,66795e01f24dd443eb91ac1cacdbbcf6177c71275d8d83946be17ce28645d35f,9,4.475162536797152,13.246650562041534,0.0,False,False
S114,consumed_test_role,2,GROOVE_DP,RigidD,/raid5/xuhd/datasets/prone_reference_mesh_interface_v1_20261004/bindings/S114_2_GROOVE_DP_RigidD.npz,6e16daf05a10cd129d2a7ff85cd121d120732997eaeb062b31c3bbfa07c5537b,09fa903252b253c4b98351f5f0f2860673f9f21cca5541f9fba834c01b4a6c93,66795e01f24dd443eb91ac1cacdbbcf6177c71275d8d83946be17ce28645d35f,9,1.5733292436651403,2.11564535765223,0.0,False,False
S118,consumed_test_role,0,BOUNDARY_CENTER,Official,/raid5/xuhd/datasets/prone_reference_mesh_interface_v1_20261004/bindings/S118_0_BOUNDARY_CENTER_Official.npz,7b59921e63e7cce716559b43fe6809dec0350b7abbb848dcede36636e454c7e0,c369810649eb6735a2bf4ad287f0f3bd9126b8c4827cdaa53730b3e77a07f493,0213bedfa5578e83c8817225dae2a9cbd8994f31ef0ead089eee38a8c7b9b18f,9,181.87244167529775,187.1663239688527,0.0,False,False
S118,consumed_test_role,0,BOUNDARY_CENTER,Rigid,/raid5/xuhd/datasets/prone_reference_mesh_interface_v1_20261004/bindings/S118_0_BOUNDARY_CENTER_Rigid.npz,6399cd3134e93d9309544f6382ad94ae10f161b160ea218e07d200acbe7030a3,325d97e65ef246069a6b663c61d02dd56afbaf4faaf81815434200098727795b,0213bedfa5578e83c8817225dae2a9cbd8994f31ef0ead089eee38a8c7b9b18f,9,11.248071890638123,15.875086711795404,0.0,False,False
S118,consumed_test_role,0,BOUNDARY_CENTER,RigidD,/raid5/xuhd/datasets/prone_reference_mesh_interface_v1_20261004/bindings/S118_0_BOUNDARY_CENTER_RigidD.npz,758c38bd5432a299dcd14e44b6526ccc3930ccc38e21631964403d6cf8e51485,ecc15cd9fe069a7bb4271b100f0b1b2a6875a60151b7154d63b9207af42ffca4,0213bedfa5578e83c8817225dae2a9cbd8994f31ef0ead089eee38a8c7b9b18f,9,2.1468717472875682,3.5104686482407312,0.0,False,False
S118,consumed_test_role,0,SYMMETRY_DP,Official,/raid5/xuhd/datasets/prone_reference_mesh_interface_v1_20261004/bindings/S118_0_SYMMETRY_DP_Official.npz,e7b93e1dffcb1d87cea3f9d52344a37beb5279d0c6c17b7f7dfdaa0b9ef0e3a6,c369810649eb6735a2bf4ad287f0f3bd9126b8c4827cdaa53730b3e77a07f493,e6ff2c00a5c10daf18608428655dff51db5b3024eb5b36caa230eaeb424064d2,9,181.4615463046007,186.72307434256072,0.0,False,False
S118,consumed_test_role,0,SYMMETRY_DP,Rigid,/raid5/xuhd/datasets/prone_reference_mesh_interface_v1_20261004/bindings/S118_0_SYMMETRY_DP_Rigid.npz,0a36120edcdb5a0f6744ecafde0778a7ccec644311aa4c4af19d858b2712c3d3,325d97e65ef246069a6b663c61d02dd56afbaf4faaf81815434200098727795b,e6ff2c00a5c10daf18608428655dff51db5b3024eb5b36caa230eaeb424064d2,9,7.572844990321894,13.44332549597127,0.0,False,False
S118,consumed_test_role,0,SYMMETRY_DP,RigidD,/raid5/xuhd/datasets/prone_reference_mesh_interface_v1_20261004/bindings/S118_0_SYMMETRY_DP_RigidD.npz,94462dd7f08b5f3940f85e660fa57ed54b3d5a0f27a9d8edbdf6a5fabd424f2c,ecc15cd9fe069a7bb4271b100f0b1b2a6875a60151b7154d63b9207af42ffca4,e6ff2c00a5c10daf18608428655dff51db5b3024eb5b36caa230eaeb424064d2,9,1.2678403249299433,2.1661560800337,0.0,False,False
S118,consumed_test_role,0,GROOVE_DP,Official,/raid5/xuhd/datasets/prone_reference_mesh_interface_v1_20261004/bindings/S118_0_GROOVE_DP_Official.npz,65979d5d7edb4d1e7eb97100961e973f524f53e6800ec13baf6ef07fc2c5e72a,c369810649eb6735a2bf4ad287f0f3bd9126b8c4827cdaa53730b3e77a07f493,8de044a384b98c9237daf78cd0e491636db81b2614acbe9dbb9724336ca3e8ef,9,180.31933487337903,185.46599121434286,0.0,False,False
S118,consumed_test_role,0,GROOVE_DP,Rigid,/raid5/xuhd/datasets/prone_reference_mesh_interface_v1_20261004/bindings/S118_0_GROOVE_DP_Rigid.npz,968c10aa1da5368cde0d44ba81369c34b9445b2a404173b90f479c0a817d90cb,325d97e65ef246069a6b663c61d02dd56afbaf4faaf81815434200098727795b,8de044a384b98c9237daf78cd0e491636db81b2614acbe9dbb9724336ca3e8ef,9,10.873711517975924,16.248899088527633,0.0,False,False
S118,consumed_test_role,0,GROOVE_DP,RigidD,/raid5/xuhd/datasets/prone_reference_mesh_interface_v1_20261004/bindings/S118_0_GROOVE_DP_RigidD.npz,0f045e5817cea60fd8479c2762046d93e7ad26e925a4d80e74fe76d197ab1601,ecc15cd9fe069a7bb4271b100f0b1b2a6875a60151b7154d63b9207af42ffca4,8de044a384b98c9237daf78cd0e491636db81b2614acbe9dbb9724336ca3e8ef,9,0.9578341061500537,3.849045778919563,0.0,False,False
S118,consumed_test_role,1,BOUNDARY_CENTER,Official,/raid5/xuhd/datasets/prone_reference_mesh_interface_v1_20261004/bindings/S118_1_BOUNDARY_CENTER_Official.npz,d895f299bb8b4fcd98414ca3a2fac4b28f0c0124f7b8a2de466b55e1936af996,c369810649eb6735a2bf4ad287f0f3bd9126b8c4827cdaa53730b3e77a07f493,1fe3e5389086206586cd86536ceb30159fd3c79d6ffcd88160bf5546f99e77b3,9,181.37553732912096,183.78450250980964,0.0,False,False
S118,consumed_test_role,1,BOUNDARY_CENTER,Rigid,/raid5/xuhd/datasets/prone_reference_mesh_interface_v1_20261004/bindings/S118_1_BOUNDARY_CENTER_Rigid.npz,3c3f3cebf685b6a5f40340744236e0ecf6e5bd0eb1da74f21bb700b62af748e5,929c30939ff11c100f6a138c79ae8eb183509f6cfa872b4fe8f2d46e5f84d351,1fe3e5389086206586cd86536ceb30159fd3c79d6ffcd88160bf5546f99e77b3,9,11.500899068129863,14.191597442900237,0.0,False,False
S118,consumed_test_role,1,BOUNDARY_CENTER,RigidD,/raid5/xuhd/datasets/prone_reference_mesh_interface_v1_20261004/bindings/S118_1_BOUNDARY_CENTER_RigidD.npz,af9575e14315569efdce5f29e42bcab14d3ed2b9c86eb0bb6bc9a43c39fa664c,f37fc2ab7673ae857be5353a005b9d441c7ba88e17f7ea9bb43efb2ab322c9bb,1fe3e5389086206586cd86536ceb30159fd3c79d6ffcd88160bf5546f99e77b3,9,2.006128522310231,3.2808462330980475,0.0,False,False
S118,consumed_test_role,1,GROOVE_DP,Official,/raid5/xuhd/datasets/prone_reference_mesh_interface_v1_20261004/bindings/S118_1_GROOVE_DP_Official.npz,d4c37fa64ff3cc664205cb4079689c3376dc6023b6d9705d5ac29b15f6d1f58f,c369810649eb6735a2bf4ad287f0f3bd9126b8c4827cdaa53730b3e77a07f493,4a16fd172faffd895ba5a3a76e24b4ff37b41c309b958b75a456faf1f90807ac,9,180.89495010650487,187.0481422591021,0.0,False,False
S118,consumed_test_role,1,GROOVE_DP,Rigid,/raid5/xuhd/datasets/prone_reference_mesh_interface_v1_20261004/bindings/S118_1_GROOVE_DP_Rigid.npz,fd7ead4b738f05bcfee3784d2f1f968e622d84a1c0f113a4b333ba0046ec9b96,929c30939ff11c100f6a138c79ae8eb183509f6cfa872b4fe8f2d46e5f84d351,4a16fd172faffd895ba5a3a76e24b4ff37b41c309b958b75a456faf1f90807ac,9,8.272012649238889,15.34626515743858,0.0,False,False
S118,consumed_test_role,1,GROOVE_DP,RigidD,/raid5/xuhd/datasets/prone_reference_mesh_interface_v1_20261004/bindings/S118_1_GROOVE_DP_RigidD.npz,cb3b88966b628c6d50a240aa78565f19f6061624336df05f6a5dca51c9ac3337,f37fc2ab7673ae857be5353a005b9d441c7ba88e17f7ea9bb43efb2ab322c9bb,4a16fd172faffd895ba5a3a76e24b4ff37b41c309b958b75a456faf1f90807ac,9,1.0135157699401773,3.5554490879174496,0.0,False,False
S118,consumed_test_role,2,BOUNDARY_CENTER,Official,/raid5/xuhd/datasets/prone_reference_mesh_interface_v1_20261004/bindings/S118_2_BOUNDARY_CENTER_Official.npz,f3b8178fa7757db369eaa28b182d44dc9393af60fced8322550b0b73ace37c03,c369810649eb6735a2bf4ad287f0f3bd9126b8c4827cdaa53730b3e77a07f493,7fedcc4bef01e202f088b729dc9e04f62e9d5c3b1d92766a6df3780e5fc5f3d5,9,180.6848067028587,187.0943670702026,0.0,False,False
S118,consumed_test_role,2,BOUNDARY_CENTER,Rigid,/raid5/xuhd/datasets/prone_reference_mesh_interface_v1_20261004/bindings/S118_2_BOUNDARY_CENTER_Rigid.npz,3047ac852e344d086c4a157e068ced5992c6ab3ec4ddc7c63d47e875aff7d291,afb46df3173ba7c7aa26eff5944dff1d40364c56aa3220aefd228432c713ce44,7fedcc4bef01e202f088b729dc9e04f62e9d5c3b1d92766a6df3780e5fc5f3d5,9,7.907285283845912,16.090131161735524,0.0,False,False
S118,consumed_test_role,2,BOUNDARY_CENTER,RigidD,/raid5/xuhd/datasets/prone_reference_mesh_interface_v1_20261004/bindings/S118_2_BOUNDARY_CENTER_RigidD.npz,e712683d9f6741dc918df682f95356c608b62274e74506f455c9263f6e76d4a6,711c8204f02c1056e874398bf806afd92842155a1f35a11659726b4ba3a8c623,7fedcc4bef01e202f088b729dc9e04f62e9d5c3b1d92766a6df3780e5fc5f3d5,9,2.277297973451798,3.1614113801117347,0.0,False,False
S118,consumed_test_role,2,GROOVE_DP,Official,/raid5/xuhd/datasets/prone_reference_mesh_interface_v1_20261004/bindings/S118_2_GROOVE_DP_Official.npz,748ed957fa2167123b2914551b967b3d0966caf4d1c2c6e7f8d95fc39bf822dc,c369810649eb6735a2bf4ad287f0f3bd9126b8c4827cdaa53730b3e77a07f493,baf504cb5b2e539591e492ce9c5719aa7ad538f5adc4b631433726c0d2a094c5,9,179.01480214764143,187.0306323646104,0.0,False,False
S118,consumed_test_role,2,GROOVE_DP,Rigid,/raid5/xuhd/datasets/prone_reference_mesh_interface_v1_20261004/bindings/S118_2_GROOVE_DP_Rigid.npz,994e81213ccf9ad7ab48335f7094a09cd851526aa3d88c8969388021593224eb,afb46df3173ba7c7aa26eff5944dff1d40364c56aa3220aefd228432c713ce44,baf504cb5b2e539591e492ce9c5719aa7ad538f5adc4b631433726c0d2a094c5,9,6.206208074244354,13.964308714210858,0.0,False,False
S118,consumed_test_role,2,GROOVE_DP,RigidD,/raid5/xuhd/datasets/prone_reference_mesh_interface_v1_20261004/bindings/S118_2_GROOVE_DP_RigidD.npz,7f743a863a3c0430bab2d56022f02c940157531aab8d10e4a043fac0fdfacf9a,711c8204f02c1056e874398bf806afd92842155a1f35a11659726b4ba3a8c623,baf504cb5b2e539591e492ce9c5719aa7ad538f5adc4b631433726c0d2a094c5,9,1.7600693576182322,2.9764238273695676,0.0,False,False
S121,consumed_test_role,0,BOUNDARY_CENTER,Official,/raid5/xuhd/datasets/prone_reference_mesh_interface_v1_20261004/bindings/S121_0_BOUNDARY_CENTER_Official.npz,617623b68978fc7aed6c213eeb09390bfe6f4770a1f612159aa43e6695690c44,71b6b7c3bde6d6036cc7b7a7e14c7e598394cbf749f19657d2f7ebc6bb68a6b9,dbf738eee8332430cd4b6cc993c3a68f61f81aa30237ad14caa3d4b4ce6a1911,9,89.40129432353811,106.75108115494243,0.0,False,False
S121,consumed_test_role,0,BOUNDARY_CENTER,Rigid,/raid5/xuhd/datasets/prone_reference_mesh_interface_v1_20261004/bindings/S121_0_BOUNDARY_CENTER_Rigid.npz,b36683fecca0c3dd30c565ee9f1446b1d4217a7937a4c5654b25eeb970116a3c,c44a3693a40f17aedd6f0099bbe7f48100e65c3e069e1edf2deb37adf72f47fa,dbf738eee8332430cd4b6cc993c3a68f61f81aa30237ad14caa3d4b4ce6a1911,9,5.8319226950041285,11.459169847058506,0.0,False,False
S121,consumed_test_role,0,BOUNDARY_CENTER,RigidD,/raid5/xuhd/datasets/prone_reference_mesh_interface_v1_20261004/bindings/S121_0_BOUNDARY_CENTER_RigidD.npz,ca708dd6159578433d2a4c228d6c08ed8146e83d830e395629ac41fd81f0f5fc,06bb0bf65acca24c4800a421e1ed13636f02975d75fd81e697a53d2ea2939d9b,dbf738eee8332430cd4b6cc993c3a68f61f81aa30237ad14caa3d4b4ce6a1911,9,2.0298383097130674,4.360999887692994,0.0,False,False
S121,consumed_test_role,0,SYMMETRY_DP,Official,/raid5/xuhd/datasets/prone_reference_mesh_interface_v1_20261004/bindings/S121_0_SYMMETRY_DP_Official.npz,12b858d109b14587a7e8f952afedb14804306f6cce9c9e33e5b2c8784d799974,71b6b7c3bde6d6036cc7b7a7e14c7e598394cbf749f19657d2f7ebc6bb68a6b9,a1521a97203187a2d7609233bde32fe2696b2bed7530b42fa7a0315f93cc8be0,9,85.24347548493888,107.74404933850688,0.0,False,False
S121,consumed_test_role,0,SYMMETRY_DP,Rigid,/raid5/xuhd/datasets/prone_reference_mesh_interface_v1_20261004/bindings/S121_0_SYMMETRY_DP_Rigid.npz,c754fa3455054fa99a1502cc0860bea52eae3cb65e587b26b503e9912fa5ea7d,c44a3693a40f17aedd6f0099bbe7f48100e65c3e069e1edf2deb37adf72f47fa,a1521a97203187a2d7609233bde32fe2696b2bed7530b42fa7a0315f93cc8be0,9,6.727855927110069,10.618774455083557,0.0,False,False
S121,consumed_test_role,0,SYMMETRY_DP,RigidD,/raid5/xuhd/datasets/prone_reference_mesh_interface_v1_20261004/bindings/S121_0_SYMMETRY_DP_RigidD.npz,206a2367b8a003f7e1acb511dafeb014791eeb41f31565417df202d7c7936878,06bb0bf65acca24c4800a421e1ed13636f02975d75fd81e697a53d2ea2939d9b,a1521a97203187a2d7609233bde32fe2696b2bed7530b42fa7a0315f93cc8be0,9,2.671479448016196,4.744297490672875,0.0,False,False
S121,consumed_test_role,0,GROOVE_DP,Official,/raid5/xuhd/datasets/prone_reference_mesh_interface_v1_20261004/bindings/S121_0_GROOVE_DP_Official.npz,e9e0851e0c7d560d4d4c0c99411af526e620f4aaabd8a1b5aef606d7650db391,71b6b7c3bde6d6036cc7b7a7e14c7e598394cbf749f19657d2f7ebc6bb68a6b9,06857320d1d63e6e200cfe79873cd2e6e6476cca294660a477f1a5d70d03fd09,9,77.4232143825118,97.8773047878939,0.0,False,False
S121,consumed_test_role,0,GROOVE_DP,Rigid,/raid5/xuhd/datasets/prone_reference_mesh_interface_v1_20261004/bindings/S121_0_GROOVE_DP_Rigid.npz,39e470db916db1e9a94efa13cc420a970d9da3612891c5b50ac95668d17a3cdf,c44a3693a40f17aedd6f0099bbe7f48100e65c3e069e1edf2deb37adf72f47fa,06857320d1d63e6e200cfe79873cd2e6e6476cca294660a477f1a5d70d03fd09,9,5.700574032122527,11.418582820111851,0.0,False,False
S121,consumed_test_role,0,GROOVE_DP,RigidD,/raid5/xuhd/datasets/prone_reference_mesh_interface_v1_20261004/bindings/S121_0_GROOVE_DP_RigidD.npz,e696a016e2fd3351e31cdf1f6aa2bbd8a22932382589592491930d7f0a342937,06bb0bf65acca24c4800a421e1ed13636f02975d75fd81e697a53d2ea2939d9b,06857320d1d63e6e200cfe79873cd2e6e6476cca294660a477f1a5d70d03fd09,9,2.1012999815359854,3.8314783235795993,0.0,False,False
S121,consumed_test_role,1,BOUNDARY_CENTER,Official,/raid5/xuhd/datasets/prone_reference_mesh_interface_v1_20261004/bindings/S121_1_BOUNDARY_CENTER_Official.npz,bc05955853e256397e14c5d185aee576d2067237b559328a9c8f54532982ef2a,71b6b7c3bde6d6036cc7b7a7e14c7e598394cbf749f19657d2f7ebc6bb68a6b9,35694cab7a6f97ba3caa37b25f06480eeb94a9fd2bc4f6486c76b082a01b3348,9,92.16248615289929,105.16872484795886,0.0,False,False
S121,consumed_test_role,1,BOUNDARY_CENTER,Rigid,/raid5/xuhd/datasets/prone_reference_mesh_interface_v1_20261004/bindings/S121_1_BOUNDARY_CENTER_Rigid.npz,46dd10ab2473825fa497db68375032c0e2e024a3db983fd266db1da8dfd75291,29ffb6de8c94c40bd1a59c1225fc210b045661278da9c30878af8cd07851dbdd,35694cab7a6f97ba3caa37b25f06480eeb94a9fd2bc4f6486c76b082a01b3348,9,3.2839929072853318,11.022652469775378,0.0,False,False
S121,consumed_test_role,1,BOUNDARY_CENTER,RigidD,/raid5/xuhd/datasets/prone_reference_mesh_interface_v1_20261004/bindings/S121_1_BOUNDARY_CENTER_RigidD.npz,83a1041681885a6ecd3968d45d31186a9726fb14ec88d6d2fa1bee172175f8b8,a1fd98fbbc846bedac9e971736abd9b9f37a70bb41c5b8eff1eb1a99fdc8fa6e,35694cab7a6f97ba3caa37b25f06480eeb94a9fd2bc4f6486c76b082a01b3348,9,0.9246835236844372,6.8374445546310145,0.0,False,False
S121,consumed_test_role,1,SYMMETRY_DP,Official,/raid5/xuhd/datasets/prone_reference_mesh_interface_v1_20261004/bindings/S121_1_SYMMETRY_DP_Official.npz,3decba85c708be3b46e7fab9074cb99eede940db5677aec2c1bef27a963617c8,71b6b7c3bde6d6036cc7b7a7e14c7e598394cbf749f19657d2f7ebc6bb68a6b9,de1c10041a456f299f542fc01cc6a62cef68c4596fefe1c16aa023deeeb845d0,9,83.13545008336622,90.06320511545577,0.0,False,False
S121,consumed_test_role,1,SYMMETRY_DP,Rigid,/raid5/xuhd/datasets/prone_reference_mesh_interface_v1_20261004/bindings/S121_1_SYMMETRY_DP_Rigid.npz,ba12861885df63c19d3565d7f0c8ed5d04c11eee0601eb46bd39843a5ffa88c1,29ffb6de8c94c40bd1a59c1225fc210b045661278da9c30878af8cd07851dbdd,de1c10041a456f299f542fc01cc6a62cef68c4596fefe1c16aa023deeeb845d0,9,4.085906188537854,13.588349442114781,0.0,False,False
S121,consumed_test_role,1,SYMMETRY_DP,RigidD,/raid5/xuhd/datasets/prone_reference_mesh_interface_v1_20261004/bindings/S121_1_SYMMETRY_DP_RigidD.npz,29e0bb40b624cb9619ae10ca904104a08179ddbeecfee4a7cf27b0cbd9530049,a1fd98fbbc846bedac9e971736abd9b9f37a70bb41c5b8eff1eb1a99fdc8fa6e,de1c10041a456f299f542fc01cc6a62cef68c4596fefe1c16aa023deeeb845d0,9,3.0742277787885968,5.961490945404413,0.0,False,False
S121,consumed_test_role,1,GROOVE_DP,Official,/raid5/xuhd/datasets/prone_reference_mesh_interface_v1_20261004/bindings/S121_1_GROOVE_DP_Official.npz,0d00972ceca7b04a963ff0eb01d053215c16f040bc37634c07aee1dcf3b3ef6f,71b6b7c3bde6d6036cc7b7a7e14c7e598394cbf749f19657d2f7ebc6bb68a6b9,7871897f757bb22b32e08b9a81f0a75dfeb3eff8a42d2762b7aff9c57d7d371f,9,79.95191258634385,97.49520795728904,0.0,False,False
S121,consumed_test_role,1,GROOVE_DP,Rigid,/raid5/xuhd/datasets/prone_reference_mesh_interface_v1_20261004/bindings/S121_1_GROOVE_DP_Rigid.npz,6d9da071d5fdaff8ca1f46da70ef52ca49a57a022d3bbb194ba612627ece9bb0,29ffb6de8c94c40bd1a59c1225fc210b045661278da9c30878af8cd07851dbdd,7871897f757bb22b32e08b9a81f0a75dfeb3eff8a42d2762b7aff9c57d7d371f,9,3.0184162167444395,9.151269037311687,0.0,False,False
S121,consumed_test_role,1,GROOVE_DP,RigidD,/raid5/xuhd/datasets/prone_reference_mesh_interface_v1_20261004/bindings/S121_1_GROOVE_DP_RigidD.npz,73f965c2ceb77486addde3ca566ede4a1261adca97908d6902ec15f72671f13b,a1fd98fbbc846bedac9e971736abd9b9f37a70bb41c5b8eff1eb1a99fdc8fa6e,7871897f757bb22b32e08b9a81f0a75dfeb3eff8a42d2762b7aff9c57d7d371f,9,2.117648155281991,4.939231159525787,0.0,False,False
S121,consumed_test_role,2,BOUNDARY_CENTER,Official,/raid5/xuhd/datasets/prone_reference_mesh_interface_v1_20261004/bindings/S121_2_BOUNDARY_CENTER_Official.npz,ef02ab09181f0c07e5c9abf290ab4514ca48a80ac1cbbc46d6e792d92772a8c1,71b6b7c3bde6d6036cc7b7a7e14c7e598394cbf749f19657d2f7ebc6bb68a6b9,f4f13e425c6c8c61a56e19106721807aa26ea3ec71cb62f2c5e5229e878a6761,9,85.5414000390528,105.80570125200586,0.0,False,False
S121,consumed_test_role,2,BOUNDARY_CENTER,Rigid,/raid5/xuhd/datasets/prone_reference_mesh_interface_v1_20261004/bindings/S121_2_BOUNDARY_CENTER_Rigid.npz,4ac77db250c0e7a9f29fd8dc1f527724fda76fc55a8b543381eb23764c837fad,dd85bef44b69225ad8c5c4a6929ad31c24c67afe4287f14f54952d1ebc25753a,f4f13e425c6c8c61a56e19106721807aa26ea3ec71cb62f2c5e5229e878a6761,9,6.097990088785099,14.241929139365917,0.0,False,False
S121,consumed_test_role,2,BOUNDARY_CENTER,RigidD,/raid5/xuhd/datasets/prone_reference_mesh_interface_v1_20261004/bindings/S121_2_BOUNDARY_CENTER_RigidD.npz,8130fc82aed87d283934ac01e40866720d08c41f9a24a2b9dc569cc8247a252c,6408f83ad02cc399b8a8d48e925bce16f5b7228b5b2f77e526d4b19dd19bc9c8,f4f13e425c6c8c61a56e19106721807aa26ea3ec71cb62f2c5e5229e878a6761,9,2.6190497234848213,4.6723446479701884,0.0,False,False
S121,consumed_test_role,2,GROOVE_DP,Official,/raid5/xuhd/datasets/prone_reference_mesh_interface_v1_20261004/bindings/S121_2_GROOVE_DP_Official.npz,9cdf2fa03065fc4b6cddc89fa3849b58b41387d98272672dfa2749d8ceaa090a,71b6b7c3bde6d6036cc7b7a7e14c7e598394cbf749f19657d2f7ebc6bb68a6b9,271e05cff9f74c76278a924d76d85717e6a4276a33c9579f435538f2b23988f9,9,84.03796665227026,104.56583442155925,0.0,False,False
S121,consumed_test_role,2,GROOVE_DP,Rigid,/raid5/xuhd/datasets/prone_reference_mesh_interface_v1_20261004/bindings/S121_2_GROOVE_DP_Rigid.npz,36eefcb18cfa2675cbf81999654e27197402c3dca65ddcaa7a745fce5baa7e6d,dd85bef44b69225ad8c5c4a6929ad31c24c67afe4287f14f54952d1ebc25753a,271e05cff9f74c76278a924d76d85717e6a4276a33c9579f435538f2b23988f9,9,3.131383371457309,9.354563613944485,0.0,False,False
S121,consumed_test_role,2,GROOVE_DP,RigidD,/raid5/xuhd/datasets/prone_reference_mesh_interface_v1_20261004/bindings/S121_2_GROOVE_DP_RigidD.npz,b076b6afef927c2820a7eb49a6929d8c372b4d849b9c538e6e2a383c18cb9529,6408f83ad02cc399b8a8d48e925bce16f5b7228b5b2f77e526d4b19dd19bc9c8,271e05cff9f74c76278a924d76d85717e6a4276a33c9579f435538f2b23988f9,9,1.3419517920682396,4.0216637171199165,0.0,False,False
S130,consumed_test_role,0,BOUNDARY_CENTER,Official,/raid5/xuhd/datasets/prone_reference_mesh_interface_v1_20261004/bindings/S130_0_BOUNDARY_CENTER_Official.npz,2ad804e1ca492d4cb24720b8e78b870abfe21f4b16272cf93f32b3db1a192bdf,5677b97abe29bc1df6a28fcb74bfacc0d19ca400c072f96f12156a643b2005d9,d9774d83f49194cb5f42722c7c82a3e1b5372ba010cd36131e9920ad9f939c4c,9,196.1254853673812,199.14737579139398,0.0,False,False
S130,consumed_test_role,0,BOUNDARY_CENTER,Rigid,/raid5/xuhd/datasets/prone_reference_mesh_interface_v1_20261004/bindings/S130_0_BOUNDARY_CENTER_Rigid.npz,08ff6c60c66e659c135dd6ede4fe60d9294bbd13fc79f462ba4fd7cbf8f3e5f5,9d5d84a04abf2b0c38970befb2dac4ac590f17712c70fbae950c8abc124bc130,d9774d83f49194cb5f42722c7c82a3e1b5372ba010cd36131e9920ad9f939c4c,9,7.579850306808822,18.133055639835256,0.0,False,False
S130,consumed_test_role,0,BOUNDARY_CENTER,RigidD,/raid5/xuhd/datasets/prone_reference_mesh_interface_v1_20261004/bindings/S130_0_BOUNDARY_CENTER_RigidD.npz,36b366e5c05cbd24aa8b8d465f366ff1018d7bb80a252eb1effc37973cd62389,0b537375eb70e9ee045cece788a20bde32f8a5575cff03e22223fac7747f4061,d9774d83f49194cb5f42722c7c82a3e1b5372ba010cd36131e9920ad9f939c4c,9,3.9210856749586553,11.900778345115889,0.0,False,False
S130,consumed_test_role,0,GROOVE_DP,Official,/raid5/xuhd/datasets/prone_reference_mesh_interface_v1_20261004/bindings/S130_0_GROOVE_DP_Official.npz,103835c8bedc58385c3d609e8323c94bf334bb2b26f6d6b42787df216f59cba6,5677b97abe29bc1df6a28fcb74bfacc0d19ca400c072f96f12156a643b2005d9,31d9ed6390b22b7ef4bd2810b6bb25c6509016373012397d240356ce977676b8,9,196.28449215380596,207.675263474691,0.0,False,False
S130,consumed_test_role,0,GROOVE_DP,Rigid,/raid5/xuhd/datasets/prone_reference_mesh_interface_v1_20261004/bindings/S130_0_GROOVE_DP_Rigid.npz,ac3e51fdf15a989fa15e3eecd04a409f68ee688b0fd02f319933cc2d24e68093,9d5d84a04abf2b0c38970befb2dac4ac590f17712c70fbae950c8abc124bc130,31d9ed6390b22b7ef4bd2810b6bb25c6509016373012397d240356ce977676b8,9,2.471985246252871,12.30468708515679,0.0,False,False
S130,consumed_test_role,0,GROOVE_DP,RigidD,/raid5/xuhd/datasets/prone_reference_mesh_interface_v1_20261004/bindings/S130_0_GROOVE_DP_RigidD.npz,31ee724834bb9b593d1de8c0fbb8a988546172e3c91e3e13bf673d3f036bf1d3,0b537375eb70e9ee045cece788a20bde32f8a5575cff03e22223fac7747f4061,31d9ed6390b22b7ef4bd2810b6bb25c6509016373012397d240356ce977676b8,9,2.3139930161476965,4.814379081664424,0.0,False,False
S130,consumed_test_role,1,BOUNDARY_CENTER,Official,/raid5/xuhd/datasets/prone_reference_mesh_interface_v1_20261004/bindings/S130_1_BOUNDARY_CENTER_Official.npz,559afcbb6eb9e0ba3b2e66bfd8f9c4d3f49e068f1693925a42617d22f07124ce,5677b97abe29bc1df6a28fcb74bfacc0d19ca400c072f96f12156a643b2005d9,73c95036ab7501be0173fb26f8a2f2e067a509c5486cd388027eefc3bcd8495d,9,196.08882821506856,200.24442121448268,0.0,False,False
S130,consumed_test_role,1,BOUNDARY_CENTER,Rigid,/raid5/xuhd/datasets/prone_reference_mesh_interface_v1_20261004/bindings/S130_1_BOUNDARY_CENTER_Rigid.npz,af232298b59a10c946431cbdeb3b2b2a8aaf010254799459f121266b4ec4e28d,2d36fd7d0fc153b309df94c0d43e63c866b4cb8e9672aa306c689ae8126d566a,73c95036ab7501be0173fb26f8a2f2e067a509c5486cd388027eefc3bcd8495d,9,8.198045271611202,18.246957714476416,0.0,False,False
S130,consumed_test_role,1,BOUNDARY_CENTER,RigidD,/raid5/xuhd/datasets/prone_reference_mesh_interface_v1_20261004/bindings/S130_1_BOUNDARY_CENTER_RigidD.npz,24d318078357a5d7ac75d573eb6d51b069ee4e78bbcff5926c0d213e52b360cb,0ec5e82702cc3d75318e82f2980c1e410ae8c92a833e496d530f93e02699efbf,73c95036ab7501be0173fb26f8a2f2e067a509c5486cd388027eefc3bcd8495d,9,2.858826716435282,13.828883147257988,0.0,False,False
S130,consumed_test_role,1,GROOVE_DP,Official,/raid5/xuhd/datasets/prone_reference_mesh_interface_v1_20261004/bindings/S130_1_GROOVE_DP_Official.npz,c1031d4ba38f3457ead05300371900826463c2b3c5141da09be83810d74ae8c5,5677b97abe29bc1df6a28fcb74bfacc0d19ca400c072f96f12156a643b2005d9,bdd8c654c81361ec09cec3f9e05f9fbaac873874a4dfdedc03230601324c9b38,9,196.02547394963406,198.6866708295043,0.0,False,False
S130,consumed_test_role,1,GROOVE_DP,Rigid,/raid5/xuhd/datasets/prone_reference_mesh_interface_v1_20261004/bindings/S130_1_GROOVE_DP_Rigid.npz,b05232c1a12ef94f91f5c9fa0017347fc901fd6700ec4c7839fd423ea6c152f5,2d36fd7d0fc153b309df94c0d43e63c866b4cb8e9672aa306c689ae8126d566a,bdd8c654c81361ec09cec3f9e05f9fbaac873874a4dfdedc03230601324c9b38,9,1.6983797447463016,11.456973835958584,0.0,False,False
S130,consumed_test_role,1,GROOVE_DP,RigidD,/raid5/xuhd/datasets/prone_reference_mesh_interface_v1_20261004/bindings/S130_1_GROOVE_DP_RigidD.npz,8b48e837f5b147e55f47e63212ddbedacedf9054e64eb983da51ec23321b467d,0ec5e82702cc3d75318e82f2980c1e410ae8c92a833e496d530f93e02699efbf,bdd8c654c81361ec09cec3f9e05f9fbaac873874a4dfdedc03230601324c9b38,9,1.7258198280379582,9.147421794485753,0.0,False,False
S130,consumed_test_role,2,BOUNDARY_CENTER,Official,/raid5/xuhd/datasets/prone_reference_mesh_interface_v1_20261004/bindings/S130_2_BOUNDARY_CENTER_Official.npz,51e767c24b52c136f8b270ded3edac138db111a541d1bd05ee49676fc4d4c160,5677b97abe29bc1df6a28fcb74bfacc0d19ca400c072f96f12156a643b2005d9,acb74a50501bdb17ddefc4d0ab431852f5cb18486156673d435f1a2e08382145,9,196.90085943142452,202.1291317596332,0.0,False,False
S130,consumed_test_role,2,BOUNDARY_CENTER,Rigid,/raid5/xuhd/datasets/prone_reference_mesh_interface_v1_20261004/bindings/S130_2_BOUNDARY_CENTER_Rigid.npz,b60459a7145f89a9a1eea7cfa07a8ad9269c7398bcb29d5607015d7f4bf54af6,58fa3ac127d28c475668d2dd9a3e172b6acb6b04c285b0873286bbe77580afb5,acb74a50501bdb17ddefc4d0ab431852f5cb18486156673d435f1a2e08382145,9,5.298504344956255,15.770484250103477,0.0,False,False
S130,consumed_test_role,2,BOUNDARY_CENTER,RigidD,/raid5/xuhd/datasets/prone_reference_mesh_interface_v1_20261004/bindings/S130_2_BOUNDARY_CENTER_RigidD.npz,6d0a52e20b2533f5025c60c8b5364d41eca3a32ac5d4f1e8195f10c9b31ccf92,7c5438f5e69c567fccee6f87f577ac2aeb30d3df1bd10e616e9cbd6ef4a99bad,acb74a50501bdb17ddefc4d0ab431852f5cb18486156673d435f1a2e08382145,9,1.6641593075832855,4.788811924530494,0.0,False,False
S130,consumed_test_role,2,SYMMETRY_DP,Official,/raid5/xuhd/datasets/prone_reference_mesh_interface_v1_20261004/bindings/S130_2_SYMMETRY_DP_Official.npz,d85b62682e3e479197b013c02c98614dac4927dd45f56cb375e7db95f79ad169,5677b97abe29bc1df6a28fcb74bfacc0d19ca400c072f96f12156a643b2005d9,005dba2da564d5550dee2be087fa8e3476d7cdcee03ec59b318acf2cac7a103d,9,197.14575742501418,208.6907402103827,0.0,False,False
S130,consumed_test_role,2,SYMMETRY_DP,Rigid,/raid5/xuhd/datasets/prone_reference_mesh_interface_v1_20261004/bindings/S130_2_SYMMETRY_DP_Rigid.npz,4a145acfbeb467d2f178b2d5f11d5163b4d0c438f0d21dba0f5b599e236ebfc0,58fa3ac127d28c475668d2dd9a3e172b6acb6b04c285b0873286bbe77580afb5,005dba2da564d5550dee2be087fa8e3476d7cdcee03ec59b318acf2cac7a103d,9,5.375707928446768,13.028038306930593,0.0,False,False
S130,consumed_test_role,2,SYMMETRY_DP,RigidD,/raid5/xuhd/datasets/prone_reference_mesh_interface_v1_20261004/bindings/S130_2_SYMMETRY_DP_RigidD.npz,0e82e4ce56bbf325d76e3305d2201bc94e2710d98086447a3fd03e8e6f3ad21c,7c5438f5e69c567fccee6f87f577ac2aeb30d3df1bd10e616e9cbd6ef4a99bad,005dba2da564d5550dee2be087fa8e3476d7cdcee03ec59b318acf2cac7a103d,9,1.4082454010738006,3.1699651034357332,0.0,False,False
S130,consumed_test_role,2,GROOVE_DP,Official,/raid5/xuhd/datasets/prone_reference_mesh_interface_v1_20261004/bindings/S130_2_GROOVE_DP_Official.npz,ef5e59bcb1aaa6c0a97187e08f0eeebedbd3382147ad9d68085d65ada8f0f90b,5677b97abe29bc1df6a28fcb74bfacc0d19ca400c072f96f12156a643b2005d9,0a6a39e53be7d4eac08b4461d36a4b6a489bb2cbd001a5b09894a3c3bbff7594,9,196.98170844548406,202.93948294679433,0.0,False,False
S130,consumed_test_role,2,GROOVE_DP,Rigid,/raid5/xuhd/datasets/prone_reference_mesh_interface_v1_20261004/bindings/S130_2_GROOVE_DP_Rigid.npz,35e8397f990c19922cf95b6ea32a37f7900e978b032212f9324a2839c1ec0e47,58fa3ac127d28c475668d2dd9a3e172b6acb6b04c285b0873286bbe77580afb5,0a6a39e53be7d4eac08b4461d36a4b6a489bb2cbd001a5b09894a3c3bbff7594,9,2.3921162071162088,11.791851638074005,0.0,False,False
S130,consumed_test_role,2,GROOVE_DP,RigidD,/raid5/xuhd/datasets/prone_reference_mesh_interface_v1_20261004/bindings/S130_2_GROOVE_DP_RigidD.npz,412395285a8064143ef49424ebbec36a7c41890e2cea58a3739eaca1a7d6eb21,7c5438f5e69c567fccee6f87f577ac2aeb30d3df1bd10e616e9cbd6ef4a99bad,0a6a39e53be7d4eac08b4461d36a4b6a489bb2cbd001a5b09894a3c3bbff7594,9,1.7171090341060253,4.423712287640949,0.0,False,False
S134,consumed_test_role,0,BOUNDARY_CENTER,Official,/raid5/xuhd/datasets/prone_reference_mesh_interface_v1_20261004/bindings/S134_0_BOUNDARY_CENTER_Official.npz,34b8ff2f629931ef67768d8642fe306fd5ca86a62ead289b9f155d42031cbac4,66d850ea711362f7641fee92cd60d1ad36fdd79f85b23a7f27fa4fbd8d75be5c,76d890d661b1722d1c12883f598acecb701a46a4193865f9caae8c026e6ed296,9,223.03911605980431,231.0038153889297,0.0,False,False
S134,consumed_test_role,0,BOUNDARY_CENTER,Rigid,/raid5/xuhd/datasets/prone_reference_mesh_interface_v1_20261004/bindings/S134_0_BOUNDARY_CENTER_Rigid.npz,58e7c8b9022f868f11dc7e9baea0033f91da01dcdbc2641702d4f9b18959d5bf,b6840499ba3691de4172ece248b9cbfd39ed9d3cc4339631dcea6549afcc2ac8,76d890d661b1722d1c12883f598acecb701a46a4193865f9caae8c026e6ed296,9,17.553654592936645,28.110935448098182,0.0,False,False
S134,consumed_test_role,0,BOUNDARY_CENTER,RigidD,/raid5/xuhd/datasets/prone_reference_mesh_interface_v1_20261004/bindings/S134_0_BOUNDARY_CENTER_RigidD.npz,286fffced704782ca862adabe2bf2b88c8f0b91ec76bfd00594e349959592f48,205be0d9572b11b7b45c42e68191382b851849a2dac4bd2d913140a194175680,76d890d661b1722d1c12883f598acecb701a46a4193865f9caae8c026e6ed296,9,2.0701637101097567,5.7212843170954555,0.0,False,False
S134,consumed_test_role,0,GROOVE_DP,Official,/raid5/xuhd/datasets/prone_reference_mesh_interface_v1_20261004/bindings/S134_0_GROOVE_DP_Official.npz,47555349ebbf444e5ff8af8810081b7b4d7baeef8f6128c0b8ba98c49c55519d,66d850ea711362f7641fee92cd60d1ad36fdd79f85b23a7f27fa4fbd8d75be5c,145c42a1ee4fe8ec3ae7d19f222bc8e0fa33b5a6b5183ba0eead18dc7b4fb104,9,217.10170633978447,226.3354674347647,0.0,False,False
S134,consumed_test_role,0,GROOVE_DP,Rigid,/raid5/xuhd/datasets/prone_reference_mesh_interface_v1_20261004/bindings/S134_0_GROOVE_DP_Rigid.npz,3ba035b8537b1acc993cf6beaf94934127c5892c03649ee0ae77035647c0ba40,b6840499ba3691de4172ece248b9cbfd39ed9d3cc4339631dcea6549afcc2ac8,145c42a1ee4fe8ec3ae7d19f222bc8e0fa33b5a6b5183ba0eead18dc7b4fb104,9,10.218376421926939,15.31705365091318,0.0,False,False
S134,consumed_test_role,0,GROOVE_DP,RigidD,/raid5/xuhd/datasets/prone_reference_mesh_interface_v1_20261004/bindings/S134_0_GROOVE_DP_RigidD.npz,cc6ba6d886d3ed54333da74f30137ea17e0ce232fbede81c16bb9300e0c5b59b,205be0d9572b11b7b45c42e68191382b851849a2dac4bd2d913140a194175680,145c42a1ee4fe8ec3ae7d19f222bc8e0fa33b5a6b5183ba0eead18dc7b4fb104,9,1.4847965138262558,5.239598823692117,0.0,False,False
S134,consumed_test_role,1,BOUNDARY_CENTER,Official,/raid5/xuhd/datasets/prone_reference_mesh_interface_v1_20261004/bindings/S134_1_BOUNDARY_CENTER_Official.npz,48678739928463a1da90e4a0419c8280572bb0db527ff7520aa05ff5ab5b7edb,66d850ea711362f7641fee92cd60d1ad36fdd79f85b23a7f27fa4fbd8d75be5c,285965e61e924d92429754963ab1226feb41233732e09eebf1c2ac88fd90eca0,9,221.76828754013312,230.645698085343,0.0,False,False
S134,consumed_test_role,1,BOUNDARY_CENTER,Rigid,/raid5/xuhd/datasets/prone_reference_mesh_interface_v1_20261004/bindings/S134_1_BOUNDARY_CENTER_Rigid.npz,4e76a5bc806355dcca00fb3b091f1d15033f190ef948366f922557fb014bc767,54e020426fe9a0b930db79d0c3400c29b85f6ec6ce400c133642d2130730bf2e,285965e61e924d92429754963ab1226feb41233732e09eebf1c2ac88fd90eca0,9,13.761152218156369,31.974374032620204,0.0,False,False
S134,consumed_test_role,1,BOUNDARY_CENTER,RigidD,/raid5/xuhd/datasets/prone_reference_mesh_interface_v1_20261004/bindings/S134_1_BOUNDARY_CENTER_RigidD.npz,112f1a9a88c616e4a89269b40fc256ad80a158b651bc6cdf8069cc74b310ca83,66a980b285f05d10ece1623531c096bcc634cd7371296b37f70c1abdc984160d,285965e61e924d92429754963ab1226feb41233732e09eebf1c2ac88fd90eca0,9,0.945293644534118,11.003133126852159,0.0,False,False
S134,consumed_test_role,1,GROOVE_DP,Official,/raid5/xuhd/datasets/prone_reference_mesh_interface_v1_20261004/bindings/S134_1_GROOVE_DP_Official.npz,ca73a148a538f569467962633e92d0ce64a298ebb933f73370177c7d1a1551e5,66d850ea711362f7641fee92cd60d1ad36fdd79f85b23a7f27fa4fbd8d75be5c,fa41d36c063dbfae70d3ee3b3e8f7240048cb7e6b88bce884e8a656e109d79ec,9,217.44492150106146,227.1365382834766,0.0,False,False
S134,consumed_test_role,1,GROOVE_DP,Rigid,/raid5/xuhd/datasets/prone_reference_mesh_interface_v1_20261004/bindings/S134_1_GROOVE_DP_Rigid.npz,e79d3248eba176b31a373774e685ad488929a28ea68475567125af8f2736f016,54e020426fe9a0b930db79d0c3400c29b85f6ec6ce400c133642d2130730bf2e,fa41d36c063dbfae70d3ee3b3e8f7240048cb7e6b88bce884e8a656e109d79ec,9,11.60379308822427,17.212897107756568,0.0,False,False
S134,consumed_test_role,1,GROOVE_DP,RigidD,/raid5/xuhd/datasets/prone_reference_mesh_interface_v1_20261004/bindings/S134_1_GROOVE_DP_RigidD.npz,29946c063148d18e0a07b5ad479c0b62cd34a4fbaa8e53fea556f1abc8c2305b,66a980b285f05d10ece1623531c096bcc634cd7371296b37f70c1abdc984160d,fa41d36c063dbfae70d3ee3b3e8f7240048cb7e6b88bce884e8a656e109d79ec,9,1.9190068410575518,5.081990496574518,0.0,False,False
S134,consumed_test_role,2,BOUNDARY_CENTER,Official,/raid5/xuhd/datasets/prone_reference_mesh_interface_v1_20261004/bindings/S134_2_BOUNDARY_CENTER_Official.npz,4aea0b38b8e283562158cb192db934c585b2740e8d2e6ad3a51f69ddcf2b5149,66d850ea711362f7641fee92cd60d1ad36fdd79f85b23a7f27fa4fbd8d75be5c,d0ae6b731b3f04c42a2f9850dace9e6b06b0394aa3c5e6eb0db247d9a9333ce1,9,223.96055760483128,229.01512043847086,0.0,False,False
S134,consumed_test_role,2,BOUNDARY_CENTER,Rigid,/raid5/xuhd/datasets/prone_reference_mesh_interface_v1_20261004/bindings/S134_2_BOUNDARY_CENTER_Rigid.npz,d257c05ee7d1776352dd4ddb1cf530473f31bdbb81a385c6de20277872511616,6401207f72bc3fc6bcda36fe8750f042ba95e9fc518c7bf6bdfc76fe204b8628,d0ae6b731b3f04c42a2f9850dace9e6b06b0394aa3c5e6eb0db247d9a9333ce1,9,12.072255175971446,17.202647013478373,0.0,False,False
S134,consumed_test_role,2,BOUNDARY_CENTER,RigidD,/raid5/xuhd/datasets/prone_reference_mesh_interface_v1_20261004/bindings/S134_2_BOUNDARY_CENTER_RigidD.npz,5e84c1886e16a75e5367908c2353cb5bfda39d1ca6fea084d0f95a13d0a8f4d4,e0cce4baad1aae4be587a75afde2df0bbfc7b856b1c21f402fde12315f69cc67,d0ae6b731b3f04c42a2f9850dace9e6b06b0394aa3c5e6eb0db247d9a9333ce1,9,3.091441836414744,6.291522657235497,0.0,False,False
S134,consumed_test_role,2,GROOVE_DP,Official,/raid5/xuhd/datasets/prone_reference_mesh_interface_v1_20261004/bindings/S134_2_GROOVE_DP_Official.npz,2ab8ba66816752b1d6d6e1570b762f413ad455fcb13007e99c57f1118b23f6e9,66d850ea711362f7641fee92cd60d1ad36fdd79f85b23a7f27fa4fbd8d75be5c,94f210c8ae15bc3593d0d6aed68b33fde56ce75615a2fa96681e67de0cc28aea,9,217.28725834180426,226.68652929693292,0.0,False,False
S134,consumed_test_role,2,GROOVE_DP,Rigid,/raid5/xuhd/datasets/prone_reference_mesh_interface_v1_20261004/bindings/S134_2_GROOVE_DP_Rigid.npz,c458e611687953d12bd5ee1a554a027f267318dea0af31fcca493a613c1049e4,6401207f72bc3fc6bcda36fe8750f042ba95e9fc518c7bf6bdfc76fe204b8628,94f210c8ae15bc3593d0d6aed68b33fde56ce75615a2fa96681e67de0cc28aea,9,4.786323922043967,15.854909923407803,0.0,False,False
S134,consumed_test_role,2,GROOVE_DP,RigidD,/raid5/xuhd/datasets/prone_reference_mesh_interface_v1_20261004/bindings/S134_2_GROOVE_DP_RigidD.npz,7e6dfe40160ebea26e39103cd3a7f3a3b70eddd610f8e14cbc431873ac518499,e0cce4baad1aae4be587a75afde2df0bbfc7b856b1c21f402fde12315f69cc67,94f210c8ae15bc3593d0d6aed68b33fde56ce75615a2fa96681e67de0cc28aea,9,2.152628719561562,4.658349423442532,0.0,False,False
S140,consumed_test_role,0,BOUNDARY_CENTER,Official,/raid5/xuhd/datasets/prone_reference_mesh_interface_v1_20261004/bindings/S140_0_BOUNDARY_CENTER_Official.npz,74c8a0b2abcd15c34bbcb33517558d96cc8aa8f86a2c10cb96edaa98f8dafaaf,b398c34058daa41c6ce21570578a19a6ac457a22b47611049215daa1f1b1877d,5bf540588eb7f2617638469443011d346c5b7a7311ae14487c21d8ccadc6eaf2,9,208.37764756300552,211.19771355412487,0.0,False,False
S140,consumed_test_role,0,BOUNDARY_CENTER,Rigid,/raid5/xuhd/datasets/prone_reference_mesh_interface_v1_20261004/bindings/S140_0_BOUNDARY_CENTER_Rigid.npz,340ad69de7098939e54e99d0f1887f8dda1498597dd7ffd6b871dbb9c37dbab3,bd4f3d1b0e1294d7b769e2c4f3a687b436fb107caf8dee48f36fd65741d176bf,5bf540588eb7f2617638469443011d346c5b7a7311ae14487c21d8ccadc6eaf2,9,7.8387500848268905,20.715006520882703,0.0,False,False
S140,consumed_test_role,0,BOUNDARY_CENTER,RigidD,/raid5/xuhd/datasets/prone_reference_mesh_interface_v1_20261004/bindings/S140_0_BOUNDARY_CENTER_RigidD.npz,415e26a8e0ca38c127343ec8242c20f58c18a2f557f624856cf82d2d4be78f5a,83773446878a95f2fb91019a51eac203f9927d077fbc7abc5426a1ba18fb48d4,5bf540588eb7f2617638469443011d346c5b7a7311ae14487c21d8ccadc6eaf2,9,3.085239131598147,4.484137662910057,0.0,False,False
S140,consumed_test_role,0,GROOVE_DP,Official,/raid5/xuhd/datasets/prone_reference_mesh_interface_v1_20261004/bindings/S140_0_GROOVE_DP_Official.npz,c05383da5587fba7fd8d565c0e7f1e54243e5e898d8ea816854d1a74abe12793,b398c34058daa41c6ce21570578a19a6ac457a22b47611049215daa1f1b1877d,eff7ae488c0afc856607df322faafa0be09b96d80112a5811229a788ed066276,9,207.71341692127595,210.9235515511892,0.0,False,False
S140,consumed_test_role,0,GROOVE_DP,Rigid,/raid5/xuhd/datasets/prone_reference_mesh_interface_v1_20261004/bindings/S140_0_GROOVE_DP_Rigid.npz,ce670af0d387e376bab5540b65110b21571d16539897b89dbe44f6d1954089bd,bd4f3d1b0e1294d7b769e2c4f3a687b436fb107caf8dee48f36fd65741d176bf,eff7ae488c0afc856607df322faafa0be09b96d80112a5811229a788ed066276,9,6.790038379081802,18.16048781244514,0.0,False,False
S140,consumed_test_role,0,GROOVE_DP,RigidD,/raid5/xuhd/datasets/prone_reference_mesh_interface_v1_20261004/bindings/S140_0_GROOVE_DP_RigidD.npz,b1a50c987bcc73312795464f35a63d934445fc6ab7dfb0c7ed227ffa25d82ba4,83773446878a95f2fb91019a51eac203f9927d077fbc7abc5426a1ba18fb48d4,eff7ae488c0afc856607df322faafa0be09b96d80112a5811229a788ed066276,9,1.522578802067086,3.1318967662060335,0.0,False,False
S140,consumed_test_role,1,BOUNDARY_CENTER,Official,/raid5/xuhd/datasets/prone_reference_mesh_interface_v1_20261004/bindings/S140_1_BOUNDARY_CENTER_Official.npz,e33f71ef801be7468a2b5b7a5ab5f515cbbf68984e3d5145a55b02300eb0230f,b398c34058daa41c6ce21570578a19a6ac457a22b47611049215daa1f1b1877d,0752171c3d4a7bf28fcffce0419d90b64aea78e7d4ee2c636dba623952d0c5a9,9,206.72385276122577,211.10716041751834,0.0,False,False
S140,consumed_test_role,1,BOUNDARY_CENTER,Rigid,/raid5/xuhd/datasets/prone_reference_mesh_interface_v1_20261004/bindings/S140_1_BOUNDARY_CENTER_Rigid.npz,ba453a15a06e45c0b649c76453a28274d7b40adc73139a0d255b404efb9b87da,3de0978f457f27a3ba907c683ce81c56f051d863c1bf69f1fbbe0a49b3c22a0b,0752171c3d4a7bf28fcffce0419d90b64aea78e7d4ee2c636dba623952d0c5a9,9,7.383378236146069,19.01294580675847,0.0,False,False
S140,consumed_test_role,1,BOUNDARY_CENTER,RigidD,/raid5/xuhd/datasets/prone_reference_mesh_interface_v1_20261004/bindings/S140_1_BOUNDARY_CENTER_RigidD.npz,7ba2b23c49a0e09b7213c5626014b6896247ec75e57e1b1d67cf7f4247b45bd1,aba59cb30622477d1c74cb41f007e53e3b158ada26c4f645b9607827d278542d,0752171c3d4a7bf28fcffce0419d90b64aea78e7d4ee2c636dba623952d0c5a9,9,2.042326384700842,4.746077987976708,0.0,False,False
S140,consumed_test_role,2,BOUNDARY_CENTER,Official,/raid5/xuhd/datasets/prone_reference_mesh_interface_v1_20261004/bindings/S140_2_BOUNDARY_CENTER_Official.npz,1134d9013ceb1d7888b823fd6ff46d7ec40b62e0b01c7a80644a3c46b21403df,b398c34058daa41c6ce21570578a19a6ac457a22b47611049215daa1f1b1877d,9ba0325a1456205ebf8139fdff638003ef250b68cfc9f988c9b80ce4384bbfdd,9,204.816506999331,210.00630498420387,0.0,False,False
S140,consumed_test_role,2,BOUNDARY_CENTER,Rigid,/raid5/xuhd/datasets/prone_reference_mesh_interface_v1_20261004/bindings/S140_2_BOUNDARY_CENTER_Rigid.npz,985ef50ac779feb08bf36b9a5bb306be02bbee538076ad53fb5fd4095bd36cf6,04ad999b55d545b7474667bca6336645757c16ab1c1a357b299639ac7a5635f2,9ba0325a1456205ebf8139fdff638003ef250b68cfc9f988c9b80ce4384bbfdd,9,4.889983393038185,14.475146410783156,0.0,False,False
S140,consumed_test_role,2,BOUNDARY_CENTER,RigidD,/raid5/xuhd/datasets/prone_reference_mesh_interface_v1_20261004/bindings/S140_2_BOUNDARY_CENTER_RigidD.npz,a107622d4f888c3b01495e340e917f68489d9db31288d6787bca42f5af02a473,37155fba8034da82e7237757e77750680611b004bd11b3533fc6b624c90b5dee,9ba0325a1456205ebf8139fdff638003ef250b68cfc9f988c9b80ce4384bbfdd,9,1.714392694626454,5.727031930258547,0.0,False,False
S140,consumed_test_role,2,GROOVE_DP,Official,/raid5/xuhd/datasets/prone_reference_mesh_interface_v1_20261004/bindings/S140_2_GROOVE_DP_Official.npz,8eb69de71cf151a0e98042e904fae90b6771aae97220b86f7890397bd3e59be4,b398c34058daa41c6ce21570578a19a6ac457a22b47611049215daa1f1b1877d,bad15e32ab83bb1ffab22cd91be224044971b534249921f55164194b10e75591,9,199.45550578674147,207.80863859402996,0.0,False,False
S140,consumed_test_role,2,GROOVE_DP,Rigid,/raid5/xuhd/datasets/prone_reference_mesh_interface_v1_20261004/bindings/S140_2_GROOVE_DP_Rigid.npz,22b92389706f32a2b22f90ea3aeffa51df4e37ab698604d79bc900e90a397285,04ad999b55d545b7474667bca6336645757c16ab1c1a357b299639ac7a5635f2,bad15e32ab83bb1ffab22cd91be224044971b534249921f55164194b10e75591,9,10.759138889446264,14.237602670691237,0.0,False,False
S140,consumed_test_role,2,GROOVE_DP,RigidD,/raid5/xuhd/datasets/prone_reference_mesh_interface_v1_20261004/bindings/S140_2_GROOVE_DP_RigidD.npz,b8f947dd021bba5d91908346dea7798bdfdd511ed1b74674d09b0201ecd86d64,37155fba8034da82e7237757e77750680611b004bd11b3533fc6b624c90b5dee,bad15e32ab83bb1ffab22cd91be224044971b534249921f55164194b10e75591,9,2.2930960750906437,4.54729705088108,0.0,False,False
S141,consumed_test_role,0,BOUNDARY_CENTER,Official,/raid5/xuhd/datasets/prone_reference_mesh_interface_v1_20261004/bindings/S141_0_BOUNDARY_CENTER_Official.npz,7900d666524aa22414d24effc2c2616fcd01bcb9e2e4984c38972f1eb6ce3f32,be3df7bd2ebebed1ff77762a02eb50dfb146f49b18587ec7a50d620e321583ca,17a524e95c121cec53cbab98888fd9120c117e5a06aad57de2155e925b66d3f8,9,176.26239381588758,188.80396763988585,0.0,False,False
S141,consumed_test_role,0,BOUNDARY_CENTER,Rigid,/raid5/xuhd/datasets/prone_reference_mesh_interface_v1_20261004/bindings/S141_0_BOUNDARY_CENTER_Rigid.npz,6109b52e3e9dbdbb26292891234ca64a822a363d4ae8d14826acf560f2ed39b5,93ee34fc2e459bc774f33f18ebe239536157ebc56393e1e95f723477bfd17b8c,17a524e95c121cec53cbab98888fd9120c117e5a06aad57de2155e925b66d3f8,9,5.028513058144089,9.361172600835333,0.0,False,False
S141,consumed_test_role,0,BOUNDARY_CENTER,RigidD,/raid5/xuhd/datasets/prone_reference_mesh_interface_v1_20261004/bindings/S141_0_BOUNDARY_CENTER_RigidD.npz,8476ee2d034f4077aa3b1f569a585dcf6af75bb537f7cbd6b4c9cf3faac3c52f,ba8958632a9bc2999b70224d272d30d4d256f95a44d094c87c04e13a1d9ad8f1,17a524e95c121cec53cbab98888fd9120c117e5a06aad57de2155e925b66d3f8,9,1.5345968955019873,5.028520978032545,0.0,False,False
S141,consumed_test_role,1,BOUNDARY_CENTER,Official,/raid5/xuhd/datasets/prone_reference_mesh_interface_v1_20261004/bindings/S141_1_BOUNDARY_CENTER_Official.npz,06088c94f5af0efefaff2184c83b782c4bbd191c326c65ffc69015f4d2bd2f47,be3df7bd2ebebed1ff77762a02eb50dfb146f49b18587ec7a50d620e321583ca,abe938cf262fcc44634ee59b488bcebf0293342600e63bebd165fe769c4493cc,9,172.64446586221106,184.36009617448715,0.0,False,False
S141,consumed_test_role,1,BOUNDARY_CENTER,Rigid,/raid5/xuhd/datasets/prone_reference_mesh_interface_v1_20261004/bindings/S141_1_BOUNDARY_CENTER_Rigid.npz,89d34ea5f0de3c9ee64860061f7194da1f1208252a14e2869d2f2753983b294e,279f58ae7c5cf54148ec5678bbaf5fdcb4d3f872960ce92aa70a633cc9e82c8d,abe938cf262fcc44634ee59b488bcebf0293342600e63bebd165fe769c4493cc,9,3.279167901240993,9.462079435933234,0.0,False,False
S141,consumed_test_role,1,BOUNDARY_CENTER,RigidD,/raid5/xuhd/datasets/prone_reference_mesh_interface_v1_20261004/bindings/S141_1_BOUNDARY_CENTER_RigidD.npz,b41e82e14633d13e277480903669051218e025df59faca38336f132ac0669139,503dfd6e7930dcaa805ccb98935485cc17a03b5e577bc70d5c9e558d63c868c9,abe938cf262fcc44634ee59b488bcebf0293342600e63bebd165fe769c4493cc,9,1.8789967946257653,5.301603555983332,0.0,False,False
S141,consumed_test_role,1,SYMMETRY_DP,Official,/raid5/xuhd/datasets/prone_reference_mesh_interface_v1_20261004/bindings/S141_1_SYMMETRY_DP_Official.npz,40ca271f54c4e3ac2208bfce7ce43314e0b93dcbb004d6efc531ccccb40a7dbe,be3df7bd2ebebed1ff77762a02eb50dfb146f49b18587ec7a50d620e321583ca,7f88dbbbead1a0fc82664a3712b7742d85bef9e577fe71edabe4d80e38e2da08,9,169.8946765234327,178.42009723815906,0.0,False,False
S141,consumed_test_role,1,SYMMETRY_DP,Rigid,/raid5/xuhd/datasets/prone_reference_mesh_interface_v1_20261004/bindings/S141_1_SYMMETRY_DP_Rigid.npz,26561b263affbb184c3dcc185ac3d440e432d23d24530e0a234710662849579d,279f58ae7c5cf54148ec5678bbaf5fdcb4d3f872960ce92aa70a633cc9e82c8d,7f88dbbbead1a0fc82664a3712b7742d85bef9e577fe71edabe4d80e38e2da08,9,4.71737109421699,12.217857244844598,0.0,False,False
S141,consumed_test_role,1,SYMMETRY_DP,RigidD,/raid5/xuhd/datasets/prone_reference_mesh_interface_v1_20261004/bindings/S141_1_SYMMETRY_DP_RigidD.npz,bb65800e40aab13d3b3390d82b116728d3476a875c3ad5b83cec14b6528b50cc,503dfd6e7930dcaa805ccb98935485cc17a03b5e577bc70d5c9e558d63c868c9,7f88dbbbead1a0fc82664a3712b7742d85bef9e577fe71edabe4d80e38e2da08,9,0.9151334001909048,6.080348590261578,0.0,False,False
S141,consumed_test_role,1,GROOVE_DP,Official,/raid5/xuhd/datasets/prone_reference_mesh_interface_v1_20261004/bindings/S141_1_GROOVE_DP_Official.npz,7f48ac8580d39ccd0c59961d14260da5e2d28fb7a4db847e6135c18c424e16c9,be3df7bd2ebebed1ff77762a02eb50dfb146f49b18587ec7a50d620e321583ca,7f261dbe22130c8dc76d1ba2a9c9ca1a7b51234878943fce4dc3d2d294975e8c,9,166.85896721214405,172.5775155955089,0.0,False,False
S141,consumed_test_role,1,GROOVE_DP,Rigid,/raid5/xuhd/datasets/prone_reference_mesh_interface_v1_20261004/bindings/S141_1_GROOVE_DP_Rigid.npz,fddb19aa72721f9532e23bd7751579994d7c15f3f7c33d6efaffe5c063d3aab2,279f58ae7c5cf54148ec5678bbaf5fdcb4d3f872960ce92aa70a633cc9e82c8d,7f261dbe22130c8dc76d1ba2a9c9ca1a7b51234878943fce4dc3d2d294975e8c,9,4.858228781587292,12.902001476093535,0.0,False,False
S141,consumed_test_role,1,GROOVE_DP,RigidD,/raid5/xuhd/datasets/prone_reference_mesh_interface_v1_20261004/bindings/S141_1_GROOVE_DP_RigidD.npz,e4f3c2fc7d9f6e791b8c1e67c534f4b9126062916f424873547734fb79e912dc,503dfd6e7930dcaa805ccb98935485cc17a03b5e577bc70d5c9e558d63c868c9,7f261dbe22130c8dc76d1ba2a9c9ca1a7b51234878943fce4dc3d2d294975e8c,9,3.558970085418542,6.016091123573358,0.0,False,False
S141,consumed_test_role,2,BOUNDARY_CENTER,Official,/raid5/xuhd/datasets/prone_reference_mesh_interface_v1_20261004/bindings/S141_2_BOUNDARY_CENTER_Official.npz,9347fb35958ba9a95f6fc95a71bead37cb55cc3b1167dbc0a26f3d2b2aff1648,be3df7bd2ebebed1ff77762a02eb50dfb146f49b18587ec7a50d620e321583ca,9f404ce988c82036ea690248027478e2cff98f1e98807640c80e1ce1d386801e,9,175.97368394017656,188.1446984477076,0.0,False,False
S141,consumed_test_role,2,BOUNDARY_CENTER,Rigid,/raid5/xuhd/datasets/prone_reference_mesh_interface_v1_20261004/bindings/S141_2_BOUNDARY_CENTER_Rigid.npz,6730c2b4f43b4894bdd331a1a11b5687c6f9f7b8ec10efc262f094abe7d7bc67,3522bdf28e5d982abb6aa83f91f6834398909a349c4450439a62d6d466948ad7,9f404ce988c82036ea690248027478e2cff98f1e98807640c80e1ce1d386801e,9,4.837188512798457,16.717346056581032,0.0,False,False
S141,consumed_test_role,2,BOUNDARY_CENTER,RigidD,/raid5/xuhd/datasets/prone_reference_mesh_interface_v1_20261004/bindings/S141_2_BOUNDARY_CENTER_RigidD.npz,daeb25d98fe48c1d75899ee8ad630075b78a8ff8bb8574e62c50cbe5ffb2c55d,450bc8f433527574e231e629a722ea7c08b4326d8900ee4d550263b3ba218d7b,9f404ce988c82036ea690248027478e2cff98f1e98807640c80e1ce1d386801e,9,2.6384447832192617,4.839406217175764,0.0,False,False
S141,consumed_test_role,2,GROOVE_DP,Official,/raid5/xuhd/datasets/prone_reference_mesh_interface_v1_20261004/bindings/S141_2_GROOVE_DP_Official.npz,779bd060f8519c1e6ebb1dd3163274c336b6dc383213b1f574ad4206ecaab426,be3df7bd2ebebed1ff77762a02eb50dfb146f49b18587ec7a50d620e321583ca,fecceff0f5303df71a51667ab0dcd7d470a45c8bce7bf3674ace0250f61660a2,9,174.89571818479317,188.64733458109473,0.0,False,False
S141,consumed_test_role,2,GROOVE_DP,Rigid,/raid5/xuhd/datasets/prone_reference_mesh_interface_v1_20261004/bindings/S141_2_GROOVE_DP_Rigid.npz,6e0bf35330efc23c82f93e0ad124176860c4375d0abe625cfe6d35a1a2be524e,3522bdf28e5d982abb6aa83f91f6834398909a349c4450439a62d6d466948ad7,fecceff0f5303df71a51667ab0dcd7d470a45c8bce7bf3674ace0250f61660a2,9,5.810990049540336,12.125706787327847,0.0,False,False
S141,consumed_test_role,2,GROOVE_DP,RigidD,/raid5/xuhd/datasets/prone_reference_mesh_interface_v1_20261004/bindings/S141_2_GROOVE_DP_RigidD.npz,5121b3f485703c8eeaa701d1985792cf29a505ce781c1b8cf2e435e97e724799,450bc8f433527574e231e629a722ea7c08b4326d8900ee4d550263b3ba218d7b,fecceff0f5303df71a51667ab0dcd7d470a45c8bce7bf3674ace0250f61660a2,9,3.2031501751282936,5.106311059923295,0.0,False,False
S145,consumed_test_role,0,BOUNDARY_CENTER,Official,/raid5/xuhd/datasets/prone_reference_mesh_interface_v1_20261004/bindings/S145_0_BOUNDARY_CENTER_Official.npz,a70c28e60a4e55a3dea055a5d40c44d50df3d2ec83de4969d659048312429079,98b25d7ace914f341b9c317ac4ac400e3f664db62cb718663418ec8d9a10728b,0073b4b3f732c01e654cf1978a16c915827e75bd2280321ccae177961f7141a4,9,160.28039467006653,175.9489623158714,0.0,False,False
S145,consumed_test_role,0,BOUNDARY_CENTER,Rigid,/raid5/xuhd/datasets/prone_reference_mesh_interface_v1_20261004/bindings/S145_0_BOUNDARY_CENTER_Rigid.npz,8f2a4e677132c57c4fdfc6c8e1200b2c6ee00361cab4091e11aa63b51e9fdb50,162ddd5c04b7b063bdd48f0d5c96e2a6845b75956d819fa93e51000a7f1e2493,0073b4b3f732c01e654cf1978a16c915827e75bd2280321ccae177961f7141a4,9,8.118018849506916,20.936301297367226,0.0,False,False
S145,consumed_test_role,0,BOUNDARY_CENTER,RigidD,/raid5/xuhd/datasets/prone_reference_mesh_interface_v1_20261004/bindings/S145_0_BOUNDARY_CENTER_RigidD.npz,428083cc859520470640dd5767d3dce6c999db1133c39ee7cedf1a51143443ae,18ca738e09410a70dd8ec33801dfff7482e774ebe9292897f5bd162a9887e48e,0073b4b3f732c01e654cf1978a16c915827e75bd2280321ccae177961f7141a4,9,5.271670905476476,10.51357688046806,0.0,False,False
S145,consumed_test_role,0,GROOVE_DP,Official,/raid5/xuhd/datasets/prone_reference_mesh_interface_v1_20261004/bindings/S145_0_GROOVE_DP_Official.npz,64213872074fd2c0b3318757a7edbb69dfa53a7971c64dc7a32e86d843023e3a,98b25d7ace914f341b9c317ac4ac400e3f664db62cb718663418ec8d9a10728b,1bdd238ad4cdbdb53424d8c37e47a6b7840075a4bb1a087c32b5589078fc92e0,9,159.76960818259587,176.64632465720598,0.0,False,False
S145,consumed_test_role,0,GROOVE_DP,Rigid,/raid5/xuhd/datasets/prone_reference_mesh_interface_v1_20261004/bindings/S145_0_GROOVE_DP_Rigid.npz,a4e86efb1cddda3c8408ebaf6f0543884dc817a782a2d4c665097c1c0fe5089a,162ddd5c04b7b063bdd48f0d5c96e2a6845b75956d819fa93e51000a7f1e2493,1bdd238ad4cdbdb53424d8c37e47a6b7840075a4bb1a087c32b5589078fc92e0,9,1.0431840680911466,19.413679815439547,0.0,False,False
S145,consumed_test_role,0,GROOVE_DP,RigidD,/raid5/xuhd/datasets/prone_reference_mesh_interface_v1_20261004/bindings/S145_0_GROOVE_DP_RigidD.npz,dd6829bf92ec43e648af5a97074b66f4133bf41f1571d9ca668cdbe428c6302b,18ca738e09410a70dd8ec33801dfff7482e774ebe9292897f5bd162a9887e48e,1bdd238ad4cdbdb53424d8c37e47a6b7840075a4bb1a087c32b5589078fc92e0,9,1.2289550478553506,8.644732557713512,0.0,False,False
S145,consumed_test_role,1,BOUNDARY_CENTER,Official,/raid5/xuhd/datasets/prone_reference_mesh_interface_v1_20261004/bindings/S145_1_BOUNDARY_CENTER_Official.npz,d9501859c50895414144c5a65d7dd470f6883053fde0434796e32f141cf92133,98b25d7ace914f341b9c317ac4ac400e3f664db62cb718663418ec8d9a10728b,fd0d5d5c54e82556b0ef570c0c1f1080cdac576d07c40adfac84c9a204101925,9,160.28084855134068,179.70970734619402,0.0,False,False
S145,consumed_test_role,1,BOUNDARY_CENTER,Rigid,/raid5/xuhd/datasets/prone_reference_mesh_interface_v1_20261004/bindings/S145_1_BOUNDARY_CENTER_Rigid.npz,ddef1bf691cb41228971585150fe4980da35887b18de326d5afbd3b9243cb25f,08bea9b51fdbba626a81428e36f3d9ec70a3fdba8f5d204e4f2daba5a70fc17e,fd0d5d5c54e82556b0ef570c0c1f1080cdac576d07c40adfac84c9a204101925,9,6.530199878106576,19.855662243161355,0.0,False,False
S145,consumed_test_role,1,BOUNDARY_CENTER,RigidD,/raid5/xuhd/datasets/prone_reference_mesh_interface_v1_20261004/bindings/S145_1_BOUNDARY_CENTER_RigidD.npz,7b4177c9e2dde2a82e548d275cbdbf2698593c5d1882046578a1ae187818472a,18fb977bd0af58c6fe5ddf09e5c96ce1d718795a2afa1cc91c3294499ff0b10a,fd0d5d5c54e82556b0ef570c0c1f1080cdac576d07c40adfac84c9a204101925,9,2.355041611531078,12.951517287672916,0.0,False,False
S145,consumed_test_role,1,GROOVE_DP,Official,/raid5/xuhd/datasets/prone_reference_mesh_interface_v1_20261004/bindings/S145_1_GROOVE_DP_Official.npz,2ec68aeba0ec708dc6948c4fa5deb679aa0e04a3ab02de98c646c432f717d59e,98b25d7ace914f341b9c317ac4ac400e3f664db62cb718663418ec8d9a10728b,5c2312da98be591eef9d1e7ddb7e497b4e8e5c894ac8fd022cbd6a03ef8ca630,9,162.89839028245459,180.7564936161236,0.0,False,False
S145,consumed_test_role,1,GROOVE_DP,Rigid,/raid5/xuhd/datasets/prone_reference_mesh_interface_v1_20261004/bindings/S145_1_GROOVE_DP_Rigid.npz,477ba699e161adaf5d55dc5a6e63562bcd9d477082af7279f3cc705aadeab113,08bea9b51fdbba626a81428e36f3d9ec70a3fdba8f5d204e4f2daba5a70fc17e,5c2312da98be591eef9d1e7ddb7e497b4e8e5c894ac8fd022cbd6a03ef8ca630,9,2.886884907778122,12.644745542260871,0.0,False,False
S145,consumed_test_role,1,GROOVE_DP,RigidD,/raid5/xuhd/datasets/prone_reference_mesh_interface_v1_20261004/bindings/S145_1_GROOVE_DP_RigidD.npz,d1a3745b840965af89efd3e0e40cbd995a12bbb8a5737a8bc62af6a74d6d43b3,18fb977bd0af58c6fe5ddf09e5c96ce1d718795a2afa1cc91c3294499ff0b10a,5c2312da98be591eef9d1e7ddb7e497b4e8e5c894ac8fd022cbd6a03ef8ca630,9,1.4658298005789139,6.134413438185845,0.0,False,False
S145,consumed_test_role,2,BOUNDARY_CENTER,Official,/raid5/xuhd/datasets/prone_reference_mesh_interface_v1_20261004/bindings/S145_2_BOUNDARY_CENTER_Official.npz,0a1271f6cd25f2f2f28093c98306d9da031eff8e39e9cad4b69d266fb370c179,98b25d7ace914f341b9c317ac4ac400e3f664db62cb718663418ec8d9a10728b,213a3e73e5f684987024b9857cc890b5aa113f0bb40263a06f94049a5dd79957,9,159.37175368556763,176.99185001406553,0.0,False,False
S145,consumed_test_role,2,BOUNDARY_CENTER,Rigid,/raid5/xuhd/datasets/prone_reference_mesh_interface_v1_20261004/bindings/S145_2_BOUNDARY_CENTER_Rigid.npz,bdaac337cc8cdec1d670f4402313d444e61607bd5173c33aebc6941c11628093,a43a6864c6a0b0a0c038252c4421bce3c75b9ad9b66062d803895c5d42d9d471,213a3e73e5f684987024b9857cc890b5aa113f0bb40263a06f94049a5dd79957,9,6.694986272925495,21.71206467626145,0.0,False,False
S145,consumed_test_role,2,BOUNDARY_CENTER,RigidD,/raid5/xuhd/datasets/prone_reference_mesh_interface_v1_20261004/bindings/S145_2_BOUNDARY_CENTER_RigidD.npz,5180614119bc728dd07a04a54a6eed529fcac4b20cb8f0aabe3bcff2a4a9a5a9,ee29354ffa797e24511bda2e119e35294f17d5058c23d38ee95d3e5b8af0527b,213a3e73e5f684987024b9857cc890b5aa113f0bb40263a06f94049a5dd79957,9,3.2620621849543814,11.071217109302252,0.0,False,False
S145,consumed_test_role,2,GROOVE_DP,Official,/raid5/xuhd/datasets/prone_reference_mesh_interface_v1_20261004/bindings/S145_2_GROOVE_DP_Official.npz,332da010a45c78c495fb7ea99cd3c436fb1eb15ed0416d2f37e641f64a0a9bf0,98b25d7ace914f341b9c317ac4ac400e3f664db62cb718663418ec8d9a10728b,e943c83873cbd7f24dd32298a0547a5d54ff57621e21cc2cb70dabc4b71d299b,9,162.70503002240523,179.6550189038476,0.0,False,False
S145,consumed_test_role,2,GROOVE_DP,Rigid,/raid5/xuhd/datasets/prone_reference_mesh_interface_v1_20261004/bindings/S145_2_GROOVE_DP_Rigid.npz,5377ce297469705c5c8fafb8a6a3c7243dc461a4da52d2baf2dd71bd1d710ed9,a43a6864c6a0b0a0c038252c4421bce3c75b9ad9b66062d803895c5d42d9d471,e943c83873cbd7f24dd32298a0547a5d54ff57621e21cc2cb70dabc4b71d299b,9,2.294559334247254,15.682735580649217,0.0,False,False
S145,consumed_test_role,2,GROOVE_DP,RigidD,/raid5/xuhd/datasets/prone_reference_mesh_interface_v1_20261004/bindings/S145_2_GROOVE_DP_RigidD.npz,49d8e5cb48d8e6ec97d17f4c1e90fa469e0dba5964cfa76cb2c474e229ecb305,ee29354ffa797e24511bda2e119e35294f17d5058c23d38ee95d3e5b8af0527b,e943c83873cbd7f24dd32298a0547a5d54ff57621e21cc2cb70dabc4b71d299b,9,0.8880880143238319,7.473899562348544,0.0,False,False
S151,consumed_test_role,0,BOUNDARY_CENTER,Official,/raid5/xuhd/datasets/prone_reference_mesh_interface_v1_20261004/bindings/S151_0_BOUNDARY_CENTER_Official.npz,79c188c217f11cd43fc627b406102d10d535fff42fb474c5dc4b4b64f7c57380,d7672ab08176a97f0d57a064e3ef60efa994f8e31e1fbe9025b2972ee8e55757,9ef885b022370f6bd3570c3882c8cf55818bba0b96972beb76bec9924fe8b729,9,191.2467752698883,197.32566929214912,0.0,False,False
S151,consumed_test_role,0,BOUNDARY_CENTER,Rigid,/raid5/xuhd/datasets/prone_reference_mesh_interface_v1_20261004/bindings/S151_0_BOUNDARY_CENTER_Rigid.npz,3e7b7b2ec84fd36feef55f81a2cd6c963ef15d8f3a748d24e33f94b0573b5cf6,d68b79115fe6b49821cf3ae484f808dc3a48ecc74c463e576c8bf3cfa688d8cb,9ef885b022370f6bd3570c3882c8cf55818bba0b96972beb76bec9924fe8b729,9,3.655764497924926,10.45772645267084,0.0,False,False
S151,consumed_test_role,0,BOUNDARY_CENTER,RigidD,/raid5/xuhd/datasets/prone_reference_mesh_interface_v1_20261004/bindings/S151_0_BOUNDARY_CENTER_RigidD.npz,cf22e199c0520ebc436f928db872fc74b6afa589f75d5684c91586b4e034accc,1a690d667d5ac804f59fc61f86b829393857e312449f5751eca1eae5d58f6a2d,9ef885b022370f6bd3570c3882c8cf55818bba0b96972beb76bec9924fe8b729,9,0.47416320421566593,1.9669961487884087,0.0,False,False
S151,consumed_test_role,0,GROOVE_DP,Official,/raid5/xuhd/datasets/prone_reference_mesh_interface_v1_20261004/bindings/S151_0_GROOVE_DP_Official.npz,d0e1fa37af93708efdf03c59568f938dbac37a30a2429b025ba5ebe85d462f53,d7672ab08176a97f0d57a064e3ef60efa994f8e31e1fbe9025b2972ee8e55757,9ed94aa1e466a03ef2301a97146a2addde365247954a0702c1e9902c50ca599c,9,187.89636444097638,194.33464985681422,0.0,False,False
S151,consumed_test_role,0,GROOVE_DP,Rigid,/raid5/xuhd/datasets/prone_reference_mesh_interface_v1_20261004/bindings/S151_0_GROOVE_DP_Rigid.npz,e86974e700a460400f74c7d459dbfc3e4cdd8eb51bef84e79e2534b529d668ba,d68b79115fe6b49821cf3ae484f808dc3a48ecc74c463e576c8bf3cfa688d8cb,9ed94aa1e466a03ef2301a97146a2addde365247954a0702c1e9902c50ca599c,9,5.223239163637614,14.49906771047083,0.0,False,False
S151,consumed_test_role,0,GROOVE_DP,RigidD,/raid5/xuhd/datasets/prone_reference_mesh_interface_v1_20261004/bindings/S151_0_GROOVE_DP_RigidD.npz,50299c75dc239f16aa2ab57f5f7c3b53bf9b852ac9a8f4fadd802388200eb1eb,1a690d667d5ac804f59fc61f86b829393857e312449f5751eca1eae5d58f6a2d,9ed94aa1e466a03ef2301a97146a2addde365247954a0702c1e9902c50ca599c,9,2.16301408817646,3.661306686932479,0.0,False,False
S151,consumed_test_role,1,BOUNDARY_CENTER,Official,/raid5/xuhd/datasets/prone_reference_mesh_interface_v1_20261004/bindings/S151_1_BOUNDARY_CENTER_Official.npz,a4c678274e0d56d4b7e4534d630a257e5c10da788ad3a9483b02931e57c9061e,d7672ab08176a97f0d57a064e3ef60efa994f8e31e1fbe9025b2972ee8e55757,cbf617c115aa4bfaa90a56a1f6534c8545bbd048c9400305708cc74ed9cb1285,9,188.36675762434476,197.077146643567,0.0,False,False
S151,consumed_test_role,1,BOUNDARY_CENTER,Rigid,/raid5/xuhd/datasets/prone_reference_mesh_interface_v1_20261004/bindings/S151_1_BOUNDARY_CENTER_Rigid.npz,c6bac287c1f240a1976c167760f92ffeee38fdf6e4269c9ad7fab36aad4f5ae0,90513ba51fb3fce94ec839c2e56bf1f832cf434643eaa333c0cab64104de25e6,cbf617c115aa4bfaa90a56a1f6534c8545bbd048c9400305708cc74ed9cb1285,9,4.193643017472305,12.282412851864079,0.0,False,False
S151,consumed_test_role,1,BOUNDARY_CENTER,RigidD,/raid5/xuhd/datasets/prone_reference_mesh_interface_v1_20261004/bindings/S151_1_BOUNDARY_CENTER_RigidD.npz,0c8ccdb77729b762bfb814817459961241b2026c30bbc3e62cf63fe141c90678,f4e505a82ba5318dad6c8c62581e795487dbbd3a6ad86ebaf3c4c852c822fb08,cbf617c115aa4bfaa90a56a1f6534c8545bbd048c9400305708cc74ed9cb1285,9,0.6929589868013194,7.327863594250156,0.0,False,False
S151,consumed_test_role,2,BOUNDARY_CENTER,Official,/raid5/xuhd/datasets/prone_reference_mesh_interface_v1_20261004/bindings/S151_2_BOUNDARY_CENTER_Official.npz,548ffb1ccf801d2c93bc4f90987a57c5d2eabb0c8ed4f1e34cd8cc53b7dc5073,d7672ab08176a97f0d57a064e3ef60efa994f8e31e1fbe9025b2972ee8e55757,8af9eaf40acc0d1d958774cd870b4e3d809d6425e5603e1ce70e19e2137c78a7,9,194.17184853162829,195.97098531582785,0.0,False,False
S151,consumed_test_role,2,BOUNDARY_CENTER,Rigid,/raid5/xuhd/datasets/prone_reference_mesh_interface_v1_20261004/bindings/S151_2_BOUNDARY_CENTER_Rigid.npz,66837b4e12e4d13c3cc9e5d56df9b58029f53aaedfbc68895137345138824783,aa6cffbb413443b8b20266024316e67e6b685aea11cf14b0c3826989bad4ddb8,8af9eaf40acc0d1d958774cd870b4e3d809d6425e5603e1ce70e19e2137c78a7,9,2.851486452812015,14.46515650826238,0.0,False,False
S151,consumed_test_role,2,BOUNDARY_CENTER,RigidD,/raid5/xuhd/datasets/prone_reference_mesh_interface_v1_20261004/bindings/S151_2_BOUNDARY_CENTER_RigidD.npz,a13d9c053206eb1ff73384c35841652a0ac3c52fed07bdbe8e2c49eca6145dc9,8fa75d111710e978e232eddc9d4c6990b22d745c896cc827250539c3d8b84bd4,8af9eaf40acc0d1d958774cd870b4e3d809d6425e5603e1ce70e19e2137c78a7,9,1.9162465827016488,3.7451438735850777,0.0,False,False
S151,consumed_test_role,2,GROOVE_DP,Official,/raid5/xuhd/datasets/prone_reference_mesh_interface_v1_20261004/bindings/S151_2_GROOVE_DP_Official.npz,caf9c68cf4afca8808771e4c715aeb4b68dfa7a0f9b00fe17700e1025a3564b0,d7672ab08176a97f0d57a064e3ef60efa994f8e31e1fbe9025b2972ee8e55757,b47e06c988c8058d969d00cfa6967d44af2149cf0bddf7b98d4e3f9a92e859b7,9,193.6999648740611,195.42235332752807,0.0,False,False
S151,consumed_test_role,2,GROOVE_DP,Rigid,/raid5/xuhd/datasets/prone_reference_mesh_interface_v1_20261004/bindings/S151_2_GROOVE_DP_Rigid.npz,ad80f17f7dc5217f347ab611160e9c965d60d76031bf547a2be4ee857a0b0ea6,aa6cffbb413443b8b20266024316e67e6b685aea11cf14b0c3826989bad4ddb8,b47e06c988c8058d969d00cfa6967d44af2149cf0bddf7b98d4e3f9a92e859b7,9,2.851486452812015,16.89568075471226,0.0,False,False
S151,consumed_test_role,2,GROOVE_DP,RigidD,/raid5/xuhd/datasets/prone_reference_mesh_interface_v1_20261004/bindings/S151_2_GROOVE_DP_RigidD.npz,11b42e4d83abde58caa551ba391159f515cf3742a52f5f592bbfea462a5a14b8,8fa75d111710e978e232eddc9d4c6990b22d745c896cc827250539c3d8b84bd4,b47e06c988c8058d969d00cfa6967d44af2149cf0bddf7b98d4e3f9a92e859b7,9,2.0100809342521226,2.891289270371294,0.0,False,False
S163,consumed_test_role,0,BOUNDARY_CENTER,Official,/raid5/xuhd/datasets/prone_reference_mesh_interface_v1_20261004/bindings/S163_0_BOUNDARY_CENTER_Official.npz,7ecb56375ada1a4584fc06540074ffd0449278ffb1a98e73d4372870e3ff3db4,5a3f4a8e2e81e07a139328e36ebf2d6cce087a0de9ddcb5e98826c76153b6ab0,2396071e00a469b62ecbde378f34842ee5d6f076005305cb3befd03c748638a6,9,148.08844928626624,157.15940724655215,0.0,False,False
S163,consumed_test_role,0,BOUNDARY_CENTER,Rigid,/raid5/xuhd/datasets/prone_reference_mesh_interface_v1_20261004/bindings/S163_0_BOUNDARY_CENTER_Rigid.npz,bd3547d6bf7f76be7a90afde3a4bab065280293559d4d53da176d41d67d6c466,90c917d12b6a85caf545d795628387a400e0e0493f38f81ba77d8d3fe8d38c5e,2396071e00a469b62ecbde378f34842ee5d6f076005305cb3befd03c748638a6,9,5.512856321005353,9.339336276139433,0.0,False,False
S163,consumed_test_role,0,BOUNDARY_CENTER,RigidD,/raid5/xuhd/datasets/prone_reference_mesh_interface_v1_20261004/bindings/S163_0_BOUNDARY_CENTER_RigidD.npz,44303ccc2b5ba559c66d8222bfef2b2817a974984720912003e33534256cfd0f,94357eda32212e71d6abfdecc97a5e350e551a92578299333368a9d5fbbb9b23,2396071e00a469b62ecbde378f34842ee5d6f076005305cb3befd03c748638a6,9,1.3301685319095444,4.147932077061869,0.0,False,False
S163,consumed_test_role,0,GROOVE_DP,Official,/raid5/xuhd/datasets/prone_reference_mesh_interface_v1_20261004/bindings/S163_0_GROOVE_DP_Official.npz,7527f34d1b1cf727657390789655dab8c9b1498a67893699bcb007981466aa6c,5a3f4a8e2e81e07a139328e36ebf2d6cce087a0de9ddcb5e98826c76153b6ab0,be87109503f29f421119728d7f4db7672b59f63732f26068133497cc9883171c,9,144.68175571521576,151.59480969087326,0.0,False,False
S163,consumed_test_role,0,GROOVE_DP,Rigid,/raid5/xuhd/datasets/prone_reference_mesh_interface_v1_20261004/bindings/S163_0_GROOVE_DP_Rigid.npz,620b82999fa44c9ad8e0c4f1bdc7e7ec5c2d0d5fe4831410cdf0f99d461309e2,90c917d12b6a85caf545d795628387a400e0e0493f38f81ba77d8d3fe8d38c5e,be87109503f29f421119728d7f4db7672b59f63732f26068133497cc9883171c,9,8.712620912011149,15.022237745759952,0.0,False,False
S163,consumed_test_role,0,GROOVE_DP,RigidD,/raid5/xuhd/datasets/prone_reference_mesh_interface_v1_20261004/bindings/S163_0_GROOVE_DP_RigidD.npz,1a69e2186e2ab94eda2c1934f16205690980770eba3dacc49803213c51014ec2,94357eda32212e71d6abfdecc97a5e350e551a92578299333368a9d5fbbb9b23,be87109503f29f421119728d7f4db7672b59f63732f26068133497cc9883171c,9,3.2489950921867927,5.377780764469229,0.0,False,False
S163,consumed_test_role,1,BOUNDARY_CENTER,Official,/raid5/xuhd/datasets/prone_reference_mesh_interface_v1_20261004/bindings/S163_1_BOUNDARY_CENTER_Official.npz,73fcb3b4d32490b81b51813222f58f08dc9ba6155038658da30478107204d7f3,5a3f4a8e2e81e07a139328e36ebf2d6cce087a0de9ddcb5e98826c76153b6ab0,c4580d3c770ec5be4d3eef6be253705fb0385438177e9b7909c1bf12ab490646,9,147.98997942587235,163.11481415013387,0.0,False,False
S163,consumed_test_role,1,BOUNDARY_CENTER,Rigid,/raid5/xuhd/datasets/prone_reference_mesh_interface_v1_20261004/bindings/S163_1_BOUNDARY_CENTER_Rigid.npz,e5b2d1fe4b36bd8fd9f79fcc7f1f960ad67ab97dcb22d56bdc5242b2b46bf19b,3584e2aea6d4d8b671cd76e6d8197ab501af9c2643a6413d2dd78c7132becfba,c4580d3c770ec5be4d3eef6be253705fb0385438177e9b7909c1bf12ab490646,9,4.886838367277377,9.321994111770708,0.0,False,False
S163,consumed_test_role,1,BOUNDARY_CENTER,RigidD,/raid5/xuhd/datasets/prone_reference_mesh_interface_v1_20261004/bindings/S163_1_BOUNDARY_CENTER_RigidD.npz,59f87f75ac01236a518b0a146801e2311b281b5998161832c444b3b9357512b7,a40027dc55863ef9a34e1afade2a4e6bcf15e1f21207a592c239c2cfc8eeb9bb,c4580d3c770ec5be4d3eef6be253705fb0385438177e9b7909c1bf12ab490646,9,0.9545329359559401,2.959072788880995,0.0,False,False
S163,consumed_test_role,1,SYMMETRY_DP,Official,/raid5/xuhd/datasets/prone_reference_mesh_interface_v1_20261004/bindings/S163_1_SYMMETRY_DP_Official.npz,66c282a4f0f32cbc9cb99159edf5066e70a7de1cb8b1dd5852742df241162fc0,5a3f4a8e2e81e07a139328e36ebf2d6cce087a0de9ddcb5e98826c76153b6ab0,0c4c99643d261488fa58b3698b8efc849405be64c24c2c0667073c298efd0514,9,148.97074881876603,173.0398249297938,0.0,False,False
S163,consumed_test_role,1,SYMMETRY_DP,Rigid,/raid5/xuhd/datasets/prone_reference_mesh_interface_v1_20261004/bindings/S163_1_SYMMETRY_DP_Rigid.npz,7f1bf48948ab541ae6f21b941cefb712182595561554dca0c9b611d2db180864,3584e2aea6d4d8b671cd76e6d8197ab501af9c2643a6413d2dd78c7132becfba,0c4c99643d261488fa58b3698b8efc849405be64c24c2c0667073c298efd0514,9,4.831723029460709,9.926768090071972,0.0,False,False
S163,consumed_test_role,1,SYMMETRY_DP,RigidD,/raid5/xuhd/datasets/prone_reference_mesh_interface_v1_20261004/bindings/S163_1_SYMMETRY_DP_RigidD.npz,931922ed6b4f94438cef1ce79074c6033797972e7dcb8377a4b557ad331b32a4,a40027dc55863ef9a34e1afade2a4e6bcf15e1f21207a592c239c2cfc8eeb9bb,0c4c99643d261488fa58b3698b8efc849405be64c24c2c0667073c298efd0514,9,2.2546623910105676,3.438162476174072,0.0,False,False
S163,consumed_test_role,1,GROOVE_DP,Official,/raid5/xuhd/datasets/prone_reference_mesh_interface_v1_20261004/bindings/S163_1_GROOVE_DP_Official.npz,7914d0644907e8bab980c8e3b74230b748d961d68068a81b9d925318cdc3f3ad,5a3f4a8e2e81e07a139328e36ebf2d6cce087a0de9ddcb5e98826c76153b6ab0,ad4b6c8a7facf416baa3c679c4ecb8393d69b91482cce2b921f70e3ef36ed5da,9,145.18497083644291,154.843295507221,0.0,False,False
S163,consumed_test_role,1,GROOVE_DP,Rigid,/raid5/xuhd/datasets/prone_reference_mesh_interface_v1_20261004/bindings/S163_1_GROOVE_DP_Rigid.npz,75d2b3ab819f3a9a087529881128937b386faa891aceafa5faec76a284246456,3584e2aea6d4d8b671cd76e6d8197ab501af9c2643a6413d2dd78c7132becfba,ad4b6c8a7facf416baa3c679c4ecb8393d69b91482cce2b921f70e3ef36ed5da,9,6.812391675654849,13.965495018163923,0.0,False,False
S163,consumed_test_role,1,GROOVE_DP,RigidD,/raid5/xuhd/datasets/prone_reference_mesh_interface_v1_20261004/bindings/S163_1_GROOVE_DP_RigidD.npz,bcbce405123ed730c2b0ffa3a733421789e008dfba518e02cc9f41582eac360f,a40027dc55863ef9a34e1afade2a4e6bcf15e1f21207a592c239c2cfc8eeb9bb,ad4b6c8a7facf416baa3c679c4ecb8393d69b91482cce2b921f70e3ef36ed5da,9,1.3169755263562049,4.554146053068713,0.0,False,False
S163,consumed_test_role,2,BOUNDARY_CENTER,Official,/raid5/xuhd/datasets/prone_reference_mesh_interface_v1_20261004/bindings/S163_2_BOUNDARY_CENTER_Official.npz,2447c1be042dfa4b1c12c891b90c93a7af64da30561d426b6d0eefae4b3d2561,5a3f4a8e2e81e07a139328e36ebf2d6cce087a0de9ddcb5e98826c76153b6ab0,142df683304f849c68bd6b42b2c2a4cbfd5bb7fd10043faf4e94eeee00fe8d60,9,145.00646440339673,157.35783448502247,0.0,False,False
S163,consumed_test_role,2,BOUNDARY_CENTER,Rigid,/raid5/xuhd/datasets/prone_reference_mesh_interface_v1_20261004/bindings/S163_2_BOUNDARY_CENTER_Rigid.npz,eae5a24118344a1ee298614e81dc28994fb539cc14da7e52f538d12f65610d20,ae1432c76e63b582f57af9056080ae00b1de67a736a751a5d827c570f1013a50,142df683304f849c68bd6b42b2c2a4cbfd5bb7fd10043faf4e94eeee00fe8d60,9,5.304182169045007,11.841434326248747,0.0,False,False
S163,consumed_test_role,2,BOUNDARY_CENTER,RigidD,/raid5/xuhd/datasets/prone_reference_mesh_interface_v1_20261004/bindings/S163_2_BOUNDARY_CENTER_RigidD.npz,bfb625b7b73293b02cf8ed01171258faef5146dfa640dbc3e3fc0d352424ee33,512a5d8575353d48b1e74bd92b65ceafc79b85dfe3126f267246294dc6b6ecc7,142df683304f849c68bd6b42b2c2a4cbfd5bb7fd10043faf4e94eeee00fe8d60,9,2.311282021638779,3.832662440347363,0.0,False,False
S163,consumed_test_role,2,SYMMETRY_DP,Official,/raid5/xuhd/datasets/prone_reference_mesh_interface_v1_20261004/bindings/S163_2_SYMMETRY_DP_Official.npz,7071f9e559fd6321955715c75eefe5713da6948876f5d3c640371d96ca797b79,5a3f4a8e2e81e07a139328e36ebf2d6cce087a0de9ddcb5e98826c76153b6ab0,4374ac7de68c09a7216fc209ecec1cea3549757706b7ee9f78ff83590af36740,9,147.98876253324912,156.2782115072763,0.0,False,False
S163,consumed_test_role,2,SYMMETRY_DP,Rigid,/raid5/xuhd/datasets/prone_reference_mesh_interface_v1_20261004/bindings/S163_2_SYMMETRY_DP_Rigid.npz,31cf41af05c854d14cbb2c8a0afaecb2f83d23d9d2c23a706a4ff9669e575443,ae1432c76e63b582f57af9056080ae00b1de67a736a751a5d827c570f1013a50,4374ac7de68c09a7216fc209ecec1cea3549757706b7ee9f78ff83590af36740,9,3.5778946633482787,8.074674748022847,0.0,False,False
S163,consumed_test_role,2,SYMMETRY_DP,RigidD,/raid5/xuhd/datasets/prone_reference_mesh_interface_v1_20261004/bindings/S163_2_SYMMETRY_DP_RigidD.npz,88cc4ac5114ed09241ddf11be4cd6b513298fff8b196dcb6596fa72ecb2de3dc,512a5d8575353d48b1e74bd92b65ceafc79b85dfe3126f267246294dc6b6ecc7,4374ac7de68c09a7216fc209ecec1cea3549757706b7ee9f78ff83590af36740,9,0.9374186478052231,2.5563685996229255,0.0,False,False
S163,consumed_test_role,2,GROOVE_DP,Official,/raid5/xuhd/datasets/prone_reference_mesh_interface_v1_20261004/bindings/S163_2_GROOVE_DP_Official.npz,6f2f795c144800c430866710e5cf4cdb5dc53b2e254739b5b72d6b618f773a50,5a3f4a8e2e81e07a139328e36ebf2d6cce087a0de9ddcb5e98826c76153b6ab0,a698589001ae49c7145071a17c2745b29286b5eabaa23ac242e604b9a0c8ecd2,9,145.12263652977026,154.54730013007008,0.0,False,False
S163,consumed_test_role,2,GROOVE_DP,Rigid,/raid5/xuhd/datasets/prone_reference_mesh_interface_v1_20261004/bindings/S163_2_GROOVE_DP_Rigid.npz,a555aa0fc0667208df4e4383e84cef693b9f60dde13b7d1b432373423340a261,ae1432c76e63b582f57af9056080ae00b1de67a736a751a5d827c570f1013a50,a698589001ae49c7145071a17c2745b29286b5eabaa23ac242e604b9a0c8ecd2,9,6.576878907395978,13.579112768613129,0.0,False,False
S163,consumed_test_role,2,GROOVE_DP,RigidD,/raid5/xuhd/datasets/prone_reference_mesh_interface_v1_20261004/bindings/S163_2_GROOVE_DP_RigidD.npz,71f82c03d813b6ee956d185c64d480319c69400fcc61e9437a38c5de993fcada,512a5d8575353d48b1e74bd92b65ceafc79b85dfe3126f267246294dc6b6ecc7,a698589001ae49c7145071a17c2745b29286b5eabaa23ac242e604b9a0c8ecd2,9,2.129949278633923,4.227944759543859,0.0,False,False
S165,dev,0,BOUNDARY_CENTER,Official,/raid5/xuhd/datasets/prone_reference_mesh_interface_v1_20261004/bindings/S165_0_BOUNDARY_CENTER_Official.npz,aac4e98a5a3c537d39efdb15ec392b8da435ca497a9a7c22bc9aa6e35bf2849f,8a8a1476163f1fd7a8a4a4f3f0fb30165aa4eb8f63fe0d3b7f88c90b0c240736,e965c4ce0b5f10bb8afa0d076db15971e9a2f81b7d1e7e6ffc83a33533ee90db,9,72.53761022139119,78.44964086477653,0.0,False,False
S165,dev,0,BOUNDARY_CENTER,Rigid,/raid5/xuhd/datasets/prone_reference_mesh_interface_v1_20261004/bindings/S165_0_BOUNDARY_CENTER_Rigid.npz,10d89bdec2ccd54858b08b74c310a34d60ffdfba6a42d5140f7842cbb3f4ebdf,ecc2ca6c7773471d266f9fa3440df68c9a000445e0cbf951d116918245ae7e60,e965c4ce0b5f10bb8afa0d076db15971e9a2f81b7d1e7e6ffc83a33533ee90db,9,3.543077354535524,8.594945147975665,0.0,False,False
S165,dev,0,BOUNDARY_CENTER,RigidD,/raid5/xuhd/datasets/prone_reference_mesh_interface_v1_20261004/bindings/S165_0_BOUNDARY_CENTER_RigidD.npz,fffeb85f086c74858d75d77b9cfe94e0acb84fff09034925b3fc55f8004cfca7,d1c89878eb82b8a63a090b5b5bae560d12b606652e4f74efb31bdee64f4f610e,e965c4ce0b5f10bb8afa0d076db15971e9a2f81b7d1e7e6ffc83a33533ee90db,9,1.2436845555901659,3.9801027015227506,0.0,False,False
S165,dev,0,GROOVE_DP,Official,/raid5/xuhd/datasets/prone_reference_mesh_interface_v1_20261004/bindings/S165_0_GROOVE_DP_Official.npz,2604493912e50c614959f9ec6d56da280d36473bb3cc3ae7a88400813aba049b,8a8a1476163f1fd7a8a4a4f3f0fb30165aa4eb8f63fe0d3b7f88c90b0c240736,fa4b53edcfa855173e087c2ba8b514212db9cbfa2fbd2acee1ba21df4f5f0201,9,73.86586085638231,78.73711676289757,0.0,False,False
S165,dev,0,GROOVE_DP,Rigid,/raid5/xuhd/datasets/prone_reference_mesh_interface_v1_20261004/bindings/S165_0_GROOVE_DP_Rigid.npz,d761811e714bb10b030b5a6ea1dbe3239f8d54b83ea9c25efedde73a93f4970b,ecc2ca6c7773471d266f9fa3440df68c9a000445e0cbf951d116918245ae7e60,fa4b53edcfa855173e087c2ba8b514212db9cbfa2fbd2acee1ba21df4f5f0201,9,3.386113577251333,9.63876090443035,0.0,False,False
S165,dev,0,GROOVE_DP,RigidD,/raid5/xuhd/datasets/prone_reference_mesh_interface_v1_20261004/bindings/S165_0_GROOVE_DP_RigidD.npz,45181732fff36b9842a79a4f36c4e5a9cdfce8f6f9f6e55b1e71208e57621f24,d1c89878eb82b8a63a090b5b5bae560d12b606652e4f74efb31bdee64f4f610e,fa4b53edcfa855173e087c2ba8b514212db9cbfa2fbd2acee1ba21df4f5f0201,9,1.2649761569461138,4.2016337519082585,0.0,False,False
S165,dev,1,BOUNDARY_CENTER,Official,/raid5/xuhd/datasets/prone_reference_mesh_interface_v1_20261004/bindings/S165_1_BOUNDARY_CENTER_Official.npz,65eb26ee2c37b7362a38da79291a262fa279d4791e1354773db8ff332496560e,8a8a1476163f1fd7a8a4a4f3f0fb30165aa4eb8f63fe0d3b7f88c90b0c240736,c4fe08f89a188a44700abae30fea1f176ab26a3ed4941bd501e9b106ab35dc60,9,71.8951373759483,79.90213034214752,0.0,False,False
S165,dev,1,BOUNDARY_CENTER,Rigid,/raid5/xuhd/datasets/prone_reference_mesh_interface_v1_20261004/bindings/S165_1_BOUNDARY_CENTER_Rigid.npz,1ce3cd651def6e63f8d2746c34ba0e7abc1bb5db1b837a9e519e1fab2ee28424,ff4389e8fd8e786cac2bff81398d863e67c3ea7771618e68546184c0278372b4,c4fe08f89a188a44700abae30fea1f176ab26a3ed4941bd501e9b106ab35dc60,9,5.166437634275572,10.482506415245405,0.0,False,False
S165,dev,1,BOUNDARY_CENTER,RigidD,/raid5/xuhd/datasets/prone_reference_mesh_interface_v1_20261004/bindings/S165_1_BOUNDARY_CENTER_RigidD.npz,75678cdd609ffd7e47512fe9549f7b3f3534fd6d126302411ee236ee0e4f1202,a9b3d33f77077e72f4ea81e628fea5850493caeb6e283b598c0b791021600de8,c4fe08f89a188a44700abae30fea1f176ab26a3ed4941bd501e9b106ab35dc60,9,2.054818231853568,3.8533466255942037,0.0,False,False
S165,dev,1,SYMMETRY_DP,Official,/raid5/xuhd/datasets/prone_reference_mesh_interface_v1_20261004/bindings/S165_1_SYMMETRY_DP_Official.npz,b4d6731f7e05852aeddd205e2adbd14aa002ad38735c32a8e9b41de052bb4025,8a8a1476163f1fd7a8a4a4f3f0fb30165aa4eb8f63fe0d3b7f88c90b0c240736,5d146578a6a80529718ca69c6f90a1737c83c987d7efdbca7d9cbc550c04d854,9,71.25978955898319,79.15325972793522,0.0,False,False
S165,dev,1,SYMMETRY_DP,Rigid,/raid5/xuhd/datasets/prone_reference_mesh_interface_v1_20261004/bindings/S165_1_SYMMETRY_DP_Rigid.npz,fadea8b6f5352977db3d80e33b119f7c42deba62d08fd790043ec83428507544,ff4389e8fd8e786cac2bff81398d863e67c3ea7771618e68546184c0278372b4,5d146578a6a80529718ca69c6f90a1737c83c987d7efdbca7d9cbc550c04d854,9,5.8222908892645435,10.59662816436932,0.0,False,False
S165,dev,1,SYMMETRY_DP,RigidD,/raid5/xuhd/datasets/prone_reference_mesh_interface_v1_20261004/bindings/S165_1_SYMMETRY_DP_RigidD.npz,393eafb796cf0b324571cb7d2d8ca0f4bedc15494f14387be6beb183039d2f8c,a9b3d33f77077e72f4ea81e628fea5850493caeb6e283b598c0b791021600de8,5d146578a6a80529718ca69c6f90a1737c83c987d7efdbca7d9cbc550c04d854,9,1.5668227186742902,3.6420892948322994,0.0,False,False
S165,dev,1,GROOVE_DP,Official,/raid5/xuhd/datasets/prone_reference_mesh_interface_v1_20261004/bindings/S165_1_GROOVE_DP_Official.npz,63c48d325654576962c6978ee947f321abfb388aa0ffa47954ced74745cc59fd,8a8a1476163f1fd7a8a4a4f3f0fb30165aa4eb8f63fe0d3b7f88c90b0c240736,53cecda044bd15e255d0286cc4d2b878dd45731e7a4164a3da501ad5ef2149c3,9,73.35462310038105,79.57636048161744,0.0,False,False
S165,dev,1,GROOVE_DP,Rigid,/raid5/xuhd/datasets/prone_reference_mesh_interface_v1_20261004/bindings/S165_1_GROOVE_DP_Rigid.npz,5d623cd58912681a3e365266adedff483f6bd8766b8de50bbea2e0393560ff20,ff4389e8fd8e786cac2bff81398d863e67c3ea7771618e68546184c0278372b4,53cecda044bd15e255d0286cc4d2b878dd45731e7a4164a3da501ad5ef2149c3,9,2.523602440623808,8.944743610121282,0.0,False,False
S165,dev,1,GROOVE_DP,RigidD,/raid5/xuhd/datasets/prone_reference_mesh_interface_v1_20261004/bindings/S165_1_GROOVE_DP_RigidD.npz,b5effa0a490ac5a99bf3c0cf21c7fafbbba7450b3c24199b0db1dc67e511b08a,a9b3d33f77077e72f4ea81e628fea5850493caeb6e283b598c0b791021600de8,53cecda044bd15e255d0286cc4d2b878dd45731e7a4164a3da501ad5ef2149c3,9,2.0030754962349744,3.6574895293850402,0.0,False,False
S165,dev,2,BOUNDARY_CENTER,Official,/raid5/xuhd/datasets/prone_reference_mesh_interface_v1_20261004/bindings/S165_2_BOUNDARY_CENTER_Official.npz,6751a0879702d69c2a1519cb5aca11c9445d804d7700fc6ef99e6bd7f0e9356d,8a8a1476163f1fd7a8a4a4f3f0fb30165aa4eb8f63fe0d3b7f88c90b0c240736,98e8a7b8cb4082ce0d74bd58d6bc66139718a6f239a417b92a2775fc69299674,9,70.67142269469522,77.97428885530807,0.0,False,False
S165,dev,2,BOUNDARY_CENTER,Rigid,/raid5/xuhd/datasets/prone_reference_mesh_interface_v1_20261004/bindings/S165_2_BOUNDARY_CENTER_Rigid.npz,e7e38d1e555845f684a93bba7dcbd78d570da2dbc46e4f20995e80a23625152b,11d6486552089a35ac01ab526deceeb8220f7237f4bf3cf8066c0ee6ead21873,98e8a7b8cb4082ce0d74bd58d6bc66139718a6f239a417b92a2775fc69299674,9,8.694976331777656,11.314508525384127,0.0,False,False
S165,dev,2,BOUNDARY_CENTER,RigidD,/raid5/xuhd/datasets/prone_reference_mesh_interface_v1_20261004/bindings/S165_2_BOUNDARY_CENTER_RigidD.npz,4299cb62f1991671626d2ae1be7c7f08a326262d7abdfaa8502347c632ae630e,7e4bd8df34edd06dd13f2f2eb80204ade57a93d8e148c75721267e03a1e3df8e,98e8a7b8cb4082ce0d74bd58d6bc66139718a6f239a417b92a2775fc69299674,9,2.06826215872593,2.9845515973624055,0.0,False,False
S165,dev,2,SYMMETRY_DP,Official,/raid5/xuhd/datasets/prone_reference_mesh_interface_v1_20261004/bindings/S165_2_SYMMETRY_DP_Official.npz,ff46fc4e2c5f151cf654ffc352115bd18967f4c7617fccabcedb252ae95deb30,8a8a1476163f1fd7a8a4a4f3f0fb30165aa4eb8f63fe0d3b7f88c90b0c240736,77475b8ab5a28d8221cb86d864177aad2e5c279b68011d9c98c701bfafdd2f5b,9,68.66072206544462,76.21048774630414,0.0,False,False
S165,dev,2,SYMMETRY_DP,Rigid,/raid5/xuhd/datasets/prone_reference_mesh_interface_v1_20261004/bindings/S165_2_SYMMETRY_DP_Rigid.npz,474155233941483be371385a95f035de679bc29aef02e37feca3ae1dd7354ab5,11d6486552089a35ac01ab526deceeb8220f7237f4bf3cf8066c0ee6ead21873,77475b8ab5a28d8221cb86d864177aad2e5c279b68011d9c98c701bfafdd2f5b,9,7.2372938799669475,12.56483223888321,0.0,False,False
S165,dev,2,SYMMETRY_DP,RigidD,/raid5/xuhd/datasets/prone_reference_mesh_interface_v1_20261004/bindings/S165_2_SYMMETRY_DP_RigidD.npz,b45c082ea676c1013c27884a72d77fdfe788926f534d56ad5dda8e6bfbd762c8,7e4bd8df34edd06dd13f2f2eb80204ade57a93d8e148c75721267e03a1e3df8e,77475b8ab5a28d8221cb86d864177aad2e5c279b68011d9c98c701bfafdd2f5b,9,1.464905938783361,3.3822243308055997,0.0,False,False
S165,dev,2,GROOVE_DP,Official,/raid5/xuhd/datasets/prone_reference_mesh_interface_v1_20261004/bindings/S165_2_GROOVE_DP_Official.npz,3b53e235128f6a23cdfa8677ac51f4eba14cca7435801aa88d80c2363642ae3a,8a8a1476163f1fd7a8a4a4f3f0fb30165aa4eb8f63fe0d3b7f88c90b0c240736,5081b63ead05bedd88a6d435bf0e23740dc53e88fc49c4a3055edc84464ef93c,9,70.31641764482642,79.71460610090062,0.0,False,False
S165,dev,2,GROOVE_DP,Rigid,/raid5/xuhd/datasets/prone_reference_mesh_interface_v1_20261004/bindings/S165_2_GROOVE_DP_Rigid.npz,42d7669b0a501425754195b3e0c9328523f7670e1d75d59bd756a234bdeb53fa,11d6486552089a35ac01ab526deceeb8220f7237f4bf3cf8066c0ee6ead21873,5081b63ead05bedd88a6d435bf0e23740dc53e88fc49c4a3055edc84464ef93c,9,8.692947386810685,13.036966434669498,0.0,False,False
S165,dev,2,GROOVE_DP,RigidD,/raid5/xuhd/datasets/prone_reference_mesh_interface_v1_20261004/bindings/S165_2_GROOVE_DP_RigidD.npz,15714117e0e6649ab8320099f50655ab7058e51c179238f09667764957971573,7e4bd8df34edd06dd13f2f2eb80204ade57a93d8e148c75721267e03a1e3df8e,5081b63ead05bedd88a6d435bf0e23740dc53e88fc49c4a3055edc84464ef93c,9,2.3459608574977135,4.157789310922734,0.0,False,False
S170,consumed_test_role,0,BOUNDARY_CENTER,Official,/raid5/xuhd/datasets/prone_reference_mesh_interface_v1_20261004/bindings/S170_0_BOUNDARY_CENTER_Official.npz,be39f1b448b0a5d2abbe57adfb64fe29202d915cbd31620291ef5642d401237b,8aaea79134ced3b55e7fa3f53b61550abd52b4e75b75881cdf73452f47e0d99f,bc98c612e0bb94b5e554d25d31c3a8f1ff7b3873a53a1f3ed90603709a300b94,9,102.4046260358808,113.53767622110941,0.0,False,False
S170,consumed_test_role,0,BOUNDARY_CENTER,Rigid,/raid5/xuhd/datasets/prone_reference_mesh_interface_v1_20261004/bindings/S170_0_BOUNDARY_CENTER_Rigid.npz,ea8163fe593ea381c3befc21e945f2b06ef0db71d890e10516513b0560808ae0,f3c2a0258bb6fe2556764298a6d35281be44452be0cfabfd18979863737fb7df,bc98c612e0bb94b5e554d25d31c3a8f1ff7b3873a53a1f3ed90603709a300b94,9,7.696326149814825,13.971144026789712,0.0,False,False
S170,consumed_test_role,0,BOUNDARY_CENTER,RigidD,/raid5/xuhd/datasets/prone_reference_mesh_interface_v1_20261004/bindings/S170_0_BOUNDARY_CENTER_RigidD.npz,27e4173c4f6793c0bda5094ca213ffe9b23ec44e8d08f11aebc00057ad80b2de,036134c2ab76f041b4e9051694bae632acbdf1a777cc8060546458f7ab7ff00c,bc98c612e0bb94b5e554d25d31c3a8f1ff7b3873a53a1f3ed90603709a300b94,9,1.5491941623718366,3.31165256425206,0.0,False,False
S170,consumed_test_role,0,SYMMETRY_DP,Official,/raid5/xuhd/datasets/prone_reference_mesh_interface_v1_20261004/bindings/S170_0_SYMMETRY_DP_Official.npz,30f1b05dd9645dca8ae3a9ff3ef20281c42cb98d8145fb6e20289db84ef93eee,8aaea79134ced3b55e7fa3f53b61550abd52b4e75b75881cdf73452f47e0d99f,665e3aa858213d50ec6feb06f79257e655a33e4ecb7d815c60291808f689cf7f,9,99.83485050558203,112.53880200571996,0.0,False,False
S170,consumed_test_role,0,SYMMETRY_DP,Rigid,/raid5/xuhd/datasets/prone_reference_mesh_interface_v1_20261004/bindings/S170_0_SYMMETRY_DP_Rigid.npz,8ac61503d501dae9a2474c24b46d4899b672f61139a1e06d244e3cf74c396289,f3c2a0258bb6fe2556764298a6d35281be44452be0cfabfd18979863737fb7df,665e3aa858213d50ec6feb06f79257e655a33e4ecb7d815c60291808f689cf7f,9,4.10753715472409,11.715701858847057,0.0,False,False
S170,consumed_test_role,0,SYMMETRY_DP,RigidD,/raid5/xuhd/datasets/prone_reference_mesh_interface_v1_20261004/bindings/S170_0_SYMMETRY_DP_RigidD.npz,3ad116332c02dc3223662624818ab42b4f992afba2acaff69c1f5d3c0326152c,036134c2ab76f041b4e9051694bae632acbdf1a777cc8060546458f7ab7ff00c,665e3aa858213d50ec6feb06f79257e655a33e4ecb7d815c60291808f689cf7f,9,1.1143059937817976,2.9740541090844266,0.0,False,False
S170,consumed_test_role,0,GROOVE_DP,Official,/raid5/xuhd/datasets/prone_reference_mesh_interface_v1_20261004/bindings/S170_0_GROOVE_DP_Official.npz,b4289b5de74d8023981aa2314c34482081e5fe5a63baf512569c2af65005ccf3,8aaea79134ced3b55e7fa3f53b61550abd52b4e75b75881cdf73452f47e0d99f,10bca32f75f2a227a17f2c6c99a6b8dffe4c1b171485939efcabb886c408d951,9,98.4488684271928,112.54999024973752,0.0,False,False
S170,consumed_test_role,0,GROOVE_DP,Rigid,/raid5/xuhd/datasets/prone_reference_mesh_interface_v1_20261004/bindings/S170_0_GROOVE_DP_Rigid.npz,1cb8e8f91b7ed2c60302522b81cc726d1a2190340444d9f56529e2dedf0d4972,f3c2a0258bb6fe2556764298a6d35281be44452be0cfabfd18979863737fb7df,10bca32f75f2a227a17f2c6c99a6b8dffe4c1b171485939efcabb886c408d951,9,11.320988258029848,15.537939774344444,0.0,False,False
S170,consumed_test_role,0,GROOVE_DP,RigidD,/raid5/xuhd/datasets/prone_reference_mesh_interface_v1_20261004/bindings/S170_0_GROOVE_DP_RigidD.npz,0b855dddb8ca82717cf73bfd16ac76886f4906fe40d961b6d51afa4c12e639b0,036134c2ab76f041b4e9051694bae632acbdf1a777cc8060546458f7ab7ff00c,10bca32f75f2a227a17f2c6c99a6b8dffe4c1b171485939efcabb886c408d951,9,1.7661697205157285,4.630718678195791,0.0,False,False
S170,consumed_test_role,1,BOUNDARY_CENTER,Official,/raid5/xuhd/datasets/prone_reference_mesh_interface_v1_20261004/bindings/S170_1_BOUNDARY_CENTER_Official.npz,77c8a4ea3235d34d3d0d3b2eb6be580a25e3eb4c3b237f32693ad0f1284acfe8,8aaea79134ced3b55e7fa3f53b61550abd52b4e75b75881cdf73452f47e0d99f,74f197d31ece9f0150644ecee85d5c438730695ae3862835b6f61dced0191b16,9,101.56169058556335,114.87713335992083,0.0,False,False
S170,consumed_test_role,1,BOUNDARY_CENTER,Rigid,/raid5/xuhd/datasets/prone_reference_mesh_interface_v1_20261004/bindings/S170_1_BOUNDARY_CENTER_Rigid.npz,2ea82c88fbea842f8764aadeadaf6ea9381cf2c6d797d94f01649b88db83bd41,0aa40fa128e84a24cbf533bd65dbcca5137a9006691020f554173e58ab71fd8e,74f197d31ece9f0150644ecee85d5c438730695ae3862835b6f61dced0191b16,9,8.030851416081651,14.610602266303824,0.0,False,False
S170,consumed_test_role,1,BOUNDARY_CENTER,RigidD,/raid5/xuhd/datasets/prone_reference_mesh_interface_v1_20261004/bindings/S170_1_BOUNDARY_CENTER_RigidD.npz,ef2920046d42e7ce6aa0b516981bb01efc9f65046ded2a2dd3124f6d21b6bdf6,6247a1c111929de4a3650ea8b0f41e9ac4e17bc4284b5158e2c8c33a0f8a1c4d,74f197d31ece9f0150644ecee85d5c438730695ae3862835b6f61dced0191b16,9,2.039051800197252,4.375596314409027,0.0,False,False
S170,consumed_test_role,1,SYMMETRY_DP,Official,/raid5/xuhd/datasets/prone_reference_mesh_interface_v1_20261004/bindings/S170_1_SYMMETRY_DP_Official.npz,096d79eb39c3c40becb07f31c317616f61c140a1babda33bc297864e867f145c,8aaea79134ced3b55e7fa3f53b61550abd52b4e75b75881cdf73452f47e0d99f,42f0831f7b513238b6b80e6c884912d72c180f27e6c09677374222d951871229,9,103.07976432338654,114.13801283145709,0.0,False,False
S170,consumed_test_role,1,SYMMETRY_DP,Rigid,/raid5/xuhd/datasets/prone_reference_mesh_interface_v1_20261004/bindings/S170_1_SYMMETRY_DP_Rigid.npz,ecf9ff2c9107c3a231f253bb2b8e0bdfe0d97285bdbba4ec6867d86b388f7d39,0aa40fa128e84a24cbf533bd65dbcca5137a9006691020f554173e58ab71fd8e,42f0831f7b513238b6b80e6c884912d72c180f27e6c09677374222d951871229,9,3.316221434611686,11.280400670627907,0.0,False,False
S170,consumed_test_role,1,SYMMETRY_DP,RigidD,/raid5/xuhd/datasets/prone_reference_mesh_interface_v1_20261004/bindings/S170_1_SYMMETRY_DP_RigidD.npz,04e4456fd09d54464f3c29593f41678854da554a367cbb7af1bcd9f41476d7f0,6247a1c111929de4a3650ea8b0f41e9ac4e17bc4284b5158e2c8c33a0f8a1c4d,42f0831f7b513238b6b80e6c884912d72c180f27e6c09677374222d951871229,9,1.0727317476503755,3.2273659778053423,0.0,False,False
S170,consumed_test_role,1,GROOVE_DP,Official,/raid5/xuhd/datasets/prone_reference_mesh_interface_v1_20261004/bindings/S170_1_GROOVE_DP_Official.npz,d0c6c395cc44f1508ec9dcef6b29ba6f3e0cdc75c3e4cc8185f46a5b735c45bf,8aaea79134ced3b55e7fa3f53b61550abd52b4e75b75881cdf73452f47e0d99f,42463f82cbd58b75a1d5f020fb06f58c8e0e133387afaf0f37bdd9beae0a67c5,9,99.35893438228109,114.02055515835175,0.0,False,False
S170,consumed_test_role,1,GROOVE_DP,Rigid,/raid5/xuhd/datasets/prone_reference_mesh_interface_v1_20261004/bindings/S170_1_GROOVE_DP_Rigid.npz,88e376d068bd85f4d9d32f4c707aee67bcc00aad9aa1e5751e36b163af31597c,0aa40fa128e84a24cbf533bd65dbcca5137a9006691020f554173e58ab71fd8e,42463f82cbd58b75a1d5f020fb06f58c8e0e133387afaf0f37bdd9beae0a67c5,9,14.35186515362187,17.471544501500727,0.0,False,False
S170,consumed_test_role,1,GROOVE_DP,RigidD,/raid5/xuhd/datasets/prone_reference_mesh_interface_v1_20261004/bindings/S170_1_GROOVE_DP_RigidD.npz,4038eb322fcc497464d8d87bbb78830c7b27a4d5333ec991e015d0b49ddef882,6247a1c111929de4a3650ea8b0f41e9ac4e17bc4284b5158e2c8c33a0f8a1c4d,42463f82cbd58b75a1d5f020fb06f58c8e0e133387afaf0f37bdd9beae0a67c5,9,1.7299898844205142,5.664603885779832,0.0,False,False
S170,consumed_test_role,2,BOUNDARY_CENTER,Official,/raid5/xuhd/datasets/prone_reference_mesh_interface_v1_20261004/bindings/S170_2_BOUNDARY_CENTER_Official.npz,db1fb3f15fdd1f4f256a4c33f940b2507055f9dfcb68c0ab88c83b93ac3c09bf,8aaea79134ced3b55e7fa3f53b61550abd52b4e75b75881cdf73452f47e0d99f,9f990b21806113e285dc1bafc03ae0b9c9c9f3a1478edd77d4008e2f8f2d1f04,9,100.70113514527388,117.85367883776745,0.0,False,False
S170,consumed_test_role,2,BOUNDARY_CENTER,Rigid,/raid5/xuhd/datasets/prone_reference_mesh_interface_v1_20261004/bindings/S170_2_BOUNDARY_CENTER_Rigid.npz,730b474d2390ada3d9fa1d22706647985acae80503f6a58819226992bcf6efe3,2e4dc49ea5e9c43ce45731afb84f56308e275709751b6584190f2c2919c34eeb,9f990b21806113e285dc1bafc03ae0b9c9c9f3a1478edd77d4008e2f8f2d1f04,9,10.545709332617088,19.167951502483504,0.0,False,False
S170,consumed_test_role,2,BOUNDARY_CENTER,RigidD,/raid5/xuhd/datasets/prone_reference_mesh_interface_v1_20261004/bindings/S170_2_BOUNDARY_CENTER_RigidD.npz,4b6d05a8867715bebc4a6ca703c77f19d6644d688b98797b6e3cf8bfa1d71c8a,b580fdf91363e153069e6c6bf1ddf0c06aacbeee6ab9d0fccf8970ed7582f54d,9f990b21806113e285dc1bafc03ae0b9c9c9f3a1478edd77d4008e2f8f2d1f04,9,3.4694837938913055,7.536615047477673,0.0,False,False
S170,consumed_test_role,2,GROOVE_DP,Official,/raid5/xuhd/datasets/prone_reference_mesh_interface_v1_20261004/bindings/S170_2_GROOVE_DP_Official.npz,3540103a3fee758399940e026a12343466fdd80307aaac34811e403d41e84e8f,8aaea79134ced3b55e7fa3f53b61550abd52b4e75b75881cdf73452f47e0d99f,62134dd4a4b72df9d436d1ff6dbc6b5fe28f80b6e8332e47295f2e39cc4fc445,9,108.09006421279511,115.94928902647266,0.0,False,False
S170,consumed_test_role,2,GROOVE_DP,Rigid,/raid5/xuhd/datasets/prone_reference_mesh_interface_v1_20261004/bindings/S170_2_GROOVE_DP_Rigid.npz,315cd26ce1cbc8ec6e2dfd819c773d2b370e0a328cb61049b3c6224fbb35c8ee,2e4dc49ea5e9c43ce45731afb84f56308e275709751b6584190f2c2919c34eeb,62134dd4a4b72df9d436d1ff6dbc6b5fe28f80b6e8332e47295f2e39cc4fc445,9,7.02637240872133,14.6420249789939,0.0,False,False
S170,consumed_test_role,2,GROOVE_DP,RigidD,/raid5/xuhd/datasets/prone_reference_mesh_interface_v1_20261004/bindings/S170_2_GROOVE_DP_RigidD.npz,06a2909d393774e7ee90475a2783648d1d42d5c8b2949508f6e9f455e2088135,b580fdf91363e153069e6c6bf1ddf0c06aacbeee6ab9d0fccf8970ed7582f54d,62134dd4a4b72df9d436d1ff6dbc6b5fe28f80b6e8332e47295f2e39cc4fc445,9,1.0608455297379307,4.6779967838075835,0.0,False,False
S179,consumed_test_role,0,BOUNDARY_CENTER,Official,/raid5/xuhd/datasets/prone_reference_mesh_interface_v1_20261004/bindings/S179_0_BOUNDARY_CENTER_Official.npz,f29a18b3e5f7a0d5ea66d20535af63a29b2e059b53edd959eebea99d8dbeb576,11720b71e8713edbee9326d16fcec990a255c57a7d4e07e7133ed0c5d718e920,f201735a852b213aaf17ccc35815eb5c462980a1af19c88283bf801b2b0617d1,9,171.1980660046414,192.8129649154005,0.0,False,False
S179,consumed_test_role,0,BOUNDARY_CENTER,Rigid,/raid5/xuhd/datasets/prone_reference_mesh_interface_v1_20261004/bindings/S179_0_BOUNDARY_CENTER_Rigid.npz,7fbeade7ec2183685eae3389956106a74025bf971e4591dd2bb95ccf0e1a7abf,3745e48f3425766d2f878d2e7889b62d49572dfaae2bd73533401ea3c247661a,f201735a852b213aaf17ccc35815eb5c462980a1af19c88283bf801b2b0617d1,9,2.77634009220028,13.0603930871911,0.0,False,False
S179,consumed_test_role,0,BOUNDARY_CENTER,RigidD,/raid5/xuhd/datasets/prone_reference_mesh_interface_v1_20261004/bindings/S179_0_BOUNDARY_CENTER_RigidD.npz,fe306033384fb16bc2c067036257242b172c9d4fffbbf94521a494f5d0bff092,e94ba923286b99b8fddb24c859ebaa3af555d38c6875a355ff76fd5fdf20cc63,f201735a852b213aaf17ccc35815eb5c462980a1af19c88283bf801b2b0617d1,9,2.14747304333776,6.941153308825736,0.0,False,False
S179,consumed_test_role,0,GROOVE_DP,Official,/raid5/xuhd/datasets/prone_reference_mesh_interface_v1_20261004/bindings/S179_0_GROOVE_DP_Official.npz,f20be14037a1ad6887a440e438eed7e0f5609a5210b7095f72267183079d8b31,11720b71e8713edbee9326d16fcec990a255c57a7d4e07e7133ed0c5d718e920,579b0ca8b2f78a38e23e5120e49594004f607fc74e0ad0b64ac0ca258f49d6a0,9,169.21795936354422,189.3862973879006,0.0,False,False
S179,consumed_test_role,0,GROOVE_DP,Rigid,/raid5/xuhd/datasets/prone_reference_mesh_interface_v1_20261004/bindings/S179_0_GROOVE_DP_Rigid.npz,6c29264a9b18fddd1a86086fc8740268f7c4fda19366b69f3d9f78e7c919e8fe,3745e48f3425766d2f878d2e7889b62d49572dfaae2bd73533401ea3c247661a,579b0ca8b2f78a38e23e5120e49594004f607fc74e0ad0b64ac0ca258f49d6a0,9,6.310111663621431,13.150226253003819,0.0,False,False
S179,consumed_test_role,0,GROOVE_DP,RigidD,/raid5/xuhd/datasets/prone_reference_mesh_interface_v1_20261004/bindings/S179_0_GROOVE_DP_RigidD.npz,0ef185854870ba2ec87a77e134340d108a0b4b09941ace73ee76bde4433dbbd5,e94ba923286b99b8fddb24c859ebaa3af555d38c6875a355ff76fd5fdf20cc63,579b0ca8b2f78a38e23e5120e49594004f607fc74e0ad0b64ac0ca258f49d6a0,9,1.0876803197036973,1.7138708097821627,0.0,False,False
S179,consumed_test_role,1,BOUNDARY_CENTER,Official,/raid5/xuhd/datasets/prone_reference_mesh_interface_v1_20261004/bindings/S179_1_BOUNDARY_CENTER_Official.npz,c88a80f78483eeb5f81da5e8e77a5932ce0b1b2eb3392f1d9f345aeb1ae31d09,11720b71e8713edbee9326d16fcec990a255c57a7d4e07e7133ed0c5d718e920,287dd4cdf6f41f283112415f808add754468ad90c91517203f825ffe1e935cf7,9,168.50355256777095,193.34803310031043,0.0,False,False
S179,consumed_test_role,1,BOUNDARY_CENTER,Rigid,/raid5/xuhd/datasets/prone_reference_mesh_interface_v1_20261004/bindings/S179_1_BOUNDARY_CENTER_Rigid.npz,3b0be12f4272eea472beba2eebc68a84172ded29b188796e0353ace701626d6a,9e5c50e129c03015c15fd000f16dc2041424bdfd0b7192c926d3d8ad63f75409,287dd4cdf6f41f283112415f808add754468ad90c91517203f825ffe1e935cf7,9,5.172339474641291,12.33974508391882,0.0,False,False
S179,consumed_test_role,1,BOUNDARY_CENTER,RigidD,/raid5/xuhd/datasets/prone_reference_mesh_interface_v1_20261004/bindings/S179_1_BOUNDARY_CENTER_RigidD.npz,9eb1851cb8123914a2365291b9ecb766bbab99d626d195705723aa4162ac4d75,c7ebb0c4fcf1afc95104c899840a2eb045fc7b45f580bdc2c014a1b2f334ad19,287dd4cdf6f41f283112415f808add754468ad90c91517203f825ffe1e935cf7,9,1.581756352962719,4.684090852562408,0.0,False,False
S179,consumed_test_role,1,SYMMETRY_DP,Official,/raid5/xuhd/datasets/prone_reference_mesh_interface_v1_20261004/bindings/S179_1_SYMMETRY_DP_Official.npz,4e185eb3126cbd1fd7491d64771ae5d5830f170021128c1b1376603022d274c7,11720b71e8713edbee9326d16fcec990a255c57a7d4e07e7133ed0c5d718e920,357f25f1d329e810144e4db48d3f1ae55a47e83b98873218ffe617b5abe467d0,9,167.94890756368997,188.74633027970077,0.0,False,False
S179,consumed_test_role,1,SYMMETRY_DP,Rigid,/raid5/xuhd/datasets/prone_reference_mesh_interface_v1_20261004/bindings/S179_1_SYMMETRY_DP_Rigid.npz,f24c4c1f3d974cb53ceec356d249ad9e17a2d59f1b7a3993035560b467501b8e,9e5c50e129c03015c15fd000f16dc2041424bdfd0b7192c926d3d8ad63f75409,357f25f1d329e810144e4db48d3f1ae55a47e83b98873218ffe617b5abe467d0,9,6.005697855754698,16.72116082116111,0.0,False,False
S179,consumed_test_role,1,SYMMETRY_DP,RigidD,/raid5/xuhd/datasets/prone_reference_mesh_interface_v1_20261004/bindings/S179_1_SYMMETRY_DP_RigidD.npz,5b308ae314040e1a2d3f11882d9fbfdecda6ed3ea8a5887f9d320fec6813bd6c,c7ebb0c4fcf1afc95104c899840a2eb045fc7b45f580bdc2c014a1b2f334ad19,357f25f1d329e810144e4db48d3f1ae55a47e83b98873218ffe617b5abe467d0,9,1.6110017243299732,3.7071463272670244,0.0,False,False
S179,consumed_test_role,1,GROOVE_DP,Official,/raid5/xuhd/datasets/prone_reference_mesh_interface_v1_20261004/bindings/S179_1_GROOVE_DP_Official.npz,e6911d85c86b8207f4e5d636ad306884ce72e212a9ea6c7baab549735d2eeb10,11720b71e8713edbee9326d16fcec990a255c57a7d4e07e7133ed0c5d718e920,9234ecc12390d3705c0150a9d165862082b6ff438831d5e884a607fb5c9e032a,9,169.24556849335863,189.19503641648296,0.0,False,False
S179,consumed_test_role,1,GROOVE_DP,Rigid,/raid5/xuhd/datasets/prone_reference_mesh_interface_v1_20261004/bindings/S179_1_GROOVE_DP_Rigid.npz,d1c103b308ace44306593e026f3ce3080d88724fb8cda92bdcad602d699e9ee6,9e5c50e129c03015c15fd000f16dc2041424bdfd0b7192c926d3d8ad63f75409,9234ecc12390d3705c0150a9d165862082b6ff438831d5e884a607fb5c9e032a,9,2.3262975878317826,8.518287839718926,0.0,False,False
S179,consumed_test_role,1,GROOVE_DP,RigidD,/raid5/xuhd/datasets/prone_reference_mesh_interface_v1_20261004/bindings/S179_1_GROOVE_DP_RigidD.npz,4d2b71e8004c3b41cfafddecf96a277e04f53f43c0b43160a096c2bf73fa93b6,c7ebb0c4fcf1afc95104c899840a2eb045fc7b45f580bdc2c014a1b2f334ad19,9234ecc12390d3705c0150a9d165862082b6ff438831d5e884a607fb5c9e032a,9,1.3430006245480537,5.43332305419946,0.0,False,False
S179,consumed_test_role,2,BOUNDARY_CENTER,Official,/raid5/xuhd/datasets/prone_reference_mesh_interface_v1_20261004/bindings/S179_2_BOUNDARY_CENTER_Official.npz,9724b9f20682693f9396a14ecd51802dbe3af5e9e8b5bc7b4a6e971d69deca75,11720b71e8713edbee9326d16fcec990a255c57a7d4e07e7133ed0c5d718e920,26d82e2267b8252c74257112d76f977c072ccc4c2f852b516739a6c14dca00a8,9,172.55444541566672,193.3179570242175,0.0,False,False
S179,consumed_test_role,2,BOUNDARY_CENTER,Rigid,/raid5/xuhd/datasets/prone_reference_mesh_interface_v1_20261004/bindings/S179_2_BOUNDARY_CENTER_Rigid.npz,74b3a4d46b0494f47323885e5f349e3ee6998492397d5a7f00c728e8bec06442,4f300df56afec8ce2dc06de55f9274b4eb07b1fec45fbd1694683fb219e29edd,26d82e2267b8252c74257112d76f977c072ccc4c2f852b516739a6c14dca00a8,9,2.495859334838022,13.302628927727866,0.0,False,False
S179,consumed_test_role,2,BOUNDARY_CENTER,RigidD,/raid5/xuhd/datasets/prone_reference_mesh_interface_v1_20261004/bindings/S179_2_BOUNDARY_CENTER_RigidD.npz,6217ea57f29db4079938b80eab46cd7a00c7f2319aaf73284a9d312a6ac336d2,1672a88a969f9f531947deca15c5f03a5dc36d43196c9eb5789e476bab2b2de3,26d82e2267b8252c74257112d76f977c072ccc4c2f852b516739a6c14dca00a8,9,1.0871319566233444,3.2981799152307807,0.0,False,False
S184,consumed_test_role,0,BOUNDARY_CENTER,Official,/raid5/xuhd/datasets/prone_reference_mesh_interface_v1_20261004/bindings/S184_0_BOUNDARY_CENTER_Official.npz,484fe6ac84ad95f68c8049ad6b36a13c44a18fcbade1496a31fb193570005442,34a47dbc3831a8347bc74d3143e5d37503dfac1c83bb8a5cee119532a398f1a1,0f8559fdf9eb3ac14e20d0f3c4a915ea18165e30a335f4111d6fd26fa79957b6,9,53.475392081854466,64.58635156213083,0.0,False,False
S184,consumed_test_role,0,BOUNDARY_CENTER,Rigid,/raid5/xuhd/datasets/prone_reference_mesh_interface_v1_20261004/bindings/S184_0_BOUNDARY_CENTER_Rigid.npz,2fb125a53400c3727a215b5655f2ca50d8501c85d04e0ed6d368fa31346581c3,34ff6f929f28a4291107880b747eeb713a904abcc87bd2031af18d1f04fab44d,0f8559fdf9eb3ac14e20d0f3c4a915ea18165e30a335f4111d6fd26fa79957b6,9,3.3814634220082707,21.251195829197876,0.0,False,False
S184,consumed_test_role,0,BOUNDARY_CENTER,RigidD,/raid5/xuhd/datasets/prone_reference_mesh_interface_v1_20261004/bindings/S184_0_BOUNDARY_CENTER_RigidD.npz,2bc48ab4f55e97adce35863c785ba6dc1697cc41feb3f65863001c34d1b9bac1,72469e312b822452f92eed468585731d84834c0d278941782532e77b01d106d3,0f8559fdf9eb3ac14e20d0f3c4a915ea18165e30a335f4111d6fd26fa79957b6,9,0.6833403022209771,5.342287983837844,0.0,False,False
S184,consumed_test_role,0,GROOVE_DP,Official,/raid5/xuhd/datasets/prone_reference_mesh_interface_v1_20261004/bindings/S184_0_GROOVE_DP_Official.npz,6bdd1dd0fcf1cf06ae926c3e9b5ac10352d707c0558ca7207e87656a802d565c,34a47dbc3831a8347bc74d3143e5d37503dfac1c83bb8a5cee119532a398f1a1,b764c089722423c644fa1e7d989ec3aca7db2fc26ba9f9acc4b044f27b578106,9,48.17857920963466,63.219675616324366,0.0,False,False
S184,consumed_test_role,0,GROOVE_DP,Rigid,/raid5/xuhd/datasets/prone_reference_mesh_interface_v1_20261004/bindings/S184_0_GROOVE_DP_Rigid.npz,4b73846c9b88dc4c7c6c45d5310188d1ce8207c251c2e17803e1ea2b3d1a83e5,34ff6f929f28a4291107880b747eeb713a904abcc87bd2031af18d1f04fab44d,b764c089722423c644fa1e7d989ec3aca7db2fc26ba9f9acc4b044f27b578106,9,2.94390871591618,18.41474533572541,0.0,False,False
S184,consumed_test_role,0,GROOVE_DP,RigidD,/raid5/xuhd/datasets/prone_reference_mesh_interface_v1_20261004/bindings/S184_0_GROOVE_DP_RigidD.npz,2660a8be5aee2f03841edfb17eb4b7411572eba18ccd0e4348cea30a2589aca8,72469e312b822452f92eed468585731d84834c0d278941782532e77b01d106d3,b764c089722423c644fa1e7d989ec3aca7db2fc26ba9f9acc4b044f27b578106,9,1.0698556201591494,4.468370259121536,0.0,False,False
S184,consumed_test_role,1,BOUNDARY_CENTER,Official,/raid5/xuhd/datasets/prone_reference_mesh_interface_v1_20261004/bindings/S184_1_BOUNDARY_CENTER_Official.npz,39e164415132771823e362be36bf8403a9b89097def369baab5835adfe3dc451,34a47dbc3831a8347bc74d3143e5d37503dfac1c83bb8a5cee119532a398f1a1,dd11adc44cc35a83dbef290f2d4ac7f5ff45e7ef75b9f9680292649f7fae383c,9,53.35550437866592,76.83356359862753,0.0,False,False
S184,consumed_test_role,1,BOUNDARY_CENTER,Rigid,/raid5/xuhd/datasets/prone_reference_mesh_interface_v1_20261004/bindings/S184_1_BOUNDARY_CENTER_Rigid.npz,dda84e025486f332ddebcd806cce9f9930f91c96e6fc027e92d3f34868abbb3c,d80ad002d885514513f07014ea7a988700de0ec493fa0eb45f0b635fa621f4d0,dd11adc44cc35a83dbef290f2d4ac7f5ff45e7ef75b9f9680292649f7fae383c,9,4.747661041257127,18.47311166575597,0.0,False,False
S184,consumed_test_role,1,BOUNDARY_CENTER,RigidD,/raid5/xuhd/datasets/prone_reference_mesh_interface_v1_20261004/bindings/S184_1_BOUNDARY_CENTER_RigidD.npz,a6c2369ac47704af2ad0b0b8b2f5837b223b5288c9f0f4b657ccf593359c31f7,d5af13b3e9229a222a8762cbd07a3f5dcb5261f4a33374ebdb19eae7042013b7,dd11adc44cc35a83dbef290f2d4ac7f5ff45e7ef75b9f9680292649f7fae383c,9,1.612456967913992,4.392870462130891,0.0,False,False
S184,consumed_test_role,1,GROOVE_DP,Official,/raid5/xuhd/datasets/prone_reference_mesh_interface_v1_20261004/bindings/S184_1_GROOVE_DP_Official.npz,d1d8add39c9adeeaa4fb87800155297cc1c8bc2f4c11ab29a3cc3cb970df5254,34a47dbc3831a8347bc74d3143e5d37503dfac1c83bb8a5cee119532a398f1a1,782b46a1a89cdc48ff2fe533f94ec11f504ab7ffcb9e2e35f0032a002905a30d,9,60.17635520698422,62.93472999142431,0.0,False,False
S184,consumed_test_role,1,GROOVE_DP,Rigid,/raid5/xuhd/datasets/prone_reference_mesh_interface_v1_20261004/bindings/S184_1_GROOVE_DP_Rigid.npz,d531902836365f355fe69309704c2e078cc934e6602187b45c289be21d6d27f7,d80ad002d885514513f07014ea7a988700de0ec493fa0eb45f0b635fa621f4d0,782b46a1a89cdc48ff2fe533f94ec11f504ab7ffcb9e2e35f0032a002905a30d,9,4.6699323543395215,18.533282455030616,0.0,False,False
S184,consumed_test_role,1,GROOVE_DP,RigidD,/raid5/xuhd/datasets/prone_reference_mesh_interface_v1_20261004/bindings/S184_1_GROOVE_DP_RigidD.npz,a48c536ee239df1ab3beef895316a99fd16a3ff13d4063482c0c86333d7d2674,d5af13b3e9229a222a8762cbd07a3f5dcb5261f4a33374ebdb19eae7042013b7,782b46a1a89cdc48ff2fe533f94ec11f504ab7ffcb9e2e35f0032a002905a30d,9,1.404493819432368,3.227859110261052,0.0,False,False
S184,consumed_test_role,2,BOUNDARY_CENTER,Official,/raid5/xuhd/datasets/prone_reference_mesh_interface_v1_20261004/bindings/S184_2_BOUNDARY_CENTER_Official.npz,c932e5894927daa7efee9f3478e0bd13e8df9697b1559ebf275f3021c3fd5760,34a47dbc3831a8347bc74d3143e5d37503dfac1c83bb8a5cee119532a398f1a1,80c6f06bd6b34051f00c3ac9e769474468d9f987f75784f34bbc11261d0c8f05,9,53.02211067993197,59.37177691890113,0.0,False,False
S184,consumed_test_role,2,BOUNDARY_CENTER,Rigid,/raid5/xuhd/datasets/prone_reference_mesh_interface_v1_20261004/bindings/S184_2_BOUNDARY_CENTER_Rigid.npz,9e0b521c39881b410b36f403d134be006a31c3b68c98a3d2b8569f716e56f726,52e2c279ec09ade40cf96f2254b40a74f2c8970376f9da9edc58d484d78a043e,80c6f06bd6b34051f00c3ac9e769474468d9f987f75784f34bbc11261d0c8f05,9,3.6610293975702746,12.061620369073497,0.0,False,False
S184,consumed_test_role,2,BOUNDARY_CENTER,RigidD,/raid5/xuhd/datasets/prone_reference_mesh_interface_v1_20261004/bindings/S184_2_BOUNDARY_CENTER_RigidD.npz,5d5da8e3b4863dd9f08b24db617b58691cd5e0228d7afcf5aabc174cf3b37225,565737804d0339a75c59750fac90a0338610e1df8e5eb6c1f1ed153023ae1d42,80c6f06bd6b34051f00c3ac9e769474468d9f987f75784f34bbc11261d0c8f05,9,1.9042506322089534,2.8625073847938878,0.0,False,False
S184,consumed_test_role,2,GROOVE_DP,Official,/raid5/xuhd/datasets/prone_reference_mesh_interface_v1_20261004/bindings/S184_2_GROOVE_DP_Official.npz,257edce7b63f8401633bca92de4a80a699e75f492c3f8b6f97147d8309cfcd9d,34a47dbc3831a8347bc74d3143e5d37503dfac1c83bb8a5cee119532a398f1a1,521274e861e4862507dc837c6447dbf2d454e0b706c02fa258a6c1be68d34ca1,9,53.3615770070068,65.92048929035283,0.0,False,False
S184,consumed_test_role,2,GROOVE_DP,Rigid,/raid5/xuhd/datasets/prone_reference_mesh_interface_v1_20261004/bindings/S184_2_GROOVE_DP_Rigid.npz,5e1eb43b86a4c849468aef6f3312dc9fe3a92efe9ee24c348f363ef00c7cce35,52e2c279ec09ade40cf96f2254b40a74f2c8970376f9da9edc58d484d78a043e,521274e861e4862507dc837c6447dbf2d454e0b706c02fa258a6c1be68d34ca1,9,5.057616085163353,22.72317269509467,0.0,False,False
S184,consumed_test_role,2,GROOVE_DP,RigidD,/raid5/xuhd/datasets/prone_reference_mesh_interface_v1_20261004/bindings/S184_2_GROOVE_DP_RigidD.npz,83b17c9953834f33b63a43b677ddc9826e51c00857c73710fd0b4675aa3a47fd,565737804d0339a75c59750fac90a0338610e1df8e5eb6c1f1ed153023ae1d42,521274e861e4862507dc837c6447dbf2d454e0b706c02fa258a6c1be68d34ca1,9,1.470942315355748,7.22849133185041,0.0,False,False
S187,dev,0,BOUNDARY_CENTER,Official,/raid5/xuhd/datasets/prone_reference_mesh_interface_v1_20261004/bindings/S187_0_BOUNDARY_CENTER_Official.npz,0411cf69ae0947158b3449bb0b5742d0484caeca14e6b0456c585d9eb86e24a4,a1eb2193be23a629705ba156eea187e21408e2c56684a5501f3ef53d1a86f2a7,d5b5615b3da9561cd227d0ae7f0c90fbef5769bba2662f2e00dc85ba4a3092e1,9,226.9175429403485,239.10449091039368,0.0,False,False
S187,dev,0,BOUNDARY_CENTER,Rigid,/raid5/xuhd/datasets/prone_reference_mesh_interface_v1_20261004/bindings/S187_0_BOUNDARY_CENTER_Rigid.npz,b196c36a970b7fbe921d54a186cc14eec44a89600b6e49816d8786f3f5c8a64b,422f5c6fe05ee8c87916ea8d81a41073b74a6cee60295166c1c3ee6766a1a78e,d5b5615b3da9561cd227d0ae7f0c90fbef5769bba2662f2e00dc85ba4a3092e1,9,15.822688962079358,21.218410512807797,0.0,False,False
S187,dev,0,BOUNDARY_CENTER,RigidD,/raid5/xuhd/datasets/prone_reference_mesh_interface_v1_20261004/bindings/S187_0_BOUNDARY_CENTER_RigidD.npz,26f6c32506150ede1bcf5abd9d39cd7ef0ca9dfef5ded0e1b85f8b367c0fda53,197782155fa1b96d5e4083d1a4269a921dccc4c3ce9625a38eba72d437eca614,d5b5615b3da9561cd227d0ae7f0c90fbef5769bba2662f2e00dc85ba4a3092e1,9,3.2222867402822133,5.327995021594958,0.0,False,False
S187,dev,0,GROOVE_DP,Official,/raid5/xuhd/datasets/prone_reference_mesh_interface_v1_20261004/bindings/S187_0_GROOVE_DP_Official.npz,d697c892c47091cb6fb5c29186966e1ea5c31074b19a97302434ed439bb078c7,a1eb2193be23a629705ba156eea187e21408e2c56684a5501f3ef53d1a86f2a7,217737aff861b66c53671c8712705dfd6658feb88a06245013008d2c57e97c20,9,225.75886152847264,234.09912950111516,0.0,False,False
S187,dev,0,GROOVE_DP,Rigid,/raid5/xuhd/datasets/prone_reference_mesh_interface_v1_20261004/bindings/S187_0_GROOVE_DP_Rigid.npz,13d3f301164316a0358d5deaccdf2b8f950ef39472c8bce5a907ffc6b5cf4008,422f5c6fe05ee8c87916ea8d81a41073b74a6cee60295166c1c3ee6766a1a78e,217737aff861b66c53671c8712705dfd6658feb88a06245013008d2c57e97c20,9,13.537543178749392,19.008585775759375,0.0,False,False
S187,dev,0,GROOVE_DP,RigidD,/raid5/xuhd/datasets/prone_reference_mesh_interface_v1_20261004/bindings/S187_0_GROOVE_DP_RigidD.npz,6174e02aef5213a24b3d04814f05937bc27de8e39e9c4a17e2d267c2f6f3d0b0,197782155fa1b96d5e4083d1a4269a921dccc4c3ce9625a38eba72d437eca614,217737aff861b66c53671c8712705dfd6658feb88a06245013008d2c57e97c20,9,1.848677832861934,3.7117392582865154,0.0,False,False
S187,dev,1,BOUNDARY_CENTER,Official,/raid5/xuhd/datasets/prone_reference_mesh_interface_v1_20261004/bindings/S187_1_BOUNDARY_CENTER_Official.npz,c969f43b5985ffec351a2dca111001fae28e4f311b4edc5f3ed4dbc5cc6c45e7,a1eb2193be23a629705ba156eea187e21408e2c56684a5501f3ef53d1a86f2a7,a34642431752c9e8cb9441af8ac3b206d1c7f49c40eaad8ebad2758f389470e6,9,227.62936000869004,240.35638181889612,0.0,False,False
S187,dev,1,BOUNDARY_CENTER,Rigid,/raid5/xuhd/datasets/prone_reference_mesh_interface_v1_20261004/bindings/S187_1_BOUNDARY_CENTER_Rigid.npz,1460cabacf1aa1785116087759b5223cfb30e7232582f730373e6b56042023c8,9aa5a64e4d452f33770cce5e31ced8a0e6974bd00735513c95f7aacbbfe12c6b,a34642431752c9e8cb9441af8ac3b206d1c7f49c40eaad8ebad2758f389470e6,9,14.035306233394307,21.122046513891046,0.0,False,False
S187,dev,1,BOUNDARY_CENTER,RigidD,/raid5/xuhd/datasets/prone_reference_mesh_interface_v1_20261004/bindings/S187_1_BOUNDARY_CENTER_RigidD.npz,5043a5d8fd596f02e61872615ff9b2505f617fa4adcb047be144ea2b37ac3f66,475615ac917c66bef6bfa08e0679bdcef00d9384531750a986d8dbcd47669a56,a34642431752c9e8cb9441af8ac3b206d1c7f49c40eaad8ebad2758f389470e6,9,1.7416040578570862,4.444546076865817,0.0,False,False
S187,dev,1,GROOVE_DP,Official,/raid5/xuhd/datasets/prone_reference_mesh_interface_v1_20261004/bindings/S187_1_GROOVE_DP_Official.npz,6a696cf678900cd4edf85df7b4c00bc7c43a866802459c7877a0aec152859596,a1eb2193be23a629705ba156eea187e21408e2c56684a5501f3ef53d1a86f2a7,c20806f63d993f36769ab0d6e21bbb294e6cf13b10e08e537b3db8e7f2f21b6c,9,225.60199448633423,235.6012699035346,0.0,False,False
S187,dev,1,GROOVE_DP,Rigid,/raid5/xuhd/datasets/prone_reference_mesh_interface_v1_20261004/bindings/S187_1_GROOVE_DP_Rigid.npz,30532ab2086dec3cebc094feebe9f9231a3c0d8faf91e2b00e137914770076aa,9aa5a64e4d452f33770cce5e31ced8a0e6974bd00735513c95f7aacbbfe12c6b,c20806f63d993f36769ab0d6e21bbb294e6cf13b10e08e537b3db8e7f2f21b6c,9,13.476600064689213,19.596970442211095,0.0,False,False
S187,dev,1,GROOVE_DP,RigidD,/raid5/xuhd/datasets/prone_reference_mesh_interface_v1_20261004/bindings/S187_1_GROOVE_DP_RigidD.npz,5619a31f36e968986905da4cb5457b4d0aa842eed6ce44a20b51ae7b8b31d4e0,475615ac917c66bef6bfa08e0679bdcef00d9384531750a986d8dbcd47669a56,c20806f63d993f36769ab0d6e21bbb294e6cf13b10e08e537b3db8e7f2f21b6c,9,2.029350618625889,5.115473496802047,0.0,False,False
S187,dev,2,BOUNDARY_CENTER,Official,/raid5/xuhd/datasets/prone_reference_mesh_interface_v1_20261004/bindings/S187_2_BOUNDARY_CENTER_Official.npz,888f96cb6f8db164c21691cfe9f8549d629f44d257b33582b247c36f04b8d453,a1eb2193be23a629705ba156eea187e21408e2c56684a5501f3ef53d1a86f2a7,a4ba9ea7b4a9788a91d2524449e39fb10c3e23bde6ea2bc30787e2801a331c68,9,227.30161507385284,241.3625863338935,0.0,False,False
S187,dev,2,BOUNDARY_CENTER,Rigid,/raid5/xuhd/datasets/prone_reference_mesh_interface_v1_20261004/bindings/S187_2_BOUNDARY_CENTER_Rigid.npz,a443df5a2c576e91abf4953786ce2470e5b89a441f3addc587a47064273c539f,8d85c168a60523fa14faa32ae523d38fefcaecb4d9fb50d36ee9b2e71c40425e,a4ba9ea7b4a9788a91d2524449e39fb10c3e23bde6ea2bc30787e2801a331c68,9,14.571141854292387,21.99235551817979,0.0,False,False
S187,dev,2,BOUNDARY_CENTER,RigidD,/raid5/xuhd/datasets/prone_reference_mesh_interface_v1_20261004/bindings/S187_2_BOUNDARY_CENTER_RigidD.npz,c2507c0295c96728741beda5c0a340d8c54833d4625a8d8dfeaa26d0e846e85f,3f914e0cdad29a509557463a32f58ec61a732abe83deeea17cff80641bd5e445,a4ba9ea7b4a9788a91d2524449e39fb10c3e23bde6ea2bc30787e2801a331c68,9,2.8223233488518487,6.246390212218226,0.0,False,False
S188,consumed_test_role,0,BOUNDARY_CENTER,Official,/raid5/xuhd/datasets/prone_reference_mesh_interface_v1_20261004/bindings/S188_0_BOUNDARY_CENTER_Official.npz,48ad879c38c13aea8811491d6da685ba98b7e90c9643fc97c37bf8f7025ca2ea,2fd82b9f4152f514c82643d7513b7c2dcfe4b39707c4a089cd219363ced7dcc5,48083a7f4d5aa3c061a37750eadd31262817805ec0a1c102be0b70ba5b03b934,9,55.56622926963245,63.75421078795461,0.0,False,False
S188,consumed_test_role,0,BOUNDARY_CENTER,Rigid,/raid5/xuhd/datasets/prone_reference_mesh_interface_v1_20261004/bindings/S188_0_BOUNDARY_CENTER_Rigid.npz,211e1c427b38bd579a57d28789690cf680877d42822f213181a44efda79690c6,3a2bf3ac6e1a132615b404d3acbe170ecd5e53d1df1dbeef224ad45b73a47196,48083a7f4d5aa3c061a37750eadd31262817805ec0a1c102be0b70ba5b03b934,9,8.750920855349632,10.818303780883111,0.0,False,False
S188,consumed_test_role,0,BOUNDARY_CENTER,RigidD,/raid5/xuhd/datasets/prone_reference_mesh_interface_v1_20261004/bindings/S188_0_BOUNDARY_CENTER_RigidD.npz,be3f450234c4de3b46d552d3695527697402f3e8acb6fdadaa97848bd0309432,149274b0bb2d89a30dde7652e0ab9aac82d9e2b34106341e7ea9c0e0ed212949,48083a7f4d5aa3c061a37750eadd31262817805ec0a1c102be0b70ba5b03b934,9,1.4943334229163956,5.580088838808624,0.0,False,False
S188,consumed_test_role,0,GROOVE_DP,Official,/raid5/xuhd/datasets/prone_reference_mesh_interface_v1_20261004/bindings/S188_0_GROOVE_DP_Official.npz,4a632592f082f19315bfe743b98c5431956b7eab4c05ab0952c0afd251507aaf,2fd82b9f4152f514c82643d7513b7c2dcfe4b39707c4a089cd219363ced7dcc5,588ee44dfad78eaf11c01c9fb5873a0b9972ea1056c87ae20d90664817efef46,9,56.722418605156015,65.76314089602054,0.0,False,False
S188,consumed_test_role,0,GROOVE_DP,Rigid,/raid5/xuhd/datasets/prone_reference_mesh_interface_v1_20261004/bindings/S188_0_GROOVE_DP_Rigid.npz,91151d336645ed7db05a8d96487b36a2f66c21fd161bc8710b1315fb6dd6a9ca,3a2bf3ac6e1a132615b404d3acbe170ecd5e53d1df1dbeef224ad45b73a47196,588ee44dfad78eaf11c01c9fb5873a0b9972ea1056c87ae20d90664817efef46,9,9.90105398498812,11.996773372572381,0.0,False,False
S188,consumed_test_role,0,GROOVE_DP,RigidD,/raid5/xuhd/datasets/prone_reference_mesh_interface_v1_20261004/bindings/S188_0_GROOVE_DP_RigidD.npz,42d0ec6d6f91b05816ca4dbbde203ed237a15e6c8756b159c1e589e824706ca9,149274b0bb2d89a30dde7652e0ab9aac82d9e2b34106341e7ea9c0e0ed212949,588ee44dfad78eaf11c01c9fb5873a0b9972ea1056c87ae20d90664817efef46,9,2.045488376357418,3.208657077372333,0.0,False,False
S188,consumed_test_role,1,BOUNDARY_CENTER,Official,/raid5/xuhd/datasets/prone_reference_mesh_interface_v1_20261004/bindings/S188_1_BOUNDARY_CENTER_Official.npz,e3df2f26ed4fc5270d2c0c5ea7d67971c412252c9a7afb053a7ecdc5e41677d3,2fd82b9f4152f514c82643d7513b7c2dcfe4b39707c4a089cd219363ced7dcc5,0f1cc836d0f459012a2c17bed9318f1f56dfa1c8a47a3cff0181e5c5c8e504d0,9,54.978305849286365,63.18628035318225,0.0,False,False
S188,consumed_test_role,1,BOUNDARY_CENTER,Rigid,/raid5/xuhd/datasets/prone_reference_mesh_interface_v1_20261004/bindings/S188_1_BOUNDARY_CENTER_Rigid.npz,a9ad05bd67c385ecdea9ed79ba06f304cf812e8514144f557c3e6fdace2d83b0,3f603eb6ba677eb970ef925796e7fff689c65df39a11c9a55da5662d0a582f1c,0f1cc836d0f459012a2c17bed9318f1f56dfa1c8a47a3cff0181e5c5c8e504d0,9,6.053410026372845,13.304691143364991,0.0,False,False
S188,consumed_test_role,1,BOUNDARY_CENTER,RigidD,/raid5/xuhd/datasets/prone_reference_mesh_interface_v1_20261004/bindings/S188_1_BOUNDARY_CENTER_RigidD.npz,e309a8c99a2fa10567636eb231f06b3a93a27dc2b88ea4ba001e09fbfeee4187,982e8e6e540b2e112431e3ff6412543ae598b22372daa0d518f4e2a997d3425c,0f1cc836d0f459012a2c17bed9318f1f56dfa1c8a47a3cff0181e5c5c8e504d0,9,1.8518136108368983,8.961312526728914,0.0,False,False
S188,consumed_test_role,1,SYMMETRY_DP,Official,/raid5/xuhd/datasets/prone_reference_mesh_interface_v1_20261004/bindings/S188_1_SYMMETRY_DP_Official.npz,2efa1317bbc76a6b9a735c428b835e1c56e092558c02075dc12c794144cbe0a8,2fd82b9f4152f514c82643d7513b7c2dcfe4b39707c4a089cd219363ced7dcc5,4a401f79e3efa8857063673f83016d9a964af7d8a20f71f0b170ac290793081a,9,61.55136888880596,67.14038696361293,0.0,False,False
S188,consumed_test_role,1,SYMMETRY_DP,Rigid,/raid5/xuhd/datasets/prone_reference_mesh_interface_v1_20261004/bindings/S188_1_SYMMETRY_DP_Rigid.npz,562490febb5323010ccbe854bb927ff82ea5534ed2355359e35c306989a80a75,3f603eb6ba677eb970ef925796e7fff689c65df39a11c9a55da5662d0a582f1c,4a401f79e3efa8857063673f83016d9a964af7d8a20f71f0b170ac290793081a,9,11.262663969095914,17.71125554696178,0.0,False,False
S188,consumed_test_role,1,SYMMETRY_DP,RigidD,/raid5/xuhd/datasets/prone_reference_mesh_interface_v1_20261004/bindings/S188_1_SYMMETRY_DP_RigidD.npz,2eef6a465f7af63543bd8b16f2548e6c948919b20dc062b0b1739cecdfaa5506,982e8e6e540b2e112431e3ff6412543ae598b22372daa0d518f4e2a997d3425c,4a401f79e3efa8857063673f83016d9a964af7d8a20f71f0b170ac290793081a,9,1.560725789298644,6.468313076983428,0.0,False,False
S188,consumed_test_role,1,GROOVE_DP,Official,/raid5/xuhd/datasets/prone_reference_mesh_interface_v1_20261004/bindings/S188_1_GROOVE_DP_Official.npz,67103d68ac0ba4627cb0923440e321a8ea3cc6b9edd4b0a457c0acf257b3dd08,2fd82b9f4152f514c82643d7513b7c2dcfe4b39707c4a089cd219363ced7dcc5,e13f00b27256a63d86769b58d01eef4445f8ecff41175ee2b941edb22c004618,9,55.07094065073917,65.83061835521248,0.0,False,False
S188,consumed_test_role,1,GROOVE_DP,Rigid,/raid5/xuhd/datasets/prone_reference_mesh_interface_v1_20261004/bindings/S188_1_GROOVE_DP_Rigid.npz,364c833da6122d9f67650aae0c127420f51c4f44255112a00d82a2d75b09bd74,3f603eb6ba677eb970ef925796e7fff689c65df39a11c9a55da5662d0a582f1c,e13f00b27256a63d86769b58d01eef4445f8ecff41175ee2b941edb22c004618,9,7.410912198478688,9.214204435674326,0.0,False,False
S188,consumed_test_role,1,GROOVE_DP,RigidD,/raid5/xuhd/datasets/prone_reference_mesh_interface_v1_20261004/bindings/S188_1_GROOVE_DP_RigidD.npz,c331fd7066e5049f13f57e07a6fcfceeabe1c9d70c89da64d128a90cdc064618,982e8e6e540b2e112431e3ff6412543ae598b22372daa0d518f4e2a997d3425c,e13f00b27256a63d86769b58d01eef4445f8ecff41175ee2b941edb22c004618,9,1.7222150270901193,3.003287413521001,0.0,False,False
S188,consumed_test_role,2,BOUNDARY_CENTER,Official,/raid5/xuhd/datasets/prone_reference_mesh_interface_v1_20261004/bindings/S188_2_BOUNDARY_CENTER_Official.npz,6e216b438649b34efe71094058502c7eae033c069cb7ec716ab19c2f372dbe70,2fd82b9f4152f514c82643d7513b7c2dcfe4b39707c4a089cd219363ced7dcc5,a474da9c226b499cf0224739f507692629f159591d4f17b505f8f3b240991c02,9,54.76573656658898,62.58550477516348,0.0,False,False
S188,consumed_test_role,2,BOUNDARY_CENTER,Rigid,/raid5/xuhd/datasets/prone_reference_mesh_interface_v1_20261004/bindings/S188_2_BOUNDARY_CENTER_Rigid.npz,dd7b40e3fb419916a78032cc44d5b685a7cb97a388caa6b6e9fa5e7793e7710b,6eed9b9ec72066092da2459afad3b171f0dc7059aca2ee0c7988653fb8d7cbf9,a474da9c226b499cf0224739f507692629f159591d4f17b505f8f3b240991c02,9,8.773761723872905,13.507551535765218,0.0,False,False
S188,consumed_test_role,2,BOUNDARY_CENTER,RigidD,/raid5/xuhd/datasets/prone_reference_mesh_interface_v1_20261004/bindings/S188_2_BOUNDARY_CENTER_RigidD.npz,e48ecadba8e524438474abb6ffc5795193069eee2428296cc1447aa65b1481bf,60869f5e765dc4871a8fcb219cf95409f1ee9525af7dac2761b9030258e38232,a474da9c226b499cf0224739f507692629f159591d4f17b505f8f3b240991c02,9,1.024176631825143,2.3980940555602275,0.0,False,False
S188,consumed_test_role,2,GROOVE_DP,Official,/raid5/xuhd/datasets/prone_reference_mesh_interface_v1_20261004/bindings/S188_2_GROOVE_DP_Official.npz,ebae8944b0a8299f520ecfaef4d2304ca96df13c7d5a022f458bda79a6e23d5f,2fd82b9f4152f514c82643d7513b7c2dcfe4b39707c4a089cd219363ced7dcc5,61d94ac1230f270957ad7d4961efc722a12b6b878f64cb543cb375f0e44fb64a,9,55.24405488170193,65.47539779667532,0.0,False,False
S188,consumed_test_role,2,GROOVE_DP,Rigid,/raid5/xuhd/datasets/prone_reference_mesh_interface_v1_20261004/bindings/S188_2_GROOVE_DP_Rigid.npz,b2ca0e2c4641446d2083dfb6744fe95105b25d1b8f26996df87c20aca74f045a,6eed9b9ec72066092da2459afad3b171f0dc7059aca2ee0c7988653fb8d7cbf9,61d94ac1230f270957ad7d4961efc722a12b6b878f64cb543cb375f0e44fb64a,9,10.405331004373865,12.251657107973934,0.0,False,False
S188,consumed_test_role,2,GROOVE_DP,RigidD,/raid5/xuhd/datasets/prone_reference_mesh_interface_v1_20261004/bindings/S188_2_GROOVE_DP_RigidD.npz,779a6351f6f4cb172e9aa743ed19b80d914523e50a13135f5dffd5902b45004e,60869f5e765dc4871a8fcb219cf95409f1ee9525af7dac2761b9030258e38232,61d94ac1230f270957ad7d4961efc722a12b6b878f64cb543cb375f0e44fb64a,9,0.8795395608588039,4.193994415695771,0.0,False,False
S196,consumed_test_role,0,BOUNDARY_CENTER,Official,/raid5/xuhd/datasets/prone_reference_mesh_interface_v1_20261004/bindings/S196_0_BOUNDARY_CENTER_Official.npz,04452176f98dbf452b16ef1d9d230629046177b983e7535198515e7876568c49,078668f6d482fc7c3df2a8992b00b783bbb012e2e97a7b2609d9c2f1cc2e1e24,ced001b6a39ff94e0c3b4c8fce9324bca24172e72ed34e952750686c2116e0d7,9,139.7438134661771,143.64019121162252,0.0,False,False
S196,consumed_test_role,0,BOUNDARY_CENTER,Rigid,/raid5/xuhd/datasets/prone_reference_mesh_interface_v1_20261004/bindings/S196_0_BOUNDARY_CENTER_Rigid.npz,e9cffa66144af39741b3bbc72b990dbc3fc02c44d40a8274d09018db72b87602,006dab11ca92c12d12181e1e15f79fcb7f5d830adcf765c5954082c72288dd99,ced001b6a39ff94e0c3b4c8fce9324bca24172e72ed34e952750686c2116e0d7,9,8.280793752007005,11.264412868055848,0.0,False,False
S196,consumed_test_role,0,BOUNDARY_CENTER,RigidD,/raid5/xuhd/datasets/prone_reference_mesh_interface_v1_20261004/bindings/S196_0_BOUNDARY_CENTER_RigidD.npz,071ffaec4681323aec0e740bc351cc9f8d5ed1f781d3c6403588d7a3c092061e,0b4d133a825112fbf91e2336920efe87320f683559927ef44b145e75fcd1a195,ced001b6a39ff94e0c3b4c8fce9324bca24172e72ed34e952750686c2116e0d7,9,1.3126117284136225,2.130989214798608,0.0,False,False
S196,consumed_test_role,0,GROOVE_DP,Official,/raid5/xuhd/datasets/prone_reference_mesh_interface_v1_20261004/bindings/S196_0_GROOVE_DP_Official.npz,618ce2aaf7b2e4ccb0d042e4970184825ef2ed1d41d019da4e74850cdd6a96d9,078668f6d482fc7c3df2a8992b00b783bbb012e2e97a7b2609d9c2f1cc2e1e24,633a02ab42bc1ecd6ad33275c5203a031d2f4dab2052f3c24c393e12066afe20,9,139.276692536465,151.75129864054227,0.0,False,False
S196,consumed_test_role,0,GROOVE_DP,Rigid,/raid5/xuhd/datasets/prone_reference_mesh_interface_v1_20261004/bindings/S196_0_GROOVE_DP_Rigid.npz,044d8e0295309fcd3df99cbd286a88950b1af065db394e972f8186a5b6d2ff16,006dab11ca92c12d12181e1e15f79fcb7f5d830adcf765c5954082c72288dd99,633a02ab42bc1ecd6ad33275c5203a031d2f4dab2052f3c24c393e12066afe20,9,8.91522076670212,19.137759953198756,0.0,False,False
S196,consumed_test_role,0,GROOVE_DP,RigidD,/raid5/xuhd/datasets/prone_reference_mesh_interface_v1_20261004/bindings/S196_0_GROOVE_DP_RigidD.npz,23089b26f80880c607ec9892b36d131d8bb020aa6cd8a159864a6319990a21c5,0b4d133a825112fbf91e2336920efe87320f683559927ef44b145e75fcd1a195,633a02ab42bc1ecd6ad33275c5203a031d2f4dab2052f3c24c393e12066afe20,9,1.549259999678684,4.162258954682983,0.0,False,False
S196,consumed_test_role,1,BOUNDARY_CENTER,Official,/raid5/xuhd/datasets/prone_reference_mesh_interface_v1_20261004/bindings/S196_1_BOUNDARY_CENTER_Official.npz,284ca017a5389a728f668fb8da10c72081f3c7de2ac3cf8decb2a0983e7e8515,078668f6d482fc7c3df2a8992b00b783bbb012e2e97a7b2609d9c2f1cc2e1e24,23cd61ea54bb1b9990fbc30164800ab813a439dd808e5deba8d4daa3667719d8,9,136.66283192020828,146.15221664288958,0.0,False,False
S196,consumed_test_role,1,BOUNDARY_CENTER,Rigid,/raid5/xuhd/datasets/prone_reference_mesh_interface_v1_20261004/bindings/S196_1_BOUNDARY_CENTER_Rigid.npz,95e95e41f14817b7775f207401e95a41fb8038c97403073411402fcb0ec8ca35,9cc3696d7fdec10b2e3defbc77c6a414ae42fdb3bfcae918c7a5ff70d0c35a79,23cd61ea54bb1b9990fbc30164800ab813a439dd808e5deba8d4daa3667719d8,9,5.665854609914589,13.284305127016767,0.0,False,False
S196,consumed_test_role,1,BOUNDARY_CENTER,RigidD,/raid5/xuhd/datasets/prone_reference_mesh_interface_v1_20261004/bindings/S196_1_BOUNDARY_CENTER_RigidD.npz,ed21c43c19aafeb480ca793ff3d7ad3d04853293d1346e10ee5150695e015caa,f7ab6a6895d889b74103f8375217a8b5b4213cc036e505cd4f66589395278a54,23cd61ea54bb1b9990fbc30164800ab813a439dd808e5deba8d4daa3667719d8,9,2.177407579989008,4.286509325553606,0.0,False,False
S196,consumed_test_role,1,GROOVE_DP,Official,/raid5/xuhd/datasets/prone_reference_mesh_interface_v1_20261004/bindings/S196_1_GROOVE_DP_Official.npz,a5daf47adc2b9fa000a080c900558e261b6f048e69347d2b9445eebb3b661dbe,078668f6d482fc7c3df2a8992b00b783bbb012e2e97a7b2609d9c2f1cc2e1e24,5cce675268672645cd96ba8b347e9164fd24a063abfe7d927ccd460decb0ee0f,9,136.29558482940539,142.362659894272,0.0,False,False
S196,consumed_test_role,1,GROOVE_DP,Rigid,/raid5/xuhd/datasets/prone_reference_mesh_interface_v1_20261004/bindings/S196_1_GROOVE_DP_Rigid.npz,e42a107efee0cf7de863f78db50bb4fa9fa4bdec20c6af94a201875b13f18907,9cc3696d7fdec10b2e3defbc77c6a414ae42fdb3bfcae918c7a5ff70d0c35a79,5cce675268672645cd96ba8b347e9164fd24a063abfe7d927ccd460decb0ee0f,9,5.034789235512685,12.964806285673351,0.0,False,False
S196,consumed_test_role,1,GROOVE_DP,RigidD,/raid5/xuhd/datasets/prone_reference_mesh_interface_v1_20261004/bindings/S196_1_GROOVE_DP_RigidD.npz,fc7d513cc4812972fc82b5b7934584e0314c9d3f423b9e2bb5655b79cabb9f0f,f7ab6a6895d889b74103f8375217a8b5b4213cc036e505cd4f66589395278a54,5cce675268672645cd96ba8b347e9164fd24a063abfe7d927ccd460decb0ee0f,9,0.5604710500790154,2.9297760535073727,0.0,False,False
S196,consumed_test_role,2,BOUNDARY_CENTER,Official,/raid5/xuhd/datasets/prone_reference_mesh_interface_v1_20261004/bindings/S196_2_BOUNDARY_CENTER_Official.npz,77278fcc2bc44430f2922e6a7557152d1ce90cc0d134cb63004c43e806826e4c,078668f6d482fc7c3df2a8992b00b783bbb012e2e97a7b2609d9c2f1cc2e1e24,7d4ccd4923b3b821aec17c9e5c27504e6e894037ebc60e2688aa579d390cf002,9,139.810932918242,142.7918460669273,0.0,False,False
S196,consumed_test_role,2,BOUNDARY_CENTER,Rigid,/raid5/xuhd/datasets/prone_reference_mesh_interface_v1_20261004/bindings/S196_2_BOUNDARY_CENTER_Rigid.npz,4917dede303f35b223ab9f05bf23feb634df07ab9c7e231235cf9195f5b45dc4,65292746244512e7bbc53b7180af03733b78e2ff9fa11e738a65c61b3d2eb5d8,7d4ccd4923b3b821aec17c9e5c27504e6e894037ebc60e2688aa579d390cf002,9,7.025500232672612,11.771329528292199,0.0,False,False
S196,consumed_test_role,2,BOUNDARY_CENTER,RigidD,/raid5/xuhd/datasets/prone_reference_mesh_interface_v1_20261004/bindings/S196_2_BOUNDARY_CENTER_RigidD.npz,f9ca7f6ea3cd1d38d93f4e9ee1a9074e70a48527f12e75082e181e1b1eb57ffe,23cf4fa37631266257497badd933d994898d7f253898624cb3834a8b70128e1b,7d4ccd4923b3b821aec17c9e5c27504e6e894037ebc60e2688aa579d390cf002,9,2.92815603225775,4.135018639490019,0.0,False,False
S196,consumed_test_role,2,GROOVE_DP,Official,/raid5/xuhd/datasets/prone_reference_mesh_interface_v1_20261004/bindings/S196_2_GROOVE_DP_Official.npz,855fc324d97114f0445af63e2b635b036167aa46b236fb7de2c21c6362810ffd,078668f6d482fc7c3df2a8992b00b783bbb012e2e97a7b2609d9c2f1cc2e1e24,c1c8f9523518d869de580bfb3bd977d8ec8717b20aa1d2b9a20e69612b67d9cc,9,139.3337882385267,153.76465762736757,0.0,False,False
S196,consumed_test_role,2,GROOVE_DP,Rigid,/raid5/xuhd/datasets/prone_reference_mesh_interface_v1_20261004/bindings/S196_2_GROOVE_DP_Rigid.npz,d3e0ddf6401c59995c428c244e26c5907af711a19620476e7990d7eeef5fe4e5,65292746244512e7bbc53b7180af03733b78e2ff9fa11e738a65c61b3d2eb5d8,c1c8f9523518d869de580bfb3bd977d8ec8717b20aa1d2b9a20e69612b67d9cc,9,8.142613304388172,17.959576437918507,0.0,False,False
S196,consumed_test_role,2,GROOVE_DP,RigidD,/raid5/xuhd/datasets/prone_reference_mesh_interface_v1_20261004/bindings/S196_2_GROOVE_DP_RigidD.npz,d7661b9fca59e8dcff61a445b92683080290dbbcd6df2152dc30ae9a1d604030,23cf4fa37631266257497badd933d994898d7f253898624cb3834a8b70128e1b,c1c8f9523518d869de580bfb3bd977d8ec8717b20aa1d2b9a20e69612b67d9cc,9,2.2712873917309016,5.364506664469169,0.0,False,False
