subject,sequence,frame,frame_id,camera,role,method,absolute_median_mm,absolute_mean_mm,absolute_p90_mm,absolute_p95_mm,absolute_coverage_50mm,aligned_median_mm,aligned_mean_mm,aligned_p90_mm,aligned_p95_mm,aligned_coverage_50mm,aligned_translation_mm
Sub03,Date03_Sub03_backpack_back,t0014.000,Sub03/Date03_Sub03_backpack_back/t0014.000,K0,K0_DIAGNOSTIC,O0,29.523659471999622,39.973183821265984,74.48191669042514,148.1530463744643,0.7772,23.416453873252962,36.08688624937119,69.21509765161356,137.4312704305273,0.8018,26.811539050973487
Sub03,Date03_Sub03_backpack_back,t0014.000,Sub03/Date03_Sub03_backpack_back/t0014.000,K0,K0_DIAGNOSTIC,O1,23.278009192632076,36.719177939891644,69.70599409812654,148.84346757626952,0.8016,23.006624171468232,36.016911667982264,69.07231614676355,136.8069198274335,0.802,12.909890186473989
Sub03,Date03_Sub03_backpack_back,t0014.000,Sub03/Date03_Sub03_backpack_back/t0014.000,K0,K0_DIAGNOSTIC,O2,12.503520077562415,30.058731176117675,61.07873697505607,172.41213925073689,0.8732,15.159886248661879,28.865756753709167,52.42630885111145,157.65527345374855,0.8942,15.051710154725546
Sub03,Date03_Sub03_backpack_back,t0014.000,Sub03/Date03_Sub03_backpack_back/t0014.000,K0,K0_DIAGNOSTIC,O3,21.84456806208249,36.21148503503856,69.12389616711602,153.17440887948985,0.812,22.00019731402417,35.591155252843585,68.51003721160106,140.62835864269707,0.809,13.07947839635302
Sub03,Date03_Sub03_backpack_back,t0014.000,Sub03/Date03_Sub03_backpack_back/t0014.000,K0,K0_DIAGNOSTIC,O4,12.248220961868256,29.674779424574936,60.9709262672836,173.68569580964572,0.8766,14.147511676514,28.50715900552382,52.58069883724661,159.6709654185159,0.8944,14.388436859004248
Sub03,Date03_Sub03_backpack_back,t0014.000,Sub03/Date03_Sub03_backpack_back/t0014.000,K1,HELD_OUT,O0,38.679377893030974,108.21794723665396,228.82140647824076,236.21174203116954,0.5198,56.74454117959389,73.56082196202344,123.61201194704805,132.5614025193762,0.465,114.08148218765074
Sub03,Date03_Sub03_backpack_back,t0014.000,Sub03/Date03_Sub03_backpack_back/t0014.000,K1,HELD_OUT,O1,35.691349132481776,102.77729345382026,226.38325200285334,235.84488979761105,0.5296,57.529715697610385,73.17239118260885,122.12939015563012,132.88471645227398,0.4516,109.72727013984839
Sub03,Date03_Sub03_backpack_back,t0014.000,Sub03/Date03_Sub03_backpack_back/t0014.000,K1,HELD_OUT,O2,30.708809289735363,101.41457736280307,238.98814041783416,249.8441064030591,0.5412,49.95783453177225,74.16578380924673,141.96188163069104,153.88725192096442,0.5002,100.56387351541753
Sub03,Date03_Sub03_backpack_back,t0014.000,Sub03/Date03_Sub03_backpack_back/t0014.000,K1,HELD_OUT,O3,36.729575478373235,103.63439817450735,230.3151161767221,240.28683213106356,0.529,57.615320047258386,74.14949607754085,125.94086872566676,136.58469699321668,0.4518,109.50354596813571
Sub03,Date03_Sub03_backpack_back,t0014.000,Sub03/Date03_Sub03_backpack_back/t0014.000,K1,HELD_OUT,O4,29.393360294353,101.73422072661182,240.70328000328115,251.25925250795245,0.5426,49.78653936502622,74.84847675793543,144.73529750434125,156.54955564377792,0.5018,99.57204794288084
Sub03,Date03_Sub03_backpack_back,t0014.000,Sub03/Date03_Sub03_backpack_back/t0014.000,K2,HELD_OUT,O0,32.99348014680048,45.15719751698795,101.62568187630094,117.43510168994396,0.6346,25.43754362023219,35.0796759519259,76.42553151666121,96.36299694117166,0.747,43.71939513639449
Sub03,Date03_Sub03_backpack_back,t0014.000,Sub03/Date03_Sub03_backpack_back/t0014.000,K2,HELD_OUT,O1,23.547665931420415,37.349573395539764,87.97424221977856,104.2301997149257,0.708,25.710795372032088,34.151743060876164,71.77796224176765,93.6451518423103,0.764,28.378616432342827
Sub03,Date03_Sub03_backpack_back,t0014.000,Sub03/Date03_Sub03_backpack_back/t0014.000,K2,HELD_OUT,O2,16.318997237229286,26.35354253179352,62.83938757328909,89.05513267940324,0.8686,15.171307933937236,24.202860511333938,57.08266342203241,83.74981408810821,0.8856,19.07931925245797
Sub03,Date03_Sub03_backpack_back,t0014.000,Sub03/Date03_Sub03_backpack_back/t0014.000,K2,HELD_OUT,O3,23.58366487826253,37.223009254801134,86.67772440278173,104.79983406799755,0.713,25.608409305050266,33.64816171257779,69.38283997223616,93.06381880633894,0.7772,30.00564488023344
Sub03,Date03_Sub03_backpack_back,t0014.000,Sub03/Date03_Sub03_backpack_back/t0014.000,K2,HELD_OUT,O4,15.970817368410785,26.18928166547267,63.68524826670354,88.82978621272642,0.867,15.137212579490718,24.076081463241206,56.19858901049086,81.73784529179841,0.8872,19.414632109611233
Sub03,Date03_Sub03_backpack_back,t0014.000,Sub03/Date03_Sub03_backpack_back/t0014.000,K3,HELD_OUT,O0,35.37018238558325,46.157343073139884,89.75435436515167,102.05452776089516,0.6316,23.43609039629642,32.39355942348327,56.23519254143327,86.91246873031756,0.8746,54.64174972007592
Sub03,Date03_Sub03_backpack_back,t0014.000,Sub03/Date03_Sub03_backpack_back/t0014.000,K3,HELD_OUT,O1,24.354734423444974,38.22133731120225,76.48263742074587,88.6887309585231,0.6918,22.485604563618246,31.675975757196046,54.45753739414595,86.07377278317874,0.8848,38.238967230564036
Sub03,Date03_Sub03_backpack_back,t0014.000,Sub03/Date03_Sub03_backpack_back/t0014.000,K3,HELD_OUT,O2,16.632792819859414,29.529918477322056,56.68212715857078,93.92246790929936,0.8816,14.053964076190374,26.042636022565393,47.98063166317272,90.29575167848849,0.9028,17.706655225301574
Sub03,Date03_Sub03_backpack_back,t0014.000,Sub03/Date03_Sub03_backpack_back/t0014.000,K3,HELD_OUT,O3,23.90738678903982,37.80873385384168,74.66633333489104,88.14226013376086,0.6972,22.359386673892168,31.892985578461847,54.510965484512624,89.04422756110824,0.8842,36.33469313539106
Sub03,Date03_Sub03_backpack_back,t0014.000,Sub03/Date03_Sub03_backpack_back/t0014.000,K3,HELD_OUT,O4,17.135407718761243,30.189576356985008,57.856460352494,95.46455495372565,0.878,14.05243366526932,26.03422806098556,48.52690172584975,91.61384206138095,0.9026,19.231942533999387
Sub03,Date03_Sub03_backpack_back,t0026.000,Sub03/Date03_Sub03_backpack_back/t0026.000,K0,K0_DIAGNOSTIC,O0,13.939685552623185,19.93028027044118,42.04736416889836,56.72633346858263,0.937,13.095007162009434,18.689147459044545,41.610442986017645,57.40428869883614,0.9292,13.203728397294224
Sub03,Date03_Sub03_backpack_back,t0026.000,Sub03/Date03_Sub03_backpack_back/t0026.000,K0,K0_DIAGNOSTIC,O1,13.334202957052906,19.00179912729311,42.35609055795445,56.9504880588618,0.929,12.839342242013863,18.510446154102723,41.69865394699386,57.57585532332212,0.9284,8.796062626691642
Sub03,Date03_Sub03_backpack_back,t0026.000,Sub03/Date03_Sub03_backpack_back/t0026.000,K0,K0_DIAGNOSTIC,O2,10.312359802237879,17.22454544654378,40.73114505677966,59.306414893007336,0.9278,9.82134345784901,16.987048072192906,40.82283780456526,59.18876065097766,0.9294,5.402951823783695
Sub03,Date03_Sub03_backpack_back,t0026.000,Sub03/Date03_Sub03_backpack_back/t0026.000,K0,K0_DIAGNOSTIC,O3,11.801093088097009,18.241497663918025,42.501419626354426,59.04920509916768,0.9232,11.78822142966182,18.2248441982492,42.60741073018348,59.42979645028833,0.9238,2.9752280674764746
Sub03,Date03_Sub03_backpack_back,t0026.000,Sub03/Date03_Sub03_backpack_back/t0026.000,K0,K0_DIAGNOSTIC,O4,10.024623967795542,17.22788106703381,41.52289953686297,59.98073057808702,0.9256,9.778202736320027,17.12975731351077,41.711316734329294,60.62995803745971,0.9264,3.9563374532598097
Sub03,Date03_Sub03_backpack_back,t0026.000,Sub03/Date03_Sub03_backpack_back/t0026.000,K1,HELD_OUT,O0,22.450169924424955,56.56282287295761,171.8492997852772,215.92855174366608,0.7298,24.019097493962143,54.62680864380222,151.83106633157277,196.31543785910964,0.739,22.835875972419466
Sub03,Date03_Sub03_backpack_back,t0026.000,Sub03/Date03_Sub03_backpack_back/t0026.000,K1,HELD_OUT,O1,21.24009310350079,55.90671590264486,169.0841488345075,213.71884684262167,0.7366,24.659420664642866,54.563748431297604,150.88530627456979,194.51864954033496,0.7366,20.155863088950973
Sub03,Date03_Sub03_backpack_back,t0026.000,Sub03/Date03_Sub03_backpack_back/t0026.000,K1,HELD_OUT,O2,19.884793456372616,56.212367694108735,177.03534511470733,219.2449056917496,0.7448,22.857041516415293,53.855995003576766,155.2531643365511,198.02119015671582,0.7434,22.01391590488347
Sub03,Date03_Sub03_backpack_back,t0026.000,Sub03/Date03_Sub03_backpack_back/t0026.000,K1,HELD_OUT,O3,19.365955328084972,56.033239038874186,172.44908258770084,216.016519102042,0.7348,23.512978805351644,54.459623942995144,153.13679057181986,196.55346089889704,0.7358,19.980933157760507
Sub03,Date03_Sub03_backpack_back,t0026.000,Sub03/Date03_Sub03_backpack_back/t0026.000,K1,HELD_OUT,O4,19.451000816610854,56.33464615249948,177.0552202136269,219.32601009841403,0.7434,22.80311087532877,54.16131090914323,155.87639333765964,198.6135500753686,0.7398,21.350032480886632
Sub03,Date03_Sub03_backpack_back,t0026.000,Sub03/Date03_Sub03_backpack_back/t0026.000,K2,HELD_OUT,O0,21.41797241111461,36.718621821015965,55.4124144321205,77.24196707599437,0.8738,17.273307857463987,32.14669175926122,46.91911454597063,62.63433579608759,0.919,25.92112671216179
Sub03,Date03_Sub03_backpack_back,t0026.000,Sub03/Date03_Sub03_backpack_back/t0026.000,K2,HELD_OUT,O1,22.786997964897992,38.64679797919956,59.516029204220914,82.44215257874598,0.8522,16.741325692735707,31.965463194683277,46.469950209661356,62.982900238543934,0.9192,30.53510040354522
Sub03,Date03_Sub03_backpack_back,t0026.000,Sub03/Date03_Sub03_backpack_back/t0026.000,K2,HELD_OUT,O2,20.063760973612283,35.467450830844676,54.572206430422085,76.02524438131957,0.879,16.81363540582084,31.68781753586766,44.59364337257723,62.741098382001184,0.921,22.660154816009566
Sub03,Date03_Sub03_backpack_back,t0026.000,Sub03/Date03_Sub03_backpack_back/t0026.000,K2,HELD_OUT,O3,22.41609297614442,38.79186670524111,60.83990534435349,84.16699190137531,0.847,15.578889562913798,31.577231790506968,45.82079045487585,67.56731376966681,0.9188,29.749586682621754
Sub03,Date03_Sub03_backpack_back,t0026.000,Sub03/Date03_Sub03_backpack_back/t0026.000,K2,HELD_OUT,O4,20.37826003051657,36.532485839999765,58.240590309878826,81.02942985017606,0.8688,17.183766940295023,32.260027502823554,46.455411976303246,65.87259786515904,0.912,24.136018771543636
Sub03,Date03_Sub03_backpack_back,t0026.000,Sub03/Date03_Sub03_backpack_back/t0026.000,K3,HELD_OUT,O0,19.454373260098762,32.569360731693145,48.24024538661697,55.823714871630656,0.9146,15.374473505847309,29.356625604660298,41.13124282828049,54.61710262298141,0.9362,21.13387691706045
Sub03,Date03_Sub03_backpack_back,t0026.000,Sub03/Date03_Sub03_backpack_back/t0026.000,K3,HELD_OUT,O1,18.79730519279091,32.60463258460685,48.573763173178925,57.1478487771624,0.911,15.216801111267506,29.197114849565846,40.30771674076139,54.35588250742017,0.9362,22.028584303630193
Sub03,Date03_Sub03_backpack_back,t0026.000,Sub03/Date03_Sub03_backpack_back/t0026.000,K3,HELD_OUT,O2,16.321006296959723,29.709010979520915,42.54265302653136,51.74702079797825,0.9434,13.948496757462653,27.79786553136748,37.71750032903278,46.43627520940912,0.9576,16.79261776446014
Sub03,Date03_Sub03_backpack_back,t0026.000,Sub03/Date03_Sub03_backpack_back/t0026.000,K3,HELD_OUT,O3,18.055813859096205,32.268238124308866,46.304857492204995,58.327599339841846,0.9192,14.488956941753623,28.911758344257763,40.66292646032939,53.50294958134854,0.9376,21.65083512773129
Sub03,Date03_Sub03_backpack_back,t0026.000,Sub03/Date03_Sub03_backpack_back/t0026.000,K3,HELD_OUT,O4,16.79603526406587,30.3540486096563,43.899206693701984,53.860446269965415,0.9362,14.156959347141548,28.043374911981367,37.94560272918757,47.748129735004945,0.9548,18.36522037414421
Sub03,Date03_Sub03_backpack_back,t0036.000,Sub03/Date03_Sub03_backpack_back/t0036.000,K0,K0_DIAGNOSTIC,O0,13.102117068506537,16.844226957687017,38.20158597242862,45.29322317815922,0.9728,13.072587960559511,16.787595255899742,38.29535562389976,45.74418792891313,0.9706,2.5849455800021666
Sub03,Date03_Sub03_backpack_back,t0036.000,Sub03/Date03_Sub03_backpack_back/t0036.000,K0,K0_DIAGNOSTIC,O1,12.73219279755445,16.808938745451254,38.83740045774936,46.86262901016233,0.9656,12.934572466394314,16.78556592341178,38.40365701363692,46.25545657400872,0.9676,1.957949340315586
Sub03,Date03_Sub03_backpack_back,t0036.000,Sub03/Date03_Sub03_backpack_back/t0036.000,K0,K0_DIAGNOSTIC,O2,8.735140763679937,12.72398481466897,30.293520189583507,39.91364959609898,0.9812,8.791251176878662,12.462455539637574,29.46499893141398,38.16856157388146,0.983,5.182249093911495
Sub03,Date03_Sub03_backpack_back,t0036.000,Sub03/Date03_Sub03_backpack_back/t0036.000,K0,K0_DIAGNOSTIC,O3,12.44074990765354,18.3439722289775,44.174803728469485,61.56440157637159,0.918,12.276609272180744,17.850432348524528,42.629077137531034,58.92642283619245,0.9234,5.722908815777776
Sub03,Date03_Sub03_backpack_back,t0036.000,Sub03/Date03_Sub03_backpack_back/t0036.000,K0,K0_DIAGNOSTIC,O4,8.838403524543114,12.610257498284374,29.68230087325843,39.315975756185324,0.9818,8.879790982528537,12.326590815881168,28.90465077542734,36.830679838308285,0.9844,5.470294677329125
Sub03,Date03_Sub03_backpack_back,t0036.000,Sub03/Date03_Sub03_backpack_back/t0036.000,K1,HELD_OUT,O0,14.00257300968024,40.22094083007595,39.63146086881073,48.79318771588586,0.9534,13.42338498952589,39.733778653036175,39.24309717530321,50.78073346833486,0.948,8.752359713381871
Sub03,Date03_Sub03_backpack_back,t0036.000,Sub03/Date03_Sub03_backpack_back/t0036.000,K1,HELD_OUT,O1,13.723180745572666,40.292234850296104,40.38243987551195,50.21108081150959,0.9494,13.414367272879243,39.78625773851643,39.70687118168623,50.556193794341574,0.948,8.990595200689958
Sub03,Date03_Sub03_backpack_back,t0036.000,Sub03/Date03_Sub03_backpack_back/t0036.000,K1,HELD_OUT,O2,13.376134548750272,39.60841309332925,38.56574568729361,52.83050743060361,0.9432,13.589746688290948,39.23911260740066,36.54848732367712,49.54610900965139,0.9508,7.594757108577644
Sub03,Date03_Sub03_backpack_back,t0036.000,Sub03/Date03_Sub03_backpack_back/t0036.000,K1,HELD_OUT,O3,18.255544010001174,44.5360674160332,49.8402346015483,67.1927743959858,0.9,14.501142956756599,41.649771987103506,46.552446577422806,59.361842129989974,0.9184,21.368052576346184
Sub03,Date03_Sub03_backpack_back,t0036.000,Sub03/Date03_Sub03_backpack_back/t0036.000,K1,HELD_OUT,O4,13.416730086863716,39.406770424640165,37.92198515232578,52.105524611819376,0.9448,13.45009171413442,39.02939338513146,35.86010314062193,48.510288170048305,0.9534,7.607744889762243
Sub03,Date03_Sub03_backpack_back,t0036.000,Sub03/Date03_Sub03_backpack_back/t0036.000,K2,HELD_OUT,O0,25.205163347601502,45.36383101126204,56.818250324959735,71.05008581835487,0.8494,16.620315097583365,36.63229067352463,40.86349633693748,49.5746418613963,0.951,31.7104978768463
Sub03,Date03_Sub03_backpack_back,t0036.000,Sub03/Date03_Sub03_backpack_back/t0036.000,K2,HELD_OUT,O1,24.618964482752013,45.07971168797968,57.16154188794202,70.44163737774852,0.848,16.92833050955427,36.75728560140085,41.1882199263923,49.70655956520366,0.9502,31.17545871795301
Sub03,Date03_Sub03_backpack_back,t0036.000,Sub03/Date03_Sub03_backpack_back/t0036.000,K2,HELD_OUT,O2,24.809488829658292,45.86471172058655,59.54563567057584,72.49163254088836,0.8392,13.301448870509166,35.05831020105224,39.67651132402343,54.18031544868581,0.9422,34.116538495179334
Sub03,Date03_Sub03_backpack_back,t0036.000,Sub03/Date03_Sub03_backpack_back/t0036.000,K2,HELD_OUT,O3,29.128892694684033,50.369786171771295,70.66740875101817,80.06822084284246,0.747,18.568335773378376,38.97962270660588,45.40169646751138,55.7595007340205,0.9288,39.364965098196855
Sub03,Date03_Sub03_backpack_back,t0036.000,Sub03/Date03_Sub03_backpack_back/t0036.000,K2,HELD_OUT,O4,23.909416549327176,45.265384719028745,58.355667909274324,71.54910615147719,0.845,13.319836332834933,34.91587683323974,39.04875820486072,53.10536580369616,0.943,33.195965838588336
Sub03,Date03_Sub03_backpack_back,t0036.000,Sub03/Date03_Sub03_backpack_back/t0036.000,K3,HELD_OUT,O0,19.04765015211185,37.92304213749465,53.04382707211436,63.97176863338234,0.879,16.727068299043964,34.294664243484405,43.84933603772098,55.09785722546597,0.9324,20.367087753507203
Sub03,Date03_Sub03_backpack_back,t0036.000,Sub03/Date03_Sub03_backpack_back/t0036.000,K3,HELD_OUT,O1,18.60942857424976,37.45115396938069,53.021342590409475,63.66853768236722,0.8802,16.69697177769453,34.38824859335909,44.44573977745571,55.272650499000086,0.9316,18.81503916765929
Sub03,Date03_Sub03_backpack_back,t0036.000,Sub03/Date03_Sub03_backpack_back/t0036.000,K3,HELD_OUT,O2,17.45355705969768,37.68213686318438,55.872026085276104,70.31063671440477,0.8674,15.405523200574951,33.283435825656845,40.901594545357824,55.951340905107436,0.9312,23.968062304585132
Sub03,Date03_Sub03_backpack_back,t0036.000,Sub03/Date03_Sub03_backpack_back/t0036.000,K3,HELD_OUT,O3,19.919314094052176,40.96854756789251,65.32595174141143,79.87102900261861,0.8116,18.240871330795553,36.50375709607225,50.63647041646572,63.42371074118714,0.8956,24.94503578127498
Sub03,Date03_Sub03_backpack_back,t0036.000,Sub03/Date03_Sub03_backpack_back/t0036.000,K3,HELD_OUT,O4,17.15928315420763,37.229692154029934,55.10255043155372,69.32467959138222,0.8712,15.33969677178699,33.17389651678623,40.830647588550804,55.338958917437964,0.9326,22.9941835309826
Sub03,Date03_Sub03_stool_sit,t0015.000,Sub03/Date03_Sub03_stool_sit/t0015.000,K0,K0_DIAGNOSTIC,O0,35.654887898350715,49.34357471400282,80.07733501919202,101.6506375093487,0.6688,19.634431746448755,34.043306573224925,49.049634816594704,61.835043914621515,0.907,61.489810120512175
Sub03,Date03_Sub03_stool_sit,t0015.000,Sub03/Date03_Sub03_stool_sit/t0015.000,K0,K0_DIAGNOSTIC,O1,24.404499858993162,39.46293503556886,61.704566170359826,78.06770688926156,0.8204,14.54679057366258,29.223209095115738,38.40635970573903,53.204347910279026,0.9464,42.23475581619593
Sub03,Date03_Sub03_stool_sit,t0015.000,Sub03/Date03_Sub03_stool_sit/t0015.000,K0,K0_DIAGNOSTIC,O2,11.371996597277573,26.36482583239982,33.826575730457414,46.72409553276541,0.9524,11.20905395994452,26.129867829188218,32.22893144026413,46.47020572936678,0.9522,5.789013817901164
Sub03,Date03_Sub03_stool_sit,t0015.000,Sub03/Date03_Sub03_stool_sit/t0015.000,K0,K0_DIAGNOSTIC,O3,12.88156038672767,26.699447718411662,30.950965405292983,48.37597262074338,0.9508,12.124183277923223,26.471244677547443,31.19781696647987,52.194369890264284,0.9472,7.688695126460894
Sub03,Date03_Sub03_stool_sit,t0015.000,Sub03/Date03_Sub03_stool_sit/t0015.000,K0,K0_DIAGNOSTIC,O4,11.239491120522471,26.433987041542668,33.131424555796244,47.12732006446905,0.9522,11.10672745269661,26.199151094611285,31.684237212057297,46.34893406765873,0.952,5.780378250417467
Sub03,Date03_Sub03_stool_sit,t0015.000,Sub03/Date03_Sub03_stool_sit/t0015.000,K1,HELD_OUT,O0,48.093647252919254,80.28755832245783,177.21599278324385,277.9193772583521,0.5154,21.017324152137405,59.014637244510325,118.0812848612949,286.69358882059436,0.785,71.97609552951464
Sub03,Date03_Sub03_stool_sit,t0015.000,Sub03/Date03_Sub03_stool_sit/t0015.000,K1,HELD_OUT,O1,32.42493663544731,67.57630854692687,147.06218138332852,279.52964665418676,0.6792,16.429447686011464,55.226664871780855,106.22950575590286,278.5702053053692,0.7986,46.87576056949167
Sub03,Date03_Sub03_stool_sit,t0015.000,Sub03/Date03_Sub03_stool_sit/t0015.000,K1,HELD_OUT,O2,16.491548697373258,56.16746862416063,136.18989934299512,267.4382363278051,0.779,14.062342471381694,53.901235804728174,122.1128919085826,274.29111571776866,0.8114,15.039475879512114
Sub03,Date03_Sub03_stool_sit,t0015.000,Sub03/Date03_Sub03_stool_sit/t0015.000,K1,HELD_OUT,O3,17.691851864307587,55.01989865824792,98.62982352270016,263.3970006670557,0.7926,13.590093133599392,51.86213265303378,91.11159284710165,269.30243658101426,0.8226,16.004369142485896
Sub03,Date03_Sub03_stool_sit,t0015.000,Sub03/Date03_Sub03_stool_sit/t0015.000,K1,HELD_OUT,O4,16.839648305915574,56.55570665628612,134.8751808189147,270.8514588969523,0.7766,13.893677625510296,54.156937767940455,120.47705573656656,276.97604441038123,0.8094,15.466405074571396
Sub03,Date03_Sub03_stool_sit,t0015.000,Sub03/Date03_Sub03_stool_sit/t0015.000,K2,HELD_OUT,O0,87.92103460573858,88.29087125909852,129.2845110588413,138.12115997145403,0.1586,16.568912576068684,25.1627023576072,49.389355045642965,60.66132203071987,0.901,119.22853360784947
Sub03,Date03_Sub03_stool_sit,t0015.000,Sub03/Date03_Sub03_stool_sit/t0015.000,K2,HELD_OUT,O1,58.89598238832343,63.839751575934564,103.2511622101955,113.33159371863633,0.3822,16.461141950207924,24.767116986467446,48.38726460599538,59.57189142473407,0.9064,83.7446440910992
Sub03,Date03_Sub03_stool_sit,t0015.000,Sub03/Date03_Sub03_stool_sit/t0015.000,K2,HELD_OUT,O2,29.905156832778996,41.35148003447647,83.42950034375869,103.20227266362085,0.7196,17.525245275556358,27.222698704143333,54.33059934533046,71.33466263473063,0.8816,43.757069116947186
Sub03,Date03_Sub03_stool_sit,t0015.000,Sub03/Date03_Sub03_stool_sit/t0015.000,K2,HELD_OUT,O3,22.310510057168216,31.791341422809893,62.307968989848355,80.65212545733466,0.8322,16.168377533016944,24.24183716772814,44.37982861497631,57.65649178555125,0.9194,31.063249286298866
Sub03,Date03_Sub03_stool_sit,t0015.000,Sub03/Date03_Sub03_stool_sit/t0015.000,K2,HELD_OUT,O4,29.91820252500204,41.49027900290414,83.27633300369783,102.85998415248494,0.7146,17.626730665901512,27.229058957850217,54.49274596767228,70.82841741691021,0.8816,43.73543608721751
Sub03,Date03_Sub03_stool_sit,t0015.000,Sub03/Date03_Sub03_stool_sit/t0015.000,K3,HELD_OUT,O0,68.30504127892475,96.02286932209438,129.31551173505466,144.27623734846048,0.3222,17.13312027984579,48.87130790952682,47.59878923493179,74.90558501195423,0.9068,102.56384897964607
Sub03,Date03_Sub03_stool_sit,t0015.000,Sub03/Date03_Sub03_stool_sit/t0015.000,K3,HELD_OUT,O1,52.109502336259254,79.68544540554606,99.6703060759644,115.33837875412517,0.4754,16.887945282798324,47.60236833648724,44.41555484495996,69.45725443014273,0.9126,75.85558665990123
Sub03,Date03_Sub03_stool_sit,t0015.000,Sub03/Date03_Sub03_stool_sit/t0015.000,K3,HELD_OUT,O2,25.284463926969597,59.99503512389855,72.9039492190768,103.51703279408972,0.7864,16.660902003778855,48.42140032565131,46.522553358492516,74.38759548823079,0.907,40.64133548307961
Sub03,Date03_Sub03_stool_sit,t0015.000,Sub03/Date03_Sub03_stool_sit/t0015.000,K3,HELD_OUT,O3,20.647069857835746,51.06261694287685,52.21797366229806,71.77017213115057,0.8838,16.114735075158173,46.0925924059288,40.002055340218114,60.96851696685527,0.9278,26.380732017817003
Sub03,Date03_Sub03_stool_sit,t0015.000,Sub03/Date03_Sub03_stool_sit/t0015.000,K3,HELD_OUT,O4,25.390651645160716,60.00392271165493,72.50909163553007,102.2619949584901,0.7774,16.923736597644748,48.73004644761355,47.379133904631026,75.23439569704917,0.906,39.751138586918515
Sub03,Date03_Sub03_stool_sit,t0027.000,Sub03/Date03_Sub03_stool_sit/t0027.000,K0,K0_DIAGNOSTIC,O0,10.713509684337222,12.847203004206206,26.76445590471975,31.201631876770918,0.9918,9.06625832546581,11.4697394355872,24.132552109062903,30.243256668227342,0.9942,10.38016166548518
Sub03,Date03_Sub03_stool_sit,t0027.000,Sub03/Date03_Sub03_stool_sit/t0027.000,K0,K0_DIAGNOSTIC,O1,9.061075621979345,11.723372108638749,24.89158507031271,30.74760827898043,0.993,9.051613499702526,11.342382841030194,23.6387155286802,30.10949270753645,0.994,5.360868774887621
Sub03,Date03_Sub03_stool_sit,t0027.000,Sub03/Date03_Sub03_stool_sit/t0027.000,K0,K0_DIAGNOSTIC,O2,6.909332555011746,9.033114134702963,19.01236308538722,27.26273470418764,0.9968,7.011477599409499,8.958234441934193,18.759393852216004,26.65174523463183,0.9976,2.716250158396339
Sub03,Date03_Sub03_stool_sit,t0027.000,Sub03/Date03_Sub03_stool_sit/t0027.000,K0,K0_DIAGNOSTIC,O3,8.572011886066273,10.885655133689966,22.69541875906826,30.232774876044907,0.9944,8.59401294782855,10.82139810153088,22.376530813349675,28.949204434676393,0.9964,2.6358384034368143
Sub03,Date03_Sub03_stool_sit,t0027.000,Sub03/Date03_Sub03_stool_sit/t0027.000,K0,K0_DIAGNOSTIC,O4,6.544295513727585,8.681583828914224,18.79409626324023,26.1242704643835,0.997,6.702734078898256,8.6058896434033,18.467816341488653,25.518350860324926,0.9978,2.804382249085073
Sub03,Date03_Sub03_stool_sit,t0027.000,Sub03/Date03_Sub03_stool_sit/t0027.000,K1,HELD_OUT,O0,12.850598093181027,27.24269106524816,28.10327868327556,35.21253979328398,0.9922,10.717332068883357,25.34457568047737,25.108197437838914,29.674978450785435,0.9938,12.678678938453995
Sub03,Date03_Sub03_stool_sit,t0027.000,Sub03/Date03_Sub03_stool_sit/t0027.000,K1,HELD_OUT,O1,11.140151099864516,25.79257181318429,24.765481573768433,31.1833307567321,0.9938,10.742391230642061,25.265336371213383,24.991220774003928,29.4111565585952,0.9938,6.203788992422188
Sub03,Date03_Sub03_stool_sit,t0027.000,Sub03/Date03_Sub03_stool_sit/t0027.000,K1,HELD_OUT,O2,7.728449227244812,23.502690523684823,23.491127912242455,29.23284440267354,0.9934,7.821629604895626,23.366179432684802,22.6532205179502,28.38463387174742,0.9938,3.2053342568181504
Sub03,Date03_Sub03_stool_sit,t0027.000,Sub03/Date03_Sub03_stool_sit/t0027.000,K1,HELD_OUT,O3,10.28483542068438,24.976571184175917,24.63633637136391,28.862432714903925,0.9936,10.261299017561704,24.97205785362637,24.793496375680682,28.964522183593818,0.9938,1.0516082884139275
Sub03,Date03_Sub03_stool_sit,t0027.000,Sub03/Date03_Sub03_stool_sit/t0027.000,K1,HELD_OUT,O4,7.903982534854702,23.60661667504883,22.72709444021975,28.544338791076534,0.994,7.9654537461766495,23.549354811412357,22.483604641409958,28.014849305628616,0.994,1.9743646891532225
Sub03,Date03_Sub03_stool_sit,t0027.000,Sub03/Date03_Sub03_stool_sit/t0027.000,K2,HELD_OUT,O0,15.349125656026377,23.31370132409249,39.617120882615794,43.55078646187652,0.9856,11.974103176526825,18.435897027451436,26.31690954225929,29.989266745879227,0.9954,23.614675813297815
Sub03,Date03_Sub03_stool_sit,t0027.000,Sub03/Date03_Sub03_stool_sit/t0027.000,K2,HELD_OUT,O1,13.368958815315487,20.960889791976538,34.33562005998606,38.71403806615161,0.9906,12.036793081935777,18.378553446813864,26.06751539415584,29.597275790625606,0.9956,18.2312494679735
Sub03,Date03_Sub03_stool_sit,t0027.000,Sub03/Date03_Sub03_stool_sit/t0027.000,K2,HELD_OUT,O2,12.216345080685546,21.688768024674133,39.73751529346646,47.0845530291293,0.9648,10.724039075481073,17.57495816893816,25.27472056239925,30.997663708010943,0.993,20.595937383640905
Sub03,Date03_Sub03_stool_sit,t0027.000,Sub03/Date03_Sub03_stool_sit/t0027.000,K2,HELD_OUT,O3,13.055485625164806,20.051588384238503,31.10798910530004,36.984669950827595,0.9928,11.908142625453703,18.12630129359591,24.923922868963228,28.654599821495,0.9958,15.992046403425057
Sub03,Date03_Sub03_stool_sit,t0027.000,Sub03/Date03_Sub03_stool_sit/t0027.000,K2,HELD_OUT,O4,11.63767756607393,20.982747806322838,38.623816621452505,45.36511078202592,0.9716,10.552311981699136,17.335097558261133,24.772454062222604,30.47362083021642,0.995,19.629959427825153
Sub03,Date03_Sub03_stool_sit,t0027.000,Sub03/Date03_Sub03_stool_sit/t0027.000,K3,HELD_OUT,O0,18.736653672769908,68.52109174280437,187.39554442744088,230.64743276622576,0.7932,13.083245921873896,62.50426474684016,177.1347367485342,216.4798366110951,0.8142,24.461932143486482
Sub03,Date03_Sub03_stool_sit,t0027.000,Sub03/Date03_Sub03_stool_sit/t0027.000,K3,HELD_OUT,O1,19.533569347779682,69.04532261448361,191.4322322121684,235.1373759169427,0.795,12.871584373957672,62.61120056639753,179.31220042893784,219.20396780582536,0.8144,24.416485694569932
Sub03,Date03_Sub03_stool_sit,t0027.000,Sub03/Date03_Sub03_stool_sit/t0027.000,K3,HELD_OUT,O2,19.255668334180378,68.27486388049007,187.70086290233925,234.62144672631237,0.7904,13.0483130292521,61.37144250352269,173.52548582343093,216.30056671735986,0.8166,26.28330355992048
Sub03,Date03_Sub03_stool_sit,t0027.000,Sub03/Date03_Sub03_stool_sit/t0027.000,K3,HELD_OUT,O3,20.39722150701389,70.51897715589779,197.71590379718793,243.39555879492556,0.7972,13.299103196348396,63.228410591068325,183.9424909037365,223.58797963847337,0.8158,26.194484236645277
Sub03,Date03_Sub03_stool_sit,t0027.000,Sub03/Date03_Sub03_stool_sit/t0027.000,K3,HELD_OUT,O4,18.147559209192053,67.78690687787201,187.71142078222132,235.32041145837204,0.7926,13.235431278926653,61.44228684014523,173.80009356336757,216.72119534467583,0.8172,25.806153327184493
Sub03,Date03_Sub03_stool_sit,t0038.000,Sub03/Date03_Sub03_stool_sit/t0038.000,K0,K0_DIAGNOSTIC,O0,15.846874221611603,18.805365903152957,37.29307777242117,42.92721462384693,0.9764,11.952015761330362,14.479931799273112,29.73259259244553,35.44567866429216,0.9866,20.835566413318897
Sub03,Date03_Sub03_stool_sit,t0038.000,Sub03/Date03_Sub03_stool_sit/t0038.000,K0,K0_DIAGNOSTIC,O1,11.967659694140323,14.544296662279562,29.592881531277012,36.07101265027852,0.9874,11.90476332895655,14.481512863098178,29.897411925744287,35.44501694833224,0.987,3.8766028014728118
Sub03,Date03_Sub03_stool_sit,t0038.000,Sub03/Date03_Sub03_stool_sit/t0038.000,K0,K0_DIAGNOSTIC,O2,9.327961961481563,12.740661266143103,28.109549095669713,36.80760588855879,0.9828,9.139283788330907,12.4700523280512,27.15945008603531,35.40785021283964,0.9872,5.362884209635573
Sub03,Date03_Sub03_stool_sit,t0038.000,Sub03/Date03_Sub03_stool_sit/t0038.000,K0,K0_DIAGNOSTIC,O3,11.49656173045682,14.206841080835787,29.65621248738214,35.49499832572539,0.9872,11.400573563433081,14.115372599277459,29.48118164698591,35.30585640683551,0.9878,3.1354213422903476
Sub03,Date03_Sub03_stool_sit,t0038.000,Sub03/Date03_Sub03_stool_sit/t0038.000,K0,K0_DIAGNOSTIC,O4,9.27854776242039,12.585132674060452,27.841987193925632,36.0686775565169,0.984,9.068026574688057,12.368085298091996,26.852475476815354,35.08812692391159,0.9882,4.844863927494552
Sub03,Date03_Sub03_stool_sit,t0038.000,Sub03/Date03_Sub03_stool_sit/t0038.000,K1,HELD_OUT,O0,13.778086143203996,39.95871565165274,38.04180099812383,47.54177667905272,0.954,8.898436212918115,35.074521938897426,28.10463333951684,40.075393443325005,0.9584,20.793522515615997
Sub03,Date03_Sub03_stool_sit,t0038.000,Sub03/Date03_Sub03_stool_sit/t0038.000,K1,HELD_OUT,O1,10.494782834188957,36.113778732829445,29.593133529775592,42.80251218231834,0.9578,8.912190475427922,35.043902548610305,27.724535993767304,39.897490287694616,0.9588,8.042992992312755
Sub03,Date03_Sub03_stool_sit,t0038.000,Sub03/Date03_Sub03_stool_sit/t0038.000,K1,HELD_OUT,O2,9.15062301938869,34.871878564380296,25.401133231570885,38.540692737506554,0.9576,9.02000787309454,34.824000594466504,25.334369944135105,38.76902755965877,0.9576,1.7166178202498483
Sub03,Date03_Sub03_stool_sit,t0038.000,Sub03/Date03_Sub03_stool_sit/t0038.000,K1,HELD_OUT,O3,9.700761221243933,35.331335928460376,27.61152566660107,40.02583078495757,0.9592,8.843836381198651,34.78396883775029,26.79909652053484,38.67897321244036,0.9592,5.547450001150501
Sub03,Date03_Sub03_stool_sit,t0038.000,Sub03/Date03_Sub03_stool_sit/t0038.000,K1,HELD_OUT,O4,9.019280508445284,34.70113051935317,24.79825796809716,37.7700992864618,0.958,9.035996308406727,34.676635175117745,24.90714363277213,37.82747512222532,0.958,1.153826676546237
Sub03,Date03_Sub03_stool_sit,t0038.000,Sub03/Date03_Sub03_stool_sit/t0038.000,K2,HELD_OUT,O0,13.948172548329628,25.40731792816912,31.0396574297843,39.18258978591177,0.9792,11.64051873770943,23.601635473585475,28.985319761624282,39.023734123164495,0.9828,15.34803738720694
Sub03,Date03_Sub03_stool_sit,t0038.000,Sub03/Date03_Sub03_stool_sit/t0038.000,K2,HELD_OUT,O1,14.336679791506317,29.002918107078177,43.24626424712426,48.42446655471594,0.956,11.47443309254895,23.537425109768304,29.307087635336256,38.74880316028147,0.9826,23.900609063601742
Sub03,Date03_Sub03_stool_sit,t0038.000,Sub03/Date03_Sub03_stool_sit/t0038.000,K2,HELD_OUT,O2,14.27609614479805,27.434862995620175,38.9655773658495,45.72090986026374,0.9676,10.563434444527688,22.4642433339256,26.47573942226945,37.59547733632167,0.982,21.739953121330938
Sub03,Date03_Sub03_stool_sit,t0038.000,Sub03/Date03_Sub03_stool_sit/t0038.000,K2,HELD_OUT,O3,15.204045445088619,29.53253000695696,44.05752539195863,49.02143371337597,0.9558,11.11519620112016,23.30194146879897,29.35779448114992,38.3134095861898,0.9828,24.4344146210265
Sub03,Date03_Sub03_stool_sit,t0038.000,Sub03/Date03_Sub03_stool_sit/t0038.000,K2,HELD_OUT,O4,13.69335430433608,26.885995197339042,37.793370510379006,44.66386372550343,0.9686,10.365337757073615,22.371929156508042,26.589214530503533,37.63759548416092,0.9816,20.782147014040035
Sub03,Date03_Sub03_stool_sit,t0038.000,Sub03/Date03_Sub03_stool_sit/t0038.000,K3,HELD_OUT,O0,13.339937040985852,50.185949900087564,31.378760902350624,63.656113888621356,0.9424,10.365708517498387,47.6142017001298,25.728218581013493,55.68176521572322,0.9462,13.634545410145767
Sub03,Date03_Sub03_stool_sit,t0038.000,Sub03/Date03_Sub03_stool_sit/t0038.000,K3,HELD_OUT,O1,13.503669296238376,52.179581196626444,40.301839865016085,62.57623121032507,0.9398,10.163148106117191,47.62447747952305,27.180864158233483,54.79480821140127,0.9466,18.136491307077307
Sub03,Date03_Sub03_stool_sit,t0038.000,Sub03/Date03_Sub03_stool_sit/t0038.000,K3,HELD_OUT,O2,13.673205272767463,51.78424321407818,40.052800436703784,56.475514490852106,0.9426,8.323854986830149,46.9719128004023,28.290387049449773,51.11191513434849,0.9492,16.722676238244585
Sub03,Date03_Sub03_stool_sit,t0038.000,Sub03/Date03_Sub03_stool_sit/t0038.000,K3,HELD_OUT,O3,14.620111269660605,52.77393256279428,41.113196280110834,58.46015641109584,0.9378,9.895063797500455,47.43532520518128,26.795496934495052,53.45372229202693,0.9476,19.506193644924792
Sub03,Date03_Sub03_stool_sit,t0038.000,Sub03/Date03_Sub03_stool_sit/t0038.000,K3,HELD_OUT,O4,13.577272180455205,51.41427322936365,38.83076810793056,55.680265289200214,0.9442,8.445261618711662,46.78922682867941,27.439270774285575,50.272253154079486,0.9496,16.258445423573612
Sub03,Date03_Sub03_yogaball_play,t0014.000,Sub03/Date03_Sub03_yogaball_play/t0014.000,K0,K0_DIAGNOSTIC,O0,20.214402158531676,23.764296555868786,49.23971275673215,56.73302816197698,0.9056,14.067104466288448,16.751987135341764,34.72357329448967,40.3172682426511,0.9864,31.304868633035166
Sub03,Date03_Sub03_yogaball_play,t0014.000,Sub03/Date03_Sub03_yogaball_play/t0014.000,K0,K0_DIAGNOSTIC,O1,13.606717363034662,17.716805917748662,38.72731505770361,45.42346321140235,0.9718,14.643652864924992,16.663629322237576,32.96879094319486,38.498860601870064,0.9884,13.400184899235533
Sub03,Date03_Sub03_yogaball_play,t0014.000,Sub03/Date03_Sub03_yogaball_play/t0014.000,K0,K0_DIAGNOSTIC,O2,9.429657919203816,12.720464904017167,28.094571948039764,33.56122413394545,0.9908,9.511673014771892,12.666188913893745,27.508632393988123,32.678754285561546,0.9914,1.965007779805457
Sub03,Date03_Sub03_yogaball_play,t0014.000,Sub03/Date03_Sub03_yogaball_play/t0014.000,K0,K0_DIAGNOSTIC,O3,13.447105316134637,16.516174872968353,35.369483363759436,41.727376666398726,0.9792,14.015916330511072,16.1552658210002,32.12658583778678,37.65791311214402,0.9864,8.066910767080074
Sub03,Date03_Sub03_yogaball_play,t0014.000,Sub03/Date03_Sub03_yogaball_play/t0014.000,K0,K0_DIAGNOSTIC,O4,9.086652030528533,12.78987707094073,28.69977848003409,35.15143783101009,0.9884,9.31914287008972,12.59747031630965,27.412132538879565,33.672331324851314,0.99,4.693203948101559
Sub03,Date03_Sub03_yogaball_play,t0014.000,Sub03/Date03_Sub03_yogaball_play/t0014.000,K1,HELD_OUT,O0,25.206548888308447,37.94257579120248,78.18631125225355,126.04794377052487,0.8034,10.988189447700513,22.242387134117244,44.14870390488425,82.6500823097543,0.9114,46.97828649213111
Sub03,Date03_Sub03_yogaball_play,t0014.000,Sub03/Date03_Sub03_yogaball_play/t0014.000,K1,HELD_OUT,O1,17.319098323092646,29.91517234141773,64.26803509187002,108.20649764271991,0.869,10.960373147865464,21.972373468963486,42.98719457548986,80.73315017737222,0.9128,30.90567932930918
Sub03,Date03_Sub03_yogaball_play,t0014.000,Sub03/Date03_Sub03_yogaball_play/t0014.000,K1,HELD_OUT,O2,14.849448214575023,25.2425809065286,52.50364319610863,83.5216636139427,0.8954,11.553231730116337,19.857801505008208,38.626855712280765,65.62906224449759,0.9284,23.486345722316678
Sub03,Date03_Sub03_yogaball_play,t0014.000,Sub03/Date03_Sub03_yogaball_play/t0014.000,K1,HELD_OUT,O3,16.77220185319557,28.305071298543492,60.57821889550146,99.7157455590784,0.8758,10.859600062493662,21.712270200756834,42.61106012388916,79.12856199465578,0.914,27.232596008455157
Sub03,Date03_Sub03_yogaball_play,t0014.000,Sub03/Date03_Sub03_yogaball_play/t0014.000,K1,HELD_OUT,O4,15.567939723714346,25.76723214727169,53.523531209854355,83.73286405756856,0.8938,11.371060718625186,19.774258300996774,38.30121377392114,65.0658995858897,0.9284,24.591460843082896
Sub03,Date03_Sub03_yogaball_play,t0014.000,Sub03/Date03_Sub03_yogaball_play/t0014.000,K2,HELD_OUT,O0,45.10200380933917,85.9119137847636,192.53245896940885,206.57971206651183,0.5526,21.297341520536246,55.705435033424266,133.17825457110678,147.34586249277515,0.7484,62.19380023672199
Sub03,Date03_Sub03_yogaball_play,t0014.000,Sub03/Date03_Sub03_yogaball_play/t0014.000,K2,HELD_OUT,O1,28.698818116812568,70.7917692918362,172.6431260256008,185.40409489865615,0.6652,20.916189526031324,55.588787057776855,133.51370013763898,147.66866784738346,0.7486,41.66483311246768
Sub03,Date03_Sub03_yogaball_play,t0014.000,Sub03/Date03_Sub03_yogaball_play/t0014.000,K2,HELD_OUT,O2,23.515204939455103,60.240473415288726,143.02934153803275,156.70738925555466,0.6968,22.452846097948427,52.09263032123452,113.44711776075846,129.06221268353607,0.7634,32.01711723675812
Sub03,Date03_Sub03_yogaball_play,t0014.000,Sub03/Date03_Sub03_yogaball_play/t0014.000,K2,HELD_OUT,O3,24.862468547915054,66.05443261974803,164.01210058617056,176.10715003381085,0.6878,21.05323684065732,55.12338709213608,131.3706667542926,145.81188579045062,0.7512,35.56065480841866
Sub03,Date03_Sub03_yogaball_play,t0014.000,Sub03/Date03_Sub03_yogaball_play/t0014.000,K2,HELD_OUT,O4,24.616398411610582,60.838078068622146,143.04549369881687,156.70843087140346,0.6936,22.36864926151459,51.590262373016024,111.48636632226895,127.46118217088726,0.7656,34.07232492428914
Sub03,Date03_Sub03_yogaball_play,t0014.000,Sub03/Date03_Sub03_yogaball_play/t0014.000,K3,HELD_OUT,O0,30.8043305078709,84.12786656997766,125.55827630995223,184.31226606618074,0.7056,18.303948334465705,68.92918482195623,81.64009343902299,139.32899289481568,0.8504,46.0801388780719
Sub03,Date03_Sub03_yogaball_play,t0014.000,Sub03/Date03_Sub03_yogaball_play/t0014.000,K3,HELD_OUT,O1,20.360101567257914,73.87863284979296,104.51238586616931,162.5321830577467,0.8032,17.567596434224804,68.35556499217527,81.33942304305661,137.82055281874204,0.8532,25.051502282632935
Sub03,Date03_Sub03_yogaball_play,t0014.000,Sub03/Date03_Sub03_yogaball_play/t0014.000,K3,HELD_OUT,O2,16.600137040346798,68.02759522220377,81.20333105969124,134.9354709492051,0.8344,17.323617074629013,66.22320856051353,68.11810387665074,122.12539247194287,0.864,13.865989294675142
Sub03,Date03_Sub03_yogaball_play,t0014.000,Sub03/Date03_Sub03_yogaball_play/t0014.000,K3,HELD_OUT,O3,18.848744807474965,71.16098353207138,94.90196518967481,153.13154087664162,0.8214,17.695388102035597,68.11399234308267,78.88983295231854,135.8757856978709,0.8544,17.96748512289213
Sub03,Date03_Sub03_yogaball_play,t0014.000,Sub03/Date03_Sub03_yogaball_play/t0014.000,K3,HELD_OUT,O4,17.180818459234906,68.38064256594737,81.87377666588584,134.72178613236892,0.8276,17.31428458498008,66.19986678546472,67.78624061911947,121.58769617969588,0.8628,15.368033148169772
Sub03,Date03_Sub03_yogaball_play,t0025.000,Sub03/Date03_Sub03_yogaball_play/t0025.000,K0,K0_DIAGNOSTIC,O0,13.83743949591682,16.874835693919433,35.342957001736856,41.57218965456411,0.9878,12.691119271121378,15.296985304438552,31.73880977660541,38.78370490646238,0.9842,14.274248054233286
Sub03,Date03_Sub03_yogaball_play,t0025.000,Sub03/Date03_Sub03_yogaball_play/t0025.000,K0,K0_DIAGNOSTIC,O1,12.63549469743925,15.802000708965725,33.78044577363915,40.17655114390102,0.9842,12.63292945242771,15.299177594838874,31.761440662068566,38.91242614852433,0.983,8.13090653751712
Sub03,Date03_Sub03_yogaball_play,t0025.000,Sub03/Date03_Sub03_yogaball_play/t0025.000,K0,K0_DIAGNOSTIC,O2,8.56166102996879,11.230931625609436,24.477111237259063,33.470124972672586,0.9902,8.74651635923141,11.133351868730209,23.88859603047621,32.69572426198183,0.9936,3.493747873068783
Sub03,Date03_Sub03_yogaball_play,t0025.000,Sub03/Date03_Sub03_yogaball_play/t0025.000,K0,K0_DIAGNOSTIC,O3,12.411274982685653,14.742156478168944,30.39749699181476,36.70141736765346,0.989,12.122679001239511,14.598752364022905,29.933321478430106,36.94620582439628,0.9864,5.226916769541409
Sub03,Date03_Sub03_yogaball_play,t0025.000,Sub03/Date03_Sub03_yogaball_play/t0025.000,K0,K0_DIAGNOSTIC,O4,8.382746695649637,10.87531805411646,23.779258606569943,32.589027807578795,0.9946,8.390863544947731,10.845156066777662,23.430263648749577,32.092581214199086,0.9962,2.04770589942179
Sub03,Date03_Sub03_yogaball_play,t0025.000,Sub03/Date03_Sub03_yogaball_play/t0025.000,K1,HELD_OUT,O0,18.146693469708698,29.636664334206902,52.34370262444586,65.34222564583384,0.8858,14.380057016398997,23.62208066511542,35.354587994370235,46.710265066546214,0.9578,29.847704921820423
Sub03,Date03_Sub03_yogaball_play,t0025.000,Sub03/Date03_Sub03_yogaball_play/t0025.000,K1,HELD_OUT,O1,16.645628605741102,27.3053630889805,46.48412146229801,59.24605641031602,0.9176,14.415426469082213,23.22623379758928,33.775096655134995,45.98040089689742,0.9594,24.216044331620367
Sub03,Date03_Sub03_yogaball_play,t0025.000,Sub03/Date03_Sub03_yogaball_play/t0025.000,K1,HELD_OUT,O2,11.569260473610875,21.279839803444226,31.20879126162162,44.08191892261674,0.967,10.46898663810611,19.933113538688985,27.85810528185255,39.5805825812575,0.9724,10.800404105391554
Sub03,Date03_Sub03_yogaball_play,t0025.000,Sub03/Date03_Sub03_yogaball_play/t0025.000,K1,HELD_OUT,O3,16.516541112967893,25.978414738664277,41.51381687920837,54.66041642630416,0.9364,13.912435302615481,22.8067870065833,32.88626606908702,45.67601372355392,0.9614,20.710371724365878
Sub03,Date03_Sub03_yogaball_play,t0025.000,Sub03/Date03_Sub03_yogaball_play/t0025.000,K1,HELD_OUT,O4,11.597172943600317,21.12944491191524,31.050552910157286,43.43611317335337,0.9674,10.429479242689261,19.808844428213547,27.73702324076688,39.24480618613495,0.9744,10.90877318532627
Sub03,Date03_Sub03_yogaball_play,t0025.000,Sub03/Date03_Sub03_yogaball_play/t0025.000,K2,HELD_OUT,O0,24.9945023870379,37.963418135933836,65.74029814390562,77.87037258603469,0.7672,17.672862947072524,27.8575923757685,39.8343457674637,49.604141840300265,0.9514,39.08853575382552
Sub03,Date03_Sub03_yogaball_play,t0025.000,Sub03/Date03_Sub03_yogaball_play/t0025.000,K2,HELD_OUT,O1,19.331764001120938,33.697191138234295,59.12310928222378,71.37567044835846,0.8232,17.452817930409665,27.75106990713668,39.03882779664236,49.51709969088258,0.9508,30.731639156792944
Sub03,Date03_Sub03_yogaball_play,t0025.000,Sub03/Date03_Sub03_yogaball_play/t0025.000,K2,HELD_OUT,O2,14.994975668870406,26.926693953628646,45.61962660145384,55.83955880893036,0.9224,13.87211938385224,24.345552828454533,35.454498266049235,44.42090052924888,0.9656,17.12176346611438
Sub03,Date03_Sub03_yogaball_play,t0025.000,Sub03/Date03_Sub03_yogaball_play/t0025.000,K2,HELD_OUT,O3,18.59573847415909,32.20890095103187,56.19695755718869,66.5789337471076,0.847,17.808922039284603,27.716044684007404,39.567001446688494,48.106870497276866,0.9554,27.173160744296556
Sub03,Date03_Sub03_yogaball_play,t0025.000,Sub03/Date03_Sub03_yogaball_play/t0025.000,K2,HELD_OUT,O4,15.191145147329145,26.869854826359525,45.01550924261525,55.33683009373422,0.9264,13.985508041845577,24.4676673331785,35.465772739466665,44.53097666413746,0.9648,16.365297300624437
Sub03,Date03_Sub03_yogaball_play,t0025.000,Sub03/Date03_Sub03_yogaball_play/t0025.000,K3,HELD_OUT,O0,15.713900679930813,56.2519880977149,50.72282337770187,68.8939800547016,0.897,13.588116146150766,53.13920642512665,43.2168901022803,58.23724882655766,0.9254,18.474645540833308
Sub03,Date03_Sub03_yogaball_play,t0025.000,Sub03/Date03_Sub03_yogaball_play/t0025.000,K3,HELD_OUT,O1,14.263960500473535,54.44617348910447,46.92546358640971,62.63462247431639,0.9104,13.593406024924281,52.9082649614347,42.721168795990984,56.37798635714436,0.9272,13.020216674825216
Sub03,Date03_Sub03_yogaball_play,t0025.000,Sub03/Date03_Sub03_yogaball_play/t0025.000,K3,HELD_OUT,O2,12.734080119391077,51.87256979495379,37.71641294747154,50.70184600002122,0.9488,10.608346210782354,49.848161772817214,34.63147881274014,46.03639882644892,0.9604,12.254760223619082
Sub03,Date03_Sub03_yogaball_play,t0025.000,Sub03/Date03_Sub03_yogaball_play/t0025.000,K3,HELD_OUT,O3,13.628097373887567,54.64563692267408,48.85285674393135,62.28483170998973,0.905,13.168783232952027,52.48162804626498,41.98803946352524,54.48843465659109,0.9344,14.825188767302516
Sub03,Date03_Sub03_yogaball_play,t0025.000,Sub03/Date03_Sub03_yogaball_play/t0025.000,K3,HELD_OUT,O4,12.294579693325753,51.62538228036963,37.64583250299075,50.016519246804954,0.9498,10.841614905186923,49.770991286742024,34.188103030895846,45.346252300487606,0.9626,11.686609723165015
Sub03,Date03_Sub03_yogaball_play,t0036.000,Sub03/Date03_Sub03_yogaball_play/t0036.000,K0,K0_DIAGNOSTIC,O0,59.42605100123551,58.20800124785581,79.35975500539627,86.13957104729144,0.3002,10.961603882400127,13.716777818760391,28.683738008507753,33.94508516118105,0.9882,74.50756144626872
Sub03,Date03_Sub03_yogaball_play,t0036.000,Sub03/Date03_Sub03_yogaball_play/t0036.000,K0,K0_DIAGNOSTIC,O1,11.101121686849035,13.976218612281707,29.3494812390704,34.48625743987284,0.988,10.827532100726827,13.616893416921565,28.658663828642755,33.86263242305979,0.9892,4.515063243636775
Sub03,Date03_Sub03_yogaball_play,t0036.000,Sub03/Date03_Sub03_yogaball_play/t0036.000,K0,K0_DIAGNOSTIC,O2,8.996006901961634,11.73513835375075,25.61593269880185,32.67380140457137,0.9914,8.871383262653517,11.592180958717341,24.907939380540494,32.02846352196687,0.9926,4.746166672147437
Sub03,Date03_Sub03_yogaball_play,t0036.000,Sub03/Date03_Sub03_yogaball_play/t0036.000,K0,K0_DIAGNOSTIC,O3,10.013668314812355,13.238376857035549,30.04880199219659,36.13192261479938,0.993,10.124205305139629,13.14183136578645,29.432395814242533,35.335653752932195,0.9924,4.405055534316904
Sub03,Date03_Sub03_yogaball_play,t0036.000,Sub03/Date03_Sub03_yogaball_play/t0036.000,K0,K0_DIAGNOSTIC,O4,8.785250064090278,11.586240486651258,25.5188314601705,32.707970943579355,0.9914,8.65384001715538,11.444351589099872,24.748440967303278,31.94832525879147,0.9928,4.812015662031169
Sub03,Date03_Sub03_yogaball_play,t0036.000,Sub03/Date03_Sub03_yogaball_play/t0036.000,K1,HELD_OUT,O0,36.98179578893526,106.1441139829878,81.25089278004477,101.15919131630527,0.6434,18.52947516498684,89.56491490513308,51.4639315039949,82.14119523237702,0.8958,58.848471118798095
Sub03,Date03_Sub03_yogaball_play,t0036.000,Sub03/Date03_Sub03_yogaball_play/t0036.000,K1,HELD_OUT,O1,16.709310228363055,88.56212536809105,54.02677099790952,86.60711881015719,0.8922,16.389975221892588,88.40479042566636,54.64423772567574,87.35120872708644,0.8918,4.450034356717351
Sub03,Date03_Sub03_yogaball_play,t0036.000,Sub03/Date03_Sub03_yogaball_play/t0036.000,K1,HELD_OUT,O2,16.89319523718057,86.99241188899025,44.29548454984367,68.09930851820344,0.917,15.269668367077418,86.0255424170786,45.54198439457423,68.048152864873,0.9122,11.030539378541482
Sub03,Date03_Sub03_yogaball_play,t0036.000,Sub03/Date03_Sub03_yogaball_play/t0036.000,K1,HELD_OUT,O3,17.39600940648738,89.85629763145414,55.92700848012375,95.0686943957678,0.8894,16.264715022289742,88.65805408592117,56.01417876953992,94.11484171294786,0.8896,12.920359643068508
Sub03,Date03_Sub03_yogaball_play,t0036.000,Sub03/Date03_Sub03_yogaball_play/t0036.000,K1,HELD_OUT,O4,16.977603543116928,87.1255888841866,45.059293651155784,69.7492926054428,0.9156,15.233563638094576,86.12823735136175,47.20718062158007,69.97313572081823,0.9082,11.009759048675772
Sub03,Date03_Sub03_yogaball_play,t0036.000,Sub03/Date03_Sub03_yogaball_play/t0036.000,K2,HELD_OUT,O0,26.185004206702466,52.18116594904126,71.22175711086818,87.3100569588784,0.7912,18.74429082850315,45.198835695081904,54.443423493101314,76.05425225833771,0.8686,34.83323409752869
Sub03,Date03_Sub03_yogaball_play,t0036.000,Sub03/Date03_Sub03_yogaball_play/t0036.000,K2,HELD_OUT,O1,19.915626659570194,47.25187153307525,61.14078376630349,86.55749636947664,0.864,16.147384662496243,43.60911847200039,52.511691275396046,84.00772857974113,0.8948,25.92365253212711
Sub03,Date03_Sub03_yogaball_play,t0036.000,Sub03/Date03_Sub03_yogaball_play/t0036.000,K2,HELD_OUT,O2,21.122856639179854,47.109499499155184,64.95397513153516,87.95090011916601,0.8442,16.842406912626657,42.77734329070048,50.6800950431431,86.8358009636016,0.8986,27.613471970402493
Sub03,Date03_Sub03_yogaball_play,t0036.000,Sub03/Date03_Sub03_yogaball_play/t0036.000,K2,HELD_OUT,O3,22.818474407868628,49.60034539648588,62.5798656265972,98.77942491200585,0.8334,16.68442510810771,44.11653868729027,53.21817510194084,84.43155657215691,0.894,31.479100758963707
Sub03,Date03_Sub03_yogaball_play,t0036.000,Sub03/Date03_Sub03_yogaball_play/t0036.000,K2,HELD_OUT,O4,20.989878734390352,47.08731060109075,64.49803031861993,89.4634862330097,0.8446,16.716335358551675,42.85836521281452,50.9879287310488,88.41548260321301,0.8978,27.349315622704104
Sub03,Date03_Sub03_yogaball_play,t0036.000,Sub03/Date03_Sub03_yogaball_play/t0036.000,K3,HELD_OUT,O0,31.906772908116253,48.06026417920753,72.73648811052298,84.15346204610746,0.7128,13.453806147837977,31.146012233286108,40.833006931274106,51.744352605120056,0.9432,49.47570937562716
Sub03,Date03_Sub03_yogaball_play,t0036.000,Sub03/Date03_Sub03_yogaball_play/t0036.000,K3,HELD_OUT,O1,14.671545305205271,31.628312396709156,40.05261495236014,56.45825709015548,0.9352,13.272864487522924,30.293678065821926,37.98258909883133,51.15703885000053,0.9472,14.430084953428217
Sub03,Date03_Sub03_yogaball_play,t0036.000,Sub03/Date03_Sub03_yogaball_play/t0036.000,K3,HELD_OUT,O2,11.381638002184435,28.780184493745875,37.23150837878386,50.41037265031655,0.9494,11.070029948004258,27.819299401247047,33.585396187957194,43.9344918742749,0.9618,11.74189121815552
Sub03,Date03_Sub03_yogaball_play,t0036.000,Sub03/Date03_Sub03_yogaball_play/t0036.000,K3,HELD_OUT,O3,14.43883481689932,32.67897637230148,44.09235321498549,57.43629261560653,0.929,12.394421365038022,30.31099549181969,38.53151461482962,51.370991184564936,0.9466,18.570019785143476
Sub03,Date03_Sub03_yogaball_play,t0036.000,Sub03/Date03_Sub03_yogaball_play/t0036.000,K3,HELD_OUT,O4,11.342224032356611,28.718074374148355,36.822708501253814,50.30320374521451,0.949,10.916426124221879,27.758972465367602,33.4883816770443,43.774729133051366,0.9614,11.638191414043735
Sub04,Date03_Sub04_backpack_back,t0015.000,Sub04/Date03_Sub04_backpack_back/t0015.000,K0,K0_DIAGNOSTIC,O0,22.2023565473826,26.099087089198463,48.92481416688105,54.957862610320845,0.9114,10.649800128197564,14.149938399836241,26.190134553199364,33.14563732267281,0.9746,28.413979895553595
Sub04,Date03_Sub04_backpack_back,t0015.000,Sub04/Date03_Sub04_backpack_back/t0015.000,K0,K0_DIAGNOSTIC,O1,10.299262044978121,14.410640393752102,28.25274574058863,35.13240416705957,0.9712,10.638889596371701,14.108051195638959,26.014025566900433,32.961018000465,0.9762,5.02336728377584
Sub04,Date03_Sub04_backpack_back,t0015.000,Sub04/Date03_Sub04_backpack_back/t0015.000,K0,K0_DIAGNOSTIC,O2,7.123714126716965,10.817709806792593,22.018054550975503,30.85083752323679,0.9872,7.030298723488071,10.760455210755199,22.405745718683804,31.286104881381245,0.9874,2.208627373953436
Sub04,Date03_Sub04_backpack_back,t0015.000,Sub04/Date03_Sub04_backpack_back/t0015.000,K0,K0_DIAGNOSTIC,O3,10.363377577882849,13.89309799560497,25.816834308113872,32.42162507459552,0.973,10.204311106394742,13.814364519122522,25.749312069085065,32.92575803921812,0.9774,3.3715712803027933
Sub04,Date03_Sub04_backpack_back,t0015.000,Sub04/Date03_Sub04_backpack_back/t0015.000,K0,K0_DIAGNOSTIC,O4,7.00244905080039,10.737946188133451,22.32283167837851,31.173730162131875,0.987,6.815134244106799,10.680899075660063,22.392906931260526,31.39468560971197,0.9874,2.2525614702138905
Sub04,Date03_Sub04_backpack_back,t0015.000,Sub04/Date03_Sub04_backpack_back/t0015.000,K1,HELD_OUT,O0,14.055301157560194,18.2325997379633,37.061687235089764,46.0370507372267,0.9672,6.983606913038747,10.36978087445364,20.806061066174507,25.591728451901652,0.9886,27.972400926184864
Sub04,Date03_Sub04_backpack_back,t0015.000,Sub04/Date03_Sub04_backpack_back/t0015.000,K1,HELD_OUT,O1,8.2631436398919,11.579975531857087,23.004331052858024,27.990245237012328,0.9872,6.465062253780815,10.031739636463477,20.381292488848402,25.125089662518153,0.9896,9.109986193964646
Sub04,Date03_Sub04_backpack_back,t0015.000,Sub04/Date03_Sub04_backpack_back/t0015.000,K1,HELD_OUT,O2,5.746686968726303,8.715269112828322,16.515227939110524,22.592074969382228,0.9942,5.561318567504085,8.596829972350747,16.50294822705083,21.81695203243063,0.9938,2.7254920030671284
Sub04,Date03_Sub04_backpack_back,t0015.000,Sub04/Date03_Sub04_backpack_back/t0015.000,K1,HELD_OUT,O3,6.939196219272262,10.239024323055506,20.618077218938957,25.916198374120974,0.9896,6.291007168716311,9.864687288631877,20.208284531408196,25.072411303086085,0.9898,3.9886106123892238
Sub04,Date03_Sub04_backpack_back,t0015.000,Sub04/Date03_Sub04_backpack_back/t0015.000,K1,HELD_OUT,O4,5.671784284425075,8.64852244087849,16.575555845589363,22.559919368310307,0.9942,5.591336499099912,8.53900415512296,16.405155907708973,21.493406072659198,0.9938,3.0567030047543504
Sub04,Date03_Sub04_backpack_back,t0015.000,Sub04/Date03_Sub04_backpack_back/t0015.000,K2,HELD_OUT,O0,23.060392797320986,63.47068719195868,127.6113215217001,169.70980264848356,0.8032,14.929552997056117,59.783658800742266,131.66157988655422,174.31358825090211,0.8092,21.595494417560882
Sub04,Date03_Sub04_backpack_back,t0015.000,Sub04/Date03_Sub04_backpack_back/t0015.000,K2,HELD_OUT,O1,12.626754053684543,60.404690008251265,142.97601638018918,185.87463130416145,0.8026,11.969862448441345,59.10031790484978,138.56789996596066,180.91244455750711,0.8078,15.10472344652897
Sub04,Date03_Sub04_backpack_back,t0015.000,Sub04/Date03_Sub04_backpack_back/t0015.000,K2,HELD_OUT,O2,10.050701267604712,58.21463921757899,136.24615329837528,182.28867641444734,0.8064,11.577348693117054,57.48503035396853,130.23652982671135,174.96026555428296,0.8152,12.40086987385535
Sub04,Date03_Sub04_backpack_back,t0015.000,Sub04/Date03_Sub04_backpack_back/t0015.000,K2,HELD_OUT,O3,12.330764938705578,60.39282742927589,144.20708530494585,186.91650188644718,0.8008,12.146994893433511,59.000609588919886,137.94703619240178,180.92100471090308,0.809,16.162022524790277
Sub04,Date03_Sub04_backpack_back,t0015.000,Sub04/Date03_Sub04_backpack_back/t0015.000,K2,HELD_OUT,O4,10.186615018329547,58.50371508451868,137.31730862861352,183.37177029498403,0.8066,11.584484599711983,57.497022450902314,130.4492119027821,175.29695810157293,0.8154,13.332879638462133
Sub04,Date03_Sub04_backpack_back,t0015.000,Sub04/Date03_Sub04_backpack_back/t0015.000,K3,HELD_OUT,O0,14.721158445581281,28.51255659243235,36.58413967621584,49.810780135358584,0.9508,7.7349445601988265,21.23883404813314,23.624192167557638,33.744697145095486,0.9764,27.277788244248853
Sub04,Date03_Sub04_backpack_back,t0015.000,Sub04/Date03_Sub04_backpack_back/t0015.000,K3,HELD_OUT,O1,8.556981221694336,22.064112681958115,24.62891184196447,35.27683512819707,0.9732,7.167860610320753,20.72628854414635,22.392524328108863,30.51772681746481,0.9844,11.112096071698652
Sub04,Date03_Sub04_backpack_back,t0015.000,Sub04/Date03_Sub04_backpack_back/t0015.000,K3,HELD_OUT,O2,8.028157833530383,21.44228075773971,24.552787941617815,31.584359805807036,0.9914,6.612390120756947,20.036514404411125,21.760346630536578,27.453514994391504,0.9932,10.071071258093856
Sub04,Date03_Sub04_backpack_back,t0015.000,Sub04/Date03_Sub04_backpack_back/t0015.000,K3,HELD_OUT,O3,7.205915566625622,21.69497625583186,25.648755066380755,34.551010175227205,0.9756,7.298054385853611,20.765323072754686,22.41661919910097,30.19566199503688,0.9858,9.95389134208765
Sub04,Date03_Sub04_backpack_back,t0015.000,Sub04/Date03_Sub04_backpack_back/t0015.000,K3,HELD_OUT,O4,8.10302935188686,21.497077715323478,24.298339249634953,31.64614032182839,0.9916,6.556116150530137,19.93000235904888,21.45836571245587,27.138537556839086,0.993,10.32136366009207
Sub04,Date03_Sub04_backpack_back,t0026.000,Sub04/Date03_Sub04_backpack_back/t0026.000,K0,K0_DIAGNOSTIC,O0,33.518543518547574,33.53036738980606,55.75251857079345,63.375346799578914,0.8432,7.666543623703788,10.986476316442445,24.308286121435085,31.856367142222204,0.9872,42.737803226219576
Sub04,Date03_Sub04_backpack_back,t0026.000,Sub04/Date03_Sub04_backpack_back/t0026.000,K0,K0_DIAGNOSTIC,O1,7.674551458288944,11.29653784344412,26.461115178691344,33.41554499458876,0.9822,7.731782794596308,10.975345434837358,24.39830379035572,31.85552842592563,0.9878,6.155785289659123
Sub04,Date03_Sub04_backpack_back,t0026.000,Sub04/Date03_Sub04_backpack_back/t0026.000,K0,K0_DIAGNOSTIC,O2,6.004935270800602,8.783513576202541,20.274320790334908,27.933763340541415,0.9984,6.182923701161648,8.790932653585084,20.155961916165626,27.015846959495335,0.9986,2.2524539722031953
Sub04,Date03_Sub04_backpack_back,t0026.000,Sub04/Date03_Sub04_backpack_back/t0026.000,K0,K0_DIAGNOSTIC,O3,7.660801494928256,10.41118367592151,23.946997879232256,29.048136823814186,0.9994,7.719593441378952,10.401812524101977,23.818781177225063,29.040480960942517,0.9996,1.1083158140072638
Sub04,Date03_Sub04_backpack_back,t0026.000,Sub04/Date03_Sub04_backpack_back/t0026.000,K0,K0_DIAGNOSTIC,O4,5.8826349426584095,8.547968447965953,19.79482025408714,27.464018760974312,0.9984,6.067324654789176,8.503277699132312,19.519395972875625,26.41438119345315,0.9988,3.1132395206929306
Sub04,Date03_Sub04_backpack_back,t0026.000,Sub04/Date03_Sub04_backpack_back/t0026.000,K1,HELD_OUT,O0,20.929512141634767,47.01128022696078,52.57995549895189,60.552298224746764,0.8842,8.46738551903601,34.58807457024241,28.834259497441188,40.47858729111674,0.9842,34.90649816369861
Sub04,Date03_Sub04_backpack_back,t0026.000,Sub04/Date03_Sub04_backpack_back/t0026.000,K1,HELD_OUT,O1,8.371096602169539,35.297203931571744,31.04173031841433,47.02809452401049,0.9558,8.445188233164032,34.43973348538327,28.17553517888382,40.170800609865864,0.984,10.177052842697814
Sub04,Date03_Sub04_backpack_back,t0026.000,Sub04/Date03_Sub04_backpack_back/t0026.000,K1,HELD_OUT,O2,6.813713188229741,32.89750096252437,27.490611952918243,33.010685521735546,0.989,6.736862521607684,32.49472688879124,25.364210254484053,30.637128198537717,0.9906,6.318963455936885
Sub04,Date03_Sub04_backpack_back,t0026.000,Sub04/Date03_Sub04_backpack_back/t0026.000,K1,HELD_OUT,O3,8.608198310879972,34.17896196261461,27.685726977969388,36.212181952672566,0.992,8.156191361589979,33.66483438668189,26.05003100454882,32.290274941328796,0.993,6.7046265330720916
Sub04,Date03_Sub04_backpack_back,t0026.000,Sub04/Date03_Sub04_backpack_back/t0026.000,K1,HELD_OUT,O4,7.172198584775911,33.25405543220192,27.02554145546054,32.50192659050934,0.989,6.811990705605558,32.52417301476828,25.12179229098895,29.53625813067992,0.9916,7.1547294269999355
Sub04,Date03_Sub04_backpack_back,t0026.000,Sub04/Date03_Sub04_backpack_back/t0026.000,K2,HELD_OUT,O0,33.460541703941146,76.3064362258957,192.25966270738004,203.73954593583267,0.6388,43.60655320938383,72.2222035560679,161.46847728655854,170.83153824303602,0.5524,41.730256851501196
Sub04,Date03_Sub04_backpack_back,t0026.000,Sub04/Date03_Sub04_backpack_back/t0026.000,K2,HELD_OUT,O1,20.52422569138519,83.96139396363688,229.98646825335476,241.65618539726543,0.6284,36.64570302698792,75.6174985160955,185.29308026840366,196.08568973261623,0.6162,48.68952200987338
Sub04,Date03_Sub04_backpack_back,t0026.000,Sub04/Date03_Sub04_backpack_back/t0026.000,K2,HELD_OUT,O2,19.80405097963979,81.42376506059105,224.49649937063708,238.47126000059743,0.646,34.11235567955522,73.95952726423054,181.58068706964545,195.3692044388199,0.65,46.554453195129206
Sub04,Date03_Sub04_backpack_back,t0026.000,Sub04/Date03_Sub04_backpack_back/t0026.000,K2,HELD_OUT,O3,21.375854137180923,85.52404227663614,234.78117137897544,247.59403945459735,0.6472,33.957522672577284,76.16087138131645,190.10076648239897,201.2921221114807,0.6396,48.92262405928508
Sub04,Date03_Sub04_backpack_back,t0026.000,Sub04/Date03_Sub04_backpack_back/t0026.000,K2,HELD_OUT,O4,20.83829686023828,81.91456628139576,225.91286545500003,239.6377281452065,0.6482,33.33863357792931,73.67499410833476,182.53416114819947,195.92143142126633,0.6566,46.73887187155173
Sub04,Date03_Sub04_backpack_back,t0026.000,Sub04/Date03_Sub04_backpack_back/t0026.000,K3,HELD_OUT,O0,16.02696810656765,34.38997659146317,38.96688247091499,43.672529359810795,0.9754,10.381279000209883,28.1332518001631,24.038897434860726,29.273074554279038,0.9846,27.461992733901567
Sub04,Date03_Sub04_backpack_back,t0026.000,Sub04/Date03_Sub04_backpack_back/t0026.000,K3,HELD_OUT,O1,8.728416506685466,27.997562146542123,27.437130383564625,34.415105698033145,0.983,8.980250081306522,27.759408504357808,25.30899250990153,31.083798811468245,0.984,4.40400026013317
Sub04,Date03_Sub04_backpack_back,t0026.000,Sub04/Date03_Sub04_backpack_back/t0026.000,K3,HELD_OUT,O2,8.265689096424634,26.60315416240522,22.601298354572318,28.767876098675547,0.9834,8.11263855838024,25.767887658800188,18.986069529851772,24.024888402268594,0.9836,6.886305219532085
Sub04,Date03_Sub04_backpack_back,t0026.000,Sub04/Date03_Sub04_backpack_back/t0026.000,K3,HELD_OUT,O3,9.54379042253992,29.53253940520222,32.95298946187002,40.11154053421276,0.9792,9.010764627312296,27.765895767596994,25.66485465129537,31.421589622382744,0.9842,10.494556126256892
Sub04,Date03_Sub04_backpack_back,t0026.000,Sub04/Date03_Sub04_backpack_back/t0026.000,K3,HELD_OUT,O4,7.838721636698018,26.290574276724634,22.968113951059713,29.161751976655964,0.9836,7.747544004514669,25.5648212951331,18.897821556162047,24.31186367591493,0.984,6.28195398345785
Sub04,Date03_Sub04_backpack_back,t0037.000,Sub04/Date03_Sub04_backpack_back/t0037.000,K0,K0_DIAGNOSTIC,O0,48.614633029752525,48.42311766517078,70.30299657883994,80.18798104148725,0.5264,9.66574906226167,14.45166215436158,33.008813303049244,49.44295456599613,0.9504,61.91269613173617
Sub04,Date03_Sub04_backpack_back,t0037.000,Sub04/Date03_Sub04_backpack_back/t0037.000,K0,K0_DIAGNOSTIC,O1,9.669522902532556,14.723672319838116,34.205736654568824,51.26794662176146,0.9484,9.59542315091717,14.391960613605933,32.78882466419456,49.33335758802342,0.9514,5.6054590743679205
Sub04,Date03_Sub04_backpack_back,t0037.000,Sub04/Date03_Sub04_backpack_back/t0037.000,K0,K0_DIAGNOSTIC,O2,6.296798238075688,12.364674311448265,31.286741381310335,50.278588463879245,0.9498,6.473747662077548,12.32314227597869,30.89219542674461,49.26989167568681,0.9506,1.551516459331393
Sub04,Date03_Sub04_backpack_back,t0037.000,Sub04/Date03_Sub04_backpack_back/t0037.000,K0,K0_DIAGNOSTIC,O3,8.918477471778235,14.697137507485907,34.42243291612726,55.21982045372733,0.9412,8.967634500905513,14.169419273325476,32.91328308522489,50.64108696605929,0.9486,9.220936695756226
Sub04,Date03_Sub04_backpack_back,t0037.000,Sub04/Date03_Sub04_backpack_back/t0037.000,K0,K0_DIAGNOSTIC,O4,6.267963185788425,11.971200521157343,30.11842265150299,47.1692205499358,0.9536,6.403889216549686,11.9234965938354,29.675988436646126,46.13006407580095,0.9556,1.9595288843746472
Sub04,Date03_Sub04_backpack_back,t0037.000,Sub04/Date03_Sub04_backpack_back/t0037.000,K1,HELD_OUT,O0,30.990421682808787,52.59714548259792,67.44880754050328,85.99138257886071,0.7758,8.933466642783081,32.98578871264776,30.13605628575119,59.18693380227587,0.9404,57.132223316266014
Sub04,Date03_Sub04_backpack_back,t0037.000,Sub04/Date03_Sub04_backpack_back/t0037.000,K1,HELD_OUT,O1,8.269089806555158,32.47822756876464,31.5432646851088,61.94939217581295,0.9388,7.003527397390112,31.46666293508791,28.381655461192235,59.44195543799207,0.9444,8.232441504340825
Sub04,Date03_Sub04_backpack_back,t0037.000,Sub04/Date03_Sub04_backpack_back/t0037.000,K1,HELD_OUT,O2,6.958590265911413,31.167748734163585,26.177126362900655,60.16968395325782,0.9402,6.2436754848659515,30.764159306807375,27.000622353501832,59.571395206573136,0.9422,6.077776813317279
Sub04,Date03_Sub04_backpack_back,t0037.000,Sub04/Date03_Sub04_backpack_back/t0037.000,K1,HELD_OUT,O3,8.107334364226102,32.600543064934705,29.695390138304795,66.45968318097178,0.937,6.417846941630444,31.3042465816702,28.75931423273935,62.16428009101549,0.9402,9.290729072538472
Sub04,Date03_Sub04_backpack_back,t0037.000,Sub04/Date03_Sub04_backpack_back/t0037.000,K1,HELD_OUT,O4,7.130094117048632,31.049485130944127,25.364885256735285,57.68542133618861,0.9432,6.3851870077527835,30.616408210218733,26.551688984123576,56.81326014687651,0.9442,6.517024160052551
Sub04,Date03_Sub04_backpack_back,t0037.000,Sub04/Date03_Sub04_backpack_back/t0037.000,K2,HELD_OUT,O0,26.616705618718115,43.22749057770012,51.53025421762394,58.445947812811426,0.8788,14.02129187108648,31.732298371606074,36.001408922240834,44.17230537577264,0.9676,46.91815187945195
Sub04,Date03_Sub04_backpack_back,t0037.000,Sub04/Date03_Sub04_backpack_back/t0037.000,K2,HELD_OUT,O1,12.745632726900816,32.89035853449814,44.22563564324619,52.448533523251754,0.9354,12.54184535263422,31.142213711349033,37.107820815468884,46.42284906278421,0.9638,14.87153129272708
Sub04,Date03_Sub04_backpack_back,t0037.000,Sub04/Date03_Sub04_backpack_back/t0037.000,K2,HELD_OUT,O2,16.757725111705035,34.74697497760928,42.59537702512223,50.519976021324474,0.9478,8.743591918231731,28.51047081503712,34.2661503511928,39.637555946371606,0.9836,21.088740748331745
Sub04,Date03_Sub04_backpack_back,t0037.000,Sub04/Date03_Sub04_backpack_back/t0037.000,K2,HELD_OUT,O3,13.12149981195327,33.869689547769426,46.090806668398336,54.564097216131884,0.9286,12.87431242962433,31.369722815862147,37.88122783448701,47.050776714895306,0.9634,17.885290422266454
Sub04,Date03_Sub04_backpack_back,t0037.000,Sub04/Date03_Sub04_backpack_back/t0037.000,K2,HELD_OUT,O4,16.420377076045355,34.25959932537046,41.690603010916504,47.87728169358679,0.9662,8.53662907185578,28.182052007871146,33.132832568479856,38.58886591177394,0.984,20.57989431523661
Sub04,Date03_Sub04_backpack_back,t0037.000,Sub04/Date03_Sub04_backpack_back/t0037.000,K3,HELD_OUT,O0,27.088578860635415,56.03524971794196,62.29476866963458,73.50140492136573,0.8042,13.728042796274007,43.063445329546404,36.697436231192896,48.50079176900021,0.9516,47.80723877745357
Sub04,Date03_Sub04_backpack_back,t0037.000,Sub04/Date03_Sub04_backpack_back/t0037.000,K3,HELD_OUT,O1,11.261681610886118,41.12764553287166,34.33204621972728,50.16485433979514,0.9494,9.957302187161659,40.11371331729325,33.185583177950896,49.414356043382625,0.9522,10.131671161094927
Sub04,Date03_Sub04_backpack_back,t0037.000,Sub04/Date03_Sub04_backpack_back/t0037.000,K3,HELD_OUT,O2,8.824553974375004,39.45187699132387,31.798387185766888,51.56582146430759,0.9466,8.78149569212649,39.21897327495953,29.83310560659126,49.26787635084203,0.9508,6.2352643017084635
Sub04,Date03_Sub04_backpack_back,t0037.000,Sub04/Date03_Sub04_backpack_back/t0037.000,K3,HELD_OUT,O3,11.496344112142275,41.58340699663842,37.04847505293672,56.489382135999065,0.9376,9.896819026829657,40.4026573923529,34.708708531891624,53.40485457540283,0.9426,10.723957583225266
Sub04,Date03_Sub04_backpack_back,t0037.000,Sub04/Date03_Sub04_backpack_back/t0037.000,K3,HELD_OUT,O4,8.927799196282383,39.1026559936875,30.93575074355452,48.218118170529586,0.9538,8.752166491220912,38.870356323272986,28.770968075834293,45.975049664642306,0.9572,6.53609455192401
Sub04,Date03_Sub04_stool_sit,t0015.000,Sub04/Date03_Sub04_stool_sit/t0015.000,K0,K0_DIAGNOSTIC,O0,32.70422285689477,46.76952110175334,69.30300473495983,167.97235050140927,0.796,10.160896923617056,26.638481853160158,41.19115107088119,167.50244881512359,0.9132,38.73598189531971
Sub04,Date03_Sub04_stool_sit,t0015.000,Sub04/Date03_Sub04_stool_sit/t0015.000,K0,K0_DIAGNOSTIC,O1,10.166625449106704,26.864854652752932,41.515753611404584,168.01867380948494,0.9112,9.968634373148685,26.58939348060288,41.38450487057077,167.12005629018864,0.9132,5.90565850561354
Sub04,Date03_Sub04_stool_sit,t0015.000,Sub04/Date03_Sub04_stool_sit/t0015.000,K0,K0_DIAGNOSTIC,O2,6.898434223693805,22.51703609722742,23.557533809828033,165.56065315597047,0.94,7.001543083827551,22.363398977678564,22.972061734823832,161.89774835487552,0.9402,3.703105229901301
Sub04,Date03_Sub04_stool_sit,t0015.000,Sub04/Date03_Sub04_stool_sit/t0015.000,K0,K0_DIAGNOSTIC,O3,9.744223816677497,26.374396344045877,41.00498073908784,165.27144316431105,0.9156,9.509657171175327,26.085862950751466,40.97758850226275,162.4863302821241,0.9162,3.6455455687312366
Sub04,Date03_Sub04_stool_sit,t0015.000,Sub04/Date03_Sub04_stool_sit/t0015.000,K0,K0_DIAGNOSTIC,O4,6.682635584653065,22.32647927477134,23.465553138024806,166.06838063991984,0.9402,6.774479230605764,22.080710080450825,22.545632387064973,161.70405031662236,0.9402,4.429249682893691
Sub04,Date03_Sub04_stool_sit,t0015.000,Sub04/Date03_Sub04_stool_sit/t0015.000,K1,HELD_OUT,O0,14.523394485134201,36.3155184753584,48.551260551379386,59.05989215790927,0.9074,8.387376668891356,30.173239238913155,35.388523868756266,46.50544002681053,0.9682,28.957065658614102
Sub04,Date03_Sub04_stool_sit,t0015.000,Sub04/Date03_Sub04_stool_sit/t0015.000,K1,HELD_OUT,O1,13.245366427990353,32.2694559976056,33.364865174295595,38.862327738802996,0.981,8.817273741205806,30.038232477019577,34.703128739271385,44.07388709894499,0.9748,9.914469978808182
Sub04,Date03_Sub04_stool_sit,t0015.000,Sub04/Date03_Sub04_stool_sit/t0015.000,K1,HELD_OUT,O2,9.756325611790741,28.586217335450474,28.30677541307134,34.177252626712736,0.9908,7.557472824532029,27.600195025493782,29.224514805799963,36.226936769328496,0.9904,7.413579259667681
Sub04,Date03_Sub04_stool_sit,t0015.000,Sub04/Date03_Sub04_stool_sit/t0015.000,K1,HELD_OUT,O3,12.695919497166045,32.015839784307,33.35526093559256,37.5866937104078,0.9788,10.226149821943466,30.410850373920326,34.29257917080778,41.28043927289527,0.9766,10.971412019908325
Sub04,Date03_Sub04_stool_sit,t0015.000,Sub04/Date03_Sub04_stool_sit/t0015.000,K1,HELD_OUT,O4,8.937892993413552,28.19818848278843,28.725299126916067,34.958158757452296,0.9908,7.639729362710591,27.506658916446817,28.59745211275677,35.20054084429253,0.99,7.15956610578646
Sub04,Date03_Sub04_stool_sit,t0015.000,Sub04/Date03_Sub04_stool_sit/t0015.000,K2,HELD_OUT,O0,18.944890117737913,26.071893488868657,42.43444508754914,52.968073342969134,0.9396,13.550720510463698,21.27732889587388,35.1535530496325,44.26827483808812,0.9634,25.478892288625353
Sub04,Date03_Sub04_stool_sit,t0015.000,Sub04/Date03_Sub04_stool_sit/t0015.000,K2,HELD_OUT,O1,14.30963907990029,21.571057072192996,35.609143433520366,42.772601857367846,0.9688,11.884458894359959,19.868280682110065,33.157807243316604,42.381347363630645,0.9696,14.10744432789464
Sub04,Date03_Sub04_stool_sit,t0015.000,Sub04/Date03_Sub04_stool_sit/t0015.000,K2,HELD_OUT,O2,11.189326264746253,17.91512869090588,28.784235326622365,32.81088734044355,0.9896,10.674120264736843,16.978384419134766,25.133412966316108,29.390355665787798,0.9898,9.624826041910183
Sub04,Date03_Sub04_stool_sit,t0015.000,Sub04/Date03_Sub04_stool_sit/t0015.000,K2,HELD_OUT,O3,13.125399622370967,20.301473260307777,34.00693818821281,40.98156555337103,0.975,10.839369604176945,19.54116909114471,33.933318090387274,42.5402791466389,0.9694,9.503728680596655
Sub04,Date03_Sub04_stool_sit,t0015.000,Sub04/Date03_Sub04_stool_sit/t0015.000,K2,HELD_OUT,O4,11.382969277609874,18.1180832780944,29.42312703812505,33.25749365461386,0.9896,10.366978336770277,16.844981944069236,24.569258345958314,28.61502768608755,0.9898,11.167145430071594
Sub04,Date03_Sub04_stool_sit,t0015.000,Sub04/Date03_Sub04_stool_sit/t0015.000,K3,HELD_OUT,O0,16.94819719067128,24.705579160526757,40.713180751049755,52.041034854223916,0.9454,9.83417933833023,17.716896606210394,29.29914451808823,40.60853649163433,0.968,28.893193891780967
Sub04,Date03_Sub04_stool_sit,t0015.000,Sub04/Date03_Sub04_stool_sit/t0015.000,K3,HELD_OUT,O1,9.03371099220646,16.74180889227168,28.605321808064666,38.988893699480435,0.974,8.477267377756656,16.216292379714556,27.3507181245206,37.686034364054386,0.9778,6.838153572135235
Sub04,Date03_Sub04_stool_sit,t0015.000,Sub04/Date03_Sub04_stool_sit/t0015.000,K3,HELD_OUT,O2,9.928866685909316,16.758320963584225,26.790356429687225,33.13994878731817,0.984,8.344236311799886,15.740576318131614,26.242990443344333,33.272705626599894,0.9884,8.118920628594756
Sub04,Date03_Sub04_stool_sit,t0015.000,Sub04/Date03_Sub04_stool_sit/t0015.000,K3,HELD_OUT,O3,8.956377503786308,16.38561200039445,26.440538844742527,36.433814527723264,0.9788,8.519605809697794,16.173032088742843,26.389948999820877,36.27457115112634,0.9802,4.110371061251313
Sub04,Date03_Sub04_stool_sit,t0015.000,Sub04/Date03_Sub04_stool_sit/t0015.000,K3,HELD_OUT,O4,9.601022663407564,16.520474141733104,26.50134064536265,33.14623509012459,0.9842,8.222258448719177,15.651466837760573,26.13751296025629,32.99000437647735,0.9888,7.427668951203543
Sub04,Date03_Sub04_stool_sit,t0027.000,Sub04/Date03_Sub04_stool_sit/t0027.000,K0,K0_DIAGNOSTIC,O0,44.07744060224367,86.3628042061358,273.44748911674134,315.4565464108159,0.5564,30.01086163714504,78.10038005054251,267.57632993215395,313.97214239208546,0.7144,30.975025692275718
Sub04,Date03_Sub04_stool_sit,t0027.000,Sub04/Date03_Sub04_stool_sit/t0027.000,K0,K0_DIAGNOSTIC,O1,20.545581449815277,79.83676062976052,287.645202091391,333.9122748462432,0.7236,28.88306019837039,77.64192764385953,267.7797991422747,313.9255531906984,0.7178,23.98641089144303
Sub04,Date03_Sub04_stool_sit,t0027.000,Sub04/Date03_Sub04_stool_sit/t0027.000,K0,K0_DIAGNOSTIC,O2,14.088436830789801,67.13118676306918,260.22457319396835,310.4331286517113,0.7302,20.28380629728703,66.98402451172667,247.35709409884063,298.3238529509906,0.7256,14.239164665489753
Sub04,Date03_Sub04_stool_sit,t0027.000,Sub04/Date03_Sub04_stool_sit/t0027.000,K0,K0_DIAGNOSTIC,O3,20.177858551821803,74.95873446275411,272.1461720972898,318.8413670006243,0.7132,29.13866560841337,75.25099516493471,259.77992903128586,305.0664213895262,0.715,20.09391676238542
Sub04,Date03_Sub04_stool_sit,t0027.000,Sub04/Date03_Sub04_stool_sit/t0027.000,K0,K0_DIAGNOSTIC,O4,13.680911390347859,66.35004523265097,258.07768660207796,308.3584000304648,0.7312,19.72659426108349,66.165586088831,245.75065171553157,295.99846016829525,0.726,14.397686462612764
Sub04,Date03_Sub04_stool_sit,t0027.000,Sub04/Date03_Sub04_stool_sit/t0027.000,K1,HELD_OUT,O0,15.832860619776469,39.615132138730715,78.12303998844179,107.94482066320042,0.8282,11.755106656147767,32.13064560944777,58.46358680743683,86.54633109012751,0.8816,31.016386014556872
Sub04,Date03_Sub04_stool_sit,t0027.000,Sub04/Date03_Sub04_stool_sit/t0027.000,K1,HELD_OUT,O1,12.036018193581985,32.132507258238995,55.39603817920847,84.39403101830871,0.8868,11.76550338253751,31.557287693610252,52.318751626357496,80.18181325627344,0.8944,6.978241611178209
Sub04,Date03_Sub04_stool_sit,t0027.000,Sub04/Date03_Sub04_stool_sit/t0027.000,K1,HELD_OUT,O2,15.60702227058222,35.28418146076299,51.52777593604024,85.03075391652901,0.8922,12.688228173429264,31.34417364032051,46.56478165380149,74.9074993315906,0.9116,21.25861863355927
Sub04,Date03_Sub04_stool_sit,t0027.000,Sub04/Date03_Sub04_stool_sit/t0027.000,K1,HELD_OUT,O3,15.446607730560247,35.200105367567275,57.181233652148045,91.59847367589217,0.878,12.516121356235551,32.625379459785506,51.879306441927035,84.03975694741149,0.894,16.693818056178454
Sub04,Date03_Sub04_stool_sit,t0027.000,Sub04/Date03_Sub04_stool_sit/t0027.000,K1,HELD_OUT,O4,15.925758182403662,35.81143639647281,52.48915631596131,87.3932947967991,0.888,12.94834935684732,31.774476311882463,47.555559354197264,75.86453409378704,0.908,21.735119851088584
Sub04,Date03_Sub04_stool_sit,t0027.000,Sub04/Date03_Sub04_stool_sit/t0027.000,K2,HELD_OUT,O0,38.63365014476325,48.03608080472069,104.24224029159635,133.47096957322674,0.6496,25.4764148894522,34.272796924443064,76.89048773870043,98.01315179075553,0.8202,54.764555303060966
Sub04,Date03_Sub04_stool_sit,t0027.000,Sub04/Date03_Sub04_stool_sit/t0027.000,K2,HELD_OUT,O1,23.123916426498194,36.07216622787393,87.8623255651774,108.02770592720684,0.7878,26.99719394296056,34.82436909435352,75.854758116086,95.5360137207616,0.813,22.648874347348613
Sub04,Date03_Sub04_stool_sit,t0027.000,Sub04/Date03_Sub04_stool_sit/t0027.000,K2,HELD_OUT,O2,23.192295408192315,36.685907011731054,82.8871255721533,109.33224522785818,0.7404,23.99673053380338,34.19403647443283,69.48061853312993,97.02003806166195,0.786,23.077090754213778
Sub04,Date03_Sub04_stool_sit,t0027.000,Sub04/Date03_Sub04_stool_sit/t0027.000,K2,HELD_OUT,O3,24.67693273060623,38.3363380811606,90.54663119614551,110.74904627530962,0.7224,28.444908867275988,36.38017041816099,78.02128972693363,96.17540484995753,0.7886,24.976038535915663
Sub04,Date03_Sub04_stool_sit,t0027.000,Sub04/Date03_Sub04_stool_sit/t0027.000,K2,HELD_OUT,O4,23.360299081768005,37.35838333705189,84.67949778449116,110.62889743841099,0.7338,24.011136588815432,34.47497522487794,70.47032276914094,97.98999491531333,0.7822,24.65956520114445
Sub04,Date03_Sub04_stool_sit,t0027.000,Sub04/Date03_Sub04_stool_sit/t0027.000,K3,HELD_OUT,O0,16.109022499502647,31.030866560498573,80.86513401643585,109.71678380486833,0.8254,13.213359972260768,24.529644947870477,64.54954001356525,92.10252615623325,0.8684,31.058360690141146
Sub04,Date03_Sub04_stool_sit,t0027.000,Sub04/Date03_Sub04_stool_sit/t0027.000,K3,HELD_OUT,O1,14.242060098348066,25.658921626302842,67.8265138056993,95.65634254266473,0.8664,14.728235985321199,24.56607822183702,59.28337421203915,86.7219613806278,0.879,12.539718119722773
Sub04,Date03_Sub04_stool_sit,t0027.000,Sub04/Date03_Sub04_stool_sit/t0027.000,K3,HELD_OUT,O2,16.880746837567695,30.288933357416497,78.83303859250336,96.77243276002062,0.8018,17.84063167824949,27.371516638900804,65.67945438034,80.89654946917612,0.844,22.808090309632647
Sub04,Date03_Sub04_stool_sit,t0027.000,Sub04/Date03_Sub04_stool_sit/t0027.000,K3,HELD_OUT,O3,16.77938794572428,29.290047916470666,74.66443648193753,102.96916502786767,0.8294,16.165785473969507,26.561885101524233,61.055008521516534,90.83528537272792,0.8652,18.98966747019339
Sub04,Date03_Sub04_stool_sit,t0027.000,Sub04/Date03_Sub04_stool_sit/t0027.000,K3,HELD_OUT,O4,17.314411376630616,30.86508391595426,80.40885111288317,99.05214990466797,0.7984,18.013518957889737,27.8628435032962,67.17736668003619,82.22717923048401,0.8394,23.390721903735432
Sub04,Date03_Sub04_stool_sit,t0038.000,Sub04/Date03_Sub04_stool_sit/t0038.000,K0,K0_DIAGNOSTIC,O0,44.587319751449186,45.08101059062805,67.68137539374534,80.81707363614429,0.6346,8.620565494513617,14.70925021092536,36.291904372918204,50.906471202378036,0.947,62.85803081483317
Sub04,Date03_Sub04_stool_sit,t0038.000,Sub04/Date03_Sub04_stool_sit/t0038.000,K0,K0_DIAGNOSTIC,O1,9.336393507340706,15.196935156561024,36.11275785426419,53.292628972375496,0.9436,8.521293834908445,14.616355008423806,36.307223289813884,50.04189618526726,0.9498,7.09750056190393
Sub04,Date03_Sub04_stool_sit,t0038.000,Sub04/Date03_Sub04_stool_sit/t0038.000,K0,K0_DIAGNOSTIC,O2,7.1179301661906145,12.839676711484193,30.862328933042036,46.77261949309135,0.958,6.975499816427618,12.709981533645845,30.79332817659108,47.256715345030884,0.9574,2.4217501128351397
Sub04,Date03_Sub04_stool_sit,t0038.000,Sub04/Date03_Sub04_stool_sit/t0038.000,K0,K0_DIAGNOSTIC,O3,8.284876361670339,14.356413500799839,36.60056392624109,49.6187898784309,0.952,8.246481673245707,14.262987203655788,35.87511936838977,48.972225933797006,0.9518,3.032411952890932
Sub04,Date03_Sub04_stool_sit,t0038.000,Sub04/Date03_Sub04_stool_sit/t0038.000,K0,K0_DIAGNOSTIC,O4,6.810730503287443,12.563323751561702,30.129606011268564,46.595387839937956,0.9584,6.713041391673433,12.48847640368839,30.056438044169997,46.957666377017816,0.9578,1.8901803424264587
Sub04,Date03_Sub04_stool_sit,t0038.000,Sub04/Date03_Sub04_stool_sit/t0038.000,K1,HELD_OUT,O0,29.970171125281652,40.79939153897923,71.61180759480496,87.30761857921095,0.7224,12.040178973118966,22.060732160427786,36.62350953163072,53.666877466828566,0.9432,52.07970761476502
Sub04,Date03_Sub04_stool_sit,t0038.000,Sub04/Date03_Sub04_stool_sit/t0038.000,K1,HELD_OUT,O1,12.144706416951234,21.767947608198075,35.02751335881008,50.821893097248164,0.9478,11.869925964384187,21.246583684879194,33.891742660480574,48.63349848625858,0.9528,6.200611555832899
Sub04,Date03_Sub04_stool_sit,t0038.000,Sub04/Date03_Sub04_stool_sit/t0038.000,K1,HELD_OUT,O2,9.806929552006363,19.22369737626501,31.230295377092276,42.7462450809922,0.9608,9.82021139778272,19.18581622305544,30.435083881539992,42.50837880871146,0.9606,2.2888428375375836
Sub04,Date03_Sub04_stool_sit,t0038.000,Sub04/Date03_Sub04_stool_sit/t0038.000,K1,HELD_OUT,O3,11.795462930356472,21.182740738592273,33.873061006856716,47.91580410779611,0.9534,11.918720463458808,21.1183135528682,33.382261344948446,47.71817065489472,0.9532,2.3781330775183083
Sub04,Date03_Sub04_stool_sit,t0038.000,Sub04/Date03_Sub04_stool_sit/t0038.000,K1,HELD_OUT,O4,9.63834725082451,19.017760383137478,30.49687230639875,42.529388729724666,0.9614,9.669230741403364,19.009400155529644,30.19828826591457,42.28487004425597,0.9624,2.044271049600184
Sub04,Date03_Sub04_stool_sit,t0038.000,Sub04/Date03_Sub04_stool_sit/t0038.000,K2,HELD_OUT,O0,32.89289389052219,41.52948181022853,74.77084048393162,81.04020602716446,0.6642,20.602821245499477,26.24342271634645,38.15939258551266,50.616780334422046,0.9478,62.21590637344226
Sub04,Date03_Sub04_stool_sit,t0038.000,Sub04/Date03_Sub04_stool_sit/t0038.000,K2,HELD_OUT,O1,21.910967080130447,27.525938130404953,41.40085574480702,47.39414077395868,0.9586,19.324391471747553,25.298007167558847,39.080122727372654,53.458347591412206,0.9424,21.745279986721485
Sub04,Date03_Sub04_stool_sit,t0038.000,Sub04/Date03_Sub04_stool_sit/t0038.000,K2,HELD_OUT,O2,15.935014437326956,22.244781310311666,35.28063753460814,40.8593512796553,0.9738,14.518196105481245,20.947343846144165,31.503099607805545,44.35635871503861,0.963,14.899392952699918
Sub04,Date03_Sub04_stool_sit,t0038.000,Sub04/Date03_Sub04_stool_sit/t0038.000,K2,HELD_OUT,O3,21.253716746945464,26.562156668737966,39.270176414416916,47.650990944307765,0.958,18.94352468072853,24.97626694432651,38.928697350601,53.70815425413823,0.942,18.21841429446996
Sub04,Date03_Sub04_stool_sit,t0038.000,Sub04/Date03_Sub04_stool_sit/t0038.000,K2,HELD_OUT,O4,15.706409423889315,22.161608697864704,34.91788298157997,40.689105019847474,0.9734,14.397279631683825,20.805315789327576,31.037314560853165,44.67782770522488,0.9618,15.271491014012083
Sub04,Date03_Sub04_stool_sit,t0038.000,Sub04/Date03_Sub04_stool_sit/t0038.000,K3,HELD_OUT,O0,35.5683848331273,48.1570601823164,68.55586290837044,73.53305333561177,0.6768,12.400785003880912,26.06131008219646,29.083554485912114,37.344639986165696,0.976,65.03198620453512
Sub04,Date03_Sub04_stool_sit,t0038.000,Sub04/Date03_Sub04_stool_sit/t0038.000,K3,HELD_OUT,O1,12.892487810644333,27.766513838747247,34.11435303179527,40.47135106555221,0.9796,10.698714059447449,24.703183441033218,26.983266031829967,37.500997481228495,0.9704,17.996247430925386
Sub04,Date03_Sub04_stool_sit,t0038.000,Sub04/Date03_Sub04_stool_sit/t0038.000,K3,HELD_OUT,O2,11.386948841367332,25.664029659457373,30.15552312988752,36.32578802433283,0.982,10.016394724478094,23.749266302363168,25.116315542966,32.48698463830836,0.9762,13.465333765988893
Sub04,Date03_Sub04_stool_sit,t0038.000,Sub04/Date03_Sub04_stool_sit/t0038.000,K3,HELD_OUT,O3,11.70957384034184,26.035714765350967,30.724845501553087,37.02417994292973,0.98,10.26229818598935,24.254684330918675,26.2941508348703,36.68301202684605,0.9714,13.149675611880328
Sub04,Date03_Sub04_stool_sit,t0038.000,Sub04/Date03_Sub04_stool_sit/t0038.000,K3,HELD_OUT,O4,10.922652921052004,25.492095806016376,29.794399375220806,35.80425969861861,0.9832,9.819602263204029,23.558424693549956,24.590870474144474,31.754660808998512,0.977,13.731208477829279
Sub04,Date03_Sub04_yogaball_play,t0010.000,Sub04/Date03_Sub04_yogaball_play/t0010.000,K0,K0_DIAGNOSTIC,O0,79.23279125790509,80.84432595704408,111.21394835108443,130.17765491931075,0.0928,9.600368713914033,15.5641781260009,34.79334137301864,55.62980914730063,0.9448,97.73078173532089
Sub04,Date03_Sub04_yogaball_play,t0010.000,Sub04/Date03_Sub04_yogaball_play/t0010.000,K0,K0_DIAGNOSTIC,O1,9.60485672336029,15.839402591600834,36.18770515244898,56.988290494387655,0.9432,9.475527345637504,15.542011228773694,34.9012917652828,55.618409121337834,0.9452,4.951719180293277
Sub04,Date03_Sub04_yogaball_play,t0010.000,Sub04/Date03_Sub04_yogaball_play/t0010.000,K0,K0_DIAGNOSTIC,O2,7.441095983322013,11.239909701290888,22.62245863935334,36.51415271975673,0.9628,7.185768283556305,11.128143042594907,22.29172478952067,37.412983599069356,0.9642,3.253844415469169
Sub04,Date03_Sub04_yogaball_play,t0010.000,Sub04/Date03_Sub04_yogaball_play/t0010.000,K0,K0_DIAGNOSTIC,O3,9.12668472262607,15.50742158133973,34.142033775517255,56.43436058779121,0.9444,9.131986002374433,15.401999202503875,33.98201884518614,55.40131943327762,0.9446,2.752990050089638
Sub04,Date03_Sub04_yogaball_play,t0010.000,Sub04/Date03_Sub04_yogaball_play/t0010.000,K0,K0_DIAGNOSTIC,O4,7.330727169833393,11.105272969840616,22.9018736145183,37.21546310792153,0.9654,7.127479867429969,11.03589323257538,22.52670547916734,36.91501303066463,0.9658,1.8389053983904176
Sub04,Date03_Sub04_yogaball_play,t0010.000,Sub04/Date03_Sub04_yogaball_play/t0010.000,K1,HELD_OUT,O0,44.22409106732262,47.268293906110955,84.2894132649317,93.4469574275845,0.5572,9.319985040699478,13.868253328822638,27.368802679111266,31.975174357611532,0.9924,79.73634569394896
Sub04,Date03_Sub04_yogaball_play,t0010.000,Sub04/Date03_Sub04_yogaball_play/t0010.000,K1,HELD_OUT,O1,6.647426008120077,11.025054891662473,20.164695726999515,29.414963702840108,0.9936,6.886513546520945,10.94302354258509,19.465132843527513,28.157013191724182,0.9944,2.8699238457487968
Sub04,Date03_Sub04_yogaball_play,t0010.000,Sub04/Date03_Sub04_yogaball_play/t0010.000,K1,HELD_OUT,O2,7.3554742738226855,10.903859177800191,18.37436265528178,24.441864426717938,0.9966,5.8333450811902665,9.709632332944473,16.02845302321394,23.220822871754432,0.992,6.934938689237929
Sub04,Date03_Sub04_yogaball_play,t0010.000,Sub04/Date03_Sub04_yogaball_play/t0010.000,K1,HELD_OUT,O3,7.450700899182142,11.258886028866357,19.296985384180093,27.526154797247184,0.9954,7.3203758995181945,11.18219873462405,19.57297795309611,27.42225446133259,0.9956,2.242056470365816
Sub04,Date03_Sub04_yogaball_play,t0010.000,Sub04/Date03_Sub04_yogaball_play/t0010.000,K1,HELD_OUT,O4,7.480118755527732,10.873348004195716,17.844090844380233,23.528033031870606,0.9946,5.861120958456022,9.717645376153683,16.20184138740071,23.56984742561996,0.9922,7.475832548308983
Sub04,Date03_Sub04_yogaball_play,t0010.000,Sub04/Date03_Sub04_yogaball_play/t0010.000,K2,HELD_OUT,O0,42.025168430699864,56.28398261236005,90.38054640187536,101.06761589338615,0.5844,15.01923300714472,28.082184255268757,35.58804903293382,42.80990422541884,0.9614,88.84208643438322
Sub04,Date03_Sub04_yogaball_play,t0010.000,Sub04/Date03_Sub04_yogaball_play/t0010.000,K2,HELD_OUT,O1,12.931010194219649,26.519786639951477,33.57015590317347,41.77189796793381,0.9626,9.890957284227026,24.0990235881416,29.7944257369136,46.760114841479265,0.9556,14.100037182597612
Sub04,Date03_Sub04_yogaball_play,t0010.000,Sub04/Date03_Sub04_yogaball_play/t0010.000,K2,HELD_OUT,O2,11.08886483708653,24.217979091275822,30.960516924756323,41.24767430243962,0.9646,8.98762874056914,22.962815069800122,29.121762241523953,45.640605469931025,0.9582,8.255751778449296
Sub04,Date03_Sub04_yogaball_play,t0010.000,Sub04/Date03_Sub04_yogaball_play/t0010.000,K2,HELD_OUT,O3,11.427955758326572,25.548874912968238,31.898361857476715,42.28374728794863,0.961,9.983295883242732,24.271790221301266,29.945305046498564,45.63410644042209,0.9578,10.908907607298936
Sub04,Date03_Sub04_yogaball_play,t0010.000,Sub04/Date03_Sub04_yogaball_play/t0010.000,K2,HELD_OUT,O4,9.94564611032836,23.599098780588307,30.412150903228696,42.80852126734609,0.9626,8.784739849803984,22.955925213066603,29.104777489780478,46.062735831301325,0.9586,6.07224028952402
Sub04,Date03_Sub04_yogaball_play,t0010.000,Sub04/Date03_Sub04_yogaball_play/t0010.000,K3,HELD_OUT,O0,60.92333265480163,80.51907946153464,105.71981168907995,127.61361914353405,0.3966,11.137460615925225,37.856639675668276,33.18567110028632,74.71228789101306,0.928,91.41177619584712
Sub04,Date03_Sub04_yogaball_play,t0010.000,Sub04/Date03_Sub04_yogaball_play/t0010.000,K3,HELD_OUT,O1,11.462372703083805,38.15706307692561,32.40338156654982,75.12982896336923,0.9312,8.971582616508023,35.731411300318506,31.363801519702008,73.1371393675585,0.9352,15.043140232476993
Sub04,Date03_Sub04_yogaball_play,t0010.000,Sub04/Date03_Sub04_yogaball_play/t0010.000,K3,HELD_OUT,O2,7.318449196351418,32.865142374090155,22.974346395494585,50.771241543215616,0.9492,6.826153089589271,32.160733413517384,22.2151415150115,48.57824711070924,0.9506,8.10581339070448
Sub04,Date03_Sub04_yogaball_play,t0010.000,Sub04/Date03_Sub04_yogaball_play/t0010.000,K3,HELD_OUT,O3,10.24878432225114,37.32948616037596,29.962112493375436,78.14358237833964,0.9322,8.576834222192897,35.71617109817092,30.73969986590445,75.627951301756,0.9364,12.725473816025419
Sub04,Date03_Sub04_yogaball_play,t0010.000,Sub04/Date03_Sub04_yogaball_play/t0010.000,K3,HELD_OUT,O4,6.972044754053613,32.370514993029424,23.349724830920746,48.92208788095629,0.9514,6.7084007630525395,32.042691598303215,22.462373324267993,47.183077010140664,0.952,5.654537220623248
Sub04,Date03_Sub04_yogaball_play,t0022.000,Sub04/Date03_Sub04_yogaball_play/t0022.000,K0,K0_DIAGNOSTIC,O0,81.01133643876386,75.8674663702163,104.23536852787865,110.77609142653816,0.1696,9.081641185748602,12.64664399226251,26.290185618588904,40.18404958235743,0.9648,99.72188921454861
Sub04,Date03_Sub04_yogaball_play,t0022.000,Sub04/Date03_Sub04_yogaball_play/t0022.000,K0,K0_DIAGNOSTIC,O1,9.598498495142191,13.553072092119464,28.67024818913912,42.01010366691842,0.9626,8.963308992621686,12.650767662054143,26.18564129354768,40.12630213312148,0.9652,9.429704944815935
Sub04,Date03_Sub04_yogaball_play,t0022.000,Sub04/Date03_Sub04_yogaball_play/t0022.000,K0,K0_DIAGNOSTIC,O2,6.834652881474268,10.705207098848597,21.448268811700046,38.453634422436636,0.9622,6.764490697460726,10.607119126134913,20.82463320876291,37.32494952663316,0.963,3.0110384324411714
Sub04,Date03_Sub04_yogaball_play,t0022.000,Sub04/Date03_Sub04_yogaball_play/t0022.000,K0,K0_DIAGNOSTIC,O3,8.533638337879614,12.169371501789763,25.536431903478825,39.18212131815518,0.9652,8.547131549879115,12.092173800253851,25.463193081505782,38.73114852083682,0.9674,3.3599767035562063
Sub04,Date03_Sub04_yogaball_play,t0022.000,Sub04/Date03_Sub04_yogaball_play/t0022.000,K0,K0_DIAGNOSTIC,O4,6.582642618312015,10.528316949274167,21.280504004399873,38.223632575938204,0.962,6.5186567979471235,10.399629349498149,20.72399135987921,37.25129738845767,0.9632,3.3461578034303825
Sub04,Date03_Sub04_yogaball_play,t0022.000,Sub04/Date03_Sub04_yogaball_play/t0022.000,K1,HELD_OUT,O0,47.43047764422367,50.28862382189882,97.80992034809906,108.55157135315068,0.5206,12.349132258924662,16.38817081994343,36.70033683936657,53.84545912235236,0.9406,86.82823192647356
Sub04,Date03_Sub04_yogaball_play,t0022.000,Sub04/Date03_Sub04_yogaball_play/t0022.000,K1,HELD_OUT,O1,9.184454846623403,15.194421763781794,36.01380042251044,62.75382795597584,0.9236,8.971659199073553,14.242443307503828,34.071337754598154,59.42504457898339,0.9312,7.695624799637054
Sub04,Date03_Sub04_yogaball_play,t0022.000,Sub04/Date03_Sub04_yogaball_play/t0022.000,K1,HELD_OUT,O2,7.775818400984779,13.337325126395365,31.874321465450173,61.81072243256267,0.9222,7.302374245722731,13.152610812243095,32.65519391997252,60.28324842743393,0.9214,2.962500504261424
Sub04,Date03_Sub04_yogaball_play,t0022.000,Sub04/Date03_Sub04_yogaball_play/t0022.000,K1,HELD_OUT,O3,8.800777098690148,13.900571864286624,34.18352981261742,55.866157542998344,0.9348,8.807981897052734,13.830814087868363,33.586924292370576,54.72767611712003,0.9366,2.9171627358763623
Sub04,Date03_Sub04_yogaball_play,t0022.000,Sub04/Date03_Sub04_yogaball_play/t0022.000,K1,HELD_OUT,O4,7.415538628790127,13.123462517921942,31.79430606547285,60.429316055225264,0.923,7.244753653991799,13.006767496981123,32.02973304268724,59.469464078799916,0.924,2.6321506694969137
Sub04,Date03_Sub04_yogaball_play,t0022.000,Sub04/Date03_Sub04_yogaball_play/t0022.000,K2,HELD_OUT,O0,33.424803559669925,57.10960858123576,86.93496431041864,100.34323806584342,0.6882,29.70305960974858,50.233613595368666,67.19326290057757,72.53165866870569,0.7536,45.07652657622075
Sub04,Date03_Sub04_yogaball_play,t0022.000,Sub04/Date03_Sub04_yogaball_play/t0022.000,K2,HELD_OUT,O1,17.106275856790404,36.622174307354875,39.15037403645061,52.842218092437825,0.943,9.221480102546511,33.14217597647144,43.00965380739192,59.48075716400217,0.9204,16.898595696120967
Sub04,Date03_Sub04_yogaball_play,t0022.000,Sub04/Date03_Sub04_yogaball_play/t0022.000,K2,HELD_OUT,O2,12.307874599909876,34.011431878170306,38.69153866424212,60.97589863748118,0.9288,9.250491570490123,32.565677971748535,41.32842021983075,61.24347448148431,0.924,10.237483639037016
Sub04,Date03_Sub04_yogaball_play,t0022.000,Sub04/Date03_Sub04_yogaball_play/t0022.000,K2,HELD_OUT,O3,12.96992286965077,34.170499811470954,38.14512881691895,54.29228882450937,0.9396,9.314261650329984,33.02209364362337,42.03716851511361,57.82753749482871,0.9258,8.71917767670582
Sub04,Date03_Sub04_yogaball_play,t0022.000,Sub04/Date03_Sub04_yogaball_play/t0022.000,K2,HELD_OUT,O4,11.85276708213096,33.55162530238813,38.2455011059949,59.7459994200087,0.9306,9.1374443506275,32.31934847078292,41.0318746144078,60.265591266659285,0.9256,9.523868670775013
Sub04,Date03_Sub04_yogaball_play,t0022.000,Sub04/Date03_Sub04_yogaball_play/t0022.000,K3,HELD_OUT,O0,30.892382900413082,52.8650536213009,87.42636882708803,105.26862779834268,0.6648,22.112470393802134,41.52325671799962,59.83050474796591,72.93819610473129,0.843,44.79363937652363
Sub04,Date03_Sub04_yogaball_play,t0022.000,Sub04/Date03_Sub04_yogaball_play/t0022.000,K3,HELD_OUT,O1,10.874715604458377,29.080573107734068,28.92629437591087,42.63322984711092,0.9532,8.181820924014286,27.069006002641697,27.072225873394196,40.97681729121747,0.9528,10.2600500953465
Sub04,Date03_Sub04_yogaball_play,t0022.000,Sub04/Date03_Sub04_yogaball_play/t0022.000,K3,HELD_OUT,O2,7.852571767021558,27.230484299356498,25.338508695494564,53.686482951819414,0.949,7.448487376534752,26.831871428775013,24.545655133996313,53.66793307174399,0.9486,4.7680028690033955
Sub04,Date03_Sub04_yogaball_play,t0022.000,Sub04/Date03_Sub04_yogaball_play/t0022.000,K3,HELD_OUT,O3,8.083671983293275,26.951070249802964,26.80134589694222,41.47871703403885,0.953,8.0188215614918,26.92714270510866,26.903282940791048,40.92444270079113,0.953,1.322569003673565
Sub04,Date03_Sub04_yogaball_play,t0022.000,Sub04/Date03_Sub04_yogaball_play/t0022.000,K3,HELD_OUT,O4,7.691645019350515,27.03046042131218,25.17423041479936,52.783496503453385,0.9494,7.4122905453458845,26.666065018786753,24.435984597921895,53.72836536716665,0.949,4.379976055688866
Sub04,Date03_Sub04_yogaball_play,t0034.000,Sub04/Date03_Sub04_yogaball_play/t0034.000,K0,K0_DIAGNOSTIC,O0,59.72769923931774,59.064881056651615,92.86111735827735,104.257399900756,0.3332,8.80197910113791,15.880227201326544,42.19764303892475,63.55895680063997,0.9178,70.15218211182854
Sub04,Date03_Sub04_yogaball_play,t0034.000,Sub04/Date03_Sub04_yogaball_play/t0034.000,K0,K0_DIAGNOSTIC,O1,8.67040693354993,16.20232019736658,44.27205727481791,66.72075963378873,0.911,8.603273668315804,15.887543909335497,42.15576218532895,64.42908023758167,0.9166,6.739917268338404
Sub04,Date03_Sub04_yogaball_play,t0034.000,Sub04/Date03_Sub04_yogaball_play/t0034.000,K0,K0_DIAGNOSTIC,O2,7.224064159856016,13.905698533767229,38.92124333441101,63.716677864989315,0.9202,7.371303124849283,13.867800876767655,38.575558051437774,62.508400226462385,0.9222,2.3214146223102303
Sub04,Date03_Sub04_yogaball_play,t0034.000,Sub04/Date03_Sub04_yogaball_play/t0034.000,K0,K0_DIAGNOSTIC,O3,8.104239562002274,15.760768415993866,43.17408762216919,68.02357036283775,0.9128,8.412047878850379,15.68230488218295,41.84365676105174,65.81681873430898,0.9152,3.6676664239826815
Sub04,Date03_Sub04_yogaball_play,t0034.000,Sub04/Date03_Sub04_yogaball_play/t0034.000,K0,K0_DIAGNOSTIC,O4,6.951666446532336,13.563711716141336,38.58946907180065,62.757299872716054,0.923,7.142383746828969,13.487876181496834,37.653254045641255,61.004844263734036,0.9248,2.827391790334371
Sub04,Date03_Sub04_yogaball_play,t0034.000,Sub04/Date03_Sub04_yogaball_play/t0034.000,K1,HELD_OUT,O0,30.900411825739333,32.95140380883685,61.159665067908804,68.92079942688385,0.7888,10.887850175434213,13.676509267611147,26.28981874061274,35.8834241981316,0.9802,56.448425437658216
Sub04,Date03_Sub04_yogaball_play,t0034.000,Sub04/Date03_Sub04_yogaball_play/t0034.000,K1,HELD_OUT,O1,11.562666747186533,13.746125283878037,27.064670473613226,32.21874773673472,0.9876,7.302034827593045,9.729338530734045,20.07624910719585,25.767044384913692,0.99,14.305310307161367
Sub04,Date03_Sub04_yogaball_play,t0034.000,Sub04/Date03_Sub04_yogaball_play/t0034.000,K1,HELD_OUT,O2,9.022333178931552,11.943216175841355,25.857702690145043,31.37738776021115,0.99,6.079055922672436,8.384373818151664,17.124622891576767,21.9051082517173,0.991,12.517681165388096
Sub04,Date03_Sub04_yogaball_play,t0034.000,Sub04/Date03_Sub04_yogaball_play/t0034.000,K1,HELD_OUT,O3,10.114416583966513,12.502939404060406,25.129008716742035,29.964959784172123,0.988,7.078226995932763,9.564826806951132,19.602254903372643,24.959283608381742,0.9902,11.43283238557572
Sub04,Date03_Sub04_yogaball_play,t0034.000,Sub04/Date03_Sub04_yogaball_play/t0034.000,K1,HELD_OUT,O4,9.256250184571286,12.017103919684745,25.54597518751643,30.986223963348753,0.99,6.0915671617852905,8.247957160196616,16.615757814280176,21.2801632913832,0.9912,13.102110680748364
Sub04,Date03_Sub04_yogaball_play,t0034.000,Sub04/Date03_Sub04_yogaball_play/t0034.000,K2,HELD_OUT,O0,32.79403230253426,43.184910400910375,76.00422850606846,84.46595885940408,0.6956,14.019744939218885,23.747581136532844,37.38661591434298,43.73191056721629,0.9612,65.07751470429925
Sub04,Date03_Sub04_yogaball_play,t0034.000,Sub04/Date03_Sub04_yogaball_play/t0034.000,K2,HELD_OUT,O1,13.739845688767714,23.476535718617747,36.34262876431244,45.72041285652275,0.9574,11.169905015944714,21.07528620008835,31.720183612251237,44.0914868105227,0.9604,15.145862030086361
Sub04,Date03_Sub04_yogaball_play,t0034.000,Sub04/Date03_Sub04_yogaball_play/t0034.000,K2,HELD_OUT,O2,11.821013089105982,21.755127071027086,30.425525085067218,45.89219783915117,0.9532,7.6094758852595445,18.2190898299563,26.51591261861471,44.13705725391152,0.9582,16.04275477299988
Sub04,Date03_Sub04_yogaball_play,t0034.000,Sub04/Date03_Sub04_yogaball_play/t0034.000,K2,HELD_OUT,O3,13.044895928798297,23.003744911435614,35.50529739797416,45.746861365177885,0.9586,10.807233899353438,20.87945643681761,31.838532488303972,44.51471097553477,0.9596,13.99557503380775
Sub04,Date03_Sub04_yogaball_play,t0034.000,Sub04/Date03_Sub04_yogaball_play/t0034.000,K2,HELD_OUT,O4,12.160412658381095,21.931825620530827,30.314233750173237,45.677695069314375,0.9532,7.446420161826978,18.064965233249357,26.466977528134866,44.51187954986345,0.9576,16.531802855323406
Sub04,Date03_Sub04_yogaball_play,t0034.000,Sub04/Date03_Sub04_yogaball_play/t0034.000,K3,HELD_OUT,O0,75.32161871817475,172.018946207485,404.76254659135134,432.12421394286173,0.4022,92.20320783415693,124.13734796503498,277.19731589275153,308.53949233284277,0.3202,150.69873401608018
Sub04,Date03_Sub04_yogaball_play,t0034.000,Sub04/Date03_Sub04_yogaball_play/t0034.000,K3,HELD_OUT,O1,42.645815948273,158.99778040757224,405.34313794282804,432.8130921471789,0.5112,64.398545752031,135.9384983361052,324.84230222500423,351.93090448285375,0.4298,89.25889257890685
Sub04,Date03_Sub04_yogaball_play,t0034.000,Sub04/Date03_Sub04_yogaball_play/t0034.000,K3,HELD_OUT,O2,44.369760321560975,160.24116595083834,408.37891196312023,437.48205107218206,0.51,66.9406408685557,135.08656930646242,321.7102690236512,349.15192788779166,0.4084,95.85889853603469
Sub04,Date03_Sub04_yogaball_play,t0034.000,Sub04/Date03_Sub04_yogaball_play/t0034.000,K3,HELD_OUT,O3,42.09341657545743,159.53793307689537,408.33022512829035,436.72157092331145,0.5104,65.04017353683847,136.6260428689488,326.4507560119175,354.2944171547171,0.4268,91.19315838592478
Sub04,Date03_Sub04_yogaball_play,t0034.000,Sub04/Date03_Sub04_yogaball_play/t0034.000,K3,HELD_OUT,O4,44.26449075597304,160.30390133415284,408.8601990937911,437.96439162258946,0.5094,65.6439394889162,135.37700380822477,324.04835961983105,351.336129409889,0.4194,94.73949667790829
Sub05,Date03_Sub05_backpack,t0035.000,Sub05/Date03_Sub05_backpack/t0035.000,K0,K0_DIAGNOSTIC,O0,116.57293805136945,112.82490626337594,141.36110266391722,150.0929054987382,0.0292,11.803270749674123,16.058766106834454,33.45766413488171,50.5886194381192,0.9486,136.96641878753115
Sub05,Date03_Sub05_backpack,t0035.000,Sub05/Date03_Sub05_backpack/t0035.000,K0,K0_DIAGNOSTIC,O1,12.339993284901464,17.93175833566104,42.366390888660966,56.68719060453641,0.932,11.85957901506082,16.100928106904494,33.96333127918042,50.61541665719878,0.9484,15.2781634258625
Sub05,Date03_Sub05_backpack,t0035.000,Sub05/Date03_Sub05_backpack/t0035.000,K0,K0_DIAGNOSTIC,O2,7.72801310171857,12.586761192197004,32.70124823075081,42.87532629266375,0.9682,7.32198104723031,12.265525198882454,31.797561707575948,41.97845740275037,0.9726,5.3788590589745215
Sub05,Date03_Sub05_backpack,t0035.000,Sub05/Date03_Sub05_backpack/t0035.000,K0,K0_DIAGNOSTIC,O3,11.27368250087674,15.802749466810463,34.49393839451466,52.64520283747933,0.9474,11.225735240869199,15.327415393846403,32.489397353345936,48.779722153673035,0.9512,7.136518616913993
Sub05,Date03_Sub05_backpack,t0035.000,Sub05/Date03_Sub05_backpack/t0035.000,K0,K0_DIAGNOSTIC,O4,7.545086905012067,12.427636179466854,31.939243808131778,42.237545077386955,0.9688,7.15869772960571,12.07339399483641,31.342594244825293,41.41366623749819,0.9734,5.633299331699041
Sub05,Date03_Sub05_backpack,t0035.000,Sub05/Date03_Sub05_backpack/t0035.000,K1,HELD_OUT,O0,94.27910394931266,114.4232080089748,149.17288042269018,165.6437147694225,0.1714,15.15173369992313,43.284405172262474,46.14427249773993,71.12250830552668,0.9164,129.91091462352378
Sub05,Date03_Sub05_backpack,t0035.000,Sub05/Date03_Sub05_backpack/t0035.000,K1,HELD_OUT,O1,16.78294739122428,44.25004777302796,47.454347150412055,72.65883437129281,0.9102,13.241723165461774,40.90942050948482,38.8291177577774,67.83356625157566,0.9264,19.547492139169883
Sub05,Date03_Sub05_backpack,t0035.000,Sub05/Date03_Sub05_backpack/t0035.000,K1,HELD_OUT,O2,11.652477050881423,38.442759284194665,36.18001781966055,58.40449649963583,0.9356,9.491968475812453,36.676891887617145,32.49502518685954,56.3720841571074,0.9406,13.058484624815419
Sub05,Date03_Sub05_backpack,t0035.000,Sub05/Date03_Sub05_backpack/t0035.000,K1,HELD_OUT,O3,12.993849987279779,41.163772473239284,40.95199880477947,69.00305274392167,0.9256,12.70764079349083,39.984075725900446,37.823144149862145,62.586469586549946,0.931,12.53956930630847
Sub05,Date03_Sub05_backpack,t0035.000,Sub05/Date03_Sub05_backpack/t0035.000,K1,HELD_OUT,O4,11.085080725145884,38.07138983445699,36.13682259782992,58.87770146327991,0.9354,9.283043178626404,36.56275184063712,32.79129263813691,56.513199541297766,0.94,12.001065296759549
Sub05,Date03_Sub05_backpack,t0035.000,Sub05/Date03_Sub05_backpack/t0035.000,K2,HELD_OUT,O0,51.15443426066224,59.7924133728374,115.1213255372735,126.06429295929806,0.4884,42.26697409038371,47.049665614280336,84.47180732440552,91.93359166971497,0.5814,70.6248355252672
Sub05,Date03_Sub05_backpack,t0035.000,Sub05/Date03_Sub05_backpack/t0035.000,K2,HELD_OUT,O1,17.70257834653578,24.703779137694127,43.875433524438996,53.84761201083438,0.935,12.421487359086509,20.295614493573957,34.800025541883436,51.30529813996869,0.949,20.227357662275985
Sub05,Date03_Sub05_backpack,t0035.000,Sub05/Date03_Sub05_backpack/t0035.000,K2,HELD_OUT,O2,18.73916261479959,24.467663987917923,40.212950963036576,46.139628970898364,0.9616,12.609660943724592,19.457049801099974,34.44055111520572,53.014646747252115,0.947,22.357375363645808
Sub05,Date03_Sub05_backpack,t0035.000,Sub05/Date03_Sub05_backpack/t0035.000,K2,HELD_OUT,O3,15.27902054225931,22.403003319225636,37.32113056328622,49.69067733025765,0.9508,13.061119772600433,20.19971249894857,33.91312549254432,50.579533933312,0.9496,12.83185443398617
Sub05,Date03_Sub05_backpack,t0035.000,Sub05/Date03_Sub05_backpack/t0035.000,K2,HELD_OUT,O4,17.95355445060762,23.60842981197929,38.26492625292295,45.15131282095884,0.9608,12.105483796034186,19.014538211230253,33.73379470696419,52.12628045177228,0.9486,20.650201846108914
Sub05,Date03_Sub05_backpack,t0035.000,Sub05/Date03_Sub05_backpack/t0035.000,K3,HELD_OUT,O0,54.61647336883398,158.87386210311257,116.3430841083074,132.67177325311323,0.4636,15.804278804922504,117.88268496951521,35.26385737861427,45.22438215665982,0.9542,113.57604313800203
Sub05,Date03_Sub05_backpack,t0035.000,Sub05/Date03_Sub05_backpack/t0035.000,K3,HELD_OUT,O1,12.000893816954052,114.71563732355342,30.646909054176138,40.278482148470374,0.9554,10.903123161835587,112.67217032719013,25.99293104207577,39.506648825413,0.9572,14.98076261008794
Sub05,Date03_Sub05_backpack,t0035.000,Sub05/Date03_Sub05_backpack/t0035.000,K3,HELD_OUT,O2,13.329691880629309,118.03395045058829,40.877489518213494,44.90793797070163,0.9592,11.493942439555566,113.62991412817289,27.297699553378273,36.836484000987895,0.9598,18.699963635487563
Sub05,Date03_Sub05_backpack,t0035.000,Sub05/Date03_Sub05_backpack/t0035.000,K3,HELD_OUT,O3,13.334458530701607,116.61492430484579,35.787631017850245,44.331111313219736,0.9554,10.424273029777186,112.28696479460913,24.710773313078747,37.42225661473343,0.9578,19.511825599547972
Sub05,Date03_Sub05_backpack,t0035.000,Sub05/Date03_Sub05_backpack/t0035.000,K3,HELD_OUT,O4,12.768077307231884,117.42536602895949,39.568911470248885,43.781349168283924,0.959,11.082858003393046,113.34686795399415,26.717762978851237,35.92576969537903,0.9598,17.843381254079887
Sub05,Date03_Sub05_backpack,t0070.000,Sub05/Date03_Sub05_backpack/t0070.000,K0,K0_DIAGNOSTIC,O0,52.369782620569694,80.51396014109173,177.5823423354608,299.60556832447827,0.4334,8.766634697557498,41.53018843728803,118.42351709149183,270.381878590471,0.8728,65.02456565173826
Sub05,Date03_Sub05_backpack,t0070.000,Sub05/Date03_Sub05_backpack/t0070.000,K0,K0_DIAGNOSTIC,O1,7.967242517282363,41.747177150161576,124.54805768251413,275.59410171648085,0.8682,8.494048936891094,41.49396641592185,118.97163929238678,271.2207986942223,0.873,5.963253972748014
Sub05,Date03_Sub05_backpack,t0070.000,Sub05/Date03_Sub05_backpack/t0070.000,K0,K0_DIAGNOSTIC,O2,6.26721972582366,40.855638595690735,123.05459759412615,292.141521470477,0.8716,6.868306342840629,40.43585577960381,118.0546544479596,286.27073790791684,0.8736,7.079323400098504
Sub05,Date03_Sub05_backpack,t0070.000,Sub05/Date03_Sub05_backpack/t0070.000,K0,K0_DIAGNOSTIC,O3,8.76838324416977,42.414775257653616,124.35778943510303,284.75971705038114,0.87,8.411449577148248,41.5147459651369,120.15651351606046,276.8641547361918,0.8732,9.530970639214654
Sub05,Date03_Sub05_backpack,t0070.000,Sub05/Date03_Sub05_backpack/t0070.000,K0,K0_DIAGNOSTIC,O4,6.021998175387081,40.32281308076771,119.51156567585525,290.3883676644396,0.8726,6.654529100753434,39.951759031929925,114.31973912422039,284.105958070906,0.8742,6.865254007126629
Sub05,Date03_Sub05_backpack,t0070.000,Sub05/Date03_Sub05_backpack/t0070.000,K1,HELD_OUT,O0,39.72970376485749,55.607430543797626,70.71826985274474,78.39365678657444,0.6384,13.836941466871458,31.88147113453904,34.489976095576324,39.91080365004522,0.9782,60.12804975477628
Sub05,Date03_Sub05_backpack,t0070.000,Sub05/Date03_Sub05_backpack/t0070.000,K1,HELD_OUT,O1,12.763308365510362,31.372765175474015,32.95655681875033,40.85146882058137,0.976,12.344374807205462,30.505051710894016,31.00501741430438,38.23483215668666,0.9782,8.900110959752599
Sub05,Date03_Sub05_backpack,t0070.000,Sub05/Date03_Sub05_backpack/t0070.000,K1,HELD_OUT,O2,13.542101987335254,32.73507003643139,34.05891059565892,51.460086875995934,0.9466,13.231872431971176,32.380290723333474,34.38819839527837,45.89212730414651,0.9614,8.001075898248914
Sub05,Date03_Sub05_backpack,t0070.000,Sub05/Date03_Sub05_backpack/t0070.000,K1,HELD_OUT,O3,13.123775553750729,31.13330994966447,31.03752984013912,37.39902630962959,0.9818,12.817373721553379,30.544608358824927,30.308830585842244,35.914758605601705,0.9832,7.219751198874871
Sub05,Date03_Sub05_backpack,t0070.000,Sub05/Date03_Sub05_backpack/t0070.000,K1,HELD_OUT,O4,13.406575830663048,32.50956962196472,33.20734118747435,50.10505609861815,0.9492,13.206618517574743,32.101026670150304,33.465767371194396,44.223283862360155,0.9642,8.300993624922949
Sub05,Date03_Sub05_backpack,t0070.000,Sub05/Date03_Sub05_backpack/t0070.000,K2,HELD_OUT,O0,39.54183167759986,43.68030111279742,83.0142316132891,91.62812551095709,0.6098,13.619453707509557,16.913924068064794,35.49892444870463,38.93469467536947,0.988,78.17583677744256
Sub05,Date03_Sub05_backpack,t0070.000,Sub05/Date03_Sub05_backpack/t0070.000,K2,HELD_OUT,O1,20.200282240450605,21.785117382167545,40.11014417614096,43.4615641728695,0.987,10.536755972625501,13.75325194403975,25.396340466201245,34.35902082637365,0.9816,25.148436470185146
Sub05,Date03_Sub05_backpack,t0070.000,Sub05/Date03_Sub05_backpack/t0070.000,K2,HELD_OUT,O2,20.79530938148144,22.49402939141103,38.64845009648365,42.258837696868945,0.9728,12.789656222543933,17.029344257255556,36.72642699118853,45.79044434808903,0.9642,23.167221704597736
Sub05,Date03_Sub05_backpack,t0070.000,Sub05/Date03_Sub05_backpack/t0070.000,K2,HELD_OUT,O3,19.68014962863662,20.995383407590865,38.80266861583337,43.142703170947215,0.9886,10.62423430295102,13.864297526419792,25.770629661813746,34.90441121178813,0.9812,24.456929987050124
Sub05,Date03_Sub05_backpack,t0070.000,Sub05/Date03_Sub05_backpack/t0070.000,K2,HELD_OUT,O4,19.95758512362795,21.71346021425918,37.1159855826221,41.075629777300705,0.9722,12.474401519416931,16.62697850559473,35.52976714628504,43.667471301491275,0.9668,22.17582663035423
Sub05,Date03_Sub05_backpack,t0070.000,Sub05/Date03_Sub05_backpack/t0070.000,K3,HELD_OUT,O0,34.91057071466488,84.575991565016,75.16927457034579,88.41087526219404,0.6864,10.48370071069948,59.69892692788289,27.76649835145043,42.27049393104791,0.9674,69.91275150761514
Sub05,Date03_Sub05_backpack,t0070.000,Sub05/Date03_Sub05_backpack/t0070.000,K3,HELD_OUT,O1,14.973444318640206,63.73357834852121,35.22326424830973,42.19939927242628,0.971,8.35615232234176,57.80830895096741,26.431041401744157,38.09282699323538,0.9684,21.945937520731256
Sub05,Date03_Sub05_backpack,t0070.000,Sub05/Date03_Sub05_backpack/t0070.000,K3,HELD_OUT,O2,16.108079913456802,64.74518420714075,35.12323561951662,42.61295211844224,0.9634,9.704462836299331,60.14481451326398,33.50274511899828,47.801527121997665,0.953,19.987001447095455
Sub05,Date03_Sub05_backpack,t0070.000,Sub05/Date03_Sub05_backpack/t0070.000,K3,HELD_OUT,O3,14.680998818799148,63.060940740740556,32.97034482203226,40.90154119575201,0.9732,8.773920514032984,57.7123102973202,24.704154561434606,33.79251470522796,0.9698,20.549285015605832
Sub05,Date03_Sub05_backpack,t0070.000,Sub05/Date03_Sub05_backpack/t0070.000,K3,HELD_OUT,O4,15.298195674031527,64.10720878756754,33.989087311796695,40.91749377337347,0.9656,9.431705033265953,59.66288707671022,31.96005161388228,45.695213234903115,0.9554,19.209388793595352
Sub05,Date03_Sub05_backpack,t0101.000,Sub05/Date03_Sub05_backpack/t0101.000,K0,K0_DIAGNOSTIC,O0,70.91179481516272,68.2641803114234,99.05121620636355,108.58485759000675,0.2388,14.17285860251732,17.28285556301844,35.264465120645575,43.56396339575465,0.9684,89.81048581144219
Sub05,Date03_Sub05_backpack,t0101.000,Sub05/Date03_Sub05_backpack/t0101.000,K0,K0_DIAGNOSTIC,O1,15.096790956871862,18.280540661902116,36.66051106884876,45.18769454260221,0.9642,13.759297308321383,16.99887031265718,34.61014799622663,42.87486128498963,0.9714,13.250313607514123
Sub05,Date03_Sub05_backpack,t0101.000,Sub05/Date03_Sub05_backpack/t0101.000,K0,K0_DIAGNOSTIC,O2,8.289510469370828,11.436706585005437,25.492003553228116,32.25791805296198,0.991,8.443983432346894,11.378723673618294,25.01851327847262,31.80090261883149,0.9908,1.6941282075600657
Sub05,Date03_Sub05_backpack,t0101.000,Sub05/Date03_Sub05_backpack/t0101.000,K0,K0_DIAGNOSTIC,O3,12.809917398061396,16.29882797931391,33.7827991257766,42.05309648078625,0.9738,12.748295383669406,16.225905623021553,33.897443602084856,41.87517630175109,0.973,2.490174981862458
Sub05,Date03_Sub05_backpack,t0101.000,Sub05/Date03_Sub05_backpack/t0101.000,K0,K0_DIAGNOSTIC,O4,8.010138694690816,11.093549305341432,24.954261595142725,31.35311627935331,0.9914,8.112976784274895,11.049206193443805,24.815895817719074,31.135913734820228,0.9916,1.9783119308308899
Sub05,Date03_Sub05_backpack,t0101.000,Sub05/Date03_Sub05_backpack/t0101.000,K1,HELD_OUT,O0,39.68674431382256,138.65245097161917,82.00691859665841,99.96059165084002,0.6154,10.428927185329108,110.47431903306253,30.31401081030086,44.19928175115365,0.9552,77.1308840075517
Sub05,Date03_Sub05_backpack,t0101.000,Sub05/Date03_Sub05_backpack/t0101.000,K1,HELD_OUT,O1,10.474346487542249,110.03504252752175,26.03799615447691,38.87614046600702,0.9564,7.065147694722755,108.18877301409356,28.405927898254347,41.10837013815903,0.955,10.271489511378416
Sub05,Date03_Sub05_backpack,t0101.000,Sub05/Date03_Sub05_backpack/t0101.000,K1,HELD_OUT,O2,22.134127911820826,119.83214407130563,42.870701155049105,56.85723201564035,0.9348,12.761870136347069,111.55355162865268,30.99408278761289,52.63501300995057,0.9468,29.599559212133713
Sub05,Date03_Sub05_backpack,t0101.000,Sub05/Date03_Sub05_backpack/t0101.000,K1,HELD_OUT,O3,22.307943870077693,119.40985376565354,37.00232267307333,46.48368809173947,0.9542,7.099347366817227,108.20008208676047,28.363632563471675,42.27367337124632,0.9544,29.963665643306484
Sub05,Date03_Sub05_backpack,t0101.000,Sub05/Date03_Sub05_backpack/t0101.000,K1,HELD_OUT,O4,21.591578213997316,119.47335719170643,42.45759281489159,57.402874734906426,0.9344,12.696484947880844,111.61351750724528,31.152426854652656,51.2429999861216,0.9488,28.61850101747476
Sub05,Date03_Sub05_backpack,t0101.000,Sub05/Date03_Sub05_backpack/t0101.000,K2,HELD_OUT,O0,38.30977715022732,97.84631815354987,92.6885062103036,100.770895257941,0.6082,34.01346527467604,86.86970295788547,63.58581162962323,69.63332903593572,0.7484,52.50514134925392
Sub05,Date03_Sub05_backpack,t0101.000,Sub05/Date03_Sub05_backpack/t0101.000,K2,HELD_OUT,O1,18.76901000687566,72.50940819451877,36.12699179860652,46.56714821478926,0.9584,10.98247805119453,68.09642993516901,39.23349016495209,52.60854393358718,0.9406,19.962268545119475
Sub05,Date03_Sub05_backpack,t0101.000,Sub05/Date03_Sub05_backpack/t0101.000,K2,HELD_OUT,O2,16.23424038124361,70.24847570629585,31.933838889561763,41.28079272004001,0.9654,11.509155708642147,67.62037045284369,35.879027048742564,44.223871242682534,0.9648,15.546450783053277
Sub05,Date03_Sub05_backpack,t0101.000,Sub05/Date03_Sub05_backpack/t0101.000,K2,HELD_OUT,O3,16.62746059610117,71.96594721522507,39.527507585887115,50.48028196988803,0.9482,10.949671688235227,68.17660401194877,39.45568404363986,52.84845245600107,0.9414,19.84053798484835
Sub05,Date03_Sub05_backpack,t0101.000,Sub05/Date03_Sub05_backpack/t0101.000,K2,HELD_OUT,O4,15.345662595829126,69.61733038145756,31.510381246100312,40.855874071041434,0.9658,11.140365274844195,67.23646869303347,34.80607587919289,43.17833480228996,0.9666,14.524700582529437
Sub05,Date03_Sub05_backpack,t0101.000,Sub05/Date03_Sub05_backpack/t0101.000,K3,HELD_OUT,O0,39.37973644073234,128.9438024610489,83.45372780108352,100.66375452127522,0.6254,19.644339975267805,111.85062832470395,50.32951537581016,70.2812945393917,0.8976,56.850582198114324
Sub05,Date03_Sub05_backpack,t0101.000,Sub05/Date03_Sub05_backpack/t0101.000,K3,HELD_OUT,O1,18.864855528323908,109.3860897893278,42.56072838054117,56.51979647392048,0.9374,15.071268605210914,106.55264287970509,45.996281075070065,66.48515442932197,0.9094,17.56221477430614
Sub05,Date03_Sub05_backpack,t0101.000,Sub05/Date03_Sub05_backpack/t0101.000,K3,HELD_OUT,O2,13.688647046681618,103.77260055869431,34.78482037118363,52.53630743407824,0.947,13.377566503941164,103.38221591762942,33.59949682902081,49.39501538275358,0.9504,7.783391260666393
Sub05,Date03_Sub05_backpack,t0101.000,Sub05/Date03_Sub05_backpack/t0101.000,K3,HELD_OUT,O3,14.105655232822311,106.2557138258334,47.42006332314187,64.69772382984988,0.9118,14.1273082819418,106.09946051404648,44.792362004691206,63.69693083150088,0.92,7.971267035876221
Sub05,Date03_Sub05_backpack,t0101.000,Sub05/Date03_Sub05_backpack/t0101.000,K3,HELD_OUT,O4,12.79572801294016,103.37495822485904,34.8188224794017,53.067433935243976,0.9466,12.80484582298978,102.92133326989853,32.809206232158175,48.94702085781956,0.9504,8.476512233844236
Sub05,Date03_Sub05_stool,t0019.000,Sub05/Date03_Sub05_stool/t0019.000,K0,K0_DIAGNOSTIC,O0,34.7919922691712,52.83971761287836,119.04994511387635,127.25499540409187,0.6208,20.622931998349838,31.995461334324627,73.96579436039492,84.68518296851822,0.723,49.74704127563938
Sub05,Date03_Sub05_stool,t0019.000,Sub05/Date03_Sub05_stool/t0019.000,K0,K0_DIAGNOSTIC,O1,15.741147704052072,33.59896392826757,86.70756547096195,97.33437671264724,0.6902,21.414093533262204,31.953259715249377,71.94942581303467,82.85219515869001,0.7356,16.35214391970499
Sub05,Date03_Sub05_stool,t0019.000,Sub05/Date03_Sub05_stool/t0019.000,K0,K0_DIAGNOSTIC,O2,14.50212315399191,18.485080718391696,37.54006214093717,48.206206769076815,0.9542,15.134403952692317,18.193971365746876,35.34199204076957,44.24444987455547,0.9596,5.106423764764514
Sub05,Date03_Sub05_stool,t0019.000,Sub05/Date03_Sub05_stool/t0019.000,K0,K0_DIAGNOSTIC,O3,16.527979263155444,31.666871613006382,78.23607597546605,88.49632790329157,0.7042,20.922976196256588,30.88241564511815,68.78219655138807,79.61012902867924,0.749,10.918765211859437
Sub05,Date03_Sub05_stool,t0019.000,Sub05/Date03_Sub05_stool/t0019.000,K0,K0_DIAGNOSTIC,O4,13.5794552231057,17.8541474143834,36.63306320921973,47.79046271300423,0.9548,14.009997536233769,17.55342716141033,34.668054687363274,43.55931835609791,0.9594,5.110689717436585
Sub05,Date03_Sub05_stool,t0019.000,Sub05/Date03_Sub05_stool/t0019.000,K1,HELD_OUT,O0,23.064470552013212,34.99187090439792,92.09091395768777,110.26034935574664,0.768,13.258905954634262,20.566602486641763,55.77158818074306,72.0505003934643,0.8848,40.856068940513964
Sub05,Date03_Sub05_stool,t0019.000,Sub05/Date03_Sub05_stool/t0019.000,K1,HELD_OUT,O1,15.658507443439536,22.760296483609675,58.585963377654274,75.7525947572833,0.8754,13.202344807058163,19.941076362287543,52.07738546847705,68.13270227596396,0.8932,14.468795903264102
Sub05,Date03_Sub05_stool,t0019.000,Sub05/Date03_Sub05_stool/t0019.000,K1,HELD_OUT,O2,14.955338009360005,16.775466199823562,31.854036427413632,39.53159341852894,0.9872,11.076956127373208,13.989868069340185,29.385587085811036,39.31860030583691,0.9846,15.358211145651051
Sub05,Date03_Sub05_stool,t0019.000,Sub05/Date03_Sub05_stool/t0019.000,K1,HELD_OUT,O3,13.80387879856437,20.597031574517434,53.414061704298774,69.83832929153681,0.8898,12.875486248864094,19.357624845643446,50.29497170099837,66.16258231073802,0.899,8.583669875540295
Sub05,Date03_Sub05_stool,t0019.000,Sub05/Date03_Sub05_stool/t0019.000,K1,HELD_OUT,O4,13.994078275870777,16.162584912972815,31.106304270567197,38.55013546115047,0.9892,10.90663735394071,13.825844131267338,28.95217613262973,38.44099994020073,0.9892,14.109427917753303
Sub05,Date03_Sub05_stool,t0019.000,Sub05/Date03_Sub05_stool/t0019.000,K2,HELD_OUT,O0,29.06453702139546,54.8995376556257,59.30461291722772,77.25335104469856,0.818,9.78925712825897,38.64277709462078,41.2981434230791,56.79459453151664,0.9324,46.93076483669621
Sub05,Date03_Sub05_stool,t0019.000,Sub05/Date03_Sub05_stool/t0019.000,K2,HELD_OUT,O1,13.220342408463797,41.157226260569274,43.17363711390476,60.85670400445217,0.9264,9.321834018990259,38.14334549102135,40.79419156982103,56.34137777703014,0.9346,15.457294030796932
Sub05,Date03_Sub05_stool,t0019.000,Sub05/Date03_Sub05_stool/t0019.000,K2,HELD_OUT,O2,11.844591782885448,38.401908863134004,32.93352531006557,46.92808626010479,0.9556,10.834763523028332,37.18565367342232,30.3929416565223,43.90070689062801,0.9578,10.810444611090546
Sub05,Date03_Sub05_stool,t0019.000,Sub05/Date03_Sub05_stool/t0019.000,K2,HELD_OUT,O3,10.641782086502285,39.45173397099026,42.29308035001188,58.77947201796508,0.928,9.30151684925103,38.2475701886575,40.86970688439847,56.739441255453755,0.9328,9.88064888162711
Sub05,Date03_Sub05_stool,t0019.000,Sub05/Date03_Sub05_stool/t0019.000,K2,HELD_OUT,O4,11.99489371995909,38.564918771389685,33.40505227726994,48.246809565233704,0.9536,10.169565595081199,37.15272946923696,30.369843691651635,44.692031919844254,0.9566,11.50812647483054
Sub05,Date03_Sub05_stool,t0019.000,Sub05/Date03_Sub05_stool/t0019.000,K3,HELD_OUT,O0,17.404616890926622,34.25208015608939,45.68393475327107,83.79686814930866,0.9128,8.357569841299924,25.830411313128483,38.378399937713965,70.47814703575739,0.9166,30.59281530858553
Sub05,Date03_Sub05_stool,t0019.000,Sub05/Date03_Sub05_stool/t0019.000,K3,HELD_OUT,O1,10.897183270151402,26.957039557055115,38.636377167916315,65.0387624978944,0.919,8.3397152058295,25.64547399497022,38.062193416683954,67.4269206599384,0.9196,11.335752204230952
Sub05,Date03_Sub05_stool,t0019.000,Sub05/Date03_Sub05_stool/t0019.000,K3,HELD_OUT,O2,14.25903779583928,27.9934726723303,33.22474316573829,39.90781636640272,0.9718,8.558481773538254,24.52827586198673,29.711818072917406,41.369876851161166,0.963,14.880672957912854
Sub05,Date03_Sub05_stool,t0019.000,Sub05/Date03_Sub05_stool/t0019.000,K3,HELD_OUT,O3,13.472201309752016,28.44075172537248,37.44169583439609,61.11139661688517,0.927,8.443854563953753,25.574169277981525,38.82301750231793,66.38800210418178,0.9182,15.055175612377198
Sub05,Date03_Sub05_stool,t0019.000,Sub05/Date03_Sub05_stool/t0019.000,K3,HELD_OUT,O4,13.703700470281817,27.619323194658744,32.662347849816676,39.40205872659314,0.9706,8.621436648963568,24.45794796797032,29.129401609075,41.253245794400016,0.9626,14.438532018879537
Sub05,Date03_Sub05_stool,t0035.000,Sub05/Date03_Sub05_stool/t0035.000,K0,K0_DIAGNOSTIC,O0,82.19110449516495,77.97540486308051,102.0329007310896,110.68576953075504,0.1392,8.04325346448292,14.246398931458543,28.545008512569833,40.94015980768734,0.965,102.92394716521784
Sub05,Date03_Sub05_stool,t0035.000,Sub05/Date03_Sub05_stool/t0035.000,K0,K0_DIAGNOSTIC,O1,8.206017972020813,14.809806834326336,32.19631146521715,43.843195241796224,0.9598,7.9979577860603825,14.205183738852517,28.50209202478634,41.413653679255816,0.9642,6.7298932583105
Sub05,Date03_Sub05_stool,t0035.000,Sub05/Date03_Sub05_stool/t0035.000,K0,K0_DIAGNOSTIC,O2,6.075237179239573,11.963586797510512,22.87854065256625,40.1910549381397,0.965,6.0649311178990155,11.723651123735376,22.342559372798657,38.90192267827909,0.9672,4.20243443957447
Sub05,Date03_Sub05_stool,t0035.000,Sub05/Date03_Sub05_stool/t0035.000,K0,K0_DIAGNOSTIC,O3,7.752558814980438,14.002137119765107,28.08568132759131,42.87668100241067,0.9626,7.6262598954111365,13.752887265097227,27.17906771877735,41.16789119463278,0.9642,4.335629912066465
Sub05,Date03_Sub05_stool,t0035.000,Sub05/Date03_Sub05_stool/t0035.000,K0,K0_DIAGNOSTIC,O4,5.721162759952943,11.747857568141876,22.306647380017107,41.123876582353596,0.9632,5.640685873518736,11.57070350546237,22.109483088289053,40.01770353148379,0.9646,3.3213908346125036
Sub05,Date03_Sub05_stool,t0035.000,Sub05/Date03_Sub05_stool/t0035.000,K1,HELD_OUT,O0,63.8867266112203,73.66185569076272,104.29080340780432,124.11921044162958,0.3474,18.93532254471419,34.603211862507315,45.71779461667204,53.439043499150735,0.9352,93.86561599191994
Sub05,Date03_Sub05_stool,t0035.000,Sub05/Date03_Sub05_stool/t0035.000,K1,HELD_OUT,O1,16.623275346865196,34.229525866160806,45.45748248070551,53.99076227718405,0.9294,12.84856721994037,29.220945758063895,31.568240635736007,57.04164395253999,0.9448,24.56533965888945
Sub05,Date03_Sub05_stool,t0035.000,Sub05/Date03_Sub05_stool/t0035.000,K1,HELD_OUT,O2,16.076440911317114,33.7358363557785,44.57639895241071,53.53242533518346,0.9356,12.856735203972057,29.44842586286266,31.955995121469908,56.65755055363282,0.9454,21.801276303076666
Sub05,Date03_Sub05_stool,t0035.000,Sub05/Date03_Sub05_stool/t0035.000,K1,HELD_OUT,O3,15.12933127368538,32.05954168834374,41.043059980645204,50.902612818080506,0.9476,11.56357622594396,28.379640795685432,30.18794396666555,56.74739693576719,0.9446,20.308557648335405
Sub05,Date03_Sub05_stool,t0035.000,Sub05/Date03_Sub05_stool/t0035.000,K1,HELD_OUT,O4,16.693846364111046,32.97384112698533,42.11009451136912,52.24813637888923,0.9458,11.47113616246401,29.07024003979629,33.13854003015048,56.59110755373967,0.945,20.44728061646947
Sub05,Date03_Sub05_stool,t0035.000,Sub05/Date03_Sub05_stool/t0035.000,K2,HELD_OUT,O0,36.29643399795337,51.73782140266252,93.91153233922633,106.14186393274314,0.6114,35.218456220521986,45.32680794962553,75.3822062749646,85.49620243511328,0.695,50.0265873334822
Sub05,Date03_Sub05_stool,t0035.000,Sub05/Date03_Sub05_stool/t0035.000,K2,HELD_OUT,O1,23.20499979897081,31.938692258191242,49.1239990397268,53.57505917175768,0.91,13.745833043724298,23.256933907042246,32.14981343491595,37.88762822552665,0.9866,35.097388584725024
Sub05,Date03_Sub05_stool,t0035.000,Sub05/Date03_Sub05_stool/t0035.000,K2,HELD_OUT,O2,20.128701911167596,29.838176418200224,45.88123911644784,51.45769890362926,0.9394,12.28599785776743,22.449598419484754,31.81085583726166,37.877181677393494,0.9762,30.15945183480868
Sub05,Date03_Sub05_stool,t0035.000,Sub05/Date03_Sub05_stool/t0035.000,K2,HELD_OUT,O3,21.40572211430767,29.736451002515004,44.48944000543222,47.891591748437335,0.9648,13.053546397822378,22.71084517252405,31.607023252670267,36.64441060258405,0.9896,29.72335728291129
Sub05,Date03_Sub05_stool,t0035.000,Sub05/Date03_Sub05_stool/t0035.000,K2,HELD_OUT,O4,18.450364042093213,28.544525188598293,43.66969250111154,49.20466180412211,0.957,11.3341171376833,21.712512107299744,30.983428657364325,36.78756433376203,0.9782,27.547173080429065
Sub05,Date03_Sub05_stool,t0035.000,Sub05/Date03_Sub05_stool/t0035.000,K3,HELD_OUT,O0,42.16316220917952,65.18345383674954,103.10026912404369,127.94155624793623,0.5752,19.049679154999517,37.53588867151151,41.77698923409937,60.459511365991375,0.9288,78.62041203696813
Sub05,Date03_Sub05_stool,t0035.000,Sub05/Date03_Sub05_stool/t0035.000,K3,HELD_OUT,O1,13.930060230826204,32.12879941359102,32.53522727050942,48.36829046943231,0.9538,10.520174828654547,30.02400633902885,33.186128842706836,45.5324718624034,0.9566,13.21358153980519
Sub05,Date03_Sub05_stool,t0035.000,Sub05/Date03_Sub05_stool/t0035.000,K3,HELD_OUT,O2,12.616864901263797,31.018504396123816,29.227973361707516,46.366489260358634,0.9554,10.428327064630365,29.22449514979481,30.742355385253298,46.807377179453205,0.9564,11.68149352075117
Sub05,Date03_Sub05_stool,t0035.000,Sub05/Date03_Sub05_stool/t0035.000,K3,HELD_OUT,O3,14.210845761564023,32.24675229712011,31.225705281746148,45.58478973065707,0.9572,10.318082771633286,29.643873830291028,32.16903698848311,44.924877331449025,0.9574,14.340804100876786
Sub05,Date03_Sub05_stool,t0035.000,Sub05/Date03_Sub05_stool/t0035.000,K3,HELD_OUT,O4,11.953516828383702,30.90476591770813,29.46452535283015,48.29205271885807,0.9524,10.146970395505377,29.537067017253886,30.435161860653814,48.12849232380822,0.954,9.393504450684828
Sub05,Date03_Sub05_stool,t0050.000,Sub05/Date03_Sub05_stool/t0050.000,K0,K0_DIAGNOSTIC,O0,124.50609290277069,116.83341354050631,152.08993434764406,159.54395327222358,0.0666,6.111521397926552,10.28832236374358,18.23958623530528,25.178936517281667,0.9826,151.28849496527857
Sub05,Date03_Sub05_stool,t0050.000,Sub05/Date03_Sub05_stool/t0050.000,K0,K0_DIAGNOSTIC,O1,10.148090600481815,13.518371868122543,24.197585710912335,31.241298618697247,0.9872,6.460725906887543,10.359471764073195,18.081949567357025,25.288220507283064,0.9834,15.726569444558022
Sub05,Date03_Sub05_stool,t0050.000,Sub05/Date03_Sub05_stool/t0050.000,K0,K0_DIAGNOSTIC,O2,5.06677150844496,8.784316555486232,14.425968864837072,19.29270526735484,0.9844,5.072209891357799,8.751649893699245,14.206155040895636,19.375544552205984,0.985,1.8807322880902255
Sub05,Date03_Sub05_stool,t0050.000,Sub05/Date03_Sub05_stool/t0050.000,K0,K0_DIAGNOSTIC,O3,5.797676977238016,9.973124864220187,17.433008997823475,24.68746360426864,0.9836,5.515480061412644,9.836508549156076,17.256910694210003,24.223463932498795,0.9828,1.8904571371747902
Sub05,Date03_Sub05_stool,t0050.000,Sub05/Date03_Sub05_stool/t0050.000,K0,K0_DIAGNOSTIC,O4,5.090306788352197,8.59238822428495,14.026532253494173,19.22478171958998,0.9876,4.990428318378897,8.536503280765196,13.742524696370271,19.36059885866925,0.9876,1.367613371996221
Sub05,Date03_Sub05_stool,t0050.000,Sub05/Date03_Sub05_stool/t0050.000,K1,HELD_OUT,O0,87.75535050182569,85.14530890826062,142.763926259776,156.35322558222356,0.2636,18.296171526597128,22.331398955627648,43.545224847364366,50.525299796488746,0.9468,126.2961834991572
Sub05,Date03_Sub05_stool,t0050.000,Sub05/Date03_Sub05_stool/t0050.000,K1,HELD_OUT,O1,19.113153084223566,21.62909860194352,38.66765018332221,44.114899172464504,0.9686,9.158704121662335,13.908663922241889,30.25624947790121,44.283801366350204,0.9614,25.63371130986719
Sub05,Date03_Sub05_stool,t0050.000,Sub05/Date03_Sub05_stool/t0050.000,K1,HELD_OUT,O2,11.028325197932688,14.69324895856558,28.76656312430845,42.08492433958767,0.9708,8.459566742187317,13.323865481266083,31.052581559245006,46.94465552678079,0.9612,8.638871913422038
Sub05,Date03_Sub05_stool,t0050.000,Sub05/Date03_Sub05_stool/t0050.000,K1,HELD_OUT,O3,11.764026781593552,15.271822425495326,28.161177773224676,40.287667361718306,0.9664,8.39112686903637,13.421898524581058,31.78928621451389,45.344250296220416,0.9594,9.823252401214333
Sub05,Date03_Sub05_stool,t0050.000,Sub05/Date03_Sub05_stool/t0050.000,K1,HELD_OUT,O4,10.746355879658317,14.31336240326442,28.76485318971441,41.09456440783701,0.9764,8.51222873400596,13.20896102872151,31.192756273698027,45.70836779633454,0.9706,7.251975623400279
Sub05,Date03_Sub05_stool,t0050.000,Sub05/Date03_Sub05_stool/t0050.000,K2,HELD_OUT,O0,48.20671509913417,65.12693473617509,103.09587086626108,125.04287426000955,0.5252,25.93237202468218,44.760194335686535,77.35327856587149,96.01255832751607,0.75,57.846513387882915
Sub05,Date03_Sub05_stool,t0050.000,Sub05/Date03_Sub05_stool/t0050.000,K2,HELD_OUT,O1,15.67694062341962,29.09328207430046,40.35774282695577,45.26148557804804,0.9634,12.350356385886215,26.03325356071243,32.502357164126074,46.83135617964903,0.9566,17.302917425685482
Sub05,Date03_Sub05_stool,t0050.000,Sub05/Date03_Sub05_stool/t0050.000,K2,HELD_OUT,O2,14.069061120186692,27.910735867798742,35.04921382456405,50.237454995318004,0.9492,14.27607989683866,27.669700954454544,35.595816318157226,52.36919627146461,0.947,7.2915652420367225
Sub05,Date03_Sub05_stool,t0050.000,Sub05/Date03_Sub05_stool/t0050.000,K2,HELD_OUT,O3,13.532544646640446,26.627341946124513,32.15355800349194,44.766345084308306,0.9608,11.81428140330382,25.639994315948623,33.0758823840359,47.30529918133941,0.9544,9.664551376724116
Sub05,Date03_Sub05_stool,t0050.000,Sub05/Date03_Sub05_stool/t0050.000,K2,HELD_OUT,O4,14.16183595148084,27.721216787060154,35.230823356406965,49.76165836877679,0.9504,14.143830795313356,27.585624924033713,35.54383523637135,50.41890617289383,0.9494,5.715927105614442
Sub05,Date03_Sub05_stool,t0050.000,Sub05/Date03_Sub05_stool/t0050.000,K3,HELD_OUT,O0,46.26833740284318,68.77630367451742,125.85003433204064,141.37482946002575,0.523,25.853077289012173,39.45785735685304,55.15589167922432,67.08885951379023,0.8658,84.93561635274664
Sub05,Date03_Sub05_stool,t0050.000,Sub05/Date03_Sub05_stool/t0050.000,K3,HELD_OUT,O1,20.597989500307136,34.46822669286168,46.64956468615174,55.64767303725524,0.9176,8.77956784122032,22.613557400249604,26.524025882621906,34.10682975718315,0.9856,26.51527796203355
Sub05,Date03_Sub05_stool,t0050.000,Sub05/Date03_Sub05_stool/t0050.000,K3,HELD_OUT,O2,9.209960305784822,23.875330494573635,30.289531110893737,39.01569043081927,0.9842,9.361460381432135,22.795836416209507,24.495643071388255,32.770902858900065,0.9854,9.031205865105095
Sub05,Date03_Sub05_stool,t0050.000,Sub05/Date03_Sub05_stool/t0050.000,K3,HELD_OUT,O3,8.830779680046788,24.145366676702118,33.84828912010808,41.48319173683818,0.9836,8.565554423521785,22.381051625627354,25.878704517280532,33.25426438783327,0.9864,10.396161262823636
Sub05,Date03_Sub05_stool,t0050.000,Sub05/Date03_Sub05_stool/t0050.000,K3,HELD_OUT,O4,9.359885597915957,23.91547180828609,30.807313737907894,38.83226408775773,0.9838,9.016641955049899,22.640466423331784,24.320896525778153,32.24617279229287,0.9856,10.527500433483027
Sub05,Date03_Sub05_yogaball,t0019.000,Sub05/Date03_Sub05_yogaball/t0019.000,K0,K0_DIAGNOSTIC,O0,61.05131869146028,66.22279341994054,104.64205945186393,113.10440439911476,0.3148,13.938942414297074,16.892235093163908,34.10270742814012,42.50301567794282,0.9872,90.81284921615438
Sub05,Date03_Sub05_yogaball,t0019.000,Sub05/Date03_Sub05_yogaball/t0019.000,K0,K0_DIAGNOSTIC,O1,15.401269287208503,20.86891728714267,49.642536959331586,56.797344334870196,0.9028,13.31685839336286,15.900300096592202,31.808324409797482,38.17504125350742,0.9876,26.339470187729905
Sub05,Date03_Sub05_yogaball,t0019.000,Sub05/Date03_Sub05_yogaball/t0019.000,K0,K0_DIAGNOSTIC,O2,7.7479711497589,10.49725203478744,21.888438366566703,28.40275908745115,0.9884,7.101969375703836,10.162862792397183,22.10868162333771,29.23237835212937,0.9868,3.9459867085787366
Sub05,Date03_Sub05_yogaball,t0019.000,Sub05/Date03_Sub05_yogaball/t0019.000,K0,K0_DIAGNOSTIC,O3,10.14733449194574,13.844812420747779,29.594767612233067,36.033807370715444,0.981,10.050965013280713,13.626106271550091,28.495494367738274,34.8393141394551,0.983,4.933292001714441
Sub05,Date03_Sub05_yogaball,t0019.000,Sub05/Date03_Sub05_yogaball/t0019.000,K0,K0_DIAGNOSTIC,O4,7.507790819468127,10.25718845985647,21.349154270877932,28.344789469907774,0.9884,6.749973634508516,9.912959825210136,21.560187788216037,29.43717595161699,0.987,4.210306132558966
Sub05,Date03_Sub05_yogaball,t0019.000,Sub05/Date03_Sub05_yogaball/t0019.000,K1,HELD_OUT,O0,40.59326019275909,51.136305273035745,92.50900225294008,104.95352397840637,0.5904,12.33209270360786,23.114672247439422,45.7030371767244,55.1504921003034,0.926,70.96985163749143
Sub05,Date03_Sub05_yogaball,t0019.000,Sub05/Date03_Sub05_yogaball/t0019.000,K1,HELD_OUT,O1,11.078978829672552,21.35220368420671,42.204248708675024,50.61298679947339,0.947,11.36574609437814,18.76381949035196,30.53934942514656,36.3054115292174,0.993,20.321642007272132
Sub05,Date03_Sub05_yogaball,t0019.000,Sub05/Date03_Sub05_yogaball/t0019.000,K1,HELD_OUT,O2,10.600645850329379,18.00656005891867,28.58333095160004,33.83489829956864,0.997,8.806193421216634,15.225990565834374,21.10438738261276,25.3853702220824,0.9974,14.657530917732368
Sub05,Date03_Sub05_yogaball,t0019.000,Sub05/Date03_Sub05_yogaball/t0019.000,K1,HELD_OUT,O3,13.0506760206464,20.390702595829353,32.771592786410004,36.98562894802883,0.992,8.627233378823568,15.780741716736985,22.583086703633313,27.054509593477896,0.9932,17.024375189857267
Sub05,Date03_Sub05_yogaball,t0019.000,Sub05/Date03_Sub05_yogaball/t0019.000,K1,HELD_OUT,O4,10.235973333102493,17.5682853257447,28.107141144020172,33.24506750880319,0.997,8.677825704522018,15.036455012774386,20.85123336390038,24.771874657522414,0.998,14.005669434043497
Sub05,Date03_Sub05_yogaball,t0019.000,Sub05/Date03_Sub05_yogaball/t0019.000,K2,HELD_OUT,O0,30.730019497662767,42.839151600079404,79.80666320737797,94.48934815105869,0.7202,20.60958886470383,32.21099913934177,60.01592333446514,73.38763120133004,0.8464,53.67538674091653
Sub05,Date03_Sub05_yogaball,t0019.000,Sub05/Date03_Sub05_yogaball/t0019.000,K2,HELD_OUT,O1,11.189635299965357,24.185454070156542,48.279531497070096,55.55898284368622,0.9152,11.173598096477079,21.415407322213532,38.17242290966604,43.08351269915927,0.989,15.766273975793398
Sub05,Date03_Sub05_yogaball,t0019.000,Sub05/Date03_Sub05_yogaball/t0019.000,K2,HELD_OUT,O2,14.440548384715829,23.055203775628122,35.638079180781986,39.24401456795721,0.9974,13.378971259219654,20.716747012360855,27.61301709124182,31.101271836469227,0.9948,15.64304645427129
Sub05,Date03_Sub05_yogaball,t0019.000,Sub05/Date03_Sub05_yogaball/t0019.000,K2,HELD_OUT,O3,15.000433474919653,23.323924622400916,36.35355888729644,40.620348727280394,0.9926,12.324557896471472,19.76722936484634,26.65455978204162,31.564573640269426,0.9954,17.659997277316013
Sub05,Date03_Sub05_yogaball,t0019.000,Sub05/Date03_Sub05_yogaball/t0019.000,K2,HELD_OUT,O4,14.013641276067577,22.84334611257854,35.7572518612134,39.74086167131622,0.9974,13.063950531759646,20.486940476580926,27.45427542384531,30.618870117788234,0.9954,15.636742443129688
Sub05,Date03_Sub05_yogaball,t0019.000,Sub05/Date03_Sub05_yogaball/t0019.000,K3,HELD_OUT,O0,30.0688816678409,43.34130725617676,71.97947711393003,87.83476390536423,0.7504,19.967806031788037,33.43774054600583,54.80816881618927,64.25639804910226,0.8656,43.355676761071145
Sub05,Date03_Sub05_yogaball,t0019.000,Sub05/Date03_Sub05_yogaball/t0019.000,K3,HELD_OUT,O1,14.924634041876445,27.302577827577206,41.461436049628034,48.503848260525785,0.957,11.190717297555185,23.19844594672289,31.309689750925546,45.251139335183744,0.9594,20.874671362411025
Sub05,Date03_Sub05_yogaball,t0019.000,Sub05/Date03_Sub05_yogaball/t0019.000,K3,HELD_OUT,O2,14.182350640659365,26.693416299366543,37.18782468508508,44.76073008536193,0.9634,11.91123635652259,23.69977212895251,30.50109684528197,42.84354966511869,0.963,17.232527418743583
Sub05,Date03_Sub05_yogaball,t0019.000,Sub05/Date03_Sub05_yogaball/t0019.000,K3,HELD_OUT,O3,13.940627507299912,27.24375710447132,41.071005649851834,54.27911696535021,0.9364,10.582578056906994,23.422575062892456,34.287370818904506,43.77562260825135,0.9626,18.72258764322053
Sub05,Date03_Sub05_yogaball,t0019.000,Sub05/Date03_Sub05_yogaball/t0019.000,K3,HELD_OUT,O4,13.778536667258997,26.50826971651957,37.40160207182386,44.840833288645165,0.964,11.619493247132091,23.41253202382432,29.949009081372488,41.988588946811376,0.9644,17.309759567484768
Sub05,Date03_Sub05_yogaball,t0035.000,Sub05/Date03_Sub05_yogaball/t0035.000,K0,K0_DIAGNOSTIC,O0,82.5789277315285,81.93795450532204,111.03816498971896,120.12641421542016,0.0884,10.151545102107935,13.952025301912736,29.945373566300404,46.085708422078184,0.9612,98.48259157410071
Sub05,Date03_Sub05_yogaball,t0035.000,Sub05/Date03_Sub05_yogaball/t0035.000,K0,K0_DIAGNOSTIC,O1,9.472954197005564,15.13427563425569,36.73686447490509,52.23896511260737,0.9426,10.202295380573638,13.869529706364268,29.1725755296053,45.23412567343389,0.9644,11.72502329213134
Sub05,Date03_Sub05_yogaball,t0035.000,Sub05/Date03_Sub05_yogaball/t0035.000,K0,K0_DIAGNOSTIC,O2,6.640147189094291,9.866900972341389,20.58688509815235,31.650934536757404,0.98,6.73948782373005,9.672377382353979,19.844267862555288,30.882413170530064,0.983,4.677731501410331
Sub05,Date03_Sub05_yogaball,t0035.000,Sub05/Date03_Sub05_yogaball/t0035.000,K0,K0_DIAGNOSTIC,O3,8.597055220660998,13.8373646129616,32.06309420124675,50.6357457545187,0.9488,9.348742916657642,13.26458287599116,28.808198454113125,45.59931184209894,0.9634,8.192318557209049
Sub05,Date03_Sub05_yogaball,t0035.000,Sub05/Date03_Sub05_yogaball/t0035.000,K0,K0_DIAGNOSTIC,O4,6.449534307286672,9.619881618071888,20.232594373033788,31.772524753724827,0.981,6.577731248846739,9.459712879710414,19.802155578297818,31.15627947646744,0.9844,4.536403251841922
Sub05,Date03_Sub05_yogaball,t0035.000,Sub05/Date03_Sub05_yogaball/t0035.000,K1,HELD_OUT,O0,37.49273012623579,41.72076863156819,82.64576600853162,96.68541474366042,0.65,24.770288363002223,28.23495292072954,56.71301491140797,67.60447183898623,0.8622,47.321970312875784
Sub05,Date03_Sub05_yogaball,t0035.000,Sub05/Date03_Sub05_yogaball/t0035.000,K1,HELD_OUT,O1,15.800855319222952,18.97797153970186,37.35840952624939,41.825149010592355,0.9896,8.751318548396434,9.912598752995354,16.84043134453362,19.630930910547267,0.9962,28.807838515947225
Sub05,Date03_Sub05_yogaball,t0035.000,Sub05/Date03_Sub05_yogaball/t0035.000,K1,HELD_OUT,O2,9.266584696223198,12.726243618849136,28.387418688411667,33.926546375901665,0.9962,7.647603007867449,9.364707449532528,16.656398789987353,21.162337820537427,0.9962,17.764480701697305
Sub05,Date03_Sub05_yogaball,t0035.000,Sub05/Date03_Sub05_yogaball/t0035.000,K1,HELD_OUT,O3,11.278061071122998,15.139492167461798,32.13160340675737,36.913980685913174,0.9928,8.712075524470265,9.85002496545638,16.374970695136934,19.29101908938993,0.9962,23.295599011670426
Sub05,Date03_Sub05_yogaball,t0035.000,Sub05/Date03_Sub05_yogaball/t0035.000,K1,HELD_OUT,O4,8.868865368391095,12.147319784078908,26.92647749640436,32.5096900793164,0.9962,7.494870714335043,9.275049536388657,16.583092213430298,20.83791757135862,0.9962,16.63334259149819
Sub05,Date03_Sub05_yogaball,t0035.000,Sub05/Date03_Sub05_yogaball/t0035.000,K2,HELD_OUT,O0,38.433703942590384,60.684600196132635,89.40042693947603,105.98421304537833,0.6218,24.824535380276814,44.43277334311723,57.665361368139976,64.76991687491739,0.8364,66.10163684049975
Sub05,Date03_Sub05_yogaball,t0035.000,Sub05/Date03_Sub05_yogaball/t0035.000,K2,HELD_OUT,O1,19.78582983537364,38.670029729291635,41.88193021357296,52.4634198763828,0.9414,9.600189395839234,31.370420307530427,39.581981540108195,55.65548556646787,0.9312,29.44507073680152
Sub05,Date03_Sub05_yogaball,t0035.000,Sub05/Date03_Sub05_yogaball/t0035.000,K2,HELD_OUT,O2,17.911222829362707,36.789787988818716,38.952879753405334,49.79393928680461,0.9512,10.745596780205187,31.829949838767753,37.6071618587248,55.40771014044378,0.9368,21.38972294781464
Sub05,Date03_Sub05_yogaball,t0035.000,Sub05/Date03_Sub05_yogaball/t0035.000,K2,HELD_OUT,O3,18.97225555119887,38.01199991575621,41.25669232046183,52.60654569074998,0.9434,9.81082662922878,31.523424992934405,38.97593622547039,57.032473867320896,0.9312,26.258752350101073
Sub05,Date03_Sub05_yogaball,t0035.000,Sub05/Date03_Sub05_yogaball/t0035.000,K2,HELD_OUT,O4,17.239155600005844,36.171859143094494,37.98269177902611,49.26295524626138,0.951,10.44469906772115,31.66836846153616,37.34504300241003,54.78959329626384,0.9374,19.712100195390157
Sub05,Date03_Sub05_yogaball,t0035.000,Sub05/Date03_Sub05_yogaball/t0035.000,K3,HELD_OUT,O0,50.72629784821505,74.80943634355835,96.88626007861616,108.51175360538772,0.4932,13.274023208102621,40.289841404331185,31.929201429438034,38.27125233281674,0.9724,86.81660956205103
Sub05,Date03_Sub05_yogaball,t0035.000,Sub05/Date03_Sub05_yogaball/t0035.000,K3,HELD_OUT,O1,11.534677655419129,39.28284321054739,30.826118475449828,36.13264171534691,0.9702,11.166460469962866,38.56534149272585,28.648020033702956,35.84704873270307,0.972,8.82032394703461
Sub05,Date03_Sub05_yogaball,t0035.000,Sub05/Date03_Sub05_yogaball/t0035.000,K3,HELD_OUT,O2,10.286529214893912,38.50706378895766,30.317971254748592,41.455069612111906,0.973,7.957513066091497,36.807517652696866,29.28764586479543,35.423938641320724,0.9746,12.316051463138376
Sub05,Date03_Sub05_yogaball,t0035.000,Sub05/Date03_Sub05_yogaball/t0035.000,K3,HELD_OUT,O3,11.997357803377728,39.45702501185048,29.509614443509562,36.60427267500996,0.9702,10.501066240326693,38.316616467139845,28.362950705004078,36.35483934344007,0.9712,11.041036381406004
Sub05,Date03_Sub05_yogaball,t0035.000,Sub05/Date03_Sub05_yogaball/t0035.000,K3,HELD_OUT,O4,10.155398714357542,38.33868745149562,29.808880761870142,40.18056829732085,0.9748,8.026971309343448,36.76241739146826,29.247189275011372,35.12735972820377,0.9748,11.382429188597916
Sub05,Date03_Sub05_yogaball,t0051.000,Sub05/Date03_Sub05_yogaball/t0051.000,K0,K0_DIAGNOSTIC,O0,112.0798190378326,106.85929966536789,136.32332848231476,141.42927319015743,0.0376,10.434816474775925,13.518259763987167,27.670032092407016,35.10483626969515,0.9902,131.6123971229726
Sub05,Date03_Sub05_yogaball,t0051.000,Sub05/Date03_Sub05_yogaball/t0051.000,K0,K0_DIAGNOSTIC,O1,10.564607470130628,13.968291389591101,31.098139259575248,38.10694815547589,0.986,10.31612363909555,13.482540901044011,28.429619663622482,37.0796128843889,0.988,5.078258190637746
Sub05,Date03_Sub05_yogaball,t0051.000,Sub05/Date03_Sub05_yogaball/t0051.000,K0,K0_DIAGNOSTIC,O2,5.9479932428309965,8.293136398506157,16.04142974003544,22.206727671370672,0.989,5.439212410807017,8.044647094494893,15.984583080487969,22.022011162098984,0.9894,4.080104464401881
Sub05,Date03_Sub05_yogaball,t0051.000,Sub05/Date03_Sub05_yogaball/t0051.000,K0,K0_DIAGNOSTIC,O3,9.645626825433014,13.685745886176036,33.04276907723214,42.34594834036564,0.9718,9.603594341185808,13.282801547616549,30.43549511149371,39.06109227874041,0.9838,7.16239680794975
Sub05,Date03_Sub05_yogaball,t0051.000,Sub05/Date03_Sub05_yogaball/t0051.000,K0,K0_DIAGNOSTIC,O4,5.742906822897584,8.108425462942382,15.677516512295053,21.774673309259576,0.989,5.375950394703321,7.9069215347892925,15.786201665016021,21.47817453900896,0.9898,3.9655534135792916
Sub05,Date03_Sub05_yogaball,t0051.000,Sub05/Date03_Sub05_yogaball/t0051.000,K1,HELD_OUT,O0,77.95785956840382,76.36469747199877,131.1764238453374,141.04069736633423,0.305,18.801880596042935,21.714881543868966,44.09079151544925,52.49664368382507,0.9346,111.53085584927415
Sub05,Date03_Sub05_yogaball,t0051.000,Sub05/Date03_Sub05_yogaball/t0051.000,K1,HELD_OUT,O1,14.431015075505476,18.70583610102975,40.26871225441846,50.75437830980526,0.9488,11.825700861609356,17.227657397564837,39.01392426225115,50.16410275963959,0.9496,10.570866914915703
Sub05,Date03_Sub05_yogaball,t0051.000,Sub05/Date03_Sub05_yogaball/t0051.000,K1,HELD_OUT,O2,12.622287576374568,18.10906702172036,35.44336046492057,60.2011426139567,0.9416,8.409797753109698,15.237752012590413,33.11733856978686,63.055485097796144,0.9384,12.50298413474244
Sub05,Date03_Sub05_yogaball,t0051.000,Sub05/Date03_Sub05_yogaball/t0051.000,K1,HELD_OUT,O3,15.482203511379772,20.277403376937094,42.915562739745084,54.43667698714055,0.9304,11.323259104612674,17.381058047693713,40.35037155796761,54.13114420143658,0.9382,15.208664013220865
Sub05,Date03_Sub05_yogaball,t0051.000,Sub05/Date03_Sub05_yogaball/t0051.000,K1,HELD_OUT,O4,12.333469054115898,17.63038577949051,34.60999788887093,58.56015114061908,0.9424,8.21344592220225,14.828987071841265,32.42159768075884,60.89267876221951,0.9396,12.361252708291271
Sub05,Date03_Sub05_yogaball,t0051.000,Sub05/Date03_Sub05_yogaball/t0051.000,K2,HELD_OUT,O0,42.28494929192964,53.593785014427596,76.7558501423015,83.58041662114248,0.6146,39.744943643980484,53.4294837307249,81.10810936609673,89.95160774150706,0.6312,11.816083189716883
Sub05,Date03_Sub05_yogaball,t0051.000,Sub05/Date03_Sub05_yogaball/t0051.000,K2,HELD_OUT,O1,21.000890879119773,36.2803417379374,57.57961202631493,65.7524742341849,0.8534,16.487345260666846,31.315273372179515,41.75365712714808,60.345011448767394,0.9332,25.498771782149994
Sub05,Date03_Sub05_yogaball,t0051.000,Sub05/Date03_Sub05_yogaball/t0051.000,K2,HELD_OUT,O2,20.40798725666377,36.82320768073734,52.50762764274379,67.20384695049701,0.8802,11.374579121861704,29.177818216323423,36.305695641678284,84.95172276187219,0.9244,24.95588294898309
Sub05,Date03_Sub05_yogaball,t0051.000,Sub05/Date03_Sub05_yogaball/t0051.000,K2,HELD_OUT,O3,21.029450924675146,36.40134886863954,56.33939087506887,66.72524474559486,0.8588,17.56993439925173,32.19249910484928,43.30066920835436,59.24063488244844,0.9374,24.96527368203813
Sub05,Date03_Sub05_yogaball,t0051.000,Sub05/Date03_Sub05_yogaball/t0051.000,K2,HELD_OUT,O4,20.259073004991095,36.61086186102469,52.61284570152542,66.5517086139912,0.8794,11.248560591409628,29.05819887959154,36.78872470159805,83.4423227523352,0.9244,24.625096070818977
Sub05,Date03_Sub05_yogaball,t0051.000,Sub05/Date03_Sub05_yogaball/t0051.000,K3,HELD_OUT,O0,61.1785991769949,108.95410367517022,124.53752505283462,139.5426559957416,0.393,23.266380018463714,71.84324927724948,61.56834836898659,72.42656863396482,0.8368,93.89265099573551
Sub05,Date03_Sub05_yogaball,t0051.000,Sub05/Date03_Sub05_yogaball/t0051.000,K3,HELD_OUT,O1,16.84851720445841,63.62888633651511,41.14935387270835,49.822992501259606,0.9514,11.500659163052584,59.24274835395205,34.97189154967603,46.20611936735838,0.9582,17.973780289327102
Sub05,Date03_Sub05_yogaball,t0051.000,Sub05/Date03_Sub05_yogaball/t0051.000,K3,HELD_OUT,O2,11.559785486078217,59.72002247980338,32.19511294797693,44.76243760896943,0.9544,8.319262197435933,57.062330389739444,27.42129970938084,49.57155153971678,0.9502,12.274274307206113
Sub05,Date03_Sub05_yogaball,t0051.000,Sub05/Date03_Sub05_yogaball/t0051.000,K3,HELD_OUT,O3,15.118803519052227,62.415518048619454,39.60531733367672,49.84695691575351,0.9502,11.42733483332244,59.533729212558924,36.01724347969242,47.646630799270234,0.9548,13.488409384459219
Sub05,Date03_Sub05_yogaball,t0051.000,Sub05/Date03_Sub05_yogaball/t0051.000,K3,HELD_OUT,O4,11.617337065360822,59.61322352151091,32.22096478751808,44.855681920390545,0.955,8.426353735654416,57.103353214959114,27.523130827272052,49.77122170090402,0.95,12.137684044148815
Sub06,Date05_Sub06_backpack_back,t0015.000,Sub06/Date05_Sub06_backpack_back/t0015.000,K0,K0_DIAGNOSTIC,O0,15.822330765051724,19.13625811392307,35.16188716635955,43.54926687530346,0.9686,10.17351761425693,15.034832712378854,30.48998104760773,40.64342851987639,0.972,22.97080604701385
Sub06,Date05_Sub06_backpack_back,t0015.000,Sub06/Date05_Sub06_backpack_back/t0015.000,K0,K0_DIAGNOSTIC,O1,10.79139774979938,15.665523831670662,31.51232717170288,42.07970516063476,0.9696,9.937902379377979,14.9506154254317,30.399055712220513,40.701534525829125,0.9728,8.622039899486232
Sub06,Date05_Sub06_backpack_back,t0015.000,Sub06/Date05_Sub06_backpack_back/t0015.000,K0,K0_DIAGNOSTIC,O2,7.911414869960003,13.29354475708004,29.17052484896704,40.74507125525065,0.976,8.357512175610287,13.302395555423262,27.969427993583125,39.29614094352877,0.979,3.726364179573379
Sub06,Date05_Sub06_backpack_back,t0015.000,Sub06/Date05_Sub06_backpack_back/t0015.000,K0,K0_DIAGNOSTIC,O3,9.786714311552828,15.042517301867218,32.6280145851926,44.642662618557175,0.9672,9.658145429993336,14.715616052676639,29.96388557149114,40.67813533027678,0.9744,7.098852053550557
Sub06,Date05_Sub06_backpack_back,t0015.000,Sub06/Date05_Sub06_backpack_back/t0015.000,K0,K0_DIAGNOSTIC,O4,7.90178484033801,13.222860078375955,28.831727433248204,40.29509508113605,0.9762,8.347575488276155,13.239679268050159,27.883450333176377,39.30439874869277,0.979,3.52099450223199
Sub06,Date05_Sub06_backpack_back,t0015.000,Sub06/Date05_Sub06_backpack_back/t0015.000,K1,HELD_OUT,O0,26.409012704247488,84.68384099074656,119.28681230897523,200.59776976820598,0.7438,20.653791532420865,76.10677498585102,89.58356599910677,170.96795207890224,0.8,36.5803773910563
Sub06,Date05_Sub06_backpack_back,t0015.000,Sub06/Date05_Sub06_backpack_back/t0015.000,K1,HELD_OUT,O1,21.00341572682635,79.77670006520343,108.92696964203695,194.66251811925022,0.7634,20.84389357172546,75.99786934434225,89.49343228689419,170.34249221335813,0.804,26.538731040800737
Sub06,Date05_Sub06_backpack_back,t0015.000,Sub06/Date05_Sub06_backpack_back/t0015.000,K1,HELD_OUT,O2,16.92493557302361,76.32524733734932,100.02099506710519,188.0504000292634,0.778,18.19083346282862,74.01467615380335,84.52701509920483,173.35340445012866,0.7996,17.927652262774373
Sub06,Date05_Sub06_backpack_back,t0015.000,Sub06/Date05_Sub06_backpack_back/t0015.000,K1,HELD_OUT,O3,20.39812279394938,79.48774678402877,111.30217580707361,194.53573845453462,0.768,20.60847920463147,75.88689121855442,91.864009086044,171.2070322612217,0.806,25.494208400549127
Sub06,Date05_Sub06_backpack_back,t0015.000,Sub06/Date05_Sub06_backpack_back/t0015.000,K1,HELD_OUT,O4,16.71253563678975,76.35431519594327,101.0059012216364,188.85617203407955,0.778,18.092907421223266,74.06162438314058,85.01650667196625,173.6778205475698,0.7978,17.401194334939134
Sub06,Date05_Sub06_backpack_back,t0015.000,Sub06/Date05_Sub06_backpack_back/t0015.000,K2,HELD_OUT,O0,23.8413849676247,30.323581429821,62.62170782504029,82.53384781471617,0.8362,15.837212747710657,21.179940547195322,44.37033612208468,58.226523309978155,0.9276,33.19453373031433
Sub06,Date05_Sub06_backpack_back,t0015.000,Sub06/Date05_Sub06_backpack_back/t0015.000,K2,HELD_OUT,O1,16.52242333250556,23.28373927858616,52.88075599127408,68.48000938027262,0.8872,15.899358977478412,21.124645498734473,44.0898041451613,57.208302827283944,0.9282,16.52783026683698
Sub06,Date05_Sub06_backpack_back,t0015.000,Sub06/Date05_Sub06_backpack_back/t0015.000,K2,HELD_OUT,O2,13.295449280542938,21.357975716422633,54.77862650546132,72.07699157436203,0.8834,13.690202510701582,20.331866396722138,47.9985663920535,64.37995149961613,0.9054,10.4922675324537
Sub06,Date05_Sub06_backpack_back,t0015.000,Sub06/Date05_Sub06_backpack_back/t0015.000,K2,HELD_OUT,O3,15.71301115724303,21.849459085347686,47.88446121602023,63.09008790419089,0.9082,16.031780728567234,21.248272830752583,44.097301967131635,57.83318590612972,0.9288,9.28703482320647
Sub06,Date05_Sub06_backpack_back,t0015.000,Sub06/Date05_Sub06_backpack_back/t0015.000,K2,HELD_OUT,O4,13.206463480182666,21.332998533192892,54.621757742905736,72.07868143627418,0.8826,13.543179607203236,20.332832183821573,48.346002424937424,64.74495019361022,0.9046,10.15253252360777
Sub06,Date05_Sub06_backpack_back,t0015.000,Sub06/Date05_Sub06_backpack_back/t0015.000,K3,HELD_OUT,O0,19.253404706811708,48.76839594383094,49.54369056509719,65.08204544832215,0.9026,17.363421862298047,44.93323857060932,38.52390797511508,51.929902904332884,0.9456,23.579167382005537
Sub06,Date05_Sub06_backpack_back,t0015.000,Sub06/Date05_Sub06_backpack_back/t0015.000,K3,HELD_OUT,O1,17.57721938256047,45.54495368306024,41.200813514573824,54.882574083395816,0.935,17.116849236177522,44.53032912928015,38.629129704716085,49.933149719594205,0.9502,12.126938081652586
Sub06,Date05_Sub06_backpack_back,t0015.000,Sub06/Date05_Sub06_backpack_back/t0015.000,K3,HELD_OUT,O2,13.267736341587243,42.95730229612387,39.76593672111499,55.85761228394051,0.9316,13.205634361703659,42.484681437096654,38.77580384508589,52.081687792006036,0.9442,6.863851193322434
Sub06,Date05_Sub06_backpack_back,t0015.000,Sub06/Date05_Sub06_backpack_back/t0015.000,K3,HELD_OUT,O3,17.65574084904307,44.89529327825132,37.685786791012006,50.19656768328394,0.9492,17.31111878125378,44.55523147890629,38.57111093799484,49.69730517461578,0.9506,6.866432777889934
Sub06,Date05_Sub06_backpack_back,t0015.000,Sub06/Date05_Sub06_backpack_back/t0015.000,K3,HELD_OUT,O4,13.303928717233246,42.93318208591104,39.81019866969614,55.81949860128843,0.9322,13.259876989467298,42.493737790571366,38.50579341061525,51.97752724238331,0.9444,6.596184253338501
Sub06,Date05_Sub06_backpack_back,t0026.000,Sub06/Date05_Sub06_backpack_back/t0026.000,K0,K0_DIAGNOSTIC,O0,10.387453506878359,44.373113511933354,25.64292077366634,34.51355332731538,0.9766,10.159626038323186,44.08672654031026,24.880733876937676,34.183487881791336,0.9774,5.259514517686218
Sub06,Date05_Sub06_backpack_back,t0026.000,Sub06/Date05_Sub06_backpack_back/t0026.000,K0,K0_DIAGNOSTIC,O1,10.230632471700075,44.18150819387289,25.157268979543417,34.37724547504176,0.9768,10.008716301664029,43.997731461396725,25.170254855732235,33.96182768887965,0.978,4.246720713913769
Sub06,Date05_Sub06_backpack_back,t0026.000,Sub06/Date05_Sub06_backpack_back/t0026.000,K0,K0_DIAGNOSTIC,O2,7.606270407491835,42.37124159339563,23.321033036550215,34.87471107570348,0.9792,7.730396143811049,42.24699842418444,22.601549716996278,33.27504171950332,0.9806,3.9508290572439044
Sub06,Date05_Sub06_backpack_back,t0026.000,Sub06/Date05_Sub06_backpack_back/t0026.000,K0,K0_DIAGNOSTIC,O3,8.960464190413536,43.51153210973736,25.345907578149607,35.5010894293902,0.9788,8.702547609464778,43.408273234590695,25.60389623659477,34.9686199708258,0.979,2.6667677297720713
Sub06,Date05_Sub06_backpack_back,t0026.000,Sub06/Date05_Sub06_backpack_back/t0026.000,K0,K0_DIAGNOSTIC,O4,7.337948345783435,42.12943126789069,23.00486942652828,34.31168131854926,0.9796,7.437226278933565,41.963066757724356,22.504026367284848,32.9404855959517,0.9804,3.901144716164576
Sub06,Date05_Sub06_backpack_back,t0026.000,Sub06/Date05_Sub06_backpack_back/t0026.000,K1,HELD_OUT,O0,11.352418120416935,15.341278223539755,34.37124600143559,44.110348166682904,0.97,10.232650923926453,13.975515612379983,30.21492734015499,38.447608054777106,0.982,11.00071927629397
Sub06,Date05_Sub06_backpack_back,t0026.000,Sub06/Date05_Sub06_backpack_back/t0026.000,K1,HELD_OUT,O1,10.810096099314723,15.018942096454499,34.026525495425616,43.19978593911496,0.9736,10.220402512725087,13.978263703827487,30.3986656448708,38.32031001844344,0.9828,10.174547509029157
Sub06,Date05_Sub06_backpack_back,t0026.000,Sub06/Date05_Sub06_backpack_back/t0026.000,K1,HELD_OUT,O2,8.1898725112156,13.102041824011343,30.88804448110407,37.598813825291344,0.9794,8.101236471608138,12.884937267577065,30.16230819047811,37.02154676121181,0.9824,4.763278371097537
Sub06,Date05_Sub06_backpack_back,t0026.000,Sub06/Date05_Sub06_backpack_back/t0026.000,K1,HELD_OUT,O3,10.539806615288423,15.302639150575974,33.935042952859526,40.95457881269535,0.9772,10.093438900309337,14.234019250184836,31.60819742427828,38.54513052286702,0.983,12.05925244871747
Sub06,Date05_Sub06_backpack_back,t0026.000,Sub06/Date05_Sub06_backpack_back/t0026.000,K1,HELD_OUT,O4,8.273565638985161,13.029016651224907,31.072147366976598,37.569866489002536,0.9814,8.031865516370251,12.764200704945356,29.821656415666546,37.005851606379146,0.9834,5.543293530364934
Sub06,Date05_Sub06_backpack_back,t0026.000,Sub06/Date05_Sub06_backpack_back/t0026.000,K2,HELD_OUT,O0,12.49420227605721,38.73160134687304,31.179447363809125,38.13899616982964,0.9818,10.825178894852659,37.51396002193452,29.63682047791386,39.960831835096826,0.9762,11.81269076053332
Sub06,Date05_Sub06_backpack_back,t0026.000,Sub06/Date05_Sub06_backpack_back/t0026.000,K2,HELD_OUT,O1,12.689847284159697,38.99257901707799,31.85591249498984,38.47813080902275,0.9808,10.91863579120654,37.576613775674176,29.80605320444511,39.998042151318835,0.9766,13.404908607707611
Sub06,Date05_Sub06_backpack_back,t0026.000,Sub06/Date05_Sub06_backpack_back/t0026.000,K2,HELD_OUT,O2,13.892360205126165,41.19096212913736,38.038969919884934,46.796991329497644,0.9632,11.286950503842641,38.117569085741344,30.39065916698083,38.22281937016378,0.9788,19.199214383998346
Sub06,Date05_Sub06_backpack_back,t0026.000,Sub06/Date05_Sub06_backpack_back/t0026.000,K2,HELD_OUT,O3,14.26459559097399,40.626058449387955,35.26058196425904,43.61816109437128,0.9702,12.285661933646907,38.57418366350611,31.488129472047135,37.885807073440894,0.9802,17.215181090840797
Sub06,Date05_Sub06_backpack_back,t0026.000,Sub06/Date05_Sub06_backpack_back/t0026.000,K2,HELD_OUT,O4,14.414216417310328,41.53891118152257,38.12862747967724,46.99857232797178,0.9632,11.522153911922267,38.29220798014238,30.528326446887007,38.254445592858595,0.9792,19.800123048715495
Sub06,Date05_Sub06_backpack_back,t0026.000,Sub06/Date05_Sub06_backpack_back/t0026.000,K3,HELD_OUT,O0,13.627794359049219,34.53613799374603,31.18090049720849,38.29555389500243,0.9844,9.499718159822429,31.274757413453813,27.349335383875935,33.651322777887785,0.9878,14.699053162192975
Sub06,Date05_Sub06_backpack_back,t0026.000,Sub06/Date05_Sub06_backpack_back/t0026.000,K3,HELD_OUT,O1,14.095185078376481,35.069329368359796,32.03638732689722,39.11753259817929,0.9838,9.481366910929284,31.258349408323475,27.528093282679215,33.659498918468664,0.9876,15.736792495468139
Sub06,Date05_Sub06_backpack_back,t0026.000,Sub06/Date05_Sub06_backpack_back/t0026.000,K3,HELD_OUT,O2,18.669146976593865,39.497391932144595,40.71898405304696,48.22027772059484,0.9574,10.201669045793686,31.58821219051067,26.2419216845728,31.804855258695756,0.9864,23.286275478594714
Sub06,Date05_Sub06_backpack_back,t0026.000,Sub06/Date05_Sub06_backpack_back/t0026.000,K3,HELD_OUT,O3,15.045787494219699,36.33796029830053,34.68639202356565,43.37040116831077,0.9692,9.598728892735362,31.551747401839286,27.25456265103145,34.65017283769674,0.9854,18.07181903866817
Sub06,Date05_Sub06_backpack_back,t0026.000,Sub06/Date05_Sub06_backpack_back/t0026.000,K3,HELD_OUT,O4,18.088952728924227,39.15450727925838,40.99378361301983,49.00817685933964,0.954,9.990264678485012,31.62731933252949,26.409956894883866,32.93332913164073,0.9862,22.467932940471666
Sub06,Date05_Sub06_backpack_back,t0038.000,Sub06/Date05_Sub06_backpack_back/t0038.000,K0,K0_DIAGNOSTIC,O0,46.40661753782539,96.52992439416367,97.74236348257251,148.85916578973269,0.5432,17.610103820265486,71.08295255096228,66.83599283317017,104.00516216485535,0.8536,66.70466317875153
Sub06,Date05_Sub06_backpack_back,t0038.000,Sub06/Date05_Sub06_backpack_back/t0038.000,K0,K0_DIAGNOSTIC,O1,17.27724401235585,72.03453304214794,67.80370510582242,112.68716580464086,0.8526,17.13622535454078,70.89701336365447,66.23462143363051,104.52498337675296,0.857,10.853971697837622
Sub06,Date05_Sub06_backpack_back,t0038.000,Sub06/Date05_Sub06_backpack_back/t0038.000,K0,K0_DIAGNOSTIC,O2,9.950304835166873,65.40111862824487,61.661106104236,101.34438129442923,0.8808,10.266942303735604,65.40553950048702,60.63901973495202,99.93297283037069,0.8832,2.198343496666684
Sub06,Date05_Sub06_backpack_back,t0038.000,Sub06/Date05_Sub06_backpack_back/t0038.000,K0,K0_DIAGNOSTIC,O3,15.93293826111918,70.57305237385597,67.44163469056801,110.00890329289778,0.863,16.29325326145234,70.35392652423728,65.84648554685151,104.0856541057185,0.8618,7.539738429613724
Sub06,Date05_Sub06_backpack_back,t0038.000,Sub06/Date05_Sub06_backpack_back/t0038.000,K0,K0_DIAGNOSTIC,O4,9.624649017366442,65.15416235286291,61.43919085491843,102.10123143214213,0.8858,10.039680143490315,65.18944140380859,60.53387343226579,100.33154487748335,0.886,3.4229934034685847
Sub06,Date05_Sub06_backpack_back,t0038.000,Sub06/Date05_Sub06_backpack_back/t0038.000,K1,HELD_OUT,O0,27.32337333782189,30.64636120518333,59.350182993985115,69.72110237207738,0.8386,15.787785666706439,19.94045134183973,41.81120363950376,50.7011161070662,0.946,43.00618218678501
Sub06,Date05_Sub06_backpack_back,t0038.000,Sub06/Date05_Sub06_backpack_back/t0038.000,K1,HELD_OUT,O1,13.380928273423539,19.087370235480588,42.738613139279536,54.15673814116519,0.9326,13.911750761595123,18.768184805713194,40.96685972562298,52.79558051119331,0.9412,6.350143140784808
Sub06,Date05_Sub06_backpack_back,t0038.000,Sub06/Date05_Sub06_backpack_back/t0038.000,K1,HELD_OUT,O2,10.259181029209802,16.11110240881737,37.30393822418625,55.37071801258858,0.9374,10.242040402928922,15.781113394322054,35.59183833068719,53.492141699653175,0.9416,5.74637379348907
Sub06,Date05_Sub06_backpack_back,t0038.000,Sub06/Date05_Sub06_backpack_back/t0038.000,K1,HELD_OUT,O3,12.968857404142831,18.736313858045797,42.44889744945107,54.38601057745378,0.9346,13.199039025127343,18.535254386544725,40.02208441507095,52.08511974499879,0.942,4.872526358632831
Sub06,Date05_Sub06_backpack_back,t0038.000,Sub06/Date05_Sub06_backpack_back/t0038.000,K1,HELD_OUT,O4,10.333780518590038,16.12912439193259,35.936811416569995,54.64357314869503,0.9414,10.320973718574487,15.864686403385614,35.743068662071494,53.47795509620351,0.943,5.14481149600983
Sub06,Date05_Sub06_backpack_back,t0038.000,Sub06/Date05_Sub06_backpack_back/t0038.000,K2,HELD_OUT,O0,31.362615138703866,45.88998377735282,64.60807942730075,72.75469602515142,0.7528,20.377061776233063,35.763105686559044,46.13178845654638,60.65523573558391,0.9192,47.83498882945174
Sub06,Date05_Sub06_backpack_back,t0038.000,Sub06/Date05_Sub06_backpack_back/t0038.000,K2,HELD_OUT,O1,18.036563245669655,35.58463122496223,50.750683057690324,67.72859541344533,0.8948,18.475227096325916,35.08900076704186,47.22017463049771,63.80753591942419,0.9164,7.104360166217229
Sub06,Date05_Sub06_backpack_back,t0038.000,Sub06/Date05_Sub06_backpack_back/t0038.000,K2,HELD_OUT,O2,12.49687029094499,33.84700731583446,58.19507533197694,85.22208901237758,0.8784,14.49601015458994,32.9506394244829,52.0639607929787,77.52817248720228,0.8934,8.737708889765647
Sub06,Date05_Sub06_backpack_back,t0038.000,Sub06/Date05_Sub06_backpack_back/t0038.000,K2,HELD_OUT,O3,19.023268849142084,35.68275467022363,52.16448317123194,70.39097212266957,0.8892,18.761414909834166,35.00521428929775,46.12354474510717,62.84764258873294,0.9174,9.606860658227626
Sub06,Date05_Sub06_backpack_back,t0038.000,Sub06/Date05_Sub06_backpack_back/t0038.000,K2,HELD_OUT,O4,12.708457942514158,34.012859662829904,58.1424480069878,85.86328474193657,0.8796,15.038124672042764,33.211502500779225,51.135433738307974,76.89612949095081,0.8974,9.630124921622
Sub06,Date05_Sub06_backpack_back,t0038.000,Sub06/Date05_Sub06_backpack_back/t0038.000,K3,HELD_OUT,O0,24.29017132922702,45.059424857098435,55.60178626848037,68.76936417552123,0.8596,16.525243065887643,37.581608592300746,42.44801318853747,57.76676467074114,0.9314,38.444441382398374
Sub06,Date05_Sub06_backpack_back,t0038.000,Sub06/Date05_Sub06_backpack_back/t0038.000,K3,HELD_OUT,O1,16.335006946363933,38.602349291871946,46.49246723733338,60.06762859373321,0.9148,15.98679970978365,37.584340437228086,44.36212451523447,56.267188606011665,0.9288,10.329530234226493
Sub06,Date05_Sub06_backpack_back,t0038.000,Sub06/Date05_Sub06_backpack_back/t0038.000,K3,HELD_OUT,O2,12.238463335460569,36.07383536599518,47.88478310472126,69.04086551166536,0.9048,12.870143524902982,35.30762626125027,42.81528625927956,64.58659500125643,0.921,9.883505355710215
Sub06,Date05_Sub06_backpack_back,t0038.000,Sub06/Date05_Sub06_backpack_back/t0038.000,K3,HELD_OUT,O3,15.415611999631,38.337393364705385,47.106001196076775,61.717408017531056,0.912,16.045078506536978,37.30389611575689,42.173538861009405,55.04673360036955,0.9362,10.667048272092389
Sub06,Date05_Sub06_backpack_back,t0038.000,Sub06/Date05_Sub06_backpack_back/t0038.000,K3,HELD_OUT,O4,11.545048035200452,36.07073901157358,48.52278801502897,69.85000081487624,0.9032,13.037077538068864,35.347222951462925,42.39069045670639,64.17193352811171,0.9216,10.059540208061899
Sub06,Date05_Sub06_stool_sit,t0015.000,Sub06/Date05_Sub06_stool_sit/t0015.000,K0,K0_DIAGNOSTIC,O0,15.362749979734193,31.1476554648395,43.01840584735658,72.06746754083122,0.9112,13.888750227130156,29.54563498874958,42.28835003004929,68.2857315038916,0.9158,14.662369122479726
Sub06,Date05_Sub06_stool_sit,t0015.000,Sub06/Date05_Sub06_stool_sit/t0015.000,K0,K0_DIAGNOSTIC,O1,14.090272834251744,29.875527347206738,43.24387827886805,71.23576461759016,0.9114,13.690092087978003,29.473710493272474,42.26112331405436,68.13910110146162,0.9162,7.410116734637522
Sub06,Date05_Sub06_stool_sit,t0015.000,Sub06/Date05_Sub06_stool_sit/t0015.000,K0,K0_DIAGNOSTIC,O2,10.577993053170465,26.03343444644154,37.5358497228737,60.39097019971957,0.922,10.657521792617592,25.96280750670676,37.1588401826901,59.98507153647464,0.9236,2.41430823394776
Sub06,Date05_Sub06_stool_sit,t0015.000,Sub06/Date05_Sub06_stool_sit/t0015.000,K0,K0_DIAGNOSTIC,O3,13.591533095377635,29.535699104699027,45.3442426879374,71.93329879508403,0.9066,13.525389438460355,29.20451911915145,42.55053916356498,69.64104668303996,0.913,7.230485005395597
Sub06,Date05_Sub06_stool_sit,t0015.000,Sub06/Date05_Sub06_stool_sit/t0015.000,K0,K0_DIAGNOSTIC,O4,10.374335092382267,25.819512590930383,36.114982124161024,59.46915197360998,0.924,10.716957678844638,25.773469507580348,35.17260452654896,57.67167313346939,0.9284,2.3019276745566355
Sub06,Date05_Sub06_stool_sit,t0015.000,Sub06/Date05_Sub06_stool_sit/t0015.000,K1,HELD_OUT,O0,25.698059571282997,33.02321032633133,72.67517173269695,89.12458176506263,0.7772,18.794419299519532,25.7341233286905,57.21194993790655,78.83673966395963,0.8736,37.98324785337082
Sub06,Date05_Sub06_stool_sit,t0015.000,Sub06/Date05_Sub06_stool_sit/t0015.000,K1,HELD_OUT,O1,21.861102656100933,30.23134757170962,67.48262864010195,85.25652324298164,0.8156,18.7608176068118,25.69547236864362,56.591156373944756,78.95299602565973,0.8768,30.326227761627713
Sub06,Date05_Sub06_stool_sit,t0015.000,Sub06/Date05_Sub06_stool_sit/t0015.000,K1,HELD_OUT,O2,17.67923141439517,26.611780729842152,59.07605681281238,77.07823933190386,0.856,16.943301754148063,23.787651018691328,52.9913171247785,72.52607732567726,0.8886,22.689204110292998
Sub06,Date05_Sub06_stool_sit,t0015.000,Sub06/Date05_Sub06_stool_sit/t0015.000,K1,HELD_OUT,O3,20.534103195704137,28.91184918879429,67.44527053134965,84.3629254871918,0.8326,18.880351770372478,25.7616252944145,57.3434278990328,79.16385116404348,0.872,25.89161997347344
Sub06,Date05_Sub06_stool_sit,t0015.000,Sub06/Date05_Sub06_stool_sit/t0015.000,K1,HELD_OUT,O4,17.711952906901573,26.849754169179732,58.798609422171545,77.45511377335905,0.8544,16.8301761805169,23.7473593993035,52.52379999894589,72.31844500248246,0.8888,23.955393436229492
Sub06,Date05_Sub06_stool_sit,t0015.000,Sub06/Date05_Sub06_stool_sit/t0015.000,K2,HELD_OUT,O0,33.24230807534322,57.19228789888754,87.5129936855645,110.25251239625683,0.7182,21.183587552998315,45.98261415680233,64.63736173734274,86.67587188219504,0.8322,47.25771463953047
Sub06,Date05_Sub06_stool_sit,t0015.000,Sub06/Date05_Sub06_stool_sit/t0015.000,K2,HELD_OUT,O1,34.31965892747296,57.24232375986788,86.17271628104191,109.86689538214416,0.7178,20.8897066787505,45.904738181631075,64.71776784432856,86.37319239853734,0.8332,46.0121758848735
Sub06,Date05_Sub06_stool_sit,t0015.000,Sub06/Date05_Sub06_stool_sit/t0015.000,K2,HELD_OUT,O2,31.253201838965822,56.411303334760504,89.31012289606723,115.22587769860985,0.7282,21.406690031651635,46.74325509789065,69.27288507749081,92.13369847827877,0.823,40.67914912555249
Sub06,Date05_Sub06_stool_sit,t0015.000,Sub06/Date05_Sub06_stool_sit/t0015.000,K2,HELD_OUT,O3,32.92035797834605,56.01499655431537,84.50221602658263,109.3334885580716,0.7376,20.947694171017446,45.96090966960077,64.87086074345243,85.78413198198294,0.8306,43.09132310060314
Sub06,Date05_Sub06_stool_sit,t0015.000,Sub06/Date05_Sub06_stool_sit/t0015.000,K2,HELD_OUT,O4,32.84326110522589,57.62590970226808,90.46468337290706,116.96358001992161,0.7112,21.47062159024547,46.7787723023282,68.97671156440988,92.40664570267185,0.8238,43.637951712161204
Sub06,Date05_Sub06_stool_sit,t0015.000,Sub06/Date05_Sub06_stool_sit/t0015.000,K3,HELD_OUT,O0,18.53844114373485,46.30803256235812,65.54279946080119,94.03279169525312,0.8628,17.307526147639642,43.82205511698554,52.33134703657129,81.89553785024705,0.888,22.835268299287137
Sub06,Date05_Sub06_stool_sit,t0015.000,Sub06/Date05_Sub06_stool_sit/t0015.000,K3,HELD_OUT,O1,19.313390253799568,47.02599702953409,67.5887744168178,96.75656182583643,0.8508,17.196828462797427,43.7641391830127,52.286041603213945,81.42955353936804,0.8888,25.56845602723182
Sub06,Date05_Sub06_stool_sit,t0015.000,Sub06/Date05_Sub06_stool_sit/t0015.000,K3,HELD_OUT,O2,17.097047416507564,48.007340126689094,73.81998025327246,103.39799295192982,0.8176,16.57371527632957,44.926599284791656,58.21026514965048,90.0194233061737,0.8796,23.375573514992777
Sub06,Date05_Sub06_stool_sit,t0015.000,Sub06/Date05_Sub06_stool_sit/t0015.000,K3,HELD_OUT,O3,17.534808979280605,46.68593522057761,67.32672112287145,94.93097114486821,0.836,15.953768076240909,43.161510463879935,53.443916174044666,81.10853609841861,0.885,25.474988645949402
Sub06,Date05_Sub06_stool_sit,t0015.000,Sub06/Date05_Sub06_stool_sit/t0015.000,K3,HELD_OUT,O4,17.59587603576793,48.37829242832291,74.50158521650616,105.58464573697552,0.8156,16.407595397067354,44.924093246919135,59.1260695803202,91.07522346968169,0.8774,24.41011842663734
Sub06,Date05_Sub06_stool_sit,t0027.000,Sub06/Date05_Sub06_stool_sit/t0027.000,K0,K0_DIAGNOSTIC,O0,22.398431382798385,48.468102756648435,54.19978814567209,58.86061216892077,0.875,16.63095119665178,43.268632444820824,41.104171772981864,49.426627287726255,0.9542,26.25500311362318
Sub06,Date05_Sub06_stool_sit,t0027.000,Sub06/Date05_Sub06_stool_sit/t0027.000,K0,K0_DIAGNOSTIC,O1,18.189783266798017,44.741033016204405,45.54127881794289,50.054941304462155,0.9494,16.57785308498436,43.340983416761304,41.47017828991976,49.61165241587747,0.9512,13.287965330420437
Sub06,Date05_Sub06_stool_sit,t0027.000,Sub06/Date05_Sub06_stool_sit/t0027.000,K0,K0_DIAGNOSTIC,O2,13.6211199069812,40.397397643977214,36.1565935488552,48.34632432184979,0.9534,13.67443078135002,40.4025010524184,36.248419849366066,47.41225152443051,0.9548,2.1436527913711227
Sub06,Date05_Sub06_stool_sit,t0027.000,Sub06/Date05_Sub06_stool_sit/t0027.000,K0,K0_DIAGNOSTIC,O3,17.290217061938122,44.2490141631946,45.696227129174005,50.234395054884324,0.947,16.316228119033955,43.02067986381686,40.891243297429895,48.87905717125172,0.9546,12.445359773736874
Sub06,Date05_Sub06_stool_sit,t0027.000,Sub06/Date05_Sub06_stool_sit/t0027.000,K0,K0_DIAGNOSTIC,O4,13.401825827248839,40.18651745895192,35.558249824029744,46.0216355890024,0.9598,13.454394392059147,40.178484954454156,35.476992923827325,45.95911364715452,0.9598,2.2005728107717832
Sub06,Date05_Sub06_stool_sit,t0027.000,Sub06/Date05_Sub06_stool_sit/t0027.000,K1,HELD_OUT,O0,25.750658366020282,36.825287906433516,80.90123940810876,97.58370065972481,0.7418,17.095389143224963,24.816026623262673,50.41405124220212,63.56267198980407,0.8976,45.63042010802349
Sub06,Date05_Sub06_stool_sit,t0027.000,Sub06/Date05_Sub06_stool_sit/t0027.000,K1,HELD_OUT,O1,22.254421593988802,32.17990029113225,68.88383032508844,84.5616943978026,0.8064,16.819777044442226,24.357014399267072,48.67042686543319,61.51612284610385,0.9062,35.96602139525564
Sub06,Date05_Sub06_stool_sit,t0027.000,Sub06/Date05_Sub06_stool_sit/t0027.000,K1,HELD_OUT,O2,21.217479924933354,32.11863934152284,70.9990050796166,82.53990455719543,0.7858,17.69754852639837,24.035393027614912,46.18653285760766,54.46196175831809,0.9254,35.350459600874096
Sub06,Date05_Sub06_stool_sit,t0027.000,Sub06/Date05_Sub06_stool_sit/t0027.000,K1,HELD_OUT,O3,25.84061735168042,34.3777630300366,72.05695899485629,86.50306965504569,0.7922,16.769950954620256,24.329186972690163,49.14615136889141,61.01653117205415,0.9052,40.52399932304304
Sub06,Date05_Sub06_stool_sit,t0027.000,Sub06/Date05_Sub06_stool_sit/t0027.000,K1,HELD_OUT,O4,22.26819566071051,32.91455542282374,72.54929700700305,83.88413365298172,0.785,17.479274267722396,24.01483619838813,46.705225209131505,55.13917815912458,0.9222,36.75283791450553
Sub06,Date05_Sub06_stool_sit,t0027.000,Sub06/Date05_Sub06_stool_sit/t0027.000,K2,HELD_OUT,O0,57.13190552357155,68.93338453249625,93.68100124330476,104.30986486912859,0.406,13.38349719113115,29.14044723806129,39.574073026277496,57.370962967272355,0.9364,86.79508212524559
Sub06,Date05_Sub06_stool_sit,t0027.000,Sub06/Date05_Sub06_stool_sit/t0027.000,K2,HELD_OUT,O1,46.50091388684996,58.45423551564546,79.05010045522145,90.68701291,0.546,13.238635461318072,29.03803066465715,39.250843203361434,56.567097276931854,0.937,70.61880510472719
Sub06,Date05_Sub06_stool_sit,t0027.000,Sub06/Date05_Sub06_stool_sit/t0027.000,K2,HELD_OUT,O2,41.39955830063539,55.44258536212259,83.42812714856258,93.75661092951147,0.5984,15.558871866695931,30.677648062398244,42.254690694016126,53.84296035479789,0.9394,65.78576010186914
Sub06,Date05_Sub06_stool_sit,t0027.000,Sub06/Date05_Sub06_stool_sit/t0027.000,K2,HELD_OUT,O3,45.907590023622134,57.77861870551562,80.16159216723149,91.78976933570334,0.5558,13.324499128970068,29.165171352858795,40.17913703743551,57.69487686684445,0.9352,70.40810590739984
Sub06,Date05_Sub06_stool_sit,t0027.000,Sub06/Date05_Sub06_stool_sit/t0027.000,K2,HELD_OUT,O4,41.654289644869124,55.93194352140955,83.86634921661718,94.7013134195365,0.5968,15.21596345984572,30.532979154461326,42.16902357631417,53.71905879738928,0.9384,66.89825302369522
Sub06,Date05_Sub06_stool_sit,t0027.000,Sub06/Date05_Sub06_stool_sit/t0027.000,K3,HELD_OUT,O0,32.8469879990312,63.10431523745691,75.44579368154487,93.37870285758737,0.7044,19.838419469988818,48.99921070124432,44.498347673145076,54.37363853508979,0.9286,48.990634540453435
Sub06,Date05_Sub06_stool_sit,t0027.000,Sub06/Date05_Sub06_stool_sit/t0027.000,K3,HELD_OUT,O1,26.336649760695998,56.64079197879515,62.802318315197034,78.71244371766927,0.8238,19.616216607073145,48.52260107630063,43.83755022928959,53.67891059105046,0.9338,35.38298707940136
Sub06,Date05_Sub06_stool_sit,t0027.000,Sub06/Date05_Sub06_stool_sit/t0027.000,K3,HELD_OUT,O2,23.385503409128887,54.37933632088725,60.15528871747702,74.84884204181718,0.8396,18.777212299659823,48.9656333394208,47.124909266407556,58.593274581252416,0.9152,27.714455862261417
Sub06,Date05_Sub06_stool_sit,t0027.000,Sub06/Date05_Sub06_stool_sit/t0027.000,K3,HELD_OUT,O3,24.78244360110881,55.330939860288495,59.7042691848959,76.62854696464825,0.8394,19.545565081601936,48.5844259373981,43.971822295932625,54.04153208608828,0.9304,32.133028463437896
Sub06,Date05_Sub06_stool_sit,t0027.000,Sub06/Date05_Sub06_stool_sit/t0027.000,K3,HELD_OUT,O4,23.01134367493433,53.94911983423561,59.184190492042504,75.21211270755576,0.847,18.626081247023926,48.793388455796716,46.93213745571595,57.784187262537166,0.9148,26.92262992513104
Sub06,Date05_Sub06_stool_sit,t0038.000,Sub06/Date05_Sub06_stool_sit/t0038.000,K0,K0_DIAGNOSTIC,O0,28.519451728513747,44.56068456443208,58.07228141735402,73.8022096662671,0.837,16.720056935328685,35.22996530951653,46.04921160315391,55.355726870910345,0.9312,38.403755453850444
Sub06,Date05_Sub06_stool_sit,t0038.000,Sub06/Date05_Sub06_stool_sit/t0038.000,K0,K0_DIAGNOSTIC,O1,19.551109811429527,37.396175285501634,51.36031684457116,59.55323369244416,0.8896,16.761251517965405,35.12625135509926,45.909098947345754,54.98706881771102,0.9328,15.02870687339218
Sub06,Date05_Sub06_stool_sit,t0038.000,Sub06/Date05_Sub06_stool_sit/t0038.000,K0,K0_DIAGNOSTIC,O2,13.232143841025318,32.941927877008425,42.902189586849396,50.81474414185116,0.946,12.74609699142444,32.17258555253247,40.87111204258646,50.15471014195634,0.9494,9.466643592806106
Sub06,Date05_Sub06_stool_sit,t0038.000,Sub06/Date05_Sub06_stool_sit/t0038.000,K0,K0_DIAGNOSTIC,O3,17.024183340197375,35.22829360519787,47.72147692057527,54.78058695510197,0.915,16.005003425843874,34.65374324003822,44.64601495800932,53.352085343465,0.9406,8.393873295949465
Sub06,Date05_Sub06_stool_sit,t0038.000,Sub06/Date05_Sub06_stool_sit/t0038.000,K0,K0_DIAGNOSTIC,O4,12.619152087336214,32.352017162247094,41.47653468569083,49.417681640749606,0.951,12.457821336706886,31.919880872742233,39.798676989773696,51.3945918799852,0.9474,6.089972115730254
Sub06,Date05_Sub06_stool_sit,t0038.000,Sub06/Date05_Sub06_stool_sit/t0038.000,K1,HELD_OUT,O0,33.54890763426067,47.56897125821102,107.74284681517457,130.57239034977474,0.6336,18.915934337075445,26.331881166959636,60.265606562013666,81.4211317674952,0.8554,67.62158720181604
Sub06,Date05_Sub06_stool_sit,t0038.000,Sub06/Date05_Sub06_stool_sit/t0038.000,K1,HELD_OUT,O1,30.85536005979752,41.08261646924721,90.52852162183761,111.86545548388256,0.6922,18.48632194425167,25.907335437878327,59.440794311202694,78.12537485395116,0.8602,54.66269133808632
Sub06,Date05_Sub06_stool_sit,t0038.000,Sub06/Date05_Sub06_stool_sit/t0038.000,K1,HELD_OUT,O2,27.007985000125114,36.54106447353319,84.49991086042142,112.52380413707697,0.757,18.64734914500003,27.847815009588242,65.96131197332468,87.00487724141213,0.834,38.81390185135602
Sub06,Date05_Sub06_stool_sit,t0038.000,Sub06/Date05_Sub06_stool_sit/t0038.000,K1,HELD_OUT,O3,29.60507073125655,38.509887593929285,84.9502221375016,106.63623360838164,0.721,18.726203077931864,26.240030936417472,60.52364383000466,78.4007194954122,0.8574,48.26944916165389
Sub06,Date05_Sub06_stool_sit,t0038.000,Sub06/Date05_Sub06_stool_sit/t0038.000,K1,HELD_OUT,O4,24.32918420705296,35.201417400689515,84.84450712547316,110.77655621130305,0.7638,18.846537275022616,28.247820731225623,66.64705403724118,88.60981170004604,0.83,34.175977497466526
Sub06,Date05_Sub06_stool_sit,t0038.000,Sub06/Date05_Sub06_stool_sit/t0038.000,K2,HELD_OUT,O0,48.846882697122524,57.95584903776429,130.84601511186875,154.88138446419276,0.5112,19.721749299450018,29.11327162567887,75.94507150440721,99.52295136115117,0.8342,77.93626585663444
Sub06,Date05_Sub06_stool_sit,t0038.000,Sub06/Date05_Sub06_stool_sit/t0038.000,K2,HELD_OUT,O1,35.3318476849456,45.67585849681756,110.63480107656474,133.63228358098783,0.6504,18.875283070135836,28.27021242666511,73.23961049422311,94.12935046697176,0.8328,59.27701483870528
Sub06,Date05_Sub06_stool_sit,t0038.000,Sub06/Date05_Sub06_stool_sit/t0038.000,K2,HELD_OUT,O2,26.253268840080445,41.238609839727744,111.93568743339156,135.19300119969384,0.7276,19.12250790841226,30.842451946084854,86.2126301042587,107.54261498655441,0.8224,41.0745610381442
Sub06,Date05_Sub06_stool_sit,t0038.000,Sub06/Date05_Sub06_stool_sit/t0038.000,K2,HELD_OUT,O3,31.503131996153627,43.151336243318326,107.38054345986441,129.42408811072812,0.6958,18.603234644347307,28.296561649935803,73.85364162695296,93.82258342438917,0.8294,53.799383422935065
Sub06,Date05_Sub06_stool_sit,t0038.000,Sub06/Date05_Sub06_stool_sit/t0038.000,K2,HELD_OUT,O4,25.113151650880102,40.96989966801602,113.14755481805103,136.80718119145533,0.7268,19.673758635665276,31.316411989204273,86.14198267431665,109.49370851640492,0.8234,39.09606693112645
Sub06,Date05_Sub06_stool_sit,t0038.000,Sub06/Date05_Sub06_stool_sit/t0038.000,K3,HELD_OUT,O0,38.21124395560034,68.30104347409795,119.58463622476737,159.56438875609967,0.605,21.91690737862556,53.991381588051645,97.56387729357579,144.2857193558852,0.7728,51.844457621251365
Sub06,Date05_Sub06_stool_sit,t0038.000,Sub06/Date05_Sub06_stool_sit/t0038.000,K3,HELD_OUT,O1,28.325608833288733,59.47724709562912,108.23333081924399,145.91259413169078,0.715,21.702178503284667,53.47168037096502,94.87833236225424,145.3046922532206,0.779,31.207794071647943
Sub06,Date05_Sub06_stool_sit,t0038.000,Sub06/Date05_Sub06_stool_sit/t0038.000,K3,HELD_OUT,O2,27.120734625286342,57.556249631265516,107.85410457305133,147.50347814013784,0.753,19.91984751258274,52.429795070438765,98.69441329663343,138.8968150088139,0.803,26.25780768064573
Sub06,Date05_Sub06_stool_sit,t0038.000,Sub06/Date05_Sub06_stool_sit/t0038.000,K3,HELD_OUT,O3,27.81181065717573,59.028615829958405,106.61690560138614,142.53006420400843,0.7292,21.92298793939463,53.60200591508029,95.06443911776762,145.27062599409706,0.7788,29.689558261598183
Sub06,Date05_Sub06_stool_sit,t0038.000,Sub06/Date05_Sub06_stool_sit/t0038.000,K3,HELD_OUT,O4,27.175154098333778,57.768493272714494,105.79114433744569,149.45736720004308,0.7444,20.440124323801864,52.53284033824652,98.61613526042919,137.95532951172697,0.8008,26.894784363929762
Sub06,Date05_Sub06_yogaball_play,t0012.000,Sub06/Date05_Sub06_yogaball_play/t0012.000,K0,K0_DIAGNOSTIC,O0,25.999165382324904,29.928364328546945,54.46413500194252,63.79775849204082,0.8618,14.433954480445767,20.137662949105287,44.024066582392365,53.63474577829199,0.931,35.72564483228202
Sub06,Date05_Sub06_yogaball_play,t0012.000,Sub06/Date05_Sub06_yogaball_play/t0012.000,K0,K0_DIAGNOSTIC,O1,16.421321864744122,20.97727370456914,44.84099709818877,54.477187603017725,0.9282,14.367454503290627,20.06868624318339,44.13316179594799,53.95915659697137,0.929,8.162735381293173
Sub06,Date05_Sub06_yogaball_play,t0012.000,Sub06/Date05_Sub06_yogaball_play/t0012.000,K0,K0_DIAGNOSTIC,O2,11.241644303041035,17.409621365879726,40.1981333734459,49.09019850562115,0.9538,11.177230098469005,17.369426082656425,40.04483803773226,48.66847354269923,0.9544,0.8036721168794138
Sub06,Date05_Sub06_yogaball_play,t0012.000,Sub06/Date05_Sub06_yogaball_play/t0012.000,K0,K0_DIAGNOSTIC,O3,14.069181590361204,19.71064600638092,43.385452476043774,53.12959424497553,0.934,13.972166645670287,19.615742297731398,43.02091856108304,52.954596884788316,0.9352,2.3280374399271895
Sub06,Date05_Sub06_yogaball_play,t0012.000,Sub06/Date05_Sub06_yogaball_play/t0012.000,K0,K0_DIAGNOSTIC,O4,11.157909771391207,17.26582747697162,39.75946786517731,48.74801623783991,0.9536,11.06154199749253,17.224018186809687,39.55571002583524,48.20115928100852,0.9554,0.8636793664438668
Sub06,Date05_Sub06_yogaball_play,t0012.000,Sub06/Date05_Sub06_yogaball_play/t0012.000,K1,HELD_OUT,O0,33.58293150942086,65.1475087811447,85.90846328682998,104.37890208838841,0.7004,18.60717378145433,49.38667890174176,50.62999834902718,64.85455287049012,0.8974,47.007087064873375
Sub06,Date05_Sub06_yogaball_play,t0012.000,Sub06/Date05_Sub06_yogaball_play/t0012.000,K1,HELD_OUT,O1,20.16191536984328,52.00601956792846,62.62029231531376,77.61973871458797,0.8438,18.521731881708583,48.90957056239331,48.55174188575099,62.597815550119456,0.9078,21.602701671414803
Sub06,Date05_Sub06_yogaball_play,t0012.000,Sub06/Date05_Sub06_yogaball_play/t0012.000,K1,HELD_OUT,O2,16.321439692235593,47.43215785170503,50.09467638601533,61.13736930603034,0.8996,16.02562559667954,46.868720025426285,46.040951741842576,56.45198499081089,0.925,8.404952143374196
Sub06,Date05_Sub06_yogaball_play,t0012.000,Sub06/Date05_Sub06_yogaball_play/t0012.000,K1,HELD_OUT,O3,17.981156757790345,50.30968922099166,57.43951364258736,72.1234290938291,0.8698,18.299146983225526,48.76906147656067,47.93181335786543,62.56310515514409,0.911,16.246344325759924
Sub06,Date05_Sub06_yogaball_play,t0012.000,Sub06/Date05_Sub06_yogaball_play/t0012.000,K1,HELD_OUT,O4,16.281326315524055,47.39071450664982,49.97893507638394,61.27156068642396,0.9002,15.960199621678079,46.77660070282854,45.818835632245545,56.28627246907603,0.9264,8.79056928918331
Sub06,Date05_Sub06_yogaball_play,t0012.000,Sub06/Date05_Sub06_yogaball_play/t0012.000,K2,HELD_OUT,O0,30.11309435268067,38.76227633040493,65.72233542576528,90.46031687351282,0.8054,14.836409403277944,25.461033349083202,52.298238523296874,74.1613560821472,0.8914,34.660364233590926
Sub06,Date05_Sub06_yogaball_play,t0012.000,Sub06/Date05_Sub06_yogaball_play/t0012.000,K2,HELD_OUT,O1,15.104787775074637,26.008075358765826,52.5654564667295,71.39939181247298,0.8852,15.012405275169524,25.35981634879098,51.33093362731256,73.01291969815715,0.8942,10.359434771970028
Sub06,Date05_Sub06_yogaball_play,t0012.000,Sub06/Date05_Sub06_yogaball_play/t0012.000,K2,HELD_OUT,O2,18.62693598376461,26.98804763012926,51.45792585526962,67.23326421695388,0.8934,17.48255663763784,26.337324840132812,50.41273612833674,68.87733309602248,0.8972,12.187667837385394
Sub06,Date05_Sub06_yogaball_play,t0012.000,Sub06/Date05_Sub06_yogaball_play/t0012.000,K2,HELD_OUT,O3,15.72045901080654,26.007743493924426,51.076855757520626,71.18303513735032,0.8932,15.167348451102516,25.524719081836945,51.43155390638186,73.08197431669684,0.8934,9.771862560877992
Sub06,Date05_Sub06_yogaball_play,t0012.000,Sub06/Date05_Sub06_yogaball_play/t0012.000,K2,HELD_OUT,O4,18.592629722412386,26.93962263506455,51.64404520245101,67.58744796685805,0.8926,17.355748222863692,26.206944760063912,50.30256874595955,69.08462894038895,0.8982,12.765046427356884
Sub06,Date05_Sub06_yogaball_play,t0012.000,Sub06/Date05_Sub06_yogaball_play/t0012.000,K3,HELD_OUT,O0,20.915990301369728,52.18284512449392,49.13761665150802,58.210924111299164,0.9074,14.110900510056354,46.39288185952542,38.67446627028386,49.008098342164296,0.9524,28.552964185460564
Sub06,Date05_Sub06_yogaball_play,t0012.000,Sub06/Date05_Sub06_yogaball_play/t0012.000,K3,HELD_OUT,O1,20.15670824702633,51.87760670983583,49.10886021737789,60.59665359446707,0.904,13.688638809034813,45.994320181058264,38.677751263100035,50.297023106600605,0.9492,25.06704608912888
Sub06,Date05_Sub06_yogaball_play,t0012.000,Sub06/Date05_Sub06_yogaball_play/t0012.000,K3,HELD_OUT,O2,23.464805633502905,55.26008619316091,51.84414514495705,65.49937944193763,0.8866,12.162115494237112,44.48881261230784,36.338375272251746,50.233186367688006,0.9496,30.748325145891897
Sub06,Date05_Sub06_yogaball_play,t0012.000,Sub06/Date05_Sub06_yogaball_play/t0012.000,K3,HELD_OUT,O3,23.709536771053514,54.34772073450866,51.95185968024797,64.33231952027968,0.8906,13.56903203447753,45.85587838761033,38.52759903240768,50.38167607021519,0.9486,29.87011062324951
Sub06,Date05_Sub06_yogaball_play,t0012.000,Sub06/Date05_Sub06_yogaball_play/t0012.000,K3,HELD_OUT,O4,23.89265770941931,55.69261775340709,51.900586814571504,65.48488238537205,0.8866,11.953126986161674,44.28127429905423,35.683492716378936,49.70845724965514,0.9506,31.387270195558738
Sub06,Date05_Sub06_yogaball_play,t0024.000,Sub06/Date05_Sub06_yogaball_play/t0024.000,K0,K0_DIAGNOSTIC,O0,22.290198096126886,41.005732908231415,52.76567614226634,65.90501988026577,0.8864,15.269363323913328,35.39029611385764,45.42507835272909,56.10963816539636,0.9262,29.150079924534822
Sub06,Date05_Sub06_yogaball_play,t0024.000,Sub06/Date05_Sub06_yogaball_play/t0024.000,K0,K0_DIAGNOSTIC,O1,16.141102300982784,36.40268246367948,46.992410273467854,58.42446494830805,0.9162,15.564241263339483,35.089510945255654,45.01777229109404,54.36271506834327,0.93,13.803041361553861
Sub06,Date05_Sub06_yogaball_play,t0024.000,Sub06/Date05_Sub06_yogaball_play/t0024.000,K0,K0_DIAGNOSTIC,O2,10.813899059993423,31.773619113373314,43.50200592549194,53.850071856165904,0.9318,10.944340301860592,31.674599459875463,43.377951284968084,53.93420502718598,0.933,3.494869180712527
Sub06,Date05_Sub06_yogaball_play,t0024.000,Sub06/Date05_Sub06_yogaball_play/t0024.000,K0,K0_DIAGNOSTIC,O3,16.100171639441303,34.554255973071996,43.114904669038616,51.79477282091542,0.9442,15.810201455286158,34.27938414408053,41.902672860921506,51.235337970224535,0.945,8.413601762550904
Sub06,Date05_Sub06_yogaball_play,t0024.000,Sub06/Date05_Sub06_yogaball_play/t0024.000,K0,K0_DIAGNOSTIC,O4,10.52194738660506,31.47850991852737,42.562128046170265,53.272631270859215,0.9366,10.820777892174481,31.40622178007577,42.59367814698283,52.929368940867086,0.9364,3.2306945225617416
Sub06,Date05_Sub06_yogaball_play,t0024.000,Sub06/Date05_Sub06_yogaball_play/t0024.000,K1,HELD_OUT,O0,50.56496973699487,51.27633480351799,91.22905825118174,104.17530882537865,0.4926,17.31240101609738,23.354112318983507,44.177114275227325,59.05502166267319,0.9212,70.56497733520743
Sub06,Date05_Sub06_yogaball_play,t0024.000,Sub06/Date05_Sub06_yogaball_play/t0024.000,K1,HELD_OUT,O1,40.788478935437354,43.95691011662836,78.77122343419187,90.5789771863806,0.5986,18.00045723870002,23.167286617618917,42.12911302645768,56.14046176888708,0.9332,56.649069029608434
Sub06,Date05_Sub06_yogaball_play,t0024.000,Sub06/Date05_Sub06_yogaball_play/t0024.000,K1,HELD_OUT,O2,43.580404459256016,48.984685962678526,89.68240094615012,102.9660469423886,0.5512,18.838797222443652,24.76477556804593,49.29756374321314,60.561758009423016,0.9032,70.22270243709958
Sub06,Date05_Sub06_yogaball_play,t0024.000,Sub06/Date05_Sub06_yogaball_play/t0024.000,K1,HELD_OUT,O3,32.635688866011634,39.05745046525039,70.30639766118024,79.48196315541388,0.6854,18.25387090360639,22.959917642898784,41.528089901946075,53.041796605220675,0.9406,46.728637423673874
Sub06,Date05_Sub06_yogaball_play,t0024.000,Sub06/Date05_Sub06_yogaball_play/t0024.000,K1,HELD_OUT,O4,42.50273517316725,47.99446491518162,88.7880463819851,101.66584411936056,0.5612,18.805267367044465,24.600835816981412,49.10571724295375,60.04158239912041,0.9052,69.10473156426426
Sub06,Date05_Sub06_yogaball_play,t0024.000,Sub06/Date05_Sub06_yogaball_play/t0024.000,K2,HELD_OUT,O0,83.41536857590914,108.3706454860124,146.1510109073316,171.92078910736302,0.1572,23.870578210533257,50.873057602286025,66.45861807507046,98.42533960784881,0.8166,108.38837242884924
Sub06,Date05_Sub06_yogaball_play,t0024.000,Sub06/Date05_Sub06_yogaball_play/t0024.000,K2,HELD_OUT,O1,67.75227195430381,93.02723703999415,128.899468137991,155.49090902121765,0.3014,23.734874979715954,50.8861039834996,67.85861047376598,96.9767044043104,0.8096,89.9105320971267
Sub06,Date05_Sub06_yogaball_play,t0024.000,Sub06/Date05_Sub06_yogaball_play/t0024.000,K2,HELD_OUT,O2,57.79169010910006,81.1930570965877,117.0340099578511,133.9903436028812,0.4132,23.72351551451036,51.23426527634132,67.95780945118217,91.18913301700036,0.7998,82.36661419863164
Sub06,Date05_Sub06_yogaball_play,t0024.000,Sub06/Date05_Sub06_yogaball_play/t0024.000,K2,HELD_OUT,O3,48.21552346577983,75.43299407413298,107.15370167117703,138.66932825894307,0.5184,23.964037752306055,50.54312629630824,64.31472960804741,96.38900714974896,0.8244,65.23651679200246
Sub06,Date05_Sub06_yogaball_play,t0024.000,Sub06/Date05_Sub06_yogaball_play/t0024.000,K2,HELD_OUT,O4,56.36999456429293,80.22778681179939,116.40885110328328,132.15979505798606,0.425,23.523948546972996,51.285605980281716,67.82621795464586,90.55713515555068,0.796,79.99087279078519
Sub06,Date05_Sub06_yogaball_play,t0024.000,Sub06/Date05_Sub06_yogaball_play/t0024.000,K3,HELD_OUT,O0,34.04998962589772,53.95224172796419,100.45779514080496,144.79595414459706,0.6556,18.134554994588335,34.086462567656746,57.623415465424856,88.83203396144344,0.8644,64.39177041883342
Sub06,Date05_Sub06_yogaball_play,t0024.000,Sub06/Date05_Sub06_yogaball_play/t0024.000,K3,HELD_OUT,O1,26.604767398219195,46.078959961288454,87.95953185959426,131.25466703678575,0.7516,17.712204964450482,33.95892052875855,57.66826444625556,89.46604064235605,0.8634,47.48086851413073
Sub06,Date05_Sub06_yogaball_play,t0024.000,Sub06/Date05_Sub06_yogaball_play/t0024.000,K3,HELD_OUT,O2,19.258963569062693,37.95976957386417,74.67567076658376,103.76112678541269,0.8198,18.098100824636266,34.30746089672167,61.567983447483755,82.79873646068518,0.847,24.523351402275324
Sub06,Date05_Sub06_yogaball_play,t0024.000,Sub06/Date05_Sub06_yogaball_play/t0024.000,K3,HELD_OUT,O3,20.239556868362236,38.82485817280614,71.22727554812575,111.72553621029725,0.8208,18.12537789439545,33.209399833174146,55.136212194322894,83.18486612863332,0.8748,30.861014755352226
Sub06,Date05_Sub06_yogaball_play,t0024.000,Sub06/Date05_Sub06_yogaball_play/t0024.000,K3,HELD_OUT,O4,18.99755420889369,37.91736635034373,75.30092111608035,102.2689351397809,0.818,18.106328765195805,34.1798168817053,61.723407803360494,82.51731686032875,0.8466,24.79243094581761
Sub06,Date05_Sub06_yogaball_play,t0034.000,Sub06/Date05_Sub06_yogaball_play/t0034.000,K0,K0_DIAGNOSTIC,O0,24.83364789865762,47.37018726516778,54.02391506050573,63.291114093580845,0.8686,18.078534922644426,43.65400258754517,49.07248447386496,71.47393453048218,0.9034,24.154787517336803
Sub06,Date05_Sub06_yogaball_play,t0034.000,Sub06/Date05_Sub06_yogaball_play/t0034.000,K0,K0_DIAGNOSTIC,O1,17.913871650408666,43.746140132969394,49.129918315807025,71.83442848122976,0.9026,17.22826776567875,43.37027813920816,50.22771617815443,73.65053625217016,0.899,5.634411755196337
Sub06,Date05_Sub06_yogaball_play,t0034.000,Sub06/Date05_Sub06_yogaball_play/t0034.000,K0,K0_DIAGNOSTIC,O2,9.91422568623943,36.25886706198634,42.32297972676771,65.58543086100323,0.9196,9.899133383409097,36.23172665136724,40.92756059804727,62.942894555796286,0.9208,3.9598175409061516
Sub06,Date05_Sub06_yogaball_play,t0034.000,Sub06/Date05_Sub06_yogaball_play/t0034.000,K0,K0_DIAGNOSTIC,O3,15.933877278238308,42.9249695496587,53.43561934441472,78.0718406926808,0.89,16.523615641927933,42.95431362988952,50.351985230040775,74.9312065737119,0.8982,4.727902947522271
Sub06,Date05_Sub06_yogaball_play,t0034.000,Sub06/Date05_Sub06_yogaball_play/t0034.000,K0,K0_DIAGNOSTIC,O4,9.818874961844669,36.198453258303395,41.931353225686756,64.13275149380436,0.9204,9.907287030541239,36.1971539229123,40.65984608617022,62.20224513204763,0.9216,3.5724464139764827
Sub06,Date05_Sub06_yogaball_play,t0034.000,Sub06/Date05_Sub06_yogaball_play/t0034.000,K1,HELD_OUT,O0,31.885200345276647,51.98699818860877,83.83575407495319,99.02023661854588,0.665,16.707226817623866,35.48344450619304,53.54874200258922,64.29657285018413,0.8824,50.445174569198706
Sub06,Date05_Sub06_yogaball_play,t0034.000,Sub06/Date05_Sub06_yogaball_play/t0034.000,K1,HELD_OUT,O1,20.91144984893653,43.216053994724945,71.17407072785802,84.5336664669686,0.776,16.418586422247948,35.30953470819303,53.11147653626616,63.577806611549214,0.885,32.27866732134778
Sub06,Date05_Sub06_yogaball_play,t0034.000,Sub06/Date05_Sub06_yogaball_play/t0034.000,K1,HELD_OUT,O2,10.483215580760541,35.07737344743765,68.61872235311411,78.65992002688725,0.8286,12.407775609928052,34.555567907312465,61.57881436536888,70.81588504949596,0.8452,9.935393156519181
Sub06,Date05_Sub06_yogaball_play,t0034.000,Sub06/Date05_Sub06_yogaball_play/t0034.000,K1,HELD_OUT,O3,17.710163039523074,40.17372195143639,67.72334094368759,80.12110608360376,0.8084,15.592488958604598,34.94206583547387,52.712751726863154,63.663353266024814,0.8878,25.92503024348801
Sub06,Date05_Sub06_yogaball_play,t0034.000,Sub06/Date05_Sub06_yogaball_play/t0034.000,K1,HELD_OUT,O4,10.502079656278424,35.04941287804907,68.46209410116319,78.43572760337996,0.8278,12.18613196010837,34.458078674049574,61.280419214956936,70.96657984768582,0.844,10.1490047975872
Sub06,Date05_Sub06_yogaball_play,t0034.000,Sub06/Date05_Sub06_yogaball_play/t0034.000,K2,HELD_OUT,O0,40.641496802316894,64.1591804485519,95.97237356644327,108.31817110114402,0.579,20.63386521113575,41.76492317264636,52.061762511508924,61.43669132776643,0.8892,62.95439052756378
Sub06,Date05_Sub06_yogaball_play,t0034.000,Sub06/Date05_Sub06_yogaball_play/t0034.000,K2,HELD_OUT,O1,30.40806318769416,52.341362611752366,78.26222478315908,91.34874157833028,0.6974,20.861791566468867,41.84887386356951,52.41722287181426,61.52075778589128,0.8876,42.92474716830031
Sub06,Date05_Sub06_yogaball_play,t0034.000,Sub06/Date05_Sub06_yogaball_play/t0034.000,K2,HELD_OUT,O2,24.47833275822208,43.47270591816026,55.33708551310197,69.52217705304413,0.866,15.836002244886439,37.817844826630036,52.77181427509508,62.810808277265906,0.8864,29.816226042224027
Sub06,Date05_Sub06_yogaball_play,t0034.000,Sub06/Date05_Sub06_yogaball_play/t0034.000,K2,HELD_OUT,O3,28.202093429822163,49.30602638083367,71.36967150939122,84.83875221909076,0.7406,20.92238990518237,41.773527414049624,52.0191177657765,60.81848767354165,0.89,36.58725588237423
Sub06,Date05_Sub06_yogaball_play,t0034.000,Sub06/Date05_Sub06_yogaball_play/t0034.000,K2,HELD_OUT,O4,24.79590993048839,43.77318550359706,55.3972043453463,69.61395867634097,0.862,15.996916070069787,37.808448410897256,52.35024784049977,62.49055764314552,0.8882,30.31475208117051
Sub06,Date05_Sub06_yogaball_play,t0034.000,Sub06/Date05_Sub06_yogaball_play/t0034.000,K3,HELD_OUT,O0,27.617582018242437,91.3904501928965,81.6088162049928,95.8123537228912,0.7082,20.87298761003729,80.00970913630107,44.28441244139043,59.6724576863907,0.9246,46.599663396818634
Sub06,Date05_Sub06_yogaball_play,t0034.000,Sub06/Date05_Sub06_yogaball_play/t0034.000,K3,HELD_OUT,O1,20.372462850975033,83.67925074037736,65.40729725689245,76.06439242937796,0.8132,20.788940091001592,79.72560588646188,42.32000190352446,58.978490287383075,0.9282,29.378527070271897
Sub06,Date05_Sub06_yogaball_play,t0034.000,Sub06/Date05_Sub06_yogaball_play/t0034.000,K3,HELD_OUT,O2,15.660345417821528,75.96576534183743,48.03078726484392,55.94586821416666,0.9168,14.175516159423331,74.09785575183646,36.412898694955814,47.053933373051365,0.956,16.937770976852022
Sub06,Date05_Sub06_yogaball_play,t0034.000,Sub06/Date05_Sub06_yogaball_play/t0034.000,K3,HELD_OUT,O3,19.60448834689606,81.84491326362323,59.98958369838571,70.36942126932423,0.8346,20.236133135059013,79.30575020927277,42.355443248635055,58.116443632090835,0.9306,25.290045524792784
Sub06,Date05_Sub06_yogaball_play,t0034.000,Sub06/Date05_Sub06_yogaball_play/t0034.000,K3,HELD_OUT,O4,15.334644519558779,76.34231840480282,49.90349021382185,57.46621288852491,0.901,14.167071831192867,74.08513484225138,36.40678783210418,46.79786930826314,0.9554,18.68073911615343
Sub07,Date06_Sub07_backpack_back,t0015.000,Sub07/Date06_Sub07_backpack_back/t0015.000,K0,K0_DIAGNOSTIC,O0,34.67041000845376,77.10118799727661,80.57453626279265,99.15448202753777,0.6354,19.28278451269169,58.5959480115716,42.84953025078485,71.16298042390592,0.9166,48.811488946076594
Sub07,Date06_Sub07_backpack_back,t0015.000,Sub07/Date06_Sub07_backpack_back/t0015.000,K0,K0_DIAGNOSTIC,O1,17.069422738371387,60.006681677104055,52.92840952835584,79.66707559464612,0.89,19.165670341434883,58.54889537030575,42.15075925620389,71.75031590526402,0.917,17.042556847862414
Sub07,Date06_Sub07_backpack_back,t0015.000,Sub07/Date06_Sub07_backpack_back/t0015.000,K0,K0_DIAGNOSTIC,O2,10.469713938121068,53.17263040006121,40.69331168103311,68.8291182038418,0.9232,10.546007679812194,53.04010476352803,40.261175666355676,65.32589746627428,0.9282,5.87232819624064
Sub07,Date06_Sub07_backpack_back,t0015.000,Sub07/Date06_Sub07_backpack_back/t0015.000,K0,K0_DIAGNOSTIC,O3,17.17239733575863,58.19048768807396,46.94504865107478,71.73187915412954,0.9076,17.10845136676496,58.13187684412064,47.18970582828168,68.64693048766132,0.9096,3.915962218017063
Sub07,Date06_Sub07_backpack_back,t0015.000,Sub07/Date06_Sub07_backpack_back/t0015.000,K0,K0_DIAGNOSTIC,O4,10.123325538552972,52.94244117988104,40.75457061848165,69.02935803826827,0.9228,10.287998264509518,52.80095843073976,40.01755630370205,66.08068074100451,0.9272,5.83818366505606
Sub07,Date06_Sub07_backpack_back,t0015.000,Sub07/Date06_Sub07_backpack_back/t0015.000,K1,HELD_OUT,O0,39.69491993616106,94.84021124028776,243.04000294100166,255.3991699452721,0.5572,36.27120504870496,71.09478506262546,179.2211954723756,191.2441317455894,0.6046,69.88020554532784
Sub07,Date06_Sub07_backpack_back,t0015.000,Sub07/Date06_Sub07_backpack_back/t0015.000,K1,HELD_OUT,O1,23.234249802067684,84.64405207447061,233.63140215108814,244.77345208301477,0.6148,32.58191465024544,73.327988336729,189.47837552707477,201.47176754156462,0.6248,47.418983486997526
Sub07,Date06_Sub07_backpack_back,t0015.000,Sub07/Date06_Sub07_backpack_back/t0015.000,K1,HELD_OUT,O2,18.97435405493897,89.52714368337689,250.771854868668,259.88833052546795,0.6152,26.474372168828545,79.8472033092427,216.9164539117506,226.4570582309432,0.6258,37.48890055095142
Sub07,Date06_Sub07_backpack_back,t0015.000,Sub07/Date06_Sub07_backpack_back/t0015.000,K1,HELD_OUT,O3,28.327682248936156,94.5128427371525,254.23727775502758,262.4170915138234,0.5886,33.75734522294816,77.40713190770718,202.0383770105485,211.7927169782571,0.6192,59.84787942201715
Sub07,Date06_Sub07_backpack_back,t0015.000,Sub07/Date06_Sub07_backpack_back/t0015.000,K1,HELD_OUT,O4,19.108947395422376,90.11221968923162,251.97101316137167,261.2519017270288,0.6146,26.54265570707679,80.22722228599491,217.65714792373254,227.4549635727942,0.6258,37.669041924697815
Sub07,Date06_Sub07_backpack_back,t0015.000,Sub07/Date06_Sub07_backpack_back/t0015.000,K2,HELD_OUT,O0,25.086085356812482,67.90705560354114,55.9113894170747,66.2859461786185,0.8658,16.080504194197225,59.89631188043789,40.158800594317874,59.82518420243852,0.9302,37.38436817540447
Sub07,Date06_Sub07_backpack_back,t0015.000,Sub07/Date06_Sub07_backpack_back/t0015.000,K2,HELD_OUT,O1,16.85363073890086,60.0765818065844,39.570596918635204,57.229487971326385,0.933,12.103605670242292,56.52675061983756,40.37385297982437,59.924275905867255,0.929,20.999675665000687
Sub07,Date06_Sub07_backpack_back,t0015.000,Sub07/Date06_Sub07_backpack_back/t0015.000,K2,HELD_OUT,O2,14.193777867521359,58.929495793303175,41.80449823959806,69.23560839830485,0.9232,12.399046446140975,57.72130698528737,41.2125003410366,67.75047035817836,0.9264,12.024008632870853
Sub07,Date06_Sub07_backpack_back,t0015.000,Sub07/Date06_Sub07_backpack_back/t0015.000,K2,HELD_OUT,O3,16.62294894272572,61.668550250300186,50.717266547742476,74.11373908407013,0.8972,13.410716819987275,58.84257198728606,44.97958631925558,70.28038169784618,0.9128,18.67686000747424
Sub07,Date06_Sub07_backpack_back,t0015.000,Sub07/Date06_Sub07_backpack_back/t0015.000,K2,HELD_OUT,O4,14.25846910974586,59.02900348652675,42.166400555163065,70.27350037546786,0.9214,12.284500814209583,57.819698285558054,41.661642548309786,68.74285851158659,0.9246,12.152592147991138
Sub07,Date06_Sub07_backpack_back,t0015.000,Sub07/Date06_Sub07_backpack_back/t0015.000,K3,HELD_OUT,O0,19.35867270741268,66.67456715515723,62.084517470445455,83.28149431682338,0.865,14.470049653138444,60.96787341208698,47.743557933604905,67.23899590329188,0.9048,24.476950047049446
Sub07,Date06_Sub07_backpack_back,t0015.000,Sub07/Date06_Sub07_backpack_back/t0015.000,K3,HELD_OUT,O1,19.535127421172326,66.79449881083684,68.44989031348905,94.28838028268878,0.8612,14.047138150390209,60.23193615937778,52.31687656606531,73.03843430457137,0.895,24.925054588350253
Sub07,Date06_Sub07_backpack_back,t0015.000,Sub07/Date06_Sub07_backpack_back/t0015.000,K3,HELD_OUT,O2,14.986080383017686,64.32975468575943,64.85554694895544,92.60902430989387,0.8472,14.141941792806733,60.62282412848434,49.30314540366272,78.66906112157827,0.901,21.701543680871655
Sub07,Date06_Sub07_backpack_back,t0015.000,Sub07/Date06_Sub07_backpack_back/t0015.000,K3,HELD_OUT,O3,15.022128236056368,64.75085244072753,68.20992767619387,94.40799713741687,0.8564,14.463101891867602,61.72959912143546,56.30488858667286,80.62572531642819,0.8882,19.589130356367097
Sub07,Date06_Sub07_backpack_back,t0015.000,Sub07/Date06_Sub07_backpack_back/t0015.000,K3,HELD_OUT,O4,15.472373124861157,64.76342819947163,65.13101169397585,93.2956354598819,0.8452,13.93049344847967,60.45185629260512,48.64876067548905,77.9894301113737,0.9026,22.48213369354498
Sub07,Date06_Sub07_backpack_back,t0027.000,Sub07/Date06_Sub07_backpack_back/t0027.000,K0,K0_DIAGNOSTIC,O0,106.41845371972067,117.96561728612785,209.6461329787495,245.9019148291775,0.0734,17.035038438175697,33.784589191801686,89.30183121310381,131.26139812713294,0.8368,130.86094426133093
Sub07,Date06_Sub07_backpack_back,t0027.000,Sub07/Date06_Sub07_backpack_back/t0027.000,K0,K0_DIAGNOSTIC,O1,16.32522880212811,34.785833971006355,101.4513790492888,141.86724443749821,0.8294,17.064207920154036,33.707136107301885,90.68236730420631,131.22822051189078,0.8374,13.684671434247383
Sub07,Date06_Sub07_backpack_back,t0027.000,Sub07/Date06_Sub07_backpack_back/t0027.000,K0,K0_DIAGNOSTIC,O2,12.1121829295298,28.787989791244094,78.318291091266,115.88661712042436,0.8578,12.646717082500201,28.812492178481225,77.15197069673651,112.66194929694176,0.8582,3.917313915424655
Sub07,Date06_Sub07_backpack_back,t0027.000,Sub07/Date06_Sub07_backpack_back/t0027.000,K0,K0_DIAGNOSTIC,O3,16.071474748854925,33.443710677239814,93.33269339648969,135.34425763210706,0.8422,16.564006821936715,33.09203171041897,87.15283072430826,129.51593561769184,0.8408,9.717904148675494
Sub07,Date06_Sub07_backpack_back,t0027.000,Sub07/Date06_Sub07_backpack_back/t0027.000,K0,K0_DIAGNOSTIC,O4,11.929076684145205,28.565938037733744,77.07069688826671,115.6353140823972,0.8584,12.522245812590707,28.637898599192663,76.46150614211942,112.52162535027418,0.86,3.9293824049477095
Sub07,Date06_Sub07_backpack_back,t0027.000,Sub07/Date06_Sub07_backpack_back/t0027.000,K1,HELD_OUT,O0,49.86414962007991,58.31867734644089,119.61678580295734,137.2223942520081,0.5008,16.91163410827656,20.57987890511696,44.35030514722559,57.663139644864145,0.9204,95.39580294718986
Sub07,Date06_Sub07_backpack_back,t0027.000,Sub07/Date06_Sub07_backpack_back/t0027.000,K1,HELD_OUT,O1,15.428226529389569,19.60861895861267,42.04058846586598,54.38175875825561,0.9402,15.794852568429675,18.5439613297329,36.25486031924584,50.67068195289052,0.9486,13.378978756972428
Sub07,Date06_Sub07_backpack_back,t0027.000,Sub07/Date06_Sub07_backpack_back/t0027.000,K1,HELD_OUT,O2,14.44270015667487,19.420156433689144,42.00883510890289,52.609579681150755,0.9402,12.487498511362908,15.550901832590956,30.644124791690725,39.29119126458114,0.9656,19.304376936328588
Sub07,Date06_Sub07_backpack_back,t0027.000,Sub07/Date06_Sub07_backpack_back/t0027.000,K1,HELD_OUT,O3,16.121963996074136,21.04535401553813,45.10196905039578,55.3741563920622,0.9276,15.935878892451388,18.683614098821458,35.5209150620735,49.94839122719299,0.95,18.247395126102873
Sub07,Date06_Sub07_backpack_back,t0027.000,Sub07/Date06_Sub07_backpack_back/t0027.000,K1,HELD_OUT,O4,14.738919197993253,19.579087309813886,42.19396424694522,52.98397524430652,0.9398,12.318551582197008,15.2879027351638,30.181755782684984,38.41993211630541,0.9678,20.22457300156787
Sub07,Date06_Sub07_backpack_back,t0027.000,Sub07/Date06_Sub07_backpack_back/t0027.000,K2,HELD_OUT,O0,35.88898868087643,42.38320049607479,83.78184468409319,97.16690876902267,0.6352,21.271090445234524,25.318906259232115,50.733248899411976,59.00748092033213,0.8962,62.177934060195405
Sub07,Date06_Sub07_backpack_back,t0027.000,Sub07/Date06_Sub07_backpack_back/t0027.000,K2,HELD_OUT,O1,16.18184348748431,20.14712715159528,40.926892584008336,56.251173122202346,0.93,11.97722592665009,16.499511827125026,36.30214879837061,50.348590230131705,0.9486,17.183929634267447
Sub07,Date06_Sub07_backpack_back,t0027.000,Sub07/Date06_Sub07_backpack_back/t0027.000,K2,HELD_OUT,O2,16.153607756791896,21.869909398918875,43.68228233297877,64.4649206678975,0.9216,12.676068468905683,17.533511197033782,35.451687107955514,57.69794180674126,0.931,20.339303329159907
Sub07,Date06_Sub07_backpack_back,t0027.000,Sub07/Date06_Sub07_backpack_back/t0027.000,K2,HELD_OUT,O3,20.615782377912637,23.975973498090106,45.093691532774606,59.70541629158242,0.9232,12.11031290032266,16.686741636322857,35.69429204230264,50.59348293964716,0.948,25.612245912912616
Sub07,Date06_Sub07_backpack_back,t0027.000,Sub07/Date06_Sub07_backpack_back/t0027.000,K2,HELD_OUT,O4,16.654676166244094,22.186012866082624,44.52360554899152,63.49750015547339,0.9232,12.443615847078775,17.27701621461598,34.753782253918246,56.44661730763628,0.9336,21.384085779506858
Sub07,Date06_Sub07_backpack_back,t0027.000,Sub07/Date06_Sub07_backpack_back/t0027.000,K3,HELD_OUT,O0,24.37846843235434,78.39296574681953,71.79326059873209,85.4396236039749,0.7786,23.486699599749784,76.43734101783463,67.56648177942353,82.0058172251419,0.8122,15.823827261906207
Sub07,Date06_Sub07_backpack_back,t0027.000,Sub07/Date06_Sub07_backpack_back/t0027.000,K3,HELD_OUT,O1,32.358987078067486,85.84765902734198,82.52869529905398,97.67719923415734,0.6734,23.73343108585849,74.59413555001436,55.59665688197038,79.09593735896377,0.874,51.71185207414671
Sub07,Date06_Sub07_backpack_back,t0027.000,Sub07/Date06_Sub07_backpack_back/t0027.000,K3,HELD_OUT,O2,30.072464775417814,85.47897632671386,82.92453724585177,97.00547515626745,0.6838,22.885477934325607,73.93613989264738,55.970155874313974,79.84567348047956,0.8794,50.119709972618935
Sub07,Date06_Sub07_backpack_back,t0027.000,Sub07/Date06_Sub07_backpack_back/t0027.000,K3,HELD_OUT,O3,32.30774265749984,86.30737411962832,84.38435777276031,98.32488207715211,0.6676,23.812737742584538,74.40253538233044,53.80534825669948,76.80410921947967,0.8862,51.92393996444162
Sub07,Date06_Sub07_backpack_back,t0027.000,Sub07/Date06_Sub07_backpack_back/t0027.000,K3,HELD_OUT,O4,30.01719130840121,85.1854270328043,82.83184077879412,95.91978394625448,0.6892,22.522602345981326,73.64636533607865,54.58471610530839,80.86234034931786,0.8812,49.94956430794701
Sub07,Date06_Sub07_backpack_back,t0039.000,Sub07/Date06_Sub07_backpack_back/t0039.000,K0,K0_DIAGNOSTIC,O0,96.93534129751583,130.34404086818728,151.397453582997,179.01491984932068,0.131,14.85318912425786,60.04274524659561,57.255687464582834,76.55604458996196,0.8738,126.30085892517067
Sub07,Date06_Sub07_backpack_back,t0039.000,Sub07/Date06_Sub07_backpack_back/t0039.000,K0,K0_DIAGNOSTIC,O1,14.612071751659752,61.26434921443779,63.59291857182956,81.47136009989951,0.8516,14.963191679126709,59.77292398097874,55.338827514010916,74.67566847682455,0.8804,13.234949613421982
Sub07,Date06_Sub07_backpack_back,t0039.000,Sub07/Date06_Sub07_backpack_back/t0039.000,K0,K0_DIAGNOSTIC,O2,11.329357549081928,54.44740796953948,38.3523418947045,54.77926483599542,0.9402,11.19656172020219,54.42181289156427,38.28393314967866,55.071013222648084,0.9408,2.7588389335729557
Sub07,Date06_Sub07_backpack_back,t0039.000,Sub07/Date06_Sub07_backpack_back/t0039.000,K0,K0_DIAGNOSTIC,O3,14.32152428214241,59.543486232968675,55.42611761406977,74.8259014167,0.8816,14.790830624095875,59.35690765787049,53.444485535599576,73.20576386235494,0.888,3.302575477937237
Sub07,Date06_Sub07_backpack_back,t0039.000,Sub07/Date06_Sub07_backpack_back/t0039.000,K0,K0_DIAGNOSTIC,O4,11.127182366899035,54.235413473395155,37.7964609071976,53.80083058512203,0.943,11.031033577530113,54.21646500331059,37.58262544740027,52.9916480067354,0.9412,2.5493097303133
Sub07,Date06_Sub07_backpack_back,t0039.000,Sub07/Date06_Sub07_backpack_back/t0039.000,K1,HELD_OUT,O0,49.83063593408356,58.40455457488686,113.8273403558216,134.0814206421354,0.5012,18.734362925700143,25.45844709515508,44.04819270555825,67.55895046882574,0.9214,86.26353013351388
Sub07,Date06_Sub07_backpack_back,t0039.000,Sub07/Date06_Sub07_backpack_back/t0039.000,K1,HELD_OUT,O1,10.312848491077926,16.331807907969978,26.656168157866404,45.82277185485955,0.9558,9.997928897548157,15.951774432420107,26.968875444187027,44.42019397893983,0.958,5.825376531640614
Sub07,Date06_Sub07_backpack_back,t0039.000,Sub07/Date06_Sub07_backpack_back/t0039.000,K1,HELD_OUT,O2,9.50495042259844,14.628672531755834,25.159001258410406,38.9496479543166,0.9726,8.708598912074825,14.101635755616794,25.07288098426151,37.0827751223046,0.97,6.630495183829749
Sub07,Date06_Sub07_backpack_back,t0039.000,Sub07/Date06_Sub07_backpack_back/t0039.000,K1,HELD_OUT,O3,10.172166015547967,16.240115720820032,28.583819774482002,45.187407832356385,0.958,10.02316199266091,15.79171530384157,26.804758180764093,43.31962858752079,0.9588,5.505828918923572
Sub07,Date06_Sub07_backpack_back,t0039.000,Sub07/Date06_Sub07_backpack_back/t0039.000,K1,HELD_OUT,O4,9.424002862606066,14.373991898684949,24.822486058397377,36.41038389646742,0.9738,8.544859527064881,13.859827638120407,24.69246766142041,35.5462794607309,0.9734,6.731469167060497
Sub07,Date06_Sub07_backpack_back,t0039.000,Sub07/Date06_Sub07_backpack_back/t0039.000,K2,HELD_OUT,O0,32.63183435865176,78.67508145824974,76.09079470191107,92.45543296057231,0.7108,24.202629428790235,69.77958627713677,62.429376600748974,79.41897532900582,0.817,40.518946034601825
Sub07,Date06_Sub07_backpack_back,t0039.000,Sub07/Date06_Sub07_backpack_back/t0039.000,K2,HELD_OUT,O1,11.683805946170004,54.51517388175465,31.35823322124983,40.781489385635304,0.972,8.974203367322566,52.60504490217274,29.54814508993959,41.967849184904146,0.9704,11.02641618021553
Sub07,Date06_Sub07_backpack_back,t0039.000,Sub07/Date06_Sub07_backpack_back/t0039.000,K2,HELD_OUT,O2,10.526918591762165,53.38948883455327,30.69682663553954,40.00524437483973,0.974,8.696814345486999,52.59338034926396,29.437842724145888,37.46061562317187,0.9772,6.835737127497472
Sub07,Date06_Sub07_backpack_back,t0039.000,Sub07/Date06_Sub07_backpack_back/t0039.000,K2,HELD_OUT,O3,10.154375913321767,53.311004350847846,31.167355052445203,40.86707737364067,0.9788,9.23491529104947,52.63442679026823,29.38434539849338,41.79577788429986,0.9732,9.215036299195702
Sub07,Date06_Sub07_backpack_back,t0039.000,Sub07/Date06_Sub07_backpack_back/t0039.000,K2,HELD_OUT,O4,10.26584395281769,53.08691952902298,29.284165084769896,38.77888575882492,0.9764,8.549430725925998,52.33347203607896,28.873924982169445,36.8568266539712,0.979,6.357519449758088
Sub07,Date06_Sub07_backpack_back,t0039.000,Sub07/Date06_Sub07_backpack_back/t0039.000,K3,HELD_OUT,O0,96.81506358495238,118.1326847152129,222.627182880607,238.73422302853047,0.3192,55.37116177302701,78.24210523770175,157.3531127259174,174.42863122878325,0.4686,127.29306544447516
Sub07,Date06_Sub07_backpack_back,t0039.000,Sub07/Date06_Sub07_backpack_back/t0039.000,K3,HELD_OUT,O1,46.90100556390196,98.69289382409966,221.16974088336804,241.0923273783768,0.5172,55.50918346997939,78.73302033649229,158.83610551939907,178.40198152218306,0.4636,72.80306539475448
Sub07,Date06_Sub07_backpack_back,t0039.000,Sub07/Date06_Sub07_backpack_back/t0039.000,K3,HELD_OUT,O2,46.227283221407966,96.03311924091254,213.2778476388619,234.6668745487362,0.5202,55.362455977857955,72.92274863737173,142.32284614305223,162.86465846582988,0.4754,82.8635445162433
Sub07,Date06_Sub07_backpack_back,t0039.000,Sub07/Date06_Sub07_backpack_back/t0039.000,K3,HELD_OUT,O3,48.894184656821324,96.69330108277073,213.7480025094455,233.41239757058864,0.5056,57.85181775453246,75.30096851380713,147.33070737259771,163.73666668186038,0.4634,79.56459416507893
Sub07,Date06_Sub07_backpack_back,t0039.000,Sub07/Date06_Sub07_backpack_back/t0039.000,K3,HELD_OUT,O4,45.63546895776541,96.03107897192345,213.61810561462312,234.82630349917437,0.523,55.471210151625385,73.09545662947014,142.97178458956222,163.29275622867343,0.4754,82.53662474446254
Sub07,Date06_Sub07_stool_sit,t0015.000,Sub07/Date06_Sub07_stool_sit/t0015.000,K0,K0_DIAGNOSTIC,O0,90.34391376618754,114.77099640042134,143.89547133932973,163.06928918500495,0.1418,20.57269274436979,47.62446641275125,56.63418663005353,72.49863748926862,0.8688,124.05448246299962
Sub07,Date06_Sub07_stool_sit,t0015.000,Sub07/Date06_Sub07_stool_sit/t0015.000,K0,K0_DIAGNOSTIC,O1,21.715905682069156,51.13351634374138,67.1433985986021,87.59184478117942,0.8074,20.516814199196215,47.40328434224666,56.028833122545656,71.031953312736,0.8678,31.12157845457584
Sub07,Date06_Sub07_stool_sit,t0015.000,Sub07/Date06_Sub07_stool_sit/t0015.000,K0,K0_DIAGNOSTIC,O2,17.05992890101772,45.689279757453065,54.93557573808228,68.07623626114649,0.87,17.043542099837804,45.70040811169527,55.55201141236755,68.02370144313136,0.8664,2.88107751185147
Sub07,Date06_Sub07_stool_sit,t0015.000,Sub07/Date06_Sub07_stool_sit/t0015.000,K0,K0_DIAGNOSTIC,O3,19.524264458057303,47.285830222433106,56.714230526538934,69.68224427217409,0.8596,19.631974296121488,47.330997200984825,56.76523777573531,69.73836958938081,0.8588,0.9612443230473378
Sub07,Date06_Sub07_stool_sit,t0015.000,Sub07/Date06_Sub07_stool_sit/t0015.000,K0,K0_DIAGNOSTIC,O4,16.802554221601614,45.39220975110913,54.5227499023183,67.68604610979632,0.8738,16.883069517053933,45.40100713771425,54.82285477641368,67.79549573504143,0.8704,1.8956097276381687
Sub07,Date06_Sub07_stool_sit,t0015.000,Sub07/Date06_Sub07_stool_sit/t0015.000,K1,HELD_OUT,O0,51.307605089613034,59.80811608942264,124.97664076784808,144.39958825237412,0.4862,23.504705016662662,28.053219380375527,57.285526529658775,70.24931951586416,0.8446,97.88482561551763
Sub07,Date06_Sub07_stool_sit,t0015.000,Sub07/Date06_Sub07_stool_sit/t0015.000,K1,HELD_OUT,O1,21.200505196360023,28.047662001258573,63.10966205544552,73.85245136460883,0.8292,20.452436776602028,25.199575478980776,51.649037430481634,63.18586610895906,0.8888,24.612402831670487
Sub07,Date06_Sub07_stool_sit,t0015.000,Sub07/Date06_Sub07_stool_sit/t0015.000,K1,HELD_OUT,O2,20.922232301666963,25.295917116846176,51.66446072269089,62.03198325637098,0.8886,20.655369503785828,24.78505973742362,49.29038231051764,61.24731235002967,0.904,6.675945854068718
Sub07,Date06_Sub07_stool_sit,t0015.000,Sub07/Date06_Sub07_stool_sit/t0015.000,K1,HELD_OUT,O3,23.383152866187856,27.01291320454448,54.13884930220371,63.699346241543566,0.8736,22.126644652431807,25.60520070679587,50.5634024329456,61.8267883307482,0.8962,12.852410205947741
Sub07,Date06_Sub07_stool_sit,t0015.000,Sub07/Date06_Sub07_stool_sit/t0015.000,K1,HELD_OUT,O4,20.928773548870737,25.231362365062825,51.747373133476756,62.140970600365364,0.8888,20.338908114570202,24.52563857011695,48.82095209609285,60.33109673787269,0.9048,8.685491575825033
Sub07,Date06_Sub07_stool_sit,t0015.000,Sub07/Date06_Sub07_stool_sit/t0015.000,K2,HELD_OUT,O0,34.10249302503475,59.324014837578204,86.56031091051628,118.79695114490293,0.6926,21.837890026426685,48.4962199467258,70.08940838059566,94.91380471348847,0.8042,49.51633587259614
Sub07,Date06_Sub07_stool_sit,t0015.000,Sub07/Date06_Sub07_stool_sit/t0015.000,K2,HELD_OUT,O1,27.889643904216094,52.89405941133359,74.32694851278869,100.2942536018626,0.7644,22.05676108800555,48.68195160714848,69.87868337397191,95.62782507275793,0.8142,28.23644208311941
Sub07,Date06_Sub07_stool_sit,t0015.000,Sub07/Date06_Sub07_stool_sit/t0015.000,K2,HELD_OUT,O2,34.155300064767985,62.162580461830274,98.47502175668,134.97292549841026,0.6844,21.9119649088602,49.32995194342788,76.79190000985939,103.85162325863625,0.8222,48.71189458061654
Sub07,Date06_Sub07_stool_sit,t0015.000,Sub07/Date06_Sub07_stool_sit/t0015.000,K2,HELD_OUT,O3,38.205026521911904,62.23858101546147,92.81388054675081,127.01040990604247,0.6448,23.29410682986667,49.00919006888142,70.56151428286097,98.86929542182048,0.8306,53.33875876473482
Sub07,Date06_Sub07_stool_sit,t0015.000,Sub07/Date06_Sub07_stool_sit/t0015.000,K2,HELD_OUT,O4,34.63004009199528,62.05238163237239,97.59235396976042,133.26413888740828,0.684,21.324242191728302,48.89751987011935,75.46651821849076,103.43054775675347,0.826,48.53212317097471
Sub07,Date06_Sub07_stool_sit,t0015.000,Sub07/Date06_Sub07_stool_sit/t0015.000,K3,HELD_OUT,O0,50.91109360104261,95.85589429307345,195.23387891333505,298.5891840197171,0.491,27.741414371826863,72.90382961780521,156.00104454446992,263.60491409698005,0.7536,70.32028098977769
Sub07,Date06_Sub07_stool_sit,t0015.000,Sub07/Date06_Sub07_stool_sit/t0015.000,K3,HELD_OUT,O1,25.513728002873265,78.12250282763743,192.05223460805877,293.3499044250495,0.7042,25.948535122253045,72.50608479986093,166.19944289396784,271.74399953306346,0.7542,36.63453738823901
Sub07,Date06_Sub07_stool_sit,t0015.000,Sub07/Date06_Sub07_stool_sit/t0015.000,K3,HELD_OUT,O2,35.02557132696924,90.76361970565672,219.29333834285336,318.1193392283808,0.6034,27.810473778215773,75.60888627343392,172.94034626074057,278.78005895639365,0.731,65.45535006897772
Sub07,Date06_Sub07_stool_sit,t0015.000,Sub07/Date06_Sub07_stool_sit/t0015.000,K3,HELD_OUT,O3,43.10062876801276,91.6338218751235,211.52066315377618,309.77571394468345,0.555,26.44386173058989,73.67355411277566,172.47714708489275,275.7385912609148,0.7524,68.42811124598498
Sub07,Date06_Sub07_stool_sit,t0015.000,Sub07/Date06_Sub07_stool_sit/t0015.000,K3,HELD_OUT,O4,35.49868056850782,90.36111125812847,217.37456521324,316.6915946025443,0.6012,27.169732550686852,75.03055882624052,171.92732286612738,277.6087171692561,0.734,64.83836332849954
Sub07,Date06_Sub07_stool_sit,t0027.000,Sub07/Date06_Sub07_stool_sit/t0027.000,K0,K0_DIAGNOSTIC,O0,67.94570627487818,116.72387672228827,231.48842300197677,316.54705975708674,0.3994,27.78757136576476,73.17383055286831,149.34356788669356,255.72302431285644,0.7048,114.63553623778657
Sub07,Date06_Sub07_stool_sit,t0027.000,Sub07/Date06_Sub07_stool_sit/t0027.000,K0,K0_DIAGNOSTIC,O1,27.959714830287012,79.147249459163,177.14276651787935,281.6950856383702,0.6928,28.532732629133605,72.5938011237593,145.198601734163,251.21870289285545,0.6976,41.45923714377721
Sub07,Date06_Sub07_stool_sit,t0027.000,Sub07/Date06_Sub07_stool_sit/t0027.000,K0,K0_DIAGNOSTIC,O2,23.25803701325271,69.2620289205863,147.60898480987174,257.4228928291485,0.7662,24.652893751947087,66.5654617102065,128.47686837266937,236.6588269580742,0.7712,23.02491574720451
Sub07,Date06_Sub07_stool_sit,t0027.000,Sub07/Date06_Sub07_stool_sit/t0027.000,K0,K0_DIAGNOSTIC,O3,27.875437876595758,75.7522795384733,163.18504496898473,270.1139264059519,0.7134,28.964450741358263,71.81187663704546,137.62346370841829,244.56133858976173,0.702,32.70533443640693
Sub07,Date06_Sub07_stool_sit,t0027.000,Sub07/Date06_Sub07_stool_sit/t0027.000,K0,K0_DIAGNOSTIC,O4,22.90652051690527,69.41233804898064,149.39724906482448,259.4707864910132,0.769,24.05901119898916,66.38499838334988,129.13285859850558,237.7799668141306,0.7766,24.19502070830857
Sub07,Date06_Sub07_stool_sit,t0027.000,Sub07/Date06_Sub07_stool_sit/t0027.000,K1,HELD_OUT,O0,25.80541710622453,44.72483747559314,76.90226496754286,112.56307251620343,0.7864,17.778682519658297,34.48744526284743,50.655456719482,81.69492722694903,0.8976,43.4131353988009
Sub07,Date06_Sub07_stool_sit,t0027.000,Sub07/Date06_Sub07_stool_sit/t0027.000,K1,HELD_OUT,O1,20.57288240943882,35.05006126838736,51.528647555887034,73.55035614259359,0.8936,16.781619657877698,31.477011843862517,43.170349990445594,68.68657107015932,0.9254,23.12011371745447
Sub07,Date06_Sub07_stool_sit,t0027.000,Sub07/Date06_Sub07_stool_sit/t0027.000,K1,HELD_OUT,O2,30.770996920692326,44.49487305359546,71.8894098125999,84.02355319137422,0.716,18.472693158123057,31.16074788692314,39.720268470596814,52.69546138989258,0.9432,46.523346006818514
Sub07,Date06_Sub07_stool_sit,t0027.000,Sub07/Date06_Sub07_stool_sit/t0027.000,K1,HELD_OUT,O3,29.652663012551223,41.836170900308396,63.33844570006097,80.9429796508546,0.7922,18.520389072544983,32.04277541159633,43.29238730814656,65.45233785769679,0.9218,38.630171540681744
Sub07,Date06_Sub07_stool_sit,t0027.000,Sub07/Date06_Sub07_stool_sit/t0027.000,K1,HELD_OUT,O4,28.993614556165053,42.846162149541996,69.13531815269991,80.97229862423282,0.7408,18.06966420936026,30.74663805320957,39.058047678284325,52.30206572877605,0.9456,43.5865943193589
Sub07,Date06_Sub07_stool_sit,t0027.000,Sub07/Date06_Sub07_stool_sit/t0027.000,K2,HELD_OUT,O0,20.82437012883463,49.59804185167511,70.37135419273993,105.75193647971899,0.8078,18.546839586478285,46.541720039478996,66.38154426365473,97.53109884689898,0.8474,21.154509619866033
Sub07,Date06_Sub07_stool_sit,t0027.000,Sub07/Date06_Sub07_stool_sit/t0027.000,K2,HELD_OUT,O1,29.474135454288657,57.12600740116924,86.33676802865482,121.27918941192678,0.7414,19.210441853134604,47.22357427691215,71.73507883983388,107.87685312097823,0.845,37.80171598240596
Sub07,Date06_Sub07_stool_sit,t0027.000,Sub07/Date06_Sub07_stool_sit/t0027.000,K2,HELD_OUT,O2,54.493548009010595,75.6771492422515,99.88083178965492,131.75811983164334,0.4364,19.522633173046735,45.955980378892875,62.55861799858311,98.40761436431633,0.8574,73.87847309075453
Sub07,Date06_Sub07_stool_sit,t0027.000,Sub07/Date06_Sub07_stool_sit/t0027.000,K2,HELD_OUT,O3,50.638221094988424,75.99533864111743,105.7118053102515,138.31439442315875,0.4888,18.803321460036706,46.834689538582474,71.86206304255641,110.71722222686347,0.8438,67.63920696706136
Sub07,Date06_Sub07_stool_sit,t0027.000,Sub07/Date06_Sub07_stool_sit/t0027.000,K2,HELD_OUT,O4,52.98993091699825,74.19402504982118,98.05565878531245,131.59424512645074,0.4622,18.965194274273692,45.45686461378939,62.504767473877166,98.72173810081844,0.867,71.25754075668839
Sub07,Date06_Sub07_stool_sit,t0027.000,Sub07/Date06_Sub07_stool_sit/t0027.000,K3,HELD_OUT,O0,35.29608486699467,76.28188004429394,149.37708535531436,178.91207440897753,0.6154,26.679132136768338,55.97653542266651,88.48016916636028,118.46051780895704,0.7958,68.67493468235311
Sub07,Date06_Sub07_stool_sit,t0027.000,Sub07/Date06_Sub07_stool_sit/t0027.000,K3,HELD_OUT,O1,29.28286197975907,65.61611855063124,119.18482039317149,151.12496260998506,0.6766,26.43386439924757,55.09687343968299,83.62691293153703,111.35636607483194,0.7928,48.77729719767149
Sub07,Date06_Sub07_stool_sit,t0027.000,Sub07/Date06_Sub07_stool_sit/t0027.000,K3,HELD_OUT,O2,27.821502940246717,61.57514655795321,102.47534963715168,136.9078185340998,0.6918,27.757467222817674,53.38193353394812,73.6436369584135,101.53824209079116,0.8218,48.65477720737975
Sub07,Date06_Sub07_stool_sit,t0027.000,Sub07/Date06_Sub07_stool_sit/t0027.000,K3,HELD_OUT,O3,37.49178799542095,70.20355164283123,118.62598713199255,152.0141792957119,0.6116,28.405968904623975,55.82682391312652,82.26744319972737,110.36699011692252,0.7762,58.81044412654458
Sub07,Date06_Sub07_stool_sit,t0027.000,Sub07/Date06_Sub07_stool_sit/t0027.000,K3,HELD_OUT,O4,27.237080145080864,61.19076163053249,102.07146432548963,136.97892550621557,0.6948,27.092247484284936,52.97383702544897,73.0200287843458,101.54883959879075,0.8256,48.52829283765682
Sub07,Date06_Sub07_stool_sit,t0038.000,Sub07/Date06_Sub07_stool_sit/t0038.000,K0,K0_DIAGNOSTIC,O0,55.918706733406296,105.68793972245648,221.5115379669083,281.95775701983035,0.4606,33.13178016709993,83.64114679381078,182.4234388137145,244.07542707933086,0.6424,80.71484320494477
Sub07,Date06_Sub07_stool_sit,t0038.000,Sub07/Date06_Sub07_stool_sit/t0038.000,K0,K0_DIAGNOSTIC,O1,29.171380454120985,85.61703457177789,199.16943875801118,260.5710684090484,0.6626,34.1273591633269,83.5548548698561,180.38715042029474,242.1791578378153,0.6406,31.139857056695146
Sub07,Date06_Sub07_stool_sit,t0038.000,Sub07/Date06_Sub07_stool_sit/t0038.000,K0,K0_DIAGNOSTIC,O2,21.45984295179504,79.7887679920762,189.08516829294896,251.37347270903265,0.691,26.41406676774592,78.25821647937636,173.68722729136312,236.23702155296303,0.6986,23.37704316452659
Sub07,Date06_Sub07_stool_sit,t0038.000,Sub07/Date06_Sub07_stool_sit/t0038.000,K0,K0_DIAGNOSTIC,O3,28.961179483564916,84.56058062651263,196.3216961372867,258.450752806904,0.6688,33.848625341116865,82.95622651798406,179.23383659888688,240.6851135290429,0.6448,27.434917776624374
Sub07,Date06_Sub07_stool_sit,t0038.000,Sub07/Date06_Sub07_stool_sit/t0038.000,K0,K0_DIAGNOSTIC,O4,21.29353465569725,79.26584769064964,187.4114537125245,249.97589495101107,0.6932,25.95157713529215,77.85736255476206,173.0121843375135,235.2592187860616,0.6998,22.541002774791853
Sub07,Date06_Sub07_stool_sit,t0038.000,Sub07/Date06_Sub07_stool_sit/t0038.000,K1,HELD_OUT,O0,22.14962770145183,37.65583709594765,62.89872018716676,77.62617461407623,0.831,16.449000555632132,30.432650012953346,46.36168989074551,56.47387993669883,0.9242,35.063228023414105
Sub07,Date06_Sub07_stool_sit,t0038.000,Sub07/Date06_Sub07_stool_sit/t0038.000,K1,HELD_OUT,O1,25.994587121039707,38.537391776613916,57.184605393353195,66.94171494779201,0.834,16.739079052141122,30.212514364143857,42.708879135499934,51.4911336201814,0.9422,37.21669823272009
Sub07,Date06_Sub07_stool_sit,t0038.000,Sub07/Date06_Sub07_stool_sit/t0038.000,K1,HELD_OUT,O2,22.123644916816858,37.015711745904234,59.678957273662185,71.84087404788356,0.8338,17.75096642849862,30.525733570500563,41.1568618434335,54.57252893756943,0.9374,31.8184329821024
Sub07,Date06_Sub07_stool_sit,t0038.000,Sub07/Date06_Sub07_stool_sit/t0038.000,K1,HELD_OUT,O3,26.343653686795086,39.00422500143686,59.177985410973456,68.63617171640553,0.8132,17.20112749504952,30.331705210224243,43.14010216136641,51.45630744348776,0.9448,38.8464306142028
Sub07,Date06_Sub07_stool_sit,t0038.000,Sub07/Date06_Sub07_stool_sit/t0038.000,K1,HELD_OUT,O4,22.178465720858377,36.90277181890171,58.90038080244417,70.9237219417692,0.8376,17.721191667119705,30.272545274747838,40.761620958908516,54.22470313300336,0.9392,32.090786847808
Sub07,Date06_Sub07_stool_sit,t0038.000,Sub07/Date06_Sub07_stool_sit/t0038.000,K2,HELD_OUT,O0,23.229904321058555,63.409448830283296,148.3191220600174,187.97666099483382,0.7082,22.86287200749274,62.812018559622835,144.28854220232978,180.11943140940494,0.7046,13.244836112574454
Sub07,Date06_Sub07_stool_sit,t0038.000,Sub07/Date06_Sub07_stool_sit/t0038.000,K2,HELD_OUT,O1,45.61210522784248,75.26004331569216,134.05107478610114,168.59598395011852,0.5568,22.784707529855737,63.17216808599676,148.02979426727725,179.24984455059226,0.7008,53.72773124834663
Sub07,Date06_Sub07_stool_sit,t0038.000,Sub07/Date06_Sub07_stool_sit/t0038.000,K2,HELD_OUT,O2,43.2681152018501,73.41722704291436,135.57151575767526,172.2922930134187,0.5618,30.090485062750354,65.66115059891034,142.42638525173413,175.91637955253617,0.6876,47.39322911665381
Sub07,Date06_Sub07_stool_sit,t0038.000,Sub07/Date06_Sub07_stool_sit/t0038.000,K2,HELD_OUT,O3,49.343754294975284,76.51654687100888,132.68971280481009,166.7039213738724,0.5098,22.6661269007666,62.924531033813196,148.0541335811896,178.05005615575706,0.7024,58.87511797476572
Sub07,Date06_Sub07_stool_sit,t0038.000,Sub07/Date06_Sub07_stool_sit/t0038.000,K2,HELD_OUT,O4,42.82404375184462,72.70366323007153,134.32597066165687,170.35993595129102,0.5678,29.622834938954618,65.19947663524333,141.2145990626484,174.9844245515754,0.691,46.03578892322474
Sub07,Date06_Sub07_stool_sit,t0038.000,Sub07/Date06_Sub07_stool_sit/t0038.000,K3,HELD_OUT,O0,35.23251802616636,102.98766355239499,267.0396737760565,329.22511592576376,0.5956,28.202446446689336,85.71469668175637,217.29953272912022,279.05882022159716,0.676,68.04702431128703
Sub07,Date06_Sub07_stool_sit,t0038.000,Sub07/Date06_Sub07_stool_sit/t0038.000,K3,HELD_OUT,O1,37.02883418885491,100.91436520489403,260.4933205288752,322.01636464397706,0.5806,30.196525844151687,86.70979382042484,218.32968363252095,279.7506074533323,0.6696,67.31371538527134
Sub07,Date06_Sub07_stool_sit,t0038.000,Sub07/Date06_Sub07_stool_sit/t0038.000,K3,HELD_OUT,O2,32.98876309860798,97.97237135570269,261.0929130822767,320.4348970211187,0.6156,31.75254458523589,88.10574741263994,223.02113799223198,283.8587908148623,0.6532,55.18203770712717
Sub07,Date06_Sub07_stool_sit,t0038.000,Sub07/Date06_Sub07_stool_sit/t0038.000,K3,HELD_OUT,O3,38.602201268776426,101.31562723856351,258.08264418892924,320.1488170007979,0.5664,30.40158250071797,86.41669380206717,217.03592652035312,278.54920404686857,0.6684,69.59398271909193
Sub07,Date06_Sub07_stool_sit,t0038.000,Sub07/Date06_Sub07_stool_sit/t0038.000,K3,HELD_OUT,O4,32.958350931872644,97.42083429509715,259.87671566136754,319.13732032773675,0.617,31.36942399144327,87.7540662288622,222.24944719609263,283.01870783882026,0.6558,54.63726009165188
Sub07,Date06_Sub07_yogaball_play,t0017.000,Sub07/Date06_Sub07_yogaball_play/t0017.000,K0,K0_DIAGNOSTIC,O0,48.075740381206884,100.76882082297006,105.16514578389025,125.1689042124963,0.5276,23.81013868187386,78.02978958067435,70.66881716116566,86.9063302197345,0.7976,66.83758452945645
Sub07,Date06_Sub07_yogaball_play,t0017.000,Sub07/Date06_Sub07_yogaball_play/t0017.000,K0,K0_DIAGNOSTIC,O1,23.75306640480476,79.61913360801242,78.50453200487061,97.29761004224073,0.7696,24.218338023492308,77.59551849149648,67.90950163012911,83.70437036115078,0.8036,19.661923795586638
Sub07,Date06_Sub07_yogaball_play,t0017.000,Sub07/Date06_Sub07_yogaball_play/t0017.000,K0,K0_DIAGNOSTIC,O2,17.835981231554243,75.77606065949068,83.03356063785736,103.54567590743834,0.814,18.940640782974064,75.18125239993071,76.13989867484098,96.37149612562519,0.829,11.008512663806075
Sub07,Date06_Sub07_yogaball_play,t0017.000,Sub07/Date06_Sub07_yogaball_play/t0017.000,K0,K0_DIAGNOSTIC,O3,22.284824284862943,78.016310519579,78.56700085274665,95.86362014821786,0.7966,23.011420296957134,76.8439144832275,69.62514370110361,90.16926151169642,0.8102,14.918421808104487
Sub07,Date06_Sub07_yogaball_play,t0017.000,Sub07/Date06_Sub07_yogaball_play/t0017.000,K0,K0_DIAGNOSTIC,O4,17.24598431528515,75.0703959923542,81.30309279266439,101.62940985488795,0.8168,18.4699655697826,74.55364652811207,74.32174865904857,94.48899397574216,0.832,10.666705117070551
Sub07,Date06_Sub07_yogaball_play,t0017.000,Sub07/Date06_Sub07_yogaball_play/t0017.000,K1,HELD_OUT,O0,24.152889558228786,33.90292892185289,77.05092829540087,93.7423529527626,0.798,13.249264912126556,21.208422347415464,46.431118088935115,66.1842721857317,0.9108,44.91919582025631
Sub07,Date06_Sub07_yogaball_play,t0017.000,Sub07/Date06_Sub07_yogaball_play/t0017.000,K1,HELD_OUT,O1,13.985700420650742,21.238695803333215,45.1275575200094,65.29302893853522,0.916,13.66741896859119,20.115833409698567,42.8127805408496,60.865141168174375,0.9248,11.249221278037457
Sub07,Date06_Sub07_yogaball_play,t0017.000,Sub07/Date06_Sub07_yogaball_play/t0017.000,K1,HELD_OUT,O2,13.425306741262148,18.90648684194861,34.4067964072783,44.980268466685466,0.958,13.017756479418924,18.68638872213103,35.50469334240333,47.17323948823425,0.9562,3.7314671708178415
Sub07,Date06_Sub07_yogaball_play,t0017.000,Sub07/Date06_Sub07_yogaball_play/t0017.000,K1,HELD_OUT,O3,12.945097864229789,20.64683365578528,45.494061939534014,59.16678319952596,0.92,12.031180590410598,19.452130881519675,43.01778169833523,55.34334398663187,0.9326,13.831771636370757
Sub07,Date06_Sub07_yogaball_play,t0017.000,Sub07/Date06_Sub07_yogaball_play/t0017.000,K1,HELD_OUT,O4,13.047399573451134,18.686406880014104,33.91450824553506,44.87513059321774,0.9594,12.905798828844109,18.503503682447327,35.29508856708238,47.10649955394309,0.957,3.2338321140035116
Sub07,Date06_Sub07_yogaball_play,t0017.000,Sub07/Date06_Sub07_yogaball_play/t0017.000,K2,HELD_OUT,O0,29.220108920137207,77.76190475382383,69.06007135485727,77.10544370261674,0.7484,16.90640436441384,66.34734840024377,51.76585975976174,65.0781251887395,0.891,48.389407748272866
Sub07,Date06_Sub07_yogaball_play,t0017.000,Sub07/Date06_Sub07_yogaball_play/t0017.000,K2,HELD_OUT,O1,17.118423225666504,66.9930908978629,55.30027344529936,68.90177972819605,0.8718,15.933706484803764,65.96837605908544,54.692987298352804,65.93183476650897,0.8726,11.387008218730827
Sub07,Date06_Sub07_yogaball_play,t0017.000,Sub07/Date06_Sub07_yogaball_play/t0017.000,K2,HELD_OUT,O2,14.833461450393978,63.03349872494887,44.00940378128408,58.943616680123,0.9252,13.711175384042953,61.91158492852752,40.59457596339627,55.43645378945593,0.9344,11.232433754524736
Sub07,Date06_Sub07_yogaball_play,t0017.000,Sub07/Date06_Sub07_yogaball_play/t0017.000,K2,HELD_OUT,O3,17.745086172865122,69.76562176905234,68.97874047053426,75.58964277706073,0.7966,15.042520056592029,65.95381130383433,55.849291793844685,64.14881268220664,0.8502,19.622971614741342
Sub07,Date06_Sub07_yogaball_play,t0017.000,Sub07/Date06_Sub07_yogaball_play/t0017.000,K2,HELD_OUT,O4,14.441440245009748,62.80307683125648,43.62466016559155,57.90126739329068,0.9258,13.873652975968337,61.893235087851096,40.67576842484186,54.51954977300197,0.9382,11.041554567634677
Sub07,Date06_Sub07_yogaball_play,t0017.000,Sub07/Date06_Sub07_yogaball_play/t0017.000,K3,HELD_OUT,O0,29.994078036268043,66.98384420578729,91.88369940720764,113.85824461370761,0.681,22.797522327951363,57.771690932391806,67.91340934899736,89.15539126220014,0.798,46.49455774395591
Sub07,Date06_Sub07_yogaball_play,t0017.000,Sub07/Date06_Sub07_yogaball_play/t0017.000,K3,HELD_OUT,O1,20.900188703246165,57.38489280984825,74.4125227755283,89.30321312954031,0.784,23.24106197423389,55.99830783483433,65.97128921294475,80.46733378368663,0.8316,24.578034713828387
Sub07,Date06_Sub07_yogaball_play,t0017.000,Sub07/Date06_Sub07_yogaball_play/t0017.000,K3,HELD_OUT,O2,19.518430109130726,55.83925628476852,67.36905217906785,95.24307638442457,0.7992,18.442327355909114,53.28221969651658,56.58297606520242,86.76313486416844,0.8634,20.245990292081324
Sub07,Date06_Sub07_yogaball_play,t0017.000,Sub07/Date06_Sub07_yogaball_play/t0017.000,K3,HELD_OUT,O3,23.559420568820766,58.560981813763824,75.5827133126675,91.93713846019877,0.7818,22.225892914262708,56.10909057408161,64.10698272260106,82.59465312643479,0.8312,26.2594880076482
Sub07,Date06_Sub07_yogaball_play,t0017.000,Sub07/Date06_Sub07_yogaball_play/t0017.000,K3,HELD_OUT,O4,19.336241609483388,55.477052116239854,66.40293411278192,93.69623256914271,0.8018,18.140694704009167,52.79454376647236,55.13706468587872,84.41343779635912,0.868,20.119534645235778
Sub07,Date06_Sub07_yogaball_play,t0028.000,Sub07/Date06_Sub07_yogaball_play/t0028.000,K0,K0_DIAGNOSTIC,O0,84.35442972394105,122.32326564397951,135.52283000787506,152.07552702954646,0.1364,19.38416302287772,66.8995532048954,65.85814552622884,92.45757453522472,0.8222,102.93628050280832
Sub07,Date06_Sub07_yogaball_play,t0028.000,Sub07/Date06_Sub07_yogaball_play/t0028.000,K0,K0_DIAGNOSTIC,O1,18.15161328406944,68.11605451036827,71.43996794075579,101.063311712527,0.7928,19.78004644973779,66.75728501595194,64.545050570143,90.86872120947692,0.8298,18.877547700583783
Sub07,Date06_Sub07_yogaball_play,t0028.000,Sub07/Date06_Sub07_yogaball_play/t0028.000,K0,K0_DIAGNOSTIC,O2,11.105142891809985,60.650773818026146,60.685861007266304,85.2082833555906,0.8634,11.632580251528474,60.17138104660495,56.198766225085706,80.29822032354485,0.876,11.789736475865848
Sub07,Date06_Sub07_yogaball_play,t0028.000,Sub07/Date06_Sub07_yogaball_play/t0028.000,K0,K0_DIAGNOSTIC,O3,17.867468605241683,66.9104504016506,68.69416449430763,97.18403219202875,0.8112,19.788956974013022,66.37318761253833,63.44121008744496,90.03384556065053,0.8402,13.98170905254119
Sub07,Date06_Sub07_yogaball_play,t0028.000,Sub07/Date06_Sub07_yogaball_play/t0028.000,K0,K0_DIAGNOSTIC,O4,11.001343826467902,60.73743124722668,61.89860692431533,86.14509684690455,0.8604,11.480445033019933,60.155815012357934,57.24742027436317,81.28926005776452,0.8736,11.756156603090222
Sub07,Date06_Sub07_yogaball_play,t0028.000,Sub07/Date06_Sub07_yogaball_play/t0028.000,K1,HELD_OUT,O0,42.60031843400485,46.95432135316384,91.8334123573899,104.1749403896237,0.5744,22.634036689331662,28.547171394187753,60.84563153302204,70.64302803378915,0.8184,63.46261668135984
Sub07,Date06_Sub07_yogaball_play,t0028.000,Sub07/Date06_Sub07_yogaball_play/t0028.000,K1,HELD_OUT,O1,19.547696960812285,22.183051451361436,42.23281139032299,54.09400964673692,0.9384,17.398842466013356,20.383960996597366,39.340159423438855,53.47296518823302,0.9396,13.751329066283981
Sub07,Date06_Sub07_yogaball_play,t0028.000,Sub07/Date06_Sub07_yogaball_play/t0028.000,K1,HELD_OUT,O2,13.436596059210002,17.072524321055205,35.16285740418047,47.29819659489769,0.9552,10.797922810050569,15.838853854678536,36.90984141437688,49.170345425660045,0.952,9.375999902207738
Sub07,Date06_Sub07_yogaball_play,t0028.000,Sub07/Date06_Sub07_yogaball_play/t0028.000,K1,HELD_OUT,O3,20.372355656720263,22.939739294008334,42.75237622789767,55.497276828570364,0.932,17.373500693072984,20.182168948741612,39.11583469642165,53.023046046671766,0.9414,16.950880760980034
Sub07,Date06_Sub07_yogaball_play,t0028.000,Sub07/Date06_Sub07_yogaball_play/t0028.000,K1,HELD_OUT,O4,13.796371201827316,17.280789273173788,34.4012099199511,46.44080667782334,0.9578,10.723618469612605,15.708602947123701,36.37649877668483,48.685173633881575,0.9532,11.05195889420557
Sub07,Date06_Sub07_yogaball_play,t0028.000,Sub07/Date06_Sub07_yogaball_play/t0028.000,K2,HELD_OUT,O0,40.72512121801733,92.39357208819382,96.19894147909022,114.28405525082283,0.6058,29.521145119247134,79.47830933341609,72.74886755890132,91.29425321140467,0.7532,54.023765071106475
Sub07,Date06_Sub07_yogaball_play,t0028.000,Sub07/Date06_Sub07_yogaball_play/t0028.000,K2,HELD_OUT,O1,27.142273038929677,78.4993677165571,78.00291285181724,95.08040342512365,0.7368,25.15369929391609,76.56563765606145,72.67940763960277,87.11042157378597,0.79,20.778868724614757
Sub07,Date06_Sub07_yogaball_play,t0028.000,Sub07/Date06_Sub07_yogaball_play/t0028.000,K2,HELD_OUT,O2,23.007251434119148,76.09898168070373,70.40991019205138,103.45276771409004,0.8,22.41916773091681,74.11081429312225,65.66251288774072,97.84462930825985,0.8404,21.79898545554718
Sub07,Date06_Sub07_yogaball_play,t0028.000,Sub07/Date06_Sub07_yogaball_play/t0028.000,K2,HELD_OUT,O3,28.099200081125026,78.68483896851333,77.49893956957763,96.17658180376235,0.7368,25.44021428724529,76.66249363731852,72.41264220387103,87.55724520713765,0.7882,20.831894471962716
Sub07,Date06_Sub07_yogaball_play,t0028.000,Sub07/Date06_Sub07_yogaball_play/t0028.000,K2,HELD_OUT,O4,23.114129021725702,75.6985114392373,69.50538753761673,99.64354586585723,0.8022,22.32911609121257,73.74218526396183,63.93394535851981,93.90939675380324,0.8436,21.709589841500968
Sub07,Date06_Sub07_yogaball_play,t0028.000,Sub07/Date06_Sub07_yogaball_play/t0028.000,K3,HELD_OUT,O0,52.17015268292564,71.16212434357696,124.80881724529368,138.01027864049712,0.4826,29.950805233197258,48.57687748703997,81.25140852982423,92.91377361453772,0.7174,79.75704016646282
Sub07,Date06_Sub07_yogaball_play,t0028.000,Sub07/Date06_Sub07_yogaball_play/t0028.000,K3,HELD_OUT,O1,29.6129870450629,51.94917144763275,93.83668947591147,112.11313218080632,0.671,26.38567014786036,44.35046815348378,70.88712877755742,83.27279296272091,0.7678,48.47685114710402
Sub07,Date06_Sub07_yogaball_play,t0028.000,Sub07/Date06_Sub07_yogaball_play/t0028.000,K3,HELD_OUT,O2,28.204706635627616,45.803119152110234,72.44646037251866,90.36690717822411,0.7522,24.249697478081778,40.24615568462757,58.191947689521285,69.00596437545806,0.831,35.11062547373889
Sub07,Date06_Sub07_yogaball_play,t0028.000,Sub07/Date06_Sub07_yogaball_play/t0028.000,K3,HELD_OUT,O3,29.002526562610917,49.892236417517005,86.78152411564734,103.94010614284478,0.6942,26.603356381193873,43.832185189483376,69.63780081020737,81.54416366384218,0.773,43.002580115753275
Sub07,Date06_Sub07_yogaball_play,t0028.000,Sub07/Date06_Sub07_yogaball_play/t0028.000,K3,HELD_OUT,O4,28.159273573397428,46.03393815119533,74.05274106797609,91.63612028701407,0.7506,24.40091818630929,40.854895935416664,60.41383068720049,70.91323705954711,0.8186,34.070279762502004
Sub07,Date06_Sub07_yogaball_play,t0039.000,Sub07/Date06_Sub07_yogaball_play/t0039.000,K0,K0_DIAGNOSTIC,O0,113.2907525002015,116.61063931572805,168.70068244989977,183.50055318966503,0.1076,17.280634706220408,31.669961616483842,62.70971555120679,81.43724774842325,0.8428,152.24937221977078
Sub07,Date06_Sub07_yogaball_play,t0039.000,Sub07/Date06_Sub07_yogaball_play/t0039.000,K0,K0_DIAGNOSTIC,O1,19.989914398885176,33.57751613553271,63.103472039931425,84.12256468696917,0.8358,17.313127073720956,31.566790576209915,62.43039585596577,81.30035601857142,0.8438,14.841116431148274
Sub07,Date06_Sub07_yogaball_play,t0039.000,Sub07/Date06_Sub07_yogaball_play/t0039.000,K0,K0_DIAGNOSTIC,O2,9.435661810853983,23.283855155503616,44.96714616525405,66.76298109082654,0.9164,9.80018594661276,23.217438608612223,44.061613421908966,64.9473757100006,0.9202,4.150005320009414
Sub07,Date06_Sub07_yogaball_play,t0039.000,Sub07/Date06_Sub07_yogaball_play/t0039.000,K0,K0_DIAGNOSTIC,O3,17.200255664359517,31.14588857834952,61.13211887946579,79.9417331378088,0.852,16.71289546805193,31.109176265694323,61.48720012654039,80.018207851666,0.8458,4.387350329449704
Sub07,Date06_Sub07_yogaball_play,t0039.000,Sub07/Date06_Sub07_yogaball_play/t0039.000,K0,K0_DIAGNOSTIC,O4,9.573907224943385,23.037609320190697,44.53731542011038,66.12415448748794,0.9184,9.515691436121307,22.94287623201563,44.52853422325871,64.36482551434044,0.9192,3.7567261207922096
Sub07,Date06_Sub07_yogaball_play,t0039.000,Sub07/Date06_Sub07_yogaball_play/t0039.000,K1,HELD_OUT,O0,62.55424973046648,69.50883837105785,135.6699541282929,154.6257361753311,0.3902,36.624038490360235,40.99115268210896,81.29232870804768,96.43239042672963,0.6444,90.75670833495782
Sub07,Date06_Sub07_yogaball_play,t0039.000,Sub07/Date06_Sub07_yogaball_play/t0039.000,K1,HELD_OUT,O1,17.63221535859318,21.842281944408555,44.788030487940716,53.15280909333116,0.9322,14.628222660135895,18.793066469218648,37.93614937869614,48.308200123580505,0.9566,19.418591999182592
Sub07,Date06_Sub07_yogaball_play,t0039.000,Sub07/Date06_Sub07_yogaball_play/t0039.000,K1,HELD_OUT,O2,13.054306241063369,16.159413877044926,31.21020940324522,38.76668151266791,0.9756,11.008940918078816,14.101485699410219,28.317559673026,34.82710643899379,0.9802,13.952556525659705
Sub07,Date06_Sub07_yogaball_play,t0039.000,Sub07/Date06_Sub07_yogaball_play/t0039.000,K1,HELD_OUT,O3,17.138448858350287,20.651211480256343,40.97395484561338,50.682676264116196,0.948,14.335451785859682,18.344708150660587,36.7144427375119,46.495787641711864,0.9612,16.197745424484474
Sub07,Date06_Sub07_yogaball_play,t0039.000,Sub07/Date06_Sub07_yogaball_play/t0039.000,K1,HELD_OUT,O4,12.715371593775792,15.730654856841552,30.238924296841112,37.66733607859052,0.9768,11.059659514756998,13.943449962539328,27.730026339734373,34.258772506730104,0.9812,13.084843509806296
Sub07,Date06_Sub07_yogaball_play,t0039.000,Sub07/Date06_Sub07_yogaball_play/t0039.000,K2,HELD_OUT,O0,51.841536874309604,70.97216162252916,104.84217997349293,116.56587858350404,0.4806,44.72953832417943,66.31593058635193,96.91427451773707,110.50023591189466,0.5552,37.60531524628749
Sub07,Date06_Sub07_yogaball_play,t0039.000,Sub07/Date06_Sub07_yogaball_play/t0039.000,K2,HELD_OUT,O1,21.689220584312206,51.0347356975131,96.71924198302757,118.01686863972974,0.7504,22.030448154114666,48.52277433637306,87.47805783985191,107.22183569779156,0.768,22.695819459509536
Sub07,Date06_Sub07_yogaball_play,t0039.000,Sub07/Date06_Sub07_yogaball_play/t0039.000,K2,HELD_OUT,O2,21.36990941522444,43.93904564156546,65.09664194769732,84.98590668660448,0.8506,20.716141718027746,42.42076733824371,58.75825037940842,80.4408999813452,0.8568,17.035486887167977
Sub07,Date06_Sub07_yogaball_play,t0039.000,Sub07/Date06_Sub07_yogaball_play/t0039.000,K2,HELD_OUT,O3,21.68859418630926,50.80871964230713,93.86007835727621,119.29358307566191,0.7544,21.92218881893084,48.263350787961414,86.51310629985902,106.71566603393015,0.769,21.169367697224406
Sub07,Date06_Sub07_yogaball_play,t0039.000,Sub07/Date06_Sub07_yogaball_play/t0039.000,K2,HELD_OUT,O4,21.220235464780764,43.85301724187998,65.61303457440799,84.54454933178933,0.8518,20.946460652885076,42.34881936953552,58.44719005781435,80.53114605159993,0.8562,16.98279101553217
Sub07,Date06_Sub07_yogaball_play,t0039.000,Sub07/Date06_Sub07_yogaball_play/t0039.000,K3,HELD_OUT,O0,48.417002079266815,73.99400314016987,102.78973058780004,118.97728752873543,0.513,32.81033939436989,57.90053552044837,73.14740292142747,90.85392627801622,0.6868,62.468197842851055
Sub07,Date06_Sub07_yogaball_play,t0039.000,Sub07/Date06_Sub07_yogaball_play/t0039.000,K3,HELD_OUT,O1,31.172660839007996,59.58626578752227,92.92697522999244,112.88946247875094,0.7056,26.855491746499702,53.34699450755245,72.89480341871716,93.77915393479047,0.7956,35.41997292006906
Sub07,Date06_Sub07_yogaball_play,t0039.000,Sub07/Date06_Sub07_yogaball_play/t0039.000,K3,HELD_OUT,O2,24.243860111888633,49.800556800757946,63.158586706173594,80.84669874180298,0.8208,22.401133217583673,47.71150944618306,58.213644920630585,71.7009982841089,0.86,20.66304091049856
Sub07,Date06_Sub07_yogaball_play,t0039.000,Sub07/Date06_Sub07_yogaball_play/t0039.000,K3,HELD_OUT,O3,28.895765978311697,58.52923910788034,92.72167534997472,112.35723657147324,0.7336,26.786731631241953,53.46306224593804,74.22381668446826,96.63834820976676,0.7976,30.98722156616233
Sub07,Date06_Sub07_yogaball_play,t0039.000,Sub07/Date06_Sub07_yogaball_play/t0039.000,K3,HELD_OUT,O4,23.654496484180715,49.79490802512412,63.74897460152638,82.51117074128949,0.8248,22.64654246635606,47.90858059442525,59.58066365053966,73.06435627506904,0.852,18.610571107791678
