image_id;age;institute;study_type;split;manufacturer;scanner_model;kvp;convolution_kernel;slice_thickness;pathology;pathology_location;gender
s1366;50.00;J;ct polytrauma;train;siemens;sensation 64;120;b30f;3;unclear;unclear;
s1406;3.00;;;train;ge;brightspeed s;120;boneplus;1.250000;;;f
s1407;7.00;;;train;ge;brightspeed s;120;standard;0.625000;;;f
s1408;6.00;;;train;ge;brightspeed s;120;soft;0.625000;;;f
s1409;5.00;;;train;ge;brightspeed s;120;soft;0.625000;;;m
s1410;10.00;;;train;ge;brightspeed s;120;soft;0.625000;;;f
s1411;21.00;;;train;ge;discovery ste;80;standard;3.750000;;;m
s1412;5.00;;;train;ge;brightspeed s;120;boneplus;2.500000;;;m
s0245;81.00;J;ct abdomen-pelvis;train;siemens;somatom definition flash;100;i70f;2;no_pathology;no_location;m
s0325;65.00;J;ct abdomen-pelvis;train;siemens;sensation 64;120;b70f;2;other;abdomen;f
s1413;2.00;;;train;ge;brightspeed s;100;standard;2.500000;;;m
s1414;8.00;;;train;ge;brightspeed s;120;bone;2.500000;;;f
s1415;25.00;;;train;ge;brightspeed s;100;standard;3.750000;;;f
s1416;7.00;;;train;ge;brightspeed s;120;boneplus;2.500000;;;f
s1417;5.00;;;train;ge;brightspeed s;120;standard;2.500000;;;f
s1418;21.00;;;train;ge;brightspeed s;100;standard;3.750000;;;m
s1419;25.00;;;train;ge;brightspeed s;100;standard;3.750000;;;m
s1420;8.00;;;train;ge;brightspeed s;120;boneplus;2.500000;;;f
s1421;10.00;;;train;ge;brightspeed s;100;boneplus;1.250000;;;m
s1422;15.00;;;train;ge;brightspeed s;100;standard;3.750000;;;m
s1423;8.00;;;train;ge;brightspeed s;120;standard;2.500000;;;m
s1424;5.00;;;train;ge;brightspeed s;120;boneplus;2.500000;;;m
s0320;78.00;J;ct angiography abdomen-pelvis-leg;train;siemens;sensation 64;120;b30f;2;vascular;abdomen;m
s1425;6.00;;;train;ge;brightspeed s;120;boneplus;2.500000;;;m
s1426;3.00;;;train;ge;brightspeed s;120;soft;0.625000;;;m
s1427;8.00;;;train;ge;brightspeed s;120;standard;2.500000;;;f
s1428;5.00;;;train;ge;brightspeed s;120;boneplus;2.500000;;;f
s1429;5.00;;;train;ge;brightspeed s;100;standard;3.750000;;;f
s1430;6.00;;;train;ge;brightspeed s;120;soft;2.500000;;;f
s1431;7.00;;;train;ge;brightspeed s;120;boneplus;2.500000;;;m
s1432;9.00;;;train;ge;brightspeed s;120;boneplus;2.500000;;;f
s0193;67.00;C;ct abdomen-pelvis;train;siemens;emotion 16;130;b30s;3;no_pathology;no_location;m
s0189;51.00;J;ct aortic valve;train;siemens;somatom definition flash;120;b40f;3;vascular;thorax,abdomen;m
s0330;68.00;J;ct intervention;train;siemens;sensation 64;120;b30f;3;no_pathology;no_location;f
s0329;42.00;C;ct abdomen-pelvis;train;siemens;emotion 16;130;b30s;3;no_pathology;no_location;m
s0326;52.00;C;ct neck;train;siemens;emotion 16;130;b30s;3;no_pathology;no_location;m
s1433;10.00;;;train;siemens;sensation 64;120;b60s;1.5;;;f
s0328;59.00;J;ct abdomen-pelvis;train;siemens;somatom definition flash;100;i30f;3;inflammation;abdomen;m
s0322;62.00;C;ct chest-abdomen-pelvis;train;siemens;emotion 16;130;b70s;2;tumor;bones;m
s0321;60.00;C;ct neck-chest-abdomen-pelvis;train;siemens;emotion 16;130;b70s;2;tumor;head;f
s1434;6.00;;;train;ge;brightspeed s;120;soft;2.500000;;;m
s1435;39.00;C;ct lower limb;train;siemens;emotion 16;130;b30s;1.5;;;f
s0327;73.00;J;ct angiography neck-thx-abd-pelvis-leg;train;siemens;somatom definition as+;120;b40f;3;no_pathology;no_location;m
s0324;54.00;J;ct abdomen-pelvis;train;siemens;somatom definition as+;120;i70f;2;other;abdomen;f
s0049;65.00;J;ct aortic valve;train;siemens;somatom definition flash;120;i30f;1;vascular;thorax,abdomen;m
s0315;49.00;C;ct chest-chest;train;siemens;emotion 16;130;b70s;2;other;thorax;m
s1436;9.00;;;test;ge;brightspeed s;120;standard;3.750000;;;f
s0295;53.00;C;ct spine;test;siemens;emotion 16;130;b60s;2;no_pathology;no_location;f
s0311;51.00;C;ct abdomen-pelvis;test;siemens;emotion 16;130;b30s;3;no_pathology;no_location;m
s0319;67.00;J;ct abdomen-pelvis;train;siemens;somatom definition as+;100;b40f;3;no_pathology;no_location;m
s0316;61.00;J;ct intervention;train;siemens;sensation 64;120;b30f;3;tumor;abdomen;f
s0304;72.00;C;ct abdomen-pelvis;train;siemens;emotion 16;110;b30s;3;no_pathology;no_location;m
s0241;64.00;J;ct chest-abdomen-pelvis;train;siemens;somatom definition as+;100;i70f;2;no_pathology;no_location;f
s1437;2.00;;;train;ge;brightspeed s;120;standard;3.750000;;;f
s0314;82.00;J;ct abdomen-pelvis;train;siemens;sensation 64;120;b70f;2;other;abdomen;m
s0313;71.00;J;ct spine;train;siemens;sensation 64;120;b30s;0.75;other;abdomen;f
s1438;61.00;J;ct lower limb both;train;siemens;sensation 64;120;b70s;2;;;f
s0312;78.00;J;ct spine;train;siemens;somatom definition as+;120;b70s;0.75;no_pathology;no_location;f
s0271;61.00;J;ct angiography chest;train;siemens;somatom definition flash;120;i70f;2;vascular;thorax;m
s1439;56.00;C;ct gesichtshead;train;siemens;emotion 16;130;h70s;0.75;;;f
s0310;25.00;J;ct chest-neck;train;siemens;somatom definition flash;100;i31f;3;no_pathology;no_location;f
s0298;69.00;C;ct abdomen-pelvis;train;siemens;emotion 16;110;b30s;3;no_pathology;no_location;m
s0300;79.00;C;ct chest-abdomen-pelvis;train;siemens;emotion 16;130;b70s;2;unclear;unclear;m
s0308;59.00;J;ct angiography abdomen-pelvis-leg;test;siemens;somatom definition as+;120;b40f;3;bleeding;abdomen;m
s0306;50.00;J;ct abdomen-pelvis;train;siemens;somatom definition as+;120;b40f;3;other;abdomen;m
s1440;30.00;J;ct gesichtshead;train;siemens;sensation 64;80;h70h;2;;;f
s0305;69.00;J;ct angiography abdomen-pelvis-leg;train;siemens;sensation 64;120;b70f;2;no_pathology;no_location;m
s0303;77.00;J;ct chest-neck;train;siemens;sensation 64;120;b30f;3;tumor;throat;f
s0301;75.00;C;ct pelvis;train;siemens;emotion 16;130;b60s;1.5;no_pathology;no_location;m
s1441;69.00;J;ct lower limb;train;siemens;somatom definition flash;100;b70f;3;;;m
s0290;52.00;J;ct intervention;train;siemens;sensation 64;120;b30f;1;tumor;abdomen;f
s0307;66.00;B;ct neck-chest-abdomen-pelvis;train;siemens;sensation 16;120;b30f;2;unclear;unclear;f
s1442;1.00;;;train;ge;brightspeed s;100;standard;3.750000;;;f
s0291;63.00;C;ct neck-chest-abdomen-pelvis;test;siemens;emotion 16;130;b30s;3;tumor;bones;f
s0294;49.00;J;ct chest-chest;train;siemens;somatom definition flash;100;i70f;2;tumor;thorax;m
s0292;65.00;J;ct angiography head;train;siemens;somatom definition as+;120;b30f;0.75;vascular;throat;m
s0111;66.00;J;ct aortic valve;train;siemens;somatom definition flash;120;i70f;2;vascular;thorax;m
s0285;73.00;J;ct chest-abdomen-pelvis;train;siemens;somatom definition flash;100;i70f;2;tumor;thorax;f
s1443;17.00;J;ct upper limb both;train;siemens;sensation 64;120;u70u;0.75;;;m
s0289;56.00;J;ct angiography head;train;siemens;somatom definition as+;120;b30f;0.75;no_pathology;no_location;f
s0287;79.00;J;ct angiography neck-thx-abd-pelvis-leg;train;siemens;somatom definition flash;100;i30f;3;vascular;unclear;m
s0288;65.00;J;ct spine;train;siemens;somatom definition as+;120;b30s;0.75;trauma;head;m
s0281;72.00;C;ct neck;train;siemens;emotion 16;130;b30s;3;no_pathology;no_location;m
s0286;78.00;J;ct abdomen-pelvis;train;siemens;somatom definition as+;100;i70f;2;no_pathology;no_location;m
s0283;56.00;J;ct intervention;train;siemens;sensation 64;120;b30f;3;tumor;abdomen;m
s0279;65.00;C;ct neck;train;siemens;emotion 16;130;b30s;3;no_pathology;no_location;m
s0270;69.00;J;ct heart;train;siemens;somatom definition flash;120;b30f;3;no_pathology;no_location;m
s0296;79.00;A;ct spine;train;ge;discovery ste;120;bone;2.5;unclear;unclear;f
s0266;52.00;J;ct chest-chest;train;siemens;sensation 64;120;b70f;2;tumor;thorax;m
s0282;70.00;C;ct spine;train;siemens;emotion 16;130;b60s;2;tumor;bones;f
s1444;63.00;J;ct lower limb;train;siemens;somatom definition as+;120;i30s;0.75;;;m
s1445;6.00;;;train;siemens;sensation 16;120;b30f;2;;;m
s1446;7.00;;;test;siemens;sensation 16;120;b30f;2;;;m
s1447;2.00;;;train;ge;discovery ste;80;standard;3.750000;;;f
s0278;63.00;J;ct spine;train;siemens;somatom definition as+;100;b30s;2;no_pathology;no_location;f
s0275;45.00;J;ct abdomen-pelvis;train;siemens;somatom definition flash;100;i30f;3;no_pathology;no_location;m
s0277;47.00;J;ct neck;train;siemens;sensation 64;120;b25s;3;bleeding;throat;f
s0175;57.00;J;ct chest-abdomen-pelvis;train;siemens;sensation 64;120;b70f;2;no_pathology;no_location;m
s1448;48.00;J;ct lower limb;train;siemens;sensation 64;120;b30s;1;;;f
s0264;45.00;J;ct chest-chest;train;siemens;sensation 64;120;b70f;2;no_pathology;no_location;f
s0265;47.00;J;ct intervention;train;siemens;sensation 64;120;b30f;3;tumor;abdomen;f
s1449;62.00;J;ct lower limb;train;siemens;sensation 64;120;b70s;2;;;f
s1450;57.00;C;ct gesichtshead;train;siemens;emotion 16;130;h70s;0.75;;;f
s0263;48.00;J;ct neck;train;siemens;somatom definition flash;100;b70s;2;no_pathology;no_location;m
s0256;42.00;J;ct chest-chest;train;siemens;somatom definition flash;100;i70f;2;no_pathology;no_location;f
s0262;31.00;J;ct abdomen-pelvis;train;siemens;sensation 64;120;b70f;2;no_pathology;no_location;m
s0261;53.00;J;ct abdomen;train;siemens;somatom definition flash;100;i30f;3;other;abdomen;m
s0260;50.00;J;ct neck-chest-abdomen-pelvis;train;siemens;somatom definition as+;120;b40f;3;tumor;thorax;f
s0259;58.00;J;ct neck;train;siemens;sensation 64;120;h45s;1;no_pathology;no_location;f
s0258;40.00;J;ct abdomen-pelvis;train;siemens;somatom definition as+;100;i70f;2;no_pathology;no_location;m
s1451;60.00;C;ct gesichtshead;train;;;;;;;;m
s0257;78.00;J;ct angiography abdomen-pelvis-leg;train;siemens;somatom definition flash;100;i70f;2;tumor;abdomen;f
s1452;74.00;J;ct head;train;;;;;;;;f
s0239;51.00;J;ct angiography abdomen-pelvis-leg;train;siemens;somatom definition flash;100;i30f;3;vascular;thorax,abdomen;m
s0248;70.00;C;ct neck-chest-abdomen-pelvis;train;siemens;emotion 16;130;b70s;2;tumor;abdomen,pelvis;f
s0235;42.00;J;ct abdomen-pelvis;test;siemens;somatom definition flash;100;i30f;3;vascular;unclear;f
s0254;57.00;J;ct neck;train;siemens;sensation 64;120;b25s;3;tumor;throat;m
s0255;58.00;J;ct abdomen-pelvis;train;siemens;somatom definition as+;100;i30f;3;no_pathology;no_location;f
s1453;52.00;C;ct lower limb both;train;siemens;emotion 16;130;b60s;3;;;m
s0253;62.00;J;ct chest-chest;train;siemens;sensation 64;120;b70f;2;other;thorax;f
s0250;65.00;J;ct neck-chest-abdomen-pelvis;train;siemens;somatom definition flash;100;i70f;2;no_pathology;no_location;m
s0236;75.00;C;ct abdomen-pelvis;test;siemens;emotion 16;130;b30s;3;tumor;abdomen;m
s0252;39.00;J;ct abdomen-pelvis;train;siemens;somatom definition as+;120;i70f;2;inflammation;abdomen;f
s0221;62.00;C;ct spine;train;siemens;emotion 16;130;b30s;1.5;other;abdomen;f
s0249;62.00;J;ct abdomen-pelvis;train;siemens;somatom definition flash;100;i70f;2;tumor;abdomen,pelvis;m
s0247;51.00;J;ct abdomen-pelvis;train;siemens;somatom definition as+;100;i70f;2;other;abdomen;f
s0246;48.00;J;ct abdomen-pelvis;train;siemens;sensation 64;120;b30f;3;inflammation;abdomen;f
s1454;8.00;;;train;ge;brightspeed s;80;soft;0.625000;;;f
s0244;87.00;J;ct abdomen-pelvis;test;siemens;somatom definition flash;100;i30f;3;tumor;abdomen;m
s0243;55.00;C;ct abdomen-pelvis;train;siemens;emotion 16;130;b70s;2;tumor;abdomen,pelvis;m
s1455;5.00;;;test;ge;discovery ste;80;standard;3.750000;;;m
s1456;58.00;J;ct head;train;siemens;somatom definition as+;120;h30s;2;;;m
s0216;36.00;J;ct angiography abdomen-pelvis-leg;train;siemens;somatom definition flash;100;i30f;1;no_pathology;no_location;f
s0242;18.00;J;ct abdomen-pelvis;train;siemens;somatom definition as+;120;b40f;3;no_pathology;no_location;f
s0240;63.00;J;ct chest-neck;train;siemens;somatom definition flash;100;i70f;2;tumor;abdomen;m
s0231;59.00;C;ct chest-chest;train;siemens;emotion 16;130;b30s;3;other;thorax;m
s1457;40.00;C;ct lower limb;train;siemens;emotion 16;130;b30s;1.5;;;f
s0219;75.00;J;ct intervention;train;siemens;sensation 64;120;b70f;3;tumor;thorax;f
s1458;3.00;;;test;siemens;somatom definition as+;120;h30s;2;;;m
s0238;17.00;J;ct abdomen-pelvis;train;siemens;somatom definition as+;100;b40f;3;inflammation;abdomen;m
s0217;83.00;J;ct neck;train;siemens;sensation 64;120;h60s;1;no_pathology;no_location;m
s0228;44.00;C;ct abdomen-pelvis;train;siemens;emotion 16;110;b30s;3;other;abdomen;m
s0237;46.00;J;ct abdomen-pelvis;train;siemens;somatom definition flash;100;i70f;2;other;abdomen;f
s0050;30.00;C;ct chest-abdomen;train;siemens;emotion 16;130;b30s;5;no_pathology;no_location;m
s0057;65.00;J;ct chest-chest;train;siemens;sensation 64;120;b30f;3;no_pathology;no_location;m
s0230;21.00;J;ct heart-thorakale aorta;test;siemens;somatom definition flash;120;i70f;2;vascular;thorax;m
s0234;72.00;J;ct spine;train;siemens;somatom definition as+;120;b30s;0.75;trauma;head,thorax;m
s0226;54.00;J;ct neck;train;siemens;sensation 64;120;b25s;3;no_pathology;no_location;f
s0233;60.00;J;ct spine;train;siemens;somatom definition as+;120;b30s;0.75;other;abdomen;f
s1459;31.00;J;ct gesichtshead;train;siemens;somatom definition as+;120;h30s;0.75;;;m
s0232;81.00;B;ct abdomen;train;siemens;sensation 16;120;b20f;2;unclear;unclear;m
s0229;51.00;J;ct intervention;train;siemens;sensation 64;120;b70s;3;tumor;pelvis;m
s1460;49.00;C;ct gesichtshead;train;;;;;;;;m
s1461;42.00;J;ct lower limb;train;siemens;sensation 64;120;b30s;0.75;;;m
s0223;67.00;J;ct chest-neck;train;siemens;sensation 64;120;b31f;1.5;no_pathology;no_location;f
s0227;63.00;J;ct chest-abdomen-pelvis;train;siemens;somatom definition as+;100;i30f;3;no_pathology;no_location;f
s0224;48.00;J;ct polytrauma;train;siemens;somatom definition as+;140;b30f;3;trauma;head,thorax;m
s0222;64.00;J;ct abdomen-pelvis;train;siemens;somatom definition as+;100;i70f;2;no_pathology;no_location;m
s1462;0.00;;;train;ge;brightspeed s;120;bone;2.500000;;;f
s0220;31.00;J;ct chest-chest;train;siemens;sensation 64;120;b70f;2;inflammation;abdomen;f
s0215;56.00;J;ct chest-chest;train;siemens;sensation 64;120;b70f;2;tumor;thorax;f
s0029;60.00;J;ct chest-abdomen-pelvis;test;siemens;somatom definition flash;120;i30f;5;other;thorax;m
s0218;69.00;J;ct abdomen-pelvis;train;siemens;somatom definition flash;100;i70f;2;no_pathology;no_location;f
s0178;62.00;J;ct abdomen-pelvis;train;siemens;somatom definition flash;100;q30f;3;tumor;abdomen,bones;m
s1463;50.00;J;ct gesichtshead;test;;;;;;;;m
s1464;8.00;;;train;ge;brightspeed s;80;boneplus;1.250000;;;f
s0212;66.00;J;ct chest-abdomen;train;siemens;somatom definition as+;100;b40f;3;inflammation;abdomen,pelvis;m
s0042;56.00;C;ct abdomen-pelvis;train;siemens;emotion 16;130;b30s;1.5;no_pathology;no_location;m
s0211;79.00;J;ct abdomen-pelvis;train;siemens;somatom definition as+;100;i70f;2;tumor;abdomen,pelvis;m
s0191;75.00;J;ct spine;train;siemens;sensation 64;120;b70s;3;no_pathology;no_location;f
s0204;35.00;C;ct abdomen-pelvis;train;siemens;emotion 16;130;b30s;3;no_pathology;no_location;m
s1465;5.00;;;train;siemens;sensation 16;120;b20f;2;;;m
s0174;59.00;J;ct neck-chest-abdomen-pelvis;train;siemens;sensation 64;120;b30f;3;no_pathology;no_location;f
s0210;48.00;J;ct angiography abdomen-pelvis-leg;train;siemens;somatom definition flash;100;i70f;2;no_pathology;no_location;m
s0213;30.00;B;ct chest-chest;train;siemens;sensation 16;120;b30f;2;unclear;unclear;m
s0197;52.00;C;ct chest-neck;train;siemens;emotion 16;130;b30s;3;no_pathology;no_location;f
s0209;61.00;J;ct spine;train;siemens;somatom definition as+;120;b70s;3;trauma;thorax;m
s1466;21.00;J;ct head;train;;;;;;;;m
s0208;54.00;J;ct spine;train;siemens;sensation 64;120;b70s;2;bleeding;head;m
s1467;60.00;J;ct lower limb both;train;siemens;sensation 64;120;b70s;1;;;f
s1468;81.00;J;ct lower limb;train;siemens;sensation 64;120;b30s;0.75;;;f
s1469;3.00;;;train;ge;brightspeed s;120;soft;6;;;f
s0188;62.00;J;ct pelvis;train;siemens;somatom definition flash;100;i70f;2;tumor;abdomen;f
s0192;28.00;C;ct neck-chest-abdomen-pelvis;train;siemens;emotion 16;130;b30s;3;tumor;throat,thorax,abdomen,pelvis;f
s0201;52.00;J;ct abdomen-pelvis;train;siemens;somatom definition as+;120;i70f;3;no_pathology;no_location;f
s0199;63.00;J;ct chest-abdomen-pelvis;train;siemens;somatom definition as+;100;i70f;2;inflammation;abdomen;m
s0181;82.00;J;ct intervention;train;siemens;sensation 64;120;b30f;3;tumor;thorax;f
s1470;33.00;J;ct lower limb;train;siemens;sensation 64;120;b70s;1;;;m
s0206;84.00;B;ct abdomen;train;siemens;sensation 16;120;b30f;2;unclear;unclear;f
s0182;49.00;J;ct abdomen-pelvis;train;siemens;somatom definition flash;100;i70f;2;tumor;abdomen;m
s0196;75.00;J;ct angiography neck-thx-abd-pelvis-leg;train;siemens;somatom definition as+;120;i70f;2;no_pathology;no_location;f
s1471;40.00;J;ct lower limb;train;siemens;somatom definition flash;120;b70s;1;;;f
s0190;57.00;J;ct chest-abdomen-pelvis;train;siemens;somatom definition as+;100;i70f;2;no_pathology;no_location;f
s1472;5.00;;;train;ge;brightspeed s;100;boneplus;1.250000;;;f
s0108;51.00;J;ct neck-chest-abdomen-pelvis;train;siemens;somatom definition flash;100;i70f;2;no_pathology;no_location;m
s0179;41.00;J;ct abdomen;train;siemens;somatom definition flash;100;i70f;2;other;abdomen;f
s0185;52.00;J;ct spine;train;siemens;somatom definition as+;100;b30s;0.75;no_pathology;no_location;m
s1473;68.00;J;ct lower limb;train;siemens;somatom definition as+;120;i70h;0.75;;;f
s0187;27.00;J;ct polytrauma head;train;siemens;somatom definition as+;120;h70h;2;no_pathology;no_location;m
s0184;63.00;J;ct heart-thorakale aorta;train;siemens;somatom definition flash;120;b40f;3;no_pathology;no_location;m
s0089;77.00;J;ct neck-chest-abdomen-pelvis;train;siemens;somatom definition flash;100;i70f;2;no_pathology;no_location;f
s0161;53.00;C;ct abdomen-pelvis;train;siemens;emotion 16;130;b30s;3;other;abdomen;m
s0149;49.00;J;ct spine;train;siemens;sensation 64;120;b70s;2;trauma;throat;m
s1474;37.00;C;ct headbasis-felsenleg;train;siemens;emotion 16;130;h70s;1;;;m
s0153;37.00;C;ct abdomen-pelvis;train;siemens;emotion 16;130;b30s;3;tumor;abdomen;m
s1475;13.00;;;train;ge;brightspeed s;100;soft;0.625000;;;m
s1476;52.00;J;ct head;train;siemens;somatom definition as+;120;h70h;0.75;;;f
s1477;66.00;J;ct lower limb;train;siemens;sensation 64;120;b70s;1;;;f
s0158;50.00;C;ct abdomen-pelvis;train;siemens;emotion 16;130;b70s;2;no_pathology;no_location;m
s0170;57.00;J;ct neck;train;siemens;sensation 64;120;b25s;3;no_pathology;no_location;m
s0168;60.00;J;ct abdomen;train;siemens;somatom definition flash;100;q30f;3;tumor;abdomen;f
s0171;77.00;J;ct angiography abdomen-pelvis-leg;train;siemens;somatom definition flash;100;q30f;3;vascular;abdomen;f
s0163;52.00;J;ct angiography neck-thx-abd-pelvis-leg;train;siemens;somatom definition flash;100;q30f;3;vascular;abdomen;f
s0172;17.00;J;ct spine;train;siemens;somatom definition as+;120;b30s;0.75;trauma;throat;m
s0002;47.00;J;ct chest-neck;train;siemens;sensation 64;120;b25s;5;no_pathology;no_location;f
s0165;51.00;C;ct chest-abdomen;train;siemens;emotion 16;130;b70s;2;no_pathology;no_location;f
s0169;72.00;J;ct spine;train;siemens;somatom definition as+;100;b70s;2;trauma;throat;m
s0167;38.00;J;ct neck;train;siemens;somatom definition as+;100;b70s;2;inflammation;throat;f
s0166;57.00;J;ct abdomen-pelvis;train;siemens;sensation 64;120;b30f;3;inflammation;thorax;m
s0160;54.00;J;ct abdomen-pelvis;train;siemens;sensation 64;120;b70f;2;no_pathology;no_location;f
s1478;52.00;C;ct gesichtshead;train;;;;;;;;m
s1479;61.00;C;ct headbasis-felsenleg;train;siemens;emotion 16;130;h31s;3;;;m
s1480;27.00;J;ct lower limb both;train;siemens;somatom definition as+;120;b40s;1;;;f
s0162;60.00;J;ct chest-abdomen-pelvis;train;siemens;somatom definition as+;100;b40f;3;tumor;pelvis;m
s1481;60.00;C;ct headbasis-felsenleg;train;siemens;emotion 16;130;h90s;1;;;m
s0151;67.00;C;ct abdomen-pelvis;train;siemens;emotion 16;110;b30s;3;no_pathology;no_location;m
s0159;39.00;J;ct operation;train;siemens;sensation 10;120;h41s;3;no_pathology;no_location;m
s0157;74.00;J;ct abdomen-pelvis;train;siemens;sensation 64;120;b70f;2;no_pathology;no_location;f
s0156;63.00;J;ct abdomen-pelvis;train;siemens;somatom definition as+;140;i70f;2;inflammation;abdomen;f
s1482;8.00;;;train;ge;brightspeed s;120;soft;1.250000;;;m
s0154;49.00;J;ct spine;train;siemens;somatom definition as+;100;b70s;2;no_pathology;no_location;m
s0152;69.00;J;ct angiography head;train;siemens;somatom definition as+;120;b30f;0.75;no_pathology;no_location;m
s0141;56.00;J;ct neck-chest-abdomen-pelvis;train;siemens;somatom definition flash;100;q30f;3;tumor;throat,thorax,abdomen;f
s1483;64.00;C;ct head;train;;;;;;;;m
s0146;77.00;J;ct chest-abdomen-pelvis;train;siemens;sensation 64;120;b30f;3;no_pathology;no_location;m
s0147;56.00;J;ct chest;train;siemens;somatom definition flash;100;q30f;3;other;abdomen;m
s1484;10.00;;;train;ge;brightspeed s;120;standard;2.500000;;;m
s0145;55.00;J;ct angiography neck-thx-abd-pelvis-leg;train;siemens;somatom definition flash;120;b40f;3;no_pathology;no_location;m
s1485;33.00;J;ct head;train;;;;;;;;m
s0137;67.00;J;ct abdomen-pelvis;train;siemens;somatom definition flash;100;q30f;3;no_pathology;no_location;f
s0135;65.00;C;ct chest-chest;train;siemens;emotion 16;130;b70s;2;tumor;thorax;m
s0143;21.00;J;ct abdomen-pelvis;train;siemens;somatom definition as+;120;b40f;3;no_pathology;no_location;m
s0139;28.00;J;ct abdomen-pelvis;train;siemens;somatom definition flash;100;i70f;2;no_pathology;no_location;f
s1486;54.00;J;ct lower limb;train;siemens;sensation 64;120;b70s;1;;;f
s0133;71.00;J;ct abdomen-pelvis;train;siemens;somatom definition flash;120;i70f;2;no_pathology;no_location;m
s0138;68.00;J;ct heart-thorakale aorta;train;siemens;somatom definition flash;120;i70f;2;no_pathology;no_location;f
s0140;65.00;J;ct chest-neck;train;siemens;somatom definition as+;80;i50s;2;tumor;throat;m
s1487;0.00;;;train;ge;brightspeed s;120;standard;2.500000;;;f
s1488;42.00;J;ct gesichtshead;train;;;;;;;;m
s0136;60.00;J;ct spine;train;siemens;somatom definition as+;120;b70s;2;no_pathology;no_location;m
s1489;70.00;J;ct upper limb both;train;siemens;somatom definition flash;80;b20s;0.75;;;f
s1490;64.00;C;ct gesichtshead;train;;;;;;;;f
s0123;77.00;C;ct neck-chest-abdomen-pelvis;train;siemens;emotion 16;130;b30s;3;tumor;thorax;m
s0183;68.00;B;ct abdomen;train;siemens;sensation 16;120;b30f;2;unclear;unclear;m
s1491;55.00;J;ct lower limb;train;siemens;sensation 64;120;b70s;1;;;f
s0120;61.00;C;ct abdomen-pelvis;train;siemens;emotion 16;130;b30s;3;no_pathology;no_location;m
s0132;56.00;J;ct abdomen-pelvis;train;siemens;somatom definition flash;100;i70f;2;other;abdomen;m
s0131;39.00;J;ct abdomen-pelvis;train;siemens;somatom definition as+;120;b40f;3;other;abdomen;m
s0130;71.00;J;ct spine;train;siemens;somatom definition as+;100;b70s;2;no_pathology;no_location;m
s0129;49.00;J;ct spine;train;siemens;somatom definition as+;100;b70s;3;no_pathology;no_location;m
s0124;72.00;J;ct angiography abdomen-pelvis-leg;train;siemens;somatom definition flash;100;q30f;3;vascular;abdomen;m
s1492;41.00;J;ct lower limb both;train;siemens;somatom definition as+;120;b40s;1;;;m
s0119;42.00;J;ct abdomen-pelvis;test;siemens;somatom definition flash;140;i70f;2;no_pathology;no_location;m
s0112;72.00;C;ct neck;train;siemens;emotion 16;130;b30s;3;tumor;throat;f
s0098;49.00;J;ct abdomen-pelvis;train;siemens;somatom definition flash;100;q30f;1.5;no_pathology;no_location;m
s0117;51.00;J;ct abdomen-pelvis;train;siemens;somatom definition as+;120;b40f;3;other;abdomen;m
s0115;51.00;J;ct angiography chest;train;siemens;somatom definition as+;100;i70f;2;no_pathology;no_location;m
s0114;60.00;J;ct chest-neck;train;siemens;sensation 64;120;b30f;3;inflammation;thorax;f
s1493;20.00;J;ct gesichtshead;train;;;;;;;;m
s0122;56.00;A;ct lower limb;train;ge;discovery ste;120;bone;1.200000048;unclear;unclear;f
s1494;57.00;A;ct lower limb;train;ge;discovery ste;100;bone;1.200000048;;;f
s1495;25.00;J;ct lower limb;train;siemens;somatom definition as+;120;b30s;0.75;;;m
s0072;67.00;C;ct abdomen-pelvis;train;siemens;emotion 16;130;b30s;1.5;tumor;abdomen;m
s0105;79.00;J;ct intervention;train;siemens;sensation 64;120;b30f;3;tumor;abdomen;m
s0110;57.00;C;ct chest-neck;train;siemens;emotion 16;130;b30s;3;tumor;throat;m
s0040;52.00;C;ct chest-abdomen-pelvis;test;siemens;emotion 16;130;b30s;1.5;tumor;thorax;m
s0109;75.00;C;ct abdomen-pelvis;train;siemens;emotion 16;130;b30s;3;other;abdomen;m
s0063;74.00;J;ct neck;train;siemens;sensation 64;120;b25s;3;tumor;throat;m
s0107;88.00;J;ct abdomen-pelvis;train;siemens;somatom definition as+;120;b40f;3;inflammation;abdomen;f
s0106;55.00;J;ct abdomen-pelvis;train;siemens;somatom definition as+;100;i70f;2;inflammation;thorax;m
s0095;71.00;J;ct aortic valve;train;siemens;somatom definition flash;120;i70f;2;vascular;thorax;m
s0012;54.00;C;ct abdomen-pelvis;train;siemens;emotion 16;130;b30s;5;other;abdomen;f
s0104;85.00;J;ct pelvis;train;siemens;somatom definition as+;120;b70f;3;trauma;pelvis;f
s0103;41.00;J;ct polytrauma head;train;siemens;somatom definition as+;120;h30s;2;no_pathology;no_location;m
s0091;84.00;J;ct angiography neck-thx-abd-pelvis-leg;train;siemens;somatom definition flash;100;q30f;3;vascular;abdomen;m
s0101;22.00;J;ct orbita;train;siemens;somatom definition flash;120;h30s;0.75;trauma;head;m
s1496;9.00;;;train;siemens;emotion 16;110;b70s;1.5;;;m
s0128;49.00;G;ct abdomen;train;siemens;somatom definition flash;120;b60f;3;unclear;unclear;f
s0100;65.00;J;ct spine;train;siemens;somatom definition as+;100;b30s;0.75;no_pathology;no_location;f
s0099;71.00;J;ct spine;train;siemens;sensation 64;120;b30s;0.75;other;throat;m
s0088;73.00;J;ct abdomen-pelvis;train;siemens;somatom definition flash;140;i70f;2;no_pathology;no_location;m
s0096;82.00;J;ct angiography abdomen-pelvis-leg;train;siemens;somatom definition flash;100;q30f;3;vascular;abdomen;m
s0077;77.00;J;ct abdomen-pelvis;train;siemens;somatom definition as+;100;i30f;1.5;tumor;abdomen;m
s1497;31.00;J;ct lower limb;train;siemens;somatom definition as+;120;b30s;0.75;;;m
s1498;39.00;J;ct lower limb both;train;siemens;somatom definition flash;120;b70s;1;;;m
s1499;65.00;J;ct lower limb;train;siemens;somatom definition as+;120;b40s;1;;;f
s0092;24.00;J;ct abdomen-pelvis;train;siemens;somatom definition as+;120;b40f;5;other;abdomen;m
s0016;82.00;J;ct angiography abdomen-pelvis-leg;train;siemens;somatom definition flash;100;i30f;1.5;vascular;abdomen;m
s0086;73.00;C;ct neck-chest-abdomen-pelvis;train;siemens;emotion 16;130;b30s;5;no_pathology;no_location;m
s0011;49.00;C;ct neck-chest-abdomen-pelvis;train;siemens;emotion 16;130;b30s;1.5;tumor;thorax,abdomen,pelvis;m
s1500;64.00;J;ct head;train;;;;;;;;m
s0090;69.00;C;ct abdomen-pelvis;train;siemens;emotion 16;130;b30s;3;no_pathology;no_location;f
s0079;64.00;J;ct neck;train;siemens;sensation 64;120;b25s;3;no_pathology;no_location;m
s0075;59.00;J;ct abdomen-pelvis;train;siemens;somatom definition flash;100;b40f;5;other;abdomen;m
s1501;65.00;C;ct head;train;siemens;emotion 16;130;h70s;1.5;;;m
s0080;68.00;C;ct chest-neck;train;siemens;emotion 16;130;b70s;1.5;inflammation;thorax;m
s0082;40.00;C;ct abdomen-pelvis;train;siemens;emotion 16;130;b30s;5;no_pathology;no_location;f
s0071;79.00;C;ct chest-abdomen-pelvis;train;siemens;emotion 16;130;b30s;1.5;tumor;thorax;f
s1502;67.00;J;ct head;train;siemens;sensation 64;120;h31s;2;;;f
s0068;69.00;C;ct spine;train;siemens;emotion 16;130;b60s;3;no_pathology;no_location;f
s0073;70.00;J;ct abdomen-pelvis;train;siemens;somatom definition flash;100;b40f;5;other;abdomen;m
s0085;49.00;J;ct coronary arteries;train;siemens;sensation 64;120;b35f;3;no_pathology;no_location;f
s0084;59.00;J;ct coronary arteries;train;siemens;sensation 64;120;b35f;3;no_pathology;no_location;f
s0083;57.00;J;ct coronary arteries;train;siemens;sensation 64;120;b35f;3;no_pathology;no_location;m
s0081;51.00;J;ct spine;train;siemens;sensation 64;120;b70s;2;no_pathology;no_location;m
s0078;74.00;J;ct abdomen-pelvis;train;siemens;somatom definition as+;100;i30f;1.5;inflammation;abdomen;m
s0076;42.00;J;ct aortic valve;train;siemens;somatom definition as+;120;i70f;2;no_pathology;no_location;m
s0074;50.00;C;ct pelvis;train;siemens;emotion 16;130;b60s;3;no_pathology;no_location;m
s1503;4.00;;;train;ge;brightspeed s;120;standard;3.750000;;;m
s0069;67.00;J;ct intervention;train;siemens;sensation 64;120;b30f;3;tumor;abdomen;f
s1504;32.00;J;ct headbasis-felsenleg;test;;;;;;;;m
s1505;27.00;J;ct lower limb;train;siemens;somatom definition flash;100;q30f;0.75;;;f
s0065;75.00;J;ct angiography neck-thx-abd-pelvis-leg;train;siemens;somatom definition flash;100;i30f;1.5;vascular;abdomen;m
s0070;21.00;C;ct neck-chest-abdomen-pelvis;train;siemens;emotion 16;130;b30s;1.5;tumor;throat,thorax;f
s1506;20.00;J;ct gesichtshead;train;;;;;;;;m
s1507;65.00;C;ct head;train;;;;;;;;m
s0067;83.00;J;ct chest-neck;train;siemens;sensation 64;120;b25s;3;other;throat;f
s0066;51.00;J;ct abdomen-pelvis;train;siemens;somatom definition flash;100;b40f;5;other;pelvis;f
s0045;70.00;J;ct angiography abdomen-pelvis-leg;train;siemens;somatom definition flash;100;i30f;1.5;vascular;abdomen;m
s1508;36.00;J;ct head;train;siemens;somatom definition as+;120;h30s;2;;;f
s0062;62.00;C;ct pelvis;train;siemens;emotion 16;130;b60s;1.5;no_pathology;no_location;m
s0061;56.00;C;ct neck;train;siemens;emotion 16;130;b30s;3;no_pathology;no_location;m
s1509;8.00;;;train;ge;brightspeed s;120;bone;2.500000;;;f
s1510;53.00;J;ct lower limb;train;siemens;somatom definition as+;120;i70h;0.75;;;f
s0058;68.00;J;ct chest-abdomen-pelvis;train;siemens;somatom definition flash;100;i30f;1.5;tumor;abdomen;f
s0059;45.00;J;ct chest-abdomen-pelvis;train;siemens;sensation 64;120;b31f;1.5;inflammation;abdomen;f
s1511;34.00;C;ct lower limb;train;siemens;emotion 16;130;b60s;1.5;;;m
s0056;85.00;J;ct neck;train;siemens;somatom definition flash;100;b25s;3;tumor;throat;m
s0052;77.00;J;ct abdomen-pelvis;train;siemens;somatom definition flash;100;i30f;1.5;other;pelvis;m
s0054;74.00;J;ct abdomen-pelvis;train;siemens;somatom definition as+;100;i30f;1.5;inflammation;abdomen;f
s0053;30.00;J;ct abdomen-pelvis;train;siemens;somatom definition as+;120;i30f;1.5;inflammation;abdomen;m
s0048;67.00;J;ct abdomen-pelvis;train;siemens;somatom definition as+;100;b40f;5;tumor;abdomen;m
s0043;47.00;C;ct neck;train;siemens;emotion 16;130;b30s;3;no_pathology;no_location;f
s0035;58.00;J;ct upper limb both;train;siemens;sensation 64;120;b30s;0.75;trauma;thorax;m
s0044;49.00;J;ct neck;train;siemens;somatom definition as+;100;b25s;3;inflammation;throat;f
s1512;58.00;J;ct lower limb both;train;siemens;somatom definition flash;80;b20s;0.75;;;m
s1513;65.00;C;ct gesichtshead;train;siemens;emotion 16;130;h31s;1;;;f
s0028;59.00;C;ct neck-chest-abdomen-pelvis;train;siemens;emotion 16;130;b30s;1.5;no_pathology;no_location;f
s1514;3.00;;;train;ge;brightspeed s;100;boneplus;2.500000;;;f
s1515;10.00;;;train;ge;brightspeed s;120;boneplus;2.500000;;;m
s1516;41.00;J;ct lower limb;train;siemens;sensation 64;120;b70s;1;;;m
s0037;59.00;J;ct chest-chest;train;siemens;sensation 64;120;b70f;2;other;thorax;f
s1517;71.00;C;ct head;train;siemens;emotion 16;130;h45s;1.5;;;m
s0039;49.00;J;ct abdomen-pelvis;train;siemens;somatom definition flash;100;i30f;5;inflammation;abdomen;f
s0031;83.00;C;ct angiography abdomen-pelvis-leg;train;siemens;emotion 16;110;b30s;1.5;vascular;abdomen;m
s0036;44.00;J;ct spine;train;siemens;somatom definition as+;100;b70s;0.75;no_pathology;no_location;m
s1518;52.00;J;ct lower limb;train;siemens;sensation 64;120;b30s;0.75;;;f
s0034;60.00;J;ct angiography pelvis-leg;train;siemens;somatom definition as+;100;i26f;1.5;bleeding;abdomen;f
s0032;43.00;J;ct heart-thorakale aorta;train;siemens;somatom definition flash;100;i70f;2;bleeding;thorax;f
s0030;74.00;J;ct abdomen-pelvis;train;siemens;somatom definition flash;100;i30f;1.5;no_pathology;no_location;f
s1519;36.00;C;ct lower limb;train;siemens;emotion 16;130;b60s;1.5;;;f
s1520;77.00;J;ct lower limb;train;siemens;somatom definition flash;80;b70s;0.75;;;m
s0025;84.00;J;ct spine;train;siemens;sensation 64;120;b70s;2;no_pathology;no_location;m
s1521;67.00;J;ct head;train;siemens;somatom definition flash;120;h70h;2;;;f
s0010;63.00;J;ct abdomen-pelvis;train;siemens;somatom definition flash;100;b30f;1.5;no_pathology;no_location;m
s1522;65.00;J;ct head;train;siemens;sensation 64;120;h45s;1;;;m
s0022;49.00;J;ct abdomen-pelvis;train;siemens;somatom definition flash;100;i30f;5;other;abdomen;m
s0021;45.00;J;ct neck;train;siemens;sensation 64;120;b25s;3;no_pathology;no_location;m
s1523;81.00;J;ct lower limb;train;siemens;sensation 64;120;b30s;0.75;;;m
s0019;78.00;J;ct aortic valve;train;siemens;somatom definition flash;100;i30f;1;other;thorax;m
s0015;56.00;J;ct abdomen-pelvis;train;siemens;somatom definition flash;100;b30f;1.5;bleeding;abdomen;m
s0014;73.00;J;ct abdomen-pelvis;train;siemens;somatom definition flash;140;b30f;1.5;tumor;abdomen;f
s0013;63.00;J;ct abdomen-pelvis;test;siemens;somatom definition as+;100;b40f;5;inflammation;abdomen;m
s0009;83.00;J;ct spine;train;siemens;sensation 64;120;b30s;0.75;no_pathology;no_location;f
s0024;69.00;G;ct chest-abdomen;train;siemens;somatom definition flash;120;b30f;3;unclear;unclear;m
s0006;44.00;J;ct abdomen-pelvis;train;siemens;somatom definition as+;100;i30f;1.5;other;abdomen;m
s1524;40.00;J;ct abdomen-pelvis;train;;;;;;;;f
s0004;73.00;C;ct chest-abdomen-pelvis;train;siemens;emotion 16;130;b30s;5;no_pathology;no_location;f
s1525;47.00;J;ct abdomen-pelvis;train;;;;;;;;m
s0003;50.00;J;ct spine;train;siemens;somatom definition as+;120;b30s;0.75;no_pathology;no_location;f
s0001;60.00;J;ct abdomen-pelvis;train;siemens;somatom definition as+;100;b40f;5;no_pathology;no_location;f
s0000;30.00;J;ct pelvis;train;siemens;somatom definition as+;100;b40f;5;inflammation;pelvis;f
s1526;89.00;J;ct abdomen-pelvis;train;;;;;;;;m
s1527;42.00;J;ct angiography abdomen-pelvis-leg;train;;;;;;;;f
s1528;68.00;J;ct abdomen-pelvis;train;;;;;;;;f
s0299;76.00;C;ct chest-abdomen;train;siemens;emotion 16;130;b30s;1.5;unclear;unclear;m
s0150;77.00;B;ct abdomen;train;siemens;sensation 16;120;b30f;2;unclear;unclear;m
s0046;78.00;B;ct chest-neck;train;siemens;sensation 16;120;b30f;2;unclear;unclear;m
s1529;8.00;;;train;ge;brightspeed s;120;soft;0.625000;;;m
s1530;10.00;;;train;ge;brightspeed s;140;bone;2.500000;;;f
s1531;6.00;;;test;ge;brightspeed s;120;standard;2.500000;;;m
s1532;25.00;;;train;ge;brightspeed s;100;boneplus;3.750000;;;f
s1533;60.00;J;ct abdomen / pelvis;train;;;;;;;;m
s1534;4.00;;;train;ge;brightspeed s;120;standard;2.500000;;;m
s1535;2.00;;;train;ge;discovery ste;80;standard;3.750000;;;f
s0102;40.00;B;ct chest-abdomen;train;siemens;sensation 16;120;b30f;2;unclear;unclear;m
s1536;4.00;;;train;ge;brightspeed s;120;soft;0.625000;;;f
s1537;50.00;J;ct abdomen-pelvis;train;;;;;;;;f
s1538;9.00;;;train;ge;brightspeed s;120;standard;2.500000;;;m
s1539;9.00;;;train;ge;brightspeed s;120;standard;2.500000;;;m
s1540;8.00;;;train;ge;brightspeed s;120;standard;3.750000;;;m
s1541;6.00;;;test;ge;brightspeed s;120;standard;3.750000;;;m
s1542;9.00;;;test;ge;brightspeed s;120;standard;2.500000;;;f
s1543;7.00;;;train;ge;brightspeed s;120;standard;2.500000;;;m
s1544;7.00;;;train;ge;brightspeed s;120;standard;2.500000;;;m
s1545;5.00;;;train;ge;brightspeed s;80;boneplus;1.250000;;;f
s1546;2.00;;;train;ge;brightspeed s;120;standard;3.750000;;;f
s1547;7.00;;;train;ge;brightspeed s;120;soft;0.625000;;;f
s1548;9.00;;;train;ge;brightspeed s;100;boneplus;1.250000;;;f
s1549;7.00;;;train;ge;brightspeed s;100;standard;3.750000;;;m
s1550;1.00;;;train;ge;brightspeed s;140;boneplus;2.500000;;;m
s1551;7.00;;;test;ge;brightspeed s;120;standard;0.625000;;;m
s1552;19.00;J;ct abdomen-pelvis;train;;;;;;;;m
s1553;67.00;J;ct polytrauma;train;;;;;;;;f
s1554;7.00;;;train;ge;brightspeed s;120;standard;3.750000;;;m
s1555;3.00;;;train;ge;brightspeed s;140;boneplus;1.250000;;;f
s1556;6.00;;;train;siemens;symbia t6;110;b80s;1.25;;;m
s1557;5.00;;;train;ge;brightspeed s;120;standard;3.750000;;;f
s1558;3.00;;;train;ge;brightspeed s;100;standard;2.500000;;;m
s1559;3.00;;;train;ge;brightspeed s;120;standard;0.625000;;;m
s1560;10.00;;;train;ge;brightspeed s;120;standard;3.750000;;;m
s1561;6.00;;;train;ge;brightspeed s;100;boneplus;1.250000;;;m
s1562;8.00;;;train;ge;brightspeed s;120;standard;3.750000;;;m
s1563;9.00;;;train;ge;brightspeed s;120;standard;0.625000;;;f
s1564;2.00;;;test;siemens;somatom definition as;120;b30f;2;;;f
s1565;2.00;;;train;ge;discovery ste;100;standard;3.750000;;;f
s1566;2.00;;;train;ge;brightspeed s;120;standard;3.750000;;;m
s1567;71.00;J;ct angiography abdomen-pelvis-leg;train;;;;;;;;m
s1568;5.00;;;train;ge;brightspeed s;120;standard;0.625000;;;f
s1569;6.00;;;train;ge;brightspeed s;120;standard;2.500000;;;m
s1570;0.00;;;train;ge;brightspeed s;120;boneplus;2.500000;;;m
s1571;6.00;;;train;ge;brightspeed s;140;boneplus;2.500000;;;f
s1572;42.00;J;ct polytrauma;train;;;;;;;;m
s1573;5.00;;;test;ge;brightspeed s;140;standard;0.625000;;;m
s1574;84.00;J;ct abdomen-pelvis;train;;;;;;;;f
s1575;84.00;J;ct angiography neck-thx-abd-pelvis-leg;train;;;;;;;;f
s1576;6.00;;;train;ge;brightspeed s;120;boneplus;2.500000;;;m
s1577;4.00;;;train;ge;brightspeed s;120;standard;2.500000;;;m
s1578;4.00;;;train;ge;brightspeed s;120;boneplus;2.500000;;;f
s1579;5.00;;;train;ge;discovery ste;100;standard;3.750000;;;m
s1580;9.00;;;train;ge;discovery ste;120;standard;3.750000;;;m
s1581;6.00;;;train;ge;brightspeed s;120;standard;3.750000;;;m
s1582;5.00;;;train;ge;brightspeed s;120;standard;3.750000;;;f
s1583;4.00;;;train;siemens;somatom definition flash;70;i50f;1;;;m
s1584;77.00;J;ct abdomen-pelvis;train;;;;;;;;m
s1585;78.00;J;ct abdomen-pelvis;train;;;;;;;;m
s1586;7.00;;;train;ge;brightspeed s;120;boneplus;2.500000;;;f
s1587;9.00;;;train;ge;brightspeed s;120;standard;3.750000;;;f
s1588;4.00;;;train;ge;brightspeed s;140;boneplus;2.500000;;;m
s1589;45.00;J;ct abdomen-pelvis;train;;;;;;;;m
s1590;6.00;;;train;ge;brightspeed s;120;standard;3.750000;;;m
s1591;6.00;;;train;ge;brightspeed s;120;standard;3.750000;;;f
s1592;7.00;;;train;ge;brightspeed s;120;standard;2.500000;;;m
s1593;17.00;;;test;ge;brightspeed s;120;standard;3.750000;;;f
s1594;4.00;;;train;ge;brightspeed s;120;standard;2.500000;;;f
s1595;6.00;;;train;ge;brightspeed s;120;boneplus;2.500000;;;m
s1596;4.00;;;train;ge;brightspeed s;120;standard;3.750000;;;m
s1597;6.00;;;train;ge;brightspeed s;120;boneplus;3.750000;;;m
s1598;7.00;;;train;ge;brightspeed s;120;boneplus;2.500000;;;f
s1599;3.00;;;train;ge;brightspeed s;120;standard;3.750000;;;m
s1600;11.00;;;train;ge;brightspeed s;120;standard;2.500000;;;m
s1601;4.00;;;train;ge;discovery ste;80;standard;3.750000;;;m
s1602;0.00;;;train;ge;brightspeed s;120;standard;3.750000;;;m
s1603;3.00;;;train;ge;brightspeed s;120;standard;3.750000;;;f
s1604;8.00;;;train;ge;brightspeed s;120;standard;3.750000;;;m
s1605;5.00;;;train;ge;brightspeed s;100;standard;2.500000;;;f
s1606;2.00;;;train;ge;brightspeed s;120;boneplus;3.750000;;;m
s1607;5.00;;;train;siemens;somatom definition flash;70;i26f;0.6;;;m
s1608;8.00;;;train;ge;brightspeed s;120;boneplus;2.500000;;;m
s1609;8.00;;;train;ge;brightspeed s;100;boneplus;1.250000;;;m
s1610;65.00;J;ct abdomen-pelvis;train;;;;;;;;m
s1611;7.00;;;train;ge;discovery ste;100;lung;2.500000;;;m
s1612;5.00;;;train;ge;brightspeed s;120;standard;3.750000;;;m
s1613;2.00;;;train;;;;;;;;m
s1614;6.00;;;train;ge;brightspeed s;120;standard;3.750000;;;m
s1615;9.00;;;train;ge;brightspeed s;120;standard;3.750000;;;m
s1616;9.00;;;train;siemens;somatom definition flash;70;i46f;1;;;m
s1617;6.00;;;train;;;;;;;;f
s1618;21.00;;;train;ge;brightspeed s;120;boneplus;2.500000;;;m
s1619;0.00;;;train;ge;brightspeed s;120;standard;0.625000;;;f
s1620;3.00;;;train;ge;brightspeed s;120;boneplus;2.500000;;;f
s1621;3.00;;;train;ge;discovery ste;100;standard;3.750000;;;m
s1622;9.00;;;train;ge;brightspeed s;120;standard;0.625000;;;f
s1623;2.00;;;train;ge;brightspeed s;120;standard;3.750000;;;f
s1624;2.00;;;train;ge;brightspeed s;120;standard;0.625000;;;f
s1625;92.00;J;ct abdomen-pelvis;train;;;;;;;;m
s0747;79.00;J;ct chest-neck;train;siemens;somatom definition flash;100;i26f;1;other;thorax;m
s1626;5.00;;;test;ge;brightspeed s;120;standard;3.750000;;;f
s1627;8.00;;;train;ge;brightspeed s;120;boneplus;2.500000;;;f
s1628;7.00;;;train;ge;brightspeed s;120;standard;0.625000;;;f
s0717;72.00;J;ct heart-thorakale aorta;train;siemens;somatom definition edge;100;i50f;1;vascular;thorax;m
s1629;0.00;;;train;ge;brightspeed s;120;standard;2.500000;;;m
s1630;8.00;;;train;ge;brightspeed s;120;boneplus;2.500000;;;m
s1631;10.00;;;test;ge;brightspeed s;120;standard;3.750000;;;f
s1632;3.00;;;train;ge;brightspeed s;120;standard;3.750000;;;m
s1633;7.00;;;train;ge;brightspeed s;120;standard;3.750000;;;f
s1634;6.00;;;train;ge;brightspeed s;120;boneplus;2.500000;;;m
s0625;55.00;J;ct neck-chest-abdomen-pelvis;train;siemens;somatom definition edge;120;i30f;5;tumor;thorax,abdomen,pelvis;m
s0622;95.00;J;ct neck;train;siemens;somatom definition flash;100;b30s;3;no_pathology;no_location;f
s0751;62.00;J;ct angiography neck-thx-abd-pelvis-leg;train;siemens;somatom definition flash;100;i30f;5;vascular;thorax,abdomen;m
s0743;56.00;C;ct chest-neck;train;siemens;emotion 16;110;b70s;1.5;tumor;throat,thorax;m
s0737;73.00;C;ct chest-abdomen;train;siemens;emotion 16;130;b30s;5;no_pathology;no_location;f
s0657;52.00;J;ct neck-chest-abdomen-pelvis;train;siemens;somatom definition flash;140;i30f;1.5;no_pathology;no_location;m
s1635;5.00;;;train;siemens;somatom definition flash;80;i30f;1;;;m
s1405;74.00;J;ct angiography abdomen-pelvis;train;siemens;somatom definition flash;100;i30f;1.5;vascular;abdomen;m
s1636;3.00;;;train;ge;brightspeed s;120;standard;3.750000;;;m
s1637;6.00;;;train;ge;brightspeed s;120;standard;3.750000;;;f
s1638;26.00;C;ct gesichtshead;train;siemens;emotion 16;130;h30s;0.75;;;m
s1639;49.00;J;ct gesichtshead;train;siemens;somatom definition flash;120;j30s;2;;;f
s0753;71.00;C;ct chest-neck;test;siemens;emotion 16;110;b70s;1.5;no_pathology;no_location;m
s0670;84.00;J;ct neck-chest-abdomen-pelvis;train;siemens;somatom definition flash;100;i30f;1.5;tumor;thorax,abdomen;f
s1640;17.00;;;train;ge;brightspeed s;120;standard;3.750000;;;f
s1641;43.00;C;ct head;test;siemens;emotion 16;110;h70s;1.5;;;f
s0720;30.00;K;ct neck-chest-abdomen-pelvis;train;siemens;somatom definition flash;120;i30f;1.5;tumor;throat;m
s1642;23.00;J;ct gesichtshead;train;siemens;somatom definition as+;120;j70h;2;;;f
s1643;7.00;;;train;ge;brightspeed s;120;standard;3.750000;;;f
s0741;28.00;J;ct intervention;train;siemens;somatom definition edge;100;i30f;3;tumor;abdomen;m
s0697;58.00;J;ct angiography neck-thx-abd-pelvis-leg;train;siemens;somatom definition flash;120;i46f;1;vascular;thorax;m
s0748;57.00;J;ct angiography head;train;siemens;somatom definition as+;120;j30f;0.75;no_pathology;no_location;m
s0703;78.00;J;ct chest-abdomen-pelvis;train;siemens;somatom definition edge;120;i26f;1.5;tumor;thorax,abdomen;m
s1644;62.00;J;ct head;train;siemens;somatom definition edge;120;j45s;3;;;m
s0698;74.00;J;ct heart-thorakale aorta;train;siemens;somatom definition edge;120;i26f;5;vascular;thorax;m
s0713;72.00;J;ct operation;train;siemens;somatom definition edge;120;j45s;3;no_pathology;no_location;f
s0750;73.00;J;ct chest-chest;train;siemens;somatom definition edge;80;i50f;1;no_pathology;no_location;f
s0726;69.00;J;ct chest-abdomen-pelvis;train;siemens;somatom definition edge;120;q30f;1.5;tumor;thorax,abdomen,bones;f
s0687;62.00;J;ct chest-abdomen-pelvis;test;siemens;somatom definition flash;100;i30f;1.5;tumor;thorax,abdomen;f
s0746;65.00;E;ct abdomen;train;philips;ingenuity core 128;120;yb;1.5;unclear;unclear;m
s0744;49.00;J;ct angiography neck;train;siemens;somatom definition as+;100;i70f;2;no_pathology;no_location;m
s0738;57.00;J;ct heart;train;siemens;somatom definition flash;100;i30f;1;no_pathology;no_location;m
s1645;2.00;;;train;siemens;symbia intevo 16;80;b40s;3;;;m
s0731;60.00;C;ct chest-abdomen-pelvis;train;siemens;emotion 16;110;b30s;1.5;no_pathology;no_location;f
s0734;71.00;C;ct neck;train;siemens;emotion 16;110;b70s;1.5;inflammation;thorax;m
s0739;37.00;J;ct chest-abdomen-pelvis;train;siemens;somatom definition edge;120;i30f;1.5;no_pathology;no_location;m
s0740;71.00;G;ct angiography neck-thx-abd-pelvis-leg;train;siemens;somatom definition flash;120;b40f;2;unclear;unclear;f
s0736;69.00;J;ct angiography neck-thx-abd-pelvis-leg;train;siemens;somatom definition as+;100;i30f;1;inflammation;abdomen;m
s0752;65.00;E;ct chest-neck;train;philips;ingenuity core 128;120;b;3;unclear;unclear;m
s1646;79.00;J;ct head;train;siemens;somatom definition flash;120;j30s;3;;;m
s1647;51.00;C;ct gesichtshead;train;;;;;;;;m
s0719;73.00;J;ct chest-neck;train;siemens;somatom definition flash;100;i26f;1;tumor;thorax;m
s0716;76.00;J;ct chest-neck;train;siemens;somatom definition edge;120;i30f;1.5;no_pathology;no_location;m
s1648;6.00;;;train;ge;brightspeed s;120;standard;3.750000;;;f
s0710;60.00;J;ct heart;train;siemens;somatom definition flash;120;i50f;1;no_pathology;no_location;f
s0733;68.00;J;ct neck-chest-abdomen-pelvis;train;siemens;somatom definition as+;120;i30f;1.5;tumor;thorax;m
s0732;65.00;J;ct chest-chest;train;siemens;somatom definition as+;100;i30f;1;no_pathology;no_location;m
s1649;77.00;J;ct head;train;siemens;somatom definition flash;120;j30s;2;;;m
s0730;79.00;J;ct pelvis;train;siemens;somatom definition edge;120;i70f;3;no_pathology;no_location;f
s0714;59.00;J;ct chest-chest;train;siemens;somatom definition flash;120;i50f;1;trauma;thorax;m
s1650;79.00;J;ct abdomen / pelvis;train;;;;;;;;m
s0729;69.00;J;ct angiography chest;train;siemens;somatom definition as+;100;i30f;5;vascular;thorax;f
s0723;71.00;C;ct neck-chest-abdomen-pelvis;train;siemens;emotion 16;110;b30s;5;tumor;thorax,abdomen,pelvis;f
s0727;90.00;J;ct polytrauma;train;siemens;somatom definition as+;120;i70f;1.5;trauma;extremity;f
s0724;74.00;J;ct angiography pelvis-leg;train;siemens;somatom definition as+;120;i30f;1.5;inflammation;extremity;m
s1651;47.00;J;ct head;train;siemens;somatom definition as+;120;j30s;2;;;m
s0721;30.00;J;ct abdomen;train;siemens;somatom definition as+;120;i30f;5;inflammation;abdomen;f
s1652;57.00;J;ct head;train;siemens;somatom definition as+;120;j30s;3;;;m
s0718;61.00;J;ct chest-chest;train;siemens;somatom definition flash;80;i26f;1;inflammation;thorax;f
s1653;80.00;C;ct gesichtshead;train;siemens;emotion 16;130;h30s;0.75;;;f
s0708;35.00;J;ct neck-chest-abdomen-pelvis;train;siemens;somatom definition edge;120;i30f;1.5;tumor;abdomen;f
s1654;73.00;J;ct head;train;siemens;somatom definition as+;120;j45s;3;;;f
s0680;72.00;C;ct chest-abdomen-pelvis;train;siemens;emotion 16;110;b30s;1.5;no_pathology;no_location;m
s0715;78.00;J;ct intervention;train;siemens;somatom definition edge;100;i30s;3;tumor;thorax;f
s0728;55.00;E;ct chest-abdomen;train;philips;ingenuity core 128;120;yb;1.5;unclear;unclear;f
s0735;65.00;B;ct chest-abdomen;test;siemens;sensation 16;120;b30f;2;unclear;unclear;f
s0712;81.00;J;ct pelvis;train;siemens;somatom definition as+;100;i70f;1;trauma;pelvis;f
s0654;77.00;J;ct angiography chest;train;siemens;somatom definition flash;80;i50f;1;vascular;thorax;m
s0649;61.00;J;ct chest-abdomen-pelvis;train;siemens;somatom definition flash;120;i31f;1.5;tumor;thorax;f
s1655;59.00;J;ct head;train;siemens;somatom definition as+;120;j30s;2;;;m
s0711;67.00;A;ct chest-abdomen;train;ge;lightspeed vct;120;standard;1.250000;unclear;unclear;m
s1656;4.00;;;train;ge;brightspeed s;120;standard;3.750000;;;f
s0706;53.00;J;ct angiography head;train;siemens;somatom definition as+;100;i30f;0.75;no_pathology;no_location;f
s0707;70.00;B;ct angiography neck-thx-abd-pelvis-leg;train;siemens;sensation 16;120;b20f;2;unclear;unclear;m
s0684;61.00;J;ct heart;test;siemens;somatom definition flash;120;i30f;5;no_pathology;no_location;m
s0692;66.00;J;ct angiography neck-thx-abd-pelvis-leg;train;siemens;somatom definition flash;100;i30f;1.5;vascular;thorax,abdomen;m
s0642;34.00;J;ct neck;train;siemens;somatom definition flash;100;i30s;1;no_pathology;no_location;f
s1657;67.00;J;ct head;train;siemens;somatom definition as+;100;i30f;3;;;f
s1658;78.00;J;ct head;train;siemens;somatom definition as+;120;j70h;3;;;f
s1359;47.00;J;ct hip;train;siemens;somatom definition as+;100;i30f;0.75;trauma;extremity;m
s0693;64.00;J;ct intervention;train;siemens;somatom definition edge;120;b30f;1.5;tumor;abdomen;m
s1659;0.00;;;train;ge;brightspeed s;120;standard;3.750000;;;f
s1660;67.00;J;ct head;train;siemens;somatom definition as+;120;j30s;3;;;m
s0695;80.00;J;ct aortic valve;train;siemens;somatom definition flash;80;i50f;1;tumor;thorax;m
s1661;75.00;J;ct head;train;siemens;somatom definition as+;120;j30s;3;;;m
s0704;61.00;E;ct chest-chest;train;philips;ingenuity core 128;100;b;1.5;unclear;unclear;f
s0700;90.00;B;ct spine;train;siemens;sensation 16;120;b70s;2;unclear;unclear;f
s0696;60.00;J;ct chest-neck;train;siemens;somatom definition flash;80;i50f;1;no_pathology;no_location;m
s0691;69.00;J;ct neck-chest-abdomen-pelvis;train;siemens;somatom definition flash;80;i30f;5;vascular;abdomen;m
s1662;90.00;J;ct head;train;siemens;somatom definition as+;120;j30s;3;;;m
s0690;95.00;J;ct polytrauma;train;siemens;somatom definition as+;120;i70f;3;no_pathology;no_location;f
s0686;74.00;J;ct neck-chest-abdomen-pelvis;train;siemens;somatom definition as+;120;i30f;1.5;no_pathology;no_location;m
s0676;56.00;J;ct intervention;train;siemens;somatom definition edge;100;i30f;1.5;tumor;abdomen;f
s0474;63.00;J;ct angiography head;train;siemens;somatom definition flash;100;j40f;0.75;vascular;head;f
s0685;46.00;J;ct angiography pelvis-leg;train;siemens;somatom definition flash;80;i30f;1.5;no_pathology;no_location;m
s0667;67.00;C;ct neck-chest-abdomen-pelvis;test;siemens;emotion 16;110;b30s;1.5;no_pathology;no_location;m
s0645;59.00;C;ct chest-neck;train;siemens;emotion 16;110;b70s;1.5;tumor;throat,thorax;m
s1663;54.00;C;ct gesichtshead;train;;;;;;;;m
s0672;83.00;J;ct chest-neck;train;siemens;somatom definition edge;120;i50f;1;no_pathology;no_location;f
s0681;62.00;J;ct heart-thorakale aorta;train;siemens;somatom definition as+;100;i50f;1;vascular;thorax;m
s0671;72.00;J;ct artrium;train;siemens;somatom definition flash;100;i50f;1;tumor;thorax;m
s0669;84.00;J;ct angiography neck-thx-abd-pelvis-leg;train;siemens;somatom definition edge;100;i30f;1.5;vascular;abdomen;m
s0674;61.00;J;ct chest-neck;train;siemens;somatom definition flash;100;i50f;1;other;thorax;m
s0677;57.00;J;ct chest;train;siemens;somatom definition flash;100;i30f;1.5;no_pathology;no_location;m
s1664;66.00;C;ct gesichtshead;train;;;;;;;;f
s0675;68.00;J;ct angiography neck-thx-abd-pelvis-leg;train;siemens;somatom definition as+;120;i30f;1;no_pathology;no_location;f
s0662;55.00;J;ct neck-chest-abdomen-pelvis;train;siemens;somatom definition flash;120;i30f;1.5;no_pathology;no_location;m
s0673;54.00;J;ct pelvis;test;siemens;somatom definition as+;120;i70f;0.75;tumor;pelvis;m
s1665;86.00;J;ct head;train;siemens;somatom definition as+;120;j30s;2;;;f
s0666;54.00;J;ct intervention;train;siemens;somatom definition edge;120;i30f;3;tumor;pelvis;m
s0663;64.00;J;ct neck-chest-abdomen-pelvis;train;siemens;somatom definition edge;120;i30f;1.5;tumor;thorax;f
s1666;4.00;;;train;ge;brightspeed s;120;standard;0.625000;;;f
s0661;89.00;C;ct neck-chest-abdomen-pelvis;train;siemens;emotion 16;110;b30s;5;tumor;thorax,throat;f
s0665;67.00;J;ct aortic valve;train;siemens;somatom definition as+;100;i30f;0.6;no_pathology;no_location;f
s0659;67.00;J;ct heart-thorakale aorta;train;siemens;somatom definition edge;120;i50f;1;no_pathology;no_location;m
s0377;55.00;J;ct angiography neck-thx-abd-pelvis-leg;train;siemens;somatom definition flash;80;i30f;0.6;vascular;thorax;m
s0664;72.00;J;ct chest-abdomen;train;siemens;somatom definition as+;120;i30f;1.5;inflammation;abdomen;f
s0420;63.00;J;ct angiography neck-thx-abd-pelvis-leg;train;siemens;somatom definition edge;100;i50f;1;vascular;thorax;m
s0488;46.00;J;ct heart-thorakale aorta;train;siemens;somatom definition flash;80;i26f;5;vascular;thorax;f
s0648;72.00;C;ct neck-chest-abdomen-pelvis;train;siemens;emotion 16;110;b30s;5;tumor;thorax,bones;f
s0644;69.00;C;ct neck-chest-abdomen-pelvis;train;siemens;emotion 16;110;b30s;1.5;tumor;thorax,abdomen,pelvis;f
s0660;75.00;J;ct angiography head;train;siemens;somatom definition as+;100;i70f;0.75;vascular;throat;m
s0656;71.00;C;ct chest-abdomen-pelvis;train;siemens;emotion 16;110;b30s;5;tumor;abdomen,pelvis;f
s0655;70.00;J;ct heart;train;siemens;somatom definition flash;100;i26f;0.6;no_pathology;no_location;f
s1667;33.00;J;ct head;train;siemens;somatom definition as+;120;j30s;3;;;m
s0652;60.00;J;ct angiography neck-thx-abd-pelvis-leg;train;siemens;somatom definition flash;120;i26f;0.6;vascular;thorax;m
s1668;80.00;J;ct head;train;siemens;somatom definition as+;120;j70h;3;;;m
s0637;70.00;J;ct chest-abdomen-pelvis;train;siemens;somatom definition flash;120;i31f;1.5;inflammation;thorax;m
s0617;53.00;J;ct chest-abdomen-pelvis;train;siemens;somatom definition flash;100;i30f;1.5;no_pathology;no_location;m
s0639;55.00;C;ct neck-chest-abdomen-pelvis;train;siemens;emotion 16;110;b30s;5;tumor;pelvis;f
s0635;79.00;J;ct chest-abdomen-pelvis;train;siemens;somatom definition edge;120;i30f;1.5;tumor;abdomen;f
s1669;77.00;J;ct head;train;siemens;somatom definition edge;120;j30s;2;;;m
s0650;65.00;J;ct chest-abdomen-pelvis;train;siemens;somatom definition as+;120;i30f;1.5;inflammation;thorax;m
s0640;74.00;J;ct intervention;train;siemens;somatom definition edge;100;i30f;3;tumor;abdomen;f
s1670;4.00;;;train;ge;brightspeed s;120;standard;3.750000;;;m
s0641;70.00;J;ct chest-neck;train;siemens;somatom definition flash;100;i26f;1;no_pathology;no_location;f
s0709;70.00;E;ct chest-abdomen-pelvis;train;philips;ingenuity core 128;100;b;1;unclear;unclear;m
s0682;48.00;B;ct chest-abdomen;train;siemens;sensation 16;120;b30f;2;unclear;unclear;m
s0702;82.00;G;ct heart;train;siemens;somatom definition flash;120;i26f;1.5;unclear;unclear;m
s0646;79.00;J;ct pelvis;train;siemens;somatom definition flash;140;i30s;0.75;trauma;extremity;m
s1671;67.00;C;ct gesichtshead;train;siemens;emotion 16;130;h30s;0.75;;;m
s1672;82.00;J;ct head;train;siemens;somatom definition as+;120;j30s;2;;;f
s0602;45.00;C;ct chest-abdomen-pelvis;train;siemens;emotion 16;110;b30s;5;tumor;thorax,abdomen,bones;f
s1673;44.00;C;ct gesichtshead;train;;;;;;;;f
s0643;68.00;J;ct angiography head;train;siemens;somatom definition as+;120;i70f;0.75;no_pathology;no_location;m
s0624;83.00;J;ct aortic valve;train;siemens;somatom definition flash;120;i26f;5;no_pathology;no_location;m
s0638;50.00;E;ct polytrauma;train;philips;ingenuity core 128;120;yd;1.5;unclear;unclear;f
s0619;79.00;C;ct chest-abdomen-pelvis;train;siemens;emotion 16;110;b30s;5;tumor;abdomen;f
s0629;65.00;J;ct chest-abdomen-pelvis;train;siemens;somatom definition flash;140;i30f;1.5;tumor;thorax,abdomen,bones;m
s0636;60.00;J;ct chest-abdomen;train;siemens;somatom definition as+;100;i30f;1.5;no_pathology;no_location;f
s0623;88.00;J;ct neck-chest-abdomen-pelvis;train;siemens;somatom definition flash;100;i30f;1.5;tumor;abdomen;m
s0426;41.00;J;ct pelvis;train;siemens;somatom definition edge;100;i30f;0.75;no_pathology;no_location;m
s0621;83.00;C;ct chest-abdomen-pelvis;train;siemens;emotion 16;110;b30s;5;no_pathology;no_location;m
s0668;50.00;E;ct abdomen;train;philips;ingenuity core 128;100;b;1.5;unclear;unclear;f
s0517;75.00;J;ct chest-neck;train;siemens;somatom definition edge;120;i30f;1.5;no_pathology;no_location;m
s1674;48.00;J;ct head;train;siemens;somatom definition as+;120;j70h;3;;;f
s0633;79.00;J;ct upper leg;train;siemens;somatom definition as+;120;i30f;0.75;trauma;extremity;f
s1675;2.00;;;train;ge;brightspeed s;120;standard;3.750000;;;m
s0632;78.00;J;ct chest-neck;train;siemens;somatom definition flash;100;i26f;5;no_pathology;no_location;f
s0576;56.00;J;ct neck;train;siemens;somatom definition edge;100;i26s;3;tumor;throat;f
s1676;51.00;J;ct abdomen-pelvis;train;;;;;;;;m
s0604;57.00;C;ct chest-neck;train;siemens;emotion 16;110;b70s;1.5;no_pathology;no_location;m
s1677;53.00;J;pet ct onko infekt;train;;;;;;;;f
s0618;65.00;C;ct chest-abdomen-pelvis;train;siemens;emotion 16;110;b70s;1.5;tumor;thorax;f
s1678;48.00;J;ct gesichtshead;train;siemens;somatom definition edge;120;j70h;0.75;;;m
s0627;45.00;J;ct angiography neck-thx-abd-pelvis-leg;train;siemens;somatom definition as+;120;i30f;0.6;vascular;thorax;f
s0613;69.00;C;ct neck-chest-abdomen-pelvis;train;siemens;emotion 16;110;b30s;1.5;tumor;thorax;m
s0628;62.00;J;ct chest-abdomen-pelvis;train;siemens;somatom definition as+;120;i30f;5;tumor;thorax;f
s1679;62.00;J;ct head;train;siemens;somatom definition as+;120;j30s;2;;;f
s1680;38.00;C;ct gesichtshead;train;;;;;;;;m
s1681;69.00;J;ct head;train;siemens;somatom definition as+;120;j30s;2;;;f
s0612;75.00;C;ct neck-chest-abdomen-pelvis;train;siemens;emotion 16;110;b30s;1.5;tumor;bones,pelvis;f
s0398;57.00;J;ct angiography chest;train;siemens;somatom definition flash;100;i50f;1;vascular;thorax;m
s0594;62.00;J;ct artrium;train;siemens;somatom definition flash;80;i30f;1;no_pathology;no_location;m
s0589;59.00;C;ct chest-abdomen-pelvis;train;siemens;emotion 16;110;b30s;1.5;tumor;abdomen;f
s1682;77.00;C;ct gesichtshead;train;;;;;;;;f
s0552;63.00;J;ct neck;train;siemens;somatom definition flash;100;b30s;3;no_pathology;no_location;f
s0616;58.00;J;ct polytrauma;train;siemens;somatom definition as+;120;i30f;5;trauma;thorax;m
s0614;59.00;J;ct pelvis;train;siemens;somatom definition as+;120;i70f;1;trauma;pelvis;m
s0610;87.00;J;ct angiography head;train;siemens;somatom definition edge;100;i30f;0.75;vascular;throat;m
s0611;64.00;J;ct pelvis;train;siemens;somatom definition edge;100;i70f;1;no_pathology;no_location;m
s0606;79.00;C;ct chest-neck;train;siemens;emotion 16;110;b30s;1.5;tumor;throat;m
s1683;69.00;J;ct head;train;siemens;somatom definition as+;120;j30s;3;;;f
s1684;51.00;J;ct head;train;siemens;somatom definition as+;120;j45s;3;;;m
s0608;81.00;J;ct angiography neck-thx-abd-pelvis-leg;train;siemens;somatom definition as+;100;i30f;1;no_pathology;no_location;m
s0587;82.00;C;ct neck-chest-abdomen-pelvis;train;siemens;emotion 16;110;b30s;1.5;tumor;abdomen,pelvis;f
s0605;54.00;J;ct angiography neck-thx-abd-pelvis-leg;train;siemens;somatom definition as+;120;i26f;5;vascular;thorax;m
s1685;68.00;C;ct head;train;;;;;;;;f
s1686;24.00;J;ct head;train;siemens;somatom definition as+;120;j70h;2;;;m
s0597;79.00;J;ct aortic valve;train;siemens;somatom definition edge;100;i30f;0.6;no_pathology;no_location;m
s0601;52.00;B;ct pelvis;train;siemens;sensation 16;120;b70f;1;unclear;unclear;m
s0571;58.00;J;ct chest-abdomen-pelvis;train;siemens;somatom definition flash;120;i31f;1.5;no_pathology;no_location;f
s0595;81.00;J;ct angiography neck-thx-abd-pelvis-leg;train;siemens;somatom definition flash;100;i50f;5;vascular;thorax,abdomen;f
s0577;40.00;J;ct chest-abdomen-pelvis;train;siemens;somatom definition flash;100;i30f;1.5;no_pathology;no_location;m
s0579;57.00;J;ct spine;train;siemens;somatom definition flash;100;q40s;1.5;no_pathology;no_location;m
s0585;79.00;J;ct aortic valve;train;siemens;somatom definition flash;120;i26f;5;no_pathology;no_location;m
s0593;54.00;J;ct neck-chest-abdomen-pelvis;train;siemens;somatom definition edge;120;i30f;1.5;tumor;abdomen,bones;f
s1687;72.00;J;ct head;train;siemens;somatom definition as+;120;j30s;2;;;m
s1688;69.00;J;ct head;train;siemens;somatom definition as+;120;j45s;3;;;f
s0607;58.00;B;ct chest-abdomen;train;siemens;sensation 16;120;b30f;2;unclear;unclear;m
s1689;10.00;;;train;siemens;somatom definition flash;70;i46f;1;;;m
s1690;81.00;C;ct gesichtshead;train;;;;;;;;m
s0574;51.00;J;ct neck-chest-abdomen-pelvis;train;siemens;somatom definition flash;100;i30f;1.5;no_pathology;no_location;m
s0592;86.00;J;ct polytrauma;train;siemens;somatom definition as+;120;i70f;1.5;trauma;thorax;f
s0591;78.00;J;ct polytrauma;train;siemens;somatom definition as+;120;i30f;1.5;trauma;thorax;m
s1691;63.00;J;ct head;train;siemens;somatom definition as+;120;j30s;2;;;f
s0539;66.00;J;ct operation;train;siemens;somatom definition edge;120;j45s;3;no_pathology;no_location;m
s0588;47.00;E;ct polytrauma;train;philips;ingenuity core 128;120;yd;0.9;unclear;unclear;m
s0615;56.00;B;ct chest-abdomen;train;siemens;sensation 16;120;b20f;2;unclear;unclear;f
s1692;5.00;;;train;ge;brightspeed s;120;standard;3.750000;;;m
s0572;59.00;C;ct chest-neck;train;siemens;emotion 16;110;b30s;5;tumor;throat;m
s0582;85.00;J;ct chest;train;siemens;somatom definition as+;100;i26f;1;no_pathology;no_location;f
s0578;66.00;J;ct chest-abdomen-pelvis;train;siemens;somatom definition flash;100;i30f;1.5;no_pathology;no_location;f
s1693;31.00;J;ct head;train;siemens;somatom definition as+;120;j30s;3;;;m
s1694;9.00;;;train;ge;brightspeed s;100;boneplus;1.250000;;;f
s1695;55.00;J;ct head;train;siemens;somatom definition as+;120;j30s;2;;;f
s0620;64.00;E;ct abdomen;train;philips;ingenuity core 128;120;b;1.5;unclear;unclear;m
s0749;73.00;B;ct abdomen;train;siemens;sensation 16;120;b30f;2;unclear;unclear;m
s1696;8.00;;;train;siemens;somatom definition flash;70;i46f;1;;;f
s0586;58.00;A;ct chest-abdomen;train;ge;lightspeed vct;120;standard;1.250000;unclear;unclear;m
s0573;89.00;J;ct pelvis;train;siemens;somatom definition flash;100;q40s;1.5;trauma;pelvis;f
s0567;62.00;J;ct angiography head;train;siemens;somatom definition edge;120;j45s;1;tumor;head;m
s0564;66.00;J;ct pelvis;train;siemens;somatom definition edge;120;i30f;0.75;trauma;pelvis;f
s0600;65.00;B;ct chest-abdomen-pelvis;train;siemens;sensation 16;120;b30f;2;unclear;unclear;m
s1697;64.00;J;ct head;train;siemens;somatom definition as+;120;j70h;2;;;m
s0603;78.00;E;ct angiography pelvis-leg;train;philips;ingenuity core 128;120;b;1.5;unclear;unclear;f
s0575;79.00;E;ct neck;train;philips;ingenuity core 128;120;ua;2;unclear;unclear;f
s0583;49.00;E;ct chest-abdomen;train;philips;ingenuity core 128;120;b;3;unclear;unclear;m
s0590;76.00;B;ct abdomen;train;siemens;sensation 16;120;b20f;2;unclear;unclear;m
s0559;63.00;J;ct neck;train;siemens;somatom definition edge;100;i26s;3;no_pathology;no_location;m
s0565;66.00;J;ct chest-neck;train;siemens;somatom definition as+;120;i26f;1.5;tumor;head;m
s0561;76.00;C;ct neck-chest-abdomen-pelvis;test;siemens;emotion 16;110;b30s;5;tumor;thorax;m
s0563;47.00;J;ct angiography head;train;siemens;somatom definition as+;120;i70f;2;no_pathology;no_location;m
s0557;62.00;J;ct heart-thorakale aorta;train;siemens;somatom definition edge;120;i30f;5;tumor;thorax;m
s1698;54.00;J;ct head;train;siemens;somatom definition flash;120;j70h;3;;;m
s1699;83.00;J;ct head;train;siemens;somatom definition as+;120;j30s;3;;;m
s1700;0.00;;;train;siemens;biograph 128;100;i30f;3;;;f
s0556;50.00;J;ct polytrauma;train;siemens;somatom definition as+;120;i30f;1.5;trauma;throat;m
s0531;66.00;J;ct heart-thorakale aorta;train;siemens;somatom definition flash;100;i26f;1;vascular;thorax;f
s0498;68.00;J;ct chest-abdomen-pelvis;train;siemens;somatom definition edge;100;i50f;1;vascular;abdomen,pelvis;m
s0532;54.00;J;ct heart;train;siemens;somatom definition flash;120;b35f;1;no_pathology;no_location;m
s1701;75.00;J;ct gesichtshead;train;siemens;somatom definition edge;120;h31s;2;;;f
s0581;71.00;E;ct pelvis;train;philips;ingenuity core 128;120;yb;1.5;unclear;unclear;f
s0584;73.00;E;ct abdomen;train;philips;ingenuity core 128;120;b;3;unclear;unclear;f
s1702;1.00;;;train;ge;brightspeed s;120;standard;3.750000;;;f
s0550;63.00;C;ct neck-chest-abdomen-pelvis;train;siemens;emotion 16;110;b30s;1.5;tumor;abdomen;m
s0543;55.00;J;ct chest-abdomen-pelvis;test;siemens;somatom definition flash;120;i30f;1.5;tumor;pelvis;f
s1703;15.00;;;train;ge;brightspeed s;120;standard;0.625000;;;m
s0549;68.00;C;ct chest-abdomen-pelvis;train;siemens;emotion 16;110;b30s;1.5;tumor;thorax,bones,pelvis;m
s1704;70.00;J;ct gesichtshead;train;siemens;somatom definition flash;120;j30s;1;;;m
s1705;24.00;J;ct headbasis-felsenleg;train;siemens;somatom definition flash;120;j30s;0.75;;;m
s0580;70.00;B;ct chest-abdomen;train;siemens;sensation 16;120;b30f;2;unclear;unclear;f
s1706;45.00;J;ct gesichtshead;train;siemens;somatom definition as+;120;j70h;2;;;m
s0553;43.00;E;ct chest-abdomen;train;philips;ingenuity core 128;120;b;1.5;unclear;unclear;f
s0476;63.00;J;ct neck-chest-abdomen-pelvis;train;siemens;somatom definition edge;120;i30f;1.5;no_pathology;no_location;m
s0546;62.00;C;ct chest-abdomen-pelvis;train;siemens;emotion 16;110;b30s;1.5;no_pathology;no_location;m
s0528;76.00;J;ct aortic valve;train;siemens;somatom definition flash;120;i26f;0.6;no_pathology;no_location;m
s0544;66.00;B;ct abdomen;train;siemens;sensation 16;120;b70f;2;unclear;unclear;m
s1707;10.00;;;train;ge;brightspeed s;100;standard;2.500000;;;m
s0519;67.00;J;ct chest-abdomen-pelvis;train;siemens;somatom definition flash;120;i31f;1.5;tumor;thorax;m
s1708;5.00;;;train;ge;brightspeed s;120;standard;3.750000;;;m
s1709;27.00;J;ct head;train;siemens;somatom definition as+;120;j30s;0.75;;;f
s0541;70.00;J;ct abdomen;train;siemens;somatom definition as+;120;i30f;5;no_pathology;no_location;m
s1399;55.00;J;ct hip;train;siemens;somatom definition flash;100;q40s;1.5;trauma;extremity;f
s0523;73.00;J;ct intervention;train;siemens;somatom definition edge;100;i30f;3;tumor;abdomen;m
s0560;44.00;B;ct abdomen;train;siemens;sensation 16;120;b20f;2;unclear;unclear;f
s0536;68.00;J;ct neck-chest-abdomen-pelvis;train;siemens;somatom definition flash;120;i30f;1.5;tumor;throat,thorax,abdomen;m
s0537;46.00;J;ct neck;train;siemens;somatom definition edge;100;i70h;2;inflammation;abdomen;m
s0651;84.00;B;ct chest-abdomen;train;siemens;sensation 16;120;b20f;2;unclear;unclear;m
s0542;70.00;B;ct chest-abdomen;train;siemens;sensation 16;120;b30f;2;unclear;unclear;m
s0545;43.00;E;ct abdomen;train;philips;ingenuity core 128;120;yb;1.5;unclear;unclear;f
s0521;56.00;J;ct angiography head;train;siemens;somatom definition edge;120;i70f;2;vascular;head;m
s0530;69.00;J;ct chest-neck;train;siemens;somatom definition flash;80;i26f;5;no_pathology;no_location;f
s0526;44.00;J;ct angiography head;train;siemens;somatom definition as+;120;i70f;2;no_pathology;no_location;m
s0527;30.00;J;ct angiography neck;train;siemens;somatom definition as+;120;i30f;2;no_pathology;no_location;m
s0522;84.00;J;ct chest;train;siemens;somatom definition edge;100;i26f;1;no_pathology;no_location;m
s0520;56.00;J;ct intervention;train;siemens;somatom definition edge;120;b30f;1.5;tumor;abdomen;f
s1710;73.00;J;ct abdomen / pelvis;train;;;;;;;;f
s0516;89.00;J;ct chest-abdomen-pelvis;train;siemens;somatom definition flash;120;i30f;5;other;thorax;m
s0446;38.00;J;ct chest-abdomen-pelvis;train;siemens;somatom definition flash;100;i30f;1.5;tumor;abdomen;m
s0548;64.00;B;ct neck-chest-abdomen-pelvis;train;siemens;sensation 16;120;b30f;2;unclear;unclear;m
s1711;20.00;J;ct head;train;siemens;somatom definition as+;120;j30s;3;;;m
s1712;88.00;J;ct head;train;siemens;somatom definition as+;120;j70h;3;;;f
s0456;67.00;C;ct neck-chest-abdomen-pelvis;train;siemens;emotion 16;110;b30s;1.5;tumor;throat,thorax,abdomen,pelvis;f
s0510;64.00;C;ct neck-chest-abdomen-pelvis;train;siemens;emotion 16;110;b70s;2;tumor;extremity;f
s0705;67.00;B;ct chest-abdomen;train;siemens;sensation 16;120;b30f;2;unclear;unclear;m
s0514;52.00;J;ct angiography head;train;siemens;somatom definition edge;120;j45s;3;tumor;head;f
s0515;77.00;J;ct chest-neck;train;siemens;somatom definition as+;120;i50f;1;inflammation;thorax;m
s0658;67.00;B;ct chest-abdomen;train;siemens;sensation 16;120;b70f;2;unclear;unclear;m
s0487;41.00;A;ct chest-abdomen-pelvis;train;ge;lightspeed vct;120;lung;1.250000;tumor;thorax,abdomen,bones;f
s1713;53.00;J;ct head;train;siemens;somatom definition as+;120;j30s;2;;;f
s0508;62.00;J;ct angiography chest;train;siemens;somatom definition flash;80;i26f;1;vascular;thorax;m
s1385;72.00;J;ct angiography abdomen-pelvis;train;siemens;somatom definition edge;100;i30f;1.5;no_pathology;no_location;f
s1355;58.00;J;ct angiography abdomen-pelvis;test;siemens;somatom definition flash;100;i30f;1.5;no_pathology;no_location;f
s0503;69.00;J;ct angiography head;train;siemens;somatom definition flash;120;i70f;0.75;vascular;throat;m
s0507;65.00;J;ct neck-chest-abdomen-pelvis;train;siemens;somatom definition flash;100;i30f;1.5;no_pathology;no_location;m
s0511;36.00;J;ct polytrauma;train;siemens;somatom definition as+;120;i30f;1.5;trauma;thorax;m
s1714;5.00;;;train;siemens;symbia intevo 16;80;b40s;3;;;m
s0513;68.00;G;ct abdomen;train;siemens;somatom definition flash;120;i31f;3;unclear;unclear;f
s0566;45.00;B;ct chest-abdomen;train;siemens;sensation 16;120;b30f;2;unclear;unclear;m
s0509;47.00;B;ct chest-abdomen;train;siemens;sensation 16;120;b70f;2;unclear;unclear;m
s1715;79.00;J;ct head;train;siemens;somatom definition flash;120;j70h;3;;;m
s1716;31.00;A;ct gesichtshead;train;ge;lightspeed vct;120;standard;0.625000;;;m
s0506;55.00;J;ct pelvis;train;siemens;somatom definition flash;140;q40s;1.5;trauma;pelvis;m
s1717;82.00;J;ct gesichtshead;train;siemens;somatom definition flash;120;j30s;0.75;;;m
s0492;63.00;J;ct operation;train;siemens;somatom definition edge;120;i30s;3;trauma;extremity;f
s0501;79.00;J;ct angiography head;train;siemens;somatom definition as+;100;i70f;2;vascular;throat;m
s0494;58.00;A;ct chest-abdomen;train;ge;lightspeed vct;120;standard;1.250000;tumor;thorax;f
s0504;63.00;J;ct angiography neck;train;siemens;somatom definition as+;100;i70f;2;no_pathology;no_location;f
s0483;50.00;J;ct chest-abdomen-pelvis;train;siemens;somatom definition flash;140;i30f;1.5;other;thorax;f
s0535;70.00;E;ct neck;train;philips;ingenuity core 128;100;b;0.9;unclear;unclear;m
s0495;66.00;A;ct abdomen;train;ge;lightspeed vct;120;standard;1.250000;tumor;pelvis;f
s0490;65.00;J;ct chest-neck;train;siemens;somatom definition edge;120;i30f;1.5;tumor;thorax;f
s0555;75.00;B;ct chest-abdomen;train;siemens;sensation 16;120;b31f;2;unclear;unclear;m
s0491;53.00;C;ct neck;train;siemens;emotion 16;110;b30s;3;no_pathology;no_location;m
s0497;83.00;J;ct angiography head;train;siemens;somatom definition as+;120;i70f;0.75;no_pathology;no_location;m
s1718;9.00;;;train;ge;brightspeed s;120;boneplus;2.500000;;;f
s0486;54.00;A;ct abdomen;train;ge;lightspeed vct;120;lung;1.250000;no_pathology;no_location;m
s0463;48.00;J;ct heart-thorakale aorta;train;siemens;somatom definition flash;80;i26f;1;vascular;thorax;m
s1719;61.00;J;ct head;train;siemens;somatom definition as+;120;j30s;3;;;m
s0485;69.00;J;ct chest-neck;train;siemens;somatom definition edge;120;i30f;1.5;no_pathology;no_location;m
s1720;41.00;J;ct head;train;siemens;somatom definition as+;120;j30s;3;;;f
s1721;6.00;;;train;ge;brightspeed s;120;standard;0.625000;;;m
s1722;49.00;J;ct head;train;siemens;somatom definition as+;120;j30s;3;;;f
s0484;62.00;J;ct chest-abdomen-pelvis;train;siemens;somatom definition flash;140;i30f;1.5;tumor;abdomen,pelvis;m
s0694;30.00;E;ct chest-abdomen;train;philips;ingenuity core 128;120;yb;1.5;unclear;unclear;m
s0440;57.00;J;ct chest-abdomen-pelvis;test;siemens;somatom definition flash;100;i30f;1.5;no_pathology;no_location;f
s0436;54.00;J;ct chest-abdomen-pelvis;train;siemens;somatom definition edge;120;i30f;5;unclear;unclear;f
s0340;61.00;J;ct angiography head;train;siemens;somatom definition edge;120;j30f;0.75;vascular;head;m
s0380;60.00;J;ct heart-thorakale aorta;train;siemens;somatom definition edge;100;i26f;5;tumor;thorax;m
s1723;11.00;;;train;ge;brightspeed s;120;standard;3.750000;;;m
s0477;66.00;J;ct neck-chest-abdomen-pelvis;train;siemens;somatom definition as+;120;i30f;1.5;tumor;abdomen;f
s0481;70.00;J;ct chest-neck;train;siemens;somatom definition flash;100;i50f;1;no_pathology;no_location;m
s0482;56.00;J;ct spine;test;siemens;somatom definition as+;100;i30s;0.75;trauma;extremity;f
s0480;73.00;E;ct abdomen;train;philips;ingenuity core 128;120;b;1.5;unclear;unclear;m
s0475;51.00;J;ct pelvis;train;siemens;somatom definition flash;140;i30s;0.75;trauma;extremity;f
s0472;62.00;C;ct chest-abdomen-pelvis;train;siemens;emotion 16;110;b30s;1.5;no_pathology;no_location;f
s0466;73.00;J;ct neck;train;siemens;somatom definition flash;80;b70s;2;unclear;unclear;f
s0417;54.00;J;ct operation;train;siemens;somatom definition edge;120;j45s;3;unclear;unclear;m
s0465;76.00;J;ct heart;train;siemens;somatom definition flash;100;i26f;0.6;vascular;thorax;m
s0469;36.00;E;ct chest-chest;train;philips;ingenuity core 128;100;b;3;unclear;unclear;f
s0467;53.00;J;ct angiography neck-thx-abd-pelvis-leg;train;siemens;somatom definition as+;100;i30f;1.5;vascular;thorax;m
s0452;86.00;J;ct aortic valve;train;siemens;somatom definition edge;120;i50f;1;no_pathology;no_location;m
s0505;78.00;B;ct abdomen;test;siemens;sensation 16;120;b30f;2;unclear;unclear;m
s0461;58.00;C;ct neck-chest-abdomen-pelvis;train;siemens;emotion 16;110;b30s;1.5;no_pathology;no_location;m
s0462;77.00;J;ct spine;train;siemens;somatom definition edge;100;i30s;3;trauma;thorax;f
s1724;51.00;J;ct head;train;siemens;somatom definition flash;120;j30s;3;;;f
s0350;84.00;C;ct chest-abdomen-pelvis;train;siemens;emotion 16;110;b30s;1.5;no_pathology;no_location;f
s1725;85.00;J;ct head;test;siemens;somatom definition edge;120;j30s;3;;;m
s0471;65.00;B;ct abdomen;train;siemens;sensation 16;120;b20f;2;unclear;unclear;f
s1726;34.00;J;ct head;train;siemens;somatom definition edge;120;j30s;3;;;m
s1403;58.00;J;ct angiography abdomen-pelvis;train;siemens;somatom definition flash;100;i30f;1.5;vascular;abdomen;m
s0445;71.00;J;ct chest;train;siemens;somatom definition edge;100;i30f;1.5;tumor;thorax;m
s0460;26.00;J;ct angiography head;train;siemens;somatom definition as+;120;j70h;3;no_pathology;no_location;f
s1727;9.00;;;train;ge;brightspeed s;100;boneplus;1.250000;;;m
s0435;82.00;J;ct aortic valve;train;siemens;somatom definition edge;100;i26f;0.6;no_pathology;no_location;m
s1728;3.00;;;test;ge;brightspeed s;120;standard;3.750000;;;f
s1729;39.00;J;ct gesichtshead;train;siemens;somatom definition as+;120;j30s;0.75;;;m
s0457;59.00;J;ct angiography chest;train;siemens;somatom definition as+;120;i30f;5;no_pathology;no_location;m
s0454;87.00;J;ct pelvis;train;siemens;somatom definition flash;100;q40s;1.5;trauma;extremity;f
s0453;61.00;J;ct neck;train;siemens;somatom definition flash;100;b70s;2;no_pathology;no_location;m
s0499;60.00;E;ct chest-abdomen;test;philips;ingenuity core 128;120;b;1.5;unclear;unclear;f
s0459;69.00;E;ct chest-neck;test;philips;ingenuity core 128;100;b;3;unclear;unclear;m
s1730;40.00;J;ct head;train;siemens;somatom definition as+;120;j70h;3;;;f
s1731;92.00;J;ct gesichtshead;train;siemens;somatom definition flash;120;j70h;2;;;f
s0447;74.00;J;ct chest-abdomen-pelvis;train;siemens;somatom definition edge;120;i30f;5;no_pathology;no_location;f
s1732;45.00;J;ct head;train;siemens;somatom definition flash;120;j45s;1;;;f
s1733;16.00;;;train;ge;brightspeed s;120;standard;3.750000;;;f
s0441;75.00;A;ct abdomen;test;ge;lightspeed vct;120;standard;1.250000;other;abdomen;m
s0444;76.00;J;ct heart-thorakale aorta;train;siemens;somatom definition as+;120;i50f;1;vascular;thorax;f
s0653;80.00;G;ct heart;train;siemens;somatom definition flash;120;i26f;1;unclear;unclear;f
s1734;82.00;A;ct gesichtshead;train;ge;lightspeed vct;120;bone;0.625000;;;m
s0443;35.00;J;ct pelvis;train;siemens;somatom definition flash;120;b70f;3;no_pathology;no_location;m
s0442;76.00;J;ct pelvis;train;siemens;somatom definition as+;120;i30f;0.75;no_pathology;no_location;m
s0369;67.00;J;ct neck-chest-abdomen-pelvis;train;siemens;somatom definition flash;140;i30f;1.5;tumor;thorax,abdomen,pelvis;m
s0458;87.00;B;ct abdomen;train;siemens;sensation 16;120;b30f;2;unclear;unclear;f
s0424;78.00;J;ct aortic valve;train;siemens;somatom definition flash;120;i26f;0.6;vascular;thorax;m
s0439;54.00;J;ct heart-thorakale aorta;train;siemens;somatom definition as+;120;i30f;5;trauma;thorax;m
s0423;66.00;C;ct neck-chest-abdomen-pelvis;test;siemens;emotion 16;110;b30s;1.5;trauma;thorax;m
s1735;31.00;J;ct head;train;siemens;somatom definition edge;120;j45s;3;;;m
s1736;91.00;J;ct head;test;siemens;somatom definition edge;120;j30s;2;;;f
s0500;51.00;B;ct neck-chest-abdomen-pelvis;train;siemens;sensation 16;120;b30f;2;unclear;unclear;m
s0430;66.00;J;ct chest-neck;train;siemens;somatom definition as+;120;i26f;5;other;throat;m
s1737;48.00;J;ct abdomen-pelvis;train;;;;;;;;m
s1738;26.00;J;ct gesichtshead;train;siemens;somatom definition flash;120;j70h;2;;;f
s1739;52.00;J;ct head;train;siemens;somatom definition flash;120;j30s;3;;;m
s1740;6.00;;;train;ge;brightspeed s;120;standard;3.750000;;;f
s0429;51.00;J;ct chest-abdomen-pelvis;train;siemens;somatom definition flash;140;i30f;1.5;tumor;abdomen;f
s0647;14.00;G;ct abdomen;train;siemens;somatom definition flash;120;b40f;2;unclear;unclear;f
s0425;63.00;J;ct chest-neck;train;siemens;somatom definition edge;120;i30f;1.5;other;thorax;m
s1741;5.00;;;train;ge;brightspeed s;120;boneplus;2.500000;;;m
s1742;47.00;J;ct head;train;siemens;somatom definition as+;120;j30s;3;;;f
s0418;53.00;J;ct pelvis;train;siemens;somatom definition as+;120;i30f;3;no_pathology;no_location;f
s0391;50.00;J;ct heart;train;siemens;somatom definition flash;100;i50f;1;no_pathology;no_location;f
s0421;63.00;J;ct chest-abdomen-pelvis;train;siemens;somatom definition as+;120;i26f;1;inflammation;abdomen;m
s0414;92.00;J;ct aortic valve;train;siemens;somatom definition flash;120;i50f;1;no_pathology;no_location;f
s0428;26.00;B;ct chest-abdomen;train;philips;iqon - spectral ct;120;b;2;unclear;unclear;m
s0419;59.00;H;ct pelvis;train;siemens;somatom definition flash;100;i31f;2;unclear;unclear;m
s0408;84.00;C;ct neck-chest-abdomen-pelvis;train;siemens;emotion 16;110;b30s;1.5;tumor;bones;m
s1743;58.00;J;ct head;train;siemens;somatom definition as+;120;j30s;2;;;f
s0416;29.00;E;ct abdomen;train;philips;ingenuity core 128;120;b;1.5;unclear;unclear;m
s0412;70.00;J;ct polytrauma;train;siemens;somatom definition as+;120;i30f;1.5;no_pathology;no_location;m
s0413;58.00;J;ct chest;train;siemens;somatom definition as+;100;i26f;1;other;thorax;f
s0449;74.00;E;ct neck;train;philips;ingenuity core 128;120;ua;2;unclear;unclear;f
s0431;71.00;B;ct angiography neck-thx-abd-pelvis-leg;train;philips;iqon - spectral ct;120;cb;0.9;unclear;unclear;m
s0395;61.00;J;ct intervention;train;siemens;somatom definition edge;120;b50f;1.5;tumor;thorax;m
s0411;71.00;J;ct angiography head;train;siemens;somatom definition as+;100;i70f;0.75;inflammation;thorax;f
s0410;63.00;J;ct angiography head;train;siemens;somatom definition as+;120;j30f;0.75;vascular;head;m
s0400;54.00;J;ct neck;train;siemens;somatom definition edge;100;i26s;3;tumor;throat;m
s0388;59.00;J;ct angiography head;train;siemens;somatom definition edge;120;j30f;0.75;vascular;head;f
s0396;54.00;J;ct neck;train;siemens;somatom definition flash;120;i30s;3;no_pathology;no_location;m
s0438;44.00;E;ct chest-abdomen;train;philips;ingenuity core 128;100;b;1.5;unclear;unclear;f
s0402;78.00;J;ct chest-abdomen-pelvis;train;siemens;somatom definition flash;100;i30f;1.5;tumor;abdomen;f
s1744;32.00;J;ct head;train;siemens;somatom definition as+;120;j30s;3;;;f
s0433;40.00;B;ct chest-abdomen;train;philips;iqon - spectral ct;120;b;2;unclear;unclear;m
s0383;81.00;C;ct chest-abdomen-pelvis;train;siemens;emotion 16;110;b30s;5;tumor;thorax,abdomen;f
s0478;56.00;G;ct angiography head;train;siemens;somatom definition flash;100;q30f;0.75;unclear;unclear;f
s0407;78.00;J;ct chest-neck;train;siemens;somatom definition flash;80;i50f;1;no_pathology;no_location;m
s1745;79.00;C;ct gesichtshead;train;siemens;emotion 16;130;h30s;0.75;;;m
s0529;34.00;G;ct abdomen;train;siemens;somatom definition flash;100;i31f;3;unclear;unclear;f
s0405;65.00;J;ct angiography chest;train;siemens;somatom definition as+;100;i50f;1;vascular;thorax;f
s1746;39.00;J;ct head;train;siemens;somatom definition as+;120;j30s;3;;;m
s0406;67.00;E;ct abdomen;train;philips;ingenuity core 128;120;b;2;unclear;unclear;m
s1747;16.00;;;train;siemens;symbia t6;80;b40s;4;;;m
s0374;79.00;J;ct heart-thorakale aorta;train;siemens;somatom definition flash;80;i26f;5;vascular;thorax;f
s1748;77.00;J;ct head;train;siemens;somatom definition as+;120;j30s;2;;;f
s0386;77.00;C;ct spine;train;siemens;emotion 16;130;b60s;2;no_pathology;no_location;f
s0399;52.00;J;ct pelvis;train;siemens;somatom definition flash;140;i70f;0.75;trauma;pelvis;f
s0470;49.00;E;ct chest-abdomen;test;philips;ingenuity core 128;100;ya;1.5;unclear;unclear;m
s1749;19.00;J;ct polytrauma;train;;;;;;;;f
s0473;73.00;B;ct chest-abdomen;train;siemens;sensation 16;120;b20f;2;unclear;unclear;m
s1750;21.00;;;train;ge;brightspeed s;120;standard;2.500000;;;m
s0403;87.00;B;ct heart-thorakale aorta;train;philips;iqon - spectral ct;120;b;2;unclear;unclear;f
s1751;84.00;J;ct abdomen / pelvis;train;;;;;;;;f
s0394;64.00;E;ct chest-abdomen;train;philips;ingenuity core 128;100;b;2;unclear;unclear;m
s0393;84.00;J;ct angiography neck-thx-abd-pelvis-leg;train;siemens;somatom definition flash;120;i50f;1;no_pathology;no_location;m
s1752;81.00;J;ct head;train;siemens;somatom definition as+;120;j30s;3;;;m
s0392;21.00;J;ct chest-chest;train;siemens;somatom definition as+;80;i26f;1;no_pathology;no_location;m
s1753;46.00;J;ct head;train;siemens;somatom definition edge;120;j70h;2;;;m
s0389;69.00;J;ct angiography neck-thx-abd-pelvis-leg;train;siemens;somatom definition as+;120;i30f;1;other;abdomen;f
s0502;70.00;E;ct chest-abdomen-pelvis;train;philips;ingenuity core 128;120;b;3;unclear;unclear;m
s0382;81.00;J;ct neck;train;siemens;somatom definition as+;100;i26s;3;inflammation;throat;m
s0450;54.00;K;ct abdomen;test;siemens;somatom definition flash;100;i31f;2;unclear;unclear;m
s0381;75.00;J;ct pelvis;train;siemens;somatom definition as+;120;i70f;0.75;no_pathology;no_location;f
s0362;83.00;J;ct neck-chest-abdomen-pelvis;train;siemens;somatom definition as+;120;i30f;5;tumor;bones;m
s0379;36.00;J;ct angiography neck;train;siemens;somatom definition as+;120;i70f;2;bleeding;throat;f
s0378;77.00;J;ct chest-neck;train;siemens;somatom definition flash;80;i50f;1;no_pathology;no_location;m
s0375;47.00;J;ct chest-abdomen-pelvis;train;siemens;somatom definition flash;140;i30f;1.5;inflammation;abdomen;m
s1754;34.00;A;ct gesichtshead;train;ge;lightspeed vct;120;standard;0.625000;;;m
s0376;89.00;J;ct angiography neck-thx-abd-pelvis-leg;train;siemens;somatom definition as+;120;i30f;1;no_pathology;no_location;m
s1755;75.00;J;ct polytrauma;train;;;;;;;;m
s0370;61.00;A;ct chest-abdomen-pelvis;train;ge;lightspeed vct;120;standard;5;tumor;thorax;m
s0338;56.00;J;ct heart;train;siemens;somatom definition flash;100;i30f;5;no_pathology;no_location;m
s1756;38.00;J;ct gesichtshead;train;siemens;somatom definition flash;120;j70h;2;;;f
s0356;64.00;J;ct heart;train;siemens;somatom definition flash;100;i26f;1;no_pathology;no_location;f
s0373;84.00;J;ct chest-neck;train;siemens;somatom definition as+;120;i50f;1;vascular;thorax;f
s0372;48.00;J;ct chest-chest;train;siemens;somatom definition as+;120;i31f;5;no_pathology;no_location;f
s0699;82.00;E;ct neck-chest-abdomen-pelvis;train;philips;ingenuity core 128;120;b;1.5;unclear;unclear;f
s0551;82.00;E;ct neck-chest-abdomen-pelvis;train;philips;ingenuity core 128;120;yb;1.5;unclear;unclear;f
s1757;49.00;J;ct head;train;siemens;somatom definition as+;120;j30s;2;;;f
s1758;57.00;J;ct gesichtshead;train;siemens;somatom definition as+;120;j70h;2;;;f
s0365;43.00;J;ct chest-neck;train;siemens;somatom definition flash;100;i26f;1;no_pathology;no_location;f
s0368;65.00;J;ct heart;train;siemens;somatom definition flash;100;i26f;0.6;no_pathology;no_location;m
s0367;45.00;J;ct angiography neck-thx-abd-pelvis-leg;train;siemens;somatom definition as+;100;i50f;1;no_pathology;no_location;m
s0364;37.00;J;ct chest-neck;train;siemens;somatom definition as+;120;i50f;1;no_pathology;no_location;m
s1759;10.00;;;train;ge;brightspeed s;100;standard;3.750000;;;f
s0363;73.00;J;ct chest;train;siemens;somatom definition as+;100;i26f;1;no_pathology;no_location;f
s1760;63.00;E;ct head;train;;;;;;;;m
s0335;56.00;J;ct heart;train;siemens;somatom definition flash;120;b35f;1;no_pathology;no_location;f
s0343;75.00;J;ct aortic valve;train;siemens;somatom definition edge;120;i30f;0.6;no_pathology;no_location;m
s0626;57.00;E;ct chest-abdomen;train;philips;ingenuity core 128;120;b;1.5;unclear;unclear;f
s0360;70.00;J;ct intervention;train;siemens;somatom definition edge;100;i70f;1.5;tumor;pelvis;f
s1761;38.00;J;ct gesichtshead;train;siemens;somatom definition as+;120;j30s;2;;;m
s0361;82.00;J;ct angiography pelvis-leg;train;siemens;somatom definition as+;100;i26f;5;bleeding;extremity;m
s0371;53.00;E;ct chest-abdomen-pelvis;train;philips;ingenuity core 128;100;b;2;unclear;unclear;f
s0357;66.00;J;ct chest-neck;train;siemens;somatom definition edge;120;i30f;1.5;no_pathology;no_location;f
s0358;90.00;J;ct pelvis;train;siemens;somatom definition flash;100;q40s;1.5;trauma;abdomen;f
s0359;88.00;J;ct neck;train;siemens;somatom definition edge;100;i26s;3;other;throat;f
s0349;76.00;J;ct heart-thorakale aorta;train;siemens;somatom definition flash;100;i26f;1;vascular;thorax;m
s0352;53.00;J;ct angiography head;train;siemens;somatom definition as+;120;j30f;1;vascular;head;f
s1762;1.00;;;test;siemens;symbia t6;80;b70s;4;;;m
s1763;70.00;J;ct gesichtshead;train;siemens;somatom definition as+;120;j30s;2;;;f
s1764;32.00;J;ct polytrauma;train;;;;;;;;f
s0345;51.00;J;ct spine;train;siemens;somatom definition as+;120;i70h;3;trauma;abdomen;m
s0347;69.00;J;ct angiography neck-thx-abd-pelvis-leg;train;siemens;somatom definition edge;100;i30f;5;no_pathology;no_location;f
s0346;66.00;J;ct angiography head;train;siemens;somatom definition as+;120;i30f;0.75;vascular;throat;m
s1765;86.00;J;ct head;train;siemens;somatom definition as+;120;j70h;2;;;f
s0344;58.00;J;ct chest-abdomen-pelvis;train;siemens;somatom definition as+;120;i30f;1.5;inflammation;abdomen;m
s0332;66.00;J;ct chest-abdomen-pelvis;train;siemens;somatom definition flash;100;i30f;1.5;vascular;abdomen;m
s0336;61.00;J;ct angiography neck-thx-abd-pelvis-leg;train;siemens;somatom definition as+;100;i30f;1;no_pathology;no_location;f
s0339;83.00;A;ct abdomen;train;ge;lightspeed vct;120;standard;1.250000;unclear;unclear;f
s0342;58.00;E;ct abdomen;train;philips;ingenuity core 128;120;b;2;unclear;unclear;f
s0333;85.00;J;ct angiography head;train;siemens;somatom definition as+;120;i30f;0.75;no_pathology;no_location;m
s1766;84.00;J;ct head;train;siemens;somatom definition as+;120;j30s;3;;;f
s0334;49.00;E;ct neck-chest-abdomen-pelvis;train;philips;ingenuity core 128;120;b;2;unclear;unclear;m
s1767;56.00;J;ct polytrauma;train;;;;;;;;m
s0331;49.00;B;ct chest-abdomen;train;philips;iqon - spectral ct;120;yb;2;unclear;unclear;m
s0385;63.00;E;ct pelvis;train;philips;ingenuity core 128;120;yb;1.5;unclear;unclear;f
s1768;1.00;;;train;siemens;somatom definition edge;120;j30s;0.75;;;m
s1769;8.00;;;train;ge;brightspeed s;100;standard;3.750000;;;f
s1770;74.00;J;ct polytrauma;train;;;;;;;;f
s1771;5.00;;;train;ge;brightspeed s;100;standard;2.500000;;;m
s0341;75.00;B;ct chest-abdomen;train;philips;iqon - spectral ct;120;b;2;unclear;unclear;m
s0688;65.00;G;ct chest-abdomen;train;siemens;somatom definition flash;120;i70f;3;unclear;unclear;m
s0598;66.00;G;ct chest-abdomen;train;siemens;somatom definition flash;120;i31f;3;unclear;unclear;m
s0401;68.00;E;ct chest-abdomen;train;philips;ingenuity core 128;120;b;2;unclear;unclear;f
s1772;54.00;J;ct abdomen / pelvis;train;;;;;;;;f
s0518;45.00;E;ct neck;train;philips;ingenuity core 128;100;b;0.9;unclear;unclear;m
s0354;56.00;E;ct chest-abdomen;train;philips;ingenuity core 128;100;ya;1.5;unclear;unclear;m
s1773;1.00;;;test;ge;brightspeed s;120;standard;3.750000;;;f
s1774;117.00;J;ct polytrauma;train;;;;;;;;m
s0353;71.00;G;ct chest-abdomen;train;siemens;somatom definition flash;120;i70f;2;unclear;unclear;m
s0355;59.00;E;ct chest-abdomen;train;philips;ingenuity core 128;120;b;2;unclear;unclear;m
s0455;75.00;B;ct chest-abdomen;train;philips;iqon - spectral ct;120;yb;2;unclear;unclear;m
s0422;75.00;B;ct chest-abdomen;train;philips;iqon - spectral ct;120;b;2;unclear;unclear;m
s1775;61.00;J;ct chest-abdomen-pelvis;test;;;;;;;;m
s1776;115.00;;;train;siemens;somatom definition as+;100;b30f;1.5;;;m
s0683;73.00;G;ct chest-abdomen;train;siemens;somatom definition flash;120;i31f;3;unclear;unclear;m
s0293;77.00;B;ct abdomen;train;siemens;sensation 16;120;b30f;2;unclear;unclear;m
s0493;62.00;G;ct neck;train;siemens;somatom definition flash;100;i31s;2;unclear;unclear;m
s1777;13.00;;;train;siemens;somatom definition flash;70;i46f;1;;;f
s0437;57.00;B;ct chest-abdomen;train;siemens;sensation 16;120;b30f;2;unclear;unclear;m
s1778;2.00;;;train;siemens;symbia intevo 16;80;b70s;3;;;f
s1779;71.00;J;ct polytrauma;train;;;;;;;;m
s1780;74.00;J;ct polytrauma;train;;;;;;;;m
s1781;7.00;;;train;ge;brightspeed s;100;standard;2.500000;;;f
s0468;78.00;E;ct angiography pelvis-leg;test;philips;ingenuity core 128;120;b;3;unclear;unclear;m
s1782;7.00;;;train;siemens;somatom definition flash;70;i26f;0.6;;;m
s1783;33.00;J;ct chest-abdomen-pelvis;train;;;;;;;;m
s1784;33.00;J;ct polytrauma;train;siemens;somatom definition as+;120;i70f;3;;;m
s1785;42.00;J;ct polytrauma;test;;;;;;;;m
s1786;47.00;J;ct polytrauma;train;;;;;;;;m
s0568;53.00;E;ct neck;train;philips;ingenuity core 128;120;yd;0.9;unclear;unclear;f
s0390;72.00;B;ct abdomen;train;philips;iqon - spectral ct;120;b;2;unclear;unclear;m
s1787;23.00;J;ct polytrauma;train;;;;;;;;m
s1788;76.00;J;ct abdomen-pelvis;train;;;;;;;;m
s1789;21.00;J;ct polytrauma;train;;;;;;;;f
s1790;11.00;;;train;ge;brightspeed s;120;standard;3.750000;;;f
s1791;12.00;;;train;ge;brightspeed s;100;standard;2.500000;;;m
s1792;11.00;;;train;ge;brightspeed s;120;standard;3.750000;;;f
s1793;89.00;J;ct abdomen-pelvis;train;;;;;;;;m
s1794;73.00;J;ct polytrauma;train;;;;;;;;f
s1795;2.00;;;train;ge;brightspeed s;120;boneplus;2.500000;;;f
s1796;8.00;;;train;ge;brightspeed s;100;boneplus;1.250000;;;m
s1797;72.00;J;ct angiography abdomen-pelvis;train;;;;;;;;f
s1798;57.00;J;ct med. rea;train;;;;;;;;m
s1799;80.00;J;ct chest-abdomen-pelvis;train;;;;;;;;m
s0194;67.00;B;ct abdomen;train;siemens;sensation 16;120;b30f;2;unclear;unclear;f
s1800;4.00;;;train;siemens;biograph 128;100;i30f;3;;;m
s1801;8.00;;;train;ge;brightspeed s;100;standard;3.750000;;;f
s1802;8.00;;;train;ge;brightspeed s;120;standard;0.625000;;;m
s1803;40.00;J;ct polytrauma;train;;;;;;;;m
s1804;43.00;J;ct abdomen-pelvis;train;;;;;;;;f
s1805;62.00;J;ct polytrauma;train;;;;;;;;m
s1806;35.00;J;ct neck-chest-abdomen-pelvis;test;;;;;;;;m
s1807;84.00;J;ct med. rea;train;;;;;;;;m
s1808;82.00;J;ct chest-abdomen-pelvis;train;;;;;;;;f
s1809;6.00;;;train;ge;brightspeed s;120;boneplus;2.500000;;;m
s1810;8.00;;;train;ge;brightspeed s;120;boneplus;2.500000;;;f
s1811;65.00;J;ct abdomen-pelvis;train;;;;;;;;m
s1812;73.00;J;ct abdomen-pelvis;train;;;;;;;;m
s1813;30.00;J;ct abdomen / pelvis;train;;;;;;;;m
s1814;23.00;J;ct polytrauma;train;;;;;;;;m
s1815;47.00;J;ct abdomen / pelvis;train;;;;;;;;m
s1816;85.00;J;ct polytrauma;train;;;;;;;;f
s1370;78.00;J;ct angiography chest-abdomen-pelvis;train;siemens;somatom definition flash;120;i46f;1;no_pathology;no_location;m
s1817;98.00;J;ct polytrauma;train;;;;;;;;f
s1818;9.00;;;train;ge;brightspeed s;120;boneplus;2.500000;;;f
s1819;16.00;;;train;siemens;somatom definition flash;70;i46f;1;;;f
s1820;8.00;;;train;ge;brightspeed s;100;standard;2.500000;;;m
s1821;46.00;J;ct chest-abdomen-pelvis;train;;;;;;;;m
s1822;84.00;J;ct abdomen-pelvis;train;;;;;;;;f
s1823;66.00;J;ct polytrauma;train;;;;;;;;f
s0679;49.00;G;ct abdomen;train;siemens;somatom definition flash;100;b40f;2;unclear;unclear;m
s1824;88.00;J;ct angiography abdomen-pelvis;train;;;;;;;;f
s1825;4.00;;;train;siemens;somatom definition flash;100;i30f;1;;;f
s1826;76.00;J;ct polytrauma;train;;;;;;;;f
s1827;6.00;;;test;siemens;symbia intevo 16;110;b70s;3;;;f
s0366;52.00;J;ct abdomen;train;siemens;somatom definition as+;120;i30f;1.5;unclear;unclear;f
s1828;69.00;J;ct abdomen-pelvis;train;;;;;;;;m
s1829;4.00;;;train;ge;brightspeed s;120;boneplus;2.500000;;;m
s1830;58.00;J;ct polytrauma;train;;;;;;;;m
s1831;33.00;J;ct polytrauma;train;;;;;;;;m
s1832;6.00;;;train;ge;brightspeed s;120;standard;3.750000;;;m
s1833;82.00;J;ct med. rea;train;;;;;;;;f
s1077;79.00;J;ct angiography neck-thx-abd-pelvis-leg;train;siemens;somatom definition flash;100;i46f;1;vascular;thorax;f
s0525;78.00;G;ct abdomen;train;siemens;somatom definition flash;100;i30f;3;unclear;unclear;m
s1834;42.00;J;ct abdomen-pelvis;test;;;;;;;;f
s1835;17.00;J;ct polytrauma;train;;;;;;;;m
s1836;67.00;J;ct polytrauma;train;;;;;;;;f
s1073;70.00;J;ct heart-thorakale aorta;train;siemens;somatom definition edge;100;i30f;1;vascular;thorax;m
s1837;4.00;;;train;ge;brightspeed s;120;boneplus;2.500000;;;m
s1838;6.00;;;train;ge;brightspeed s;120;boneplus;2.500000;;;f
s0038;56.00;B;ct neck-chest-abdomen-pelvis;test;siemens;sensation 16;120;b30f;2;unclear;unclear;f
s1839;118.00;J;ct polytrauma;train;;;;;;;;m
s1840;16.00;J;ct polytrauma;train;;;;;;;;f
s1334;78.00;J;ct angiography neck-thx-abd-pelvis-leg;train;siemens;somatom definition flash;120;i26f;5;vascular;thorax;m
s1841;43.00;J;ct polytrauma;train;;;;;;;;m
s1842;42.00;J;ct polytrauma;train;;;;;;;;m
s1843;0.00;;;train;siemens;somatom definition flash;70;i46f;1;;;f
s1844;81.00;J;ct polytrauma;train;;;;;;;;f
s1845;16.00;J;ct polytrauma;train;;;;;;;;f
s1846;49.00;J;ct polytrauma;train;;;;;;;;m
s1847;77.00;J;ct abdomen-pelvis;train;;;;;;;;f
s1848;55.00;J;ct polytrauma;train;;;;;;;;f
s1849;62.00;J;ct abdomen-pelvis;train;;;;;;;;f
s1850;68.00;J;ct abdomen-pelvis;train;;;;;;;;m
s1851;37.00;J;ct abdomen-pelvis;train;;;;;;;;m
s1852;19.00;J;ct polytrauma;train;;;;;;;;f
s1853;57.00;J;ct polytrauma;train;;;;;;;;m
s1854;69.00;J;ct abdomen-pelvis;test;;;;;;;;f
s1855;4.00;;;train;siemens;somatom go.top;70;br40f;3;;;m
s1856;10.00;;;train;siemens;somatom go.top;90;br40f;3;;;f
s1857;4.00;;;train;siemens;somatom go.top;70;br40f;0.6;;;m
s1858;37.00;J;ct polytrauma;train;;;;;;;;f
s1859;4.00;;;train;siemens;somatom go.top;100;br40f;0.6;;;f
s1860;7.00;;;train;siemens;somatom go.top;80;br40f;0.6;;;f
s1861;1.00;;;train;siemens;somatom go.top;140;br40f;0.6;;;m
s1862;8.00;;;train;siemens;somatom go.top;100;br40f;0.6;;;f
s1863;68.00;J;ct chest-abdomen-pelvis;train;;;;;;;;m
s1864;4.00;;;train;siemens;somatom go.top;70;br40f;3;;;m
s1865;8.00;;;train;siemens;somatom go.top;70;br40f;3;;;m
s1866;21.00;J;ct polytrauma;train;;;;;;;;m
s1867;48.00;J;ct abdomen-pelvis;train;;;;;;;;m
s1868;86.00;J;ct med. rea;train;;;;;;;;f
s1869;41.00;J;ct polytrauma;train;;;;;;;;f
s1870;69.00;J;ct abdomen-pelvis;train;;;;;;;;m
s1871;61.00;J;ct head;train;siemens;somatom definition flash;120;j30s;3;;;f
s1872;55.00;J;ct polytrauma;train;;;;;;;;m
s1873;94.00;J;ct polytrauma;train;;;;;;;;f
s1874;19.00;J;ct polytrauma;train;;;;;;;;m
s1875;30.00;J;ct polytrauma;train;;;;;;;;f
s1344;68.00;J;ct angiography neck-thx-abd-pelvis-leg;train;siemens;somatom definition flash;120;i26f;5;vascular;thorax;f
s1876;35.00;J;ct polytrauma;train;;;;;;;;m
s1877;49.00;J;ct polytrauma;train;;;;;;;;f
s1878;8.00;;;train;siemens;somatom go.top;80;br40f;1.5;;;f
s1879;85.00;J;ct abdomen-pelvis;train;;;;;;;;m
s1880;37.00;J;ct polytrauma;train;;;;;;;;m
s1881;83.00;J;ct abdomen-pelvis;train;;;;;;;;m
s1882;18.00;;;train;siemens;somatom go.top;70;br40f;3;;;f
s1883;45.00;J;ct polytrauma;train;;;;;;;;m
s1884;7.00;;;train;siemens;somatom go.top;70;br40f;0.6;;;f
s1885;50.00;J;ct abdomen-pelvis;train;;;;;;;;m
s1886;12.00;;;train;siemens;somatom go.top;70;br40f;3;;;f
s1887;64.00;J;ct chest-abdomen-pelvis;train;;;;;;;;f
s1888;71.00;J;ct polytrauma;train;;;;;;;;f
s1889;84.00;J;ct chest-abdomen-pelvis;train;;;;;;;;m
s1890;6.00;;;train;siemens;somatom go.top;100;br40f;1.5;;;f
s1891;78.00;J;ct polytrauma;train;;;;;;;;m
s1142;71.00;J;ct angiography neck-thx-abd-pelvis-leg;train;siemens;somatom definition flash;120;i46f;1;vascular;thorax;f
s1892;2.00;;;train;siemens;somatom go.top;70;br40f;2;;;m
s1893;48.00;J;ct polytrauma;train;;;;;;;;m
s1374;76.00;J;ct angiography abdomen-pelvis;train;siemens;somatom definition flash;80;i30f;1.5;vascular;abdomen;m
s1894;9.00;;;train;siemens;somatom go.top;100;br40f;3;;;f
s1895;22.00;J;ct polytrauma;train;;;;;;;;m
s1896;17.00;J;ct polytrauma;train;;;;;;;;m
s1897;7.00;;;train;siemens;somatom go.top;70;br60f;3;;;f
s1898;18.00;;;train;siemens;somatom go.top;110;br60f;3;;;m
s1899;8.00;;;train;siemens;somatom go.top;120;br64f;0.8;;;f
s1259;61.00;J;ct heart-thorakale aorta;train;siemens;somatom definition flash;120;i26f;1;vascular;thorax;m
s1900;3.00;;;train;siemens;somatom go.top;70;br40f;2;;;f
s1901;1.00;;;train;siemens;somatom go.top;100;br40f;3;;;f
s1208;67.00;J;ct angiography neck-thx-abd-pelvis-leg;train;siemens;somatom definition flash;120;i26f;5;vascular;thorax;m
s1902;74.00;J;ct polytrauma;train;;;;;;;;f
s1364;73.00;J;ct angiography chest-abdomen-pelvis;train;siemens;somatom definition flash;100;i30f;1.5;vascular;abdomen;m
s1903;7.00;;;train;siemens;somatom go.top;70;br40f;2;;;f
s0936;68.00;J;ct heart-thorakale aorta;train;siemens;somatom definition flash;80;i26f;0.6;vascular;thorax;m
s1362;87.00;J;ct angiography chest-abdomen-pelvis;train;siemens;somatom definition flash;100;i30f;1.5;vascular;thorax;m
s1361;80.00;J;ct angiography chest-abdomen-pelvis;train;siemens;somatom definition edge;100;i30f;1.5;vascular;thorax;m
s1904;56.00;J;ct polytrauma;train;;;;;;;;f
s0901;74.00;J;ct heart-thorakale aorta;train;siemens;somatom definition flash;80;i26f;0.6;vascular;thorax;m
s1182;80.00;J;ct neck-chest-abdomen-pelvis;train;siemens;somatom definition edge;120;q30f;1.5;no_pathology;no_location;f
s1144;75.00;J;ct chest-neck;train;siemens;somatom definition flash;80;i26f;1;tumor;throat;m
s1348;65.00;J;ct chest-abdomen-pelvis;train;siemens;somatom definition edge;120;i30f;1.5;other;thorax;m
s1287;76.00;K;ct neck-chest-abdomen-pelvis;train;siemens;somatom definition edge;120;i30f;1.5;tumor;thorax;m
s1905;86.00;J;ct polytrauma;train;siemens;somatom force;90;br36d;5;;;f
s1400;67.00;J;ct angiography chest-abdomen-pelvis;train;siemens;somatom definition flash;100;i30f;1.5;vascular;thorax;m
s1278;60.00;J;ct chest-chest;train;siemens;somatom definition edge;120;q30f;1.5;no_pathology;no_location;m
s1336;78.00;K;ct neck-chest-abdomen-pelvis;train;siemens;somatom definition edge;120;q30f;1.5;no_pathology;no_location;m
s1267;59.00;J;ct chest-abdomen-pelvis;train;siemens;somatom definition flash;100;i30f;1.5;no_pathology;no_location;m
s1345;60.00;J;ct heart;train;siemens;somatom definition flash;100;i26f;0.6;no_pathology;no_location;m
s1275;64.00;A;ct chest-abdomen-pelvis;train;ge;lightspeed vct;120;lung;0.625000;no_pathology;no_location;m
s0958;72.00;J;ct heart-thorakale aorta;train;siemens;somatom definition flash;100;i26f;1;vascular;thorax;m
s1906;82.00;J;ct polytrauma;train;siemens;somatom definition as+;120;i70f;3;;;f
s1233;89.00;J;ct chest-abdomen-pelvis;train;siemens;somatom definition flash;140;q30f;1.5;no_pathology;no_location;f
s1397;73.00;J;ct whole body;train;siemens;somatom definition edge;80;i30f;1.5;tumor;bones;m
s1276;51.00;J;ct neck-chest-abdomen-pelvis;test;siemens;somatom definition flash;120;i31f;5;tumor;thorax;f
s1281;66.00;J;ct chest;train;siemens;somatom definition flash;80;i26f;1;no_pathology;no_location;f
s1907;85.00;A;ct head;train;;;;;;;;f
s1333;74.00;J;ct heart;train;siemens;somatom definition flash;120;b35f;1;no_pathology;no_location;m
s0825;71.00;J;ct heart-thorakale aorta;train;siemens;somatom definition flash;80;i26f;0.6;vascular;thorax;f
s1908;7.00;;;train;siemens;somatom go.top;100;br40f;0.6;;;f
s1354;29.00;J;ct polytrauma;train;siemens;somatom definition as+;120;i26f;1;trauma;thorax;m
s1353;58.00;J;ct chest;train;siemens;somatom definition flash;100;i26f;1;inflammation;thorax;m
s1352;53.00;J;ct angiography head;train;siemens;somatom definition as+;120;i70f;2;vascular;throat;m
s1349;65.00;J;ct angiography neck-thx-abd-pelvis-leg;train;siemens;somatom definition as+;100;i30f;5;no_pathology;no_location;m
s1350;66.00;J;ct polytrauma;train;siemens;somatom definition as+;120;i30f;1.5;trauma;thorax,abdomen;f
s1340;79.00;A;ct chest-abdomen-pelvis;train;ge;lightspeed vct;120;standard;1.250000;no_pathology;no_location;m
s1346;42.00;J;ct intervention;train;siemens;somatom definition edge;140;b30f;1.5;inflammation;abdomen;m
s1247;29.00;A;ct neck-chest-abdomen-pelvis;train;ge;lightspeed vct;120;standard;1.250000;tumor;thorax;f
s1347;77.00;E;ct abdomen;test;philips;ingenuity core 128;120;b;2;unclear;unclear;m
s1342;84.00;J;ct intervention;train;siemens;somatom definition edge;120;b30f;1.5;tumor;abdomen;m
s1201;77.00;J;ct angiography chest;train;siemens;somatom definition edge;120;i50f;1;vascular;thorax;m
s1332;93.00;J;ct aortic valve;train;siemens;somatom definition flash;100;i46f;1;no_pathology;no_location;f
s1312;61.00;J;ct intervention;train;siemens;somatom definition as;120;i30f;1.5;tumor;abdomen;m
s1338;81.00;J;ct spine;train;siemens;somatom definition as+;120;q34f;0.75;no_pathology;no_location;m
s1341;20.00;E;ct chest-abdomen;train;philips;ingenuity core 128;100;yb;1.5;unclear;unclear;m
s1337;62.00;K;ct chest-neck;train;siemens;somatom definition edge;120;q30f;1.5;no_pathology;no_location;m
s1343;59.00;E;ct chest-neck;train;philips;ingenuity core 128;100;b;2;unclear;unclear;m
s1335;45.00;A;ct neck;train;ge;lightspeed vct;120;bone;0.625000;no_pathology;no_location;f
s1316;68.00;A;ct chest-chest;train;ge;lightspeed vct;120;standard;5.000000;tumor;thorax,abdomen;f
s1909;73.00;A;ct head;train;;;;;;;;m
s1330;77.00;J;ct heart-thorakale aorta;train;siemens;somatom definition flash;100;i26f;1;vascular;thorax;m
s1365;69.00;J;ct angiography chest-abdomen-pelvis;train;siemens;somatom definition flash;100;i30f;1.5;vascular;thorax,abdomen;f
s1328;67.00;J;ct angiography head;train;siemens;somatom definition as+;100;i70f;0.75;vascular;throat;f
s1910;70.00;A;ct head;train;ge;lightspeed vct;120;standard;0.625000;;;f
s1274;66.00;J;ct intervention;train;siemens;somatom definition as;100;i30f;3;tumor;thorax;m
s1339;56.00;F;ct abdomen;train;philips;brilliance 64;120;d;3;unclear;unclear;f
s1315;59.00;J;ct intervention;train;siemens;somatom definition as;120;i30f;3;tumor;abdomen;f
s1308;54.00;A;ct neck-chest-abdomen-pelvis;train;ge;lightspeed vct;120;lung;1.250000;no_pathology;no_location;m
s1911;4.00;;;train;ge;revolution hd;120;standard;2.500000;;;f
s1388;68.00;J;ct whole body;train;siemens;somatom definition edge;80;i30f;1.5;other;throat;f
s1912;22.00;A;ct head;train;;;;;;;;f
s1286;37.00;J;ct intervention;train;siemens;somatom definition as;120;i30f;3;tumor;abdomen;f
s1913;58.00;A;ct head;train;ge;lightspeed vct;120;standard;0.625000;;;f
s1317;73.00;J;ct intervention;train;siemens;somatom definition as;100;i30f;3;tumor;thorax;f
s1325;81.00;J;ct orbita;train;siemens;somatom definition as+;120;h40s;2;bleeding;head;m
s1290;46.00;J;ct intervention;train;siemens;somatom definition as;100;i30f;3;tumor;thorax;m
s1323;73.00;J;ct chest-neck;test;siemens;somatom definition as+;100;i50f;1;no_pathology;no_location;m
s1310;83.00;J;ct aortic valve;train;siemens;somatom definition flash;100;i26f;5;vascular;thorax;f
s1318;50.00;A;ct neck-chest-abdomen-pelvis;train;ge;lightspeed vct;120;lung;1.250000;tumor;throat,bones;m
s1914;63.00;J;ct head;train;;;;;;;;m
s1321;49.00;J;ct polytrauma;train;siemens;somatom definition as+;120;i30f;1.5;trauma;thorax;m
s1319;80.00;J;ct spine;train;siemens;somatom definition as+;100;i30s;5;trauma;thorax;f
s1291;72.00;A;ct abdomen;train;ge;lightspeed vct;120;standard;1.250000;no_pathology;no_location;f
s1326;76.00;G;ct heart-thorakale aorta;train;siemens;somatom definition flash;140;i30f;3;unclear;unclear;m
s1314;63.00;J;ct polytrauma;train;siemens;somatom definition as+;120;i30f;1.5;no_pathology;no_location;f
s1329;78.00;B;ct chest-abdomen;train;siemens;sensation 16;120;b30f;2;unclear;unclear;f
s1164;67.00;J;ct chest-neck;train;siemens;somatom definition flash;100;i26f;1;tumor;thorax;m
s1260;33.00;J;ct angiography head;train;siemens;somatom definition flash;100;j40f;0.75;vascular;throat;m
s1305;95.00;J;ct aortic valve;train;siemens;somatom definition flash;100;i46f;1;vascular;thorax;f
s1915;72.00;J;ct angiography abdomen-pelvis;train;;;;;;;;m
s1307;49.00;J;ct chest-abdomen-pelvis;train;siemens;somatom definition as+;100;i30f;1;inflammation;abdomen;m
s1292;55.00;J;ct angiography neck-thx-abd-pelvis-leg;train;siemens;somatom definition flash;120;i46f;1;vascular;thorax;m
s1309;62.00;E;ct abdomen;train;philips;ingenuity core 128;120;b;2;unclear;unclear;m
s1916;63.00;J;ct chest-abdomen-pelvis;train;;;;;;;;f
s1303;78.00;J;ct upper leg;train;siemens;somatom definition flash;120;i70f;0.75;unclear;unclear;m
s1304;66.00;J;ct polytrauma;train;siemens;somatom definition as+;120;i30f;1.5;no_pathology;no_location;m
s1917;2.00;;;train;siemens;somatom go.top;100;br36f;0.6;;;m
s1197;86.00;J;ct chest-abdomen-pelvis;train;siemens;somatom definition flash;100;q30f;1.5;tumor;pelvis;f
s1301;74.00;J;ct pelvis;train;siemens;somatom definition edge;120;q34f;0.75;inflammation;extremity;m
s1331;77.00;A;ct abdomen;train;ge;lightspeed vct;120;standard;1.250000;unclear;unclear;m
s1298;78.00;J;ct chest-abdomen-pelvis;train;siemens;somatom definition as+;120;i30f;1.5;other;thorax;m
s1296;68.00;J;ct chest-chest;train;siemens;somatom definition edge;100;i26f;1;other;thorax;m
s1327;83.00;G;ct heart-thorakale aorta;train;siemens;somatom definition flash;140;i70f;3;unclear;unclear;m
s1297;82.00;J;ct neck-chest-abdomen-pelvis;train;siemens;somatom definition as+;120;i30f;1.5;no_pathology;no_location;m
s1295;30.00;J;ct neck;train;siemens;somatom definition flash;80;q30f;3;inflammation;throat;f
s1299;56.00;J;ct neck;train;siemens;somatom definition as+;100;b40s;3;no_pathology;no_location;f
s1322;56.00;A;ct abdomen;test;ge;lightspeed vct;120;standard;1.250000;unclear;unclear;m
s1918;69.00;E;ct head;train;;;;;;;;f
s1293;76.00;B;ct chest-abdomen;train;siemens;sensation 16;120;b30f;2;unclear;unclear;f
s1268;81.00;A;ct chest-abdomen-pelvis;train;ge;lightspeed vct;120;lung;1.250000;tumor;thorax;m
s1155;67.00;A;ct chest-abdomen-pelvis;train;ge;lightspeed vct;120;lung;1.250000;no_pathology;no_location;f
s1288;52.00;J;ct chest;train;siemens;somatom definition flash;140;q30f;1.5;other;thorax;m
s1289;75.00;J;ct spine;train;siemens;somatom definition as+;100;i30s;0.75;trauma;thorax,abdomen;m
s1283;72.00;J;ct neck-chest-abdomen-pelvis;train;siemens;somatom definition edge;120;i30f;1.5;tumor;pelvis;f
s1279;63.00;J;ct upper leg;train;siemens;somatom definition edge;120;q34f;0.75;inflammation;extremity;f
s1227;62.00;J;ct operation;train;siemens;somatom definition as+;120;j45s;1;no_pathology;no_location;f
s1271;62.00;J;ct intervention;train;siemens;somatom definition as;120;i30f;3;tumor;thorax;f
s1311;69.00;E;ct chest-neck;train;philips;ingenuity core 128;100;yb;2;unclear;unclear;m
s1280;64.00;J;ct artrium;train;siemens;somatom definition flash;100;i46f;0.6;no_pathology;no_location;f
s1277;22.00;J;ct heart-thorakale aorta;train;siemens;somatom definition edge;100;i26f;0.6;vascular;thorax;m
s1261;78.00;A;ct chest-abdomen-pelvis;train;ge;lightspeed vct;120;lung;1.250000;tumor;abdomen,pelvis;f
s1294;25.00;G;ct chest-abdomen;train;siemens;somatom definition flash;100;i31f;3;unclear;unclear;f
s1272;57.00;J;ct heart-thorakale aorta;train;siemens;somatom definition edge;100;i30f;5;vascular;thorax;m
s1262;87.00;J;ct aortic valve;train;siemens;somatom definition flash;120;i46f;1;no_pathology;no_location;f
s1273;58.00;J;ct chest-abdomen-pelvis;train;siemens;somatom definition edge;120;i30f;5;no_pathology;no_location;m
s1285;58.00;E;ct chest-abdomen;train;philips;ingenuity core 128;100;b;2;unclear;unclear;m
s1919;54.00;J;pet ct onko infekt;train;;;;;;;;f
s1085;79.00;J;ct neck-chest-abdomen-pelvis;train;siemens;somatom definition edge;120;i30f;1.5;tumor;thorax,throat,abdomen;m
s1269;75.00;J;ct heart-thorakale aorta;train;siemens;somatom definition flash;100;i26f;1;no_pathology;no_location;m
s1240;60.00;A;ct chest-chest;test;ge;lightspeed vct;120;standard;1.250000;tumor;thorax,abdomen,pelvis;f
s1235;71.00;J;ct chest-chest;train;siemens;somatom definition flash;100;i26f;5;no_pathology;no_location;f
s1264;68.00;J;ct chest-chest;train;siemens;somatom definition as+;100;i26f;1;inflammation;thorax;f
s1255;73.00;A;ct neck-chest-abdomen-pelvis;train;ge;lightspeed vct;120;standard;5.000000;no_pathology;no_location;m
s1300;75.00;F;ct neck;train;philips;brilliance 64;120;ub;3;unclear;unclear;m
s1270;63.00;B;ct chest-abdomen;train;philips;iqon - spectral ct;120;imr1,sharpplus;1;unclear;unclear;m
s1258;65.00;J;ct artrium;train;siemens;somatom definition flash;100;i30f;1;no_pathology;no_location;m
s1378;60.00;J;ct hip;train;siemens;somatom definition flash;100;d40s;1.5;inflammation;extremity;f
s1222;62.00;J;ct neck-chest-abdomen-pelvis;train;siemens;somatom definition flash;100;q30f;1.5;tumor;bones;m
s1920;76.00;A;ct head;train;;;;;;;;f
s1248;84.00;J;ct aortic valve;test;siemens;somatom definition flash;120;i26f;5;vascular;thorax;f
s1236;66.00;J;ct intervention;train;siemens;somatom definition as;120;i30f;3;tumor;abdomen;f
s1254;60.00;J;ct heart-thorakale aorta;train;siemens;somatom definition as+;120;i26f;1;no_pathology;no_location;m
s0975;71.00;J;ct chest-neck;train;siemens;somatom definition flash;100;i26f;1;no_pathology;no_location;m
s1395;71.00;K;ct angiography chest-abdomen-pelvis;train;siemens;somatom definition flash;100;i30f;1.5;vascular;abdomen,pelvis;m
s1256;58.00;J;ct pelvis;train;siemens;somatom definition as+;100;i30f;1.5;no_pathology;no_location;m
s1250;69.00;J;ct aortic valve;train;siemens;somatom definition flash;100;i46f;1;no_pathology;no_location;m
s1257;66.00;B;ct chest-chest;train;siemens;sensation 16;120;b30f;2;unclear;unclear;f
s1237;83.00;J;ct heart;train;siemens;somatom definition flash;100;i30f;5;no_pathology;no_location;f
s1252;53.00;J;ct angiography pelvis-leg;train;siemens;somatom definition as+;100;b40f;5;no_pathology;no_location;f
s1251;78.00;J;ct angiography pelvis-leg;train;siemens;somatom definition as+;100;i30f;5;bleeding;extremity;m
s1245;74.00;J;ct chest;train;siemens;somatom definition edge;120;i26f;1;inflammation;thorax;f
s1242;58.00;A;ct neck-chest-abdomen-pelvis;train;ge;lightspeed vct;120;standard;1.250000;no_pathology;no_location;m
s1249;93.00;J;ct polytrauma;test;siemens;somatom definition as+;120;i30f;5;bleeding;pelvis;f
s1012;45.00;J;ct chest-abdomen-pelvis;train;siemens;somatom definition edge;120;q30f;1.5;no_pathology;no_location;m
s1218;32.00;A;ct neck-chest-abdomen-pelvis;train;ge;lightspeed vct;120;standard;1.250000;no_pathology;no_location;f
s1246;62.00;J;ct operation;train;siemens;somatom definition as+;120;i70f;3;trauma;pelvis;m
s1228;64.00;A;ct chest-abdomen-pelvis;train;ge;lightspeed vct;120;standard;1.250000;no_pathology;no_location;f
s1239;51.00;J;ct artrium;train;siemens;somatom definition flash;100;i30f;1;no_pathology;no_location;m
s1243;65.00;J;ct artrium;train;siemens;somatom definition flash;100;i30f;1;no_pathology;no_location;m
s1921;77.00;J;ct abdomen-pelvis;train;;;;;;;;m
s1375;78.00;J;ct angiography chest-abdomen-pelvis;train;siemens;somatom definition flash;100;i30f;1.5;vascular;thorax;m
s1386;85.00;J;ct angiography chest-abdomen-pelvis;test;siemens;somatom definition flash;100;i30f;1.5;vascular;abdomen;m
s1238;63.00;J;ct chest-abdomen-pelvis;train;siemens;somatom definition as+;120;i30f;1.5;inflammation;thorax;m
s1922;74.00;J;ct angiography neck-thx-abd-pelvis-leg;train;;;;;;;;m
s1223;52.00;J;ct chest-abdomen-pelvis;train;siemens;somatom definition flash;100;i30f;5;tumor;abdomen,pelvis;f
s1923;2.00;;;train;siemens;somatom definition flash;80;i46f;1;;;f
s1924;74.00;J;ct head;train;siemens;somatom definition edge;120;j45s;3;;;m
s1234;57.00;J;ct angiography pelvis-leg;train;siemens;somatom definition as+;100;b40f;5;trauma;extremity;f
s1231;69.00;J;ct angiography head;train;siemens;somatom definition edge;100;i30f;3;vascular;head;f
s1244;68.00;E;ct abdomen;train;philips;ingenuity core 128;120;b;2;unclear;unclear;m
s1230;79.00;J;ct aortic valve;train;siemens;somatom force;120;bv40d;1;no_pathology;no_location;m
s1106;46.00;J;ct heart;train;siemens;somatom definition flash;100;i26f;1;no_pathology;no_location;m
s1133;85.00;J;ct heart-thorakale aorta;train;siemens;somatom definition flash;100;i26f;5;vascular;thorax;f
s1925;56.00;A;ct head;train;;;;;;;;f
s1173;68.00;A;ct chest-chest;train;ge;lightspeed vct;120;lung;1.250000;tumor;thorax,abdomen;f
s1241;73.00;F;ct abdomen;train;philips;brilliance 64;120;b;2.00;unclear;unclear;f
s1926;64.00;J;ct head;train;siemens;somatom definition edge;120;j30s;5;;;m
s1056;50.00;J;ct angiography head;train;siemens;somatom definition edge;100;i30f;0.75;vascular;head;m
s1196;67.00;J;ct chest;train;siemens;somatom definition flash;100;i30f;1.5;no_pathology;no_location;f
s1216;55.00;A;ct chest-chest;train;ge;lightspeed vct;120;standard;1.250000;other;abdomen;f
s1224;73.00;J;ct chest-abdomen-pelvis;train;siemens;somatom definition flash;100;i30f;1.5;no_pathology;no_location;m
s1226;72.00;J;ct angiography neck-thx-abd-pelvis-leg;train;siemens;somatom definition edge;120;q30f;1.5;vascular;abdomen,pelvis;f
s0871;72.00;J;ct angiography chest;train;siemens;somatom definition flash;80;i46f;1;no_pathology;no_location;f
s0858;77.00;J;ct angiography neck-thx-abd-pelvis-leg;train;siemens;somatom definition edge;100;i26f;0.6;vascular;thorax;m
s1225;70.00;J;ct angiography chest;train;siemens;somatom definition edge;100;i26f;0.6;vascular;thorax,abdomen,pelvis;f
s1221;78.00;J;ct chest;train;siemens;somatom definition edge;120;i26f;1;inflammation;thorax;m
s1146;77.00;A;ct chest-abdomen-pelvis;train;ge;lightspeed vct;120;lung;1.250000;no_pathology;no_location;f
s1220;19.00;J;ct neck;train;siemens;somatom definition edge;120;i30f;3;no_pathology;no_location;m
s1199;66.00;A;ct chest-chest;train;ge;lightspeed vct;120;lung;0.625000;no_pathology;no_location;m
s1927;49.00;J;ct head;train;;;;;;;;m
s1094;71.00;J;ct angiography neck-thx-abd-pelvis-leg;test;siemens;somatom definition edge;100;i30f;1;no_pathology;no_location;f
s1059;68.00;J;ct neck;train;siemens;somatom definition flash;80;q30f;3;tumor;throat;m
s1215;59.00;J;ct polytrauma;train;siemens;somatom force;140;br59d;1.5;trauma;extremity;m
s1928;59.00;J;ct head;train;;;;;;;;m
s1209;70.00;J;ct chest-abdomen-pelvis;train;siemens;somatom definition as+;120;i30f;1.5;other;abdomen;m
s1929;75.00;J;ct angiography chest-abdomen-pelvis;train;;;;;;;;f
s1210;77.00;J;ct chest-abdomen-pelvis;train;siemens;somatom definition as+;120;i30f;1.5;inflammation;pelvis;m
s1404;63.00;J;ct angiography chest-abdomen-pelvis;train;siemens;somatom force;100;bv40d;1;no_pathology;no_location;f
s1207;84.00;J;ct chest-abdomen-pelvis;train;siemens;somatom definition as+;120;i30f;1.5;inflammation;thorax;f
s1206;62.00;J;ct polytrauma;train;siemens;somatom force;120;br36d;1.5;inflammation;thorax;m
s1145;56.00;A;ct neck-chest-abdomen-pelvis;train;ge;lightspeed vct;120;standard;1.250000;tumor;thorax,abdomen,bones;f
s1930;86.00;J;ct polytrauma;train;;;;;;;;m
s1203;84.00;J;ct chest-chest;train;siemens;somatom force;100;bl57d;1;no_pathology;no_location;m
s1931;77.00;J;ct polytrauma;train;siemens;somatom definition flash;100;i30f;5;;;f
s1127;69.00;K;ct neck-chest-abdomen-pelvis;train;siemens;somatom definition flash;120;i31f;1.5;tumor;thorax;f
s1383;73.00;J;ct angiography abdomen-pelvis;train;siemens;somatom definition flash;80;i30f;1.5;vascular;abdomen,pelvis;m
s1195;54.00;J;ct neck;test;siemens;somatom definition edge;120;i30f;3;trauma;throat,thorax;m
s1932;87.00;J;ct head;test;;;;;;;;f
s1933;69.00;J;ct head;test;;;;;;;;f
s1191;66.00;A;ct neck-chest-abdomen-pelvis;train;ge;lightspeed vct;120;lung;1.250000;tumor;throat;m
s1205;49.00;G;ct abdomen;train;siemens;somatom definition flash;100;i30f;3;unclear;unclear;m
s1101;75.00;A;ct chest-abdomen-pelvis;train;ge;lightspeed vct;120;lung;1.250000;tumor;thorax,abdomen;f
s1168;52.00;A;ct neck-chest-abdomen-pelvis;train;ge;lightspeed vct;120;standard;0.625000;tumor;abdomen;m
s1143;67.00;A;ct neck-chest-abdomen-pelvis;train;ge;lightspeed vct;120;standard;1.250000;tumor;throat,thorax;m
s1190;61.00;J;ct heart-thorakale aorta;train;siemens;somatom definition flash;100;i26f;1;vascular;thorax;m
s1192;72.00;J;ct angiography head;test;siemens;somatom definition flash;120;i70f;0.75;vascular;head;m
s1169;68.00;J;ct neck;train;siemens;somatom definition edge;120;h70h;1;no_pathology;no_location;m
s1934;22.00;;;train;siemens;somatom definition flash;70;i46f;1;;;m
s1935;37.00;J;ct abdomen-pelvis;train;;;;;;;;m
s1185;25.00;J;ct neck;train;siemens;somatom force;90;qr40d;3;inflammation;throat;f
s1184;77.00;J;ct angiography head;test;siemens;somatom force;80;br59d;0.75;no_pathology;no_location;m
s1936;25.00;;;train;siemens;somatom force;70;br40d;1.5;;;m
s1189;43.00;E;ct polytrauma;train;philips;ingenuity core 128;120;b;1.5;unclear;unclear;f
s1162;43.00;A;ct chest-chest;train;ge;lightspeed vct;120;lung;1.250000;tumor;extremity;f
s1183;61.00;E;ct abdomen;train;philips;ingenuity core 128;120;b;2;unclear;unclear;m
s1187;63.00;E;ct abdomen;train;philips;ingenuity core 128;120;b;2;unclear;unclear;m
s1176;41.00;J;ct chest-abdomen-pelvis;test;siemens;somatom definition flash;140;q30f;1.5;tumor;abdomen;f
s1177;51.00;J;ct orbita;train;siemens;somatom definition flash;120;j30s;2;trauma;head;m
s1212;70.00;F;ct abdomen;test;philips;brilliance 64;100;b;2.00;unclear;unclear;f
s1178;56.00;J;ct neck-chest-abdomen-pelvis;train;siemens;somatom definition edge;120;i30f;1.5;inflammation;extremity;f
s1175;66.00;J;ct intervention;train;siemens;somatom definition edge;120;i26f;3;tumor;thorax;m
s1179;91.00;J;ct angiography chest;train;siemens;somatom force;90;bv40d;0.6;trauma;thorax;f
s1937;60.00;J;ct med. rea;train;;;;;;;;m
s1058;63.00;A;ct chest-chest;train;ge;discovery ste;120;lung;0.625000;tumor;thorax;m
s1938;79.00;J;ct abdomen-pelvis;train;;;;;;;;f
s1174;60.00;J;ct chest-abdomen-pelvis;test;siemens;somatom force;100;br36d;5;no_pathology;no_location;m
s1172;22.00;J;ct angiography chest;train;siemens;somatom definition as+;100;i26f;1;vascular;thorax;m
s1170;92.00;J;ct upper leg;train;siemens;somatom definition edge;120;i70h;1;trauma;extremity;f
s1194;19.00;A;ct head;train;ge;lightspeed vct;120;standard;0.625000;unclear;unclear;m
s0883;79.00;J;ct heart-thorakale aorta;train;siemens;somatom definition flash;80;i26f;0.6;vascular;thorax;m
s1167;69.00;J;ct chest;train;siemens;somatom definition edge;100;i26f;1;no_pathology;no_location;f
s1171;22.00;J;ct polytrauma;train;siemens;somatom force;100;br59d;1.5;trauma;extremity;m
s1165;77.00;J;ct spine;train;siemens;somatom force;150;br69s;0.75;tumor;thorax;f
s1163;77.00;J;ct angiography head;train;siemens;somatom force;80;bv36d;0.75;no_pathology;no_location;m
s1113;79.00;J;ct angiography head;train;siemens;somatom definition edge;120;i70f;0.75;vascular;throat;m
s1161;50.00;J;ct polytrauma;train;siemens;somatom force;150;br36d;1.5;trauma;abdomen;m
s1157;44.00;J;ct chest;train;siemens;somatom force;120;bv40d;1;no_pathology;no_location;f
s1159;50.00;J;ct polytrauma;train;siemens;somatom force;110;br59d;1.5;no_pathology;no_location;f
s1358;69.00;J;ct angiography abdomen-pelvis;train;siemens;somatom definition flash;80;i30f;1.5;no_pathology;no_location;f
s1158;52.00;J;ct chest-neck;train;siemens;somatom definition edge;120;i50f;1;no_pathology;no_location;m
s1939;63.00;J;ct head;train;siemens;somatom force;120;hr38s;3;;;f
s0869;76.00;J;ct neck-chest-abdomen-pelvis;train;siemens;somatom definition flash;120;i31f;1.5;no_pathology;no_location;m
s1156;56.00;J;ct upper leg;train;siemens;somatom force;150;qr40d;1.5;inflammation;extremity;m
s1154;72.00;J;ct angiography head;train;siemens;somatom force;90;br59d;0.75;no_pathology;no_location;m
s1391;63.00;J;ct angiography abdomen-pelvis;train;siemens;somatom force;100;br36d;1.5;bleeding;abdomen;m
s1152;78.00;J;ct polytrauma;test;siemens;somatom force;150;br59d;1.5;trauma;thorax;f
s1151;53.00;J;ct angiography pelvis-leg;train;siemens;somatom force;90;br36d;1.5;no_pathology;no_location;m
s1148;85.00;J;ct angiography head;train;siemens;somatom force;120;hr38s;3;no_pathology;no_location;f
s1150;45.00;E;ct head;train;philips;ingenuity core 128;100;ua;2;unclear;unclear;f
s1147;38.00;J;ct angiography head;train;siemens;somatom definition as+;100;b40f;2;no_pathology;no_location;f
s1149;79.00;E;ct abdomen;train;philips;ingenuity core 128;120;b;2;unclear;unclear;m
s1387;68.00;J;ct angiography chest-abdomen-pelvis;train;siemens;somatom definition edge;100;i30f;1.5;vascular;abdomen;m
s1153;40.00;E;ct abdomen;train;philips;ingenuity core 128;120;b;2;unclear;unclear;f
s1119;49.00;A;ct neck-chest-abdomen-pelvis;test;ge;lightspeed vct;120;lung;1.250000;tumor;thorax;m
s1140;75.00;J;ct chest-neck;train;siemens;somatom definition flash;100;i50f;1;other;thorax;m
s1132;68.00;A;ct chest-abdomen-pelvis;train;ge;lightspeed vct;120;lung;0.625000;no_pathology;no_location;f
s1038;55.00;J;ct neck-chest-abdomen-pelvis;train;siemens;somatom definition edge;120;i30f;5;tumor;thorax;m
s1141;87.00;J;ct pelvis;train;siemens;somatom force;110;br64s;1;trauma;pelvis;f
s1377;68.00;J;ct angiography chest-abdomen-pelvis;test;siemens;somatom force;100;br36d;1.5;vascular;thorax,abdomen,pelvis;m
s1940;72.00;J;ct head;train;siemens;somatom force;120;hr38s;2;;;m
s1941;67.00;A;ct head;train;;;;;;;;f
s1044;73.00;J;ct chest-abdomen-pelvis;train;siemens;somatom definition flash;100;q30f;1.5;tumor;thorax,bones;m
s0973;55.00;A;ct chest-neck;train;siemens;somatom go.top;120;bl64f;1.5;tumor;throat,thorax;f
s1138;58.00;J;ct angiography head;train;siemens;somatom force;80;br59d;0.75;no_pathology;no_location;f
s1137;51.00;J;ct pelvis;train;siemens;somatom force;80;br36d;5;no_pathology;no_location;m
s1136;72.00;J;ct pelvis;train;siemens;somatom force;100;br64s;0.75;no_pathology;no_location;f
s1371;74.00;A;ct whole body;train;ge;lightspeed vct;120;standard;1.250000;no_pathology;no_location;m
s1105;77.00;J;ct aortic valve;train;siemens;somatom definition flash;120;i26f;5;no_pathology;no_location;f
s1135;53.00;J;ct chest-abdomen-pelvis;train;siemens;somatom definition as+;120;i30f;1.5;inflammation;abdomen;m
s1942;61.00;J;ct head;train;siemens;somatom force;120;hr69h;3;;;m
s1122;66.00;J;ct artrium;train;siemens;somatom definition flash;100;i30f;1;no_pathology;no_location;f
s1134;67.00;J;ct heart-thorakale aorta;train;siemens;somatom force;80;bv40d;0.6;inflammation;thorax;m
s1129;84.00;J;ct angiography head;train;siemens;somatom force;80;bv36d;0.75;no_pathology;no_location;m
s1131;40.00;F;ct abdomen;train;philips;brilliance 64;120;b;5;unclear;unclear;f
s1128;81.00;J;ct pelvis;train;siemens;somatom force;100;br64s;0.75;no_pathology;no_location;f
s1084;40.00;J;ct heart;train;siemens;somatom definition flash;120;b35f;1;no_pathology;no_location;m
s1943;47.00;J;ct abdomen-pelvis;test;;;;;;;;f
s1110;46.00;J;ct chest-neck;train;siemens;somatom definition flash;100;i26f;1;tumor;throat;m
s1086;44.00;A;ct neck-chest-abdomen-pelvis;train;ge;lightspeed vct;120;standard;1.250000;tumor;thorax,abdomen;m
s1125;93.00;J;ct angiography pelvis-leg;train;siemens;somatom force;150;qr40d;1.5;trauma;pelvis;m
s1944;25.00;J;ct head;train;siemens;somatom force;120;hr69h;2;;;m
s1945;54.00;J;ct chest-abdomen-pelvis;train;;;;;;;;m
s1124;73.00;J;ct polytrauma;train;siemens;somatom force;90;br36d;1.5;trauma;throat;m
s1123;46.00;J;ct polytrauma;train;siemens;somatom force;150;br36d;1.5;trauma;thorax;m
s1130;86.00;B;ct abdomen;train;philips;iqon - spectral ct;120;imr1,soft tissue;2;unclear;unclear;m
s0972;77.00;J;ct heart-thorakale aorta;train;siemens;somatom definition flash;80;i26f;0.6;vascular;thorax;m
s1121;32.00;J;ct angiography pelvis-leg;test;siemens;somatom force;80;br36d;1.5;no_pathology;no_location;f
s1120;55.00;J;ct chest-abdomen-pelvis;train;siemens;somatom definition edge;120;q30f;1.5;no_pathology;no_location;f
s1946;62.00;J;ct head;train;siemens;somatom definition edge;120;j30s;5;;;f
s1384;66.00;J;ct whole body;train;siemens;somatom definition flash;80;i30f;1.5;tumor;bones;f
s1115;67.00;J;ct angiography head;train;siemens;somatom force;80;br59d;0.75;vascular;throat;m
s1947;1.00;;;train;siemens;biograph128;80;i30f;3;;;f
s1079;67.00;J;ct chest-neck;train;siemens;somatom definition edge;120;i30f;1.5;tumor;throat;m
s1114;55.00;J;ct neck;train;siemens;somatom force;150;qr40d;3;tumor;throat;m
s1948;47.00;J;ct abdomen-pelvis;train;;;;;;;;m
s1109;75.00;J;ct intervention;train;siemens;somatom definition edge;120;b30f;1.5;tumor;abdomen;f
s1112;77.00;J;ct angiography neck;test;siemens;somatom force;100;hv36d;0.75;vascular;throat;f
s1111;70.00;J;ct chest-abdomen-pelvis;train;siemens;somatom force;150;qr40d;1.5;no_pathology;no_location;m
s1098;54.00;A;ct pelvis;train;ge;lightspeed vct;120;bone;1.250000;tumor;bones;f
s1090;79.00;A;ct chest-abdomen-pelvis;train;ge;lightspeed vct;120;standard;1.250000;tumor;abdomen,bones;m
s1063;49.00;A;ct chest-abdomen-pelvis;train;ge;discovery ste;120;bone;0.625000;tumor;abdomen;f
s1107;53.00;J;ct angiography head;train;siemens;somatom force;80;br59d;0.75;no_pathology;no_location;m
s0993;62.00;J;ct angiography head;train;siemens;somatom definition flash;100;j40f;0.75;vascular;head;m
s1096;81.00;J;ct intervention;test;siemens;somatom definition edge;120;i26f;3;tumor;thorax;m
s1104;58.00;J;ct angiography pelvis-leg;train;siemens;somatom definition as+;100;b40f;5;inflammation;extremity;m
s1103;71.00;J;ct angiography pelvis-leg;train;siemens;somatom force;80;br36d;5;vascular;abdomen,pelvis;m
s1100;62.00;J;ct chest-chest;train;siemens;somatom definition edge;100;i26f;1;inflammation;thorax;f
s1049;62.00;J;ct artrium;train;siemens;somatom definition flash;100;i30f;1;no_pathology;no_location;m
s1097;61.00;J;ct artrium;train;siemens;somatom definition edge;80;i46f;0.6;no_pathology;no_location;f
s1102;24.00;J;ct chest-chest;train;siemens;somatom definition edge;120;i26f;1;other;thorax;m
s1039;61.00;J;ct chest-neck;train;siemens;somatom definition flash;100;i26f;1;no_pathology;no_location;f
s1099;52.00;J;ct neck-chest-abdomen-pelvis;train;siemens;somatom definition edge;120;q30f;1.5;tumor;thorax,abdomen;f
s1061;43.00;J;ct chest-abdomen-pelvis;train;siemens;somatom definition edge;120;q30f;1.5;tumor;abdomen;f
s1093;61.00;J;ct neck;train;siemens;somatom force;90;bv59d;2;tumor;throat;f
s1089;61.00;J;ct polytrauma;train;siemens;somatom definition edge;120;i70f;1.5;trauma;thorax;m
s1060;67.00;J;ct chest-neck;train;siemens;somatom definition edge;120;q30f;1.5;tumor;throat;m
s1083;87.00;J;ct heart-thorakale aorta;train;siemens;somatom force;90;bv40d;5;vascular;thorax;f
s1068;26.00;J;ct pelvis;train;siemens;somatom definition edge;120;i70f;3;no_pathology;no_location;f
s1047;53.00;J;ct angiography head;train;siemens;somatom definition flash;100;j40f;0.75;vascular;head;f
s1088;89.00;J;ct polytrauma;train;siemens;somatom force;110;br59d;1.5;trauma;thorax;m
s1082;69.00;J;ct polytrauma;train;siemens;somatom force;110;br59d;1.5;trauma;extremity;m
s0796;82.00;J;ct neck-chest-abdomen-pelvis;train;siemens;somatom definition flash;100;i31f;1.5;tumor;thorax,bones;m
s1949;41.00;J;ct abdomen-pelvis;train;;;;;;;;f
s1075;64.00;J;ct angiography head;test;siemens;somatom definition edge;120;i30f;0.75;no_pathology;no_location;f
s1066;54.00;J;ct chest-neck;train;siemens;somatom definition edge;120;q30f;1.5;tumor;throat;m
s1057;70.00;A;ct pelvis;test;ge;discovery ste;120;bone;1.250000;no_pathology;no_location;f
s1072;87.00;J;ct angiography head;train;siemens;somatom force;100;hv36d;0.75;no_pathology;no_location;f
s1950;57.00;J;ct polytrauma;train;;;;;;;;m
s0914;54.00;J;ct chest-neck;train;siemens;somatom force;100;bv40d;1;no_pathology;no_location;f
s1001;86.00;J;ct neck;train;siemens;somatom definition flash;80;h60f;2;tumor;throat;f
s1071;71.00;J;ct neck;train;siemens;somatom definition edge;120;h31s;1;no_pathology;no_location;m
s1951;73.00;J;ct head;test;siemens;somatom definition edge;120;j30s;3;;;f
s1065;47.00;J;ct operation;train;siemens;somatom definition as+;100;i30f;3;trauma;pelvis;m
s1070;34.00;J;ct chest-abdomen-pelvis;train;siemens;somatom force;100;qr40d;1.5;no_pathology;no_location;f
s1069;71.00;J;ct chest-abdomen-pelvis;train;siemens;somatom force;100;br36d;1.5;no_pathology;no_location;m
s1952;75.00;J;ct head;train;siemens;somatom force;120;hr69h;3;;;m
s1062;77.00;J;ct angiography neck-thx-abd-pelvis-leg;train;siemens;somatom force;120;bv40d;1;no_pathology;no_location;m
s1067;42.00;J;ct chest-neck;train;siemens;somatom definition edge;120;i30f;1.5;no_pathology;no_location;f
s1368;39.00;J;ct angiography abdomen-pelvis;train;siemens;somatom definition flash;100;i30f;1.5;no_pathology;no_location;m
s1051;76.00;J;ct neck;test;siemens;somatom definition edge;120;i30f;3;no_pathology;no_location;f
s1055;56.00;J;ct orbita;train;siemens;somatom definition edge;120;i30f;3;inflammation;head;m
s1052;73.00;J;ct heart-thorakale aorta;train;siemens;somatom force;90;bv40d;1;no_pathology;no_location;m
s1053;59.00;J;ct upper leg;test;siemens;somatom force;100;br64s;0.75;tumor;bones;f
s1050;82.00;J;ct pelvis;train;siemens;somatom force;100;br64s;1;trauma;extremity;f
s1048;42.00;J;ct intervention;train;siemens;somatom definition edge;120;b30f;1.5;inflammation;abdomen;f
s1036;76.00;J;ct neck;train;siemens;somatom definition edge;120;i30f;3;no_pathology;no_location;f
s1032;59.00;J;ct angiography head;train;siemens;somatom definition edge;100;i70f;2;vascular;throat;m
s1046;73.00;J;ct chest-abdomen-pelvis;train;siemens;somatom force;100;br36d;5;no_pathology;no_location;m
s1041;91.00;J;ct pelvis;train;siemens;somatom force;150;qr40d;1.5;trauma;extremity;f
s1045;61.00;J;ct polytrauma;train;siemens;somatom force;100;br36d;5;no_pathology;no_location;m
s1043;26.00;J;ct neck;train;siemens;somatom force;90;bv59d;2;inflammation;throat;m
s1042;41.00;J;ct chest;train;siemens;somatom force;90;bv40d;1;vascular;thorax;m
s1040;45.00;J;ct angiography head;train;siemens;somatom force;80;br59d;2;vascular;throat;m
s1021;72.00;J;ct artrium;train;siemens;somatom force;70;bv40d;1;no_pathology;no_location;f
s1035;22.00;J;ct chest-neck;train;siemens;somatom force;90;bv40d;5;inflammation;throat,thorax;f
s1018;85.00;J;ct aortic valve;train;siemens;somatom definition flash;100;i46f;1;no_pathology;no_location;f
s1013;83.00;J;ct angiography neck-thx-abd-pelvis-leg;train;siemens;somatom definition flash;120;i46f;1;no_pathology;no_location;m
s1034;66.00;J;ct angiography head;train;siemens;somatom definition edge;100;i70f;0.75;vascular;thorax;f
s1033;80.00;J;ct heart;train;siemens;somatom definition flash;120;i26f;1;vascular;thorax;m
s0898;81.00;J;ct chest-neck;train;siemens;somatom definition flash;100;i26f;1;no_pathology;no_location;f
s1037;74.00;E;ct abdomen;train;philips;ingenuity core 128;120;b;2;unclear;unclear;f
s0999;59.00;J;ct chest-neck;train;siemens;somatom definition flash;80;i26f;1;no_pathology;no_location;f
s1031;72.00;J;ct neck-chest-abdomen-pelvis;train;siemens;somatom definition flash;100;q30f;1.5;tumor;abdomen;m
s0939;74.00;A;ct chest-abdomen-pelvis;train;siemens;somatom go.top;120;qr40f;1.5;tumor;abdomen,head;m
s1029;72.00;J;ct polytrauma;train;siemens;somatom force;100;br59d;1.5;trauma;thorax,abdomen;m
s1028;67.00;J;ct chest-chest;train;siemens;somatom force;90;bv40d;1;inflammation;thorax;m
s1953;60.00;J;ct polytrauma;train;;;;;;;;m
s1024;32.00;J;ct chest-abdomen-pelvis;train;siemens;somatom definition flash;120;i30f;1.5;tumor;thorax,abdomen;m
s1026;77.00;J;ct angiography neck-thx-abd-pelvis-leg;train;siemens;somatom force;110;bv40f;1;inflammation;abdomen;m
s1025;63.00;J;ct angiography neck-thx-abd-pelvis-leg;train;siemens;somatom definition flash;120;i26f;0.6;no_pathology;no_location;m
s1020;56.00;J;ct operation;train;siemens;somatom definition as+;120;i30f;3;trauma;pelvis;m
s1022;85.00;J;ct aortic valve;train;siemens;somatom force;120;bv40d;1;no_pathology;no_location;m
s1023;62.00;J;ct chest-neck;train;siemens;somatom force;100;bv40d;5;inflammation;throat,thorax;m
s1017;82.00;J;ct spine;train;siemens;somatom force;150;br69s;0.75;trauma;thorax,abdomen;f
s0918;66.00;J;ct neck-chest-abdomen-pelvis;train;siemens;somatom definition flash;120;i31f;1.5;no_pathology;no_location;m
s1016;75.00;J;ct polytrauma;train;siemens;somatom force;130;br59d;1.5;no_pathology;no_location;m
s1015;80.00;J;ct angiography head;train;siemens;somatom force;80;br59d;0.75;vascular;throat;m
s1014;74.00;J;ct angiography head;train;siemens;somatom force;120;hr38s;3;no_pathology;no_location;f
s1954;96.00;J;ct polytrauma;train;;;;;;;;f
s1009;75.00;J;ct pelvis;train;siemens;somatom force;150;br64s;1;no_pathology;no_location;m
s1008;73.00;J;ct chest-abdomen-pelvis;train;siemens;somatom definition flash;100;i30f;1.5;tumor;abdomen;f
s1010;44.00;J;ct neck;train;siemens;somatom force;90;bv59d;2;inflammation;throat;m
s1363;62.00;J;ct angiography chest-abdomen-pelvis;train;siemens;somatom definition flash;100;i30f;1.5;vascular;thorax,abdomen,pelvis;m
s1007;74.00;J;ct heart-thorakale aorta;train;siemens;somatom definition flash;80;i30f;5;no_pathology;no_location;m
s1955;90.00;J;ct polytrauma;train;;;;;;;;f
s1005;56.00;J;ct pelvis;train;siemens;somatom definition flash;140;i70f;1;tumor;bones;m
s1382;77.00;J;ct angiography chest-abdomen-pelvis;train;siemens;somatom definition flash;100;i30f;1.5;vascular;abdomen;m
s1006;67.00;J;ct chest-abdomen-pelvis;train;siemens;somatom force;100;qr40d;1.5;inflammation;abdomen;f
s1000;45.00;J;ct upper leg;train;siemens;somatom definition flash;140;i70f;1;tumor;extremity;m
s1011;49.00;G;ct head;train;siemens;biograph128;120;i26f;2;unclear;unclear;m
s1004;74.00;J;ct angiography neck-thx-abd-pelvis-leg;train;siemens;somatom definition flash;120;i50f;1;vascular;thorax,abdomen;m
s0968;72.00;J;ct intervention;train;siemens;somatom definition as+;100;i26f;1;tumor;thorax;f
s0974;76.00;J;ct angiography head;train;siemens;somatom definition flash;100;i70f;0.75;vascular;throat;f
s1003;67.00;J;ct angiography head;train;siemens;somatom force;70;br59d;2;vascular;head;m
s1956;29.00;J;ct head;train;siemens;somatom definition flash;120;j30s;5;;;m
s1002;68.00;J;ct aortic valve;train;siemens;somatom definition flash;120;i26f;0.6;no_pathology;no_location;m
s0961;58.00;A;ct chest-abdomen-pelvis;train;siemens;somatom go.top;120;qr40f;1.5;tumor;thorax,head;m
s0987;65.00;J;ct heart-thorakale aorta;train;siemens;somatom definition flash;100;i26f;0.6;vascular;thorax;m
s0985;76.00;J;ct neck-chest-abdomen-pelvis;train;siemens;somatom definition edge;120;i30f;1.5;tumor;throat,thorax;f
s0995;71.00;J;ct intervention;train;siemens;somatom definition edge;100;i26f;3;tumor;thorax;m
s0989;78.00;A;ct abdomen;train;siemens;somatom go.top;140;bl64f;1.5;tumor;abdomen;f
s0994;82.00;A;ct neck-chest-abdomen-pelvis;test;siemens;somatom go.top;120;qr40f;1.5;trauma;abdomen;m
s0996;68.00;J;ct intervention;train;siemens;somatom definition edge;100;i26f;3;tumor;thorax;f
s0991;73.00;A;ct chest-abdomen-pelvis;train;siemens;somatom go.top;120;qr40f;1.5;tumor;thorax,abdomen;f
s0997;91.00;B;ct head;train;philips;iqon - spectral ct;120;imr1,brain routi;1;unclear;unclear;f
s1957;44.00;J;ct abdomen-pelvis;train;;;;;;;;f
s0992;51.00;J;ct neck-chest-abdomen-pelvis;train;siemens;somatom definition edge;120;q30f;1.5;tumor;thorax;f
s1369;71.00;J;ct whole body;train;siemens;somatom definition flash;80;i30f;1.5;no_pathology;no_location;f
s0956;67.00;J;ct heart;train;siemens;somatom definition flash;100;i30f;1;no_pathology;no_location;m
s0953;58.00;J;ct neck-chest-abdomen-pelvis;train;siemens;somatom definition flash;100;i30s;1;tumor;thorax,abdomen,pelvis,bones;f
s0988;81.00;J;ct polytrauma;train;siemens;somatom force;120;bv36d;1;no_pathology;no_location;m
s0950;79.00;J;ct chest-abdomen-pelvis;train;siemens;somatom definition edge;120;q30f;1.5;tumor;abdomen,bones;f
s0976;60.00;A;ct chest-abdomen-pelvis;train;siemens;somatom go.top;120;bl64f;1.5;tumor;thorax,abdomen;m
s0986;88.00;J;ct polytrauma;train;siemens;somatom force;110;br36d;5;trauma;thorax,abdomen,pelvis;f
s0984;45.00;J;ct angiography head;train;siemens;somatom definition flash;100;j40f;0.75;vascular;head;m
s0980;75.00;J;ct heart;train;siemens;somatom definition flash;100;i26f;0.6;no_pathology;no_location;f
s1958;56.00;J;ct abdomen-pelvis;train;;;;;;;;m
s0983;69.00;J;ct chest-abdomen-pelvis;train;siemens;somatom force;100;br36d;1.5;inflammation;thorax;m
s0982;56.00;J;ct chest-abdomen-pelvis;train;siemens;somatom force;100;br36d;5;other;abdomen;m
s0951;73.00;J;ct pelvis;test;siemens;somatom definition flash;100;d40s;1.5;trauma;extremity;f
s0978;59.00;J;ct heart-thorakale aorta;train;siemens;somatom definition edge;100;i26f;5;no_pathology;no_location;m
s0947;27.00;J;ct pelvis;train;siemens;somatom definition flash;140;i70f;0.75;trauma;pelvis;m
s0957;50.00;J;ct neck-chest-abdomen-pelvis;train;siemens;somatom definition flash;100;q30f;1.5;tumor;pelvis;f
s0981;93.00;J;ct pelvis;train;siemens;somatom force;100;br64s;0.75;trauma;extremity;m
s0977;69.00;J;ct heart;train;siemens;somatom definition flash;100;i26f;1;no_pathology;no_location;m
s0955;56.00;J;ct intervention;train;siemens;somatom definition edge;120;b31f;1.5;tumor;thorax;m
s1959;40.00;J;ct abdomen-pelvis;train;;;;;;;;m
s0979;73.00;F;ct abdomen;train;philips;brilliance 64;120;b;4;unclear;unclear;m
s0923;41.00;J;ct neck-chest-abdomen-pelvis;test;siemens;somatom definition edge;120;q30f;1.5;tumor;bones;f
s0962;77.00;J;ct operation;train;siemens;somatom definition as+;120;i30f;3;trauma;pelvis;f
s0971;67.00;J;ct pelvis;train;siemens;somatom force;150;qr40d;1.5;no_pathology;no_location;m
s1372;85.00;K;ct angiography chest-abdomen-pelvis;train;siemens;somatom definition edge;100;i30f;1.5;vascular;thorax,abdomen,bones;f
s1960;64.00;J;ct head;train;siemens;somatom force;120;hr38s;3;;;m
s0970;51.00;J;ct polytrauma;train;siemens;somatom force;100;br36d;1.5;no_pathology;no_location;f
s1961;81.00;J;ct abdomen-pelvis;train;;;;;;;;m
s0965;64.00;J;ct chest-abdomen-pelvis;train;siemens;somatom force;90;br36d;1.5;other;abdomen;f
s0959;45.00;J;ct chest-abdomen-pelvis;train;siemens;somatom force;100;qr40d;1.5;inflammation;thorax,abdomen;f
s0963;58.00;J;ct chest-abdomen-pelvis;train;siemens;somatom force;100;qr40d;1.5;inflammation;abdomen,pelvis;f
s1394;60.00;J;ct angiography abdomen-pelvis;train;siemens;somatom force;90;br36d;1.5;vascular;pelvis;m
s0945;67.00;J;ct chest-abdomen-pelvis;train;siemens;somatom definition edge;120;q30f;1.5;tumor;abdomen;f
s0960;58.00;J;ct angiography head;train;siemens;somatom force;80;br59d;0.75;no_pathology;no_location;m
s0954;64.00;J;ct heart-thorakale aorta;train;siemens;somatom force;80;bv40d;1;no_pathology;no_location;m
s0952;93.00;J;ct spine;train;siemens;somatom force;150;br69s;0.75;trauma;thorax;f
s1962;66.00;J;ct chest-abdomen-pelvis;train;;;;;;;;m
s0949;83.00;J;ct angiography head;train;siemens;somatom definition flash;120;i70f;2;no_pathology;no_location;m
s0944;59.00;J;ct pelvis;train;siemens;somatom definition flash;100;i70h;2;other;pelvis;f
s1963;79.00;J;ct head;train;siemens;somatom force;90;bv36d;10;;;m
s0928;73.00;A;ct chest-abdomen-pelvis;train;siemens;somatom go.top;140;qr40f;1.5;no_pathology;no_location;f
s0946;69.00;J;ct heart-thorakale aorta;train;siemens;somatom force;90;bv40d;1;vascular;thorax;f
s0935;79.00;J;ct aortic valve;train;siemens;somatom definition flash;120;i26f;0.6;no_pathology;no_location;m
s0943;67.00;J;ct upper leg;train;siemens;somatom force;150;qr69d;2;trauma;extremity;m
s0938;81.00;J;ct operation;train;siemens;somatom definition as+;120;i30f;3;trauma;pelvis;f
s0941;79.00;J;ct chest-neck;train;siemens;somatom definition edge;120;q30f;1.5;no_pathology;no_location;m
s0940;78.00;J;ct neck-chest-abdomen-pelvis;train;siemens;somatom force;100;br36d;1.5;tumor;abdomen,bones;m
s0850;64.00;J;ct upper leg;train;siemens;somatom definition flash;100;q30f;0.75;trauma;extremity;f
s0930;51.00;A;ct chest-abdomen-pelvis;train;siemens;somatom go.top;120;bl64f;1.5;tumor;pelvis;f
s0915;69.00;J;ct chest-abdomen-pelvis;train;siemens;somatom definition edge;120;i26f;1.5;no_pathology;no_location;m
s0937;80.00;J;ct angiography pelvis-leg;train;siemens;somatom definition edge;100;i26f;1.5;trauma;extremity;m
s0934;82.00;J;ct chest-chest;train;siemens;somatom force;110;br36d;1.5;trauma;thorax;m
s0910;54.00;A;ct chest-abdomen-pelvis;train;siemens;somatom go.top;80;bl64f;1.5;tumor;thorax;f
s0933;52.00;J;ct polytrauma;test;siemens;somatom force;150;br36d;5;bleeding;extremity;f
s0916;65.00;A;ct chest-abdomen-pelvis;train;siemens;somatom go.top;120;qr40f;1.5;no_pathology;no_location;m
s0931;86.00;J;ct angiography neck-thx-abd-pelvis-leg;train;siemens;somatom force;100;bv40d;5;no_pathology;no_location;m
s1964;60.00;J;ct polytrauma;train;;;;;;;;f
s1965;2.00;;;train;siemens;somatom go.top;70;br40f;2;;;m
s0927;90.00;J;ct polytrauma;train;siemens;somatom force;110;br36d;1.5;trauma;thorax;f
s0925;81.00;J;ct neck;train;siemens;somatom definition edge;120;i30f;3;inflammation;throat;f
s0924;63.00;J;ct neck-chest-abdomen-pelvis;train;siemens;somatom definition edge;120;i30f;1.5;no_pathology;no_location;m
s0846;68.00;J;ct heart;train;siemens;somatom definition flash;100;i26f;0.6;vascular;thorax;f
s0919;64.00;J;ct aortic valve;train;siemens;somatom definition flash;120;i26f;5;no_pathology;no_location;f
s0921;51.00;J;ct pelvis;train;siemens;somatom force;100;br64s;0.75;other;pelvis;m
s0922;74.00;J;ct angiography head;train;siemens;somatom force;120;hr38s;3;no_pathology;no_location;m
s0913;31.00;J;ct neck-chest-abdomen-pelvis;train;siemens;somatom definition edge;120;i30f;1.5;no_pathology;no_location;m
s1966;7.00;;;train;siemens;somatom go.top;80;br36f;0.6;;;f
s1967;42.00;J;ct head;train;siemens;somatom force;120;hr38s;3;;;m
s1968;54.00;J;ct head;train;siemens;somatom definition flash;120;j30s;2;;;m
s0911;69.00;J;ct artrium;train;siemens;somatom definition edge;100;i46f;0.6;no_pathology;no_location;f
s0771;54.00;J;ct chest-neck;train;siemens;somatom definition flash;100;i26f;1;other;thorax;m
s1969;52.00;J;ct abdomen-pelvis;train;;;;;;;;f
s1970;2.00;;;train;siemens;somatom go.top;80;br40f;2;;;m
s0912;67.00;J;ct neck-chest-abdomen-pelvis;train;siemens;somatom force;100;br36d;1.5;inflammation;thorax;m
s1971;77.00;J;ct head;train;siemens;somatom force;120;hr38s;3;;;f
s0909;76.00;J;ct angiography neck;train;siemens;somatom force;90;qr40d;3;no_pathology;no_location;f
s1972;81.00;J;ct head;train;siemens;somatom force;120;hr69h;3;;;f
s1973;65.00;J;ct abdomen-pelvis;train;;;;;;;;m
s0908;89.00;J;ct chest;train;siemens;somatom force;120;bv40d;1;no_pathology;no_location;m
s0907;71.00;J;ct pelvis;test;siemens;somatom force;100;br64s;0.75;trauma;extremity;m
s0904;84.00;J;ct chest-abdomen-pelvis;train;siemens;somatom definition as+;100;b40f;5;inflammation;abdomen;m
s0903;90.00;J;ct polytrauma;train;siemens;somatom force;100;br36d;1.5;no_pathology;no_location;m
s0897;40.00;J;ct chest-neck;train;siemens;somatom definition flash;80;i26f;1;no_pathology;no_location;f
s1974;100.00;J;ct polytrauma;train;siemens;somatom force;120;br36d;5;;;f
s0889;58.00;J;ct chest-neck;train;siemens;somatom definition flash;100;i26f;1;tumor;thorax,throat;m
s1975;76.00;J;ct head;train;siemens;somatom force;90;bv36d;10;;;m
s0896;25.00;J;ct neck-chest-abdomen-pelvis;train;siemens;somatom definition edge;120;i30f;1.5;tumor;abdomen,bones;f
s0895;52.00;J;ct angiography neck-thx-abd-pelvis-leg;train;siemens;somatom definition edge;120;i30f;1;other;thorax;m
s0892;82.00;J;ct aortic valve;train;siemens;somatom definition flash;120;i46f;1;no_pathology;no_location;m
s0899;71.00;J;ct chest-abdomen-pelvis;train;siemens;somatom definition edge;120;q30f;1.5;inflammation;abdomen;m
s1976;3.00;;;train;siemens;somatom go.top;80;br64f;1.5;;;m
s0891;79.00;J;ct aortic valve;train;siemens;somatom definition flash;120;i26f;0.6;no_pathology;no_location;f
s0877;47.00;J;ct heart;train;siemens;somatom definition flash;100;i50f;1;no_pathology;no_location;f
s0876;57.00;J;ct heart;train;siemens;somatom definition flash;120;b35f;1;no_pathology;no_location;m
s0894;38.00;J;ct polytrauma;train;siemens;somatom force;100;br59d;1.5;trauma;thorax;m
s0890;78.00;J;ct chest-neck;train;siemens;somatom definition edge;120;i30f;1.5;no_pathology;no_location;f
s1977;34.00;J;ct head;train;siemens;somatom force;120;hr69h;3;;;m
s1978;61.00;J;ct chest-abdomen-pelvis;train;;;;;;;;m
s1367;41.00;J;ct angiography chest-abdomen-pelvis;train;siemens;somatom force;120;bv36d;1;vascular;thorax,abdomen;m
s1979;77.00;J;ct abdomen-pelvis;train;;;;;;;;m
s0863;59.00;J;ct neck-chest-abdomen-pelvis;train;siemens;somatom definition edge;120;i30f;1.5;no_pathology;no_location;f
s0878;66.00;A;ct neck-chest-abdomen-pelvis;train;siemens;somatom go.top;120;qr40f;1.5;tumor;throat,thorax;m
s1980;74.00;J;ct head;train;siemens;somatom force;120;hr69h;3;;;m
s0884;54.00;J;ct chest-abdomen-pelvis;train;siemens;somatom definition flash;100;i30f;1.5;inflammation;abdomen;m
s0885;65.00;J;ct chest-abdomen-pelvis;train;siemens;somatom definition edge;120;i30f;1.5;inflammation;thorax;m
s1981;42.00;J;ct med. rea;train;;;;;;;;m
s0847;79.00;J;ct chest-neck;train;siemens;somatom definition flash;100;i26f;1;no_pathology;no_location;m
s1401;45.00;J;ct angiography abdomen-pelvis;train;siemens;somatom definition flash;100;i30f;1.5;no_pathology;no_location;f
s1982;87.00;J;ct chest-abdomen-pelvis;train;;;;;;;;m
s0881;71.00;J;ct aortic valve;train;siemens;somatom definition flash;120;i30f;0.6;no_pathology;no_location;f
s0879;72.00;J;ct heart;train;siemens;somatom definition flash;120;i26f;0.6;vascular;thorax;m
s0870;84.00;J;ct chest-neck;train;siemens;somatom definition flash;100;i30s;1;no_pathology;no_location;m
s0880;75.00;J;ct chest-abdomen-pelvis;train;siemens;somatom force;100;br36d;1.5;inflammation;thorax;m
s0875;70.00;J;ct neck;train;siemens;somatom definition edge;120;i30f;3;tumor;throat;m
s0857;42.00;J;ct angiography head;train;siemens;somatom definition flash;120;i70f;0.75;tumor;head;f
s0874;75.00;J;ct neck;train;siemens;somatom definition flash;80;q30f;3;tumor;head;m
s0853;67.00;J;ct neck;train;siemens;somatom definition edge;120;i70f;2;no_pathology;no_location;f
s0852;70.00;J;ct intervention;train;siemens;somatom definition edge;100;b31f;1.5;tumor;thorax;f
s0864;56.00;A;ct chest-abdomen-pelvis;train;siemens;somatom go.top;120;qr40f;1.5;no_pathology;no_location;f
s0873;64.00;J;ct pelvis;train;siemens;somatom force;100;br64s;0.75;no_pathology;no_location;f
s1983;19.00;J;ct head;train;siemens;somatom definition flash;120;j30s;5;;;m
s0839;60.00;J;ct heart;train;siemens;somatom definition flash;100;i26f;0.6;no_pathology;no_location;f
s0868;77.00;J;ct neck;train;siemens;somatom definition flash;140;q30f;3;no_pathology;no_location;f
s0867;79.00;J;ct chest-neck;train;siemens;somatom definition edge;120;i30s;5;tumor;thorax;f
s1389;68.00;A;ct angiography abdomen-pelvis;train;siemens;somatom go.top;140;bl64f;1.5;no_pathology;no_location;m
s0861;66.00;J;ct operation;train;siemens;somatom definition as+;140;i30f;3;trauma;pelvis;f
s0866;77.00;J;ct chest;train;siemens;somatom force;100;bv40f;1;inflammation;thorax;m
s1984;100.00;J;ct polytrauma;train;;;;;;;;m
s0865;86.00;J;ct angiography head;train;siemens;somatom force;80;br59d;2;bleeding;head;f
s1985;40.00;J;ct abdomen-pelvis;train;;;;;;;;m
s0862;74.00;J;ct pelvis;train;siemens;somatom definition flash;100;d40s;1.5;trauma;pelvis;m
s0860;55.00;J;ct polytrauma;train;siemens;somatom force;130;br36d;5;trauma;thorax;m
s1986;68.00;J;ct angiography abdomen-pelvis;train;;;;;;;;m
s1380;77.00;J;ct whole body;train;siemens;somatom definition edge;80;i30f;1.5;no_pathology;no_location;f
s0859;72.00;J;ct chest-abdomen-pelvis;train;siemens;somatom force;100;br36d;1.5;inflammation;thorax;f
s0833;83.00;A;ct chest-abdomen-pelvis;train;siemens;somatom go.top;120;bl64f;1;tumor;thorax,abdomen;f
s0830;86.00;A;ct neck-chest-abdomen-pelvis;train;siemens;somatom go.top;120;qr40f;1.5;inflammation;thorax;m
s0855;54.00;J;ct angiography head;train;siemens;somatom definition flash;120;j40f;0.75;no_pathology;no_location;m
s0834;69.00;J;ct heart-thorakale aorta;train;siemens;somatom definition edge;100;i26f;5;vascular;thorax;f
s0844;48.00;A;ct neck-chest-abdomen-pelvis;train;siemens;somatom go.top;120;bl64f;1;no_pathology;no_location;f
s0835;51.00;J;ct neck-chest-abdomen-pelvis;train;siemens;somatom definition flash;120;i31f;1.5;no_pathology;no_location;f
s1390;63.00;J;ct angiography abdomen-pelvis;train;siemens;somatom definition edge;100;i30f;1.5;vascular;abdomen,pelvis;m
s1987;55.00;J;ct head;train;siemens;somatom force;120;hr69h;3;;;f
s1988;56.00;J;ct head;train;siemens;somatom force;120;hr38s;2;;;m
s1357;84.00;J;ct hip;test;siemens;somatom definition flash;100;d40s;1.5;trauma;extremity;f
s0851;59.00;J;ct chest-neck;train;siemens;somatom definition edge;120;i30f;3;no_pathology;no_location;m
s0838;76.00;J;ct aortic valve;train;siemens;somatom definition flash;120;i26f;0.6;no_pathology;no_location;m
s0848;47.00;J;ct heart;train;siemens;somatom definition flash;100;i30f;5;vascular;thorax;m
s0849;81.00;J;ct angiography head;train;siemens;somatom definition as+;120;i70f;0.75;no_pathology;no_location;m
s1989;71.00;J;ct angiography abdomen-pelvis;train;;;;;;;;m
s0845;21.00;J;ct chest-neck;train;siemens;somatom definition flash;80;i26f;5;no_pathology;no_location;f
s0842;62.00;J;ct chest-abdomen-pelvis;train;siemens;somatom force;150;qr40d;1.5;other;abdomen;f
s0843;56.00;J;ct neck;train;siemens;somatom definition edge;120;h30s;2;tumor;throat;f
s0832;87.00;J;ct heart;train;siemens;somatom definition flash;100;i30f;1;vascular;thorax;m
s0836;64.00;J;ct chest-abdomen-pelvis;train;siemens;somatom definition edge;120;i30f;1.5;no_pathology;no_location;f
s0837;73.00;J;ct upper leg;train;siemens;somatom definition flash;100;i30f;1;trauma;pelvis;f
s0822;73.00;J;ct heart-thorakale aorta;train;siemens;somatom definition flash;100;i46f;1;vascular;thorax;m
s0840;73.00;J;ct angiography neck-thx-abd-pelvis-leg;train;siemens;somatom force;110;bv40f;1;no_pathology;no_location;m
s0782;61.00;J;ct heart;train;siemens;somatom definition flash;120;b30f;5;vascular;thorax;m
s0831;61.00;J;ct angiography pelvis-leg;train;siemens;somatom definition edge;100;i26f;1.5;vascular;abdomen;m
s0781;59.00;J;ct heart;train;siemens;somatom definition flash;120;i26f;1;vascular;thorax;m
s1990;77.00;J;ct abdomen-pelvis;train;;;;;;;;f
s0829;63.00;A;ct neck-chest-abdomen-pelvis;test;siemens;somatom go.top;120;bl64f;1;tumor;thorax,abdomen;f
s0767;67.00;J;ct heart;train;siemens;somatom definition flash;100;i26f;1;vascular;thorax;f
s0824;78.00;A;ct neck-chest-abdomen-pelvis;train;siemens;somatom go.top;120;bl64f;1;tumor;thorax,abdomen;m
s0826;61.00;J;ct artrium;train;siemens;somatom definition flash;100;i30f;1;no_pathology;no_location;m
s0801;58.00;A;ct chest-abdomen-pelvis;train;siemens;somatom go.top;120;br40f;1.5;tumor;thorax,abdomen;m
s0816;69.00;A;ct chest-abdomen-pelvis;train;siemens;somatom go.top;140;bl64f;1;tumor;abdomen;f
s0770;79.00;A;ct neck-chest-abdomen-pelvis;train;siemens;somatom go.top;120;bl64f;1;tumor;thorax;m
s0818;31.00;J;ct pelvis;train;siemens;somatom definition flash;140;d40s;1.5;trauma;pelvis;m
s0821;45.00;J;ct neck-chest-abdomen-pelvis;train;siemens;somatom definition as+;100;i50f;1;trauma;thorax,throat;m
s0820;80.00;J;ct angiography head;train;siemens;somatom definition flash;100;i70f;0.75;vascular;throat;m
s1373;80.00;J;ct angiography abdomen-pelvis;train;siemens;somatom force;90;br36d;1.5;tumor;abdomen;m
s0785;58.00;A;ct chest-abdomen-pelvis;train;siemens;somatom go.top;120;bl64f;1;no_pathology;no_location;f
s0813;64.00;J;ct heart-thorakale aorta;train;siemens;somatom definition flash;100;i26f;0.6;vascular;thorax;f
s0819;83.00;J;ct pelvis;train;siemens;somatom force;100;br64s;0.75;trauma;pelvis;f
s0815;87.00;J;ct pelvis;train;siemens;somatom force;150;qr40d;1.5;inflammation;pelvis;m
s0814;51.00;J;ct neck;train;siemens;somatom force;90;bv59d;2;inflammation;throat;f
s0812;60.00;J;ct polytrauma;train;siemens;somatom force;100;br59d;1.5;trauma;throat;m
s1991;45.00;J;ct head;train;siemens;somatom force;120;hr38s;2;;;f
s0807;65.00;A;ct chest-abdomen-pelvis;train;siemens;somatom go.top;120;qr40f;1.5;tumor;thorax,abdomen;m
s1992;79.00;A;ct head;train;;;;;;;;m
s0802;65.00;A;ct neck-chest-abdomen-pelvis;test;siemens;somatom go.top;120;bl64f;1;tumor;throat,thorax;m
s0783;58.00;J;ct upper leg;train;siemens;somatom definition flash;120;i70h;1;no_pathology;no_location;m
s0811;28.00;J;ct chest;train;siemens;somatom definition edge;120;i26f;1;no_pathology;no_location;m
s0798;55.00;A;ct neck-chest-abdomen-pelvis;train;siemens;somatom go.top;120;bl64f;1;no_pathology;no_location;f
s0810;76.00;J;ct chest-neck;train;siemens;somatom force;120;bv40d;1;inflammation;thorax;m
s0765;54.00;J;ct chest-abdomen-pelvis;train;siemens;somatom definition flash;100;i31f;1.5;no_pathology;no_location;f
s1993;7.00;;;train;siemens;somatom go.top;80;br40f;2;;;f
s0808;81.00;A;ct neck-chest-abdomen-pelvis;train;siemens;somatom go.top;140;bl64f;1;vascular;head;f
s0795;55.00;A;ct chest-abdomen-pelvis;train;siemens;somatom go.top;140;bl64f;1;no_pathology;no_location;f
s0809;53.00;J;ct neck;train;siemens;somatom definition flash;80;q30f;3;no_pathology;no_location;f
s0806;74.00;J;ct neck-chest-abdomen-pelvis;train;siemens;somatom force;110;br36d;5;no_pathology;no_location;m
s0805;67.00;J;ct chest-neck;train;siemens;somatom force;90;bv40d;5;tumor;thorax;f
s0800;83.00;J;ct intervention;train;siemens;somatom definition edge;120;i30s;3;other;abdomen;m
s0804;43.00;J;ct angiography neck-thx-abd-pelvis-leg;train;siemens;somatom force;120;bv40d;1;no_pathology;no_location;f
s0797;61.00;J;ct neck-chest-abdomen-pelvis;train;siemens;somatom force;100;qr40d;1.5;tumor;abdomen;f
s0794;59.00;J;ct chest-abdomen-pelvis;train;siemens;somatom definition edge;120;i30f;1.5;inflammation;thorax;f
s0778;58.00;A;ct chest-abdomen-pelvis;train;siemens;somatom go.top;120;br40f;1;tumor;thorax,abdomen;m
s1379;65.00;J;ct angiography chest-abdomen-pelvis;train;siemens;somatom definition flash;100;i30f;1.5;vascular;abdomen;m
s0793;64.00;J;ct chest-neck;train;siemens;somatom definition edge;120;i30f;1.5;inflammation;throat;f
s0792;86.00;J;ct angiography head;train;siemens;somatom force;120;hr38s;3;no_pathology;no_location;m
s0789;51.00;J;ct chest-neck;train;siemens;somatom definition flash;100;i26f;1;tumor;throat;m
s1994;72.00;J;ct abdomen-pelvis;train;;;;;;;;f
s1995;91.00;J;ct polytrauma;train;;;;;;;;m
s0791;75.00;J;ct angiography neck-thx-abd-pelvis-leg;train;siemens;somatom force;100;bv40d;0.6;vascular;thorax;f
s0788;65.00;J;ct chest-chest;train;siemens;somatom force;110;br36d;1.5;no_pathology;no_location;f
s0790;37.00;J;ct polytrauma;train;siemens;somatom force;100;br59d;1.5;no_pathology;no_location;f
s0784;71.00;J;ct angiography chest;train;siemens;somatom definition flash;80;i46f;1;vascular;thorax;f
s0787;82.00;J;ct artrium;train;siemens;somatom definition flash;100;i30f;1;no_pathology;no_location;m
s0780;80.00;J;ct chest-neck;train;siemens;somatom definition edge;120;i30f;1.5;tumor;throat;f
s1996;72.00;J;ct abdomen-pelvis;train;;;;;;;;f
s0775;72.00;A;ct neck-chest-abdomen-pelvis;train;siemens;somatom go.top;120;bl64f;1;tumor;pelvis;m
s0786;32.00;J;ct polytrauma;train;siemens;somatom force;120;hr69h;2;no_pathology;no_location;f
s1997;87.00;J;ct chest-abdomen-pelvis;test;;;;;;;;m
s1998;3.00;;;train;siemens;somatom go.top;70;br40f;2;;;f
s0777;74.00;J;ct polytrauma;train;siemens;somatom force;130;br36d;1.5;no_pathology;no_location;m
s1999;83.00;J;ct head;train;siemens;somatom force;120;hr38s;3;;;m
s2000;77.00;J;ct head;train;siemens;somatom force;120;hr38s;3;;;f
s0776;89.00;J;ct pelvis;train;siemens;somatom definition flash;140;i70f;1;trauma;abdomen;f
s0773;49.00;J;ct heart;train;siemens;somatom definition flash;120;i26f;1;vascular;thorax;m
s0774;76.00;J;ct angiography pelvis-leg;train;siemens;somatom definition as+;100;b40f;5;bleeding;abdomen;f
s0768;72.00;A;ct abdomen;train;siemens;somatom go.top;120;br40f;5;unclear;abdomen;f
s0772;67.00;J;ct pelvis;train;siemens;somatom force;100;br64s;1;trauma;extremity;m
s0769;73.00;J;ct neck;train;siemens;somatom definition as+;100;i26s;3;inflammation;throat;m
s0764;74.00;A;ct neck-chest-abdomen-pelvis;train;siemens;somatom go.top;120;br40f;1;no_pathology;no_location;f
s2001;39.00;A;ct head;train;siemens;somatom go.top;100;hr40f;2;;;m
s0766;61.00;J;ct angiography head;train;siemens;somatom definition as+;120;h40s;5;vascular;head,throat;m
s0763;57.00;J;ct polytrauma;train;siemens;somatom force;110;br36d;1.5;trauma;thorax;m
s0759;81.00;A;ct neck-chest-abdomen-pelvis;train;siemens;somatom go.top;120;bl64f;1;tumor;thorax;f
s0762;65.00;J;ct chest-abdomen-pelvis;train;siemens;somatom definition as+;100;i30f;1;vascular;thorax;m
s2002;5.00;;;train;siemens;somatom go.top;70;br40f;2;;;m
s0760;41.00;J;ct chest-abdomen-pelvis;train;siemens;somatom force;110;br36d;1.5;no_pathology;no_location;f
s2003;67.00;J;ct head;train;siemens;somatom force;100;hv36d;0.75;;;f
s2004;93.00;J;ct abdomen-pelvis;train;;;;;;;;m
s2005;61.00;J;ct head;train;siemens;somatom definition edge;120;j70h;3;;;m
s0756;69.00;J;ct angiography head;train;siemens;somatom force;80;br59d;0.75;vascular;throat;m
s0754;57.00;J;ct polytrauma;train;siemens;somatom force;150;br36d;5;trauma;thorax;m
s2006;74.00;J;pet ct onko infekt;train;;;;;;;;f
s2007;4.00;;;train;siemens;somatom go.top;70;br64f;1;;;m
s2008;6.00;;;train;siemens;somatom go.top;80;br40f;2;;;m
s2009;77.00;J;ct polytrauma;train;;;;;;;;f
s2010;86.00;J;ct polytrauma;train;;;;;;;;m
s2011;58.00;J;ct polytrauma;train;;;;;;;;m
s2012;80.00;J;ct chest-abdomen-pelvis;train;;;;;;;;m
s2013;82.00;J;ct chest-abdomen-pelvis;train;;;;;;;;f
s2014;87.00;J;ct abdomen-pelvis;train;;;;;;;;m
s2015;59.00;J;ct chest-abdomen-pelvis;train;;;;;;;;m
s2016;5.00;;;test;siemens;somatom go.top;70;br40f;2;;;f
s2017;2.00;;;train;siemens;somatom go.top;70;br40f;2;;;m
s2018;78.00;J;ct chest-abdomen-pelvis;train;;;;;;;;m
s2019;64.00;J;ct abdomen-pelvis;train;;;;;;;;m
s2020;8.00;;;train;siemens;somatom go.top;90;br40f;2;;;m
s2021;54.00;J;ct abdomen-pelvis;train;;;;;;;;f
s2022;60.00;J;ct abdomen-pelvis;train;;;;;;;;m
s2023;5.00;;;train;siemens;somatom go.top;110;hr40f;4;;;m
s2024;70.00;J;ct abdomen-pelvis;train;;;;;;;;f
s2025;83.00;J;ct abdomen-pelvis;train;;;;;;;;m
s2026;12.00;;;train;siemens;somatom go.top;70;br40f;2;;;f
s2027;64.00;D;ct abdomen-pelvis;train;;;;;;;;f
s2028;10.00;;;train;siemens;somatom go.top;80;br40f;2;;;f
s2029;68.00;J;ct abdomen-pelvis;train;;;;;;;;f
s2030;48.00;J;ct polytrauma;train;;;;;;;;m
s2031;64.00;J;ct abdomen-pelvis;train;;;;;;;;f
s2032;25.00;J;ct abdomen-pelvis;train;;;;;;;;m
s2033;95.00;J;ct polytrauma;train;;;;;;;;f
s2034;40.00;J;ct abdomen-pelvis;train;;;;;;;;m
s2035;77.00;J;ct polytrauma;train;;;;;;;;f
s2036;71.00;J;ct abdomen-pelvis;test;;;;;;;;m
s2037;62.00;J;ct polytrauma;train;;;;;;;;f
s2038;81.00;J;ct polytrauma;train;;;;;;;;m
s2039;85.00;J;ct chest-abdomen-pelvis;train;;;;;;;;m
s2040;64.00;J;ct chest-abdomen-pelvis;test;;;;;;;;f
s2041;58.00;J;ct chest-abdomen-pelvis;train;;;;;;;;m
s2042;71.00;J;ct abdomen-pelvis;train;;;;;;;;m
s2043;15.00;J;ct polytrauma;train;;;;;;;;m
s2044;68.00;J;ct polytrauma;train;;;;;;;;m
s2045;61.00;J;ct polytrauma;train;;;;;;;;m
s2046;56.00;J;ct abdomen-pelvis;train;;;;;;;;f
s2047;41.00;J;ct abdomen-pelvis;train;;;;;;;;f
s2048;9.00;;;test;siemens;somatom go.top;70;br36f;0.6;;;m
s2049;1.00;;;train;siemens;somatom go.top;80;br40f;0.6;;;f
s2050;3.00;;;train;siemens;somatom go.top;110;hr40f;4;;;f
s2051;6.00;;;train;siemens;somatom go.top;80;br40f;2;;;f
s2052;56.00;J;ct abdomen-pelvis;train;;;;;;;;m
s2053;66.00;I;pet ct onko infekt;train;siemens;biograph40_mct 4r;120;br38f;3;;;m
s2054;22.00;;;train;siemens;biograph40_mct 4r;100;bl57f;1.5;;;f
s2055;78.00;J;pet ct onko infekt;train;;;;;;;;m
s2056;64.00;J;ct abdomen-pelvis;train;;;;;;;;m
s2057;74.00;J;ct chest-abdomen-pelvis;train;;;;;;;;m
s2058;64.00;J;pet ct onko infekt;train;;;;;;;;f
s2059;44.00;J;ct abdomen-pelvis;train;;;;;;;;m
s2060;25.00;J;ct abdomen-pelvis;test;;;;;;;;f
s2061;78.00;J;ct abdomen-pelvis;train;;;;;;;;m
s2062;6.00;;;train;siemens;somatom go.top;80;br36f;0.6;;;f
s2063;29.00;J;ct abdomen-pelvis;train;;;;;;;;f
s2064;75.00;J;ct chest-abdomen-pelvis;train;;;;;;;;m
s2065;22.00;;;train;siemens;biograph40_mct 4r;100;br38f;3;;;m
s2066;74.00;J;ct chest-abdomen-pelvis;train;;;;;;;;m
s2067;88.00;J;ct chest-abdomen-pelvis;train;;;;;;;;m
s2068;58.00;J;pet ct onko infekt;train;;;;;;;;f
s2069;33.00;J;ct abdomen-pelvis;train;;;;;;;;m
s2070;64.00;J;pet ct onko infekt;train;siemens;biograph128_mct 4r;120;br38f;4;;;f
s2071;84.00;D;ct abdomen-pelvis;train;;;;;;;;f
s2072;7.00;;;train;siemens;somatom go.top;80;br40f;2;;;f
s2073;98.00;D;ct chest-abdomen-pelvis;test;;;;;;;;f
s2074;54.00;J;pet ct onko infekt;train;;;;;;;;m
s2075;5.00;;;train;siemens;somatom go.top;70;br40f;0.6;;;f
s2076;6.00;;;train;siemens;somatom definition as;80;i26f;1.5;;;m
s2077;1.00;;;train;siemens;somatom go.top;110;hr40f;2;;;m
s2078;8.00;;;train;siemens;somatom definition flash;120;h30f;1;;;f
s2079;2.00;;;train;siemens;somatom go.top;70;br40f;2;;;m
s2080;5.00;;;train;siemens;somatom go.top;80;br40f;2;;;f
s2081;6.00;;;test;siemens;naeotom alpha;None;br40f;0.4;;;m
s2082;6.00;;;train;siemens;somatom go.top;140;br40f;0.6;;;m
s2083;1.00;;;train;siemens;somatom go.top;70;br40f;2;;;m
s2084;7.00;;;train;siemens;somatom go.top;110;hr40f;2;;;m
s2085;9.00;;;train;toshiba;aquilion;80;fc13;1.0;;;m
s2086;6.00;;;train;siemens;somatom go.top;90;br36f;0.6;;;f
s2087;10.00;;;train;siemens;somatom go.top;100;br40f;0.6;;;m
s2088;2.00;;;train;siemens;somatom go.top;80;br40f;2;;;f
s2089;8.00;;;train;siemens;somatom definition as;100;i31f;2;;;m
s2090;6.00;;;train;siemens;somatom go.top;70;br40f;2;;;m
s2091;6.00;;;train;siemens;somatom go.top;100;br40f;2;;;f
s2092;8.00;;;train;siemens;somatom go.top;80;br36f;0.6;;;m
s2093;8.00;;;train;toshiba;aquilion;100;fc49;0.5;;;m
s2094;8.00;;;train;toshiba;aquilion;100;fc49;0.5;;;m
s2095;3.00;;;train;ge;revolution ct;120;standard;0.625000;;;m
s2096;10.00;;;train;siemens;biograph128_vision 600 edge;80;br38f;3;;;f
s2097;6.00;;;train;siemens;somatom go.top;100;hr36f;0.6;;;m
s2098;3.00;;;train;siemens;somatom go.top;100;br40f;0.6;;;f
s2099;10.00;;;train;ge;revolution ct;80;standard;0.625000;;;m
s2100;5.00;;;train;siemens;somatom go.top;80;br40f;2;;;f
s2101;5.00;;;train;siemens;somatom go.top;100;hr60f;2;;;f
s2102;7.00;;;train;siemens;somatom go.top;70;br40f;2;;;f
s2103;8.00;;;train;siemens;somatom definition edge;80;bl57f;1;;;m
s2104;7.00;;;train;siemens;somatom go.top;80;br36f;0.6;;;m
s2105;6.00;;;train;siemens;biograph40_mct 4r;80;br38f;4;;;f
s2106;;;;train;;;;;;;;
s2107;64.00;;;train;ge;discovery mi;120;q ac;3.750000;;;f
s2108;;;;train;;;;;;;;
s2109;66.00;;;train;ge;discovery mi;120;q ac;3.750000;;;f
s2110;64.00;;;train;ge;discovery mi;120;q ac;3.750000;;;f
s2111;;;;train;ge;revolution evo;120;standard;2.500000;;;
s2112;85.00;;;train;ge;discovery mi;120;q ac;3.750000;;;m
s2113;;;;train;;;;;;;;
s2114;23.00;;;train;siemens;sensation 16;120;b40f;5;;;m
s2115;;;;train;;;;;;;;
s2116;;;;train;;;;;;;;
s2117;;;;train;ge;lightspeed ultra;120;standard;2.500000;;;
s2118;51.00;;;train;ge;discovery mi;120;q ac;3.750000;;;f
s2119;;;;test;;;;;;;;
s2120;64.00;;;train;ge;discovery mi;120;q ac;3.750000;;;m
s2121;;;;train;;;;;;;;
s2122;75.00;;;train;;imatron c-100xl;130.2;not available;6.000000;;;f
s2123;68.00;;;test;ge;lightspeed pro 16;120;standard;2.500000;;;m
s2124;49.00;;;train;ge;discovery mi;120;q ac;3.750000;;;f
s2125;;;;train;not available;not available;Not available;not available;Not available;;;
s2126;;;;train;;;;;;;;
s2127;73.00;;;train;siemens;sensation 16;120;b40f;3;;;f
s2128;71.00;;;train;siemens;somatom perspective;130;i31s;4;;;m
s2129;65.00;;;train;ge;discovery mi;120;q ac;3.750000;;;f
s2130;;;;train;;;;;;;;
s2131;71.00;;;train;siemens;sensation 16;120;b40f;5;;;m
s2132;;;;train;siemens;somatom definition flash;80;b26f;0.6;;;
s2133;21.00;;;test;ge;lightspeed16;120;standard;2.500000;;;m
s2134;;;;train;;;;;;;;
s2135;63.00;;;train;ge;lightspeed qx/i;120;standard;5.000000;;;m
s2136;69.00;;;train;ge;hispeed ct/i;120;standard;7.000000;;;m
s2137;64.00;;;test;ge;discovery mi;120;q ac;3.750000;;;m
s2138;;;;train;;;;;;;;
s2139;25.00;;;test;ge;optima ct680 series;120;bone;1.250000;;;f
s2140;72.00;;;train;siemens;sensation 16;120;b40f;5;;;m
