sample_id,identity,role,sequence,frame,camera_id,group,distance_m,yaw_deg,elevation_deg,roll_deg,focal_px,offset_x_fraction,offset_y_fraction,image_truncated,person_pixels,sha256,file
p000448_a005129_000018_c00_l0,p000448,TRAIN,p000448_a005129,000018,0,distance,0.8,30,10,0,400,0,0,True,77292,8958f64daeedd458e827fc1fbcd1c668b1ffba97b1767f29673ba30111e3b645,samples/p000448_a005129_000018_c00_l0.npz
p000448_a005129_000018_c01_l0,p000448,TRAIN,p000448_a005129,000018,1,distance,1.2,30,10,0,400,0,0,True,41665,b9703c76d82bac52e5b0922540a52be9d230261e1a0c524e786316a88b6e7388,samples/p000448_a005129_000018_c01_l0.npz
p000448_a005129_000018_c02_l0,p000448,TRAIN,p000448_a005129,000018,2,distance,1.8,30,10,0,400,0,0,False,19426,db1a856a790a9618a12a9b7b9516ae9030566e4838be482bb1b5362ba213ba45,samples/p000448_a005129_000018_c02_l0.npz
p000448_a005129_000018_c03_l0,p000448,TRAIN,p000448_a005129,000018,3,distance,2.5,30,10,0,400,0,0,False,10092,d36c28c451a98a83bdf314b8b2d559b11bba62449e72366a399d2879d0075ea8,samples/p000448_a005129_000018_c03_l0.npz
p000448_a005129_000018_c04_l0,p000448,TRAIN,p000448_a005129,000018,4,distance,3.2,30,10,0,400,0,0,False,6203,dd3f13c76d82f1013131e8eadd87addfe1bf7924baa04c74761b869e1b63bd1c,samples/p000448_a005129_000018_c04_l0.npz
p000448_a005129_000018_c05_l0,p000448,TRAIN,p000448_a005129,000018,5,distance,4.0,30,10,0,400,0,0,False,4003,5003d76796f7ad5fd5d8b49dce4dc2a179e8df1d05d4d5160170f0ac24fa6687,samples/p000448_a005129_000018_c05_l0.npz
p000448_a005129_000018_c06_l0,p000448,TRAIN,p000448_a005129,000018,6,multiview_distance,1.2,0,10,0,400,0,0,True,40800,2624a3bd0cf7e49f416d75a661a0624d99f547d92125b350bd3c224f18450f8f,samples/p000448_a005129_000018_c06_l0.npz
p000448_a005129_000018_c07_l0,p000448,TRAIN,p000448_a005129,000018,7,multiview_distance,1.8,0,10,0,400,0,0,False,19168,8f0211eb1b458fc3570653694284d89110ee993bb563006725293ee1b077c5fc,samples/p000448_a005129_000018_c07_l0.npz
p000448_a005129_000018_c08_l0,p000448,TRAIN,p000448_a005129,000018,8,multiview_distance,2.5,0,10,0,400,0,0,False,10030,f18a76875c16004f57af21aa07010789b7a79de61e13fdcf7d8a3f65ef5b85a8,samples/p000448_a005129_000018_c08_l0.npz
p000448_a005129_000018_c09_l0,p000448,TRAIN,p000448_a005129,000018,9,multiview_distance,3.2,0,10,0,400,0,0,False,6164,79eabc2b74cf8ec5188823071840400f33935fdf5f316a818d3229d6258c59df,samples/p000448_a005129_000018_c09_l0.npz
p000448_a005129_000018_c10_l0,p000448,TRAIN,p000448_a005129,000018,10,multiview_distance,1.2,60,10,0,400,0,0,True,45392,aadeeec3733245510c2be45c47fd23e75105401238d97a17a1537ac416dd9f42,samples/p000448_a005129_000018_c10_l0.npz
p000448_a005129_000018_c11_l0,p000448,TRAIN,p000448_a005129,000018,11,multiview_distance,1.8,60,10,0,400,0,0,False,21661,28ead1e3fb22662b2cdcabe29b885827ffa11412c2594a8588277fa123724b47,samples/p000448_a005129_000018_c11_l0.npz
p000448_a005129_000018_c12_l0,p000448,TRAIN,p000448_a005129,000018,12,multiview_distance,2.5,60,10,0,400,0,0,False,11095,13d0919fdddcba855783a12b1c7c9a7a344cec8c20af527705965f370d8c9152,samples/p000448_a005129_000018_c12_l0.npz
p000448_a005129_000018_c13_l0,p000448,TRAIN,p000448_a005129,000018,13,multiview_distance,3.2,60,10,0,400,0,0,False,6738,e33efed0744b1118d4a1266b5cbf331706a1621e4e9786038c4e9bf3a8e454eb,samples/p000448_a005129_000018_c13_l0.npz
p000448_a005129_000018_c14_l0,p000448,TRAIN,p000448_a005129,000018,14,multiview_distance,1.2,120,10,0,400,0,0,True,51353,615d7665a9468e90d36c7a91fe6af2cac25a236d859c04ca9dc5c4dd46cc5c3d,samples/p000448_a005129_000018_c14_l0.npz
p000448_a005129_000018_c15_l0,p000448,TRAIN,p000448_a005129,000018,15,multiview_distance,1.8,120,10,0,400,0,0,False,24891,ca3e73ae361362c2061dce80b914a5927b8717196252d78ff33cce96000873d9,samples/p000448_a005129_000018_c15_l0.npz
p000448_a005129_000018_c16_l0,p000448,TRAIN,p000448_a005129,000018,16,multiview_distance,2.5,120,10,0,400,0,0,False,12338,caec0ba3536e7c9c5736a5e2b38828b9a6a0ac7267cf6733a2fa25825c568c71,samples/p000448_a005129_000018_c16_l0.npz
p000448_a005129_000018_c17_l0,p000448,TRAIN,p000448_a005129,000018,17,multiview_distance,3.2,120,10,0,400,0,0,False,7399,c311bb69c7c83c4d835ed580b07f117626f4ec445b67419c358822aed44cd47f,samples/p000448_a005129_000018_c17_l0.npz
p000448_a005129_000018_c18_l0,p000448,TRAIN,p000448_a005129,000018,18,multiview_distance,1.2,180,10,0,400,0,0,True,55920,92ba0367a09a90c57c3c14cd6d3c166c59e5bebe084202c08157bef6a0cf0ee0,samples/p000448_a005129_000018_c18_l0.npz
p000448_a005129_000018_c19_l0,p000448,TRAIN,p000448_a005129,000018,19,multiview_distance,1.8,180,10,0,400,0,0,False,28381,08530e7382ff4f9ed138c185e37d336d3ebb9fa10b70e924f228d7aff2ae1312,samples/p000448_a005129_000018_c19_l0.npz
p000448_a005129_000018_c20_l0,p000448,TRAIN,p000448_a005129,000018,20,multiview_distance,2.5,180,10,0,400,0,0,False,13613,8596f4534766afb2fb2f1eb3ee991a0b1e6392f455c811b8e4c869de9cd77ac3,samples/p000448_a005129_000018_c20_l0.npz
p000448_a005129_000018_c21_l0,p000448,TRAIN,p000448_a005129,000018,21,multiview_distance,3.2,180,10,0,400,0,0,False,8000,23f930477092be136cfb190db76ac0d435771dbaf3cc4b5fea8c030da909af55,samples/p000448_a005129_000018_c21_l0.npz
p000448_a005129_000018_c22_l0,p000448,TRAIN,p000448_a005129,000018,22,multiview_distance,1.2,240,10,0,400,0,0,True,52864,e476d2e56132348a481cdd2300d2f857070efb8d94013dd60ddbc44a86317ed5,samples/p000448_a005129_000018_c22_l0.npz
p000448_a005129_000018_c23_l0,p000448,TRAIN,p000448_a005129,000018,23,multiview_distance,1.8,240,10,0,400,0,0,False,25733,23e6423d2582a5cb7b8b29ef123b6cad20a042e7163661ed028db59dcc6fc7c7,samples/p000448_a005129_000018_c23_l0.npz
p000448_a005129_000018_c24_l0,p000448,TRAIN,p000448_a005129,000018,24,multiview_distance,2.5,240,10,0,400,0,0,False,12857,ec4ffb1cdb0f1e23a1810deee99811bb4dcabe0cd664eae6eeffc8429d0041dd,samples/p000448_a005129_000018_c24_l0.npz
p000448_a005129_000018_c25_l0,p000448,TRAIN,p000448_a005129,000018,25,multiview_distance,3.2,240,10,0,400,0,0,False,7696,59fd8f22ec0e098f1f4e7e8039d5a33d55555c3afd1fc80012ba0495823ff997,samples/p000448_a005129_000018_c25_l0.npz
p000448_a005129_000018_c26_l0,p000448,TRAIN,p000448_a005129,000018,26,multiview_distance,1.2,300,10,0,400,0,0,True,45575,8df6835c53d58c54e97e684a8260960be4841e075b22b570637f0b96f2d42f9a,samples/p000448_a005129_000018_c26_l0.npz
p000448_a005129_000018_c27_l0,p000448,TRAIN,p000448_a005129,000018,27,multiview_distance,1.8,300,10,0,400,0,0,False,20215,5c23cba512523fb3654a7c41f199454702b28403c1d5b66d6cf304dcb290674d,samples/p000448_a005129_000018_c27_l0.npz
p000448_a005129_000018_c28_l0,p000448,TRAIN,p000448_a005129,000018,28,multiview_distance,2.5,300,10,0,400,0,0,False,10592,4494bc3e9726b54681f7d9df84763f911002d1efc7c1bdaaea93acb198a17854,samples/p000448_a005129_000018_c28_l0.npz
p000448_a005129_000018_c29_l0,p000448,TRAIN,p000448_a005129,000018,29,multiview_distance,3.2,300,10,0,400,0,0,False,6530,341e76898918ff6cc918db105974c8ee6a32ceba774402a6d3805ccb924ef3f5,samples/p000448_a005129_000018_c29_l0.npz
p000448_a005129_000018_c30_l0,p000448,TRAIN,p000448_a005129,000018,30,elevation,1.8,180,0,0,400,0,0,False,28730,22c2aa51cc786fb40c26816efe8da42e29c2908d82452d86d21568cea2eef1b7,samples/p000448_a005129_000018_c30_l0.npz
p000448_a005129_000018_c31_l0,p000448,TRAIN,p000448_a005129,000018,31,elevation,3.2,180,0,0,400,0,0,False,7923,4345663427117ff6a3596f25dd82e02a6b72677d22078d7ab10feee77f6251f6,samples/p000448_a005129_000018_c31_l0.npz
p000448_a005129_000018_c32_l0,p000448,TRAIN,p000448_a005129,000018,32,elevation,1.8,180,25,0,400,0,0,False,27041,94d663b72f747383b9855569f2cf77caeecaa5589f20ebac68cfcd349fd2b3ac,samples/p000448_a005129_000018_c32_l0.npz
p000448_a005129_000018_c33_l0,p000448,TRAIN,p000448_a005129,000018,33,elevation,3.2,180,25,0,400,0,0,False,7789,a4a6cdf4516867ec83cace7ef134d22ffa8cdbde638d37f7eaf21537458df6d4,samples/p000448_a005129_000018_c33_l0.npz
p000448_a005129_000018_c34_l0,p000448,TRAIN,p000448_a005129,000018,34,elevation,1.8,180,45,0,400,0,0,False,24449,341ef7c4d2d0bde3a3f131494ebc0bf3c30c2fe155a191c99ec999446a119c68,samples/p000448_a005129_000018_c34_l0.npz
p000448_a005129_000018_c35_l0,p000448,TRAIN,p000448_a005129,000018,35,elevation,3.2,180,45,0,400,0,0,False,7215,b9303d9cbe95046532420c58c7d141e5fad62af40fd715186a3d74c07251d1f7,samples/p000448_a005129_000018_c35_l0.npz
p000448_a005129_000018_c36_l0,p000448,TRAIN,p000448_a005129,000018,36,elevation,1.8,180,65,0,400,0,0,False,20839,eb58c01d48c8397973eed304a2d045f651a95932dbe59787d7b78fe9b8b6e8a2,samples/p000448_a005129_000018_c36_l0.npz
p000448_a005129_000018_c37_l0,p000448,TRAIN,p000448_a005129,000018,37,elevation,3.2,180,65,0,400,0,0,False,6110,11bb9c5206d33e70e7aa36769ab4bce03c8c0f517d2002199fdf294a0f975b47,samples/p000448_a005129_000018_c37_l0.npz
p000448_a005129_000018_c38_l0,p000448,TRAIN,p000448_a005129,000018,38,elevation,1.8,180,85,0,400,0,0,False,15954,28fe2d2a6f6f0cd1ac964e78d7690bc1c3289efe1317bba610c1b3fa57302df3,samples/p000448_a005129_000018_c38_l0.npz
p000448_a005129_000018_c39_l0,p000448,TRAIN,p000448_a005129,000018,39,elevation,3.2,180,85,0,400,0,0,False,4585,efe230da48079f0f81ed9a575acb9d1ca7dbc94ebd28cdd8d7655ee0b1129e50,samples/p000448_a005129_000018_c39_l0.npz
p000448_a005129_000018_c40_l0,p000448,TRAIN,p000448_a005129,000018,40,roll,1.8,180,10,-90,400,0,0,False,28381,af18df6ecc786267f7390a05c915426a1e2ae18933c3a085d20840d4579d5939,samples/p000448_a005129_000018_c40_l0.npz
p000448_a005129_000018_c41_l0,p000448,TRAIN,p000448_a005129,000018,41,roll,3.2,180,10,-90,400,0,0,False,8000,39b71c144f421e600ea306274df89e66efc091100a8abf77b2cac3318b3d0bbd,samples/p000448_a005129_000018_c41_l0.npz
p000448_a005129_000018_c42_l0,p000448,TRAIN,p000448_a005129,000018,42,roll,1.8,180,10,-45,400,0,0,False,28369,856efdd35f5b1403a38b1d443c07676c2f16e6cd49a25a6f5f499452b05da0d1,samples/p000448_a005129_000018_c42_l0.npz
p000448_a005129_000018_c43_l0,p000448,TRAIN,p000448_a005129,000018,43,roll,3.2,180,10,-45,400,0,0,False,8010,ba3b9aedf140e2ae58886e93d7818d53c65e6cc34c1799ab59535d326ab15943,samples/p000448_a005129_000018_c43_l0.npz
p000448_a005129_000018_c44_l0,p000448,TRAIN,p000448_a005129,000018,44,roll,1.8,180,10,-15,400,0,0,False,28404,83033cf5e9ea1d345e68ad561214783a9f85cc689b22075f70a4c4a08107d73c,samples/p000448_a005129_000018_c44_l0.npz
p000448_a005129_000018_c45_l0,p000448,TRAIN,p000448_a005129,000018,45,roll,3.2,180,10,-15,400,0,0,False,8004,aeff965e1fef25004d7ad3480dc949d78fe3e24366b3d515865ebb48171bc42a,samples/p000448_a005129_000018_c45_l0.npz
p000448_a005129_000018_c46_l0,p000448,TRAIN,p000448_a005129,000018,46,roll,1.8,180,10,15,400,0,0,False,28408,444a52bedd74cc17d848290245ca45bfc4582d56cc8eab65fe732a91c575905b,samples/p000448_a005129_000018_c46_l0.npz
p000448_a005129_000018_c47_l0,p000448,TRAIN,p000448_a005129,000018,47,roll,3.2,180,10,15,400,0,0,False,7998,6307a58364ad6d738c8370bc115f09a80de42a3090a68210958d79df1f41044d,samples/p000448_a005129_000018_c47_l0.npz
p000448_a005129_000018_c48_l0,p000448,TRAIN,p000448_a005129,000018,48,roll,1.8,180,10,45,400,0,0,False,28369,a43aebd35d1f71e8ac6ae8241a01c1bdd995bdad046fa37545c21e3974166303,samples/p000448_a005129_000018_c48_l0.npz
p000448_a005129_000018_c49_l0,p000448,TRAIN,p000448_a005129,000018,49,roll,3.2,180,10,45,400,0,0,False,8010,55f28d1996940ae4b09b5d4bd84bd8916ce819a0dfe120f97a492f50eb47063d,samples/p000448_a005129_000018_c49_l0.npz
p000448_a005129_000018_c50_l0,p000448,TRAIN,p000448_a005129,000018,50,roll,1.8,180,10,90,400,0,0,False,28381,6d0fb2ad50ec38b7592bfb89f59990fc8fc366c181292376520e002865f45c67,samples/p000448_a005129_000018_c50_l0.npz
p000448_a005129_000018_c51_l0,p000448,TRAIN,p000448_a005129,000018,51,roll,3.2,180,10,90,400,0,0,False,8000,3a10cb392451674874d4826e932bd80543cc83000a436bb64568a1b6177873d3,samples/p000448_a005129_000018_c51_l0.npz
p000448_a005129_000018_c52_l0,p000448,TRAIN,p000448_a005129,000018,52,offcentre,2.5,180,10,0,400,-0.25,0,False,14691,a55b030a7ab1f1880c83a3ebae2dd8f5f4b908af423db2ce82112403fd1012fe,samples/p000448_a005129_000018_c52_l0.npz
p000448_a005129_000018_c53_l0,p000448,TRAIN,p000448_a005129,000018,53,offcentre,2.5,180,10,0,400,0.25,0,False,14745,4ffe63e53ae9c828254ee5f97ba3d5f8348ef9887cdaefa3ae828122713338b0,samples/p000448_a005129_000018_c53_l0.npz
p000448_a005129_000018_c54_l0,p000448,TRAIN,p000448_a005129,000018,54,offcentre,2.5,180,10,0,400,0,-0.2,False,13420,755f347ee0a4496426397b8d70748b458eab2006f22c967a82ef85512c856c19,samples/p000448_a005129_000018_c54_l0.npz
p000448_a005129_000018_c55_l0,p000448,TRAIN,p000448_a005129,000018,55,offcentre,2.5,180,10,0,400,0,0.2,True,13023,b4d4a7d56ac37e495876aa60b69273c1506cea46af70500d00a83fb70beefbf7,samples/p000448_a005129_000018_c55_l0.npz
p000448_a005129_000018_c56_l0,p000448,TRAIN,p000448_a005129,000018,56,focal,2.5,180,10,0,300,0,0,False,7655,49ba6bef72ffc0690d3ca7611e1b0a4d3da6f5ec9e367aa8c0e8bcc8cab9e9df,samples/p000448_a005129_000018_c56_l0.npz
p000448_a005129_000018_c57_l0,p000448,TRAIN,p000448_a005129,000018,57,focal,2.5,180,10,0,500,0,0,False,21311,e6c59acda7a8490b43c75d07e74580b56f4ca538d9457f7688d6cd4cf627cd3d,samples/p000448_a005129_000018_c57_l0.npz
p000448_a005129_000018_c58_l0,p000448,TRAIN,p000448_a005129,000018,58,focal,2.5,180,10,0,650,0,0,True,35919,a7c082714bbda72907094d362ffd6f18c84eaf631c71764a129bb629164f6bac,samples/p000448_a005129_000018_c58_l0.npz
p000448_a005129_000018_c59_l0,p000448,TRAIN,p000448_a005129,000018,59,focal,2.5,180,10,0,850,0,0,True,51979,5445c1a76e7b34653a4962d829c90f73a7ded0e6315afaf4fc8f45bae3e862da,samples/p000448_a005129_000018_c59_l0.npz
p000448_a005129_000018_c60_l0,p000448,TRAIN,p000448_a005129,000018,60,matched_angular_size,1.2,180,10,0,200,0,0,False,18983,30383c7af2794b0af12d37809e06d3b8f78feab7dac8e9b1ca4fae79abb5c7b3,samples/p000448_a005129_000018_c60_l0.npz
p000448_a005129_000018_c61_l0,p000448,TRAIN,p000448_a005129,000018,61,matched_angular_size,1.8,180,10,0,300,0,0,False,15965,5763d361476e88a19175d5fc7da18af264ac07367710162244ff8e370a87c9c6,samples/p000448_a005129_000018_c61_l0.npz
p000448_a005129_000018_c62_l0,p000448,TRAIN,p000448_a005129,000018,62,matched_angular_size,3,180,10,0,500,0,0,False,14348,0669f5c004356192e9da415099a21041a3ea94cdf39d1925674a046ba9da491f,samples/p000448_a005129_000018_c62_l0.npz
p000448_a005129_000018_c63_l0,p000448,TRAIN,p000448_a005129,000018,63,matched_angular_size,4,180,10,0,666.6666666666666,0,0,False,13869,f91492f5199dc0f435ade71c578b78d65709f36011ebeca8011ad17e83aa32db,samples/p000448_a005129_000018_c63_l0.npz
p000448_a005129_000066_c00_l0,p000448,TRAIN,p000448_a005129,000066,0,distance,0.8,30,10,0,400,0,0,True,77285,3a6f168fc40a2049185b844422265e32d56c559f827e558b6ebe5d390f29bcee,samples/p000448_a005129_000066_c00_l0.npz
p000448_a005129_000066_c01_l0,p000448,TRAIN,p000448_a005129,000066,1,distance,1.2,30,10,0,400,0,0,True,42212,ea5769ed96dd61898ca9c5666efa34bc8b8567026c8de56b68635b256f915a24,samples/p000448_a005129_000066_c01_l0.npz
p000448_a005129_000066_c02_l0,p000448,TRAIN,p000448_a005129,000066,2,distance,1.8,30,10,0,400,0,0,False,19928,152acf2c3d447198d95ca6466349f13f6f044f60a072202e6f706a13982296f0,samples/p000448_a005129_000066_c02_l0.npz
p000448_a005129_000066_c03_l0,p000448,TRAIN,p000448_a005129,000066,3,distance,2.5,30,10,0,400,0,0,False,10349,0ca620042ad8e06f65ad4df120fe123d9ae901371dea3ced4fb5137f493e6e6d,samples/p000448_a005129_000066_c03_l0.npz
p000448_a005129_000066_c04_l0,p000448,TRAIN,p000448_a005129,000066,4,distance,3.2,30,10,0,400,0,0,False,6350,09269a3c5d121dce20928fc40d325347efa9bf81bb857bd22ead8b235960ce31,samples/p000448_a005129_000066_c04_l0.npz
p000448_a005129_000066_c05_l0,p000448,TRAIN,p000448_a005129,000066,5,distance,4.0,30,10,0,400,0,0,False,4088,a125800c34e9135c24ba0a6518adafb80e1b48c4d76a0cfff385c83d9734e210,samples/p000448_a005129_000066_c05_l0.npz
p000448_a005129_000066_c06_l0,p000448,TRAIN,p000448_a005129,000066,6,multiview_distance,1.2,0,10,0,400,0,0,True,42381,a01cc5df71cae6dc2db9190dcbd940d88df4a71b188927b7ddf46938e87cabfd,samples/p000448_a005129_000066_c06_l0.npz
p000448_a005129_000066_c07_l0,p000448,TRAIN,p000448_a005129,000066,7,multiview_distance,1.8,0,10,0,400,0,0,False,19942,6fde2bcf0c085cf976e0c9afb48611ded1618f044bf13701544bced6ef5881f3,samples/p000448_a005129_000066_c07_l0.npz
p000448_a005129_000066_c08_l0,p000448,TRAIN,p000448_a005129,000066,8,multiview_distance,2.5,0,10,0,400,0,0,False,10362,b19922690a8e5c414b8f4b596e94bcb4b507d5b1be69950308f8dca1d1f27eee,samples/p000448_a005129_000066_c08_l0.npz
p000448_a005129_000066_c09_l0,p000448,TRAIN,p000448_a005129,000066,9,multiview_distance,3.2,0,10,0,400,0,0,False,6360,b010d7cff3d84c48202f6ed2df45b10dfb46e2d48ac3195a1c43ae3fe6f4e13a,samples/p000448_a005129_000066_c09_l0.npz
p000448_a005129_000066_c10_l0,p000448,TRAIN,p000448_a005129,000066,10,multiview_distance,1.2,60,10,0,400,0,0,True,43653,5e0e615088e582837a88179a4d88aa1912a2ea9bd07354c6fdd183868fd1a8b2,samples/p000448_a005129_000066_c10_l0.npz
p000448_a005129_000066_c11_l0,p000448,TRAIN,p000448_a005129,000066,11,multiview_distance,1.8,60,10,0,400,0,0,False,21338,d0ba37d9f6d8813b4175da9fe2d2f855ed0a2203fd810d84b98c83ff9f89906a,samples/p000448_a005129_000066_c11_l0.npz
p000448_a005129_000066_c12_l0,p000448,TRAIN,p000448_a005129,000066,12,multiview_distance,2.5,60,10,0,400,0,0,False,10990,7dc273864e5834239888cedce5511777020e18a321607dbe817d91770e9b74ca,samples/p000448_a005129_000066_c12_l0.npz
p000448_a005129_000066_c13_l0,p000448,TRAIN,p000448_a005129,000066,13,multiview_distance,3.2,60,10,0,400,0,0,False,6705,b0a63b56379765e89a06fecfd01a07491697a144cd92dfef077db982e2b08bc2,samples/p000448_a005129_000066_c13_l0.npz
p000448_a005129_000066_c14_l0,p000448,TRAIN,p000448_a005129,000066,14,multiview_distance,1.2,120,10,0,400,0,0,True,50937,6f79fa5f56a8eb51facdbcdf97691abaf7b2e782a8a898c6c37db13a2bda800e,samples/p000448_a005129_000066_c14_l0.npz
p000448_a005129_000066_c15_l0,p000448,TRAIN,p000448_a005129,000066,15,multiview_distance,1.8,120,10,0,400,0,0,False,24838,7e7781f2efbebc81b46f2211a879e633d85ab947120c2767c17329007a80f1cf,samples/p000448_a005129_000066_c15_l0.npz
p000448_a005129_000066_c16_l0,p000448,TRAIN,p000448_a005129,000066,16,multiview_distance,2.5,120,10,0,400,0,0,False,12393,1e830c289c23f0b899264f444ecc0eba3cb64bd6247aa3f431f7d17000aa87ac,samples/p000448_a005129_000066_c16_l0.npz
p000448_a005129_000066_c17_l0,p000448,TRAIN,p000448_a005129,000066,17,multiview_distance,3.2,120,10,0,400,0,0,False,7405,3e6ac5eaf45badb0f89899e63d0d1b6c55c0bd21f1550d1f34a6414552313417,samples/p000448_a005129_000066_c17_l0.npz
p000448_a005129_000066_c18_l0,p000448,TRAIN,p000448_a005129,000066,18,multiview_distance,1.2,180,10,0,400,0,0,True,56307,1502c9a9b5c1417d5a85d6b969f6afd8550eb9d5d1429bb058d9ba402ac4a664,samples/p000448_a005129_000066_c18_l0.npz
p000448_a005129_000066_c19_l0,p000448,TRAIN,p000448_a005129,000066,19,multiview_distance,1.8,180,10,0,400,0,0,False,28063,dd571ed4e96029c66649c2979491cb3fd82a8388cfeda031ae355cc2795e7971,samples/p000448_a005129_000066_c19_l0.npz
p000448_a005129_000066_c20_l0,p000448,TRAIN,p000448_a005129,000066,20,multiview_distance,2.5,180,10,0,400,0,0,False,13610,a015484179493ecea4c6ab816c1a77022d9550850c82f7b5ea1ad3bd0fe168d1,samples/p000448_a005129_000066_c20_l0.npz
p000448_a005129_000066_c21_l0,p000448,TRAIN,p000448_a005129,000066,21,multiview_distance,3.2,180,10,0,400,0,0,False,8044,e047cd3619e9f7a3a95290966914dff3d68a1e10dec1b055907ff2d7e2f1dd18,samples/p000448_a005129_000066_c21_l0.npz
p000448_a005129_000066_c22_l0,p000448,TRAIN,p000448_a005129,000066,22,multiview_distance,1.2,240,10,0,400,0,0,True,53465,d7d46e30c7dbfa954f89662d476125a9f791f4bfa942cb2e0019a7bf7352d8f1,samples/p000448_a005129_000066_c22_l0.npz
p000448_a005129_000066_c23_l0,p000448,TRAIN,p000448_a005129,000066,23,multiview_distance,1.8,240,10,0,400,0,0,False,25834,16f89fd3c9423d335a42793125c8d72740450598d902fe6d98e5309cd9527b19,samples/p000448_a005129_000066_c23_l0.npz
p000448_a005129_000066_c24_l0,p000448,TRAIN,p000448_a005129,000066,24,multiview_distance,2.5,240,10,0,400,0,0,False,12906,c0970f0fd1368ea7e2720484209037c108c82b8b8734df239711e9e6772a3458,samples/p000448_a005129_000066_c24_l0.npz
p000448_a005129_000066_c25_l0,p000448,TRAIN,p000448_a005129,000066,25,multiview_distance,3.2,240,10,0,400,0,0,False,7707,20d46748ddf9d9f2f6818308b56594bede145ae90712959ccdbb09f531cb361a,samples/p000448_a005129_000066_c25_l0.npz
p000448_a005129_000066_c26_l0,p000448,TRAIN,p000448_a005129,000066,26,multiview_distance,1.2,300,10,0,400,0,0,True,44909,e0928f75bc075f44b92db58cc39f66cc2673429a0db07a77f6dafe511e44c4d2,samples/p000448_a005129_000066_c26_l0.npz
p000448_a005129_000066_c27_l0,p000448,TRAIN,p000448_a005129,000066,27,multiview_distance,1.8,300,10,0,400,0,0,False,20828,d9ebb4e4b1d560863e60e1757beb926fbe782e1c6479e40d7cd8b1a834ddd079,samples/p000448_a005129_000066_c27_l0.npz
p000448_a005129_000066_c28_l0,p000448,TRAIN,p000448_a005129,000066,28,multiview_distance,2.5,300,10,0,400,0,0,False,10941,b2b96738236d4ccb06709ad091d0b2dc44fa5fc4efdbb5c5fc3e2244f597a057,samples/p000448_a005129_000066_c28_l0.npz
p000448_a005129_000066_c29_l0,p000448,TRAIN,p000448_a005129,000066,29,multiview_distance,3.2,300,10,0,400,0,0,False,6691,92e55f469df6c3d864a6a44fb46380a76c1008fd4203b32d58a40892ddd443d7,samples/p000448_a005129_000066_c29_l0.npz
p000448_a005129_000066_c30_l0,p000448,TRAIN,p000448_a005129,000066,30,elevation,1.8,180,0,0,400,0,0,False,28284,a0e4f6a06364eb468ba23d5c27fedb77de9cc20bb651f953b91eb91499d2d74e,samples/p000448_a005129_000066_c30_l0.npz
p000448_a005129_000066_c31_l0,p000448,TRAIN,p000448_a005129,000066,31,elevation,3.2,180,0,0,400,0,0,False,7905,66f300e1cefbcf723e6c381278f9480e152346d33d4710e88545001217834288,samples/p000448_a005129_000066_c31_l0.npz
p000448_a005129_000066_c32_l0,p000448,TRAIN,p000448_a005129,000066,32,elevation,1.8,180,25,0,400,0,0,False,26865,7b4f0164a943129be303b44b05af434e48dbbbe6441667f8e9e921dc5e89977e,samples/p000448_a005129_000066_c32_l0.npz
p000448_a005129_000066_c33_l0,p000448,TRAIN,p000448_a005129,000066,33,elevation,3.2,180,25,0,400,0,0,False,7845,f1980835c85e40f9b471958a101d2d1d44c065358d3abb761495ae45300c67db,samples/p000448_a005129_000066_c33_l0.npz
p000448_a005129_000066_c34_l0,p000448,TRAIN,p000448_a005129,000066,34,elevation,1.8,180,45,0,400,0,0,False,24705,fbf5b9cc4f796e47bb58787217f807857b5403ac8827f32395c90579fb10bded,samples/p000448_a005129_000066_c34_l0.npz
p000448_a005129_000066_c35_l0,p000448,TRAIN,p000448_a005129,000066,35,elevation,3.2,180,45,0,400,0,0,False,7299,25ebe9974f9a6b715678dd55b0451a772910f1473f2fac15c3a4a6101263bb85,samples/p000448_a005129_000066_c35_l0.npz
p000448_a005129_000066_c36_l0,p000448,TRAIN,p000448_a005129,000066,36,elevation,1.8,180,65,0,400,0,0,False,21114,aa5060b88fc34abebed5963532b837a75c4f0cc28fd3f03bb38cff30037edfcd,samples/p000448_a005129_000066_c36_l0.npz
p000448_a005129_000066_c37_l0,p000448,TRAIN,p000448_a005129,000066,37,elevation,3.2,180,65,0,400,0,0,False,6144,de9230469db09c0d5aae82d7fd1f42c130a565f689df27dd5778a5b2ea16d3b8,samples/p000448_a005129_000066_c37_l0.npz
p000448_a005129_000066_c38_l0,p000448,TRAIN,p000448_a005129,000066,38,elevation,1.8,180,85,0,400,0,0,False,16130,25bda1e4616278954f2311ffcd8817bcf79f8e371effbba143e4328f8ef96669,samples/p000448_a005129_000066_c38_l0.npz
p000448_a005129_000066_c39_l0,p000448,TRAIN,p000448_a005129,000066,39,elevation,3.2,180,85,0,400,0,0,False,4578,cd44f8e479a5fecd6938a2f7e4fcc2f5450663a5b01c3af1ad77afff685f91aa,samples/p000448_a005129_000066_c39_l0.npz
p000448_a005129_000066_c40_l0,p000448,TRAIN,p000448_a005129,000066,40,roll,1.8,180,10,-90,400,0,0,False,28063,134d653c78e4e396a4ad6137dcc0fbdbb7186a1e59a297f5f5562db6831780e7,samples/p000448_a005129_000066_c40_l0.npz
p000448_a005129_000066_c41_l0,p000448,TRAIN,p000448_a005129,000066,41,roll,3.2,180,10,-90,400,0,0,False,8044,e06efbcc81a4105956e9623edf5eb1cda2eb4fb51665847ad4e14033b412ecd8,samples/p000448_a005129_000066_c41_l0.npz
p000448_a005129_000066_c42_l0,p000448,TRAIN,p000448_a005129,000066,42,roll,1.8,180,10,-45,400,0,0,False,28050,70214226e0e28d9b48ed584346e3ed61e82a63753b01007aa15f4fcaf8883742,samples/p000448_a005129_000066_c42_l0.npz
p000448_a005129_000066_c43_l0,p000448,TRAIN,p000448_a005129,000066,43,roll,3.2,180,10,-45,400,0,0,False,8021,c3773034e104616d7c5a97e40883106c9f7a794f278f15e95320778cc98f8780,samples/p000448_a005129_000066_c43_l0.npz
p000448_a005129_000066_c44_l0,p000448,TRAIN,p000448_a005129,000066,44,roll,1.8,180,10,-15,400,0,0,False,28064,6b5cea384566689b60b64e699aa859f42db9cf6b11788b6a08b0e09aa2c6fc74,samples/p000448_a005129_000066_c44_l0.npz
p000448_a005129_000066_c45_l0,p000448,TRAIN,p000448_a005129,000066,45,roll,3.2,180,10,-15,400,0,0,False,8027,65f16d9d9a4e219a91ecf9d6507c283d39613eedfecb5054ea9e8f726e53fa9a,samples/p000448_a005129_000066_c45_l0.npz
p000448_a005129_000066_c46_l0,p000448,TRAIN,p000448_a005129,000066,46,roll,1.8,180,10,15,400,0,0,False,28037,4cd9ecf07f63af823c1bc0640bb6c2819b4c3c8b3ecbd583085727e407a7a805,samples/p000448_a005129_000066_c46_l0.npz
p000448_a005129_000066_c47_l0,p000448,TRAIN,p000448_a005129,000066,47,roll,3.2,180,10,15,400,0,0,False,8026,f2917e817cf20c119067b530c3f176d1a016bad205ee66dfb42db7f60f1c4ebf,samples/p000448_a005129_000066_c47_l0.npz
p000448_a005129_000066_c48_l0,p000448,TRAIN,p000448_a005129,000066,48,roll,1.8,180,10,45,400,0,0,False,28049,8eb4bbfc955d752698769d8cb541be169fdd7cb13e57264818403f8c6b3303d4,samples/p000448_a005129_000066_c48_l0.npz
p000448_a005129_000066_c49_l0,p000448,TRAIN,p000448_a005129,000066,49,roll,3.2,180,10,45,400,0,0,False,8021,13f6681d35fb22aa9f9e3492a2b8dfd3238314a46c44034700d4b94cde840025,samples/p000448_a005129_000066_c49_l0.npz
p000448_a005129_000066_c50_l0,p000448,TRAIN,p000448_a005129,000066,50,roll,1.8,180,10,90,400,0,0,False,28062,898ac744b7696b3c7a7cf64e7eb0545d3ad8a2e4bef5a9b30ed75b098e50a101,samples/p000448_a005129_000066_c50_l0.npz
p000448_a005129_000066_c51_l0,p000448,TRAIN,p000448_a005129,000066,51,roll,3.2,180,10,90,400,0,0,False,8044,bf71a42b274de416486d00fb42376be8ac86e120bfbd63f20fc420f5a28ababb,samples/p000448_a005129_000066_c51_l0.npz
p000448_a005129_000066_c52_l0,p000448,TRAIN,p000448_a005129,000066,52,offcentre,2.5,180,10,0,400,-0.25,0,False,14537,e70f752320fafa00c1df44678f33c7f6a456cad05bf300f4c54e47bfa2ca949a,samples/p000448_a005129_000066_c52_l0.npz
p000448_a005129_000066_c53_l0,p000448,TRAIN,p000448_a005129,000066,53,offcentre,2.5,180,10,0,400,0.25,0,False,14548,0656badda16b774f4800c57e35719f40d6054a6405cb8f69614957a5a7fdd0b6,samples/p000448_a005129_000066_c53_l0.npz
p000448_a005129_000066_c54_l0,p000448,TRAIN,p000448_a005129,000066,54,offcentre,2.5,180,10,0,400,0,-0.2,False,13400,503c9817c49cb357e71728604082c3c58feefb68c68551cacd1c518f0c133191,samples/p000448_a005129_000066_c54_l0.npz
p000448_a005129_000066_c55_l0,p000448,TRAIN,p000448_a005129,000066,55,offcentre,2.5,180,10,0,400,0,0.2,True,13169,3dd1c1bb71382ca2618c48795ad5feda373c99e4ed1a6baedbc09e7b633ea210,samples/p000448_a005129_000066_c55_l0.npz
p000448_a005129_000066_c56_l0,p000448,TRAIN,p000448_a005129,000066,56,focal,2.5,180,10,0,300,0,0,False,7659,bea53f33ad230bca2e10e9399e13c20de4e55f6ea737c34c59d35f919a67470d,samples/p000448_a005129_000066_c56_l0.npz
p000448_a005129_000066_c57_l0,p000448,TRAIN,p000448_a005129,000066,57,focal,2.5,180,10,0,500,0,0,False,21254,f8efd1d702c9e6f0ebb7413d8224c6fa6585c1a223f6e86911afea8f80de6c6e,samples/p000448_a005129_000066_c57_l0.npz
p000448_a005129_000066_c58_l0,p000448,TRAIN,p000448_a005129,000066,58,focal,2.5,180,10,0,650,0,0,True,35908,b440b0e5dbc6fa54de7a394625dac2f4e123e2c8066a1009bc74a33b7c73c5f9,samples/p000448_a005129_000066_c58_l0.npz
p000448_a005129_000066_c59_l0,p000448,TRAIN,p000448_a005129,000066,59,focal,2.5,180,10,0,850,0,0,True,52895,6f28b9c732f17a29caa560ddf2a0c361311ac56a0d1c9dd96bab3c2a5275abbc,samples/p000448_a005129_000066_c59_l0.npz
p000448_a005129_000066_c60_l0,p000448,TRAIN,p000448_a005129,000066,60,matched_angular_size,1.2,180,10,0,200,0,0,False,18356,d2b01dc92ae0df744638db0f7b3c224ea9cf9f61047a63d883511f1858f45b4a,samples/p000448_a005129_000066_c60_l0.npz
p000448_a005129_000066_c61_l0,p000448,TRAIN,p000448_a005129,000066,61,matched_angular_size,1.8,180,10,0,300,0,0,False,15764,de43b03042dff629c94c8d5cb57d05ca8717be2ef7b486f3386767f118e17ab6,samples/p000448_a005129_000066_c61_l0.npz
p000448_a005129_000066_c62_l0,p000448,TRAIN,p000448_a005129,000066,62,matched_angular_size,3,180,10,0,500,0,0,False,14387,34a41d24d4262649df0b5e01a520eacb316462691f212a113a11ff0d799dd829,samples/p000448_a005129_000066_c62_l0.npz
p000448_a005129_000066_c63_l0,p000448,TRAIN,p000448_a005129,000066,63,matched_angular_size,4,180,10,0,666.6666666666666,0,0,False,13943,4fe4bbdf86b1b9bd84dba458b148eb5a3a84ae428cdd4731d34e90253c633e03,samples/p000448_a005129_000066_c63_l0.npz
p000448_a005129_000126_c00_l0,p000448,TRAIN,p000448_a005129,000126,0,distance,0.8,30,10,0,400,0,0,True,80935,369dd0f3d9be9f4eec151533f46127b2dadc1426daf86e63e501399c1bcccc04,samples/p000448_a005129_000126_c00_l0.npz
p000448_a005129_000126_c01_l0,p000448,TRAIN,p000448_a005129,000126,1,distance,1.2,30,10,0,400,0,0,True,54003,b9bf8595294161c931e47c883ee69c71c1465608159ac06e725c8d9a95c8c23d,samples/p000448_a005129_000126_c01_l0.npz
p000448_a005129_000126_c02_l0,p000448,TRAIN,p000448_a005129,000126,2,distance,1.8,30,10,0,400,0,0,False,25401,2552ed2063b75b837b8e3a6c41328df3807b3c8b484917207ea4e816b97b9851,samples/p000448_a005129_000126_c02_l0.npz
p000448_a005129_000126_c03_l0,p000448,TRAIN,p000448_a005129,000126,3,distance,2.5,30,10,0,400,0,0,False,12548,0c43442b65011cd97dabd169f704ec9848c592c2d3d0bc75768b8de53e1893f9,samples/p000448_a005129_000126_c03_l0.npz
p000448_a005129_000126_c04_l0,p000448,TRAIN,p000448_a005129,000126,4,distance,3.2,30,10,0,400,0,0,False,7502,426b4b4210a56704bf5d62c9de463da537172d575eaf74daabbee6665293a638,samples/p000448_a005129_000126_c04_l0.npz
p000448_a005129_000126_c05_l0,p000448,TRAIN,p000448_a005129,000126,5,distance,4.0,30,10,0,400,0,0,False,4748,bb2c8bf031f1ff40fd9da9b684e7041d4827e7611e8ea0ac307761ae3551c968,samples/p000448_a005129_000126_c05_l0.npz
p000448_a005129_000126_c06_l0,p000448,TRAIN,p000448_a005129,000126,6,multiview_distance,1.2,0,10,0,400,0,0,True,54567,886054bf9af86b30775d0abc165aaa72748a97e4e3084956d7307e4dbb2ace80,samples/p000448_a005129_000126_c06_l0.npz
p000448_a005129_000126_c07_l0,p000448,TRAIN,p000448_a005129,000126,7,multiview_distance,1.8,0,10,0,400,0,0,False,25688,fa91034211ddb3069bfce6f20cd42381ad8bfebf5d1a72dc5aaaae6ad1a8c0fd,samples/p000448_a005129_000126_c07_l0.npz
p000448_a005129_000126_c08_l0,p000448,TRAIN,p000448_a005129,000126,8,multiview_distance,2.5,0,10,0,400,0,0,False,12616,788b672c9fc52de9e98f1654425ad02e05f8e8462eb92dec1e86a8d6e7dba5dc,samples/p000448_a005129_000126_c08_l0.npz
p000448_a005129_000126_c09_l0,p000448,TRAIN,p000448_a005129,000126,9,multiview_distance,3.2,0,10,0,400,0,0,False,7496,1c1235a2daacf988005a9da3c4fb7f70c48374f7504948523901d34b2bf6d30b,samples/p000448_a005129_000126_c09_l0.npz
p000448_a005129_000126_c10_l0,p000448,TRAIN,p000448_a005129,000126,10,multiview_distance,1.2,60,10,0,400,0,0,True,46893,8a34580227349e29a9e9fce9d1743e373f3fef6dd8a32634457cc476b11f9f4e,samples/p000448_a005129_000126_c10_l0.npz
p000448_a005129_000126_c11_l0,p000448,TRAIN,p000448_a005129,000126,11,multiview_distance,1.8,60,10,0,400,0,0,False,22694,cb9e94078ef2601f9ad1c223174670a77392ba099342542dba7a5602c00532a8,samples/p000448_a005129_000126_c11_l0.npz
p000448_a005129_000126_c12_l0,p000448,TRAIN,p000448_a005129,000126,12,multiview_distance,2.5,60,10,0,400,0,0,False,11370,7f26501093726313d484ec9c69f7d88942b4972cbbd375cfc6ec50eb0f2db365,samples/p000448_a005129_000126_c12_l0.npz
p000448_a005129_000126_c13_l0,p000448,TRAIN,p000448_a005129,000126,13,multiview_distance,3.2,60,10,0,400,0,0,False,6824,70a31dc490fd76d6d82c4da67be3a38c4a783fe3fd0df1b0d9a7a2d50c0551d6,samples/p000448_a005129_000126_c13_l0.npz
p000448_a005129_000126_c14_l0,p000448,TRAIN,p000448_a005129,000126,14,multiview_distance,1.2,120,10,0,400,0,0,True,49053,a19c92443844f7e8ed4e51104355839713fa58dc030656b1239232541e43650d,samples/p000448_a005129_000126_c14_l0.npz
p000448_a005129_000126_c15_l0,p000448,TRAIN,p000448_a005129,000126,15,multiview_distance,1.8,120,10,0,400,0,0,False,23529,2d1c78cc1633ec52d91282a9ee560fda722bd4e93e32630c78aeaecab86739de,samples/p000448_a005129_000126_c15_l0.npz
p000448_a005129_000126_c16_l0,p000448,TRAIN,p000448_a005129,000126,16,multiview_distance,2.5,120,10,0,400,0,0,False,11950,078a9441889e4039da0779d5236070273df7e5a1f59a6e66b8ffa1fb4802754b,samples/p000448_a005129_000126_c16_l0.npz
p000448_a005129_000126_c17_l0,p000448,TRAIN,p000448_a005129,000126,17,multiview_distance,3.2,120,10,0,400,0,0,False,7231,27b6b280e3b9e97ab2b27219c8aaf736bed8549858b7b1d858de08c1ed3440f3,samples/p000448_a005129_000126_c17_l0.npz
p000448_a005129_000126_c18_l0,p000448,TRAIN,p000448_a005129,000126,18,multiview_distance,1.2,180,10,0,400,0,0,True,52044,3a374b3aa74269b2d3ea485475e21c5903282910826e50d4e199d0aaba2ebdb9,samples/p000448_a005129_000126_c18_l0.npz
p000448_a005129_000126_c19_l0,p000448,TRAIN,p000448_a005129,000126,19,multiview_distance,1.8,180,10,0,400,0,0,False,24992,fe7e39aac52ddfb946a3709e27026908ac595ecf5f06744e455eab61993f6a37,samples/p000448_a005129_000126_c19_l0.npz
p000448_a005129_000126_c20_l0,p000448,TRAIN,p000448_a005129,000126,20,multiview_distance,2.5,180,10,0,400,0,0,False,12883,85ea95d266673123bc3d433ec3ae8729c4eb0b80ab4ad43e10045408cd5bda19,samples/p000448_a005129_000126_c20_l0.npz
p000448_a005129_000126_c21_l0,p000448,TRAIN,p000448_a005129,000126,21,multiview_distance,3.2,180,10,0,400,0,0,False,7853,d32f69df2bc5d008a0a942fc7c1387bc03cc2ff255a605598354964cc752a57e,samples/p000448_a005129_000126_c21_l0.npz
p000448_a005129_000126_c22_l0,p000448,TRAIN,p000448_a005129,000126,22,multiview_distance,1.2,240,10,0,400,0,0,True,51512,6b47a7bd2b485c563152e04481784644710c83a7a953213dc6df2100daed60bc,samples/p000448_a005129_000126_c22_l0.npz
p000448_a005129_000126_c23_l0,p000448,TRAIN,p000448_a005129,000126,23,multiview_distance,1.8,240,10,0,400,0,0,False,24475,99599f8905e44a65b29146b8abec4e631540c6fa58d490d8e20385db33d235b4,samples/p000448_a005129_000126_c23_l0.npz
p000448_a005129_000126_c24_l0,p000448,TRAIN,p000448_a005129,000126,24,multiview_distance,2.5,240,10,0,400,0,0,False,12414,dffe70d9a7d2cc14ab689c6b8bc40a36af93978018bc19354f68057ae5197cec,samples/p000448_a005129_000126_c24_l0.npz
p000448_a005129_000126_c25_l0,p000448,TRAIN,p000448_a005129,000126,25,multiview_distance,3.2,240,10,0,400,0,0,False,7500,f339940d60fde9c11bef39653a26902f8c10b819e4bcacc51861bb5772b6f088,samples/p000448_a005129_000126_c25_l0.npz
p000448_a005129_000126_c26_l0,p000448,TRAIN,p000448_a005129,000126,26,multiview_distance,1.2,300,10,0,400,0,0,True,44659,a8c0f74416afb465d4f9dccf740bc3bf022de62ea8c44e87b84422b4e01fd586,samples/p000448_a005129_000126_c26_l0.npz
p000448_a005129_000126_c27_l0,p000448,TRAIN,p000448_a005129,000126,27,multiview_distance,1.8,300,10,0,400,0,0,False,21806,78057f462a28af4902a31e2459fbfd489c580407863971cb68411eef350978e4,samples/p000448_a005129_000126_c27_l0.npz
p000448_a005129_000126_c28_l0,p000448,TRAIN,p000448_a005129,000126,28,multiview_distance,2.5,300,10,0,400,0,0,False,10858,61573da0435ae4789e70979672b737a876917731323f68c95d24c54982201e12,samples/p000448_a005129_000126_c28_l0.npz
p000448_a005129_000126_c29_l0,p000448,TRAIN,p000448_a005129,000126,29,multiview_distance,3.2,300,10,0,400,0,0,False,6538,c6a66feb62c1d46e4b66115cb08a79593d9da3778ae2d1daeea84f18bf887e6e,samples/p000448_a005129_000126_c29_l0.npz
p000448_a005129_000126_c30_l0,p000448,TRAIN,p000448_a005129,000126,30,elevation,1.8,180,0,0,400,0,0,False,24435,13ab4f44b575983360728d8474ad204077e2a5963a4b4ccb4c0cf6fe4b1abf6b,samples/p000448_a005129_000126_c30_l0.npz
p000448_a005129_000126_c31_l0,p000448,TRAIN,p000448_a005129,000126,31,elevation,3.2,180,0,0,400,0,0,False,7569,9b68b09da46c16747acceac44af38cdede2f604a75b3ef64849a70bdfca1e146,samples/p000448_a005129_000126_c31_l0.npz
p000448_a005129_000126_c32_l0,p000448,TRAIN,p000448_a005129,000126,32,elevation,1.8,180,25,0,400,0,0,False,25600,0f6484e4a782c62624b8146db77f299603ba43f0f634e9278f492ed4f560d132,samples/p000448_a005129_000126_c32_l0.npz
p000448_a005129_000126_c33_l0,p000448,TRAIN,p000448_a005129,000126,33,elevation,3.2,180,25,0,400,0,0,False,7962,b28247fb2ce7db10b903fff6e1e024ba42b9227f799cbcdbd2d77e5a2c3443c4,samples/p000448_a005129_000126_c33_l0.npz
p000448_a005129_000126_c34_l0,p000448,TRAIN,p000448_a005129,000126,34,elevation,1.8,180,45,0,400,0,0,False,25530,ba57eb4bf743f6d3673e42e081324487a1ebadf2a0524ad1e8a440d4b39d1751,samples/p000448_a005129_000126_c34_l0.npz
p000448_a005129_000126_c35_l0,p000448,TRAIN,p000448_a005129,000126,35,elevation,3.2,180,45,0,400,0,0,False,7606,150b6ca8d1bfa39a41b3385693fce31cc3b459ade16a77e326d20d1fb1ce6193,samples/p000448_a005129_000126_c35_l0.npz
p000448_a005129_000126_c36_l0,p000448,TRAIN,p000448_a005129,000126,36,elevation,1.8,180,65,0,400,0,0,False,23512,7358e68395811a8374fd79bfd1afc3de33eb970cef641c7e3bffd303d9a05a5b,samples/p000448_a005129_000126_c36_l0.npz
p000448_a005129_000126_c37_l0,p000448,TRAIN,p000448_a005129,000126,37,elevation,3.2,180,65,0,400,0,0,False,6528,9cf9edd36bf5f50ee64cb0cfa4d872fc394d33363f568500cef397bcbcd8fa9b,samples/p000448_a005129_000126_c37_l0.npz
p000448_a005129_000126_c38_l0,p000448,TRAIN,p000448_a005129,000126,38,elevation,1.8,180,85,0,400,0,0,False,18736,27a5579d8074cb39c2e1785ce68883dda34d5f3c39edb50190bb4a5712869232,samples/p000448_a005129_000126_c38_l0.npz
p000448_a005129_000126_c39_l0,p000448,TRAIN,p000448_a005129,000126,39,elevation,3.2,180,85,0,400,0,0,False,4821,03c4aa1abbc8ac3182715dda947d007db327aaec1e1654e09c20271fda70c831,samples/p000448_a005129_000126_c39_l0.npz
p000448_a005129_000126_c40_l0,p000448,TRAIN,p000448_a005129,000126,40,roll,1.8,180,10,-90,400,0,0,False,24992,2f52c0052c3e2f466dc08da4c5bb1be5d35d3cef4b16cc4d3db9137c41706eba,samples/p000448_a005129_000126_c40_l0.npz
p000448_a005129_000126_c41_l0,p000448,TRAIN,p000448_a005129,000126,41,roll,3.2,180,10,-90,400,0,0,False,7853,bef598a321eb412d9846aee7530254f4fdc9d80abd994bf7eb23f6b1514ed227,samples/p000448_a005129_000126_c41_l0.npz
p000448_a005129_000126_c42_l0,p000448,TRAIN,p000448_a005129,000126,42,roll,1.8,180,10,-45,400,0,0,False,25003,0f6ee37158ad932f42a94ca3ada2a434ae498b4582c46e6261ec4d7fb40e260b,samples/p000448_a005129_000126_c42_l0.npz
p000448_a005129_000126_c43_l0,p000448,TRAIN,p000448_a005129,000126,43,roll,3.2,180,10,-45,400,0,0,False,7851,831f69344b55c4e15a92c2ce41cfcc121c30e79fadc1184697c4d492964115f1,samples/p000448_a005129_000126_c43_l0.npz
p000448_a005129_000126_c44_l0,p000448,TRAIN,p000448_a005129,000126,44,roll,1.8,180,10,-15,400,0,0,False,24995,120bb35d3348edb8a14b584d7830e2f6a9d21a20beee163f6290ea9e51256b8b,samples/p000448_a005129_000126_c44_l0.npz
p000448_a005129_000126_c45_l0,p000448,TRAIN,p000448_a005129,000126,45,roll,3.2,180,10,-15,400,0,0,False,7851,572a7db989ccc162dfc11a82e4f3350145b93717d5a511aac875a195d88b30d0,samples/p000448_a005129_000126_c45_l0.npz
p000448_a005129_000126_c46_l0,p000448,TRAIN,p000448_a005129,000126,46,roll,1.8,180,10,15,400,0,0,False,25000,f7201a023ab06b3d66a6386b054814f0d5a86dccfae3bd332b1271aebf5f936e,samples/p000448_a005129_000126_c46_l0.npz
p000448_a005129_000126_c47_l0,p000448,TRAIN,p000448_a005129,000126,47,roll,3.2,180,10,15,400,0,0,False,7848,05af5dbbb9af6fe7cbb878b4d5e26c6a88bb1bc10f60c0288de4362bcef9aab3,samples/p000448_a005129_000126_c47_l0.npz
p000448_a005129_000126_c48_l0,p000448,TRAIN,p000448_a005129,000126,48,roll,1.8,180,10,45,400,0,0,False,25003,d7e367b6f601f6a8f896526f9e604c8ddf0f4a3411f15fa4cca857c506320941,samples/p000448_a005129_000126_c48_l0.npz
p000448_a005129_000126_c49_l0,p000448,TRAIN,p000448_a005129,000126,49,roll,3.2,180,10,45,400,0,0,False,7851,aaac1cecbc2f263b632556a8fc79c4060900fe1a8f6049d37efd90532237b030,samples/p000448_a005129_000126_c49_l0.npz
p000448_a005129_000126_c50_l0,p000448,TRAIN,p000448_a005129,000126,50,roll,1.8,180,10,90,400,0,0,False,24992,70809f309f96605ab6fd248365a6be5905aab77e1e8a6d2d8d7133926c385807,samples/p000448_a005129_000126_c50_l0.npz
p000448_a005129_000126_c51_l0,p000448,TRAIN,p000448_a005129,000126,51,roll,3.2,180,10,90,400,0,0,False,7853,fdd96be09d97359cf8c5f114691b21cf8ce52c8121b16749fd74aa9087424e33,samples/p000448_a005129_000126_c51_l0.npz
p000448_a005129_000126_c52_l0,p000448,TRAIN,p000448_a005129,000126,52,offcentre,2.5,180,10,0,400,-0.25,0,False,13755,f4e796c462909d86e485470ccfd1e9ee24c6706e78d6a082544ed8d3a16d6b0b,samples/p000448_a005129_000126_c52_l0.npz
p000448_a005129_000126_c53_l0,p000448,TRAIN,p000448_a005129,000126,53,offcentre,2.5,180,10,0,400,0.25,0,False,13771,8b7f617729b3d438d8101edbfabba6ea49867ccea30fc60e86925f6b47f644b3,samples/p000448_a005129_000126_c53_l0.npz
p000448_a005129_000126_c54_l0,p000448,TRAIN,p000448_a005129,000126,54,offcentre,2.5,180,10,0,400,0,-0.2,False,12571,3b99fa30fe43d0777e6adf1d9730eb212c10d446693e551d26f3618a913b34b8,samples/p000448_a005129_000126_c54_l0.npz
p000448_a005129_000126_c55_l0,p000448,TRAIN,p000448_a005129,000126,55,offcentre,2.5,180,10,0,400,0,0.2,False,13351,33b16d346bdb71ad8ffc1635815114089b0b2d0ca38bb766216ecf1d722636b2,samples/p000448_a005129_000126_c55_l0.npz
p000448_a005129_000126_c56_l0,p000448,TRAIN,p000448_a005129,000126,56,focal,2.5,180,10,0,300,0,0,False,7251,d0bb3d41e91d92135dce7eb10392fb3bb1f1b7e0a880372a18eaa4c49fc77819,samples/p000448_a005129_000126_c56_l0.npz
p000448_a005129_000126_c57_l0,p000448,TRAIN,p000448_a005129,000126,57,focal,2.5,180,10,0,500,0,0,False,20125,d08083fc377ec8d119b5c34ac14b2a3b22431b605a8c8a9de1d6ced47e8303e5,samples/p000448_a005129_000126_c57_l0.npz
p000448_a005129_000126_c58_l0,p000448,TRAIN,p000448_a005129,000126,58,focal,2.5,180,10,0,650,0,0,False,33993,b6029dffc3297a75eee2f1fc6e926fdd3427e28596eb0b3f72247d96dd22dc8c,samples/p000448_a005129_000126_c58_l0.npz
p000448_a005129_000126_c59_l0,p000448,TRAIN,p000448_a005129,000126,59,focal,2.5,180,10,0,850,0,0,True,53952,23fafc6f280667f15046d238fa93fabf1aa36bbbee8f9a57fb963ffa3c776b6a,samples/p000448_a005129_000126_c59_l0.npz
p000448_a005129_000126_c60_l0,p000448,TRAIN,p000448_a005129,000126,60,matched_angular_size,1.2,180,10,0,200,0,0,False,14463,72ee11fd23478252e4fb3e7ea88988f955d3d6fb66e0ab160c4756d1c8e21f13,samples/p000448_a005129_000126_c60_l0.npz
p000448_a005129_000126_c61_l0,p000448,TRAIN,p000448_a005129,000126,61,matched_angular_size,1.8,180,10,0,300,0,0,False,14067,ed605c86a5f64cd34a2f7775a098992e488fd3b907e3be2d27fc3121d273c883,samples/p000448_a005129_000126_c61_l0.npz
p000448_a005129_000126_c62_l0,p000448,TRAIN,p000448_a005129,000126,62,matched_angular_size,3,180,10,0,500,0,0,False,13952,6248c732bac3541e3ae18165f2e52794315f7b74034f83b11e5d2fd9efe5010a,samples/p000448_a005129_000126_c62_l0.npz
p000448_a005129_000126_c63_l0,p000448,TRAIN,p000448_a005129,000126,63,matched_angular_size,4,180,10,0,666.6666666666666,0,0,False,13946,b604e8b158310489d0d4e384aff52412afc18b07a1c944a3f1f12f976bff9c64,samples/p000448_a005129_000126_c63_l0.npz
p000448_a005129_000174_c00_l0,p000448,TRAIN,p000448_a005129,000174,0,distance,0.8,30,10,0,400,0,0,True,79613,13fc2641d692af77b5ed8f3006cb576c390b8281b424ae9fbce4c098cd883bc9,samples/p000448_a005129_000174_c00_l0.npz
p000448_a005129_000174_c01_l0,p000448,TRAIN,p000448_a005129,000174,1,distance,1.2,30,10,0,400,0,0,True,42962,5dddada1a6c189cdd68a5ed96447b0d83906dd6d285ba620893a4ae764b01e0f,samples/p000448_a005129_000174_c01_l0.npz
p000448_a005129_000174_c02_l0,p000448,TRAIN,p000448_a005129,000174,2,distance,1.8,30,10,0,400,0,0,False,19724,2bf73132aba3b90ef41c4cd16714b000328f679e79088372aed5ee0c7e7392ae,samples/p000448_a005129_000174_c02_l0.npz
p000448_a005129_000174_c03_l0,p000448,TRAIN,p000448_a005129,000174,3,distance,2.5,30,10,0,400,0,0,False,10169,05107b5effec097ded1ea3a39bfa937954dc21420bbf1a4024d1e627ede9ddb4,samples/p000448_a005129_000174_c03_l0.npz
p000448_a005129_000174_c04_l0,p000448,TRAIN,p000448_a005129,000174,4,distance,3.2,30,10,0,400,0,0,False,6236,a9f316a97937829a4e93022ad9b855ef829d4abb364e5aaf4793df292121b453,samples/p000448_a005129_000174_c04_l0.npz
p000448_a005129_000174_c05_l0,p000448,TRAIN,p000448_a005129,000174,5,distance,4.0,30,10,0,400,0,0,False,4019,09ba2a1b00545b954c3c7eefb46ee747eb08360fe3e955b4d67e1420883b11f8,samples/p000448_a005129_000174_c05_l0.npz
p000448_a005129_000174_c06_l0,p000448,TRAIN,p000448_a005129,000174,6,multiview_distance,1.2,0,10,0,400,0,0,True,40592,f664fbe8bc7f440fd665e9aa8934ab38f59939d9f49428383d8fe6fe15b6b315,samples/p000448_a005129_000174_c06_l0.npz
p000448_a005129_000174_c07_l0,p000448,TRAIN,p000448_a005129,000174,7,multiview_distance,1.8,0,10,0,400,0,0,False,18965,d0b35bbfda847a98458bd53735e9ee1a6d9ceadd1fccca140cedb7ebdd0e9ee7,samples/p000448_a005129_000174_c07_l0.npz
p000448_a005129_000174_c08_l0,p000448,TRAIN,p000448_a005129,000174,8,multiview_distance,2.5,0,10,0,400,0,0,False,9864,b49dfe8b8de9604e897d3a872d0b16c9b7a781fc464d21767499bf721cd24553,samples/p000448_a005129_000174_c08_l0.npz
p000448_a005129_000174_c09_l0,p000448,TRAIN,p000448_a005129,000174,9,multiview_distance,3.2,0,10,0,400,0,0,False,6067,146a45463d2c006a9a5863cee32d800eab7bc7fd7197173200ca053bd41d467e,samples/p000448_a005129_000174_c09_l0.npz
p000448_a005129_000174_c10_l0,p000448,TRAIN,p000448_a005129,000174,10,multiview_distance,1.2,60,10,0,400,0,0,True,46793,8504137747192becbcd29d58ff722bab4afe4420de3e81508d8955a36e45ed51,samples/p000448_a005129_000174_c10_l0.npz
p000448_a005129_000174_c11_l0,p000448,TRAIN,p000448_a005129,000174,11,multiview_distance,1.8,60,10,0,400,0,0,False,22353,d8dfd1f1666584968a166dfea3a7af201a6d337df6fc0dcb9fcc32b0091cbd19,samples/p000448_a005129_000174_c11_l0.npz
p000448_a005129_000174_c12_l0,p000448,TRAIN,p000448_a005129,000174,12,multiview_distance,2.5,60,10,0,400,0,0,False,11475,b3ea1bf6697dd0b0ba3eabd9123ea65e37c6e59ac22f289c1a7eb30aec2ae055,samples/p000448_a005129_000174_c12_l0.npz
p000448_a005129_000174_c13_l0,p000448,TRAIN,p000448_a005129,000174,13,multiview_distance,3.2,60,10,0,400,0,0,False,6978,f20a383bfe3d76d0b179a31ea04435f8462c7ddeefdea8eb40afa4305bf74529,samples/p000448_a005129_000174_c13_l0.npz
p000448_a005129_000174_c14_l0,p000448,TRAIN,p000448_a005129,000174,14,multiview_distance,1.2,120,10,0,400,0,0,True,52338,b34c0aae9dd78d202024dc00b53a3e5a413c888a9e681b94f89ae17046c1df15,samples/p000448_a005129_000174_c14_l0.npz
p000448_a005129_000174_c15_l0,p000448,TRAIN,p000448_a005129,000174,15,multiview_distance,1.8,120,10,0,400,0,0,False,25461,612c5e1afbebaabaf5fcc398c160efb619c669134fed3f87464d7c52dd783f4d,samples/p000448_a005129_000174_c15_l0.npz
p000448_a005129_000174_c16_l0,p000448,TRAIN,p000448_a005129,000174,16,multiview_distance,2.5,120,10,0,400,0,0,False,12615,081ed64b57472d81ae669fc2d6edb0f89c63b4d6396dbf2ee5c82c27e77bc9dd,samples/p000448_a005129_000174_c16_l0.npz
p000448_a005129_000174_c17_l0,p000448,TRAIN,p000448_a005129,000174,17,multiview_distance,3.2,120,10,0,400,0,0,False,7522,d8eab78d6e52c895fd0d16afa0f3774b74227554e411227e1a36be20343ab6c6,samples/p000448_a005129_000174_c17_l0.npz
p000448_a005129_000174_c18_l0,p000448,TRAIN,p000448_a005129,000174,18,multiview_distance,1.2,180,10,0,400,0,0,True,55778,4c0bff75ff1e234e666f150ec919bf5ddd14a646d6b7a0a5b4e85721d64cb6b7,samples/p000448_a005129_000174_c18_l0.npz
p000448_a005129_000174_c19_l0,p000448,TRAIN,p000448_a005129,000174,19,multiview_distance,1.8,180,10,0,400,0,0,False,27996,c74b4870dbc71f9e57803197acddb33d735e6ab883f3e13f36474d34ca570262,samples/p000448_a005129_000174_c19_l0.npz
p000448_a005129_000174_c20_l0,p000448,TRAIN,p000448_a005129,000174,20,multiview_distance,2.5,180,10,0,400,0,0,False,13422,4a1b6babeb8facb944ff78b90e0f9acdb98a4f79331aad0d71f60a7de5c405d5,samples/p000448_a005129_000174_c20_l0.npz
p000448_a005129_000174_c21_l0,p000448,TRAIN,p000448_a005129,000174,21,multiview_distance,3.2,180,10,0,400,0,0,False,7872,2729131f3b0c5c1217e5cf10bac26d2d92d6682a4137a36263b125ab1fe521d5,samples/p000448_a005129_000174_c21_l0.npz
p000448_a005129_000174_c22_l0,p000448,TRAIN,p000448_a005129,000174,22,multiview_distance,1.2,240,10,0,400,0,0,True,53401,19ee2e3573c0b8406cf7b402d0f2b8062d7194a45dad3e60dfeec909dcc1f104,samples/p000448_a005129_000174_c22_l0.npz
p000448_a005129_000174_c23_l0,p000448,TRAIN,p000448_a005129,000174,23,multiview_distance,1.8,240,10,0,400,0,0,False,25958,ffa961e8a9b9923ea57de91b940e04438d5b187a5d3301476df8e3371efdd8a5,samples/p000448_a005129_000174_c23_l0.npz
p000448_a005129_000174_c24_l0,p000448,TRAIN,p000448_a005129,000174,24,multiview_distance,2.5,240,10,0,400,0,0,False,12992,273ef5c7080045cdac8e883eb58a09b88dd3c41933c32046577a74269c3fdcc5,samples/p000448_a005129_000174_c24_l0.npz
p000448_a005129_000174_c25_l0,p000448,TRAIN,p000448_a005129,000174,25,multiview_distance,3.2,240,10,0,400,0,0,False,7785,455649598152655f6fafe8f1deace23b14c9eb1df3ae31e221661cf6ca1f5707,samples/p000448_a005129_000174_c25_l0.npz
p000448_a005129_000174_c26_l0,p000448,TRAIN,p000448_a005129,000174,26,multiview_distance,1.2,300,10,0,400,0,0,True,43828,3a26177d3bc324f09f7ac9170784c543d092296a38d5b6a0105e02039f42aa26,samples/p000448_a005129_000174_c26_l0.npz
p000448_a005129_000174_c27_l0,p000448,TRAIN,p000448_a005129,000174,27,multiview_distance,1.8,300,10,0,400,0,0,False,20532,12683de4e332453acdf4fc7605d73e6d5f358d3147f125237b59af6bfcf958a9,samples/p000448_a005129_000174_c27_l0.npz
p000448_a005129_000174_c28_l0,p000448,TRAIN,p000448_a005129,000174,28,multiview_distance,2.5,300,10,0,400,0,0,False,10795,ee14bf7dd277ca23c981630f239da3c24c61613f9eb769e2e3ad5eb2905fbd2f,samples/p000448_a005129_000174_c28_l0.npz
p000448_a005129_000174_c29_l0,p000448,TRAIN,p000448_a005129,000174,29,multiview_distance,3.2,300,10,0,400,0,0,False,6642,ac8a2c47bc29bfaca0b3d218aaedda7d3cdf44e92f0f4315ef6bd18367d7e571,samples/p000448_a005129_000174_c29_l0.npz
p000448_a005129_000174_c30_l0,p000448,TRAIN,p000448_a005129,000174,30,elevation,1.8,180,0,0,400,0,0,False,28087,a42e07b5a46e463de753f15fee71cab6145160b5fe5fb2f52714dc09e5187fcc,samples/p000448_a005129_000174_c30_l0.npz
p000448_a005129_000174_c31_l0,p000448,TRAIN,p000448_a005129,000174,31,elevation,3.2,180,0,0,400,0,0,False,7721,e2d10baee4ed562c07d9f60a2707c284e57513588a82911cc9beba9d29b80094,samples/p000448_a005129_000174_c31_l0.npz
p000448_a005129_000174_c32_l0,p000448,TRAIN,p000448_a005129,000174,32,elevation,1.8,180,25,0,400,0,0,False,27049,71cce13f58f79c1cdb8ecba7b2ac2cb57329f3bf16e543417d491196f761be19,samples/p000448_a005129_000174_c32_l0.npz
p000448_a005129_000174_c33_l0,p000448,TRAIN,p000448_a005129,000174,33,elevation,3.2,180,25,0,400,0,0,False,7756,0f871b082ea2185667b069ee7d352ee902bf4abbc0f6dc964e6543e77a92b326,samples/p000448_a005129_000174_c33_l0.npz
p000448_a005129_000174_c34_l0,p000448,TRAIN,p000448_a005129,000174,34,elevation,1.8,180,45,0,400,0,0,False,24500,38e84b4c0c1af17f4b4a3c25c064f86f0114da2b5f1aa82ff9a2008f7cec784c,samples/p000448_a005129_000174_c34_l0.npz
p000448_a005129_000174_c35_l0,p000448,TRAIN,p000448_a005129,000174,35,elevation,3.2,180,45,0,400,0,0,False,7225,18185147012b95d9698beb5019ac6d10353aa7c71b2202e017a3a4b3b4e684e4,samples/p000448_a005129_000174_c35_l0.npz
p000448_a005129_000174_c36_l0,p000448,TRAIN,p000448_a005129,000174,36,elevation,1.8,180,65,0,400,0,0,False,21136,d4b1db98d89c3cad65c24367b385cab2d8cc4003497d74a180b5a64fabe3e205,samples/p000448_a005129_000174_c36_l0.npz
p000448_a005129_000174_c37_l0,p000448,TRAIN,p000448_a005129,000174,37,elevation,3.2,180,65,0,400,0,0,False,6185,168681196c1098b272f773c928f7fd74aaeed1343a758818005f2f59f6fdeb4a,samples/p000448_a005129_000174_c37_l0.npz
p000448_a005129_000174_c38_l0,p000448,TRAIN,p000448_a005129,000174,38,elevation,1.8,180,85,0,400,0,0,False,16351,50a651cbb55974b16452ba958895ed83440c53217aa4fdd91cd40a69116d8277,samples/p000448_a005129_000174_c38_l0.npz
p000448_a005129_000174_c39_l0,p000448,TRAIN,p000448_a005129,000174,39,elevation,3.2,180,85,0,400,0,0,False,4711,0eac2cef29ae4682e19e9dd66d6a85572b3f0bf8322a1edd33d5cd71c6e263cd,samples/p000448_a005129_000174_c39_l0.npz
p000448_a005129_000174_c40_l0,p000448,TRAIN,p000448_a005129,000174,40,roll,1.8,180,10,-90,400,0,0,False,27996,58d9b84715aef0cd17912949f323a3638df8893df61f6e31feeab7b668462b37,samples/p000448_a005129_000174_c40_l0.npz
p000448_a005129_000174_c41_l0,p000448,TRAIN,p000448_a005129,000174,41,roll,3.2,180,10,-90,400,0,0,False,7872,cedf03e8a1a37f3040ddcc755524c6b1082d9d4b40689cfc01304a8297a70cf2,samples/p000448_a005129_000174_c41_l0.npz
p000448_a005129_000174_c42_l0,p000448,TRAIN,p000448_a005129,000174,42,roll,1.8,180,10,-45,400,0,0,False,28016,086f8d97e58c37d460672c30d2a4ba0521a9e869a7f2bf98c783978c5eb2c3a8,samples/p000448_a005129_000174_c42_l0.npz
p000448_a005129_000174_c43_l0,p000448,TRAIN,p000448_a005129,000174,43,roll,3.2,180,10,-45,400,0,0,False,7866,b73e8d4d2ccffe66b8e58c7c7840da9dfcfde13b394e74e741f87f250783a296,samples/p000448_a005129_000174_c43_l0.npz
p000448_a005129_000174_c44_l0,p000448,TRAIN,p000448_a005129,000174,44,roll,1.8,180,10,-15,400,0,0,False,28005,efcd441303a047bca6dab59d876a4db69e4b4180b5a21a68f39c98abe2affad2,samples/p000448_a005129_000174_c44_l0.npz
p000448_a005129_000174_c45_l0,p000448,TRAIN,p000448_a005129,000174,45,roll,3.2,180,10,-15,400,0,0,False,7869,78659d995a60fa4e5ddfa02484096df8fe7c379959ff4be3b86d9a26e492f1ed,samples/p000448_a005129_000174_c45_l0.npz
p000448_a005129_000174_c46_l0,p000448,TRAIN,p000448_a005129,000174,46,roll,1.8,180,10,15,400,0,0,False,28002,eecc06faa643c7ffce510418b03b3c5826fe0085521bc2960b441da0137d1171,samples/p000448_a005129_000174_c46_l0.npz
p000448_a005129_000174_c47_l0,p000448,TRAIN,p000448_a005129,000174,47,roll,3.2,180,10,15,400,0,0,False,7881,ae5ae6079b61cd2f966a0e1cbad84875ae8824ea7888d10a7dcc67c09b428f1c,samples/p000448_a005129_000174_c47_l0.npz
p000448_a005129_000174_c48_l0,p000448,TRAIN,p000448_a005129,000174,48,roll,1.8,180,10,45,400,0,0,False,28016,559a73a9e5d83fb46c25468fcd1e93499c6a731042bcceda5abf70d93b20e9f9,samples/p000448_a005129_000174_c48_l0.npz
p000448_a005129_000174_c49_l0,p000448,TRAIN,p000448_a005129,000174,49,roll,3.2,180,10,45,400,0,0,False,7866,0f286bfb61ee7328bf36cbbd34fc1f2c58f1087878ae73bf4c112a412d3305fd,samples/p000448_a005129_000174_c49_l0.npz
p000448_a005129_000174_c50_l0,p000448,TRAIN,p000448_a005129,000174,50,roll,1.8,180,10,90,400,0,0,False,27996,f34d83a9cd37dc2c0bc663012055ca0bf495f05a405b56d4fe91a48b7cefaf81,samples/p000448_a005129_000174_c50_l0.npz
p000448_a005129_000174_c51_l0,p000448,TRAIN,p000448_a005129,000174,51,roll,3.2,180,10,90,400,0,0,False,7872,4e7c44aa03e501232a8668afcae5b0f57ef2abc4491ec92d3bd06fd98d0cee72,samples/p000448_a005129_000174_c51_l0.npz
p000448_a005129_000174_c52_l0,p000448,TRAIN,p000448_a005129,000174,52,offcentre,2.5,180,10,0,400,-0.25,0,False,14622,df9dff94a9ab530ec5974d593f674f17d2bf626edbd306952c0cb0602cbdaaaf,samples/p000448_a005129_000174_c52_l0.npz
p000448_a005129_000174_c53_l0,p000448,TRAIN,p000448_a005129,000174,53,offcentre,2.5,180,10,0,400,0.25,0,False,14857,992db3d67e2e8db2c1114e458e1d0a1f64c9db86661116338a23104f5c2e3088,samples/p000448_a005129_000174_c53_l0.npz
p000448_a005129_000174_c54_l0,p000448,TRAIN,p000448_a005129,000174,54,offcentre,2.5,180,10,0,400,0,-0.2,False,13008,d7a765541b2827908ecc0d8e645210b322887acc795b739cec5ab9c0c6d5a6ff,samples/p000448_a005129_000174_c54_l0.npz
p000448_a005129_000174_c55_l0,p000448,TRAIN,p000448_a005129,000174,55,offcentre,2.5,180,10,0,400,0,0.2,True,12956,9eb0bd51d8adca2db5a3044c780de61225c2f308d5459ae63822003162b9978f,samples/p000448_a005129_000174_c55_l0.npz
p000448_a005129_000174_c56_l0,p000448,TRAIN,p000448_a005129,000174,56,focal,2.5,180,10,0,300,0,0,False,7558,0bc1f2626769aad79911f60597f23b43154e8189dd7e3f4a65b278238e39b452,samples/p000448_a005129_000174_c56_l0.npz
p000448_a005129_000174_c57_l0,p000448,TRAIN,p000448_a005129,000174,57,focal,2.5,180,10,0,500,0,0,False,20964,ac26206c88427e764a4b35b18a63f3f9d92610d0d35ee34cc387bfe86ddcf36d,samples/p000448_a005129_000174_c57_l0.npz
p000448_a005129_000174_c58_l0,p000448,TRAIN,p000448_a005129,000174,58,focal,2.5,180,10,0,650,0,0,True,35288,a6a6f5f7b0fc7d1cae657983a89c5eb675f09eb0dd332a233144a9a8811b4536,samples/p000448_a005129_000174_c58_l0.npz
p000448_a005129_000174_c59_l0,p000448,TRAIN,p000448_a005129,000174,59,focal,2.5,180,10,0,850,0,0,True,51475,10227fbfd281498fbd7619e88919b5710cf40ee19308717cee311267e1d2be69,samples/p000448_a005129_000174_c59_l0.npz
p000448_a005129_000174_c60_l0,p000448,TRAIN,p000448_a005129,000174,60,matched_angular_size,1.2,180,10,0,200,0,0,False,18860,6d622bc3cef830bc2ceb2d7663bc93313bff566c6243ed36e4413ba94b45957a,samples/p000448_a005129_000174_c60_l0.npz
p000448_a005129_000174_c61_l0,p000448,TRAIN,p000448_a005129,000174,61,matched_angular_size,1.8,180,10,0,300,0,0,False,15750,44e8b388bdfbfb01869bc2c064206ab4bcb47155196b779d0bb72772f4336f6f,samples/p000448_a005129_000174_c61_l0.npz
p000448_a005129_000174_c62_l0,p000448,TRAIN,p000448_a005129,000174,62,matched_angular_size,3,180,10,0,500,0,0,False,14127,b0161ed5ce3c1161f3a66a1327b42022f36a4d1e9cd03085cbfcfc995fcda25b,samples/p000448_a005129_000174_c62_l0.npz
p000448_a005129_000174_c63_l0,p000448,TRAIN,p000448_a005129,000174,63,matched_angular_size,4,180,10,0,666.6666666666666,0,0,False,13638,c8d44f72644b7e75f4968d6b9aa3600e1adca361298fec021139c181a3c75ace,samples/p000448_a005129_000174_c63_l0.npz
p000460_a000064_000042_c00_l0,p000460,VAL,p000460_a000064,000042,0,distance,0.8,30,10,0,400,0,0,True,104742,f605d8b62d09919bef0ee2a6a2eaa3c8dbc2865f2d8bff64036cd1dbbe565ebc,samples/p000460_a000064_000042_c00_l0.npz
p000460_a000064_000042_c01_l0,p000460,VAL,p000460_a000064,000042,1,distance,1.2,30,10,0,400,0,0,True,60964,93e4d2aed393c98ff2228658fe0bf9a631d215eb3ced145a742638833522eac1,samples/p000460_a000064_000042_c01_l0.npz
p000460_a000064_000042_c02_l0,p000460,VAL,p000460_a000064,000042,2,distance,1.8,30,10,0,400,0,0,False,28776,11c5a05a680bd723b385461cd00043be0b225d94d6f8eac3351f88987fdb62db,samples/p000460_a000064_000042_c02_l0.npz
p000460_a000064_000042_c03_l0,p000460,VAL,p000460_a000064,000042,3,distance,2.5,30,10,0,400,0,0,False,14460,b55ac3ee8aa788bd24f06a233af8b104af9d3383448039d26c32f92589b34bd0,samples/p000460_a000064_000042_c03_l0.npz
p000460_a000064_000042_c04_l0,p000460,VAL,p000460_a000064,000042,4,distance,3.2,30,10,0,400,0,0,False,8726,01c21551213fb8f0e73573bc7086df9497a55cb373f4687abed1fbb161d6acd4,samples/p000460_a000064_000042_c04_l0.npz
p000460_a000064_000042_c05_l0,p000460,VAL,p000460_a000064,000042,5,distance,4.0,30,10,0,400,0,0,False,5545,ac5a030e46122c445d9c8ac291dcda76d27258c8c07ad6a7ac6666876d3544ea,samples/p000460_a000064_000042_c05_l0.npz
p000460_a000064_000042_c06_l0,p000460,VAL,p000460_a000064,000042,6,multiview_distance,1.2,0,10,0,400,0,0,True,64181,6e47310155bcc7c02f01c06c815fdc249dd9ba9aefb079b0a964315aed786ed9,samples/p000460_a000064_000042_c06_l0.npz
p000460_a000064_000042_c07_l0,p000460,VAL,p000460_a000064,000042,7,multiview_distance,1.8,0,10,0,400,0,0,False,29672,c6c609a0b4a4f4204cada0b2faf75a537b947f9b7acb88364f79f4b8afb30531,samples/p000460_a000064_000042_c07_l0.npz
p000460_a000064_000042_c08_l0,p000460,VAL,p000460_a000064,000042,8,multiview_distance,2.5,0,10,0,400,0,0,False,14737,51cd66c16345ba50dcc443ecaeabb863d7c20bf7a146a66a2f7f002b267840c9,samples/p000460_a000064_000042_c08_l0.npz
p000460_a000064_000042_c09_l0,p000460,VAL,p000460_a000064,000042,9,multiview_distance,3.2,0,10,0,400,0,0,False,8851,bdceddf00c6a5e3a13b599b354699b3a32488b12cb7c7027bf89feff2b4688df,samples/p000460_a000064_000042_c09_l0.npz
p000460_a000064_000042_c10_l0,p000460,VAL,p000460_a000064,000042,10,multiview_distance,1.2,60,10,0,400,0,0,True,52666,d47e397961829d627d8eb795982119f85f9e09ed5d5cabafd8304e191f3c054b,samples/p000460_a000064_000042_c10_l0.npz
p000460_a000064_000042_c11_l0,p000460,VAL,p000460_a000064,000042,11,multiview_distance,1.8,60,10,0,400,0,0,False,25314,8f8f37092853d647e17a336b8b7171ae1126fb1c6b0ffd412c2f930967b06cc2,samples/p000460_a000064_000042_c11_l0.npz
p000460_a000064_000042_c12_l0,p000460,VAL,p000460_a000064,000042,12,multiview_distance,2.5,60,10,0,400,0,0,False,12864,5c6bfaccf77280f44639ac7088b4a6b114de6eb3f6f2268866158480f8528ec3,samples/p000460_a000064_000042_c12_l0.npz
p000460_a000064_000042_c13_l0,p000460,VAL,p000460_a000064,000042,13,multiview_distance,3.2,60,10,0,400,0,0,False,7800,2b1d23de1acfbcebb90d2d7033e6e7c0bc587425b7540d767422b1eaeef71fdc,samples/p000460_a000064_000042_c13_l0.npz
p000460_a000064_000042_c14_l0,p000460,VAL,p000460_a000064,000042,14,multiview_distance,1.2,120,10,0,400,0,0,True,53907,4278a5834d68908b5f8d2f2652f4a8abc3547885afc1fc674aebfdb6e7ba0413,samples/p000460_a000064_000042_c14_l0.npz
p000460_a000064_000042_c15_l0,p000460,VAL,p000460_a000064,000042,15,multiview_distance,1.8,120,10,0,400,0,0,False,27087,edf04c38e73a8684dd217f9427ef4841cfc4aac57325d660fb72a06c76beb825,samples/p000460_a000064_000042_c15_l0.npz
p000460_a000064_000042_c16_l0,p000460,VAL,p000460_a000064,000042,16,multiview_distance,2.5,120,10,0,400,0,0,False,13753,72d0d0b4c74cc67ef20209fd0c664f116b71de3d2e6593c29b9377141e9c9f9e,samples/p000460_a000064_000042_c16_l0.npz
p000460_a000064_000042_c17_l0,p000460,VAL,p000460_a000064,000042,17,multiview_distance,3.2,120,10,0,400,0,0,False,8344,071b46958d93a27fd756e3a977cb787fdd943d455f9c508302ea7a50e638ddcd,samples/p000460_a000064_000042_c17_l0.npz
p000460_a000064_000042_c18_l0,p000460,VAL,p000460_a000064,000042,18,multiview_distance,1.2,180,10,0,400,0,0,True,67247,881407859833001cce274558c131de16c9ab995f6f9d0fc6a914b3a740a6d71e,samples/p000460_a000064_000042_c18_l0.npz
p000460_a000064_000042_c19_l0,p000460,VAL,p000460_a000064,000042,19,multiview_distance,1.8,180,10,0,400,0,0,False,32950,3d2923cae12dfc21748a9ab3aac2f3e4e08b391a95d2c7cd793f88547b11ea87,samples/p000460_a000064_000042_c19_l0.npz
p000460_a000064_000042_c20_l0,p000460,VAL,p000460_a000064,000042,20,multiview_distance,2.5,180,10,0,400,0,0,False,16688,58a21539b3305a80a6353518c3f98a7a9344e250ed41b0a2dcf860157d6f2e2b,samples/p000460_a000064_000042_c20_l0.npz
p000460_a000064_000042_c21_l0,p000460,VAL,p000460_a000064,000042,21,multiview_distance,3.2,180,10,0,400,0,0,False,10094,ddebe76a7a4df317dd6c70d6daeb75e94ee45f33afeca6a8e31ac219faa8d73f,samples/p000460_a000064_000042_c21_l0.npz
p000460_a000064_000042_c22_l0,p000460,VAL,p000460_a000064,000042,22,multiview_distance,1.2,240,10,0,400,0,0,True,62245,e67642ec3a74c2f8f6fe1415f49b50ad279c024578ea10b33a9051a0251fc152,samples/p000460_a000064_000042_c22_l0.npz
p000460_a000064_000042_c23_l0,p000460,VAL,p000460_a000064,000042,23,multiview_distance,1.8,240,10,0,400,0,0,False,29549,f3219308e640bea5f386c6ce083d7ab437fb90e831ed408dfa0daddae03bff3a,samples/p000460_a000064_000042_c23_l0.npz
p000460_a000064_000042_c24_l0,p000460,VAL,p000460_a000064,000042,24,multiview_distance,2.5,240,10,0,400,0,0,False,14757,9d2cbb63fdebcfc89aacca5899e28bc84f269d7231a9dc1873d05e9f253d3509,samples/p000460_a000064_000042_c24_l0.npz
p000460_a000064_000042_c25_l0,p000460,VAL,p000460_a000064,000042,25,multiview_distance,3.2,240,10,0,400,0,0,False,8856,94e72777ee9cbfa1ff18af128a5b02e9923f807fc309549e1ce84ec85d865c25,samples/p000460_a000064_000042_c25_l0.npz
p000460_a000064_000042_c26_l0,p000460,VAL,p000460_a000064,000042,26,multiview_distance,1.2,300,10,0,400,0,0,True,56864,f4837d94e89018b27e18faebec5473060ee39e01bd403f1b2c10b486a1e57ba3,samples/p000460_a000064_000042_c26_l0.npz
p000460_a000064_000042_c27_l0,p000460,VAL,p000460_a000064,000042,27,multiview_distance,1.8,300,10,0,400,0,0,False,25963,94165d171ce93c7fae7fa7a98ded4e16e2944cb71390443ade4f8664c3c553de,samples/p000460_a000064_000042_c27_l0.npz
p000460_a000064_000042_c28_l0,p000460,VAL,p000460_a000064,000042,28,multiview_distance,2.5,300,10,0,400,0,0,False,12795,460456ab2dae215e48d2af2fb23ac52327bf33f335be6591cfb3ddc47b0908ee,samples/p000460_a000064_000042_c28_l0.npz
p000460_a000064_000042_c29_l0,p000460,VAL,p000460_a000064,000042,29,multiview_distance,3.2,300,10,0,400,0,0,False,7629,ad98839012d2b69d3bab7b9d738e2e8dabbaede918645b658d1b03a4fea2ff1b,samples/p000460_a000064_000042_c29_l0.npz
p000460_a000064_000042_c30_l0,p000460,VAL,p000460_a000064,000042,30,elevation,1.8,180,0,0,400,0,0,False,32541,8cc5a693c5b6a24cddd1ef2f46a1f05a1dcf41e84f40a73100d59ed879c1481a,samples/p000460_a000064_000042_c30_l0.npz
p000460_a000064_000042_c31_l0,p000460,VAL,p000460_a000064,000042,31,elevation,3.2,180,0,0,400,0,0,False,9730,ba896f50ac8d4016b12d698b78be45663e3a363eb5d341baac6fc8f346beb387,samples/p000460_a000064_000042_c31_l0.npz
p000460_a000064_000042_c32_l0,p000460,VAL,p000460_a000064,000042,32,elevation,1.8,180,25,0,400,0,0,False,33015,aa4b436f7f8dd86f775d4b8dd8103abf4a3e9918786ba0434f2e130bc0668599,samples/p000460_a000064_000042_c32_l0.npz
p000460_a000064_000042_c33_l0,p000460,VAL,p000460_a000064,000042,33,elevation,3.2,180,25,0,400,0,0,False,10272,ca69de0b4b5db4dc7b3d5ea4bbf179d3085681d53f09c4e6ce5b6fa1450c8b08,samples/p000460_a000064_000042_c33_l0.npz
p000460_a000064_000042_c34_l0,p000460,VAL,p000460_a000064,000042,34,elevation,1.8,180,45,0,400,0,0,False,31981,82821299051925feacdc7c09dcdecee8dac49dba9fcb980b73b19fca3de45e61,samples/p000460_a000064_000042_c34_l0.npz
p000460_a000064_000042_c35_l0,p000460,VAL,p000460_a000064,000042,35,elevation,3.2,180,45,0,400,0,0,False,9760,42322aa0dcbaf7ed416351a35bfe65b1925e35fbded406dfda9daf7674e9f560,samples/p000460_a000064_000042_c35_l0.npz
p000460_a000064_000042_c36_l0,p000460,VAL,p000460_a000064,000042,36,elevation,1.8,180,65,0,400,0,0,False,29065,cf82f5b6b7f4ad1388e5bc70b55d774e5ba10b579d9f67bed3b3846e5178ece1,samples/p000460_a000064_000042_c36_l0.npz
p000460_a000064_000042_c37_l0,p000460,VAL,p000460_a000064,000042,37,elevation,3.2,180,65,0,400,0,0,False,8447,0b4edf1f654cf50ddf20b1b78257deb0f1e5ac7db34a9dd89533d9c2ebb216c8,samples/p000460_a000064_000042_c37_l0.npz
p000460_a000064_000042_c38_l0,p000460,VAL,p000460_a000064,000042,38,elevation,1.8,180,85,0,400,0,0,False,23703,8b0cdc948421a1149f6c31881d3327c1d01d018a4586fdbff2ff3b48791ab003,samples/p000460_a000064_000042_c38_l0.npz
p000460_a000064_000042_c39_l0,p000460,VAL,p000460_a000064,000042,39,elevation,3.2,180,85,0,400,0,0,False,6493,cdf4e2cc548f66121e8f8a288ea18c2ed9d843f1de1b9387d9f9b673da9541cd,samples/p000460_a000064_000042_c39_l0.npz
p000460_a000064_000042_c40_l0,p000460,VAL,p000460_a000064,000042,40,roll,1.8,180,10,-90,400,0,0,False,32950,eb4d187a4adadeeec6488eb59501b6bbc49821dcdc9fd45d4f2597c9e75a0792,samples/p000460_a000064_000042_c40_l0.npz
p000460_a000064_000042_c41_l0,p000460,VAL,p000460_a000064,000042,41,roll,3.2,180,10,-90,400,0,0,False,10094,f207601fd3b673ae9dbd1987ea4a55502ea77043f6ef0f40279533ba5fe90aa8,samples/p000460_a000064_000042_c41_l0.npz
p000460_a000064_000042_c42_l0,p000460,VAL,p000460_a000064,000042,42,roll,1.8,180,10,-45,400,0,0,False,32973,c1ab11a2741f1eebebcbbc3955b978fe01e737fafbe880f735f0725387d81db6,samples/p000460_a000064_000042_c42_l0.npz
p000460_a000064_000042_c43_l0,p000460,VAL,p000460_a000064,000042,43,roll,3.2,180,10,-45,400,0,0,False,10107,bcf457f379d22be8cab0cb6b00f26768a5ce8a3df68d94d003b7554dab520486,samples/p000460_a000064_000042_c43_l0.npz
p000460_a000064_000042_c44_l0,p000460,VAL,p000460_a000064,000042,44,roll,1.8,180,10,-15,400,0,0,False,32975,27e43c82cb9e05eabe5b2a42b1328201c22dffc2b00bc6f6fc09d22cfb771a5a,samples/p000460_a000064_000042_c44_l0.npz
p000460_a000064_000042_c45_l0,p000460,VAL,p000460_a000064,000042,45,roll,3.2,180,10,-15,400,0,0,False,10103,cb2184f0279877034e7043e1b412af69e54b8c20960f4fa28a426d526debb4c4,samples/p000460_a000064_000042_c45_l0.npz
p000460_a000064_000042_c46_l0,p000460,VAL,p000460_a000064,000042,46,roll,1.8,180,10,15,400,0,0,False,32948,f31fddd2b344dbc4b246076a447c281c4eefa385dd93672737b8eeb040c036b6,samples/p000460_a000064_000042_c46_l0.npz
p000460_a000064_000042_c47_l0,p000460,VAL,p000460_a000064,000042,47,roll,3.2,180,10,15,400,0,0,False,10084,c6916c2fbabf42bcd2a7172b63d4a847d60ec59193b378a48cdab42ee8893708,samples/p000460_a000064_000042_c47_l0.npz
p000460_a000064_000042_c48_l0,p000460,VAL,p000460_a000064,000042,48,roll,1.8,180,10,45,400,0,0,False,32973,b62b4c00a2de10417ea185a8710e8b9fa0a9624cc845505d77e07ced2fcf6a81,samples/p000460_a000064_000042_c48_l0.npz
p000460_a000064_000042_c49_l0,p000460,VAL,p000460_a000064,000042,49,roll,3.2,180,10,45,400,0,0,False,10107,ce1ad0e1833312d6fcf24448217837a8f38f815882caa443f40a8a9c3351d9e6,samples/p000460_a000064_000042_c49_l0.npz
p000460_a000064_000042_c50_l0,p000460,VAL,p000460_a000064,000042,50,roll,1.8,180,10,90,400,0,0,False,32950,7557a1f8da2817bd60deadd73a90c4844b861e5e2ec01c9c645d412004dce91a,samples/p000460_a000064_000042_c50_l0.npz
p000460_a000064_000042_c51_l0,p000460,VAL,p000460_a000064,000042,51,roll,3.2,180,10,90,400,0,0,False,10094,4c641ed9787bb62ae0b083755a953e6bc943d516a4e4504fac8a2a221315714a,samples/p000460_a000064_000042_c51_l0.npz
p000460_a000064_000042_c52_l0,p000460,VAL,p000460_a000064,000042,52,offcentre,2.5,180,10,0,400,-0.25,0,False,17948,39e44bdede85581027ce5ddda91ea73f5c58efa417849d26cd72e02940d804b7,samples/p000460_a000064_000042_c52_l0.npz
p000460_a000064_000042_c53_l0,p000460,VAL,p000460_a000064,000042,53,offcentre,2.5,180,10,0,400,0.25,0,False,17238,eb95f06900bc7df5b086fd9acb23030e3470f20d4984f7f830662ef432d2cf05,samples/p000460_a000064_000042_c53_l0.npz
p000460_a000064_000042_c54_l0,p000460,VAL,p000460_a000064,000042,54,offcentre,2.5,180,10,0,400,0,-0.2,False,15974,851c04cfc71d71baccbf3b495411acfaf2f63c4999c9c3167938f7396b2c0a34,samples/p000460_a000064_000042_c54_l0.npz
p000460_a000064_000042_c55_l0,p000460,VAL,p000460_a000064,000042,55,offcentre,2.5,180,10,0,400,0,0.2,True,17578,7ce33454f0042167cf892cd3a24b01816b39f28cdde486913ebf03697893032d,samples/p000460_a000064_000042_c55_l0.npz
p000460_a000064_000042_c56_l0,p000460,VAL,p000460_a000064,000042,56,focal,2.5,180,10,0,300,0,0,False,9390,a9f3ca177c4db3827e7b0e0cb77b0ce693a8fa67d1eb6a87164c8835d71380d3,samples/p000460_a000064_000042_c56_l0.npz
p000460_a000064_000042_c57_l0,p000460,VAL,p000460_a000064,000042,57,focal,2.5,180,10,0,500,0,0,False,26087,27738289b717c08f3b91bb8e7e99ae5ae6af3b052315d27e0fc7ba8cbe7e70d1,samples/p000460_a000064_000042_c57_l0.npz
p000460_a000064_000042_c58_l0,p000460,VAL,p000460_a000064,000042,58,focal,2.5,180,10,0,650,0,0,False,44084,575b290ca0ab17c25acc1bc7fa42aa41e08072557ccf156a454450bc4e2498c4,samples/p000460_a000064_000042_c58_l0.npz
p000460_a000064_000042_c59_l0,p000460,VAL,p000460_a000064,000042,59,focal,2.5,180,10,0,850,0,0,True,68843,efb07bc61f9fce43ee91441f2b938d04b76e6d9624fb7b6505298c423f32eef9,samples/p000460_a000064_000042_c59_l0.npz
p000460_a000064_000042_c60_l0,p000460,VAL,p000460_a000064,000042,60,matched_angular_size,1.2,180,10,0,200,0,0,False,19680,1c17a18e1f0a627cc3a75fe46ccf416588b627bf256553c64ef288da2abed38f,samples/p000460_a000064_000042_c60_l0.npz
p000460_a000064_000042_c61_l0,p000460,VAL,p000460_a000064,000042,61,matched_angular_size,1.8,180,10,0,300,0,0,False,18534,2e5c59807d813420e66e2759f611b1d3d72e734a51f2d1276f09e323428ea575,samples/p000460_a000064_000042_c61_l0.npz
p000460_a000064_000042_c62_l0,p000460,VAL,p000460_a000064,000042,62,matched_angular_size,3,180,10,0,500,0,0,False,17969,2bd3d8d865b19104bb099d8ea5f6fbc5186d798515f5e7b69623ed343157cb57,samples/p000460_a000064_000042_c62_l0.npz
p000460_a000064_000042_c63_l0,p000460,VAL,p000460_a000064,000042,63,matched_angular_size,4,180,10,0,666.6666666666666,0,0,False,17835,529822b21d35427e5ad6ae750721f89abb0b76d2bdbe8c1dab42eb841db8f3d5,samples/p000460_a000064_000042_c63_l0.npz
p000460_a000064_000168_c00_l0,p000460,VAL,p000460_a000064,000168,0,distance,0.8,30,10,0,400,0,0,True,117665,e43f308cee81da60ab74bde130eef39ace81c1955a5fa70712b5be93cfae6208,samples/p000460_a000064_000168_c00_l0.npz
p000460_a000064_000168_c01_l0,p000460,VAL,p000460_a000064,000168,1,distance,1.2,30,10,0,400,0,0,True,68209,f9d6d3b46b296f4b9972367ddadd174db267b61b33cc7ac856707abe943a586c,samples/p000460_a000064_000168_c01_l0.npz
p000460_a000064_000168_c02_l0,p000460,VAL,p000460_a000064,000168,2,distance,1.8,30,10,0,400,0,0,False,31075,f52f7bf57af96c8be099ed008152c41ac5e7e39472ca5b56585aaafe1e25f438,samples/p000460_a000064_000168_c02_l0.npz
p000460_a000064_000168_c03_l0,p000460,VAL,p000460_a000064,000168,3,distance,2.5,30,10,0,400,0,0,False,15113,c0abdfdc698b8364c6c1ed7c7f6cc91702b2e06b69f14d66790385c2d6d1da71,samples/p000460_a000064_000168_c03_l0.npz
p000460_a000064_000168_c04_l0,p000460,VAL,p000460_a000064,000168,4,distance,3.2,30,10,0,400,0,0,False,8975,d76aa0c699e323b9496becd0f70e905cd733766f416319562a19bb598b86540c,samples/p000460_a000064_000168_c04_l0.npz
p000460_a000064_000168_c05_l0,p000460,VAL,p000460_a000064,000168,5,distance,4.0,30,10,0,400,0,0,False,5660,d5c9897402802332e71e7212c410e8216b70e81c7e2dfcefb133413596318770,samples/p000460_a000064_000168_c05_l0.npz
p000460_a000064_000168_c06_l0,p000460,VAL,p000460_a000064,000168,6,multiview_distance,1.2,0,10,0,400,0,0,True,63832,7a4413bfc3aca861ec85fe617b0ffb6e3f6ff556fbc1b324e86805afd5b1729e,samples/p000460_a000064_000168_c06_l0.npz
p000460_a000064_000168_c07_l0,p000460,VAL,p000460_a000064,000168,7,multiview_distance,1.8,0,10,0,400,0,0,False,29340,e4d111b6f5501344dee3513f3308fc45b5b33e12aa5fb1b65f63d334ea734e2e,samples/p000460_a000064_000168_c07_l0.npz
p000460_a000064_000168_c08_l0,p000460,VAL,p000460_a000064,000168,8,multiview_distance,2.5,0,10,0,400,0,0,False,14648,59a61dde34bbad6c73803c3fe9b78205d09cebb91a38dadfb740790d084a201d,samples/p000460_a000064_000168_c08_l0.npz
p000460_a000064_000168_c09_l0,p000460,VAL,p000460_a000064,000168,9,multiview_distance,3.2,0,10,0,400,0,0,False,8837,9e91187ddb6c22ef02aaa6cc8229f740dc4a728161869438e19d0706b7d8fb13,samples/p000460_a000064_000168_c09_l0.npz
p000460_a000064_000168_c10_l0,p000460,VAL,p000460_a000064,000168,10,multiview_distance,1.2,60,10,0,400,0,0,True,65498,8ad6e76fc832d1465873ce3352da67e1560db3634b7092a4f32eb7d7d8619922,samples/p000460_a000064_000168_c10_l0.npz
p000460_a000064_000168_c11_l0,p000460,VAL,p000460_a000064,000168,11,multiview_distance,1.8,60,10,0,400,0,0,False,29522,640a9f4d9f07a0ecce7e65d907f100fb0d98486e56ee357198c66b2ff680191f,samples/p000460_a000064_000168_c11_l0.npz
p000460_a000064_000168_c12_l0,p000460,VAL,p000460_a000064,000168,12,multiview_distance,2.5,60,10,0,400,0,0,False,14221,627ca1c54c664cb902b093604a67fce2b10050371cc6fb5f7917911f64bda5cc,samples/p000460_a000064_000168_c12_l0.npz
p000460_a000064_000168_c13_l0,p000460,VAL,p000460_a000064,000168,13,multiview_distance,3.2,60,10,0,400,0,0,False,8380,0f473af5086f35f5e653ad2a0c6b065268a42ec2c262071902b95451cff09dea,samples/p000460_a000064_000168_c13_l0.npz
p000460_a000064_000168_c14_l0,p000460,VAL,p000460_a000064,000168,14,multiview_distance,1.2,120,10,0,400,0,0,True,59389,8d4aea2b1911fb85b7fc77e5c6a4d96e3f945bd52dacc9918e1cd42ead4a808b,samples/p000460_a000064_000168_c14_l0.npz
p000460_a000064_000168_c15_l0,p000460,VAL,p000460_a000064,000168,15,multiview_distance,1.8,120,10,0,400,0,0,False,28405,c95f4b6eb50b5a0533d1226662d5c0196a7d0ff098a60eccbe8b09a2c711352a,samples/p000460_a000064_000168_c15_l0.npz
p000460_a000064_000168_c16_l0,p000460,VAL,p000460_a000064,000168,16,multiview_distance,2.5,120,10,0,400,0,0,False,14126,ec291f22ce4f12515fa6046207a21fd24ca0dfb32e4a8ebbc9d537d84db34c72,samples/p000460_a000064_000168_c16_l0.npz
p000460_a000064_000168_c17_l0,p000460,VAL,p000460_a000064,000168,17,multiview_distance,3.2,120,10,0,400,0,0,False,8445,24fbe6b57e7a52c362f5070946395e40af7cbe2634292957da4f45a57a052cd9,samples/p000460_a000064_000168_c17_l0.npz
p000460_a000064_000168_c18_l0,p000460,VAL,p000460_a000064,000168,18,multiview_distance,1.2,180,10,0,400,0,0,True,67971,87e11414159f4fd58f40fc9f81a7c62294bfad39a1242cb9ac37660767b562bf,samples/p000460_a000064_000168_c18_l0.npz
p000460_a000064_000168_c19_l0,p000460,VAL,p000460_a000064,000168,19,multiview_distance,1.8,180,10,0,400,0,0,False,32304,2b55e41dca0adc38f49218804062a786ea7b59c69237b7a4af5c0645bc0e96ca,samples/p000460_a000064_000168_c19_l0.npz
p000460_a000064_000168_c20_l0,p000460,VAL,p000460_a000064,000168,20,multiview_distance,2.5,180,10,0,400,0,0,False,16422,e7469292f28781488ae05f3ca40c83e2c5137541c4a9676064f20e1a24dd8085,samples/p000460_a000064_000168_c20_l0.npz
p000460_a000064_000168_c21_l0,p000460,VAL,p000460_a000064,000168,21,multiview_distance,3.2,180,10,0,400,0,0,False,9935,622faa4dedcfac2563842d369b631f9aba9bfa51656d23f7d773560c6ed264b7,samples/p000460_a000064_000168_c21_l0.npz
p000460_a000064_000168_c22_l0,p000460,VAL,p000460_a000064,000168,22,multiview_distance,1.2,240,10,0,400,0,0,True,51294,fc23c2f580dd6e174f6399fd7f308adc627021cf4888fd03df313b6d612fa6a4,samples/p000460_a000064_000168_c22_l0.npz
p000460_a000064_000168_c23_l0,p000460,VAL,p000460_a000064,000168,23,multiview_distance,1.8,240,10,0,400,0,0,False,26919,f1a803d4cc0599452cd7479d3b9494a26763036c332e006627fd54e79ea89980,samples/p000460_a000064_000168_c23_l0.npz
p000460_a000064_000168_c24_l0,p000460,VAL,p000460_a000064,000168,24,multiview_distance,2.5,240,10,0,400,0,0,False,13851,e13d13e89c1b7c256d0dfd4d1f71fe48fab258a70103229d8b87d401ea742257,samples/p000460_a000064_000168_c24_l0.npz
p000460_a000064_000168_c25_l0,p000460,VAL,p000460_a000064,000168,25,multiview_distance,3.2,240,10,0,400,0,0,False,8438,b7fcc836c34535b88b29692f91eb6732dfdd3a445c99c50d213406e04555bd67,samples/p000460_a000064_000168_c25_l0.npz
p000460_a000064_000168_c26_l0,p000460,VAL,p000460_a000064,000168,26,multiview_distance,1.2,300,10,0,400,0,0,True,46821,e0699d091e9eb608eb45a4214bf0526425b00d41ddd2c8d10e45d898fff93a5b,samples/p000460_a000064_000168_c26_l0.npz
p000460_a000064_000168_c27_l0,p000460,VAL,p000460_a000064,000168,27,multiview_distance,1.8,300,10,0,400,0,0,False,23099,ab023efe200ddddc21c4f8541ba3c22855b6aec758e7be02325daf9f4a2b45c2,samples/p000460_a000064_000168_c27_l0.npz
p000460_a000064_000168_c28_l0,p000460,VAL,p000460_a000064,000168,28,multiview_distance,2.5,300,10,0,400,0,0,False,12016,8e576ae349f4e14d278476f08f1fabebe48d10620c3bd7b88cbae65f7c2c1f2d,samples/p000460_a000064_000168_c28_l0.npz
p000460_a000064_000168_c29_l0,p000460,VAL,p000460_a000064,000168,29,multiview_distance,3.2,300,10,0,400,0,0,False,7365,0ac1fe740e06def07b35c698012f8d2afe71a9dc235a1795b8083d31f5a700d2,samples/p000460_a000064_000168_c29_l0.npz
p000460_a000064_000168_c30_l0,p000460,VAL,p000460_a000064,000168,30,elevation,1.8,180,0,0,400,0,0,False,31865,4e7a14834549a7295df1985bcec7c1064e24616958c4da99bb5b5ab1df735a10,samples/p000460_a000064_000168_c30_l0.npz
p000460_a000064_000168_c31_l0,p000460,VAL,p000460_a000064,000168,31,elevation,3.2,180,0,0,400,0,0,False,9649,013ae80adbc7f34c213721aee6dc704134032bcc9b7cef84efa2a01b5d20c532,samples/p000460_a000064_000168_c31_l0.npz
p000460_a000064_000168_c32_l0,p000460,VAL,p000460_a000064,000168,32,elevation,1.8,180,25,0,400,0,0,False,32427,d7a3a3ff2f4783040152d6598c815bbd74e830e873f3a86af40b4f800a3137fd,samples/p000460_a000064_000168_c32_l0.npz
p000460_a000064_000168_c33_l0,p000460,VAL,p000460_a000064,000168,33,elevation,3.2,180,25,0,400,0,0,False,10062,10a89fde45c51a82daba02799c907c1648507e3ff9914aaee5c5d42be8004b7f,samples/p000460_a000064_000168_c33_l0.npz
p000460_a000064_000168_c34_l0,p000460,VAL,p000460_a000064,000168,34,elevation,1.8,180,45,0,400,0,0,False,31452,565bff8565c24182df6c257c81e24fac6e8793d0c5777b9a80666387ef0e9710,samples/p000460_a000064_000168_c34_l0.npz
p000460_a000064_000168_c35_l0,p000460,VAL,p000460_a000064,000168,35,elevation,3.2,180,45,0,400,0,0,False,9574,9780712f04e90165bf3081c42ebf4661763e46991dd8e09dd8fd26cd09dd8318,samples/p000460_a000064_000168_c35_l0.npz
p000460_a000064_000168_c36_l0,p000460,VAL,p000460_a000064,000168,36,elevation,1.8,180,65,0,400,0,0,False,28672,bf60d51470809adf8251a990052a7ca3b8a9fe8316dea2324e6cc879d90a4c09,samples/p000460_a000064_000168_c36_l0.npz
p000460_a000064_000168_c37_l0,p000460,VAL,p000460_a000064,000168,37,elevation,3.2,180,65,0,400,0,0,False,8295,560a5703f050e8e972ec28b34dbb67e62b98750776876accabd18bc1dc5552cd,samples/p000460_a000064_000168_c37_l0.npz
p000460_a000064_000168_c38_l0,p000460,VAL,p000460_a000064,000168,38,elevation,1.8,180,85,0,400,0,0,False,23395,90fe258d50a0a83c11f38bf79b87a3cef7114bdb50f3cf52b8976b0460aa382b,samples/p000460_a000064_000168_c38_l0.npz
p000460_a000064_000168_c39_l0,p000460,VAL,p000460_a000064,000168,39,elevation,3.2,180,85,0,400,0,0,False,6337,f4ffceaeaa54634dc816d40a39aa0040f70b764b913e89639c34a3cd4debf731,samples/p000460_a000064_000168_c39_l0.npz
p000460_a000064_000168_c40_l0,p000460,VAL,p000460_a000064,000168,40,roll,1.8,180,10,-90,400,0,0,False,32304,898aa09d6a0111c04b0b96b9827487a27f796b36de27c6d7c975cb2ec5be24cb,samples/p000460_a000064_000168_c40_l0.npz
p000460_a000064_000168_c41_l0,p000460,VAL,p000460_a000064,000168,41,roll,3.2,180,10,-90,400,0,0,False,9935,e039746a37d0efc56bc089c39f6ea83fb948f239da20450f7a04b156b1c7eb7b,samples/p000460_a000064_000168_c41_l0.npz
p000460_a000064_000168_c42_l0,p000460,VAL,p000460_a000064,000168,42,roll,1.8,180,10,-45,400,0,0,False,32305,155242abe5cc1130bc4419c3d8460ce933a4c897f8db1e5d7d2a395117c9f550,samples/p000460_a000064_000168_c42_l0.npz
p000460_a000064_000168_c43_l0,p000460,VAL,p000460_a000064,000168,43,roll,3.2,180,10,-45,400,0,0,False,9947,c6fd1689b99ad162b29cec057c2eab9a925a82423e6c9d30038dd0e054041c13,samples/p000460_a000064_000168_c43_l0.npz
p000460_a000064_000168_c44_l0,p000460,VAL,p000460_a000064,000168,44,roll,1.8,180,10,-15,400,0,0,False,32272,01a6b1bad803e9b2de25ada7b3e84a933cc1c52e6457783018874fd044093d5d,samples/p000460_a000064_000168_c44_l0.npz
p000460_a000064_000168_c45_l0,p000460,VAL,p000460_a000064,000168,45,roll,3.2,180,10,-15,400,0,0,False,9941,1f9d2639559418d3378422bfb553ce64a54b0aa88317a66afc1d07ee516d9363,samples/p000460_a000064_000168_c45_l0.npz
p000460_a000064_000168_c46_l0,p000460,VAL,p000460_a000064,000168,46,roll,1.8,180,10,15,400,0,0,False,32304,d4e603d0df9ecf3f7e34281128fe02a351b07c4881755c36e59bed6ccb12e2f5,samples/p000460_a000064_000168_c46_l0.npz
p000460_a000064_000168_c47_l0,p000460,VAL,p000460_a000064,000168,47,roll,3.2,180,10,15,400,0,0,False,9936,32572f568eae0450d94513b7a848ca4453271b3a94307fb00731d47532144793,samples/p000460_a000064_000168_c47_l0.npz
p000460_a000064_000168_c48_l0,p000460,VAL,p000460_a000064,000168,48,roll,1.8,180,10,45,400,0,0,False,32305,c8b70f2fdac922b16f213a6961a1211450c5527c5c927be46f28fb3c6dd8d0d9,samples/p000460_a000064_000168_c48_l0.npz
p000460_a000064_000168_c49_l0,p000460,VAL,p000460_a000064,000168,49,roll,3.2,180,10,45,400,0,0,False,9947,21212128b41067debd9dd1581fcbcab3028c5d62617452e5d95d90e4fcacb1da,samples/p000460_a000064_000168_c49_l0.npz
p000460_a000064_000168_c50_l0,p000460,VAL,p000460_a000064,000168,50,roll,1.8,180,10,90,400,0,0,False,32304,be757da5b72f93f04d37818e9382551131af13f2b68603477a8c93cae929c494,samples/p000460_a000064_000168_c50_l0.npz
p000460_a000064_000168_c51_l0,p000460,VAL,p000460_a000064,000168,51,roll,3.2,180,10,90,400,0,0,False,9935,605ab17e49fa6b5a8041699ac5deee02cc990411d2fea04b6eba160d1a556bb4,samples/p000460_a000064_000168_c51_l0.npz
p000460_a000064_000168_c52_l0,p000460,VAL,p000460_a000064,000168,52,offcentre,2.5,180,10,0,400,-0.25,0,False,17698,4f41ce6609afb0ed360ab2bf9ab3c94af14ec44ca28812e3f375770a956e8e1f,samples/p000460_a000064_000168_c52_l0.npz
p000460_a000064_000168_c53_l0,p000460,VAL,p000460_a000064,000168,53,offcentre,2.5,180,10,0,400,0.25,0,False,16858,0511614a9a05ade0c96a4efe01ac4969d22bd048491127f57f29fd758deb03e8,samples/p000460_a000064_000168_c53_l0.npz
p000460_a000064_000168_c54_l0,p000460,VAL,p000460_a000064,000168,54,offcentre,2.5,180,10,0,400,0,-0.2,False,15814,00416d36efb8d52a8017a95325ad863f4f27a9ba61642e56669927f720462526,samples/p000460_a000064_000168_c54_l0.npz
p000460_a000064_000168_c55_l0,p000460,VAL,p000460_a000064,000168,55,offcentre,2.5,180,10,0,400,0,0.2,False,17272,a3117e6d088bf90269bde24a86eab6b244b27c4b5cc677983a87ddca031449b8,samples/p000460_a000064_000168_c55_l0.npz
p000460_a000064_000168_c56_l0,p000460,VAL,p000460_a000064,000168,56,focal,2.5,180,10,0,300,0,0,False,9232,8913f935b8858fc7a53b79ab0bd6ee7e0851b2bd5ec9bfe48e2c0322259f8739,samples/p000460_a000064_000168_c56_l0.npz
p000460_a000064_000168_c57_l0,p000460,VAL,p000460_a000064,000168,57,focal,2.5,180,10,0,500,0,0,False,25664,11be1c7c064f8ed3c8e53ae51c3ff60d8d89d1609ec8799d45b295fc27064e94,samples/p000460_a000064_000168_c57_l0.npz
p000460_a000064_000168_c58_l0,p000460,VAL,p000460_a000064,000168,58,focal,2.5,180,10,0,650,0,0,False,43346,eac22b595ba4f0225bcd0d33ae2cbf52bf01d7cb8da46163a06128f5df66fd56,samples/p000460_a000064_000168_c58_l0.npz
p000460_a000064_000168_c59_l0,p000460,VAL,p000460_a000064,000168,59,focal,2.5,180,10,0,850,0,0,True,69079,eebe961290ff49ae6347bde06f814b7e2d19f2f6f920dec00516a9872f279b1f,samples/p000460_a000064_000168_c59_l0.npz
p000460_a000064_000168_c60_l0,p000460,VAL,p000460_a000064,000168,60,matched_angular_size,1.2,180,10,0,200,0,0,False,19152,7bdb9f77c810a15e84ecb4e5834f08b5eae1fa440915be6472c8ee544a888fc1,samples/p000460_a000064_000168_c60_l0.npz
p000460_a000064_000168_c61_l0,p000460,VAL,p000460_a000064,000168,61,matched_angular_size,1.8,180,10,0,300,0,0,False,18154,a6fe81c0fa9dc6654e4d3f7ef01e390c024c3d7184efb8d1523238480844b8f6,samples/p000460_a000064_000168_c61_l0.npz
p000460_a000064_000168_c62_l0,p000460,VAL,p000460_a000064,000168,62,matched_angular_size,3,180,10,0,500,0,0,False,17713,6ce4ccba530959ada76b33b350c3af2965f43abd5ae639223464d19dca8e737d,samples/p000460_a000064_000168_c62_l0.npz
p000460_a000064_000168_c63_l0,p000460,VAL,p000460_a000064,000168,63,matched_angular_size,4,180,10,0,666.6666666666666,0,0,False,17591,35cb43abae73701f19fa5a05918f60b2f4927540346f5ecf973f906f5cbc488c,samples/p000460_a000064_000168_c63_l0.npz
p000460_a000211_000060_c00_l0,p000460,VAL,p000460_a000211,000060,0,distance,0.8,30,10,0,400,0,0,True,101092,56443fe172a11659108f72bea9bc8e5893866665b6bcfd9fa42a4f315586496c,samples/p000460_a000211_000060_c00_l0.npz
p000460_a000211_000060_c01_l0,p000460,VAL,p000460_a000211,000060,1,distance,1.2,30,10,0,400,0,0,True,59309,1690481c9cf8f6ebd5e239f64a8d282d81feea2e7ae0cf2d0d786a30341e41c8,samples/p000460_a000211_000060_c01_l0.npz
p000460_a000211_000060_c02_l0,p000460,VAL,p000460_a000211,000060,2,distance,1.8,30,10,0,400,0,0,False,28032,9423bfaf65a9c9f95c72e0c729c24825f3d996f3a272e442c8127bbecab708ac,samples/p000460_a000211_000060_c02_l0.npz
p000460_a000211_000060_c03_l0,p000460,VAL,p000460_a000211,000060,3,distance,2.5,30,10,0,400,0,0,False,13897,61b0e5b4a0ea247663bbf20fe2ed35cc15188539d784194f1b8dd1c448cd3968,samples/p000460_a000211_000060_c03_l0.npz
p000460_a000211_000060_c04_l0,p000460,VAL,p000460_a000211,000060,4,distance,3.2,30,10,0,400,0,0,False,8323,b7b983abe3173dc177c9a488d428c2e09c3517499862326e77ed7f977acdd69a,samples/p000460_a000211_000060_c04_l0.npz
p000460_a000211_000060_c05_l0,p000460,VAL,p000460_a000211,000060,5,distance,4.0,30,10,0,400,0,0,False,5273,1f1d43ce3ca32871d099c2defd263e837e79a41675f341aa967e634cd0fe54ca,samples/p000460_a000211_000060_c05_l0.npz
p000460_a000211_000060_c06_l0,p000460,VAL,p000460_a000211,000060,6,multiview_distance,1.2,0,10,0,400,0,0,True,62351,f2af27f2c6a8f1cd1589ee4a0fba78d90857012e72f514e9ec56fa581caaafd7,samples/p000460_a000211_000060_c06_l0.npz
p000460_a000211_000060_c07_l0,p000460,VAL,p000460_a000211,000060,7,multiview_distance,1.8,0,10,0,400,0,0,False,28933,1d8547eaaef14510ac014ac27ba977f82b358a73be99bcb2b622453d65643adc,samples/p000460_a000211_000060_c07_l0.npz
p000460_a000211_000060_c08_l0,p000460,VAL,p000460_a000211,000060,8,multiview_distance,2.5,0,10,0,400,0,0,False,14341,579a83915d87110a1ab5a5693fd0ff8bca0e31e0d1c7f0782cb9d5368ecfdc8d,samples/p000460_a000211_000060_c08_l0.npz
p000460_a000211_000060_c09_l0,p000460,VAL,p000460_a000211,000060,9,multiview_distance,3.2,0,10,0,400,0,0,False,8612,230bb9a78b868ecfee85c758d9704e5ad4679325ced42ceb8de3246b4b395ded,samples/p000460_a000211_000060_c09_l0.npz
p000460_a000211_000060_c10_l0,p000460,VAL,p000460_a000211,000060,10,multiview_distance,1.2,60,10,0,400,0,0,True,50467,f2d741076c0e0d86d7e75e714d8c4fbf2b180cdd9220a46d8e46b72405f31f48,samples/p000460_a000211_000060_c10_l0.npz
p000460_a000211_000060_c11_l0,p000460,VAL,p000460_a000211,000060,11,multiview_distance,1.8,60,10,0,400,0,0,False,24964,43023137980693c9515e69f1dbafa6d84e6813db0177eb05d9b785c09a8f5139,samples/p000460_a000211_000060_c11_l0.npz
p000460_a000211_000060_c12_l0,p000460,VAL,p000460_a000211,000060,12,multiview_distance,2.5,60,10,0,400,0,0,False,12529,c4b083552f33a99221404334b7831f8ac6e491e7ce559454665804a7f83e3604,samples/p000460_a000211_000060_c12_l0.npz
p000460_a000211_000060_c13_l0,p000460,VAL,p000460_a000211,000060,13,multiview_distance,3.2,60,10,0,400,0,0,False,7553,ddb8c8338c98d0f14d1abd2d2fb6f5f98ed1e9a4401ed3c3f19c9ebff95aed1f,samples/p000460_a000211_000060_c13_l0.npz
p000460_a000211_000060_c14_l0,p000460,VAL,p000460_a000211,000060,14,multiview_distance,1.2,120,10,0,400,0,0,True,54459,5b140355021bf9bc84ab576c6399dbdeda53fbbe8216e34f6b673e85c48abe6c,samples/p000460_a000211_000060_c14_l0.npz
p000460_a000211_000060_c15_l0,p000460,VAL,p000460_a000211,000060,15,multiview_distance,1.8,120,10,0,400,0,0,False,26572,52315009d9a18552859817e44de822775f33dc4e8c2e32653af086ebc294bff7,samples/p000460_a000211_000060_c15_l0.npz
p000460_a000211_000060_c16_l0,p000460,VAL,p000460_a000211,000060,16,multiview_distance,2.5,120,10,0,400,0,0,False,13463,56ebcc85aa3ca3ff59d9f07c2bc0f849e215d70001ebe55efdfcdd835eabd5f4,samples/p000460_a000211_000060_c16_l0.npz
p000460_a000211_000060_c17_l0,p000460,VAL,p000460_a000211,000060,17,multiview_distance,3.2,120,10,0,400,0,0,False,8135,3c0830b37f643694f5e782d28e3bd3f7b35adecf1e4654c5172a400aeaab7a18,samples/p000460_a000211_000060_c17_l0.npz
p000460_a000211_000060_c18_l0,p000460,VAL,p000460_a000211,000060,18,multiview_distance,1.2,180,10,0,400,0,0,True,64656,6aeccd25a8471dac9a83fa8fe641e8c4223e3c182c63f05b7f9d3ab23e8e2bc2,samples/p000460_a000211_000060_c18_l0.npz
p000460_a000211_000060_c19_l0,p000460,VAL,p000460_a000211,000060,19,multiview_distance,1.8,180,10,0,400,0,0,False,31243,997a383d3e4e976d62e2fff3b05ba2d89949171bfdfcef778af403e722ce8053,samples/p000460_a000211_000060_c19_l0.npz
p000460_a000211_000060_c20_l0,p000460,VAL,p000460_a000211,000060,20,multiview_distance,2.5,180,10,0,400,0,0,False,15928,db36b6a2363991fbd474d88fdeac04d2c493986205221993abb27d850c2fd127,samples/p000460_a000211_000060_c20_l0.npz
p000460_a000211_000060_c21_l0,p000460,VAL,p000460_a000211,000060,21,multiview_distance,3.2,180,10,0,400,0,0,False,9669,aec30f782472d670be10202bcf9ba9c9744316054d39a618e52ba42b103a2178,samples/p000460_a000211_000060_c21_l0.npz
p000460_a000211_000060_c22_l0,p000460,VAL,p000460_a000211,000060,22,multiview_distance,1.2,240,10,0,400,0,0,True,54235,ff8ee2cc995d4fbb5a5732da9b86886ea1c9ad6ecc0e77130524f06ff68979b6,samples/p000460_a000211_000060_c22_l0.npz
p000460_a000211_000060_c23_l0,p000460,VAL,p000460_a000211,000060,23,multiview_distance,1.8,240,10,0,400,0,0,False,26608,194eb2ae9dddc5d68587510630cff0a1f0a07521661a834c718ebd2057b18ef2,samples/p000460_a000211_000060_c23_l0.npz
p000460_a000211_000060_c24_l0,p000460,VAL,p000460_a000211,000060,24,multiview_distance,2.5,240,10,0,400,0,0,False,13591,d1aca1e814a141236790a8c2c48603c854edf912bbf7f1be8aca6844128efab1,samples/p000460_a000211_000060_c24_l0.npz
p000460_a000211_000060_c25_l0,p000460,VAL,p000460_a000211,000060,25,multiview_distance,3.2,240,10,0,400,0,0,False,8228,8ad43f52a97b8f94971cbac01be338179ab74ac2b394b1213ee40c5b8cc18554,samples/p000460_a000211_000060_c25_l0.npz
p000460_a000211_000060_c26_l0,p000460,VAL,p000460_a000211,000060,26,multiview_distance,1.2,300,10,0,400,0,0,True,48133,3cf2bf9df0066b4cc2b58b151d40feb251f549ce0be592a6a1b445202b684b0d,samples/p000460_a000211_000060_c26_l0.npz
p000460_a000211_000060_c27_l0,p000460,VAL,p000460_a000211,000060,27,multiview_distance,1.8,300,10,0,400,0,0,False,23644,645ae742401b7b9d00f2c73472b0b44376ec7a1e07119dae4cde612c153bab45,samples/p000460_a000211_000060_c27_l0.npz
p000460_a000211_000060_c28_l0,p000460,VAL,p000460_a000211,000060,28,multiview_distance,2.5,300,10,0,400,0,0,False,12023,17e0c5da7649251bc192dd1fa418b5b8d6034a5ea434417503444f3e1cf430bb,samples/p000460_a000211_000060_c28_l0.npz
p000460_a000211_000060_c29_l0,p000460,VAL,p000460_a000211,000060,29,multiview_distance,3.2,300,10,0,400,0,0,False,7292,3fa5e8bad1584643f4a39340f6a774031ac557eec906bd6b9071a12b83fcec96,samples/p000460_a000211_000060_c29_l0.npz
p000460_a000211_000060_c30_l0,p000460,VAL,p000460_a000211,000060,30,elevation,1.8,180,0,0,400,0,0,False,30694,1d611039eb81e6743fae7000f0b2fa3c871f1b8752fe5fdbb2a211a3f4170378,samples/p000460_a000211_000060_c30_l0.npz
p000460_a000211_000060_c31_l0,p000460,VAL,p000460_a000211,000060,31,elevation,3.2,180,0,0,400,0,0,False,9322,adc07e9877ae9c0b5bafd1d65f2e807d1d05e12053971e63f3b8ac05dc7d1b91,samples/p000460_a000211_000060_c31_l0.npz
p000460_a000211_000060_c32_l0,p000460,VAL,p000460_a000211,000060,32,elevation,1.8,180,25,0,400,0,0,False,31538,a44ce888f14d65e1dfe4a04cdbbd3d2bc73d58d49d4a10dc157af0e64773355f,samples/p000460_a000211_000060_c32_l0.npz
p000460_a000211_000060_c33_l0,p000460,VAL,p000460_a000211,000060,33,elevation,3.2,180,25,0,400,0,0,False,9813,8d4235442fc3661d83f9bad0379e648462534aee891bba8ed751a51490cadfaa,samples/p000460_a000211_000060_c33_l0.npz
p000460_a000211_000060_c34_l0,p000460,VAL,p000460_a000211,000060,34,elevation,1.8,180,45,0,400,0,0,False,30689,abef2563b051a2d4e42a43b88dcc29e634b7e7195c208215c68b14b32742852b,samples/p000460_a000211_000060_c34_l0.npz
p000460_a000211_000060_c35_l0,p000460,VAL,p000460_a000211,000060,35,elevation,3.2,180,45,0,400,0,0,False,9353,e0f60c2f4b447a5665ac1976e4f254d77cb0df22b00b5ce789be091feef5ff9f,samples/p000460_a000211_000060_c35_l0.npz
p000460_a000211_000060_c36_l0,p000460,VAL,p000460_a000211,000060,36,elevation,1.8,180,65,0,400,0,0,False,27929,dd69c0fd6e2e48c9aeeb58ea00ce87b5b9fe7de94c46f6c2ab115ed4fbf76f72,samples/p000460_a000211_000060_c36_l0.npz
p000460_a000211_000060_c37_l0,p000460,VAL,p000460_a000211,000060,37,elevation,3.2,180,65,0,400,0,0,False,8025,b334845c83c6f35d5e5aebd00d326459d36a38a41e250e9aa0ebf1609e058f01,samples/p000460_a000211_000060_c37_l0.npz
p000460_a000211_000060_c38_l0,p000460,VAL,p000460_a000211,000060,38,elevation,1.8,180,85,0,400,0,0,False,21733,249cd3b0ab07bfca04ddb958da49e2db93ac4c6e6f49ffd10669f8232159e2de,samples/p000460_a000211_000060_c38_l0.npz
p000460_a000211_000060_c39_l0,p000460,VAL,p000460_a000211,000060,39,elevation,3.2,180,85,0,400,0,0,False,5794,6ab298e676c43facb4f218209301eb70c1e74f0d6b0cc8b85578abcaf9d1b21a,samples/p000460_a000211_000060_c39_l0.npz
p000460_a000211_000060_c40_l0,p000460,VAL,p000460_a000211,000060,40,roll,1.8,180,10,-90,400,0,0,False,31243,7c4a192eec9a6c985efde0e6b0576e4b232f043b3f226f34e9371282e8f3321e,samples/p000460_a000211_000060_c40_l0.npz
p000460_a000211_000060_c41_l0,p000460,VAL,p000460_a000211,000060,41,roll,3.2,180,10,-90,400,0,0,False,9669,001160038c6fead1ad61dcbf6561c5d3c87d440e3556564ccf7d352ecb8b6961,samples/p000460_a000211_000060_c41_l0.npz
p000460_a000211_000060_c42_l0,p000460,VAL,p000460_a000211,000060,42,roll,1.8,180,10,-45,400,0,0,False,31235,6791db3f198af8ea03e58f1214c924a2e0b0cd3655008e0cb820069b2f77b94c,samples/p000460_a000211_000060_c42_l0.npz
p000460_a000211_000060_c43_l0,p000460,VAL,p000460_a000211,000060,43,roll,3.2,180,10,-45,400,0,0,False,9672,43e7cf80da079eda24942cd6cdd176ca5a40008943081e6d336675cc33f154dc,samples/p000460_a000211_000060_c43_l0.npz
p000460_a000211_000060_c44_l0,p000460,VAL,p000460_a000211,000060,44,roll,1.8,180,10,-15,400,0,0,False,31229,180932091dc1fef436e6273a1a3680b29f3d403e7a58f23a800432f6eb21f7b1,samples/p000460_a000211_000060_c44_l0.npz
p000460_a000211_000060_c45_l0,p000460,VAL,p000460_a000211,000060,45,roll,3.2,180,10,-15,400,0,0,False,9664,c4fff9386c47d0eafd29d228dbaa7f806a68a3d07eea899b4522e346a89e54f2,samples/p000460_a000211_000060_c45_l0.npz
p000460_a000211_000060_c46_l0,p000460,VAL,p000460_a000211,000060,46,roll,1.8,180,10,15,400,0,0,False,31239,d270ddc21cf0d444a63f0ac0c3a48293013b2db4b98a61d5d24d5320fd7ccbec,samples/p000460_a000211_000060_c46_l0.npz
p000460_a000211_000060_c47_l0,p000460,VAL,p000460_a000211,000060,47,roll,3.2,180,10,15,400,0,0,False,9669,7fe3e1e51af00f1adeef402449d0576e495aa183bacf4ea9c9921cd455256bd4,samples/p000460_a000211_000060_c47_l0.npz
p000460_a000211_000060_c48_l0,p000460,VAL,p000460_a000211,000060,48,roll,1.8,180,10,45,400,0,0,False,31235,7391b0d7903cf5896aa120426bb61ebc5b51c2fdc197c94bd99f1479dcc7f736,samples/p000460_a000211_000060_c48_l0.npz
p000460_a000211_000060_c49_l0,p000460,VAL,p000460_a000211,000060,49,roll,3.2,180,10,45,400,0,0,False,9672,524282bdefbab4237a5881fc1cc968d1386f6c5762875ea676f5bd65d83ff45b,samples/p000460_a000211_000060_c49_l0.npz
p000460_a000211_000060_c50_l0,p000460,VAL,p000460_a000211,000060,50,roll,1.8,180,10,90,400,0,0,False,31243,e55b803424fb57e2b45e025f3e0eb11e51c2c2a2a8be0b437285bae9b2320b94,samples/p000460_a000211_000060_c50_l0.npz
p000460_a000211_000060_c51_l0,p000460,VAL,p000460_a000211,000060,51,roll,3.2,180,10,90,400,0,0,False,9669,697fc22b88e9bd57b6100892a3beec4f4f290867bf79c899e9cb4ecb4ad245e4,samples/p000460_a000211_000060_c51_l0.npz
p000460_a000211_000060_c52_l0,p000460,VAL,p000460_a000211,000060,52,offcentre,2.5,180,10,0,400,-0.25,0,False,16679,ae1e892a28720e6b2dcf342f5cea49038add7a1b75d35e8b43ed6485434e3584,samples/p000460_a000211_000060_c52_l0.npz
p000460_a000211_000060_c53_l0,p000460,VAL,p000460_a000211,000060,53,offcentre,2.5,180,10,0,400,0.25,0,False,16531,e286107d8bb23dc9f356c9a703cd3df8b572b1b333c0b878bf4d9132bbe4d999,samples/p000460_a000211_000060_c53_l0.npz
p000460_a000211_000060_c54_l0,p000460,VAL,p000460_a000211,000060,54,offcentre,2.5,180,10,0,400,0,-0.2,False,15256,879c62f3cc2199a17012ea7ec7d3b0be85206de979b77a48a7e79b852c8d18e0,samples/p000460_a000211_000060_c54_l0.npz
p000460_a000211_000060_c55_l0,p000460,VAL,p000460_a000211,000060,55,offcentre,2.5,180,10,0,400,0,0.2,True,16721,cbb0f827724ccaa3b0a916145b6dde7561721280662061ef53f360ff980b8836,samples/p000460_a000211_000060_c55_l0.npz
p000460_a000211_000060_c56_l0,p000460,VAL,p000460_a000211,000060,56,focal,2.5,180,10,0,300,0,0,False,8961,61819f3164f3e2fa58dfdc1424c621e5285b337d3a4573a5cc856b56953f5c84,samples/p000460_a000211_000060_c56_l0.npz
p000460_a000211_000060_c57_l0,p000460,VAL,p000460_a000211,000060,57,focal,2.5,180,10,0,500,0,0,False,24891,94c9b55cc30f023762220c7502df5c2c82b2a769a9313b03b6abde2ccbe2caa7,samples/p000460_a000211_000060_c57_l0.npz
p000460_a000211_000060_c58_l0,p000460,VAL,p000460_a000211,000060,58,focal,2.5,180,10,0,650,0,0,False,42084,ff075906eb98ec04bfced23d1df9fa94b2f1a6ca752fa53a581c2211adc0f892,samples/p000460_a000211_000060_c58_l0.npz
p000460_a000211_000060_c59_l0,p000460,VAL,p000460_a000211,000060,59,focal,2.5,180,10,0,850,0,0,True,65221,0b9ca5c6d67eb1121aab6ff29e4858ad5a5224d6cd22c8a98329ca18a0b5a7b2,samples/p000460_a000211_000060_c59_l0.npz
p000460_a000211_000060_c60_l0,p000460,VAL,p000460_a000211,000060,60,matched_angular_size,1.2,180,10,0,200,0,0,False,18384,2541484378e0031ddc0d75d924c23eee7002a57a66224e511cd1d6dba849e392,samples/p000460_a000211_000060_c60_l0.npz
p000460_a000211_000060_c61_l0,p000460,VAL,p000460_a000211,000060,61,matched_angular_size,1.8,180,10,0,300,0,0,False,17584,03b88aa8286a0d4a5cc4488158a55a00a2a0791d4d06ab7ad699258d5cca1a5d,samples/p000460_a000211_000060_c61_l0.npz
p000460_a000211_000060_c62_l0,p000460,VAL,p000460_a000211,000060,62,matched_angular_size,3,180,10,0,500,0,0,False,17192,7254fea098670cda3c6d963e068058dccc8fe4c2b86d4fb9505f690f0af67b12,samples/p000460_a000211_000060_c62_l0.npz
p000460_a000211_000060_c63_l0,p000460,VAL,p000460_a000211,000060,63,matched_angular_size,4,180,10,0,666.6666666666666,0,0,False,17120,3db7a68c1ac05decd014ba7c5fc53f313af7e24942b25939b49946b9cd5b1db4,samples/p000460_a000211_000060_c63_l0.npz
p000460_a000211_000234_c00_l0,p000460,VAL,p000460_a000211,000234,0,distance,0.8,30,10,0,400,0,0,True,98468,c5c9f5a7004dc3ebc2ddfce32f8077326f96ee16b748e40a1694368c5a840697,samples/p000460_a000211_000234_c00_l0.npz
p000460_a000211_000234_c01_l0,p000460,VAL,p000460_a000211,000234,1,distance,1.2,30,10,0,400,0,0,False,41951,eaf2ec37d0e9bae228a660e4bd1ef60babbb280651abbc01eb12e554f9c95282,samples/p000460_a000211_000234_c01_l0.npz
p000460_a000211_000234_c02_l0,p000460,VAL,p000460_a000211,000234,2,distance,1.8,30,10,0,400,0,0,False,18125,0f1f978960e6ef3cd6d8f2732de37dfa785b801515d347fa98a829fde34a4602,samples/p000460_a000211_000234_c02_l0.npz
p000460_a000211_000234_c03_l0,p000460,VAL,p000460_a000211,000234,3,distance,2.5,30,10,0,400,0,0,False,9509,a2c1d29aa0d71a33200af6a40eb8f24bd51cdb6f0d75ebd25ac808dc889e545b,samples/p000460_a000211_000234_c03_l0.npz
p000460_a000211_000234_c04_l0,p000460,VAL,p000460_a000211,000234,4,distance,3.2,30,10,0,400,0,0,False,5883,d819e4e79e8d059b87b2909ac44336144e5242cba90235d8843abdae56362df0,samples/p000460_a000211_000234_c04_l0.npz
p000460_a000211_000234_c05_l0,p000460,VAL,p000460_a000211,000234,5,distance,4.0,30,10,0,400,0,0,False,3815,000463fb619fd8aba253c35171b9954c754207f23b3de1b8e06a3b13b19b4a20,samples/p000460_a000211_000234_c05_l0.npz
p000460_a000211_000234_c06_l0,p000460,VAL,p000460_a000211,000234,6,multiview_distance,1.2,0,10,0,400,0,0,False,42799,a919bd6adfd6e86a6938e762c19a27a422ed0d8e4a10159ee5f4e3bf2709e989,samples/p000460_a000211_000234_c06_l0.npz
p000460_a000211_000234_c07_l0,p000460,VAL,p000460_a000211,000234,7,multiview_distance,1.8,0,10,0,400,0,0,False,17237,dda7941ffaeaffd34267a26dca791be0a080d801f5fd4db12dbcaef3de222bab,samples/p000460_a000211_000234_c07_l0.npz
p000460_a000211_000234_c08_l0,p000460,VAL,p000460_a000211,000234,8,multiview_distance,2.5,0,10,0,400,0,0,False,8808,08e1e82fd1043704e6f686b53f6d0e84c95119358c64c7eb19ac44faf0f08a51,samples/p000460_a000211_000234_c08_l0.npz
p000460_a000211_000234_c09_l0,p000460,VAL,p000460_a000211,000234,9,multiview_distance,3.2,0,10,0,400,0,0,False,5363,2caa015ecc58a7c72a0c89ef380e035e522c9963353ac952743a9002cbf64694,samples/p000460_a000211_000234_c09_l0.npz
p000460_a000211_000234_c10_l0,p000460,VAL,p000460_a000211,000234,10,multiview_distance,1.2,60,10,0,400,0,0,False,57581,2aaa955fb1ef7bbdba0bdc42884eba1d5e19f9b59af4785337447da27ddd791c,samples/p000460_a000211_000234_c10_l0.npz
p000460_a000211_000234_c11_l0,p000460,VAL,p000460_a000211,000234,11,multiview_distance,1.8,60,10,0,400,0,0,False,24431,3870c609f2094a4a6dec1f9a7ef116c0465712fe409da60ecbcb131233a1f502,samples/p000460_a000211_000234_c11_l0.npz
p000460_a000211_000234_c12_l0,p000460,VAL,p000460_a000211,000234,12,multiview_distance,2.5,60,10,0,400,0,0,False,12494,752aaa4cc2c6966914513fa4266bc40371dc7e71cc407974fcaa5dbef21dfade,samples/p000460_a000211_000234_c12_l0.npz
p000460_a000211_000234_c13_l0,p000460,VAL,p000460_a000211,000234,13,multiview_distance,3.2,60,10,0,400,0,0,False,7596,88a2113d48f86ca7ce2a3e58d35ad003199a32625153c90924294688f19fd5f4,samples/p000460_a000211_000234_c13_l0.npz
p000460_a000211_000234_c14_l0,p000460,VAL,p000460_a000211,000234,14,multiview_distance,1.2,120,10,0,400,0,0,True,69501,2339d3e0ec23fe9368b81d50f1a640fcf500f479f81ca2abd27096af13c01089,samples/p000460_a000211_000234_c14_l0.npz
p000460_a000211_000234_c15_l0,p000460,VAL,p000460_a000211,000234,15,multiview_distance,1.8,120,10,0,400,0,0,False,29404,4ac44ba66d1552ce2e839c061eb3df83be48ff57f099fb9a451af9a207923bbe,samples/p000460_a000211_000234_c15_l0.npz
p000460_a000211_000234_c16_l0,p000460,VAL,p000460_a000211,000234,16,multiview_distance,2.5,120,10,0,400,0,0,False,14188,6d6e99c730597de966430d952b119b76dbe24c7b0f0353499b9cc6240b18aae0,samples/p000460_a000211_000234_c16_l0.npz
p000460_a000211_000234_c17_l0,p000460,VAL,p000460_a000211,000234,17,multiview_distance,3.2,120,10,0,400,0,0,False,8375,a5457430c1e3401afe8902af8c04d9ff414ecf6b65caf5c6cef62c651f8c5116,samples/p000460_a000211_000234_c17_l0.npz
p000460_a000211_000234_c18_l0,p000460,VAL,p000460_a000211,000234,18,multiview_distance,1.2,180,10,0,400,0,0,True,66922,a67a763adf0d46f4adbf34fd1faa1b18dab437cf7a24b9794c767bad048d18dc,samples/p000460_a000211_000234_c18_l0.npz
p000460_a000211_000234_c19_l0,p000460,VAL,p000460_a000211,000234,19,multiview_distance,1.8,180,10,0,400,0,0,False,26888,568a9fd193e13b1c0cb9550822d4f6821abb8cfd60c8f5c1d619aba5fc02dd16,samples/p000460_a000211_000234_c19_l0.npz
p000460_a000211_000234_c20_l0,p000460,VAL,p000460_a000211,000234,20,multiview_distance,2.5,180,10,0,400,0,0,False,12528,6128a9a25f6a04c05b0264f87a884ec13de534957f363fa933761ed678746c61,samples/p000460_a000211_000234_c20_l0.npz
p000460_a000211_000234_c21_l0,p000460,VAL,p000460_a000211,000234,21,multiview_distance,3.2,180,10,0,400,0,0,False,7270,0fcf693caa84a5abc20a7f5acf4bc82f136d264c9d810e34e99bd2ef025d6ddb,samples/p000460_a000211_000234_c21_l0.npz
p000460_a000211_000234_c22_l0,p000460,VAL,p000460_a000211,000234,22,multiview_distance,1.2,240,10,0,400,0,0,True,69914,89ebc355e81c1f8580edbcdcf5d5840eb595ddea3848a0e32bea6d8bc5d001e8,samples/p000460_a000211_000234_c22_l0.npz
p000460_a000211_000234_c23_l0,p000460,VAL,p000460_a000211,000234,23,multiview_distance,1.8,240,10,0,400,0,0,False,29859,4a4bf84835267ad9ce3bec8ff927b6bec643e1e55e42424a77335c8bcabc46cb,samples/p000460_a000211_000234_c23_l0.npz
p000460_a000211_000234_c24_l0,p000460,VAL,p000460_a000211,000234,24,multiview_distance,2.5,240,10,0,400,0,0,False,14497,681d8a4db8dc387211657d1b90c0f5b95cbd537bf1b4bde7fd129c9e541e9da0,samples/p000460_a000211_000234_c24_l0.npz
p000460_a000211_000234_c25_l0,p000460,VAL,p000460_a000211,000234,25,multiview_distance,3.2,240,10,0,400,0,0,False,8564,1613b8199200c5a79ab443c1364de0e116779dcc0d9595a629322ff0bfd0ee2d,samples/p000460_a000211_000234_c25_l0.npz
p000460_a000211_000234_c26_l0,p000460,VAL,p000460_a000211,000234,26,multiview_distance,1.2,300,10,0,400,0,0,False,50400,9836a5341f0bd92717bb477f6a70bda376801497072772267385d663df818cc5,samples/p000460_a000211_000234_c26_l0.npz
p000460_a000211_000234_c27_l0,p000460,VAL,p000460_a000211,000234,27,multiview_distance,1.8,300,10,0,400,0,0,False,22842,3fb8f928c54593a8ba2d950b1f583ea7d444d2dc421927ae4c05c6ba59c8d6bd,samples/p000460_a000211_000234_c27_l0.npz
p000460_a000211_000234_c28_l0,p000460,VAL,p000460_a000211,000234,28,multiview_distance,2.5,300,10,0,400,0,0,False,12053,bf28f5bf36cb2a3fc2f1593c3333f61cb9aaeaf3ea7428de0314a3c54fa1b8c2,samples/p000460_a000211_000234_c28_l0.npz
p000460_a000211_000234_c29_l0,p000460,VAL,p000460_a000211,000234,29,multiview_distance,3.2,300,10,0,400,0,0,False,7418,fe3f22586e6d23bde4a126448159a4dec64ea5852e30cefec0605e497d1b92f0,samples/p000460_a000211_000234_c29_l0.npz
p000460_a000211_000234_c30_l0,p000460,VAL,p000460_a000211,000234,30,elevation,1.8,180,0,0,400,0,0,False,25807,2ee2547b79aaed677505808f3bbfc28d1f73f7a30305b345dad3684287cf40e9,samples/p000460_a000211_000234_c30_l0.npz
p000460_a000211_000234_c31_l0,p000460,VAL,p000460_a000211,000234,31,elevation,3.2,180,0,0,400,0,0,False,6927,394b0a039a8f390fae6d654654d934c130047d006fecdcf29dcb8234c06a0997,samples/p000460_a000211_000234_c31_l0.npz
p000460_a000211_000234_c32_l0,p000460,VAL,p000460_a000211,000234,32,elevation,1.8,180,25,0,400,0,0,False,26624,cf9dcd844adfa5dfdb6d09c6646f267db3fec8c15b2086cf11125238c5eb670d,samples/p000460_a000211_000234_c32_l0.npz
p000460_a000211_000234_c33_l0,p000460,VAL,p000460_a000211,000234,33,elevation,3.2,180,25,0,400,0,0,False,7387,9e7eae6f5921f4699a277b53c62acdc4822acfe6f01d127eb787957d3fee1a8f,samples/p000460_a000211_000234_c33_l0.npz
p000460_a000211_000234_c34_l0,p000460,VAL,p000460_a000211,000234,34,elevation,1.8,180,45,0,400,0,0,False,26196,b7be1062c0387047a0156e495384ff056fd2f6073985aaeeae3e5ac931b859b2,samples/p000460_a000211_000234_c34_l0.npz
p000460_a000211_000234_c35_l0,p000460,VAL,p000460_a000211,000234,35,elevation,3.2,180,45,0,400,0,0,False,7601,9550e0253ed60576613a610e6eafb79c8b5a7431d0f01292424191062bf53007,samples/p000460_a000211_000234_c35_l0.npz
p000460_a000211_000234_c36_l0,p000460,VAL,p000460_a000211,000234,36,elevation,1.8,180,65,0,400,0,0,False,25302,e53cc45c580e9c37c904e51a443c2332d24b39c484b2a782a521f7ce5c9badae,samples/p000460_a000211_000234_c36_l0.npz
p000460_a000211_000234_c37_l0,p000460,VAL,p000460_a000211,000234,37,elevation,3.2,180,65,0,400,0,0,False,7600,b1163ef470bf570d2315a15cf125d4f0064d632346cb6156dc7a49e0d8771a7c,samples/p000460_a000211_000234_c37_l0.npz
p000460_a000211_000234_c38_l0,p000460,VAL,p000460_a000211,000234,38,elevation,1.8,180,85,0,400,0,0,False,22832,cec412793bd998db22c1efb3fc7d6aef83d6bad2a9b3767aa92be0e1d8850a16,samples/p000460_a000211_000234_c38_l0.npz
p000460_a000211_000234_c39_l0,p000460,VAL,p000460_a000211,000234,39,elevation,3.2,180,85,0,400,0,0,False,7068,2924ae2581b541b317263b81acb7cedc35a85ab58b7ed63cf3e710c5cd6e2b31,samples/p000460_a000211_000234_c39_l0.npz
p000460_a000211_000234_c40_l0,p000460,VAL,p000460_a000211,000234,40,roll,1.8,180,10,-90,400,0,0,False,26888,8b89bd1e8a243acdc824194e80f9e0155a3ac45507b37417192439e4b974b2f6,samples/p000460_a000211_000234_c40_l0.npz
p000460_a000211_000234_c41_l0,p000460,VAL,p000460_a000211,000234,41,roll,3.2,180,10,-90,400,0,0,False,7270,b5f704f36fbb909d5908cc7f55170a7d7f46c8abfd6aa5f74cde1052cab36034,samples/p000460_a000211_000234_c41_l0.npz
p000460_a000211_000234_c42_l0,p000460,VAL,p000460_a000211,000234,42,roll,1.8,180,10,-45,400,0,0,False,26879,28938b0087a12727a6e506f1718839d6d58b709450a2220274653e2d29d480a7,samples/p000460_a000211_000234_c42_l0.npz
p000460_a000211_000234_c43_l0,p000460,VAL,p000460_a000211,000234,43,roll,3.2,180,10,-45,400,0,0,False,7276,bbcf0aa05a026c721115b3d09cd7d2ea5cec16e6caf423eec8eca5756a24f7e2,samples/p000460_a000211_000234_c43_l0.npz
p000460_a000211_000234_c44_l0,p000460,VAL,p000460_a000211,000234,44,roll,1.8,180,10,-15,400,0,0,False,26886,041b92b84f827a844736acd263597f7e1f9d9139934812b1163d7b2e3687135d,samples/p000460_a000211_000234_c44_l0.npz
p000460_a000211_000234_c45_l0,p000460,VAL,p000460_a000211,000234,45,roll,3.2,180,10,-15,400,0,0,False,7263,809fd79c5d10a01bbd43652f7d11c0811505f136f7940d79bd79d8951a859666,samples/p000460_a000211_000234_c45_l0.npz
p000460_a000211_000234_c46_l0,p000460,VAL,p000460_a000211,000234,46,roll,1.8,180,10,15,400,0,0,False,26879,f552569bf281d92163284fa5ba48e3d5fd551aa5d779a88bbb37439fcac1fc11,samples/p000460_a000211_000234_c46_l0.npz
p000460_a000211_000234_c47_l0,p000460,VAL,p000460_a000211,000234,47,roll,3.2,180,10,15,400,0,0,False,7272,0ab7c080a9c0be891acef31ea36a1b605c17a6f3722201980a165a0ac3895a55,samples/p000460_a000211_000234_c47_l0.npz
p000460_a000211_000234_c48_l0,p000460,VAL,p000460_a000211,000234,48,roll,1.8,180,10,45,400,0,0,False,26879,2e9c13342a5402b4ae296e4edb60c6fd051d7d87690336fcc77465923e3ff944,samples/p000460_a000211_000234_c48_l0.npz
p000460_a000211_000234_c49_l0,p000460,VAL,p000460_a000211,000234,49,roll,3.2,180,10,45,400,0,0,False,7276,7ebd49b1da728c26628c0d8a2a493862dc16fef7b027b3e3331b41cdeba9f850,samples/p000460_a000211_000234_c49_l0.npz
p000460_a000211_000234_c50_l0,p000460,VAL,p000460_a000211,000234,50,roll,1.8,180,10,90,400,0,0,False,26888,12c7659cc80058fe1ff0086d9cc067949953d02e49776b46523d26532c5b0f47,samples/p000460_a000211_000234_c50_l0.npz
p000460_a000211_000234_c51_l0,p000460,VAL,p000460_a000211,000234,51,roll,3.2,180,10,90,400,0,0,False,7270,581d3f7cf36d3e5179476ed0fc132186e63d854824b1c74bc2b70d611a31048d,samples/p000460_a000211_000234_c51_l0.npz
p000460_a000211_000234_c52_l0,p000460,VAL,p000460_a000211,000234,52,offcentre,2.5,180,10,0,400,-0.25,0,False,14721,9d49025e783424ef8a08cd7ee3c0d9fbcabc180b0f2f396e934ed00e9ebedba6,samples/p000460_a000211_000234_c52_l0.npz
p000460_a000211_000234_c53_l0,p000460,VAL,p000460_a000211,000234,53,offcentre,2.5,180,10,0,400,0.25,0,False,14598,614f20ec807ff4d2c1814a3676f5b1eba8a86ffad9d17f2a681ade6c9c8f0ee6,samples/p000460_a000211_000234_c53_l0.npz
p000460_a000211_000234_c54_l0,p000460,VAL,p000460_a000211,000234,54,offcentre,2.5,180,10,0,400,0,-0.2,False,11593,918faabdac4d7b0c6bd7e96896f1e4a524ade5402d2b23f50338e90eb0a6131c,samples/p000460_a000211_000234_c54_l0.npz
p000460_a000211_000234_c55_l0,p000460,VAL,p000460_a000211,000234,55,offcentre,2.5,180,10,0,400,0,0.2,False,13524,3fd9219996887c2b94a4f167cb272a9db14bbd1d613ea8aa4080d3f4d06bd8c0,samples/p000460_a000211_000234_c55_l0.npz
p000460_a000211_000234_c56_l0,p000460,VAL,p000460_a000211,000234,56,focal,2.5,180,10,0,300,0,0,False,7054,de346a9ac2667294ae1346fa4048a4f7870a20235335dc615245a810c3727806,samples/p000460_a000211_000234_c56_l0.npz
p000460_a000211_000234_c57_l0,p000460,VAL,p000460_a000211,000234,57,focal,2.5,180,10,0,500,0,0,False,19580,ce4ff08344277d0bfd725143ddc1f4c56bd8afbf1fb544c066799f029e3e8bce,samples/p000460_a000211_000234_c57_l0.npz
p000460_a000211_000234_c58_l0,p000460,VAL,p000460_a000211,000234,58,focal,2.5,180,10,0,650,0,0,False,33092,2fd6f89646774300c0989406962aa3bd8e32f0a57dd0ed881d3fd3b6d4bbc4fc,samples/p000460_a000211_000234_c58_l0.npz
p000460_a000211_000234_c59_l0,p000460,VAL,p000460_a000211,000234,59,focal,2.5,180,10,0,850,0,0,True,56069,1d2af19b55401e4f77d84e0953080870b198a3ff1078ccded290a53d8bc1fb7f,samples/p000460_a000211_000234_c59_l0.npz
p000460_a000211_000234_c60_l0,p000460,VAL,p000460_a000211,000234,60,matched_angular_size,1.2,180,10,0,200,0,0,False,19595,bce83dca52eec07f6bf1b496525adba1a64448f4e2db7c8a03e94d53943c0582,samples/p000460_a000211_000234_c60_l0.npz
p000460_a000211_000234_c61_l0,p000460,VAL,p000460_a000211,000234,61,matched_angular_size,1.8,180,10,0,300,0,0,False,15103,236459dbe089bceb3475d857888abfa5b1ad4c652a97ed43681f400c5ead739e,samples/p000460_a000211_000234_c61_l0.npz
p000460_a000211_000234_c62_l0,p000460,VAL,p000460_a000211,000234,62,matched_angular_size,3,180,10,0,500,0,0,False,13074,5cac362ecc784572c0a124cd11d0b8b2f96df96b3a9e3aff9c43d699e467f3da,samples/p000460_a000211_000234_c62_l0.npz
p000460_a000211_000234_c63_l0,p000460,VAL,p000460_a000211,000234,63,matched_angular_size,4,180,10,0,666.6666666666666,0,0,False,12502,fc73e0a88f7da8650c43add6f979afe610f7f62a0d70e8e4b1d12bcc6a7b5bf4,samples/p000460_a000211_000234_c63_l0.npz
p000495_a000093_000030_c00_l0,p000495,VAL,p000495_a000093,000030,0,distance,0.8,30,10,0,400,0,0,True,76491,fb223233c3b6630006e4c855645916a227877814336df33c62b6b651b2958e7a,samples/p000495_a000093_000030_c00_l0.npz
p000495_a000093_000030_c01_l0,p000495,VAL,p000495_a000093,000030,1,distance,1.2,30,10,0,400,0,0,True,56738,88c842199cccbc1bf85d278bad48a788bc0da7db86b77f170e19154564b44b19,samples/p000495_a000093_000030_c01_l0.npz
p000495_a000093_000030_c02_l0,p000495,VAL,p000495_a000093,000030,2,distance,1.8,30,10,0,400,0,0,False,27132,7ae34d7e23311b293ea306b8505fbf6bf966ee3cd7ec0d4f79d596a54cc8be7a,samples/p000495_a000093_000030_c02_l0.npz
p000495_a000093_000030_c03_l0,p000495,VAL,p000495_a000093,000030,3,distance,2.5,30,10,0,400,0,0,False,13354,a0dd350ee4fe17ce19f851fbdb1c225d622cbd94e4555cc3e1fb4e196c6f07d9,samples/p000495_a000093_000030_c03_l0.npz
p000495_a000093_000030_c04_l0,p000495,VAL,p000495_a000093,000030,4,distance,3.2,30,10,0,400,0,0,False,8030,a85bca9d806605fadc2089e4b293f5a99e10c91e9f59bb809998ca0ce7ce298f,samples/p000495_a000093_000030_c04_l0.npz
p000495_a000093_000030_c05_l0,p000495,VAL,p000495_a000093,000030,5,distance,4.0,30,10,0,400,0,0,False,5091,63019b904422e014a6e467c5ec438fdd6187cda82c2f5886455d537d485631bf,samples/p000495_a000093_000030_c05_l0.npz
p000495_a000093_000030_c06_l0,p000495,VAL,p000495_a000093,000030,6,multiview_distance,1.2,0,10,0,400,0,0,True,63068,adf9950c83aee143cce3e629e197ccd5758ac58e911c20d5d05bbd3cd6754588,samples/p000495_a000093_000030_c06_l0.npz
p000495_a000093_000030_c07_l0,p000495,VAL,p000495_a000093,000030,7,multiview_distance,1.8,0,10,0,400,0,0,False,28342,57b7b7f798c8526860c26d6f723ba25ababa2f5cfbc66674b00ee5f120a20074,samples/p000495_a000093_000030_c07_l0.npz
p000495_a000093_000030_c08_l0,p000495,VAL,p000495_a000093,000030,8,multiview_distance,2.5,0,10,0,400,0,0,False,13827,7788c3702ca6f7cea437623056e2b8245f63eb7ce910d3f4501e18e0c137048b,samples/p000495_a000093_000030_c08_l0.npz
p000495_a000093_000030_c09_l0,p000495,VAL,p000495_a000093,000030,9,multiview_distance,3.2,0,10,0,400,0,0,False,8255,6415c41d9f70e2d8fb168962b7737eb2b9899185b3b65dcbccd1b3d4fd781751,samples/p000495_a000093_000030_c09_l0.npz
p000495_a000093_000030_c10_l0,p000495,VAL,p000495_a000093,000030,10,multiview_distance,1.2,60,10,0,400,0,0,True,45918,1a336958b3478dba447d0cc8b479754bd483379658efa32dcb84f4bc50fada8c,samples/p000495_a000093_000030_c10_l0.npz
p000495_a000093_000030_c11_l0,p000495,VAL,p000495_a000093,000030,11,multiview_distance,1.8,60,10,0,400,0,0,False,22754,807ac677dbd3216ae695b867a45f30c5fe40330e63d206ae379415bb9cc670c0,samples/p000495_a000093_000030_c11_l0.npz
p000495_a000093_000030_c12_l0,p000495,VAL,p000495_a000093,000030,12,multiview_distance,2.5,60,10,0,400,0,0,False,11579,2a9806d8e7b55bcd8c0cc96e4554ed5019a19f4e692705fe3ac132b88ad77bc0,samples/p000495_a000093_000030_c12_l0.npz
p000495_a000093_000030_c13_l0,p000495,VAL,p000495_a000093,000030,13,multiview_distance,3.2,60,10,0,400,0,0,False,7050,2cbad6064cd83178f355943b9db6e83bb25d984f9bab87bc471c4a9b9f1ceb80,samples/p000495_a000093_000030_c13_l0.npz
p000495_a000093_000030_c14_l0,p000495,VAL,p000495_a000093,000030,14,multiview_distance,1.2,120,10,0,400,0,0,True,52925,1a79dc2db4f7a2ea49a47a33e25267c2bf45afd956465114552e74ca8435f847,samples/p000495_a000093_000030_c14_l0.npz
p000495_a000093_000030_c15_l0,p000495,VAL,p000495_a000093,000030,15,multiview_distance,1.8,120,10,0,400,0,0,False,25738,1e218db3761fbc80e81a01bbf9c5dceed531e6d91b10674643741dbd2d586e99,samples/p000495_a000093_000030_c15_l0.npz
p000495_a000093_000030_c16_l0,p000495,VAL,p000495_a000093,000030,16,multiview_distance,2.5,120,10,0,400,0,0,False,12903,33a4a1d1c8e73bee10cf92516a4f3edcbef8e74e5e4e6f48b3ada05004c33cf4,samples/p000495_a000093_000030_c16_l0.npz
p000495_a000093_000030_c17_l0,p000495,VAL,p000495_a000093,000030,17,multiview_distance,3.2,120,10,0,400,0,0,False,7762,7be4e98b4d808eaee32a9032e0a22fece31820bc9784dcedb868e1476e80c9b9,samples/p000495_a000093_000030_c17_l0.npz
p000495_a000093_000030_c18_l0,p000495,VAL,p000495_a000093,000030,18,multiview_distance,1.2,180,10,0,400,0,0,True,58900,779c4a5411284de76d7f83e3e0cd5d62fb8ad064a3a08b5262e52475b028de28,samples/p000495_a000093_000030_c18_l0.npz
p000495_a000093_000030_c19_l0,p000495,VAL,p000495_a000093,000030,19,multiview_distance,1.8,180,10,0,400,0,0,False,29614,bf178d830205aec473d833db3ef24876d2207b46d6dbf3836e0a4d4ca1fe9309,samples/p000495_a000093_000030_c19_l0.npz
p000495_a000093_000030_c20_l0,p000495,VAL,p000495_a000093,000030,20,multiview_distance,2.5,180,10,0,400,0,0,False,14926,ecaef6a3739849e9d1b00c6701932e389c04f1d31e39af6d0b2582f6db28031a,samples/p000495_a000093_000030_c20_l0.npz
p000495_a000093_000030_c21_l0,p000495,VAL,p000495_a000093,000030,21,multiview_distance,3.2,180,10,0,400,0,0,False,9011,43789263cec940943841c7f81c98753555e1341dbed7417d5ea44bbc24ecff0e,samples/p000495_a000093_000030_c21_l0.npz
p000495_a000093_000030_c22_l0,p000495,VAL,p000495_a000093,000030,22,multiview_distance,1.2,240,10,0,400,0,0,True,55766,1562ea249e30c94280d5d02c1c942faa06467c854951835b45cce34742ef007f,samples/p000495_a000093_000030_c22_l0.npz
p000495_a000093_000030_c23_l0,p000495,VAL,p000495_a000093,000030,23,multiview_distance,1.8,240,10,0,400,0,0,False,26932,28045098646a73b4f2d7669117b5ec40467deecbaf634f55ca95d9cc16fc55b5,samples/p000495_a000093_000030_c23_l0.npz
p000495_a000093_000030_c24_l0,p000495,VAL,p000495_a000093,000030,24,multiview_distance,2.5,240,10,0,400,0,0,False,13538,103564458add759927b270bdf41f4ff04b26edd8047cd0d8af3d035202c10c39,samples/p000495_a000093_000030_c24_l0.npz
p000495_a000093_000030_c25_l0,p000495,VAL,p000495_a000093,000030,25,multiview_distance,3.2,240,10,0,400,0,0,False,8148,35032fc0f2ca0f914e71689c537c249dc16f867beb524c09df251f7bcb633cf7,samples/p000495_a000093_000030_c25_l0.npz
p000495_a000093_000030_c26_l0,p000495,VAL,p000495_a000093,000030,26,multiview_distance,1.2,300,10,0,400,0,0,True,45708,437f9c99b41cd46f8117443b0b26455665721c19dd6ef990705d3743d687677c,samples/p000495_a000093_000030_c26_l0.npz
p000495_a000093_000030_c27_l0,p000495,VAL,p000495_a000093,000030,27,multiview_distance,1.8,300,10,0,400,0,0,False,22430,aec06e7f9dd813e6e8e0d86d3133ba05138c1fd2af9d95e669b09776e4f628c0,samples/p000495_a000093_000030_c27_l0.npz
p000495_a000093_000030_c28_l0,p000495,VAL,p000495_a000093,000030,28,multiview_distance,2.5,300,10,0,400,0,0,False,11420,dbdcd9e7e3d3fdf3842fd64f271ff984d9215d2db0f7986b2133d7d490946c34,samples/p000495_a000093_000030_c28_l0.npz
p000495_a000093_000030_c29_l0,p000495,VAL,p000495_a000093,000030,29,multiview_distance,3.2,300,10,0,400,0,0,False,6927,1af8b5d8e607af00acca4ddb7a6c055988ac1cce64d7bf547747d255bb5c7075,samples/p000495_a000093_000030_c29_l0.npz
p000495_a000093_000030_c30_l0,p000495,VAL,p000495_a000093,000030,30,elevation,1.8,180,0,0,400,0,0,False,29407,62b2102639770060756f26ba1683ed45498e8b24401aca2d8b51a66ffe738e19,samples/p000495_a000093_000030_c30_l0.npz
p000495_a000093_000030_c31_l0,p000495,VAL,p000495_a000093,000030,31,elevation,3.2,180,0,0,400,0,0,False,8778,6ee98a1de32b227fc786328d14086f204621480009da3a266c8cb532480dafdf,samples/p000495_a000093_000030_c31_l0.npz
p000495_a000093_000030_c32_l0,p000495,VAL,p000495_a000093,000030,32,elevation,1.8,180,25,0,400,0,0,False,29481,52e5fed6f8804fd4b4e8ed737b9d8d116977545661d76f410cecd13b8c4a9036,samples/p000495_a000093_000030_c32_l0.npz
p000495_a000093_000030_c33_l0,p000495,VAL,p000495_a000093,000030,33,elevation,3.2,180,25,0,400,0,0,False,9073,40c000987ff1e2e857441fc16accc9b29664c3516046ba2b7abbe45f62785419,samples/p000495_a000093_000030_c33_l0.npz
p000495_a000093_000030_c34_l0,p000495,VAL,p000495_a000093,000030,34,elevation,1.8,180,45,0,400,0,0,False,28448,608b888a80d8eb8b45dd49bf314cfe93ce21f9791836e81a5fc7421136ed11d5,samples/p000495_a000093_000030_c34_l0.npz
p000495_a000093_000030_c35_l0,p000495,VAL,p000495_a000093,000030,35,elevation,3.2,180,45,0,400,0,0,False,8592,3c13368829e1e18be9ed0069c4483f114a1a79f1623216eb205ab875858b3eca,samples/p000495_a000093_000030_c35_l0.npz
p000495_a000093_000030_c36_l0,p000495,VAL,p000495_a000093,000030,36,elevation,1.8,180,65,0,400,0,0,False,25977,3770be1c32937e7d6687dc4f3fa85a242e8147c6032211dba5b8fd85a9c795f8,samples/p000495_a000093_000030_c36_l0.npz
p000495_a000093_000030_c37_l0,p000495,VAL,p000495_a000093,000030,37,elevation,3.2,180,65,0,400,0,0,False,7371,b97e5a04eecf92939dc2c60a3345853cfb1d01b531900ee8e1f0bcda09691ea8,samples/p000495_a000093_000030_c37_l0.npz
p000495_a000093_000030_c38_l0,p000495,VAL,p000495_a000093,000030,38,elevation,1.8,180,85,0,400,0,0,False,20847,87ea2512f9bb186dbf7e7f33f1654477e2503b66d6946448a434c5ae641a9404,samples/p000495_a000093_000030_c38_l0.npz
p000495_a000093_000030_c39_l0,p000495,VAL,p000495_a000093,000030,39,elevation,3.2,180,85,0,400,0,0,False,5471,285b70eee041e99d751db22da209b6bf531d1eaede90dccf34e7bc8621438d62,samples/p000495_a000093_000030_c39_l0.npz
p000495_a000093_000030_c40_l0,p000495,VAL,p000495_a000093,000030,40,roll,1.8,180,10,-90,400,0,0,False,29614,6ffc88777f3d476814112178cb02b94f29fdbc29a5f7881ea6e738f2eed01448,samples/p000495_a000093_000030_c40_l0.npz
p000495_a000093_000030_c41_l0,p000495,VAL,p000495_a000093,000030,41,roll,3.2,180,10,-90,400,0,0,False,9011,8205aec2ab573d2c0836ddab753293f4adac0bc0d371ba1787fd32744a39f706,samples/p000495_a000093_000030_c41_l0.npz
p000495_a000093_000030_c42_l0,p000495,VAL,p000495_a000093,000030,42,roll,1.8,180,10,-45,400,0,0,False,29631,b5b871e63063fdde439dd331a6f4a07fcf8b9e950925774ebef2a6967a082fd3,samples/p000495_a000093_000030_c42_l0.npz
p000495_a000093_000030_c43_l0,p000495,VAL,p000495_a000093,000030,43,roll,3.2,180,10,-45,400,0,0,False,9023,4a45fd255ceea701716f734cc79416a010e15ee00c065a94a8e348db0d36a5ff,samples/p000495_a000093_000030_c43_l0.npz
p000495_a000093_000030_c44_l0,p000495,VAL,p000495_a000093,000030,44,roll,1.8,180,10,-15,400,0,0,False,29628,0058e9af07c791eaf8269bff22be4f0a8f43d3fd8801e4ee14046d68aa943328,samples/p000495_a000093_000030_c44_l0.npz
p000495_a000093_000030_c45_l0,p000495,VAL,p000495_a000093,000030,45,roll,3.2,180,10,-15,400,0,0,False,9008,45ed62920a52704c0e196bda84bd06684e32993559310c66facee283b9c27034,samples/p000495_a000093_000030_c45_l0.npz
p000495_a000093_000030_c46_l0,p000495,VAL,p000495_a000093,000030,46,roll,1.8,180,10,15,400,0,0,False,29618,bd07a71716678a38f982a8fa1b8a0ac1a42aa3ee89ddbae773d0f2cabef6fb98,samples/p000495_a000093_000030_c46_l0.npz
p000495_a000093_000030_c47_l0,p000495,VAL,p000495_a000093,000030,47,roll,3.2,180,10,15,400,0,0,False,9003,1027f2432194ee0c6abb009189315f095806070a919cc79bd58b450c79fd0723,samples/p000495_a000093_000030_c47_l0.npz
p000495_a000093_000030_c48_l0,p000495,VAL,p000495_a000093,000030,48,roll,1.8,180,10,45,400,0,0,False,29631,6ac7bade8ebc13d80763f7782db6bbdea6e59e230a22597d95719b36fd37d849,samples/p000495_a000093_000030_c48_l0.npz
p000495_a000093_000030_c49_l0,p000495,VAL,p000495_a000093,000030,49,roll,3.2,180,10,45,400,0,0,False,9023,2e018c996e8bde31b6893db39e5ea8b71a91fee6fd4d8a11154a4b5960820032,samples/p000495_a000093_000030_c49_l0.npz
p000495_a000093_000030_c50_l0,p000495,VAL,p000495_a000093,000030,50,roll,1.8,180,10,90,400,0,0,False,29614,a69f79cc803bb9279af03864f2f9c121a1125e76582676cba3ae1ecf0f60ff91,samples/p000495_a000093_000030_c50_l0.npz
p000495_a000093_000030_c51_l0,p000495,VAL,p000495_a000093,000030,51,roll,3.2,180,10,90,400,0,0,False,9011,904b00d250e141f67b46b6b24aeb190512a7dbf607791595345c874e87783d2e,samples/p000495_a000093_000030_c51_l0.npz
p000495_a000093_000030_c52_l0,p000495,VAL,p000495_a000093,000030,52,offcentre,2.5,180,10,0,400,-0.25,0,False,15931,384c4b113b16f161c45e0340fae099175bf87adb0d61ff7f281a441b8ab442e0,samples/p000495_a000093_000030_c52_l0.npz
p000495_a000093_000030_c53_l0,p000495,VAL,p000495_a000093,000030,53,offcentre,2.5,180,10,0,400,0.25,0,False,16024,e0dadfa32554b91a6587a5b3fd5f106dda041c53072d321d1c2788f4e6c647c0,samples/p000495_a000093_000030_c53_l0.npz
p000495_a000093_000030_c54_l0,p000495,VAL,p000495_a000093,000030,54,offcentre,2.5,180,10,0,400,0,-0.2,False,14519,6bf83df474deb0c232e26e47e7f2445fc5a61ee982c605700607e9d27617b10a,samples/p000495_a000093_000030_c54_l0.npz
p000495_a000093_000030_c55_l0,p000495,VAL,p000495_a000093,000030,55,offcentre,2.5,180,10,0,400,0,0.2,True,15261,5cbc8c5b87016f207785e5eed4a8feadcf34ece0850ac12e33f0f3757fccc5cc,samples/p000495_a000093_000030_c55_l0.npz
p000495_a000093_000030_c56_l0,p000495,VAL,p000495_a000093,000030,56,focal,2.5,180,10,0,300,0,0,False,8389,bf6c20724d47c33ffec9a5d4ed07e2b554f7057f6ef1f409ffc94aa55362e838,samples/p000495_a000093_000030_c56_l0.npz
p000495_a000093_000030_c57_l0,p000495,VAL,p000495_a000093,000030,57,focal,2.5,180,10,0,500,0,0,False,23332,52370355232159b431cca6a76b47b8a1dcf034a9370158265e80f6ef68a046f3,samples/p000495_a000093_000030_c57_l0.npz
p000495_a000093_000030_c58_l0,p000495,VAL,p000495_a000093,000030,58,focal,2.5,180,10,0,650,0,0,False,39395,ffabfcfd495e4bde41758f4609eff1a0ba06d99b04e706c02e0f944a45735ec9,samples/p000495_a000093_000030_c58_l0.npz
p000495_a000093_000030_c59_l0,p000495,VAL,p000495_a000093,000030,59,focal,2.5,180,10,0,850,0,0,True,59250,e201b38790976279675ea51baf8466f9b4c343ab17641b362d093789345a40a4,samples/p000495_a000093_000030_c59_l0.npz
p000495_a000093_000030_c60_l0,p000495,VAL,p000495_a000093,000030,60,matched_angular_size,1.2,180,10,0,200,0,0,False,17907,a5f7190159b0402049ca19b13c7d15d3b69e8178bd10d8419029ae766b8fa15e,samples/p000495_a000093_000030_c60_l0.npz
p000495_a000093_000030_c61_l0,p000495,VAL,p000495_a000093,000030,61,matched_angular_size,1.8,180,10,0,300,0,0,False,16645,757b1eaf54eae9925393c3a918e7b48f3966a7d74416af3de02c7412d42ed188,samples/p000495_a000093_000030_c61_l0.npz
p000495_a000093_000030_c62_l0,p000495,VAL,p000495_a000093,000030,62,matched_angular_size,3,180,10,0,500,0,0,False,16065,70cd9fce0e148c7e2b0ae96d795757638529c33c8f2cfb2a2769feb75abcea00,samples/p000495_a000093_000030_c62_l0.npz
p000495_a000093_000030_c63_l0,p000495,VAL,p000495_a000093,000030,63,matched_angular_size,4,180,10,0,666.6666666666666,0,0,False,15913,f6d865513980988e9f3810b8710d21c6c3bf2e9d3364b1581fda7d88b556c9ed,samples/p000495_a000093_000030_c63_l0.npz
p000495_a000093_000108_c00_l0,p000495,VAL,p000495_a000093,000108,0,distance,0.8,30,10,0,400,0,0,True,79914,8762c71c1262f955dbe72fea914746c171519f3ee7cee32d48d17c0ef3305732,samples/p000495_a000093_000108_c00_l0.npz
p000495_a000093_000108_c01_l0,p000495,VAL,p000495_a000093,000108,1,distance,1.2,30,10,0,400,0,0,True,58313,c3e1578c02c8d90771902099a3b09d638933b11eee7075c6127e3feb2bbcd405,samples/p000495_a000093_000108_c01_l0.npz
p000495_a000093_000108_c02_l0,p000495,VAL,p000495_a000093,000108,2,distance,1.8,30,10,0,400,0,0,False,27688,f3e431a15a5898fc3ba410cbfbd192a33f65d8653ae9a4c9ce35cda39525f4d9,samples/p000495_a000093_000108_c02_l0.npz
p000495_a000093_000108_c03_l0,p000495,VAL,p000495_a000093,000108,3,distance,2.5,30,10,0,400,0,0,False,13571,1b170be03b90b7526a68e835df0baaafa314999b08717a71f142cacf5d572457,samples/p000495_a000093_000108_c03_l0.npz
p000495_a000093_000108_c04_l0,p000495,VAL,p000495_a000093,000108,4,distance,3.2,30,10,0,400,0,0,False,8097,5babace4455f7781645d5931af38a59fbe461803e92ca668088367c1858e3781,samples/p000495_a000093_000108_c04_l0.npz
p000495_a000093_000108_c05_l0,p000495,VAL,p000495_a000093,000108,5,distance,4.0,30,10,0,400,0,0,False,5132,1006cff492e2d54757e2e6a2d42750ab822c90a2fdd84521b588981630f4c8d4,samples/p000495_a000093_000108_c05_l0.npz
p000495_a000093_000108_c06_l0,p000495,VAL,p000495_a000093,000108,6,multiview_distance,1.2,0,10,0,400,0,0,True,59972,5d6fe574634b50d84f38a9ce9d0d2f91ef4b55a1dfd8b3ca08fb8348a110ba5f,samples/p000495_a000093_000108_c06_l0.npz
p000495_a000093_000108_c07_l0,p000495,VAL,p000495_a000093,000108,7,multiview_distance,1.8,0,10,0,400,0,0,False,27534,21917456a7dfb2b1782459a87adbaa1883a09af13d7d622ef05042f9934cd8cd,samples/p000495_a000093_000108_c07_l0.npz
p000495_a000093_000108_c08_l0,p000495,VAL,p000495_a000093,000108,8,multiview_distance,2.5,0,10,0,400,0,0,False,13540,ffc99de7fdfe580e384e93fe02b0137cf18f26ba201867a640842d008115dc1a,samples/p000495_a000093_000108_c08_l0.npz
p000495_a000093_000108_c09_l0,p000495,VAL,p000495_a000093,000108,9,multiview_distance,3.2,0,10,0,400,0,0,False,8089,957daa1afd2d6ddaebd0ebdf5b1f9cfe6ea319f7b60caa1f08432d21e908e145,samples/p000495_a000093_000108_c09_l0.npz
p000495_a000093_000108_c10_l0,p000495,VAL,p000495_a000093,000108,10,multiview_distance,1.2,60,10,0,400,0,0,True,47222,08e54a08c722faccf490d51ad84179a4c8cbdd0c04a870a11b4186385f278e24,samples/p000495_a000093_000108_c10_l0.npz
p000495_a000093_000108_c11_l0,p000495,VAL,p000495_a000093,000108,11,multiview_distance,1.8,60,10,0,400,0,0,False,24751,8b5562f52dbc614297ce8a77dfcb9d18c7ce83e4d0beaafd6d98e58cf43bd569,samples/p000495_a000093_000108_c11_l0.npz
p000495_a000093_000108_c12_l0,p000495,VAL,p000495_a000093,000108,12,multiview_distance,2.5,60,10,0,400,0,0,False,12255,f242dcee6caa667eee4b81375109eb23143a5b48c44eff7548a81f6125d8055d,samples/p000495_a000093_000108_c12_l0.npz
p000495_a000093_000108_c13_l0,p000495,VAL,p000495_a000093,000108,13,multiview_distance,3.2,60,10,0,400,0,0,False,7338,1c687046f869bf069611b6843530eb66eaa40c7b327b436f99c8e85d6dbf224b,samples/p000495_a000093_000108_c13_l0.npz
p000495_a000093_000108_c14_l0,p000495,VAL,p000495_a000093,000108,14,multiview_distance,1.2,120,10,0,400,0,0,True,49054,e9dd8373fa39c3158e20c8464b953635fb8f78f231043abc4042a9739d1040eb,samples/p000495_a000093_000108_c14_l0.npz
p000495_a000093_000108_c15_l0,p000495,VAL,p000495_a000093,000108,15,multiview_distance,1.8,120,10,0,400,0,0,False,24659,6f2e922ea849e37a401c8e5eefb1aa99f2095421329c39545c9ab31116bc6a94,samples/p000495_a000093_000108_c15_l0.npz
p000495_a000093_000108_c16_l0,p000495,VAL,p000495_a000093,000108,16,multiview_distance,2.5,120,10,0,400,0,0,False,12478,7c635e5591f4192cd410b0283d6cd92eab03723fccdd4496ab2fd1229b53e19b,samples/p000495_a000093_000108_c16_l0.npz
p000495_a000093_000108_c17_l0,p000495,VAL,p000495_a000093,000108,17,multiview_distance,3.2,120,10,0,400,0,0,False,7559,5067ad764be8c796de0be3c0f5651c0d6612d8eb20bfecfebcbac1d298b62ec3,samples/p000495_a000093_000108_c17_l0.npz
p000495_a000093_000108_c18_l0,p000495,VAL,p000495_a000093,000108,18,multiview_distance,1.2,180,10,0,400,0,0,True,59059,0cb3009df8c44c6c028f49a050dd46039c1e5e9886632160219977fe9defc4da,samples/p000495_a000093_000108_c18_l0.npz
p000495_a000093_000108_c19_l0,p000495,VAL,p000495_a000093,000108,19,multiview_distance,1.8,180,10,0,400,0,0,False,28482,bdd00f989d626936c84acff5fe5444f0003f409ba327a831b6b5c7013363c2c4,samples/p000495_a000093_000108_c19_l0.npz
p000495_a000093_000108_c20_l0,p000495,VAL,p000495_a000093,000108,20,multiview_distance,2.5,180,10,0,400,0,0,False,14477,3461ccd0a5e3c73b4dc76e057f03751dcce5c507fe839226d311086798879e63,samples/p000495_a000093_000108_c20_l0.npz
p000495_a000093_000108_c21_l0,p000495,VAL,p000495_a000093,000108,21,multiview_distance,3.2,180,10,0,400,0,0,False,8789,392ddbecf1a6fcb241b33f690d02adc54e972a20127671a3de839b0b470bb959,samples/p000495_a000093_000108_c21_l0.npz
p000495_a000093_000108_c22_l0,p000495,VAL,p000495_a000093,000108,22,multiview_distance,1.2,240,10,0,400,0,0,True,52979,11ca0a5a1c91ce58446498070f04005052872f9d47a048197eac099571283dea,samples/p000495_a000093_000108_c22_l0.npz
p000495_a000093_000108_c23_l0,p000495,VAL,p000495_a000093,000108,23,multiview_distance,1.8,240,10,0,400,0,0,False,26359,4be50d6460b89c02577f425b60656c4ba909ee06dae0cc12c06c2fd3de60fbe8,samples/p000495_a000093_000108_c23_l0.npz
p000495_a000093_000108_c24_l0,p000495,VAL,p000495_a000093,000108,24,multiview_distance,2.5,240,10,0,400,0,0,False,13358,a65f15991d2fd70c7c040742e435cbeaa9c4c22cc3615a965f2fc62a923d3e32,samples/p000495_a000093_000108_c24_l0.npz
p000495_a000093_000108_c25_l0,p000495,VAL,p000495_a000093,000108,25,multiview_distance,3.2,240,10,0,400,0,0,False,8078,68c3b0f3d0ad4c46d15f3caf3256a6818d76fc0bf8ee92082078f7ed76a1f419,samples/p000495_a000093_000108_c25_l0.npz
p000495_a000093_000108_c26_l0,p000495,VAL,p000495_a000093,000108,26,multiview_distance,1.2,300,10,0,400,0,0,True,46016,4ca8c7b29409ea1291c653cf940a179fe988978499b831ca20da582b99d86609,samples/p000495_a000093_000108_c26_l0.npz
p000495_a000093_000108_c27_l0,p000495,VAL,p000495_a000093,000108,27,multiview_distance,1.8,300,10,0,400,0,0,False,24438,9e4abf49f47742e927c3b0600b438995cf26feebdb63c5d879452ce964b1fce9,samples/p000495_a000093_000108_c27_l0.npz
p000495_a000093_000108_c28_l0,p000495,VAL,p000495_a000093,000108,28,multiview_distance,2.5,300,10,0,400,0,0,False,11925,d978d934f9c3444eedb3f674cb49ab358dab24fcf4ef99b6a941ed4bd78766d2,samples/p000495_a000093_000108_c28_l0.npz
p000495_a000093_000108_c29_l0,p000495,VAL,p000495_a000093,000108,29,multiview_distance,3.2,300,10,0,400,0,0,False,7099,b4190473088bc3cefbed470f70748c9a1883738ec99b0e9ce8b06e8815dd0fd4,samples/p000495_a000093_000108_c29_l0.npz
p000495_a000093_000108_c30_l0,p000495,VAL,p000495_a000093,000108,30,elevation,1.8,180,0,0,400,0,0,False,27868,a490532f6d8ce110c1d35f416cc4cd485f2fd6055bb4c2d067a3ca1d85760d3f,samples/p000495_a000093_000108_c30_l0.npz
p000495_a000093_000108_c31_l0,p000495,VAL,p000495_a000093,000108,31,elevation,3.2,180,0,0,400,0,0,False,8460,af2113ae445693519512195e22feb3e233c62ace337d982cb323f303c1e173b2,samples/p000495_a000093_000108_c31_l0.npz
p000495_a000093_000108_c32_l0,p000495,VAL,p000495_a000093,000108,32,elevation,1.8,180,25,0,400,0,0,False,29152,f3d7cdeac8fc79df3419b360424a6fc7f16cbc7295d2486f2a54dcff1a0083f3,samples/p000495_a000093_000108_c32_l0.npz
p000495_a000093_000108_c33_l0,p000495,VAL,p000495_a000093,000108,33,elevation,3.2,180,25,0,400,0,0,False,8991,b6218f0ab76cd26e57cac38ce70647b69ad3a9e470dfddb1da908d53eeb8a8b5,samples/p000495_a000093_000108_c33_l0.npz
p000495_a000093_000108_c34_l0,p000495,VAL,p000495_a000093,000108,34,elevation,1.8,180,45,0,400,0,0,False,29063,acf4de57c352e9ff8e66b3c3fefa9ca71a3d02d23b3c309fa03b7e09bc56f626,samples/p000495_a000093_000108_c34_l0.npz
p000495_a000093_000108_c35_l0,p000495,VAL,p000495_a000093,000108,35,elevation,3.2,180,45,0,400,0,0,False,8652,f6795b8b9ed949fc3d40d272348e9302ff07c6cbd6b030247cd20105fe11e8ab,samples/p000495_a000093_000108_c35_l0.npz
p000495_a000093_000108_c36_l0,p000495,VAL,p000495_a000093,000108,36,elevation,1.8,180,65,0,400,0,0,False,27333,2f0de0fbad07976d6ea13a0c450949ae44bb743d9ed38421929b8c73de2eabcf,samples/p000495_a000093_000108_c36_l0.npz
p000495_a000093_000108_c37_l0,p000495,VAL,p000495_a000093,000108,37,elevation,3.2,180,65,0,400,0,0,False,7561,eccf25d6bd38a464791691ed5cafd8fd4bc631165e40b264d9fab9f04ad8a1b1,samples/p000495_a000093_000108_c37_l0.npz
p000495_a000093_000108_c38_l0,p000495,VAL,p000495_a000093,000108,38,elevation,1.8,180,85,0,400,0,0,False,22442,f736193a0e1f57e5e7dda820e96fbfa3bd0c35c4e70517b9a84a90cb785c5ee5,samples/p000495_a000093_000108_c38_l0.npz
p000495_a000093_000108_c39_l0,p000495,VAL,p000495_a000093,000108,39,elevation,3.2,180,85,0,400,0,0,False,5669,e7fbc911000dc9e448c780841f496efca87788a351ecd3183f81f5f61e5689a2,samples/p000495_a000093_000108_c39_l0.npz
p000495_a000093_000108_c40_l0,p000495,VAL,p000495_a000093,000108,40,roll,1.8,180,10,-90,400,0,0,False,28482,0eea4f1332100047283017b795e6b8b5b4beca16ff41f571b06a2025f4a9f4ce,samples/p000495_a000093_000108_c40_l0.npz
p000495_a000093_000108_c41_l0,p000495,VAL,p000495_a000093,000108,41,roll,3.2,180,10,-90,400,0,0,False,8789,94df535101e074b21a3842d6b9ef1a3347df1a491e5db47685de243a1e3a1f12,samples/p000495_a000093_000108_c41_l0.npz
p000495_a000093_000108_c42_l0,p000495,VAL,p000495_a000093,000108,42,roll,1.8,180,10,-45,400,0,0,False,28505,cb86cbcea92b8ac9add699cfa7bf67f9f37b07f10e197e176d725b7be71c457d,samples/p000495_a000093_000108_c42_l0.npz
p000495_a000093_000108_c43_l0,p000495,VAL,p000495_a000093,000108,43,roll,3.2,180,10,-45,400,0,0,False,8777,4db90fecac61b4393366c372c25bc97cf81c90261999b0bbc64238a8c00e44e4,samples/p000495_a000093_000108_c43_l0.npz
p000495_a000093_000108_c44_l0,p000495,VAL,p000495_a000093,000108,44,roll,1.8,180,10,-15,400,0,0,False,28478,f7168704795434ecb84413d674619fad8bcf22e8083a0652308e0a165874896a,samples/p000495_a000093_000108_c44_l0.npz
p000495_a000093_000108_c45_l0,p000495,VAL,p000495_a000093,000108,45,roll,3.2,180,10,-15,400,0,0,False,8792,1e0667bd56839babe3d47fad39241ca21c57f5ffe2e850a0c6ee307136fe04ea,samples/p000495_a000093_000108_c45_l0.npz
p000495_a000093_000108_c46_l0,p000495,VAL,p000495_a000093,000108,46,roll,1.8,180,10,15,400,0,0,False,28495,a6acaafe15c791f0333881d0973187f42034ea270b20ad7ea5e0f7fd77ffb898,samples/p000495_a000093_000108_c46_l0.npz
p000495_a000093_000108_c47_l0,p000495,VAL,p000495_a000093,000108,47,roll,3.2,180,10,15,400,0,0,False,8792,f0f1db2854f8a125d8279b55d80a44ce1569b9bbe4212aebe765eecf77e062d5,samples/p000495_a000093_000108_c47_l0.npz
p000495_a000093_000108_c48_l0,p000495,VAL,p000495_a000093,000108,48,roll,1.8,180,10,45,400,0,0,False,28505,facef2babfe0521b0b21f07aa5fd0d989a88ec119fe2bb3f9d63f95dbb29d64a,samples/p000495_a000093_000108_c48_l0.npz
p000495_a000093_000108_c49_l0,p000495,VAL,p000495_a000093,000108,49,roll,3.2,180,10,45,400,0,0,False,8777,c5c8b94c1ce2b00751a0cd06fc0d847eb80b057cccbb08936f7badfb1c6f1de2,samples/p000495_a000093_000108_c49_l0.npz
p000495_a000093_000108_c50_l0,p000495,VAL,p000495_a000093,000108,50,roll,1.8,180,10,90,400,0,0,False,28482,8972e20ce91c7cfd82567ed90a33919f6adf8a1d32db6b394017f466677546b5,samples/p000495_a000093_000108_c50_l0.npz
p000495_a000093_000108_c51_l0,p000495,VAL,p000495_a000093,000108,51,roll,3.2,180,10,90,400,0,0,False,8789,5ca98bedbfb902c3e23795f3f0292afc8d26edd4042e10b2f296d2479898be3d,samples/p000495_a000093_000108_c51_l0.npz
p000495_a000093_000108_c52_l0,p000495,VAL,p000495_a000093,000108,52,offcentre,2.5,180,10,0,400,-0.25,0,False,15572,73b13657daf0d8154660d947ebd1035fd62600473e3cf30c0a31d4eac3e964c0,samples/p000495_a000093_000108_c52_l0.npz
p000495_a000093_000108_c53_l0,p000495,VAL,p000495_a000093,000108,53,offcentre,2.5,180,10,0,400,0.25,0,False,15509,4f079029fea2935701e2acfdda4183c080aec8e4a169889f9baf6d091ed02d79,samples/p000495_a000093_000108_c53_l0.npz
p000495_a000093_000108_c54_l0,p000495,VAL,p000495_a000093,000108,54,offcentre,2.5,180,10,0,400,0,-0.2,False,13995,9b0c6714266075f4c457eca4f6f3e295ebae706ee76e997105942c7c54b51b30,samples/p000495_a000093_000108_c54_l0.npz
p000495_a000093_000108_c55_l0,p000495,VAL,p000495_a000093,000108,55,offcentre,2.5,180,10,0,400,0,0.2,True,15099,61a5b1b8b6d756ffcebd16b776365ec93db1c8ae98c888b785c8bc943fbb8278,samples/p000495_a000093_000108_c55_l0.npz
p000495_a000093_000108_c56_l0,p000495,VAL,p000495_a000093,000108,56,focal,2.5,180,10,0,300,0,0,False,8131,18bf1dc32b144f76eefe76d0f34866061024367b3cb1559bd723f8696e792167,samples/p000495_a000093_000108_c56_l0.npz
p000495_a000093_000108_c57_l0,p000495,VAL,p000495_a000093,000108,57,focal,2.5,180,10,0,500,0,0,False,22629,c758071093ea42d4fa38138643b14d0463861b6e24505037d1df4ef4deea2f2c,samples/p000495_a000093_000108_c57_l0.npz
p000495_a000093_000108_c58_l0,p000495,VAL,p000495_a000093,000108,58,focal,2.5,180,10,0,650,0,0,False,38249,78c6df7dfa6ec6557e4f58ff5b09648f68f561c577355987df7ccf7a7f66fb29,samples/p000495_a000093_000108_c58_l0.npz
p000495_a000093_000108_c59_l0,p000495,VAL,p000495_a000093,000108,59,focal,2.5,180,10,0,850,0,0,True,59829,3e2b7cee1ff0bca6163e5294ac89794798e844bee993002a742ea51ffde71650,samples/p000495_a000093_000108_c59_l0.npz
p000495_a000093_000108_c60_l0,p000495,VAL,p000495_a000093,000108,60,matched_angular_size,1.2,180,10,0,200,0,0,False,16880,e08430c37c306ba7f4ab411e083a5657b383128f8e0e17a524de210c24184eb9,samples/p000495_a000093_000108_c60_l0.npz
p000495_a000093_000108_c61_l0,p000495,VAL,p000495_a000093,000108,61,matched_angular_size,1.8,180,10,0,300,0,0,False,16041,df851952d64b2ba27d9e6ccf407ba549850378b3ac6b797eb05f927f7f0260d5,samples/p000495_a000093_000108_c61_l0.npz
p000495_a000093_000108_c62_l0,p000495,VAL,p000495_a000093,000108,62,matched_angular_size,3,180,10,0,500,0,0,False,15609,81791e38c91ca1e60c151b3363380669949177d01d36aad3704735291742e7ba,samples/p000495_a000093_000108_c62_l0.npz
p000495_a000093_000108_c63_l0,p000495,VAL,p000495_a000093,000108,63,matched_angular_size,4,180,10,0,666.6666666666666,0,0,False,15530,a0239ad6baa5bee140532c14aab000db61a4537d62507372bfbee979fb257cca,samples/p000495_a000093_000108_c63_l0.npz
p000495_a000197_000018_c00_l0,p000495,VAL,p000495_a000197,000018,0,distance,0.8,30,10,0,400,0,0,True,95515,ccebbb12b44fbc4979c7887a23be76d7f4bbd8fa8a132183947051c74f0c4010,samples/p000495_a000197_000018_c00_l0.npz
p000495_a000197_000018_c01_l0,p000495,VAL,p000495_a000197,000018,1,distance,1.2,30,10,0,400,0,0,True,56791,8611cbaf5d03f233cdbc5d15220c510df4f28e90f0188b619004270de36f297c,samples/p000495_a000197_000018_c01_l0.npz
p000495_a000197_000018_c02_l0,p000495,VAL,p000495_a000197,000018,2,distance,1.8,30,10,0,400,0,0,False,26913,3708a355276e1b0f0d38dd89cc4e9696bd4bf110e895edd5ef9c7dd1d2846902,samples/p000495_a000197_000018_c02_l0.npz
p000495_a000197_000018_c03_l0,p000495,VAL,p000495_a000197,000018,3,distance,2.5,30,10,0,400,0,0,False,13365,24f04a0e9c2aa71bdbb6ef402a0dde4b89595d832db7fae6d1908997d458b9d6,samples/p000495_a000197_000018_c03_l0.npz
p000495_a000197_000018_c04_l0,p000495,VAL,p000495_a000197,000018,4,distance,3.2,30,10,0,400,0,0,False,8015,26c7fd6e467754d6ab76bcb73d5d0b058e1119e2ead997ae0857878ae50a18bb,samples/p000495_a000197_000018_c04_l0.npz
p000495_a000197_000018_c05_l0,p000495,VAL,p000495_a000197,000018,5,distance,4.0,30,10,0,400,0,0,False,5096,f700057e754b1066e22a0f4cbf86d67ec85845ea8aff3c722658fbf8112fb5ac,samples/p000495_a000197_000018_c05_l0.npz
p000495_a000197_000018_c06_l0,p000495,VAL,p000495_a000197,000018,6,multiview_distance,1.2,0,10,0,400,0,0,True,57158,2c20834231bdaedbba7a722c67adf2b07721dbf563ae13c818b254002996099e,samples/p000495_a000197_000018_c06_l0.npz
p000495_a000197_000018_c07_l0,p000495,VAL,p000495_a000197,000018,7,multiview_distance,1.8,0,10,0,400,0,0,False,26920,b76ad5d43d8bd09424a779f36f40318efbe375c2fd69311ac52803c71b27dd65,samples/p000495_a000197_000018_c07_l0.npz
p000495_a000197_000018_c08_l0,p000495,VAL,p000495_a000197,000018,8,multiview_distance,2.5,0,10,0,400,0,0,False,13390,05ca28c56cdf8aafd4a485baaefa3afba90ee74bd5b6f7b6aeca215b4a516546,samples/p000495_a000197_000018_c08_l0.npz
p000495_a000197_000018_c09_l0,p000495,VAL,p000495_a000197,000018,9,multiview_distance,3.2,0,10,0,400,0,0,False,8029,97b610a1f5346fca5e4797b436bcfa46d766fadcb0a9c5cad204eb4c8f550e42,samples/p000495_a000197_000018_c09_l0.npz
p000495_a000197_000018_c10_l0,p000495,VAL,p000495_a000197,000018,10,multiview_distance,1.2,60,10,0,400,0,0,True,51742,96f3298c5b590d227d7c1f31c826c519c165a6c382b8c3cbe959994b4b20937c,samples/p000495_a000197_000018_c10_l0.npz
p000495_a000197_000018_c11_l0,p000495,VAL,p000495_a000197,000018,11,multiview_distance,1.8,60,10,0,400,0,0,False,24872,6e57b52c5dcde679ec892b3ec6f65bff5fa129f442a7db9c609019771e65129a,samples/p000495_a000197_000018_c11_l0.npz
p000495_a000197_000018_c12_l0,p000495,VAL,p000495_a000197,000018,12,multiview_distance,2.5,60,10,0,400,0,0,False,12458,1df856f21c3df63524a47e4ecad4889ffc3065ac800a6254adca7b55f1bbe13e,samples/p000495_a000197_000018_c12_l0.npz
p000495_a000197_000018_c13_l0,p000495,VAL,p000495_a000197,000018,13,multiview_distance,3.2,60,10,0,400,0,0,False,7495,2c52848cf941e87c1e09226aac65320bb7c91ff1fdf86dee31cd193e87b60b60,samples/p000495_a000197_000018_c13_l0.npz
p000495_a000197_000018_c14_l0,p000495,VAL,p000495_a000197,000018,14,multiview_distance,1.2,120,10,0,400,0,0,True,48074,eac039c349d95400e95a7ec1b4a153e4ae087d4b8d385f55b208f6039d25f396,samples/p000495_a000197_000018_c14_l0.npz
p000495_a000197_000018_c15_l0,p000495,VAL,p000495_a000197,000018,15,multiview_distance,1.8,120,10,0,400,0,0,False,24286,675c6cc5a97a5fb8d8b5136641fcd3a148e90f6dc0874030085d5115ff7f09d4,samples/p000495_a000197_000018_c15_l0.npz
p000495_a000197_000018_c16_l0,p000495,VAL,p000495_a000197,000018,16,multiview_distance,2.5,120,10,0,400,0,0,False,12381,3908ce6d4a9c27cffd485899ebc06b577f843889ec82d73b9906d7cae351376e,samples/p000495_a000197_000018_c16_l0.npz
p000495_a000197_000018_c17_l0,p000495,VAL,p000495_a000197,000018,17,multiview_distance,3.2,120,10,0,400,0,0,False,7506,0da915ca2df18fb655f728e489087d5cbc6441b483ffb8ba06bb102aba130283,samples/p000495_a000197_000018_c17_l0.npz
p000495_a000197_000018_c18_l0,p000495,VAL,p000495_a000197,000018,18,multiview_distance,1.2,180,10,0,400,0,0,True,58962,210bc0ffaad63f9e570a5743c4b14eb7799c6042a3feb2530bac443d07f5de83,samples/p000495_a000197_000018_c18_l0.npz
p000495_a000197_000018_c19_l0,p000495,VAL,p000495_a000197,000018,19,multiview_distance,1.8,180,10,0,400,0,0,False,28548,1277f832fe28febbe2cba4767dd585bda75cc19c1a7436cfe4e3499d3149bd29,samples/p000495_a000197_000018_c19_l0.npz
p000495_a000197_000018_c20_l0,p000495,VAL,p000495_a000197,000018,20,multiview_distance,2.5,180,10,0,400,0,0,False,14544,ecb0b07cdb1929fe9122b7a1cc182cb0c174e0ea53e9919482d605e7cdf868f7,samples/p000495_a000197_000018_c20_l0.npz
p000495_a000197_000018_c21_l0,p000495,VAL,p000495_a000197,000018,21,multiview_distance,3.2,180,10,0,400,0,0,False,8816,8306ffb72f10428c679d0976a9588cebf28abea5300925b70dc8c476b5093aa2,samples/p000495_a000197_000018_c21_l0.npz
p000495_a000197_000018_c22_l0,p000495,VAL,p000495_a000197,000018,22,multiview_distance,1.2,240,10,0,400,0,0,True,51450,656bad325ac8f0214f3e7c7ee9b71a7c4de87c850f162bd6b91f94e3627e52f9,samples/p000495_a000197_000018_c22_l0.npz
p000495_a000197_000018_c23_l0,p000495,VAL,p000495_a000197,000018,23,multiview_distance,1.8,240,10,0,400,0,0,False,25131,d43348460aaeb6ad5a39561f54853c29218ae28de48791f4bf3c57fc067cee89,samples/p000495_a000197_000018_c23_l0.npz
p000495_a000197_000018_c24_l0,p000495,VAL,p000495_a000197,000018,24,multiview_distance,2.5,240,10,0,400,0,0,False,12933,3688e558d2e539e5dfbeeb67a4f04b0daff60cdee662c1656dacae406ef7aa0d,samples/p000495_a000197_000018_c24_l0.npz
p000495_a000197_000018_c25_l0,p000495,VAL,p000495_a000197,000018,25,multiview_distance,3.2,240,10,0,400,0,0,False,7878,b75313a70f4b76d63dc2559be2f304f1ee0671087cb0a9722aa15ab4f47ff56a,samples/p000495_a000197_000018_c25_l0.npz
p000495_a000197_000018_c26_l0,p000495,VAL,p000495_a000197,000018,26,multiview_distance,1.2,300,10,0,400,0,0,True,46896,1a60645005065519338ac6d863d68f24a5bd9042c6c4a470be738d3dd6d0c5d6,samples/p000495_a000197_000018_c26_l0.npz
p000495_a000197_000018_c27_l0,p000495,VAL,p000495_a000197,000018,27,multiview_distance,1.8,300,10,0,400,0,0,False,22554,ec1ead8afcbbe73083aea83594ac2a80930001b0b164cf5af4b3b70163c9e230,samples/p000495_a000197_000018_c27_l0.npz
p000495_a000197_000018_c28_l0,p000495,VAL,p000495_a000197,000018,28,multiview_distance,2.5,300,10,0,400,0,0,False,11333,f59b0cbbcc3cd38e7f7a9353aea7cb7b272c710b556370737a3056acff8ed859,samples/p000495_a000197_000018_c28_l0.npz
p000495_a000197_000018_c29_l0,p000495,VAL,p000495_a000197,000018,29,multiview_distance,3.2,300,10,0,400,0,0,False,6824,2a099c2193b31bfba8b154b7072dc749f7130cee28e2e9fe05bfc86039ca0ced,samples/p000495_a000197_000018_c29_l0.npz
p000495_a000197_000018_c30_l0,p000495,VAL,p000495_a000197,000018,30,elevation,1.8,180,0,0,400,0,0,False,28280,40d15d952405754dc227ea1dfbbd094cc8a561f50661f8dee1be7d91774bca08,samples/p000495_a000197_000018_c30_l0.npz
p000495_a000197_000018_c31_l0,p000495,VAL,p000495_a000197,000018,31,elevation,3.2,180,0,0,400,0,0,False,8592,107db5660d18359c539159dcf4968814c8c13a3f682a3ed09f3b0f6e1dd5c64b,samples/p000495_a000197_000018_c31_l0.npz
p000495_a000197_000018_c32_l0,p000495,VAL,p000495_a000197,000018,32,elevation,1.8,180,25,0,400,0,0,False,28613,5a718d0fd9072faa6515c42f572d5191485969cb57a60d666ca342346cd928cc,samples/p000495_a000197_000018_c32_l0.npz
p000495_a000197_000018_c33_l0,p000495,VAL,p000495_a000197,000018,33,elevation,3.2,180,25,0,400,0,0,False,8892,2b237fd118abc2fe3c11e2e272434ce9c2565d5444ace75a743cbb38d1a7877f,samples/p000495_a000197_000018_c33_l0.npz
p000495_a000197_000018_c34_l0,p000495,VAL,p000495_a000197,000018,34,elevation,1.8,180,45,0,400,0,0,False,27704,784b19503df838d58ecba59c010fda417da5c02b4dc2c492e9837503517a8725,samples/p000495_a000197_000018_c34_l0.npz
p000495_a000197_000018_c35_l0,p000495,VAL,p000495_a000197,000018,35,elevation,3.2,180,45,0,400,0,0,False,8389,c423566cfa4a9ed7484c88de5041eefca8b9b4050780e0e10579ac5548defa9c,samples/p000495_a000197_000018_c35_l0.npz
p000495_a000197_000018_c36_l0,p000495,VAL,p000495_a000197,000018,36,elevation,1.8,180,65,0,400,0,0,False,25203,e48e0b87abce0ff5be4df71d662ea4a6fd5786dd247f095c3606a901023f9843,samples/p000495_a000197_000018_c36_l0.npz
p000495_a000197_000018_c37_l0,p000495,VAL,p000495_a000197,000018,37,elevation,3.2,180,65,0,400,0,0,False,7163,3f59998b7a7811ac79a276c5e4d79e2137a2b8a1eb831be85f5831dfa90ce72a,samples/p000495_a000197_000018_c37_l0.npz
p000495_a000197_000018_c38_l0,p000495,VAL,p000495_a000197,000018,38,elevation,1.8,180,85,0,400,0,0,False,20023,9d3691ee225e560715f8da6202bd66307d7989ab6004789e9f612e90c8d4a6ad,samples/p000495_a000197_000018_c38_l0.npz
p000495_a000197_000018_c39_l0,p000495,VAL,p000495_a000197,000018,39,elevation,3.2,180,85,0,400,0,0,False,5208,ff1941e2c0a1f480e49c985e69a7427f12ce9ce58da437c90baf7154e8501a47,samples/p000495_a000197_000018_c39_l0.npz
p000495_a000197_000018_c40_l0,p000495,VAL,p000495_a000197,000018,40,roll,1.8,180,10,-90,400,0,0,False,28548,3055747f20e3b83b16cc7e3bd6081eb09f02494556b214edf9316d90c7e2e71d,samples/p000495_a000197_000018_c40_l0.npz
p000495_a000197_000018_c41_l0,p000495,VAL,p000495_a000197,000018,41,roll,3.2,180,10,-90,400,0,0,False,8816,082b8bd81e0096b0b4d235db4ec98da4f882da6cfb462d982a8f5354af0dda98,samples/p000495_a000197_000018_c41_l0.npz
p000495_a000197_000018_c42_l0,p000495,VAL,p000495_a000197,000018,42,roll,1.8,180,10,-45,400,0,0,False,28560,18a5fdedd581a23b7eb6f95013599ae0ae6af1db6e10fdfb1420f9e45ff29c4f,samples/p000495_a000197_000018_c42_l0.npz
p000495_a000197_000018_c43_l0,p000495,VAL,p000495_a000197,000018,43,roll,3.2,180,10,-45,400,0,0,False,8809,7007713bd833e08ff4a6c0b9366a8a442a5f98d0aea0432b8bd217fd3c049200,samples/p000495_a000197_000018_c43_l0.npz
p000495_a000197_000018_c44_l0,p000495,VAL,p000495_a000197,000018,44,roll,1.8,180,10,-15,400,0,0,False,28570,2cab1da7871b3f80a697f6901fb42fc82f0e8d0ab8b5958c97b6ca4ec7bf9248,samples/p000495_a000197_000018_c44_l0.npz
p000495_a000197_000018_c45_l0,p000495,VAL,p000495_a000197,000018,45,roll,3.2,180,10,-15,400,0,0,False,8807,bffd49a164bd11bed89c1fd536a1dfdfc6dd9eaf1f056b29fdc5d8e5abf1a231,samples/p000495_a000197_000018_c45_l0.npz
p000495_a000197_000018_c46_l0,p000495,VAL,p000495_a000197,000018,46,roll,1.8,180,10,15,400,0,0,False,28558,0edfd8d7387acb3914439a1a74b27a4fd2c45e1fac8dbf28c677c53fda6fde79,samples/p000495_a000197_000018_c46_l0.npz
p000495_a000197_000018_c47_l0,p000495,VAL,p000495_a000197,000018,47,roll,3.2,180,10,15,400,0,0,False,8816,62947457eca8867cff0430c287d40821069e84298177cdbdcdb3643d973a0fe5,samples/p000495_a000197_000018_c47_l0.npz
p000495_a000197_000018_c48_l0,p000495,VAL,p000495_a000197,000018,48,roll,1.8,180,10,45,400,0,0,False,28560,9f918656f002127f6cab78d2a939467f099563c0398e8527b822edf793d5b2cd,samples/p000495_a000197_000018_c48_l0.npz
p000495_a000197_000018_c49_l0,p000495,VAL,p000495_a000197,000018,49,roll,3.2,180,10,45,400,0,0,False,8809,d3376a55a009d156496373fcfbfb4c4e42dd0d29d2dc4eeb232f0cdc57917004,samples/p000495_a000197_000018_c49_l0.npz
p000495_a000197_000018_c50_l0,p000495,VAL,p000495_a000197,000018,50,roll,1.8,180,10,90,400,0,0,False,28548,830d2de6a21ee7f2a106b5145bf95e4b9d71549a0f94c14135379270785f33d4,samples/p000495_a000197_000018_c50_l0.npz
p000495_a000197_000018_c51_l0,p000495,VAL,p000495_a000197,000018,51,roll,3.2,180,10,90,400,0,0,False,8816,15514dcf9dec2699e5cbc7d5c8e83a71c10aed78b4e4e74b40de0f9752b5d4d4,samples/p000495_a000197_000018_c51_l0.npz
p000495_a000197_000018_c52_l0,p000495,VAL,p000495_a000197,000018,52,offcentre,2.5,180,10,0,400,-0.25,0,False,15487,b0f6926d98c19c3fce98a9654e43a6a6c68a684048b2e0f8fbedeb61e4eae797,samples/p000495_a000197_000018_c52_l0.npz
p000495_a000197_000018_c53_l0,p000495,VAL,p000495_a000197,000018,53,offcentre,2.5,180,10,0,400,0.25,0,False,15352,f9870dd5d894344f14b277b004cbe9a5f6e6ef08883c8aaa5722083196731fb7,samples/p000495_a000197_000018_c53_l0.npz
p000495_a000197_000018_c54_l0,p000495,VAL,p000495_a000197,000018,54,offcentre,2.5,180,10,0,400,0,-0.2,False,14124,b918eb7befbe8438b30d44ca8d9726ec72e14301e1528bd1aef8b817a434210d,samples/p000495_a000197_000018_c54_l0.npz
p000495_a000197_000018_c55_l0,p000495,VAL,p000495_a000197,000018,55,offcentre,2.5,180,10,0,400,0,0.2,True,15115,373aa8af08fd0b72ab7ad957a154abba36714a138420a22263c10402343a1ed0,samples/p000495_a000197_000018_c55_l0.npz
p000495_a000197_000018_c56_l0,p000495,VAL,p000495_a000197,000018,56,focal,2.5,180,10,0,300,0,0,False,8179,700695b3aa41d169a5a3a9d42302064099fa7df6d27232b9814a9a7a79a6c158,samples/p000495_a000197_000018_c56_l0.npz
p000495_a000197_000018_c57_l0,p000495,VAL,p000495_a000197,000018,57,focal,2.5,180,10,0,500,0,0,False,22718,4ed933293c9a159d71e979d2d4c963d7c133be735a4a794b57a179ffcdcd0f90,samples/p000495_a000197_000018_c57_l0.npz
p000495_a000197_000018_c58_l0,p000495,VAL,p000495_a000197,000018,58,focal,2.5,180,10,0,650,0,0,False,38381,2de69cbbcf4d57cad35f7604bc8477d2d828017c96f6fbed2935adab85ce6814,samples/p000495_a000197_000018_c58_l0.npz
p000495_a000197_000018_c59_l0,p000495,VAL,p000495_a000197,000018,59,focal,2.5,180,10,0,850,0,0,True,59737,e173432f9ac2cff786506fa5c95fa680c2441569c06730fa95457fab5150a8c1,samples/p000495_a000197_000018_c59_l0.npz
p000495_a000197_000018_c60_l0,p000495,VAL,p000495_a000197,000018,60,matched_angular_size,1.2,180,10,0,200,0,0,False,16873,ba04e2b415ca62c59fd81bd3582e297ae55352e4f49eff0c09147ff0280ae1a0,samples/p000495_a000197_000018_c60_l0.npz
p000495_a000197_000018_c61_l0,p000495,VAL,p000495_a000197,000018,61,matched_angular_size,1.8,180,10,0,300,0,0,False,16068,49268d03a1e86dd8063cff288172d30803a41e9c85f6a7922b46f8c601093713,samples/p000495_a000197_000018_c61_l0.npz
p000495_a000197_000018_c62_l0,p000495,VAL,p000495_a000197,000018,62,matched_angular_size,3,180,10,0,500,0,0,False,15694,e2d7a8b3b548353415730cc55be0340e91c89f67ec39ff7df52fcf79d425d4db,samples/p000495_a000197_000018_c62_l0.npz
p000495_a000197_000018_c63_l0,p000495,VAL,p000495_a000197,000018,63,matched_angular_size,4,180,10,0,666.6666666666666,0,0,False,15619,d174df7ec5a1d72d1d8762cf01547596a3bd7b7589a762ab395c918a0a3f3abd,samples/p000495_a000197_000018_c63_l0.npz
p000495_a000197_000078_c00_l0,p000495,VAL,p000495_a000197,000078,0,distance,0.8,30,10,0,400,0,0,True,88183,9176fb15cacff989e37106ac22070682d0c6ed04f18c13374f5bee3e4f96dab9,samples/p000495_a000197_000078_c00_l0.npz
p000495_a000197_000078_c01_l0,p000495,VAL,p000495_a000197,000078,1,distance,1.2,30,10,0,400,0,0,True,54984,290a0087233589449f8882f2a05e6565e7a1b95c60064b94631e8eceb56f329f,samples/p000495_a000197_000078_c01_l0.npz
p000495_a000197_000078_c02_l0,p000495,VAL,p000495_a000197,000078,2,distance,1.8,30,10,0,400,0,0,False,26446,6ae6df80aa5c5f022535cf187439b2ec7ec7b22d750073e8e54759dc71195b22,samples/p000495_a000197_000078_c02_l0.npz
p000495_a000197_000078_c03_l0,p000495,VAL,p000495_a000197,000078,3,distance,2.5,30,10,0,400,0,0,False,13292,3798b3c4a2a22b43a873459a49e58834afcbea37420715f0a9046b6e7ed1b65d,samples/p000495_a000197_000078_c03_l0.npz
p000495_a000197_000078_c04_l0,p000495,VAL,p000495_a000197,000078,4,distance,3.2,30,10,0,400,0,0,False,8029,0740efbed8ebb666b7ba97b3260359fe66543b3f34e0c584e2d4dd4b66d61384,samples/p000495_a000197_000078_c04_l0.npz
p000495_a000197_000078_c05_l0,p000495,VAL,p000495_a000197,000078,5,distance,4.0,30,10,0,400,0,0,False,5109,605ee2701af3f17bc3c9f8a935994e7849f6c693af1ac9f2e0755b568aea3a5b,samples/p000495_a000197_000078_c05_l0.npz
p000495_a000197_000078_c06_l0,p000495,VAL,p000495_a000197,000078,6,multiview_distance,1.2,0,10,0,400,0,0,True,55935,9bb52cec3aadce1e27a60063bd2dc0632c9553a8c66c94c4dbe7963ca56c296f,samples/p000495_a000197_000078_c06_l0.npz
p000495_a000197_000078_c07_l0,p000495,VAL,p000495_a000197,000078,7,multiview_distance,1.8,0,10,0,400,0,0,False,26581,e998b91b9e982414b28040ef75e907bf09cf7781692d0ac23d6c6a79e0cb6093,samples/p000495_a000197_000078_c07_l0.npz
p000495_a000197_000078_c08_l0,p000495,VAL,p000495_a000197,000078,8,multiview_distance,2.5,0,10,0,400,0,0,False,13131,345feac6b089cec493946e6b9734dbbe9356e0b752d776ce496bd791e84d277e,samples/p000495_a000197_000078_c08_l0.npz
p000495_a000197_000078_c09_l0,p000495,VAL,p000495_a000197,000078,9,multiview_distance,3.2,0,10,0,400,0,0,False,7886,15a159d1e122ccdeffb1a8514565bd4d4dc85f399c1c9ea09c9cb3dc0367212a,samples/p000495_a000197_000078_c09_l0.npz
p000495_a000197_000078_c10_l0,p000495,VAL,p000495_a000197,000078,10,multiview_distance,1.2,60,10,0,400,0,0,True,50577,75d17b27399370a8487169e7dd4ca7e5c24c16eb2f1970edc66395fc191ceaf8,samples/p000495_a000197_000078_c10_l0.npz
p000495_a000197_000078_c11_l0,p000495,VAL,p000495_a000197,000078,11,multiview_distance,1.8,60,10,0,400,0,0,False,24432,1e2aa3ad88fa2cee5c020e87d5b7847404067084be48c801ec1479370cd38878,samples/p000495_a000197_000078_c11_l0.npz
p000495_a000197_000078_c12_l0,p000495,VAL,p000495_a000197,000078,12,multiview_distance,2.5,60,10,0,400,0,0,False,12379,a1f9c99bda981e1e01459254fb72457a36aa00a089516a6fad38e262e2c0cfee,samples/p000495_a000197_000078_c12_l0.npz
p000495_a000197_000078_c13_l0,p000495,VAL,p000495_a000197,000078,13,multiview_distance,3.2,60,10,0,400,0,0,False,7481,d6c059e9a9ab7a7253908b6c8729a8ddacd8263acb821affb249261083353e75,samples/p000495_a000197_000078_c13_l0.npz
p000495_a000197_000078_c14_l0,p000495,VAL,p000495_a000197,000078,14,multiview_distance,1.2,120,10,0,400,0,0,True,50947,66ac6a86b286274b54a011e316ed9bc70582c087693528a22976da6900ff0282,samples/p000495_a000197_000078_c14_l0.npz
p000495_a000197_000078_c15_l0,p000495,VAL,p000495_a000197,000078,15,multiview_distance,1.8,120,10,0,400,0,0,False,25814,55e4ed0dcc732d186a6c2a5c6ad765f3a95b192ab2964cbb88a599f011bad5e9,samples/p000495_a000197_000078_c15_l0.npz
p000495_a000197_000078_c16_l0,p000495,VAL,p000495_a000197,000078,16,multiview_distance,2.5,120,10,0,400,0,0,False,13026,71a89bf122de7b116296d70a6e2c1ee68a77eee30ac3dd21c73067ceeec19330,samples/p000495_a000197_000078_c16_l0.npz
p000495_a000197_000078_c17_l0,p000495,VAL,p000495_a000197,000078,17,multiview_distance,3.2,120,10,0,400,0,0,False,7864,4e7a5dc7199067d4309fa5f5c124dacc6f2178c38ee5b08d846a9e6301050a80,samples/p000495_a000197_000078_c17_l0.npz
p000495_a000197_000078_c18_l0,p000495,VAL,p000495_a000197,000078,18,multiview_distance,1.2,180,10,0,400,0,0,True,64851,f9f65b48f612b6b0c8afe51911f71c849e6cce6bfe0eb91e1bfd0d242fbdf879,samples/p000495_a000197_000078_c18_l0.npz
p000495_a000197_000078_c19_l0,p000495,VAL,p000495_a000197,000078,19,multiview_distance,1.8,180,10,0,400,0,0,False,30157,cb649446a6569689fdf3d2fcd677b7d09471755cc9d1d2121a9ce3f745419a94,samples/p000495_a000197_000078_c19_l0.npz
p000495_a000197_000078_c20_l0,p000495,VAL,p000495_a000197,000078,20,multiview_distance,2.5,180,10,0,400,0,0,False,15161,37ca02f84e76dd7932e27fd9dbd53482cc4ae46eed0cddb8c4ba31a38026f889,samples/p000495_a000197_000078_c20_l0.npz
p000495_a000197_000078_c21_l0,p000495,VAL,p000495_a000197,000078,21,multiview_distance,3.2,180,10,0,400,0,0,False,9160,d9f239a1203dfba386a8ac1c69c8503092b847f07a6dcc951d17512f07ce8700,samples/p000495_a000197_000078_c21_l0.npz
p000495_a000197_000078_c22_l0,p000495,VAL,p000495_a000197,000078,22,multiview_distance,1.2,240,10,0,400,0,0,True,55700,2189dafb52576c7b0a20983e855d50a2a913c414309cb6f3bb3b4159c8446b3f,samples/p000495_a000197_000078_c22_l0.npz
p000495_a000197_000078_c23_l0,p000495,VAL,p000495_a000197,000078,23,multiview_distance,1.8,240,10,0,400,0,0,False,26325,d2544806d674e0cb22dcf1d40448002ffacbc16203991251f3879a914f779938,samples/p000495_a000197_000078_c23_l0.npz
p000495_a000197_000078_c24_l0,p000495,VAL,p000495_a000197,000078,24,multiview_distance,2.5,240,10,0,400,0,0,False,13430,5551964eaba53b0dcbcafd94f987b93bbb9c0edee71edee47a88fc8a35e0de92,samples/p000495_a000197_000078_c24_l0.npz
p000495_a000197_000078_c25_l0,p000495,VAL,p000495_a000197,000078,25,multiview_distance,3.2,240,10,0,400,0,0,False,8145,9bb1baeddb2b92c34319f14551864a35df4d7fe986e5f56671553812587725f0,samples/p000495_a000197_000078_c25_l0.npz
p000495_a000197_000078_c26_l0,p000495,VAL,p000495_a000197,000078,26,multiview_distance,1.2,300,10,0,400,0,0,True,49625,5e363e372e937332a50213a35fba2d5efd7661b0cf869f2a5e5d551d86ec4846,samples/p000495_a000197_000078_c26_l0.npz
p000495_a000197_000078_c27_l0,p000495,VAL,p000495_a000197,000078,27,multiview_distance,1.8,300,10,0,400,0,0,False,23631,979f07d53a3d2abc3324a8d41a4208fff2e100940e25167c075848c9e09b3bb0,samples/p000495_a000197_000078_c27_l0.npz
p000495_a000197_000078_c28_l0,p000495,VAL,p000495_a000197,000078,28,multiview_distance,2.5,300,10,0,400,0,0,False,11609,98886b5beed93a771c04ba0b00f005d53253ac8bd63e64c5f881d49d956aa187,samples/p000495_a000197_000078_c28_l0.npz
p000495_a000197_000078_c29_l0,p000495,VAL,p000495_a000197,000078,29,multiview_distance,3.2,300,10,0,400,0,0,False,6935,d8950549cb46275b8df6e5d4bb71790a82e54dcbcd4c7058840dded8624a45ed,samples/p000495_a000197_000078_c29_l0.npz
p000495_a000197_000078_c30_l0,p000495,VAL,p000495_a000197,000078,30,elevation,1.8,180,0,0,400,0,0,False,29431,abcefd08b4d5d2d02930d613b34fbf18c141cf82bb155b0d45268f886f97978a,samples/p000495_a000197_000078_c30_l0.npz
p000495_a000197_000078_c31_l0,p000495,VAL,p000495_a000197,000078,31,elevation,3.2,180,0,0,400,0,0,False,8771,225d1afdfd64d7425aad3351b81b54f4eaf486308e8330dff93f203db7c9b832,samples/p000495_a000197_000078_c31_l0.npz
p000495_a000197_000078_c32_l0,p000495,VAL,p000495_a000197,000078,32,elevation,1.8,180,25,0,400,0,0,False,30645,a83e68d79cd240e3d06941798f9f31ec16621aef2b039269bcbefbc367e5bd6d,samples/p000495_a000197_000078_c32_l0.npz
p000495_a000197_000078_c33_l0,p000495,VAL,p000495_a000197,000078,33,elevation,3.2,180,25,0,400,0,0,False,9401,dacc90a89abe534fa68a03cf826768dc5c585f960bf5ec97a919537577e7141d,samples/p000495_a000197_000078_c33_l0.npz
p000495_a000197_000078_c34_l0,p000495,VAL,p000495_a000197,000078,34,elevation,1.8,180,45,0,400,0,0,False,30216,6192f4b4f04667f4d28852321b89ba8301de0b16ab947bf153b88445594d7d7b,samples/p000495_a000197_000078_c34_l0.npz
p000495_a000197_000078_c35_l0,p000495,VAL,p000495_a000197,000078,35,elevation,3.2,180,45,0,400,0,0,False,9069,130905b1cab4fe453789eb8e26baf435dbdd6bbabd3633caf9632089214c01bc,samples/p000495_a000197_000078_c35_l0.npz
p000495_a000197_000078_c36_l0,p000495,VAL,p000495_a000197,000078,36,elevation,1.8,180,65,0,400,0,0,False,27988,94151572ce814f19af9e2e679b5ad93cc08e8dc18120e7d59c03bac2580ba6c3,samples/p000495_a000197_000078_c36_l0.npz
p000495_a000197_000078_c37_l0,p000495,VAL,p000495_a000197,000078,37,elevation,3.2,180,65,0,400,0,0,False,7943,3202e038c2ea83f14654cec4e7f9778c75a50be7374dd67fcf9a0e54a919aff8,samples/p000495_a000197_000078_c37_l0.npz
p000495_a000197_000078_c38_l0,p000495,VAL,p000495_a000197,000078,38,elevation,1.8,180,85,0,400,0,0,False,23011,868f5dde847314da13f80c85916ce6d9a4e5e21293ff386c2917edaa60582a9d,samples/p000495_a000197_000078_c38_l0.npz
p000495_a000197_000078_c39_l0,p000495,VAL,p000495_a000197,000078,39,elevation,3.2,180,85,0,400,0,0,False,6064,4150c4984b404cef79a24464c1bded5581b4e472661f96b01d8d0a3adcd317a5,samples/p000495_a000197_000078_c39_l0.npz
p000495_a000197_000078_c40_l0,p000495,VAL,p000495_a000197,000078,40,roll,1.8,180,10,-90,400,0,0,False,30157,6ef177da6217842d57ca2c3c0e395296110edede6966b4ea313a31e6f4e109da,samples/p000495_a000197_000078_c40_l0.npz
p000495_a000197_000078_c41_l0,p000495,VAL,p000495_a000197,000078,41,roll,3.2,180,10,-90,400,0,0,False,9160,2608f389c27677efdaac1060d540aae3d5350438811570225d66dc3fe3e7eb50,samples/p000495_a000197_000078_c41_l0.npz
p000495_a000197_000078_c42_l0,p000495,VAL,p000495_a000197,000078,42,roll,1.8,180,10,-45,400,0,0,False,30148,6ffbe05c68d218a45aec797b6fc45d9d53bbf77af1d9e50f470560e7a8624f1c,samples/p000495_a000197_000078_c42_l0.npz
p000495_a000197_000078_c43_l0,p000495,VAL,p000495_a000197,000078,43,roll,3.2,180,10,-45,400,0,0,False,9162,8fe36cf46e9e2d6dafb0771f6fba234e5163bcfcab7be54f9186286507a46b41,samples/p000495_a000197_000078_c43_l0.npz
p000495_a000197_000078_c44_l0,p000495,VAL,p000495_a000197,000078,44,roll,1.8,180,10,-15,400,0,0,False,30143,0a4bc9ce2634d14fbe553c43df83b67bbbaf7242a39fb569f626ba564930bfc6,samples/p000495_a000197_000078_c44_l0.npz
p000495_a000197_000078_c45_l0,p000495,VAL,p000495_a000197,000078,45,roll,3.2,180,10,-15,400,0,0,False,9146,0eb242b62df091a9538d7ea69a552296f49d5643adf785bbebd8ddb19d688ade,samples/p000495_a000197_000078_c45_l0.npz
p000495_a000197_000078_c46_l0,p000495,VAL,p000495_a000197,000078,46,roll,1.8,180,10,15,400,0,0,False,30163,98d5a2b041eeb4d9d553c2ff37a2e3d10edb7770a416422b9eb795c56a3e58f1,samples/p000495_a000197_000078_c46_l0.npz
p000495_a000197_000078_c47_l0,p000495,VAL,p000495_a000197,000078,47,roll,3.2,180,10,15,400,0,0,False,9161,8b9b086d34f1a903469d7a1bb29dc9996796f354d31a41d55f37a8d43b2dc451,samples/p000495_a000197_000078_c47_l0.npz
p000495_a000197_000078_c48_l0,p000495,VAL,p000495_a000197,000078,48,roll,1.8,180,10,45,400,0,0,False,30148,5961897dd820ceb7e86c985aad023344017888f79e0701b4b36b6d9610526c75,samples/p000495_a000197_000078_c48_l0.npz
p000495_a000197_000078_c49_l0,p000495,VAL,p000495_a000197,000078,49,roll,3.2,180,10,45,400,0,0,False,9162,2ee7ae00496b2b358cd11163603d4c3f1c2e3e929cd496722d246a39599cdb6a,samples/p000495_a000197_000078_c49_l0.npz
p000495_a000197_000078_c50_l0,p000495,VAL,p000495_a000197,000078,50,roll,1.8,180,10,90,400,0,0,False,30157,478413ee34262e7528fa749dd2eb895ce9af4aa003a7193338b705b3dfd0e881,samples/p000495_a000197_000078_c50_l0.npz
p000495_a000197_000078_c51_l0,p000495,VAL,p000495_a000197,000078,51,roll,3.2,180,10,90,400,0,0,False,9160,c1090195718f869323af4baf7ff97b358acc35dfbcce7c6312f1b068a2ea6ca8,samples/p000495_a000197_000078_c51_l0.npz
p000495_a000197_000078_c52_l0,p000495,VAL,p000495_a000197,000078,52,offcentre,2.5,180,10,0,400,-0.25,0,False,16430,9f4b955e10c49a81e8431b160507473e2e1c2fc826233f896f0d748dbe482626,samples/p000495_a000197_000078_c52_l0.npz
p000495_a000197_000078_c53_l0,p000495,VAL,p000495_a000197,000078,53,offcentre,2.5,180,10,0,400,0.25,0,False,16247,3e3e58202360390cccfa796879e36b63e96346daaca7eacec9c8b4209a8e39f0,samples/p000495_a000197_000078_c53_l0.npz
p000495_a000197_000078_c54_l0,p000495,VAL,p000495_a000197,000078,54,offcentre,2.5,180,10,0,400,0,-0.2,False,14446,a1360033a8c693ee089e3cf573020ce92f9a35ab8428933246daea4a24cf9bb0,samples/p000495_a000197_000078_c54_l0.npz
p000495_a000197_000078_c55_l0,p000495,VAL,p000495_a000197,000078,55,offcentre,2.5,180,10,0,400,0,0.2,True,15986,800078936aa55146c483b7902c088e0e25ae2600e711fa032d65f4df07267914,samples/p000495_a000197_000078_c55_l0.npz
p000495_a000197_000078_c56_l0,p000495,VAL,p000495_a000197,000078,56,focal,2.5,180,10,0,300,0,0,False,8534,c94fbc1a6d4f27c499fd39e0f4c8164348addae12765f5dec7ca7a0591e530bc,samples/p000495_a000197_000078_c56_l0.npz
p000495_a000197_000078_c57_l0,p000495,VAL,p000495_a000197,000078,57,focal,2.5,180,10,0,500,0,0,False,23704,9e55e72e43de0668a62222a1701308914b42b941e49a440ba1a81f4567486519,samples/p000495_a000197_000078_c57_l0.npz
p000495_a000197_000078_c58_l0,p000495,VAL,p000495_a000197,000078,58,focal,2.5,180,10,0,650,0,0,False,40100,07b0b4c0b227ed4763262ce9860e169df1992da5bc6afcb5596e12c0226ad3a8,samples/p000495_a000197_000078_c58_l0.npz
p000495_a000197_000078_c59_l0,p000495,VAL,p000495_a000197,000078,59,focal,2.5,180,10,0,850,0,0,True,64161,2f6cb03e7f9dcb64f9a0261819146b4496445efe94baca6d7da08edf750f701a,samples/p000495_a000197_000078_c59_l0.npz
p000495_a000197_000078_c60_l0,p000495,VAL,p000495_a000197,000078,60,matched_angular_size,1.2,180,10,0,200,0,0,False,18249,1cbaaf4d2a66faeaf9db6e7454bda32db24119f400016a5168b85543db85bd84,samples/p000495_a000197_000078_c60_l0.npz
p000495_a000197_000078_c61_l0,p000495,VAL,p000495_a000197,000078,61,matched_angular_size,1.8,180,10,0,300,0,0,False,16954,430992be3dd3ce88218922a468409f3bc2b01cee6f98635b54e4f0e6105268e4,samples/p000495_a000197_000078_c61_l0.npz
p000495_a000197_000078_c62_l0,p000495,VAL,p000495_a000197,000078,62,matched_angular_size,3,180,10,0,500,0,0,False,16305,f702666beff74ed43c68c1eb9de38b0947c12d11197b64f3b873a0a0db786204,samples/p000495_a000197_000078_c62_l0.npz
p000495_a000197_000078_c63_l0,p000495,VAL,p000495_a000197,000078,63,matched_angular_size,4,180,10,0,666.6666666666666,0,0,False,16153,813b3310ee3d43b70fc267440f3924243a9064c3faa7204929ec718ad52c2195,samples/p000495_a000197_000078_c63_l0.npz
p000496_a000048_000030_c00_l0,p000496,TRAIN,p000496_a000048,000030,0,distance,0.8,30,10,0,400,0,0,True,129281,8551b9e9f6a4b8312e2918564d827adb49a2e62cb3deecb590e74e927f3be925,samples/p000496_a000048_000030_c00_l0.npz
p000496_a000048_000030_c01_l0,p000496,TRAIN,p000496_a000048,000030,1,distance,1.2,30,10,0,400,0,0,True,69616,7b3934a7815f2fa20595eb209463ea30e9e0186504bb611c3b247fc0ccc81ca6,samples/p000496_a000048_000030_c01_l0.npz
p000496_a000048_000030_c02_l0,p000496,TRAIN,p000496_a000048,000030,2,distance,1.8,30,10,0,400,0,0,False,31900,88bfe111b533351a273ed4f0d8a832485cdf8650d1bc8d37b054cacf72eafdb8,samples/p000496_a000048_000030_c02_l0.npz
p000496_a000048_000030_c03_l0,p000496,TRAIN,p000496_a000048,000030,3,distance,2.5,30,10,0,400,0,0,False,15514,77def54c322305818b890469f8e1143ff5ce561a0a7700b03f3fd3f113377283,samples/p000496_a000048_000030_c03_l0.npz
p000496_a000048_000030_c04_l0,p000496,TRAIN,p000496_a000048,000030,4,distance,3.2,30,10,0,400,0,0,False,9188,bf82f5c2ab0ef87bb8af52131057917d58c6b3bf76e6927f1a099ae5b17f7af6,samples/p000496_a000048_000030_c04_l0.npz
p000496_a000048_000030_c05_l0,p000496,TRAIN,p000496_a000048,000030,5,distance,4.0,30,10,0,400,0,0,False,5773,d70fb70b54d8f29e669eb164cf3f6bf88dc1bc7d54a0579973a60f1f41089718,samples/p000496_a000048_000030_c05_l0.npz
p000496_a000048_000030_c06_l0,p000496,TRAIN,p000496_a000048,000030,6,multiview_distance,1.2,0,10,0,400,0,0,True,70804,45d790582d1fabb1329c53b1c0e3cfa73a01c029e114662598940e2af8314d9a,samples/p000496_a000048_000030_c06_l0.npz
p000496_a000048_000030_c07_l0,p000496,TRAIN,p000496_a000048,000030,7,multiview_distance,1.8,0,10,0,400,0,0,False,32423,215b15d093e7f7f09ce14a8d6e535488c47470a6ccde4c182811ab092b3f0b74,samples/p000496_a000048_000030_c07_l0.npz
p000496_a000048_000030_c08_l0,p000496,TRAIN,p000496_a000048,000030,8,multiview_distance,2.5,0,10,0,400,0,0,False,15822,5f39929ead34a95d6af325665f851c2919074f6b2d6eb830a9fe0803730eab29,samples/p000496_a000048_000030_c08_l0.npz
p000496_a000048_000030_c09_l0,p000496,TRAIN,p000496_a000048,000030,9,multiview_distance,3.2,0,10,0,400,0,0,False,9404,a3258180bc2e7aaefdb917abf41fa8d38fb632224f122f91544fa0c129cb447a,samples/p000496_a000048_000030_c09_l0.npz
p000496_a000048_000030_c10_l0,p000496,TRAIN,p000496_a000048,000030,10,multiview_distance,1.2,60,10,0,400,0,0,True,55066,e986c9e90c7a7675df59584a8c12334e5d8ce754e5210ee4c95c2029e51f5a00,samples/p000496_a000048_000030_c10_l0.npz
p000496_a000048_000030_c11_l0,p000496,TRAIN,p000496_a000048,000030,11,multiview_distance,1.8,60,10,0,400,0,0,False,25191,e8bf20bca1a428a2694eab881e50c88ac01704d392111c20953436766ab2c73e,samples/p000496_a000048_000030_c11_l0.npz
p000496_a000048_000030_c12_l0,p000496,TRAIN,p000496_a000048,000030,12,multiview_distance,2.5,60,10,0,400,0,0,False,12274,fc957dc65218e889cfa013111c7aa3d3f40d605a8b345ba744306f37a1a0818b,samples/p000496_a000048_000030_c12_l0.npz
p000496_a000048_000030_c13_l0,p000496,TRAIN,p000496_a000048,000030,13,multiview_distance,3.2,60,10,0,400,0,0,False,7279,a65f9f4c8c1f70149d2cff065f51fa16676f08e0de28dbba240573d237c3ac11,samples/p000496_a000048_000030_c13_l0.npz
p000496_a000048_000030_c14_l0,p000496,TRAIN,p000496_a000048,000030,14,multiview_distance,1.2,120,10,0,400,0,0,True,58705,c01d8cb300aaa19055dc6d8603749d0e7c57e4646937a32065592f08d460d7a1,samples/p000496_a000048_000030_c14_l0.npz
p000496_a000048_000030_c15_l0,p000496,TRAIN,p000496_a000048,000030,15,multiview_distance,1.8,120,10,0,400,0,0,False,27442,38e66b0e09ab26e93c96b2f8d06dc71b938cd78c46415a8323e66941f3956f7c,samples/p000496_a000048_000030_c15_l0.npz
p000496_a000048_000030_c16_l0,p000496,TRAIN,p000496_a000048,000030,16,multiview_distance,2.5,120,10,0,400,0,0,False,13788,c20609b08505b4a0f23307b70923b3f9283e88e5d21cc9b70dcea1e49c4d20b4,samples/p000496_a000048_000030_c16_l0.npz
p000496_a000048_000030_c17_l0,p000496,TRAIN,p000496_a000048,000030,17,multiview_distance,3.2,120,10,0,400,0,0,False,8289,f8097622835d2adb6f2c67a3aa451beaeed24470f05f81f1ba31f2ff0e55f3f3,samples/p000496_a000048_000030_c17_l0.npz
p000496_a000048_000030_c18_l0,p000496,TRAIN,p000496_a000048,000030,18,multiview_distance,1.2,180,10,0,400,0,0,True,63064,fffd916c03410fe464eb8870859c6e435e7c5ebe25cd17f3ab885aa3152b652e,samples/p000496_a000048_000030_c18_l0.npz
p000496_a000048_000030_c19_l0,p000496,TRAIN,p000496_a000048,000030,19,multiview_distance,1.8,180,10,0,400,0,0,False,30918,d2cf8eb985992edafddd32a4cef43aa74b3356d0062126a0d0ddcf93b8433a51,samples/p000496_a000048_000030_c19_l0.npz
p000496_a000048_000030_c20_l0,p000496,TRAIN,p000496_a000048,000030,20,multiview_distance,2.5,180,10,0,400,0,0,False,15901,9d7f2fe59aa8b40c89583a73ac5ba0e48c0ec9aa8583ca91303cea00db49a62d,samples/p000496_a000048_000030_c20_l0.npz
p000496_a000048_000030_c21_l0,p000496,TRAIN,p000496_a000048,000030,21,multiview_distance,3.2,180,10,0,400,0,0,False,9691,171d8b9a94c28df7b2b0394ae7f55b12d595fc27b76f76a5ec7407f349fe46c6,samples/p000496_a000048_000030_c21_l0.npz
p000496_a000048_000030_c22_l0,p000496,TRAIN,p000496_a000048,000030,22,multiview_distance,1.2,240,10,0,400,0,0,True,52993,62606e691b1daa2f73ffec0a677141500af2e2975b42d337b3c8c066088f80e8,samples/p000496_a000048_000030_c22_l0.npz
p000496_a000048_000030_c23_l0,p000496,TRAIN,p000496_a000048,000030,23,multiview_distance,1.8,240,10,0,400,0,0,False,24703,04ccdb692f7cf42401d27f9e25ed4bf1a4c89c0e82b1585f643b68d52f9d7e56,samples/p000496_a000048_000030_c23_l0.npz
p000496_a000048_000030_c24_l0,p000496,TRAIN,p000496_a000048,000030,24,multiview_distance,2.5,240,10,0,400,0,0,False,12681,aea4737dd40bc9d8e3c93fe2a82e6048a101c8b6d57422ed424bd03b08a5afd6,samples/p000496_a000048_000030_c24_l0.npz
p000496_a000048_000030_c25_l0,p000496,TRAIN,p000496_a000048,000030,25,multiview_distance,3.2,240,10,0,400,0,0,False,7720,0a00dbef6fdffa7faeaa48320e5bdc208a1ca5d1170bae24d2f95cc1b3498f64,samples/p000496_a000048_000030_c25_l0.npz
p000496_a000048_000030_c26_l0,p000496,TRAIN,p000496_a000048,000030,26,multiview_distance,1.2,300,10,0,400,0,0,True,50654,e775f1d3675f42268a90d7d54c00c6fa15e3bd06b1c1fe57c3dc430cb9e6573f,samples/p000496_a000048_000030_c26_l0.npz
p000496_a000048_000030_c27_l0,p000496,TRAIN,p000496_a000048,000030,27,multiview_distance,1.8,300,10,0,400,0,0,False,23808,7ab93ad016239544dc3db51f6e1fd53db00bb28c7058ebac1fdca7146fa15ea7,samples/p000496_a000048_000030_c27_l0.npz
p000496_a000048_000030_c28_l0,p000496,TRAIN,p000496_a000048,000030,28,multiview_distance,2.5,300,10,0,400,0,0,False,11990,ed87801e8e19397b0d70b882984501ae00b501917c1fbbe73c58e9548c76a4db,samples/p000496_a000048_000030_c28_l0.npz
p000496_a000048_000030_c29_l0,p000496,TRAIN,p000496_a000048,000030,29,multiview_distance,3.2,300,10,0,400,0,0,False,7230,3747d8abdc8cfe26402f92f3b06bb2196b0ba54b858dae8e5ac2da90064cdd29,samples/p000496_a000048_000030_c29_l0.npz
p000496_a000048_000030_c30_l0,p000496,TRAIN,p000496_a000048,000030,30,elevation,1.8,180,0,0,400,0,0,False,29952,7e5bd46ce37f628dd40287114d0d35c4a251b80299855d44cdac3243b91660d2,samples/p000496_a000048_000030_c30_l0.npz
p000496_a000048_000030_c31_l0,p000496,TRAIN,p000496_a000048,000030,31,elevation,3.2,180,0,0,400,0,0,False,9319,92e7c585558f71eca70c93abfa694ab00379a8e98bf22edbb0a83836275dad90,samples/p000496_a000048_000030_c31_l0.npz
p000496_a000048_000030_c32_l0,p000496,TRAIN,p000496_a000048,000030,32,elevation,1.8,180,25,0,400,0,0,False,31838,171024201ab4cb45deb05e609fbd777e3711ee451a9a6e31fba53bc42694fb4a,samples/p000496_a000048_000030_c32_l0.npz
p000496_a000048_000030_c33_l0,p000496,TRAIN,p000496_a000048,000030,33,elevation,3.2,180,25,0,400,0,0,False,9900,d9a181be5667c4b5865feceffd231fcdb7e00346ab2a242b6a4a84273a7d42ca,samples/p000496_a000048_000030_c33_l0.npz
p000496_a000048_000030_c34_l0,p000496,TRAIN,p000496_a000048,000030,34,elevation,1.8,180,45,0,400,0,0,False,31702,88ef766a160dfa3cc0ba3beb949742656d5b5e7f2ade4fd03e19933e221b7ea7,samples/p000496_a000048_000030_c34_l0.npz
p000496_a000048_000030_c35_l0,p000496,TRAIN,p000496_a000048,000030,35,elevation,3.2,180,45,0,400,0,0,False,9438,adf9c5a7483cb7b97d19c9d455d06d696103ae1850b739c3b1e4eb4edffe84e6,samples/p000496_a000048_000030_c35_l0.npz
p000496_a000048_000030_c36_l0,p000496,TRAIN,p000496_a000048,000030,36,elevation,1.8,180,65,0,400,0,0,False,28815,f29aa343f3866bcee903d39ca64af459b3023822a72f1b14f0087c8a726e9a69,samples/p000496_a000048_000030_c36_l0.npz
p000496_a000048_000030_c37_l0,p000496,TRAIN,p000496_a000048,000030,37,elevation,3.2,180,65,0,400,0,0,False,8000,f316356e7910f43b3178922dc24ab194d85a275dad5edf3176eff5d96951a1cb,samples/p000496_a000048_000030_c37_l0.npz
p000496_a000048_000030_c38_l0,p000496,TRAIN,p000496_a000048,000030,38,elevation,1.8,180,85,0,400,0,0,False,22155,fe9ffb889d3b859718687a63eadabcc38c88a16e3a36ab9bc0421f45d38a8e8a,samples/p000496_a000048_000030_c38_l0.npz
p000496_a000048_000030_c39_l0,p000496,TRAIN,p000496_a000048,000030,39,elevation,3.2,180,85,0,400,0,0,False,5752,80612611a2c19dccb5fc242ca4dc1045072e95e8325076de4fa14a5c502db0fe,samples/p000496_a000048_000030_c39_l0.npz
p000496_a000048_000030_c40_l0,p000496,TRAIN,p000496_a000048,000030,40,roll,1.8,180,10,-90,400,0,0,False,30918,5b2c809509818d05c753b08bf946736b59e8a297d8c4871a68679be6d2105b0b,samples/p000496_a000048_000030_c40_l0.npz
p000496_a000048_000030_c41_l0,p000496,TRAIN,p000496_a000048,000030,41,roll,3.2,180,10,-90,400,0,0,False,9691,1326f811944a912d018f8ccb7b456219704c6126be416a80c7ca2770eafc3580,samples/p000496_a000048_000030_c41_l0.npz
p000496_a000048_000030_c42_l0,p000496,TRAIN,p000496_a000048,000030,42,roll,1.8,180,10,-45,400,0,0,False,30911,030401fad2f76cd86de118d8816859ffd70cb9496a34f65ecb370df869cad802,samples/p000496_a000048_000030_c42_l0.npz
p000496_a000048_000030_c43_l0,p000496,TRAIN,p000496_a000048,000030,43,roll,3.2,180,10,-45,400,0,0,False,9684,2f3dc0bde9eb96f6a176db2d54a701b745072cb909fb1ccfa0bfd5909220d704,samples/p000496_a000048_000030_c43_l0.npz
p000496_a000048_000030_c44_l0,p000496,TRAIN,p000496_a000048,000030,44,roll,1.8,180,10,-15,400,0,0,False,30911,b4511db8a05656465d818e863b58b7caf1d83c33a6737e12760482b6f4b174aa,samples/p000496_a000048_000030_c44_l0.npz
p000496_a000048_000030_c45_l0,p000496,TRAIN,p000496_a000048,000030,45,roll,3.2,180,10,-15,400,0,0,False,9681,f423a58680f79559353be5f4b4ab5e3a4318c4cf861094e3528e7d042cc2a1ae,samples/p000496_a000048_000030_c45_l0.npz
p000496_a000048_000030_c46_l0,p000496,TRAIN,p000496_a000048,000030,46,roll,1.8,180,10,15,400,0,0,False,30929,5e97664664677cecaf6885a019f3fb9ddf2383a23dd6b1c9ac0ac7a551929f44,samples/p000496_a000048_000030_c46_l0.npz
p000496_a000048_000030_c47_l0,p000496,TRAIN,p000496_a000048,000030,47,roll,3.2,180,10,15,400,0,0,False,9686,f606054bb6c8faf5b48ba102a926d3e3504c37008542c2456d9f33cc9c3e9b3a,samples/p000496_a000048_000030_c47_l0.npz
p000496_a000048_000030_c48_l0,p000496,TRAIN,p000496_a000048,000030,48,roll,1.8,180,10,45,400,0,0,False,30911,ac3d0c6448918d55987f77ded04aa02cd6c1ff2376fe41c0846e11e8695c7c46,samples/p000496_a000048_000030_c48_l0.npz
p000496_a000048_000030_c49_l0,p000496,TRAIN,p000496_a000048,000030,49,roll,3.2,180,10,45,400,0,0,False,9684,0547fdf4a176e0400e5f976ee519ca1ac3a723a6a56b8086a23f2a3698b4c9a8,samples/p000496_a000048_000030_c49_l0.npz
p000496_a000048_000030_c50_l0,p000496,TRAIN,p000496_a000048,000030,50,roll,1.8,180,10,90,400,0,0,False,30918,cf576b4dd773b268202d3605da036cadde04c52da951ad13c3005f9b8d360e66,samples/p000496_a000048_000030_c50_l0.npz
p000496_a000048_000030_c51_l0,p000496,TRAIN,p000496_a000048,000030,51,roll,3.2,180,10,90,400,0,0,False,9691,ffec082d65cbe2f87ca4a18e3cc7568c989829bb46baf9232dfb03412b141f41,samples/p000496_a000048_000030_c51_l0.npz
p000496_a000048_000030_c52_l0,p000496,TRAIN,p000496_a000048,000030,52,offcentre,2.5,180,10,0,400,-0.25,0,False,16763,3e17e14c4a5d1a79b1f4fd4b8ca93b38bbb1bdcf2367f61d0182870ae60da0ac,samples/p000496_a000048_000030_c52_l0.npz
p000496_a000048_000030_c53_l0,p000496,TRAIN,p000496_a000048,000030,53,offcentre,2.5,180,10,0,400,0.25,0,False,16685,51157fcfb4f8491f50fa943444b43e71fcf0eefb0b0794dcdbad1a125580325e,samples/p000496_a000048_000030_c53_l0.npz
p000496_a000048_000030_c54_l0,p000496,TRAIN,p000496_a000048,000030,54,offcentre,2.5,180,10,0,400,0,-0.2,False,15448,2b4720a927247b981d51d53b89da32fabdafb023180249f7d169dee7b2be18a8,samples/p000496_a000048_000030_c54_l0.npz
p000496_a000048_000030_c55_l0,p000496,TRAIN,p000496_a000048,000030,55,offcentre,2.5,180,10,0,400,0,0.2,True,16289,d3b83c286468a007a7608d88ed07e10344ec758b03a4cbf8583bd6f8ec8fbfbe,samples/p000496_a000048_000030_c55_l0.npz
p000496_a000048_000030_c56_l0,p000496,TRAIN,p000496_a000048,000030,56,focal,2.5,180,10,0,300,0,0,False,8944,97dd9ec47f087942ad1d96c561e12b505e514dc5f043df86ad4142beaba2e720,samples/p000496_a000048_000030_c56_l0.npz
p000496_a000048_000030_c57_l0,p000496,TRAIN,p000496_a000048,000030,57,focal,2.5,180,10,0,500,0,0,False,24842,95c9606ad5bdb38d10e5f592f6834b443eac8aea1ddef553de3c52a518920f22,samples/p000496_a000048_000030_c57_l0.npz
p000496_a000048_000030_c58_l0,p000496,TRAIN,p000496_a000048,000030,58,focal,2.5,180,10,0,650,0,0,False,41985,5946654fa56b32c658f9434640b563ffaa3dcdd3ff7bdd6df8ac7214bbf1a081,samples/p000496_a000048_000030_c58_l0.npz
p000496_a000048_000030_c59_l0,p000496,TRAIN,p000496_a000048,000030,59,focal,2.5,180,10,0,850,0,0,True,65160,09071889af888b7084ee1c89dbeac2318a38339afc770395d11d771d4a8b647a,samples/p000496_a000048_000030_c59_l0.npz
p000496_a000048_000030_c60_l0,p000496,TRAIN,p000496_a000048,000030,60,matched_angular_size,1.2,180,10,0,200,0,0,False,17932,011bc97d3d175ae069b487060a74f4ab170b5feda27c74bc82149ee43569a748,samples/p000496_a000048_000030_c60_l0.npz
p000496_a000048_000030_c61_l0,p000496,TRAIN,p000496_a000048,000030,61,matched_angular_size,1.8,180,10,0,300,0,0,False,17381,acb637d5ab6723a3f77d5d94095ed2421b5799c2ce9dd35cb453a7854cd715a4,samples/p000496_a000048_000030_c61_l0.npz
p000496_a000048_000030_c62_l0,p000496,TRAIN,p000496_a000048,000030,62,matched_angular_size,3,180,10,0,500,0,0,False,17230,f7ff0322c923e5c0eb91cc497ea462f2e87279aa594def1ff0838e7fb6ac39f9,samples/p000496_a000048_000030_c62_l0.npz
p000496_a000048_000030_c63_l0,p000496,TRAIN,p000496_a000048,000030,63,matched_angular_size,4,180,10,0,666.6666666666666,0,0,False,17214,b1525fdd5c70c1c30f4debd8adcc55e36a81602ec4c5cfcf88568cecf5d0fca1,samples/p000496_a000048_000030_c63_l0.npz
p000496_a000048_000114_c00_l0,p000496,TRAIN,p000496_a000048,000114,0,distance,0.8,30,10,0,400,0,0,True,90182,18479153c30b520a5f6583185d97ed5df3f70f2f86d3ec0264a5240fa5c7628f,samples/p000496_a000048_000114_c00_l0.npz
p000496_a000048_000114_c01_l0,p000496,TRAIN,p000496_a000048,000114,1,distance,1.2,30,10,0,400,0,0,True,79849,1cd481cd5f30b562ddbe56344b2b291b20aebf4bdf2bafa91b8f1146fa11f469,samples/p000496_a000048_000114_c01_l0.npz
p000496_a000048_000114_c02_l0,p000496,TRAIN,p000496_a000048,000114,2,distance,1.8,30,10,0,400,0,0,False,35123,7e0ecc2860b97162d3221eb5814f84a387ef3fd2170eb959e9cb638d95efc2b1,samples/p000496_a000048_000114_c02_l0.npz
p000496_a000048_000114_c03_l0,p000496,TRAIN,p000496_a000048,000114,3,distance,2.5,30,10,0,400,0,0,False,16646,e04f84f8ea018000dd01756ec4fa7508af4726073705e7cfb41714e3d4c0d821,samples/p000496_a000048_000114_c03_l0.npz
p000496_a000048_000114_c04_l0,p000496,TRAIN,p000496_a000048,000114,4,distance,3.2,30,10,0,400,0,0,False,9769,e15626562651b602bfd2ce4e13b97ee35f675f02608d8d0c28af74b00a1fbfb4,samples/p000496_a000048_000114_c04_l0.npz
p000496_a000048_000114_c05_l0,p000496,TRAIN,p000496_a000048,000114,5,distance,4.0,30,10,0,400,0,0,False,6117,322d1373a283812a1b0ecebb9dab5a04c04f7f62706f9ddacc2c000efb162cb5,samples/p000496_a000048_000114_c05_l0.npz
p000496_a000048_000114_c06_l0,p000496,TRAIN,p000496_a000048,000114,6,multiview_distance,1.2,0,10,0,400,0,0,True,85168,9b9bce4ec6e9fd7e852b5717e6a644f11677347231d5961ccb693bb89f1a9087,samples/p000496_a000048_000114_c06_l0.npz
p000496_a000048_000114_c07_l0,p000496,TRAIN,p000496_a000048,000114,7,multiview_distance,1.8,0,10,0,400,0,0,False,38276,33452bfb967e2c3487b0dd2f84a8bd1f4fdf09cd946b4c46918bf0155e279bf0,samples/p000496_a000048_000114_c07_l0.npz
p000496_a000048_000114_c08_l0,p000496,TRAIN,p000496_a000048,000114,8,multiview_distance,2.5,0,10,0,400,0,0,False,18238,c9a6013549205e7b05704b2d8e39a72bbe9450bda3fef9a2a176447b754e6328,samples/p000496_a000048_000114_c08_l0.npz
p000496_a000048_000114_c09_l0,p000496,TRAIN,p000496_a000048,000114,9,multiview_distance,3.2,0,10,0,400,0,0,False,10726,01f9481406b3bd0ef0c0c4824727dbb0578c6a3748f4b147a46bcdc87c93e8fe,samples/p000496_a000048_000114_c09_l0.npz
p000496_a000048_000114_c10_l0,p000496,TRAIN,p000496_a000048,000114,10,multiview_distance,1.2,60,10,0,400,0,0,True,61516,7da02870630e9078a4e6cece23035d63b3fc6e4de8e9aeaf2b189ffa91077312,samples/p000496_a000048_000114_c10_l0.npz
p000496_a000048_000114_c11_l0,p000496,TRAIN,p000496_a000048,000114,11,multiview_distance,1.8,60,10,0,400,0,0,False,26844,a75c1773c07f1c7440eef340e29094fbb7210737a13ccf5c7cc1bc8709a07938,samples/p000496_a000048_000114_c11_l0.npz
p000496_a000048_000114_c12_l0,p000496,TRAIN,p000496_a000048,000114,12,multiview_distance,2.5,60,10,0,400,0,0,False,13184,82b9a00e442fb95b038a0de27cfcece69d83264916fcb983325ae91a7812fd39,samples/p000496_a000048_000114_c12_l0.npz
p000496_a000048_000114_c13_l0,p000496,TRAIN,p000496_a000048,000114,13,multiview_distance,3.2,60,10,0,400,0,0,False,7875,f92849618a6b49f38bf6dc16bb4ef001369ffddcd0469097da4c1f44eee71dd0,samples/p000496_a000048_000114_c13_l0.npz
p000496_a000048_000114_c14_l0,p000496,TRAIN,p000496_a000048,000114,14,multiview_distance,1.2,120,10,0,400,0,0,True,61542,2bb0786c9f093982d42f237433d21adc992f23112b1f55c015a3799b19155cdf,samples/p000496_a000048_000114_c14_l0.npz
p000496_a000048_000114_c15_l0,p000496,TRAIN,p000496_a000048,000114,15,multiview_distance,1.8,120,10,0,400,0,0,False,28639,e6448a7348b65148bcc27fb130708d4bae7125aa890533b1c07ddb73b10f58a4,samples/p000496_a000048_000114_c15_l0.npz
p000496_a000048_000114_c16_l0,p000496,TRAIN,p000496_a000048,000114,16,multiview_distance,2.5,120,10,0,400,0,0,False,14320,51bb4a88a05320adcae33208ebef2e0b37730e1df75068962d990111b541931a,samples/p000496_a000048_000114_c16_l0.npz
p000496_a000048_000114_c17_l0,p000496,TRAIN,p000496_a000048,000114,17,multiview_distance,3.2,120,10,0,400,0,0,False,8622,0cc37a500bdc70cbfce43771ea4668d1c19273ec9dbeae3a01de815ca48f7505,samples/p000496_a000048_000114_c17_l0.npz
p000496_a000048_000114_c18_l0,p000496,TRAIN,p000496_a000048,000114,18,multiview_distance,1.2,180,10,0,400,0,0,True,67521,4d7b9b5f69d56db475819cbeb7808fb9bd8df92944671d4c75a036a730f039a0,samples/p000496_a000048_000114_c18_l0.npz
p000496_a000048_000114_c19_l0,p000496,TRAIN,p000496_a000048,000114,19,multiview_distance,1.8,180,10,0,400,0,0,False,32921,556adfb7782fd206ec34175bf74b8062953b6a98b9be8ff1cb857abc70d638b3,samples/p000496_a000048_000114_c19_l0.npz
p000496_a000048_000114_c20_l0,p000496,TRAIN,p000496_a000048,000114,20,multiview_distance,2.5,180,10,0,400,0,0,False,17048,075e923041815208343263ca1ef783bac0a75e0fe4dfa194d70ec2f4221971d2,samples/p000496_a000048_000114_c20_l0.npz
p000496_a000048_000114_c21_l0,p000496,TRAIN,p000496_a000048,000114,21,multiview_distance,3.2,180,10,0,400,0,0,False,10434,779280b6f2d523ed0deb03e3461c3c2175e2daf83363c908d6dc8330cbc115e7,samples/p000496_a000048_000114_c21_l0.npz
p000496_a000048_000114_c22_l0,p000496,TRAIN,p000496_a000048,000114,22,multiview_distance,1.2,240,10,0,400,0,0,True,63539,4d6592b0d176f7b75b405d9c92d0691b5665d53ee616168113bff89fe2d3b6ee,samples/p000496_a000048_000114_c22_l0.npz
p000496_a000048_000114_c23_l0,p000496,TRAIN,p000496_a000048,000114,23,multiview_distance,1.8,240,10,0,400,0,0,True,31877,434e921b3fb359f68bd96cd3366de81a77977a5b5e964027f1cf3f81ca61fdd5,samples/p000496_a000048_000114_c23_l0.npz
p000496_a000048_000114_c24_l0,p000496,TRAIN,p000496_a000048,000114,24,multiview_distance,2.5,240,10,0,400,0,0,False,15478,3b6fdff540854e4628d891883f22570a13344c96199099a9dd1b46f6f5e67e60,samples/p000496_a000048_000114_c24_l0.npz
p000496_a000048_000114_c25_l0,p000496,TRAIN,p000496_a000048,000114,25,multiview_distance,3.2,240,10,0,400,0,0,False,9149,bd803b52e8114ea6a50b33bb46033b09aa1e8b00ccd0e59ed009b29d4b4f6320,samples/p000496_a000048_000114_c25_l0.npz
p000496_a000048_000114_c26_l0,p000496,TRAIN,p000496_a000048,000114,26,multiview_distance,1.2,300,10,0,400,0,0,True,57048,89cc23dcbba153c01d06815bcfeb6cdc79892aac845a9dd49fe5bc8e090ea013,samples/p000496_a000048_000114_c26_l0.npz
p000496_a000048_000114_c27_l0,p000496,TRAIN,p000496_a000048,000114,27,multiview_distance,1.8,300,10,0,400,0,0,False,28294,9f46cbc5c2da5d8601068e8025a4a7794a1a69b5e2f9d48fd692a5d426d486ef,samples/p000496_a000048_000114_c27_l0.npz
p000496_a000048_000114_c28_l0,p000496,TRAIN,p000496_a000048,000114,28,multiview_distance,2.5,300,10,0,400,0,0,False,13848,a265720ce8544891038675b643313d6e7a64c273f181d5e2639c327142974ea6,samples/p000496_a000048_000114_c28_l0.npz
p000496_a000048_000114_c29_l0,p000496,TRAIN,p000496_a000048,000114,29,multiview_distance,3.2,300,10,0,400,0,0,False,8249,f1cda25259bca23a2362dbe3e88174a0132f54dac51311600a9670a3d6512e42,samples/p000496_a000048_000114_c29_l0.npz
p000496_a000048_000114_c30_l0,p000496,TRAIN,p000496_a000048,000114,30,elevation,1.8,180,0,0,400,0,0,False,31808,37178dd1db4a4d54a8cbcdfd06b3dc4054e297d9759e623d2f2466a07cd31bbb,samples/p000496_a000048_000114_c30_l0.npz
p000496_a000048_000114_c31_l0,p000496,TRAIN,p000496_a000048,000114,31,elevation,3.2,180,0,0,400,0,0,False,10034,8b6dcae0a32dc2362b491f969597d55131fb6b1ebff08c6c62597c51876db0f8,samples/p000496_a000048_000114_c31_l0.npz
p000496_a000048_000114_c32_l0,p000496,TRAIN,p000496_a000048,000114,32,elevation,1.8,180,25,0,400,0,0,False,34291,0a7b64d89ac83ad15c9285b56084a32e274fff49c927fea8cf2738eea2f6a111,samples/p000496_a000048_000114_c32_l0.npz
p000496_a000048_000114_c33_l0,p000496,TRAIN,p000496_a000048,000114,33,elevation,3.2,180,25,0,400,0,0,False,10719,0fe2d52f4aab7c6cbeed321143d0e48e531e8b19ff68ead01243060e6da4c866,samples/p000496_a000048_000114_c33_l0.npz
p000496_a000048_000114_c34_l0,p000496,TRAIN,p000496_a000048,000114,34,elevation,1.8,180,45,0,400,0,0,False,35164,b5011daf7031eebbb6c0377a1c8061def537cfc37d6ff1e8ba66001567662345,samples/p000496_a000048_000114_c34_l0.npz
p000496_a000048_000114_c35_l0,p000496,TRAIN,p000496_a000048,000114,35,elevation,3.2,180,45,0,400,0,0,False,10475,51a48bcafd5856ad90901a7480e07c85ab827aea7a6d71f2f9996f6c2261657c,samples/p000496_a000048_000114_c35_l0.npz
p000496_a000048_000114_c36_l0,p000496,TRAIN,p000496_a000048,000114,36,elevation,1.8,180,65,0,400,0,0,False,33860,859dd35a346afc57a78270f5996c66d4eb6f6aed4befb4dd7052023f039fee07,samples/p000496_a000048_000114_c36_l0.npz
p000496_a000048_000114_c37_l0,p000496,TRAIN,p000496_a000048,000114,37,elevation,3.2,180,65,0,400,0,0,False,9392,877b8d4370e01957a9bb22868f981320d1fe2b398a5edf9b368b250387efb223,samples/p000496_a000048_000114_c37_l0.npz
p000496_a000048_000114_c38_l0,p000496,TRAIN,p000496_a000048,000114,38,elevation,1.8,180,85,0,400,0,0,False,29123,21bcf542d4b2ac15e449a377f945fc10a387b4b9f8632d32e4c1fcf08ddaa88a,samples/p000496_a000048_000114_c38_l0.npz
p000496_a000048_000114_c39_l0,p000496,TRAIN,p000496_a000048,000114,39,elevation,3.2,180,85,0,400,0,0,False,7522,8aa46854ec995729b44a49f4b817a5ff33788dc874c34e5a1587df4215974d44,samples/p000496_a000048_000114_c39_l0.npz
p000496_a000048_000114_c40_l0,p000496,TRAIN,p000496_a000048,000114,40,roll,1.8,180,10,-90,400,0,0,False,32921,a74570aff0a739d754586fc7aa2dc86cd33ad11a4bbd22e9c82303598b7ad855,samples/p000496_a000048_000114_c40_l0.npz
p000496_a000048_000114_c41_l0,p000496,TRAIN,p000496_a000048,000114,41,roll,3.2,180,10,-90,400,0,0,False,10434,93b040e36a920d6dbe903d6066d1d53cb4a316f9ca75e58f0b32c6dff8ea544b,samples/p000496_a000048_000114_c41_l0.npz
p000496_a000048_000114_c42_l0,p000496,TRAIN,p000496_a000048,000114,42,roll,1.8,180,10,-45,400,0,0,False,32891,02f3a9ea87b2b9572fe1ea599059100616984c5cc4b3acabe86c08c81d1ee0d9,samples/p000496_a000048_000114_c42_l0.npz
p000496_a000048_000114_c43_l0,p000496,TRAIN,p000496_a000048,000114,43,roll,3.2,180,10,-45,400,0,0,False,10426,7e30729fb76693f8bd9dbef3f8170b028957a73bd9482b1b642f9b8e3f286d8a,samples/p000496_a000048_000114_c43_l0.npz
p000496_a000048_000114_c44_l0,p000496,TRAIN,p000496_a000048,000114,44,roll,1.8,180,10,-15,400,0,0,False,32906,7e6c88968736b87028358d29e76b9b1b7b882e44efe02663de2a44391f77c9e2,samples/p000496_a000048_000114_c44_l0.npz
p000496_a000048_000114_c45_l0,p000496,TRAIN,p000496_a000048,000114,45,roll,3.2,180,10,-15,400,0,0,False,10425,e285a3b1a0140e7e1a489e14c95186149d36b823590881db5ea49a790c5d9426,samples/p000496_a000048_000114_c45_l0.npz
p000496_a000048_000114_c46_l0,p000496,TRAIN,p000496_a000048,000114,46,roll,1.8,180,10,15,400,0,0,False,32912,9ae50844b77b5937e7122ffd89e102fa7763e5f8c990cf214cff954fbbfbf94e,samples/p000496_a000048_000114_c46_l0.npz
p000496_a000048_000114_c47_l0,p000496,TRAIN,p000496_a000048,000114,47,roll,3.2,180,10,15,400,0,0,False,10436,95f000043ace5d7b26086c5ab47f9fbc2307b042b7de004bdcbd5f8a295307b0,samples/p000496_a000048_000114_c47_l0.npz
p000496_a000048_000114_c48_l0,p000496,TRAIN,p000496_a000048,000114,48,roll,1.8,180,10,45,400,0,0,False,32890,f9b8da796c25918b6c66b1e89eaee42ae007b847f6d97bdb3ed2962f9963c4c2,samples/p000496_a000048_000114_c48_l0.npz
p000496_a000048_000114_c49_l0,p000496,TRAIN,p000496_a000048,000114,49,roll,3.2,180,10,45,400,0,0,False,10426,4a12295e10391011b7d6e0fc3409f7567ea64af67c0f784905cce2842a8143a2,samples/p000496_a000048_000114_c49_l0.npz
p000496_a000048_000114_c50_l0,p000496,TRAIN,p000496_a000048,000114,50,roll,1.8,180,10,90,400,0,0,False,32921,f0b220a960da347a96e94369555b08fb8366e046e47ed183ad51f887a81bdc0d,samples/p000496_a000048_000114_c50_l0.npz
p000496_a000048_000114_c51_l0,p000496,TRAIN,p000496_a000048,000114,51,roll,3.2,180,10,90,400,0,0,False,10434,ba2e3d9dc5041cc5e486c4825f1f21ac653056999ca32a477ccc2273a0e00a5d,samples/p000496_a000048_000114_c51_l0.npz
p000496_a000048_000114_c52_l0,p000496,TRAIN,p000496_a000048,000114,52,offcentre,2.5,180,10,0,400,-0.25,0,False,17736,e4d8823d4224719713c43621b3983feb7134f0477bfddc8ed605e4647c653fa3,samples/p000496_a000048_000114_c52_l0.npz
p000496_a000048_000114_c53_l0,p000496,TRAIN,p000496_a000048,000114,53,offcentre,2.5,180,10,0,400,0.25,0,False,17853,24710bc573e13d9f84a729aee7de4df151e7d25046deaae22f50e32a348909fa,samples/p000496_a000048_000114_c53_l0.npz
p000496_a000048_000114_c54_l0,p000496,TRAIN,p000496_a000048,000114,54,offcentre,2.5,180,10,0,400,0,-0.2,False,16724,dd213c6b239f570954c0b56965438e0fdcb52002295d223d4130f3609a2305c0,samples/p000496_a000048_000114_c54_l0.npz
p000496_a000048_000114_c55_l0,p000496,TRAIN,p000496_a000048,000114,55,offcentre,2.5,180,10,0,400,0,0.2,True,17510,a95ff8c908884802735862f33c75abe67c33149ec6c509803cfa7458283b2ae2,samples/p000496_a000048_000114_c55_l0.npz
p000496_a000048_000114_c56_l0,p000496,TRAIN,p000496_a000048,000114,56,focal,2.5,180,10,0,300,0,0,False,9587,13d5f10c4f4e73cb53c5e2f6394eafdc4c55f945fb0938cf5327136d42d5c5f2,samples/p000496_a000048_000114_c56_l0.npz
p000496_a000048_000114_c57_l0,p000496,TRAIN,p000496_a000048,000114,57,focal,2.5,180,10,0,500,0,0,False,26657,5bdbc38294861bcb8b5782756ff8db93a3bc65c98e8de03e0e0b0b04ec1feb42,samples/p000496_a000048_000114_c57_l0.npz
p000496_a000048_000114_c58_l0,p000496,TRAIN,p000496_a000048,000114,58,focal,2.5,180,10,0,650,0,0,False,45028,c399970e16c5eaac3d171d8d4709ddf5d49f1f804cccc95323519bf27c335310,samples/p000496_a000048_000114_c58_l0.npz
p000496_a000048_000114_c59_l0,p000496,TRAIN,p000496_a000048,000114,59,focal,2.5,180,10,0,850,0,0,True,70832,4ccfbb2781cbea94875df3a2e9a806289f95f7b9fdbf2b3a47533c56381a613a,samples/p000496_a000048_000114_c59_l0.npz
p000496_a000048_000114_c60_l0,p000496,TRAIN,p000496_a000048,000114,60,matched_angular_size,1.2,180,10,0,200,0,0,False,18857,1749b8b7592630bc006078423e840baf6576c85040aa38b52ccc6bbf85192fb6,samples/p000496_a000048_000114_c60_l0.npz
p000496_a000048_000114_c61_l0,p000496,TRAIN,p000496_a000048,000114,61,matched_angular_size,1.8,180,10,0,300,0,0,False,18502,0ac0642d7aaec91a8b385c7cb31bf2ccdff0059fe40f3b64c4d05a5575156521,samples/p000496_a000048_000114_c61_l0.npz
p000496_a000048_000114_c62_l0,p000496,TRAIN,p000496_a000048,000114,62,matched_angular_size,3,180,10,0,500,0,0,False,18546,9c3fa18849777799e9aea5483c8a1e8095bc0b7e8f8785a282b012b177277e36,samples/p000496_a000048_000114_c62_l0.npz
p000496_a000048_000114_c63_l0,p000496,TRAIN,p000496_a000048,000114,63,matched_angular_size,4,180,10,0,666.6666666666666,0,0,False,18613,239df32c1e4c895cf8c99d9a9a8cba0394869f6abac4c251951eb0c948dbf9ed,samples/p000496_a000048_000114_c63_l0.npz
p000496_a000061_000018_c00_l0,p000496,TRAIN,p000496_a000061,000018,0,distance,0.8,30,10,0,400,0,0,True,86248,8fd5866283b356001ecd37146821c0ff98004120a49d6525833c6b6a286ac918,samples/p000496_a000061_000018_c00_l0.npz
p000496_a000061_000018_c01_l0,p000496,TRAIN,p000496_a000061,000018,1,distance,1.2,30,10,0,400,0,0,True,53563,010a3da5a7026e74935e35d42931895476a447e216663dc1e462b2063440959a,samples/p000496_a000061_000018_c01_l0.npz
p000496_a000061_000018_c02_l0,p000496,TRAIN,p000496_a000061,000018,2,distance,1.8,30,10,0,400,0,0,False,24843,d08a5235398c2692c41aba6d979b3f2f9adeac29d573c53ff0a75177dcfbc179,samples/p000496_a000061_000018_c02_l0.npz
p000496_a000061_000018_c03_l0,p000496,TRAIN,p000496_a000061,000018,3,distance,2.5,30,10,0,400,0,0,False,12031,36a0bdb5915c3f24696e972e7fe69e0bcad3b239686269bf94a2a2a61ab39500,samples/p000496_a000061_000018_c03_l0.npz
p000496_a000061_000018_c04_l0,p000496,TRAIN,p000496_a000061,000018,4,distance,3.2,30,10,0,400,0,0,False,7136,8a91ba6bd3b98b555055c38f6c2e5c3ba84464ee65eed62f79c3c354fb593cb6,samples/p000496_a000061_000018_c04_l0.npz
p000496_a000061_000018_c05_l0,p000496,TRAIN,p000496_a000061,000018,5,distance,4.0,30,10,0,400,0,0,False,4493,8e30383ac4bff12aa18f9df7141492a398ee9f8614ed1d4446fedd63d0ae40fc,samples/p000496_a000061_000018_c05_l0.npz
p000496_a000061_000018_c06_l0,p000496,TRAIN,p000496_a000061,000018,6,multiview_distance,1.2,0,10,0,400,0,0,True,54796,4bf3efec07b21eea30252e5630f9c0152d10d76167fedc20db0edbf1608e84fc,samples/p000496_a000061_000018_c06_l0.npz
p000496_a000061_000018_c07_l0,p000496,TRAIN,p000496_a000061,000018,7,multiview_distance,1.8,0,10,0,400,0,0,False,25324,061d6cbc7ddad67e89f4bec62f044f983b2e8f33a7fc417764de2dfc238a38fe,samples/p000496_a000061_000018_c07_l0.npz
p000496_a000061_000018_c08_l0,p000496,TRAIN,p000496_a000061,000018,8,multiview_distance,2.5,0,10,0,400,0,0,False,12188,2789bdabb1190d92292fe79e906d38d3cf7052ff598a14d936f1dfec42d3c946,samples/p000496_a000061_000018_c08_l0.npz
p000496_a000061_000018_c09_l0,p000496,TRAIN,p000496_a000061,000018,9,multiview_distance,3.2,0,10,0,400,0,0,False,7222,d275e2621bab1ddfc727a87a5f5734f4ec844e908a43c1ea0945cddda5a972bd,samples/p000496_a000061_000018_c09_l0.npz
p000496_a000061_000018_c10_l0,p000496,TRAIN,p000496_a000061,000018,10,multiview_distance,1.2,60,10,0,400,0,0,True,51715,f25efb84e2b5746a385d69094f4f5205d2d58bb09e455c5cc0f11d2fef5f5110,samples/p000496_a000061_000018_c10_l0.npz
p000496_a000061_000018_c11_l0,p000496,TRAIN,p000496_a000061,000018,11,multiview_distance,1.8,60,10,0,400,0,0,False,23289,0405ab315d71f1eac662d316f721bef8b239bc1fc68e45d0fdf3e42917786e54,samples/p000496_a000061_000018_c11_l0.npz
p000496_a000061_000018_c12_l0,p000496,TRAIN,p000496_a000061,000018,12,multiview_distance,2.5,60,10,0,400,0,0,False,11590,807b609ec9084aacea7c2ba6209ed7fa0a213991ef27477a9787fba5a031eddf,samples/p000496_a000061_000018_c12_l0.npz
p000496_a000061_000018_c13_l0,p000496,TRAIN,p000496_a000061,000018,13,multiview_distance,3.2,60,10,0,400,0,0,False,6949,36b4db84f3948129ba8f4338771e15ff2c95b84800a16e76c6b34ecad7998602,samples/p000496_a000061_000018_c13_l0.npz
p000496_a000061_000018_c14_l0,p000496,TRAIN,p000496_a000061,000018,14,multiview_distance,1.2,120,10,0,400,0,0,True,50538,99bad91aae7e57d28891f7e96a0bc095802cd485dcee86c105a6857f9b11e4bd,samples/p000496_a000061_000018_c14_l0.npz
p000496_a000061_000018_c15_l0,p000496,TRAIN,p000496_a000061,000018,15,multiview_distance,1.8,120,10,0,400,0,0,False,23338,0a127ecb53c3a9e9242ac0534a38adb1f709a5235ab39937c39c404e9824c885,samples/p000496_a000061_000018_c15_l0.npz
p000496_a000061_000018_c16_l0,p000496,TRAIN,p000496_a000061,000018,16,multiview_distance,2.5,120,10,0,400,0,0,False,11765,823be8978e76ef70c6297155a7f7e0fd1c4876aec3a9314239419667d6443932,samples/p000496_a000061_000018_c16_l0.npz
p000496_a000061_000018_c17_l0,p000496,TRAIN,p000496_a000061,000018,17,multiview_distance,3.2,120,10,0,400,0,0,False,7098,555e8f026558c28fef004cbdcd7c370bb27f6fb756eb72706dc196a78f66c953,samples/p000496_a000061_000018_c17_l0.npz
p000496_a000061_000018_c18_l0,p000496,TRAIN,p000496_a000061,000018,18,multiview_distance,1.2,180,10,0,400,0,0,True,60798,ddcd5b2c482812309dc9c257125b3b9018f803b84366f9636f358c32cd28cdd3,samples/p000496_a000061_000018_c18_l0.npz
p000496_a000061_000018_c19_l0,p000496,TRAIN,p000496_a000061,000018,19,multiview_distance,1.8,180,10,0,400,0,0,False,28396,f36ad3354c54b780c2fcc0bd2058fc4bd1c100ce6b508b25808e9de9606d49ad,samples/p000496_a000061_000018_c19_l0.npz
p000496_a000061_000018_c20_l0,p000496,TRAIN,p000496_a000061,000018,20,multiview_distance,2.5,180,10,0,400,0,0,False,14233,6c6bb3e6694e0c64f7471a7e5fdab8ac53a1d02fb89d025cc2a90cf39e9b7f24,samples/p000496_a000061_000018_c20_l0.npz
p000496_a000061_000018_c21_l0,p000496,TRAIN,p000496_a000061,000018,21,multiview_distance,3.2,180,10,0,400,0,0,False,8563,0330500a6247ed75cd14a804ef360c6a606d41034210e9f88f9480ebe90e2ba4,samples/p000496_a000061_000018_c21_l0.npz
p000496_a000061_000018_c22_l0,p000496,TRAIN,p000496_a000061,000018,22,multiview_distance,1.2,240,10,0,400,0,0,True,54010,d5d466e738314896270ea8244f73824337a6a27fd509e7ddef7ffecd23d10c78,samples/p000496_a000061_000018_c22_l0.npz
p000496_a000061_000018_c23_l0,p000496,TRAIN,p000496_a000061,000018,23,multiview_distance,1.8,240,10,0,400,0,0,False,24212,04739983d9f616f1c871436c6cae88b7275b109577a20c3213f27dbee8e0e393,samples/p000496_a000061_000018_c23_l0.npz
p000496_a000061_000018_c24_l0,p000496,TRAIN,p000496_a000061,000018,24,multiview_distance,2.5,240,10,0,400,0,0,False,12423,903647dc3ca79ec765e2e91723f4b17f2ecc08e40f31708969ff8083812f912e,samples/p000496_a000061_000018_c24_l0.npz
p000496_a000061_000018_c25_l0,p000496,TRAIN,p000496_a000061,000018,25,multiview_distance,3.2,240,10,0,400,0,0,False,7555,4b38b7dcc50e6e4e39fbb88f6e5918e359651aa3c2a2c2327e00e652d064827f,samples/p000496_a000061_000018_c25_l0.npz
p000496_a000061_000018_c26_l0,p000496,TRAIN,p000496_a000061,000018,26,multiview_distance,1.2,300,10,0,400,0,0,True,46123,9953c58b80f63205bbb5232fe8f06955aafefced3d5ed9c5b6be01a41992aac0,samples/p000496_a000061_000018_c26_l0.npz
p000496_a000061_000018_c27_l0,p000496,TRAIN,p000496_a000061,000018,27,multiview_distance,1.8,300,10,0,400,0,0,False,20997,edccf009f7a4d483e1cf51468fad8961549dc96ec7890129a55651a79cfeef8f,samples/p000496_a000061_000018_c27_l0.npz
p000496_a000061_000018_c28_l0,p000496,TRAIN,p000496_a000061,000018,28,multiview_distance,2.5,300,10,0,400,0,0,False,10387,488d16a15848546491291e46d79c643b29b2358d86c3e698254a1140964713db,samples/p000496_a000061_000018_c28_l0.npz
p000496_a000061_000018_c29_l0,p000496,TRAIN,p000496_a000061,000018,29,multiview_distance,3.2,300,10,0,400,0,0,False,6212,eaeb21f869fca9ff13af10009234f1af0c95a306f04a8e9bb64ab0b95ff769ab,samples/p000496_a000061_000018_c29_l0.npz
p000496_a000061_000018_c30_l0,p000496,TRAIN,p000496_a000061,000018,30,elevation,1.8,180,0,0,400,0,0,False,26534,40904ee9b634dc40bec15c5249a6096117a01c2129f85bfdfba1ed80947a7f2b,samples/p000496_a000061_000018_c30_l0.npz
p000496_a000061_000018_c31_l0,p000496,TRAIN,p000496_a000061,000018,31,elevation,3.2,180,0,0,400,0,0,False,7890,7b547cfe184b5590fdf9a16b8c2033a1519fa0943a7c9c685eecb931a489c557,samples/p000496_a000061_000018_c31_l0.npz
p000496_a000061_000018_c32_l0,p000496,TRAIN,p000496_a000061,000018,32,elevation,1.8,180,25,0,400,0,0,False,30566,10b032863cc21939e92c7a6bbff8cb8a93173953cb0fe5df106c671fa97e4fda,samples/p000496_a000061_000018_c32_l0.npz
p000496_a000061_000018_c33_l0,p000496,TRAIN,p000496_a000061,000018,33,elevation,3.2,180,25,0,400,0,0,False,9231,f421a592ead69d609824d29e13809bbdfac6946cab55ba0a859a6275ddb40367,samples/p000496_a000061_000018_c33_l0.npz
p000496_a000061_000018_c34_l0,p000496,TRAIN,p000496_a000061,000018,34,elevation,1.8,180,45,0,400,0,0,False,31913,27992ffb02f0c6c625dc5828f27a3bd2ef783008ba22eda08c0fad599265aa4c,samples/p000496_a000061_000018_c34_l0.npz
p000496_a000061_000018_c35_l0,p000496,TRAIN,p000496_a000061,000018,35,elevation,3.2,180,45,0,400,0,0,False,9458,51afea25e20c6a8d6f62ea97dc75f9e88ad5abb36101d0cc8d3e80c5ccfd9360,samples/p000496_a000061_000018_c35_l0.npz
p000496_a000061_000018_c36_l0,p000496,TRAIN,p000496_a000061,000018,36,elevation,1.8,180,65,0,400,0,0,False,30992,dc187d642932cc1937dd74e726ed3803d402c62d5f4c52ea31439806569b9875,samples/p000496_a000061_000018_c36_l0.npz
p000496_a000061_000018_c37_l0,p000496,TRAIN,p000496_a000061,000018,37,elevation,3.2,180,65,0,400,0,0,False,8706,77c0df4256bd7df3339dde6a2484194c4a3802ae23c1723db06c48a105d7721c,samples/p000496_a000061_000018_c37_l0.npz
p000496_a000061_000018_c38_l0,p000496,TRAIN,p000496_a000061,000018,38,elevation,1.8,180,85,0,400,0,0,False,26775,53ea4bb668af67a9d31d2d8bd5cd37aa2bd09e9bc363f6ec44f0c36b03be453e,samples/p000496_a000061_000018_c38_l0.npz
p000496_a000061_000018_c39_l0,p000496,TRAIN,p000496_a000061,000018,39,elevation,3.2,180,85,0,400,0,0,False,6955,d0b50c2083ddf607857ebd69a0248d36a66b243c156b6357fb71caa531cade63,samples/p000496_a000061_000018_c39_l0.npz
p000496_a000061_000018_c40_l0,p000496,TRAIN,p000496_a000061,000018,40,roll,1.8,180,10,-90,400,0,0,False,28396,0f3576d02ce89a630b8fb27745798fd3de8ae97a4893741638ba5ed1e25a0384,samples/p000496_a000061_000018_c40_l0.npz
p000496_a000061_000018_c41_l0,p000496,TRAIN,p000496_a000061,000018,41,roll,3.2,180,10,-90,400,0,0,False,8563,8de7c8253278121342b04e980698eb159733ae0d256dde496b0502b1d39882d4,samples/p000496_a000061_000018_c41_l0.npz
p000496_a000061_000018_c42_l0,p000496,TRAIN,p000496_a000061,000018,42,roll,1.8,180,10,-45,400,0,0,False,28420,727b71f4972976af28a461d8d3629e6a3dd9826ad32dc675c98291dafc3d1df0,samples/p000496_a000061_000018_c42_l0.npz
p000496_a000061_000018_c43_l0,p000496,TRAIN,p000496_a000061,000018,43,roll,3.2,180,10,-45,400,0,0,False,8549,ef0f5bf5b73492bf934b7251b07733cc7fb5984c1a32eb5c5c1af7da0f9dfaf7,samples/p000496_a000061_000018_c43_l0.npz
p000496_a000061_000018_c44_l0,p000496,TRAIN,p000496_a000061,000018,44,roll,1.8,180,10,-15,400,0,0,False,28415,636e27cef3a5f33d90fee7339c6e2d2990e1c53ba42eb8e207766879ac8ecdba,samples/p000496_a000061_000018_c44_l0.npz
p000496_a000061_000018_c45_l0,p000496,TRAIN,p000496_a000061,000018,45,roll,3.2,180,10,-15,400,0,0,False,8555,d582e846c5c95ed16aef0dae0492ea3d78dd9dfe00ea0759a08995fe5e3261a5,samples/p000496_a000061_000018_c45_l0.npz
p000496_a000061_000018_c46_l0,p000496,TRAIN,p000496_a000061,000018,46,roll,1.8,180,10,15,400,0,0,False,28412,7f9c5f9a792f21abb2e7d9b48a4d0a0d07b1689bb9b37d41e0b99b88db9bc659,samples/p000496_a000061_000018_c46_l0.npz
p000496_a000061_000018_c47_l0,p000496,TRAIN,p000496_a000061,000018,47,roll,3.2,180,10,15,400,0,0,False,8565,c96c7df52d9e4518d4ee523d295f22acbae6a17e902d04e71561f5489f8a961d,samples/p000496_a000061_000018_c47_l0.npz
p000496_a000061_000018_c48_l0,p000496,TRAIN,p000496_a000061,000018,48,roll,1.8,180,10,45,400,0,0,False,28420,a9b41fc65f435c9b01ca1729cba514a31e6197b9eab0337e762008911ac897f9,samples/p000496_a000061_000018_c48_l0.npz
p000496_a000061_000018_c49_l0,p000496,TRAIN,p000496_a000061,000018,49,roll,3.2,180,10,45,400,0,0,False,8549,c11c249435d88bb6567a8bc91411d759ba4b830d866c562233f5f42cedb90f54,samples/p000496_a000061_000018_c49_l0.npz
p000496_a000061_000018_c50_l0,p000496,TRAIN,p000496_a000061,000018,50,roll,1.8,180,10,90,400,0,0,False,28396,784a6a00c2977bc8316ace6a2390fe3c17651b2e7021084a909ea73b08ffcb63,samples/p000496_a000061_000018_c50_l0.npz
p000496_a000061_000018_c51_l0,p000496,TRAIN,p000496_a000061,000018,51,roll,3.2,180,10,90,400,0,0,False,8563,b8d7cf071e84fde7441222bb5e3d45e03f6d3c5a39ff6087f30f335ad8aa29b5,samples/p000496_a000061_000018_c51_l0.npz
p000496_a000061_000018_c52_l0,p000496,TRAIN,p000496_a000061,000018,52,offcentre,2.5,180,10,0,400,-0.25,0,False,15253,116759c89e48604e8b37b7f8ee2e0f73460ae757dacd3fb61ddd7c84b4c4a1d7,samples/p000496_a000061_000018_c52_l0.npz
p000496_a000061_000018_c53_l0,p000496,TRAIN,p000496_a000061,000018,53,offcentre,2.5,180,10,0,400,0.25,0,False,14812,88b08637553d0424aa77d5922e1ad4f19c6955b96a12096ea6c6bd0fcb34000f,samples/p000496_a000061_000018_c53_l0.npz
p000496_a000061_000018_c54_l0,p000496,TRAIN,p000496_a000061,000018,54,offcentre,2.5,180,10,0,400,0,-0.2,False,12993,839b61d11b879a2d71ed026d507cdd0bc51cad6e919980b4cbbf1f96a067548c,samples/p000496_a000061_000018_c54_l0.npz
p000496_a000061_000018_c55_l0,p000496,TRAIN,p000496_a000061,000018,55,offcentre,2.5,180,10,0,400,0,0.2,True,15508,432c7921d0f8ac0bb4a24a728a6c14a49fc2aa1f9878f27056d2064695c6a982,samples/p000496_a000061_000018_c55_l0.npz
p000496_a000061_000018_c56_l0,p000496,TRAIN,p000496_a000061,000018,56,focal,2.5,180,10,0,300,0,0,False,7980,ef5d49c47b4ff26ad637e1e7cc355ca4c1b8bdfbcf98a1427c57fc7668ad0cf6,samples/p000496_a000061_000018_c56_l0.npz
p000496_a000061_000018_c57_l0,p000496,TRAIN,p000496_a000061,000018,57,focal,2.5,180,10,0,500,0,0,False,22228,7c799629743f1bfcec1e8438eee932cf5c6635313bb0ef7aeee759c943f3f2f0,samples/p000496_a000061_000018_c57_l0.npz
p000496_a000061_000018_c58_l0,p000496,TRAIN,p000496_a000061,000018,58,focal,2.5,180,10,0,650,0,0,False,37579,214111e873340e4e8d2362cb0c30b4568a3420d493c86ee599aadbeef75950bc,samples/p000496_a000061_000018_c58_l0.npz
p000496_a000061_000018_c59_l0,p000496,TRAIN,p000496_a000061,000018,59,focal,2.5,180,10,0,850,0,0,True,60378,73c2ba9b8e50cf8dfd692dc45a2f641de27a868cf535f19697ec0717845cff7c,samples/p000496_a000061_000018_c59_l0.npz
p000496_a000061_000018_c60_l0,p000496,TRAIN,p000496_a000061,000018,60,matched_angular_size,1.2,180,10,0,200,0,0,False,17567,83c2b3baa589c2789622e203ce042935d08c46d83af7e3599b9a827b41df8483,samples/p000496_a000061_000018_c60_l0.npz
p000496_a000061_000018_c61_l0,p000496,TRAIN,p000496_a000061,000018,61,matched_angular_size,1.8,180,10,0,300,0,0,False,15968,19ab277bd5012a4c476e497631bd1d9544bf85680cc3fff17ff5d7ef8ee5e988,samples/p000496_a000061_000018_c61_l0.npz
p000496_a000061_000018_c62_l0,p000496,TRAIN,p000496_a000061,000018,62,matched_angular_size,3,180,10,0,500,0,0,False,15274,81f09b6a5550471c29f0028550af25a76c432342427b42b9f199dd5a483337d2,samples/p000496_a000061_000018_c62_l0.npz
p000496_a000061_000018_c63_l0,p000496,TRAIN,p000496_a000061,000018,63,matched_angular_size,4,180,10,0,666.6666666666666,0,0,False,15101,4fa7268e1a4431f7e5e93d195d042f9071ef3a58da2668b98c42940ed4c5691f,samples/p000496_a000061_000018_c63_l0.npz
p000496_a000061_000066_c00_l0,p000496,TRAIN,p000496_a000061,000066,0,distance,0.8,30,10,0,400,0,0,True,96335,6ad0d56c33b8b395cd5c23444623388df5ef7485c691ae9be429921228e24c1c,samples/p000496_a000061_000066_c00_l0.npz
p000496_a000061_000066_c01_l0,p000496,TRAIN,p000496_a000061,000066,1,distance,1.2,30,10,0,400,0,0,True,57575,42a6dd09317208717dbd3c4c67f445ba17b91a00fa2734fcdbf3f423860471a0,samples/p000496_a000061_000066_c01_l0.npz
p000496_a000061_000066_c02_l0,p000496,TRAIN,p000496_a000061,000066,2,distance,1.8,30,10,0,400,0,0,False,27385,59070867492edfe48bd9b82992aede075aed2db42e5db38ae5051f93f8fad966,samples/p000496_a000061_000066_c02_l0.npz
p000496_a000061_000066_c03_l0,p000496,TRAIN,p000496_a000061,000066,3,distance,2.5,30,10,0,400,0,0,False,13272,08f95e2ed6b0e70ce6b3e27b44068986f2eb2a0364b604b7895290b46daa6eff,samples/p000496_a000061_000066_c03_l0.npz
p000496_a000061_000066_c04_l0,p000496,TRAIN,p000496_a000061,000066,4,distance,3.2,30,10,0,400,0,0,False,7854,d331b3079644772e6b67b64bcdca644c7f2462164e5c5f7b6609e96e26e08e90,samples/p000496_a000061_000066_c04_l0.npz
p000496_a000061_000066_c05_l0,p000496,TRAIN,p000496_a000061,000066,5,distance,4.0,30,10,0,400,0,0,False,4943,c47c970250e22b2335f5deac618933d9e0aabc6378dd6404e678956839202bc3,samples/p000496_a000061_000066_c05_l0.npz
p000496_a000061_000066_c06_l0,p000496,TRAIN,p000496_a000061,000066,6,multiview_distance,1.2,0,10,0,400,0,0,True,60813,55df93b17544fbb5fccaeb18a46e4831a9325d1a81decb472becf3911a642c2b,samples/p000496_a000061_000066_c06_l0.npz
p000496_a000061_000066_c07_l0,p000496,TRAIN,p000496_a000061,000066,7,multiview_distance,1.8,0,10,0,400,0,0,False,28424,c4f9aa200438dccf20911c6da34ba7b4145bf568c183fb3a9e202bf796617113,samples/p000496_a000061_000066_c07_l0.npz
p000496_a000061_000066_c08_l0,p000496,TRAIN,p000496_a000061,000066,8,multiview_distance,2.5,0,10,0,400,0,0,False,13698,ae8cf4d171af270933bdb90464e7e4ad46242f96aa1e4cefe85c148e812115fb,samples/p000496_a000061_000066_c08_l0.npz
p000496_a000061_000066_c09_l0,p000496,TRAIN,p000496_a000061,000066,9,multiview_distance,3.2,0,10,0,400,0,0,False,8117,b6bdde6ba66d4fd6cf6a3786b070327cee5e0a4ba3249b2fe5ff0890989c600f,samples/p000496_a000061_000066_c09_l0.npz
p000496_a000061_000066_c10_l0,p000496,TRAIN,p000496_a000061,000066,10,multiview_distance,1.2,60,10,0,400,0,0,True,49436,5316d3aeb66766bc62ba3f5842cfb48b33e2124556a96d747af1370bbc554d5c,samples/p000496_a000061_000066_c10_l0.npz
p000496_a000061_000066_c11_l0,p000496,TRAIN,p000496_a000061,000066,11,multiview_distance,1.8,60,10,0,400,0,0,False,23267,905af4be185b98016fc8dffb1d8a00d26c54d1781eb1f3d27956edf40b6888cf,samples/p000496_a000061_000066_c11_l0.npz
p000496_a000061_000066_c12_l0,p000496,TRAIN,p000496_a000061,000066,12,multiview_distance,2.5,60,10,0,400,0,0,False,11578,b8c4cb8d45f268caa4b273491d2c3a381cafa26ea54cb3b4e8fa35ba4451f558,samples/p000496_a000061_000066_c12_l0.npz
p000496_a000061_000066_c13_l0,p000496,TRAIN,p000496_a000061,000066,13,multiview_distance,3.2,60,10,0,400,0,0,False,6946,994404b383e0dfe1f64e8152fa51a26a1cfb5bef2310fa6260238a120658519f,samples/p000496_a000061_000066_c13_l0.npz
p000496_a000061_000066_c14_l0,p000496,TRAIN,p000496_a000061,000066,14,multiview_distance,1.2,120,10,0,400,0,0,True,46734,f70186f384c37c3396c5d9df752a8a27c225164088f62f323a22b78fe3798c75,samples/p000496_a000061_000066_c14_l0.npz
p000496_a000061_000066_c15_l0,p000496,TRAIN,p000496_a000061,000066,15,multiview_distance,1.8,120,10,0,400,0,0,False,22267,515f95426afe991c1cd49d8df98e06300d43984709bae13cdafbab43cf8d966a,samples/p000496_a000061_000066_c15_l0.npz
p000496_a000061_000066_c16_l0,p000496,TRAIN,p000496_a000061,000066,16,multiview_distance,2.5,120,10,0,400,0,0,False,11289,06794716db7ed8bf815b6f7b02d93498ee390d8dea2e0d813e6e2474c4a6a4e7,samples/p000496_a000061_000066_c16_l0.npz
p000496_a000061_000066_c17_l0,p000496,TRAIN,p000496_a000061,000066,17,multiview_distance,3.2,120,10,0,400,0,0,False,6814,dfb268a6796d5a7e9009c99d0dfa055bcd7817e2c05da5eae9d122a9b1718741,samples/p000496_a000061_000066_c17_l0.npz
p000496_a000061_000066_c18_l0,p000496,TRAIN,p000496_a000061,000066,18,multiview_distance,1.2,180,10,0,400,0,0,True,60220,83b99779dbb10a0119cafdfde3b95e966a07b5a255a7ba28e42a98f0a956fe58,samples/p000496_a000061_000066_c18_l0.npz
p000496_a000061_000066_c19_l0,p000496,TRAIN,p000496_a000061,000066,19,multiview_distance,1.8,180,10,0,400,0,0,False,29299,3ae95c0c57b072df4371382c0ba4f54843cc18b39e022fa50bbe3d981a91bfb8,samples/p000496_a000061_000066_c19_l0.npz
p000496_a000061_000066_c20_l0,p000496,TRAIN,p000496_a000061,000066,20,multiview_distance,2.5,180,10,0,400,0,0,False,14888,e0925a7238f08afbf8774de233a4358160c559a2262839907f42a276bfb2af58,samples/p000496_a000061_000066_c20_l0.npz
p000496_a000061_000066_c21_l0,p000496,TRAIN,p000496_a000061,000066,21,multiview_distance,3.2,180,10,0,400,0,0,False,9027,4f0ce935f813207205786ccca5df8683bb7a7f54ad32f9e62255f2e161fb865c,samples/p000496_a000061_000066_c21_l0.npz
p000496_a000061_000066_c22_l0,p000496,TRAIN,p000496_a000061,000066,22,multiview_distance,1.2,240,10,0,400,0,0,True,52690,0a8334108efa5d045bc2f5e9ed2ef5ebc1588402d9a5c71cf70e642430286a33,samples/p000496_a000061_000066_c22_l0.npz
p000496_a000061_000066_c23_l0,p000496,TRAIN,p000496_a000061,000066,23,multiview_distance,1.8,240,10,0,400,0,0,False,24459,72d7689c0d1ce1ec6003532e15731b0b12af14e71c48fd0cc47f270f936afe72,samples/p000496_a000061_000066_c23_l0.npz
p000496_a000061_000066_c24_l0,p000496,TRAIN,p000496_a000061,000066,24,multiview_distance,2.5,240,10,0,400,0,0,False,12533,dd6ee976d28a69c0b218a00502dada40984e50160f61f2080d5fd3288079d8ea,samples/p000496_a000061_000066_c24_l0.npz
p000496_a000061_000066_c25_l0,p000496,TRAIN,p000496_a000061,000066,25,multiview_distance,3.2,240,10,0,400,0,0,False,7603,04c05275d310578c8195b067d6bc0173e72f6e68c42c7f551b8286c06441f8d6,samples/p000496_a000061_000066_c25_l0.npz
p000496_a000061_000066_c26_l0,p000496,TRAIN,p000496_a000061,000066,26,multiview_distance,1.2,300,10,0,400,0,0,True,43382,88c953946b034dd26dede814a87ef519b48d9f809dbfe3173558bdd7620824d8,samples/p000496_a000061_000066_c26_l0.npz
p000496_a000061_000066_c27_l0,p000496,TRAIN,p000496_a000061,000066,27,multiview_distance,1.8,300,10,0,400,0,0,False,20599,c6496dd7ba55d82caf621075911a7faa1846c94992d05a8a0c9439390a8198a3,samples/p000496_a000061_000066_c27_l0.npz
p000496_a000061_000066_c28_l0,p000496,TRAIN,p000496_a000061,000066,28,multiview_distance,2.5,300,10,0,400,0,0,False,10123,0269032fd449385bd4bcac6398017f2e9fd22f0f36e2b6f6adf5b570cb9fab4d,samples/p000496_a000061_000066_c28_l0.npz
p000496_a000061_000066_c29_l0,p000496,TRAIN,p000496_a000061,000066,29,multiview_distance,3.2,300,10,0,400,0,0,False,6039,2b1f3a104cf6ef300ef450ed020f9a53b878769cd86582b7223d0a5702fd547e,samples/p000496_a000061_000066_c29_l0.npz
p000496_a000061_000066_c30_l0,p000496,TRAIN,p000496_a000061,000066,30,elevation,1.8,180,0,0,400,0,0,False,27853,a1d64e9f5918f3b05fbe38ece535523fef2cb453705ef0e0fa5c76e1cc1bce59,samples/p000496_a000061_000066_c30_l0.npz
p000496_a000061_000066_c31_l0,p000496,TRAIN,p000496_a000061,000066,31,elevation,3.2,180,0,0,400,0,0,False,8457,44a750f050b8886697eebe70563674bb91799f20b03dc067818a38920dade4ee,samples/p000496_a000061_000066_c31_l0.npz
p000496_a000061_000066_c32_l0,p000496,TRAIN,p000496_a000061,000066,32,elevation,1.8,180,25,0,400,0,0,False,30876,f11a3e09d4c39923ce3b480ebf3c7aa867d5e53dc742cb255aa7b2a0598d88b8,samples/p000496_a000061_000066_c32_l0.npz
p000496_a000061_000066_c33_l0,p000496,TRAIN,p000496_a000061,000066,33,elevation,3.2,180,25,0,400,0,0,False,9529,7b3d578042d8812621f204b41f15e7a010b519c2888fb81788ad2287f9f160a6,samples/p000496_a000061_000066_c33_l0.npz
p000496_a000061_000066_c34_l0,p000496,TRAIN,p000496_a000061,000066,34,elevation,1.8,180,45,0,400,0,0,False,31653,35bbb783fbe7cc42e3ddb78a4fde1653d4922e830f6dd529020921c07a7927f3,samples/p000496_a000061_000066_c34_l0.npz
p000496_a000061_000066_c35_l0,p000496,TRAIN,p000496_a000061,000066,35,elevation,3.2,180,45,0,400,0,0,False,9509,5b1d3ef8e4a88e7d0b76b9007e7f49a1c512f4bb41b04b89f26043ec506a26ac,samples/p000496_a000061_000066_c35_l0.npz
p000496_a000061_000066_c36_l0,p000496,TRAIN,p000496_a000061,000066,36,elevation,1.8,180,65,0,400,0,0,False,30224,d4885ca05f003ef56d0607bb392b05deaa32cba8c4b71c63a9b3ad30dd2164a1,samples/p000496_a000061_000066_c36_l0.npz
p000496_a000061_000066_c37_l0,p000496,TRAIN,p000496_a000061,000066,37,elevation,3.2,180,65,0,400,0,0,False,8505,e65bb9a4848f9cdfd5621ae838baabdee9ac47b01cab05d98540bb9d01be9c1a,samples/p000496_a000061_000066_c37_l0.npz
p000496_a000061_000066_c38_l0,p000496,TRAIN,p000496_a000061,000066,38,elevation,1.8,180,85,0,400,0,0,False,25148,c54308e7e15b54dbbe6a9063750195015d8c28a30c49cb05c1f916cf082dd850,samples/p000496_a000061_000066_c38_l0.npz
p000496_a000061_000066_c39_l0,p000496,TRAIN,p000496_a000061,000066,39,elevation,3.2,180,85,0,400,0,0,False,6487,ea55ab8f5bab604623ecfe87ee964359ef292820028fe86da6ff3dee2bd1ff1b,samples/p000496_a000061_000066_c39_l0.npz
p000496_a000061_000066_c40_l0,p000496,TRAIN,p000496_a000061,000066,40,roll,1.8,180,10,-90,400,0,0,False,29299,508e369d369ba51e39b8d5d470b8b9b297d233a98efb9e4d8ff734160244a8d6,samples/p000496_a000061_000066_c40_l0.npz
p000496_a000061_000066_c41_l0,p000496,TRAIN,p000496_a000061,000066,41,roll,3.2,180,10,-90,400,0,0,False,9027,33ff4fc55110741258efabeb624297c7557f5861fc5c593fc7227f05fdc69f15,samples/p000496_a000061_000066_c41_l0.npz
p000496_a000061_000066_c42_l0,p000496,TRAIN,p000496_a000061,000066,42,roll,1.8,180,10,-45,400,0,0,False,29304,8d1967c878f3c453c5229552f34a977512e5dfc6bcd5bfd9dd8dcf471883b1db,samples/p000496_a000061_000066_c42_l0.npz
p000496_a000061_000066_c43_l0,p000496,TRAIN,p000496_a000061,000066,43,roll,3.2,180,10,-45,400,0,0,False,9027,bd5dd91d26c4b275c66d1465691c3fe96181d1832ee360a2710fb43a1a52c961,samples/p000496_a000061_000066_c43_l0.npz
p000496_a000061_000066_c44_l0,p000496,TRAIN,p000496_a000061,000066,44,roll,1.8,180,10,-15,400,0,0,False,29325,d49c40fcda1449e3f32d6cb2b7e09a824735dcc65f697c804a3175e0f11793f1,samples/p000496_a000061_000066_c44_l0.npz
p000496_a000061_000066_c45_l0,p000496,TRAIN,p000496_a000061,000066,45,roll,3.2,180,10,-15,400,0,0,False,9018,9b22f7c43b857bde9e21d9133261f6c29d9974182a9922aa51007ca351ad524a,samples/p000496_a000061_000066_c45_l0.npz
p000496_a000061_000066_c46_l0,p000496,TRAIN,p000496_a000061,000066,46,roll,1.8,180,10,15,400,0,0,False,29322,9c756e1bde4385a2450d22e9a1b28bce93cbe0a5144d036a8e55ba2586d83fd0,samples/p000496_a000061_000066_c46_l0.npz
p000496_a000061_000066_c47_l0,p000496,TRAIN,p000496_a000061,000066,47,roll,3.2,180,10,15,400,0,0,False,9025,757109b2d51a86c9f6f88146c920138f4a6f4a6eaf6bdaa1c4b16a49163a48ca,samples/p000496_a000061_000066_c47_l0.npz
p000496_a000061_000066_c48_l0,p000496,TRAIN,p000496_a000061,000066,48,roll,1.8,180,10,45,400,0,0,False,29304,67d4f881ae7f5623ee59f06b1e92439d61754959b09e54117cc0a9206a0b54b0,samples/p000496_a000061_000066_c48_l0.npz
p000496_a000061_000066_c49_l0,p000496,TRAIN,p000496_a000061,000066,49,roll,3.2,180,10,45,400,0,0,False,9027,60a79b3c672902297d1b1d5296673e1e1c7ea3fea9f2f273a9479e8151667e52,samples/p000496_a000061_000066_c49_l0.npz
p000496_a000061_000066_c50_l0,p000496,TRAIN,p000496_a000061,000066,50,roll,1.8,180,10,90,400,0,0,False,29299,ea21285992a4dcc774c8e02f25a974d15fb8e488a54d79ebac1d8ea8b5bb4ab8,samples/p000496_a000061_000066_c50_l0.npz
p000496_a000061_000066_c51_l0,p000496,TRAIN,p000496_a000061,000066,51,roll,3.2,180,10,90,400,0,0,False,9027,a07d830cfc9c51cf81d1415ac575f239816b19e49e28183c1aae9dc97f0b09a6,samples/p000496_a000061_000066_c51_l0.npz
p000496_a000061_000066_c52_l0,p000496,TRAIN,p000496_a000061,000066,52,offcentre,2.5,180,10,0,400,-0.25,0,False,15726,271ae1aa88e16866c06c901002c44825443ed26831253ced9641b0173e75fe33,samples/p000496_a000061_000066_c52_l0.npz
p000496_a000061_000066_c53_l0,p000496,TRAIN,p000496_a000061,000066,53,offcentre,2.5,180,10,0,400,0.25,0,False,15369,5f941a43e7c9c78f3316b7b2e016652741b7e24d5710b19497291943259ed566,samples/p000496_a000061_000066_c53_l0.npz
p000496_a000061_000066_c54_l0,p000496,TRAIN,p000496_a000061,000066,54,offcentre,2.5,180,10,0,400,0,-0.2,False,13895,df583ab696c1c3cead40b28a179f86c2495524bea3f976f708037284c446e5ab,samples/p000496_a000061_000066_c54_l0.npz
p000496_a000061_000066_c55_l0,p000496,TRAIN,p000496_a000061,000066,55,offcentre,2.5,180,10,0,400,0,0.2,True,15744,e00544d10463b764666e712449ed20d449262b244bcf73dea5524636d5f3ba25,samples/p000496_a000061_000066_c55_l0.npz
p000496_a000061_000066_c56_l0,p000496,TRAIN,p000496_a000061,000066,56,focal,2.5,180,10,0,300,0,0,False,8380,89068f03cef377598e6f82582c20e57b2171ca7184325a8621ab644ae81ed92b,samples/p000496_a000061_000066_c56_l0.npz
p000496_a000061_000066_c57_l0,p000496,TRAIN,p000496_a000061,000066,57,focal,2.5,180,10,0,500,0,0,False,23261,f0404ff41eb3896ab3ca7a2de39cc5ad38d7130251b535f66545101e992a4520,samples/p000496_a000061_000066_c57_l0.npz
p000496_a000061_000066_c58_l0,p000496,TRAIN,p000496_a000061,000066,58,focal,2.5,180,10,0,650,0,0,False,39321,c188846f04f9837bb36c5277db745fb2f95a60101a45ce09e9aab8c2f48105d3,samples/p000496_a000061_000066_c58_l0.npz
p000496_a000061_000066_c59_l0,p000496,TRAIN,p000496_a000061,000066,59,focal,2.5,180,10,0,850,0,0,True,61770,5661086b348a5daf0f0a5873c5ca2de3a20e5a399e4ef1c8f5bbf51a05854001,samples/p000496_a000061_000066_c59_l0.npz
p000496_a000061_000066_c60_l0,p000496,TRAIN,p000496_a000061,000066,60,matched_angular_size,1.2,180,10,0,200,0,0,False,17555,ec46004f14a17ed06b3717a9566cfcbb816f059aee113a9ed024d168c9561a15,samples/p000496_a000061_000066_c60_l0.npz
p000496_a000061_000066_c61_l0,p000496,TRAIN,p000496_a000061,000066,61,matched_angular_size,1.8,180,10,0,300,0,0,False,16508,92e487ca728ad55e5701f57b8e224fe647240d44219701c93395bcffd436c9e7,samples/p000496_a000061_000066_c61_l0.npz
p000496_a000061_000066_c62_l0,p000496,TRAIN,p000496_a000061,000066,62,matched_angular_size,3,180,10,0,500,0,0,False,16065,4e0c4670235e149016aa45585949bf5abb42d2e1265941e582a4e211185a2443,samples/p000496_a000061_000066_c62_l0.npz
p000496_a000061_000066_c63_l0,p000496,TRAIN,p000496_a000061,000066,63,matched_angular_size,4,180,10,0,666.6666666666666,0,0,False,15988,c10bf876687967c34fb7b179f7c5930ea9dca8cade087ce20c52aa16dca8cc1e,samples/p000496_a000061_000066_c63_l0.npz
p000526_a000150_000018_c00_l0,p000526,VAL,p000526_a000150,000018,0,distance,0.8,30,10,0,400,0,0,True,92886,05e79999cb7f4382b6fb0fe5d6cf408f35582fc44793fa9c67b748065a6e6f8e,samples/p000526_a000150_000018_c00_l0.npz
p000526_a000150_000018_c01_l0,p000526,VAL,p000526_a000150,000018,1,distance,1.2,30,10,0,400,0,0,True,49697,893bd98c64ecc65aadcaf28e57f3cdfc5c1c71e545684c426adcd8bfb60bae6c,samples/p000526_a000150_000018_c01_l0.npz
p000526_a000150_000018_c02_l0,p000526,VAL,p000526_a000150,000018,2,distance,1.8,30,10,0,400,0,0,False,23578,b2dbf7c091ceeb35fe6d0b2bd00f1fb15066ce9935eb0385e01057d97c162228,samples/p000526_a000150_000018_c02_l0.npz
p000526_a000150_000018_c03_l0,p000526,VAL,p000526_a000150,000018,3,distance,2.5,30,10,0,400,0,0,False,11808,13bec7eb2fb70768ca7ab1cab644aacc75b08f4d5eb4e70371908956cf5c309d,samples/p000526_a000150_000018_c03_l0.npz
p000526_a000150_000018_c04_l0,p000526,VAL,p000526_a000150,000018,4,distance,3.2,30,10,0,400,0,0,False,7102,f6ca6fdd4b74ce1e3cebfd5e921e1fac675a9cb90d1cc0865afb346d7012bf3d,samples/p000526_a000150_000018_c04_l0.npz
p000526_a000150_000018_c05_l0,p000526,VAL,p000526_a000150,000018,5,distance,4.0,30,10,0,400,0,0,False,4516,2e647b4b6f130dcc2e6b62963f02556d3012c10029abb34ed438666d231a4007,samples/p000526_a000150_000018_c05_l0.npz
p000526_a000150_000018_c06_l0,p000526,VAL,p000526_a000150,000018,6,multiview_distance,1.2,0,10,0,400,0,0,True,52914,935cc4f38a29555c8bb00e394397f4829b30b8a90486a27e7028893550e3869d,samples/p000526_a000150_000018_c06_l0.npz
p000526_a000150_000018_c07_l0,p000526,VAL,p000526_a000150,000018,7,multiview_distance,1.8,0,10,0,400,0,0,False,24842,b7e21f252cf2d3d180f551ff3ed445de5b4ed5ada9fd36aab29638270c6a0585,samples/p000526_a000150_000018_c07_l0.npz
p000526_a000150_000018_c08_l0,p000526,VAL,p000526_a000150,000018,8,multiview_distance,2.5,0,10,0,400,0,0,False,12369,f53a3fa3a37708727d8aa79732aed6f3c4b0024666d03a999c660cb4ee244a13,samples/p000526_a000150_000018_c08_l0.npz
p000526_a000150_000018_c09_l0,p000526,VAL,p000526_a000150,000018,9,multiview_distance,3.2,0,10,0,400,0,0,False,7431,7c1601b617c3a8f4b190ca09306f9f00d4218bb788022e1a93c49be6c2090851,samples/p000526_a000150_000018_c09_l0.npz
p000526_a000150_000018_c10_l0,p000526,VAL,p000526_a000150,000018,10,multiview_distance,1.2,60,10,0,400,0,0,True,42464,6cd22ed5b0b9b96f03fc7e7fc0eb1e3ec91f1ccb40afcef809afb01b61244dea,samples/p000526_a000150_000018_c10_l0.npz
p000526_a000150_000018_c11_l0,p000526,VAL,p000526_a000150,000018,11,multiview_distance,1.8,60,10,0,400,0,0,False,20447,a427d744e2c671b5242604f9591d6ec67a9a0786b34caa73dace328f8d90a365,samples/p000526_a000150_000018_c11_l0.npz
p000526_a000150_000018_c12_l0,p000526,VAL,p000526_a000150,000018,12,multiview_distance,2.5,60,10,0,400,0,0,False,10375,18465380ec79d5f50b88e6e0c0f62c86ba2716ce2eae92c824283c216bda409b,samples/p000526_a000150_000018_c12_l0.npz
p000526_a000150_000018_c13_l0,p000526,VAL,p000526_a000150,000018,13,multiview_distance,3.2,60,10,0,400,0,0,False,6285,597f669bb05ad682ec260ccb7fa4dda970d3cb8186d21ddba1cdf80cd286f3c8,samples/p000526_a000150_000018_c13_l0.npz
p000526_a000150_000018_c14_l0,p000526,VAL,p000526_a000150,000018,14,multiview_distance,1.2,120,10,0,400,0,0,True,46453,d5bcfd4de5e097fbf14a63cd937a181d5110ebacd8fe15abf1208db2aa0c0f53,samples/p000526_a000150_000018_c14_l0.npz
p000526_a000150_000018_c15_l0,p000526,VAL,p000526_a000150,000018,15,multiview_distance,1.8,120,10,0,400,0,0,False,22296,e01b647c0b957fdad9af80147d2043e603a144455873ff2aace7b1ede17dcc3b,samples/p000526_a000150_000018_c15_l0.npz
p000526_a000150_000018_c16_l0,p000526,VAL,p000526_a000150,000018,16,multiview_distance,2.5,120,10,0,400,0,0,False,11388,71ef5c6350068afee03a3679a983c23c61860930cd4fc6269ff6d97c7550c08d,samples/p000526_a000150_000018_c16_l0.npz
p000526_a000150_000018_c17_l0,p000526,VAL,p000526_a000150,000018,17,multiview_distance,3.2,120,10,0,400,0,0,False,6905,2b2049243f6d94d614a352f38c0ac44c7f07a869abcb61a3930f83c76f4f4529,samples/p000526_a000150_000018_c17_l0.npz
p000526_a000150_000018_c18_l0,p000526,VAL,p000526_a000150,000018,18,multiview_distance,1.2,180,10,0,400,0,0,True,54053,790febb6ac4b223150edf9eef21e86394210c7764f90d85e61737c73c8b7d321,samples/p000526_a000150_000018_c18_l0.npz
p000526_a000150_000018_c19_l0,p000526,VAL,p000526_a000150,000018,19,multiview_distance,1.8,180,10,0,400,0,0,False,25836,a48691d851c7830c624dde9d8cbe2de416f9e795e439f15c995ab379e8ec2051,samples/p000526_a000150_000018_c19_l0.npz
p000526_a000150_000018_c20_l0,p000526,VAL,p000526_a000150,000018,20,multiview_distance,2.5,180,10,0,400,0,0,False,13250,a185cb63a94a27633c7ba28d5f295a53362ac9085413601896ecb2b845073193,samples/p000526_a000150_000018_c20_l0.npz
p000526_a000150_000018_c21_l0,p000526,VAL,p000526_a000150,000018,21,multiview_distance,3.2,180,10,0,400,0,0,False,8044,54d89e2c9763acf2925d6ea261e6a219fe9dde9ffe8c78209e472549e486fd72,samples/p000526_a000150_000018_c21_l0.npz
p000526_a000150_000018_c22_l0,p000526,VAL,p000526_a000150,000018,22,multiview_distance,1.2,240,10,0,400,0,0,True,47593,bf1056bc0505e81b6bd7ca8328c82a482ef3675e189c7c2a80195239a12a6574,samples/p000526_a000150_000018_c22_l0.npz
p000526_a000150_000018_c23_l0,p000526,VAL,p000526_a000150,000018,23,multiview_distance,1.8,240,10,0,400,0,0,False,22615,0013f6d25d0f99c5006444202c33162ee8ff9f20fc3e6e6675f031db7c114b7e,samples/p000526_a000150_000018_c23_l0.npz
p000526_a000150_000018_c24_l0,p000526,VAL,p000526_a000150,000018,24,multiview_distance,2.5,240,10,0,400,0,0,False,11523,3f25cd6b6cd33efdfcf7f7d3b18fce769c11145eeaee0f6e4890685baa9447a3,samples/p000526_a000150_000018_c24_l0.npz
p000526_a000150_000018_c25_l0,p000526,VAL,p000526_a000150,000018,25,multiview_distance,3.2,240,10,0,400,0,0,False,6974,fb6c2be4b506a8d32a6e2846a592fa00c2c95515da22b429e4eb08ea87da28e4,samples/p000526_a000150_000018_c25_l0.npz
p000526_a000150_000018_c26_l0,p000526,VAL,p000526_a000150,000018,26,multiview_distance,1.2,300,10,0,400,0,0,True,41947,9d7904e6412cfdce814e2bf8a1450485c07a2dde9477916691c00aec3b30eefc,samples/p000526_a000150_000018_c26_l0.npz
p000526_a000150_000018_c27_l0,p000526,VAL,p000526_a000150,000018,27,multiview_distance,1.8,300,10,0,400,0,0,False,20302,26a26b018048e4ccfe909a6cf6cc8cdd8e95c4cca8fe01a5f4e6f3680dc8ebcd,samples/p000526_a000150_000018_c27_l0.npz
p000526_a000150_000018_c28_l0,p000526,VAL,p000526_a000150,000018,28,multiview_distance,2.5,300,10,0,400,0,0,False,10302,ef35ce00b91ff82b0399048d102c1f3462fa5752c7214f9f78c3943c148b8468,samples/p000526_a000150_000018_c28_l0.npz
p000526_a000150_000018_c29_l0,p000526,VAL,p000526_a000150,000018,29,multiview_distance,3.2,300,10,0,400,0,0,False,6231,7b40fe1e9d59945fc09e7efe6bd59cdf2f03298ce9203050d27a780bb3fa5b7a,samples/p000526_a000150_000018_c29_l0.npz
p000526_a000150_000018_c30_l0,p000526,VAL,p000526_a000150,000018,30,elevation,1.8,180,0,0,400,0,0,False,25186,a573a139d7ebc8671729c7bde99206c18658d8e01a5cf388aeba9e61c75fb9fb,samples/p000526_a000150_000018_c30_l0.npz
p000526_a000150_000018_c31_l0,p000526,VAL,p000526_a000150,000018,31,elevation,3.2,180,0,0,400,0,0,False,7759,92fc18af1dc999166ec5dfde422686ffe204166886a1974893e6a6621fbf8f24,samples/p000526_a000150_000018_c31_l0.npz
p000526_a000150_000018_c32_l0,p000526,VAL,p000526_a000150,000018,32,elevation,1.8,180,25,0,400,0,0,False,26171,e6f6faec8312e29ee1fa7092106ec235563fc873efe72eb9b95aee965af9ee8a,samples/p000526_a000150_000018_c32_l0.npz
p000526_a000150_000018_c33_l0,p000526,VAL,p000526_a000150,000018,33,elevation,3.2,180,25,0,400,0,0,False,8154,a7fbd45d503f63d6df2c45be8be8452b2a4fb72911783aa0aa19f988b9e9d26c,samples/p000526_a000150_000018_c33_l0.npz
p000526_a000150_000018_c34_l0,p000526,VAL,p000526_a000150,000018,34,elevation,1.8,180,45,0,400,0,0,False,25223,6edd84a7bee6e55a13da2088f7c0a3a294bb43c92ed76e5e055823a78ff4e1ef,samples/p000526_a000150_000018_c34_l0.npz
p000526_a000150_000018_c35_l0,p000526,VAL,p000526_a000150,000018,35,elevation,3.2,180,45,0,400,0,0,False,7649,699cc432a47c0d3014edf05cda0583069897aaa1d7aea7b5c179501773d14336,samples/p000526_a000150_000018_c35_l0.npz
p000526_a000150_000018_c36_l0,p000526,VAL,p000526_a000150,000018,36,elevation,1.8,180,65,0,400,0,0,False,22221,c99237264621c4fe20357d51e4162e942770be44d09e0113670641a1afad8184,samples/p000526_a000150_000018_c36_l0.npz
p000526_a000150_000018_c37_l0,p000526,VAL,p000526_a000150,000018,37,elevation,3.2,180,65,0,400,0,0,False,6411,149f094341a5b64d27756b7b3df3742a30dae3df3963eb3b43d63d2314d502b3,samples/p000526_a000150_000018_c37_l0.npz
p000526_a000150_000018_c38_l0,p000526,VAL,p000526_a000150,000018,38,elevation,1.8,180,85,0,400,0,0,False,16805,59088e376ea8aa0e4607cda9b9a8548c38ce70dccc8454e2cd84ffe62282422b,samples/p000526_a000150_000018_c38_l0.npz
p000526_a000150_000018_c39_l0,p000526,VAL,p000526_a000150,000018,39,elevation,3.2,180,85,0,400,0,0,False,4488,354d7dd73b918bb88f964159bca0c0acd2faefdfdeac0285632cfef39ce6042e,samples/p000526_a000150_000018_c39_l0.npz
p000526_a000150_000018_c40_l0,p000526,VAL,p000526_a000150,000018,40,roll,1.8,180,10,-90,400,0,0,False,25836,c95c2a67221bee9848e201b34401656546c808d571c3db52af5f479d361da82a,samples/p000526_a000150_000018_c40_l0.npz
p000526_a000150_000018_c41_l0,p000526,VAL,p000526_a000150,000018,41,roll,3.2,180,10,-90,400,0,0,False,8044,815e771d0e3309b24fa0cb600552fc8dfbe0920947215f69df0174eb65a00185,samples/p000526_a000150_000018_c41_l0.npz
p000526_a000150_000018_c42_l0,p000526,VAL,p000526_a000150,000018,42,roll,1.8,180,10,-45,400,0,0,False,25849,9d936f2b218911281a91995a69291c9d40c9b93fcb42a7bb285dadc7164f4116,samples/p000526_a000150_000018_c42_l0.npz
p000526_a000150_000018_c43_l0,p000526,VAL,p000526_a000150,000018,43,roll,3.2,180,10,-45,400,0,0,False,8027,26d043706d1bdce5f89a09e97c1a3380195e53852a21cae6bc648f695cb0f582,samples/p000526_a000150_000018_c43_l0.npz
p000526_a000150_000018_c44_l0,p000526,VAL,p000526_a000150,000018,44,roll,1.8,180,10,-15,400,0,0,False,25837,1bc0bace20379982a8265bf1190849ce046a180214adf19f6a6bb223abd78319,samples/p000526_a000150_000018_c44_l0.npz
p000526_a000150_000018_c45_l0,p000526,VAL,p000526_a000150,000018,45,roll,3.2,180,10,-15,400,0,0,False,8042,a14e584223ba669a60ed7652b79f11f7e42ff62c1584998611299591940ee95b,samples/p000526_a000150_000018_c45_l0.npz
p000526_a000150_000018_c46_l0,p000526,VAL,p000526_a000150,000018,46,roll,1.8,180,10,15,400,0,0,False,25835,f81ba32c9f1be2ffce8cca1a4c1ad47cdaa2b4015896edcfaf47789e16969b7c,samples/p000526_a000150_000018_c46_l0.npz
p000526_a000150_000018_c47_l0,p000526,VAL,p000526_a000150,000018,47,roll,3.2,180,10,15,400,0,0,False,8046,0cfb9c97c07a067a7113e58ea86324008109a36050e00d3b30121c5eb8b476bc,samples/p000526_a000150_000018_c47_l0.npz
p000526_a000150_000018_c48_l0,p000526,VAL,p000526_a000150,000018,48,roll,1.8,180,10,45,400,0,0,False,25849,c8f0eb4d7a872ba5b4784c5cc1230012273d4f3aed08d7dd987c9dd2958a065e,samples/p000526_a000150_000018_c48_l0.npz
p000526_a000150_000018_c49_l0,p000526,VAL,p000526_a000150,000018,49,roll,3.2,180,10,45,400,0,0,False,8027,21b76476aa40405e512d6226db76a2bb1e279e951fa3c8868d78f5bfca9940c9,samples/p000526_a000150_000018_c49_l0.npz
p000526_a000150_000018_c50_l0,p000526,VAL,p000526_a000150,000018,50,roll,1.8,180,10,90,400,0,0,False,25836,da338bb114ad891155ac0574dc8cf0a48ec82d02b334da3bdd5c3fffd74531fc,samples/p000526_a000150_000018_c50_l0.npz
p000526_a000150_000018_c51_l0,p000526,VAL,p000526_a000150,000018,51,roll,3.2,180,10,90,400,0,0,False,8044,9867173ecacbb62c0ad2ab51d7736cd5e40797257267cc38945c31d34247be62,samples/p000526_a000150_000018_c51_l0.npz
p000526_a000150_000018_c52_l0,p000526,VAL,p000526_a000150,000018,52,offcentre,2.5,180,10,0,400,-0.25,0,False,13881,a50ae3e78904e1d4f0260d9dd937fe21baa63834bf6375de89d1586519de86cd,samples/p000526_a000150_000018_c52_l0.npz
p000526_a000150_000018_c53_l0,p000526,VAL,p000526_a000150,000018,53,offcentre,2.5,180,10,0,400,0.25,0,False,13883,669042c407f9cfc9a6f5e3a507b8c188000cdb3eea8d8d2c3c41898031a5ecb2,samples/p000526_a000150_000018_c53_l0.npz
p000526_a000150_000018_c54_l0,p000526,VAL,p000526_a000150,000018,54,offcentre,2.5,180,10,0,400,0,-0.2,False,12802,043ee56264f2e771ce6a94a6faff8917c6e3ae2180f23e326b0d5f196a7a3ae7,samples/p000526_a000150_000018_c54_l0.npz
p000526_a000150_000018_c55_l0,p000526,VAL,p000526_a000150,000018,55,offcentre,2.5,180,10,0,400,0,0.2,True,13859,8273f54f980b1750481312643fc711815bcb3d9caa8a32019ed631d7dab39c9b,samples/p000526_a000150_000018_c55_l0.npz
p000526_a000150_000018_c56_l0,p000526,VAL,p000526_a000150,000018,56,focal,2.5,180,10,0,300,0,0,False,7429,3bb6190c6de1cb91e80f88527ba5c24760e7b4f57b88a20587b03021129de214,samples/p000526_a000150_000018_c56_l0.npz
p000526_a000150_000018_c57_l0,p000526,VAL,p000526_a000150,000018,57,focal,2.5,180,10,0,500,0,0,False,20676,378a354d4c9bf39d6db08616b17d42404c156dcaa1bf66148327930a00364a8d,samples/p000526_a000150_000018_c57_l0.npz
p000526_a000150_000018_c58_l0,p000526,VAL,p000526_a000150,000018,58,focal,2.5,180,10,0,650,0,0,False,34925,c751be0b47783e872aae18fa91dc2bb8f22e8d7f39864003e36945a4cc2a31f2,samples/p000526_a000150_000018_c58_l0.npz
p000526_a000150_000018_c59_l0,p000526,VAL,p000526_a000150,000018,59,focal,2.5,180,10,0,850,0,0,True,55266,67efffe68ca3862ed155c7bab4c19958db8b91a5ff3d6addc2cd4789725ea4cd,samples/p000526_a000150_000018_c59_l0.npz
p000526_a000150_000018_c60_l0,p000526,VAL,p000526_a000150,000018,60,matched_angular_size,1.2,180,10,0,200,0,0,False,15074,c6c49dc770ec855f7fcb5b26ccad915af1052a7fee670e9ef0deb568adb054f1,samples/p000526_a000150_000018_c60_l0.npz
p000526_a000150_000018_c61_l0,p000526,VAL,p000526_a000150,000018,61,matched_angular_size,1.8,180,10,0,300,0,0,False,14529,2a7c8694a759ce516e8ef6a160caff76d447420c0ecafc8267a9477660ae53e1,samples/p000526_a000150_000018_c61_l0.npz
p000526_a000150_000018_c62_l0,p000526,VAL,p000526_a000150,000018,62,matched_angular_size,3,180,10,0,500,0,0,False,14308,8abe25ffa644cbc347b3dfd692db97df3fb344f9b754088833b528da91f1827d,samples/p000526_a000150_000018_c62_l0.npz
p000526_a000150_000018_c63_l0,p000526,VAL,p000526_a000150,000018,63,matched_angular_size,4,180,10,0,666.6666666666666,0,0,False,14283,1fcdc36802c17db50dcb7ecc21722920545a81b0f7a7dfb9fbda8105dbc2f7dd,samples/p000526_a000150_000018_c63_l0.npz
p000526_a000150_000072_c00_l0,p000526,VAL,p000526_a000150,000072,0,distance,0.8,30,10,0,400,0,0,True,71031,1ffb200dacf445afff4a4235d7186eb3e1de09e9d2ddbdcf5b59b77155027c0e,samples/p000526_a000150_000072_c00_l0.npz
p000526_a000150_000072_c01_l0,p000526,VAL,p000526_a000150,000072,1,distance,1.2,30,10,0,400,0,0,True,46085,7003bdb3b6c4ab2732088ebfd9a89d2b8519ab3084cd6d39530dd53cb82d4a77,samples/p000526_a000150_000072_c01_l0.npz
p000526_a000150_000072_c02_l0,p000526,VAL,p000526_a000150,000072,2,distance,1.8,30,10,0,400,0,0,False,20389,ebd47d3d28a1aca0efd30745b1fef99526d297b64bc126d46db7a02e5752d630,samples/p000526_a000150_000072_c02_l0.npz
p000526_a000150_000072_c03_l0,p000526,VAL,p000526_a000150,000072,3,distance,2.5,30,10,0,400,0,0,False,10439,32dd36069a18f3514255915b1d033f6df9e94b989f74ce7419d1a34cd366d5e5,samples/p000526_a000150_000072_c03_l0.npz
p000526_a000150_000072_c04_l0,p000526,VAL,p000526_a000150,000072,4,distance,3.2,30,10,0,400,0,0,False,6364,99c1e26fa43d1368ee3d560ce776158ff5f4f692ba2e76f5a2bedebdf4e229f8,samples/p000526_a000150_000072_c04_l0.npz
p000526_a000150_000072_c05_l0,p000526,VAL,p000526_a000150,000072,5,distance,4.0,30,10,0,400,0,0,False,4078,12d3934fd75a780eb7ecd0c0c826d57cd86bf5ea30c472669db60ab391539c05,samples/p000526_a000150_000072_c05_l0.npz
p000526_a000150_000072_c06_l0,p000526,VAL,p000526_a000150,000072,6,multiview_distance,1.2,0,10,0,400,0,0,True,54764,4b60d68de03b5bcd758df8a0a5007946c0a134bbec649132044076f289ffed6f,samples/p000526_a000150_000072_c06_l0.npz
p000526_a000150_000072_c07_l0,p000526,VAL,p000526_a000150,000072,7,multiview_distance,1.8,0,10,0,400,0,0,False,23674,c547686b8c819f4cb9d2c15e6ac0ed15e1f804267991073c1517eb42a6770401,samples/p000526_a000150_000072_c07_l0.npz
p000526_a000150_000072_c08_l0,p000526,VAL,p000526_a000150,000072,8,multiview_distance,2.5,0,10,0,400,0,0,False,11991,b808d0c91f6c9a2873bdc1c8b706799b4e610fa352a73f4692c3746a577a16f7,samples/p000526_a000150_000072_c08_l0.npz
p000526_a000150_000072_c09_l0,p000526,VAL,p000526_a000150,000072,9,multiview_distance,3.2,0,10,0,400,0,0,False,7267,e9709383d71b5477754c124e91f36fcd3c1e4385d40aa00b39c5e5c4545bc61b,samples/p000526_a000150_000072_c09_l0.npz
p000526_a000150_000072_c10_l0,p000526,VAL,p000526_a000150,000072,10,multiview_distance,1.2,60,10,0,400,0,0,True,44819,c6b546d1dd7786685ff6f404af3f781a1f9b11dff9e8c172a81f8fcdb21e686d,samples/p000526_a000150_000072_c10_l0.npz
p000526_a000150_000072_c11_l0,p000526,VAL,p000526_a000150,000072,11,multiview_distance,1.8,60,10,0,400,0,0,False,20395,797e788f775b23f4f4a3f281cb8a26f4cfa2318075bbad3bf432c6c92ffe40b6,samples/p000526_a000150_000072_c11_l0.npz
p000526_a000150_000072_c12_l0,p000526,VAL,p000526_a000150,000072,12,multiview_distance,2.5,60,10,0,400,0,0,False,10533,05d1e6df8d01232b9be7a0f702aeddb8883758cf19c2e75c075f64b0b6d20af5,samples/p000526_a000150_000072_c12_l0.npz
p000526_a000150_000072_c13_l0,p000526,VAL,p000526_a000150,000072,13,multiview_distance,3.2,60,10,0,400,0,0,False,6528,bd836597c3fd280dafc55371805fa4647f1309d9d9e2f0e648ec48ec4f8a256f,samples/p000526_a000150_000072_c13_l0.npz
p000526_a000150_000072_c14_l0,p000526,VAL,p000526_a000150,000072,14,multiview_distance,1.2,120,10,0,400,0,0,True,55358,89e0c2c2cdac0b938ff318e7146e09cda973e43a0136d5cd1a52e785fcccac14,samples/p000526_a000150_000072_c14_l0.npz
p000526_a000150_000072_c15_l0,p000526,VAL,p000526_a000150,000072,15,multiview_distance,1.8,120,10,0,400,0,0,False,24960,b0cc66d851c3c85ddfc2a65f065440ed47960daf2dfcd22f1967a0a79854801a,samples/p000526_a000150_000072_c15_l0.npz
p000526_a000150_000072_c16_l0,p000526,VAL,p000526_a000150,000072,16,multiview_distance,2.5,120,10,0,400,0,0,False,12819,94c92cd0669f47b60ce1d1cce99ee474edcafccbad62aaeb81880e93bcbd441f,samples/p000526_a000150_000072_c16_l0.npz
p000526_a000150_000072_c17_l0,p000526,VAL,p000526_a000150,000072,17,multiview_distance,3.2,120,10,0,400,0,0,False,7770,cb9e18e4c9b4fb821fb96cebc276ed9aaeb0f97d08f37bec05048fb7b7f036b1,samples/p000526_a000150_000072_c17_l0.npz
p000526_a000150_000072_c18_l0,p000526,VAL,p000526_a000150,000072,18,multiview_distance,1.2,180,10,0,400,0,0,True,58244,aadc80fbc9c3cfcd43192a517ec6f1b1d1a1248d1125e45febfddcaa6f60e2d3,samples/p000526_a000150_000072_c18_l0.npz
p000526_a000150_000072_c19_l0,p000526,VAL,p000526_a000150,000072,19,multiview_distance,1.8,180,10,0,400,0,0,False,27280,b6002afe7f42851f1f39b33961c60f9f38901623b70d30523229f6fdbf08854e,samples/p000526_a000150_000072_c19_l0.npz
p000526_a000150_000072_c20_l0,p000526,VAL,p000526_a000150,000072,20,multiview_distance,2.5,180,10,0,400,0,0,False,13442,26a132ee496d7dc4ff0fb8365a4b6349621c7a54f869ed1816f8aa31bf163935,samples/p000526_a000150_000072_c20_l0.npz
p000526_a000150_000072_c21_l0,p000526,VAL,p000526_a000150,000072,21,multiview_distance,3.2,180,10,0,400,0,0,False,8003,c0851e724ae73fc4fe40c5f7705dd495911c96c70ceed9ca13c1b9b0e35e8999,samples/p000526_a000150_000072_c21_l0.npz
p000526_a000150_000072_c22_l0,p000526,VAL,p000526_a000150,000072,22,multiview_distance,1.2,240,10,0,400,0,0,True,55481,9a3c2e45e65a6254a5efd05f2a7f5f04e8c98c510b84973beb392fe31b225a7c,samples/p000526_a000150_000072_c22_l0.npz
p000526_a000150_000072_c23_l0,p000526,VAL,p000526_a000150,000072,23,multiview_distance,1.8,240,10,0,400,0,0,False,25987,5ffe8eda0fc841dcf3c21b35bdf569347c5cacfac4805794fd0abf4c4f31b4dd,samples/p000526_a000150_000072_c23_l0.npz
p000526_a000150_000072_c24_l0,p000526,VAL,p000526_a000150,000072,24,multiview_distance,2.5,240,10,0,400,0,0,False,12726,acaa2af6ac5b629cf5297b54a09a060e54fd3d9b5d390f46abfc6b81e0be2af7,samples/p000526_a000150_000072_c24_l0.npz
p000526_a000150_000072_c25_l0,p000526,VAL,p000526_a000150,000072,25,multiview_distance,3.2,240,10,0,400,0,0,False,7543,035cf55470d2ce8e04efdf1bff5e1dc7e4f4e4bdcdaffda43d88413bc778768a,samples/p000526_a000150_000072_c25_l0.npz
p000526_a000150_000072_c26_l0,p000526,VAL,p000526_a000150,000072,26,multiview_distance,1.2,300,10,0,400,0,0,True,54067,739fa8ab801f77f43fe4a29da4dfca40cf98bf39e400ebe7804b1c1bb9f9f2ef,samples/p000526_a000150_000072_c26_l0.npz
p000526_a000150_000072_c27_l0,p000526,VAL,p000526_a000150,000072,27,multiview_distance,1.8,300,10,0,400,0,0,False,25354,7bb324f91ad4ade9f798f9928c5dbae6392147813b2d2759696e7f6bce7baf7f,samples/p000526_a000150_000072_c27_l0.npz
p000526_a000150_000072_c28_l0,p000526,VAL,p000526_a000150,000072,28,multiview_distance,2.5,300,10,0,400,0,0,False,12866,53b30219e067682985d5f9f17de36d2fd82febe8093695e96a90a69d8ebf31bb,samples/p000526_a000150_000072_c28_l0.npz
p000526_a000150_000072_c29_l0,p000526,VAL,p000526_a000150,000072,29,multiview_distance,3.2,300,10,0,400,0,0,False,7774,99cbc47471de40c1119eb2ce5b57fb953a6071579d7632aaa87c0b7842d84e0f,samples/p000526_a000150_000072_c29_l0.npz
p000526_a000150_000072_c30_l0,p000526,VAL,p000526_a000150,000072,30,elevation,1.8,180,0,0,400,0,0,False,27189,9b6726c90d3b343862c59de775d491acd948d65d037a425e1e9febfd07a89e33,samples/p000526_a000150_000072_c30_l0.npz
p000526_a000150_000072_c31_l0,p000526,VAL,p000526_a000150,000072,31,elevation,3.2,180,0,0,400,0,0,False,8001,ac9804ea565830fb13e37309d4c564b52c44708328f744dd6f5cf243a739dbf6,samples/p000526_a000150_000072_c31_l0.npz
p000526_a000150_000072_c32_l0,p000526,VAL,p000526_a000150,000072,32,elevation,1.8,180,25,0,400,0,0,False,26480,67c16242a71ce35b8d0b790bb5060aa737c3f698a229317f9d41b01fa38b4f1a,samples/p000526_a000150_000072_c32_l0.npz
p000526_a000150_000072_c33_l0,p000526,VAL,p000526_a000150,000072,33,elevation,3.2,180,25,0,400,0,0,False,7814,c143c29e2d8e6911ad3e591e1a2847027d5b104f3ae197bc98f95935aabb500d,samples/p000526_a000150_000072_c33_l0.npz
p000526_a000150_000072_c34_l0,p000526,VAL,p000526_a000150,000072,34,elevation,1.8,180,45,0,400,0,0,False,24629,204ecc98b7e0766431b84497cecfa5d6fb4e8f7b1fa6e07a15f40b1a388f9dc8,samples/p000526_a000150_000072_c34_l0.npz
p000526_a000150_000072_c35_l0,p000526,VAL,p000526_a000150,000072,35,elevation,3.2,180,45,0,400,0,0,False,7148,2e5713575e0afcdb4b867a8353001890a647c49862c09f572893d3d4d1fb2bfa,samples/p000526_a000150_000072_c35_l0.npz
p000526_a000150_000072_c36_l0,p000526,VAL,p000526_a000150,000072,36,elevation,1.8,180,65,0,400,0,0,False,21719,69f731fe0855dde2c2f01bf73de3f84d72a5658992ac0b82d1487a65282a0ead,samples/p000526_a000150_000072_c36_l0.npz
p000526_a000150_000072_c37_l0,p000526,VAL,p000526_a000150,000072,37,elevation,3.2,180,65,0,400,0,0,False,6002,458c515310de850b4d4e2d4c515d6af4ff0fd2067ed09b05e088f009ea55f9e7,samples/p000526_a000150_000072_c37_l0.npz
p000526_a000150_000072_c38_l0,p000526,VAL,p000526_a000150,000072,38,elevation,1.8,180,85,0,400,0,0,False,17253,6b34cd76c0bee567c84f9b06fa1b216d80cf6bca1b8ecec71f017bb7a430e602,samples/p000526_a000150_000072_c38_l0.npz
p000526_a000150_000072_c39_l0,p000526,VAL,p000526_a000150,000072,39,elevation,3.2,180,85,0,400,0,0,False,4655,8ebe3476cd2e9c9832da5a575527d7ad868361b581468e9322f70f5d7e71f899,samples/p000526_a000150_000072_c39_l0.npz
p000526_a000150_000072_c40_l0,p000526,VAL,p000526_a000150,000072,40,roll,1.8,180,10,-90,400,0,0,False,27280,4099aa2c5472063b98e0d3a7bb2b4ccde29e004a5fba34cc47fd0668bb1cf238,samples/p000526_a000150_000072_c40_l0.npz
p000526_a000150_000072_c41_l0,p000526,VAL,p000526_a000150,000072,41,roll,3.2,180,10,-90,400,0,0,False,8003,4b52b18c965a98aa54d40e5b9ddcd27eb8889601750ae33d5a73156e26cbfb92,samples/p000526_a000150_000072_c41_l0.npz
p000526_a000150_000072_c42_l0,p000526,VAL,p000526_a000150,000072,42,roll,1.8,180,10,-45,400,0,0,False,27285,cd3ff63b7f5d8945d7ffb5f78d654862e6e14aed60fc79aba22b0d3c4e527866,samples/p000526_a000150_000072_c42_l0.npz
p000526_a000150_000072_c43_l0,p000526,VAL,p000526_a000150,000072,43,roll,3.2,180,10,-45,400,0,0,False,8005,cd54f61d7760dcca5b8e3e907ddab4a17e8aec1cf800eb5bf72acf793d6d745a,samples/p000526_a000150_000072_c43_l0.npz
p000526_a000150_000072_c44_l0,p000526,VAL,p000526_a000150,000072,44,roll,1.8,180,10,-15,400,0,0,False,27271,43c43a6323cc71bf6bc2d14940db0634364a42a88c75c4faef793d8859cb7dc9,samples/p000526_a000150_000072_c44_l0.npz
p000526_a000150_000072_c45_l0,p000526,VAL,p000526_a000150,000072,45,roll,3.2,180,10,-15,400,0,0,False,8013,8e124447e99f9c3c7532fd524c30f94fbc528e115c7d3ca900e22f8dea589c7a,samples/p000526_a000150_000072_c45_l0.npz
p000526_a000150_000072_c46_l0,p000526,VAL,p000526_a000150,000072,46,roll,1.8,180,10,15,400,0,0,False,27254,c4e0863b626b31c6308dd0ef1daa4147ea2740ee86feebf0810d42fb1f6d15cc,samples/p000526_a000150_000072_c46_l0.npz
p000526_a000150_000072_c47_l0,p000526,VAL,p000526_a000150,000072,47,roll,3.2,180,10,15,400,0,0,False,8002,2e813b3693e2dc95f949ad409f34d8cd66bb10806d96660b6be46c5c03771418,samples/p000526_a000150_000072_c47_l0.npz
p000526_a000150_000072_c48_l0,p000526,VAL,p000526_a000150,000072,48,roll,1.8,180,10,45,400,0,0,False,27285,5228b19f7c921d68ed7f991d40d9e229f82d4364d89eebe250c7cb2184c9c738,samples/p000526_a000150_000072_c48_l0.npz
p000526_a000150_000072_c49_l0,p000526,VAL,p000526_a000150,000072,49,roll,3.2,180,10,45,400,0,0,False,8005,86a2f3b2c54cb2e0973e31a95126f14d6585ae9c4418105ca57269fa389c86f9,samples/p000526_a000150_000072_c49_l0.npz
p000526_a000150_000072_c50_l0,p000526,VAL,p000526_a000150,000072,50,roll,1.8,180,10,90,400,0,0,False,27280,bd5f9ccbff912186158324cbd5b2751f80ab9e743233359912a451ff9b2ff9cd,samples/p000526_a000150_000072_c50_l0.npz
p000526_a000150_000072_c51_l0,p000526,VAL,p000526_a000150,000072,51,roll,3.2,180,10,90,400,0,0,False,8003,20e803780ae7583a2d99aa0c812ff339dbcaee211685ba96ef771aabedae4b54,samples/p000526_a000150_000072_c51_l0.npz
p000526_a000150_000072_c52_l0,p000526,VAL,p000526_a000150,000072,52,offcentre,2.5,180,10,0,400,-0.25,0,False,13288,8d43020139ac14c4859ae0e04e14f81047d762829264894d7112e59d8e3a2c6e,samples/p000526_a000150_000072_c52_l0.npz
p000526_a000150_000072_c53_l0,p000526,VAL,p000526_a000150,000072,53,offcentre,2.5,180,10,0,400,0.25,0,False,14912,efa602e19ec0313013beb2a0e7a4e269356246a7e5b38cbd972f09958a26a8ec,samples/p000526_a000150_000072_c53_l0.npz
p000526_a000150_000072_c54_l0,p000526,VAL,p000526_a000150,000072,54,offcentre,2.5,180,10,0,400,0,-0.2,False,13712,6e2e9331657476f0aac0677996a236fcfdd5816e797461dc1629e0cc04e2f020,samples/p000526_a000150_000072_c54_l0.npz
p000526_a000150_000072_c55_l0,p000526,VAL,p000526_a000150,000072,55,offcentre,2.5,180,10,0,400,0,0.2,True,13067,94b8be537ee7a0ac9bc0d08c7a6b3bbe1714b730a4a7a61c69cd8b5b6f981d04,samples/p000526_a000150_000072_c55_l0.npz
p000526_a000150_000072_c56_l0,p000526,VAL,p000526_a000150,000072,56,focal,2.5,180,10,0,300,0,0,False,7571,1cf0bc16356b7e7d3cffd3c91920e04030cfbd81dbf0494f2fca0667f8670abe,samples/p000526_a000150_000072_c56_l0.npz
p000526_a000150_000072_c57_l0,p000526,VAL,p000526_a000150,000072,57,focal,2.5,180,10,0,500,0,0,False,20985,d85b572be0555f42d9fd7413ef62ea6fadf4e9ebcd7dad46615b1b3ab0572dbd,samples/p000526_a000150_000072_c57_l0.npz
p000526_a000150_000072_c58_l0,p000526,VAL,p000526_a000150,000072,58,focal,2.5,180,10,0,650,0,0,True,35457,eef6eeb0e957c203b2c69588a48ae96baef339c8d01a98eb89a8963a7d82766c,samples/p000526_a000150_000072_c58_l0.npz
p000526_a000150_000072_c59_l0,p000526,VAL,p000526_a000150,000072,59,focal,2.5,180,10,0,850,0,0,True,55689,0b250eba6272805a81c2d9811bf9b90fb7133be84d7d12cc1444c525441b4713,samples/p000526_a000150_000072_c59_l0.npz
p000526_a000150_000072_c60_l0,p000526,VAL,p000526_a000150,000072,60,matched_angular_size,1.2,180,10,0,200,0,0,False,17191,6a46b68f52bd4ea9d061b09bdd0ce7ea8a6f5b629d28c89d83f7adae6a9e4ceb,samples/p000526_a000150_000072_c60_l0.npz
p000526_a000150_000072_c61_l0,p000526,VAL,p000526_a000150,000072,61,matched_angular_size,1.8,180,10,0,300,0,0,False,15326,e8f7e463ee311dc29d24ba7942e6dc3b6020f7750a48e8ce54735bca4d958022,samples/p000526_a000150_000072_c61_l0.npz
p000526_a000150_000072_c62_l0,p000526,VAL,p000526_a000150,000072,62,matched_angular_size,3,180,10,0,500,0,0,False,14291,539702119ae933f6a40c49b8d724a1ef23a7a698ae3493ba06f8fc1b13f4826f,samples/p000526_a000150_000072_c62_l0.npz
p000526_a000150_000072_c63_l0,p000526,VAL,p000526_a000150,000072,63,matched_angular_size,4,180,10,0,666.6666666666666,0,0,False,14005,fc64712cc671e62d4b09a7d73e44a6d1d15b5f2960076fae9a9d41d27b117320,samples/p000526_a000150_000072_c63_l0.npz
p000526_a000221_000054_c00_l0,p000526,VAL,p000526_a000221,000054,0,distance,0.8,30,10,0,400,0,0,True,108328,757a5e1f29a4d986180e22a8a7da088454757e95b24ea77386b61c388fc04b1d,samples/p000526_a000221_000054_c00_l0.npz
p000526_a000221_000054_c01_l0,p000526,VAL,p000526_a000221,000054,1,distance,1.2,30,10,0,400,0,0,True,61640,8b6b1611fc022020a8836e5b7c94a0cb15d0593eab419a2edce987ad6df3171e,samples/p000526_a000221_000054_c01_l0.npz
p000526_a000221_000054_c02_l0,p000526,VAL,p000526_a000221,000054,2,distance,1.8,30,10,0,400,0,0,False,27477,7963d0720e3584d9675b2985414533bbd882b4af3a1fa2d16d3acd6213799993,samples/p000526_a000221_000054_c02_l0.npz
p000526_a000221_000054_c03_l0,p000526,VAL,p000526_a000221,000054,3,distance,2.5,30,10,0,400,0,0,False,12978,1aac1f39a3f9d4b74b5e8714a626d01e61a40cd28989e681f8abdacd20e56ca6,samples/p000526_a000221_000054_c03_l0.npz
p000526_a000221_000054_c04_l0,p000526,VAL,p000526_a000221,000054,4,distance,3.2,30,10,0,400,0,0,False,7609,20b36f8ac3285ae98129caf994bde81ff6b87085c87d2e7476a7ef74459d8965,samples/p000526_a000221_000054_c04_l0.npz
p000526_a000221_000054_c05_l0,p000526,VAL,p000526_a000221,000054,5,distance,4.0,30,10,0,400,0,0,False,4749,28783315a06990a5ed66dca5d5409edbc110ee3d7c2296254971200f67bd7b3c,samples/p000526_a000221_000054_c05_l0.npz
p000526_a000221_000054_c06_l0,p000526,VAL,p000526_a000221,000054,6,multiview_distance,1.2,0,10,0,400,0,0,True,66096,5653cf261b5cb097b1291f6f41371ccad1dc5257bda0a43f3d604f06a937e9f7,samples/p000526_a000221_000054_c06_l0.npz
p000526_a000221_000054_c07_l0,p000526,VAL,p000526_a000221,000054,7,multiview_distance,1.8,0,10,0,400,0,0,False,28021,cbb5be88395752e388826dabfe773812917f5ca785c16deb6bbe383cbaa67e6c,samples/p000526_a000221_000054_c07_l0.npz
p000526_a000221_000054_c08_l0,p000526,VAL,p000526_a000221,000054,8,multiview_distance,2.5,0,10,0,400,0,0,False,12933,1183d87125bc807d106ed1c9cd8100f3e4d4f0b25f300f0302962947f4c6c5d1,samples/p000526_a000221_000054_c08_l0.npz
p000526_a000221_000054_c09_l0,p000526,VAL,p000526_a000221,000054,9,multiview_distance,3.2,0,10,0,400,0,0,False,7482,c118512292c07fe65f621f4946b43704cf631fb6e6b0152967fb76a01b47ccea,samples/p000526_a000221_000054_c09_l0.npz
p000526_a000221_000054_c10_l0,p000526,VAL,p000526_a000221,000054,10,multiview_distance,1.2,60,10,0,400,0,0,True,51195,2ad41f8f1ffa9172153547322b9d3fe8dd76df399e13b3d5f32094caa80e3e8b,samples/p000526_a000221_000054_c10_l0.npz
p000526_a000221_000054_c11_l0,p000526,VAL,p000526_a000221,000054,11,multiview_distance,1.8,60,10,0,400,0,0,False,23829,738e2e8181456f1b497d9475dc0fe55d384fc23214db41a82a0a28575efee28d,samples/p000526_a000221_000054_c11_l0.npz
p000526_a000221_000054_c12_l0,p000526,VAL,p000526_a000221,000054,12,multiview_distance,2.5,60,10,0,400,0,0,False,11771,cfe9924a97bdcf6abf4b2402353c060f330735ea1d0a3a50d47ead87a6300e5c,samples/p000526_a000221_000054_c12_l0.npz
p000526_a000221_000054_c13_l0,p000526,VAL,p000526_a000221,000054,13,multiview_distance,3.2,60,10,0,400,0,0,False,7022,1516a0cc3ab9376b887b1be5fcd6597ed240989709a41f666e79f83942554024,samples/p000526_a000221_000054_c13_l0.npz
p000526_a000221_000054_c14_l0,p000526,VAL,p000526_a000221,000054,14,multiview_distance,1.2,120,10,0,400,0,0,True,49198,923596b87dd8063fbcaf8924f60237e6102a7fbebf4b6c38c6594c2e713a7bfb,samples/p000526_a000221_000054_c14_l0.npz
p000526_a000221_000054_c15_l0,p000526,VAL,p000526_a000221,000054,15,multiview_distance,1.8,120,10,0,400,0,0,False,21531,f382975388295b8bb92cf2951d31d9622dedf6f6f8c950ca6d68c1578510ad4f,samples/p000526_a000221_000054_c15_l0.npz
p000526_a000221_000054_c16_l0,p000526,VAL,p000526_a000221,000054,16,multiview_distance,2.5,120,10,0,400,0,0,False,10968,c7829bb74240b4cba5b3f887f83d87057aedf8c5bb3eddf8d447a9731fd9fa72,samples/p000526_a000221_000054_c16_l0.npz
p000526_a000221_000054_c17_l0,p000526,VAL,p000526_a000221,000054,17,multiview_distance,3.2,120,10,0,400,0,0,False,6641,8803d263fed7c72dbe78a4178482abc5755f3a25eaf3a2b262fa44947a384d7f,samples/p000526_a000221_000054_c17_l0.npz
p000526_a000221_000054_c18_l0,p000526,VAL,p000526_a000221,000054,18,multiview_distance,1.2,180,10,0,400,0,0,True,47233,80574af6587ac4c410367a3b680a955b1badb73cf03bca8ca3f00b8abc819fcb,samples/p000526_a000221_000054_c18_l0.npz
p000526_a000221_000054_c19_l0,p000526,VAL,p000526_a000221,000054,19,multiview_distance,1.8,180,10,0,400,0,0,False,22294,2e9cfc424283b70571f5581795d7db2110af9ef460e64ea89bf9e614b6336139,samples/p000526_a000221_000054_c19_l0.npz
p000526_a000221_000054_c20_l0,p000526,VAL,p000526_a000221,000054,20,multiview_distance,2.5,180,10,0,400,0,0,False,11651,822baec695a19400f24847b0b3110474631ec73a9f8dbbe95b00f4ec7374fac9,samples/p000526_a000221_000054_c20_l0.npz
p000526_a000221_000054_c21_l0,p000526,VAL,p000526_a000221,000054,21,multiview_distance,3.2,180,10,0,400,0,0,False,7162,3498d5d87eb36ee7ea8b2b7fcbefbb4a0da7ce3482e8cc531dac1b2e2cb58db1,samples/p000526_a000221_000054_c21_l0.npz
p000526_a000221_000054_c22_l0,p000526,VAL,p000526_a000221,000054,22,multiview_distance,1.2,240,10,0,400,0,0,True,50147,f1dd92d4b88ec4ca82620b48da895acf5b26b5f84fe194c1a2711991f218fbda,samples/p000526_a000221_000054_c22_l0.npz
p000526_a000221_000054_c23_l0,p000526,VAL,p000526_a000221,000054,23,multiview_distance,1.8,240,10,0,400,0,0,False,22238,d30fc1e1ed5dd30fe0b6e6132ef4d8eee4063985b0149b2b796ef7d4b6baa094,samples/p000526_a000221_000054_c23_l0.npz
p000526_a000221_000054_c24_l0,p000526,VAL,p000526_a000221,000054,24,multiview_distance,2.5,240,10,0,400,0,0,False,11537,96c731120b7d734ad3458488193860dd7cc910972d2bb2a3f84080d95c8c53d0,samples/p000526_a000221_000054_c24_l0.npz
p000526_a000221_000054_c25_l0,p000526,VAL,p000526_a000221,000054,25,multiview_distance,3.2,240,10,0,400,0,0,False,7040,7684c33b59ed5cfcfd76daaed8783a60f1ccf0b0ba8c356922ea5e991ca6556e,samples/p000526_a000221_000054_c25_l0.npz
p000526_a000221_000054_c26_l0,p000526,VAL,p000526_a000221,000054,26,multiview_distance,1.2,300,10,0,400,0,0,True,48603,d0bb56376d1d4f8ee691cbd306ce0540732db7d871ed3244dc6b31e50aeff215,samples/p000526_a000221_000054_c26_l0.npz
p000526_a000221_000054_c27_l0,p000526,VAL,p000526_a000221,000054,27,multiview_distance,1.8,300,10,0,400,0,0,False,22465,55d76348d17bac50097cf8990f161a15196f761adee43736e7879c5d6e2e4bdb,samples/p000526_a000221_000054_c27_l0.npz
p000526_a000221_000054_c28_l0,p000526,VAL,p000526_a000221,000054,28,multiview_distance,2.5,300,10,0,400,0,0,False,10983,4d0d71c47b877830a86c5e9d341369c9a2891fcd84aac012bf010800c7ddceed,samples/p000526_a000221_000054_c28_l0.npz
p000526_a000221_000054_c29_l0,p000526,VAL,p000526_a000221,000054,29,multiview_distance,3.2,300,10,0,400,0,0,False,6532,fb7e926ca91b936dc7e40eddbac2da9b0a414a8a81330bc61034b58c4d9e2e6d,samples/p000526_a000221_000054_c29_l0.npz
p000526_a000221_000054_c30_l0,p000526,VAL,p000526_a000221,000054,30,elevation,1.8,180,0,0,400,0,0,False,21093,d2cd16d57d7d67b1011774730bbb72415d97f45819fae0461e6997e95404ca55,samples/p000526_a000221_000054_c30_l0.npz
p000526_a000221_000054_c31_l0,p000526,VAL,p000526_a000221,000054,31,elevation,3.2,180,0,0,400,0,0,False,6721,56f1684f665c65d6be7bf4a3fe53c320e9c18be8ba5b3f83ec90d2664ef22780,samples/p000526_a000221_000054_c31_l0.npz
p000526_a000221_000054_c32_l0,p000526,VAL,p000526_a000221,000054,32,elevation,1.8,180,25,0,400,0,0,False,23695,7f812ef8ef26fefc356540f4515b07f9869e00c021a6e4c63a617d817d44e534,samples/p000526_a000221_000054_c32_l0.npz
p000526_a000221_000054_c33_l0,p000526,VAL,p000526_a000221,000054,33,elevation,3.2,180,25,0,400,0,0,False,7627,37bea395f12c3d23f13b302507c27842055a20ada20661eb74d9893e51ed38a6,samples/p000526_a000221_000054_c33_l0.npz
p000526_a000221_000054_c34_l0,p000526,VAL,p000526_a000221,000054,34,elevation,1.8,180,45,0,400,0,0,False,24937,13710c9f7f4edfb7dac841bd504716d3437190702bbfaad0755fa4db8a2d647d,samples/p000526_a000221_000054_c34_l0.npz
p000526_a000221_000054_c35_l0,p000526,VAL,p000526_a000221,000054,35,elevation,3.2,180,45,0,400,0,0,False,7764,8ff358d60b3475d6ff874011f717bc4f8e37e9c3e47810c735e0b2c130cc7bcc,samples/p000526_a000221_000054_c35_l0.npz
p000526_a000221_000054_c36_l0,p000526,VAL,p000526_a000221,000054,36,elevation,1.8,180,65,0,400,0,0,False,25054,926704c4253ba7cf787d3c2213c25bd91bdf19e90542e2de37c7e341bce2ec2a,samples/p000526_a000221_000054_c36_l0.npz
p000526_a000221_000054_c37_l0,p000526,VAL,p000526_a000221,000054,37,elevation,3.2,180,65,0,400,0,0,False,7250,8e87362b31af616a651eb09ef2b0b2889822bfa3b8d72a0bbbe5ed1303bf4276,samples/p000526_a000221_000054_c37_l0.npz
p000526_a000221_000054_c38_l0,p000526,VAL,p000526_a000221,000054,38,elevation,1.8,180,85,0,400,0,0,False,23057,e6ecc4e37963225a9059c9636c0529e831abda1749d27746b3217ff68e36c389,samples/p000526_a000221_000054_c38_l0.npz
p000526_a000221_000054_c39_l0,p000526,VAL,p000526_a000221,000054,39,elevation,3.2,180,85,0,400,0,0,False,6069,6280145f139762784719618122ee8eaf7960324d7c2a87f3aa89f1661418ce0e,samples/p000526_a000221_000054_c39_l0.npz
p000526_a000221_000054_c40_l0,p000526,VAL,p000526_a000221,000054,40,roll,1.8,180,10,-90,400,0,0,False,22294,b7af872ad069d2fed06cb8611f617aa932db706011f5b3cc7b43bacdb98b4b5b,samples/p000526_a000221_000054_c40_l0.npz
p000526_a000221_000054_c41_l0,p000526,VAL,p000526_a000221,000054,41,roll,3.2,180,10,-90,400,0,0,False,7162,0e053302cf46b6ac76cbc8f1a7a1d9f143e9f3b8a68fc609c0905d7c5533b595,samples/p000526_a000221_000054_c41_l0.npz
p000526_a000221_000054_c42_l0,p000526,VAL,p000526_a000221,000054,42,roll,1.8,180,10,-45,400,0,0,False,22301,9e118d29e5d25bc6561e6490164e09c09d1b7449345702f7c5bd618896f7fae7,samples/p000526_a000221_000054_c42_l0.npz
p000526_a000221_000054_c43_l0,p000526,VAL,p000526_a000221,000054,43,roll,3.2,180,10,-45,400,0,0,False,7178,3431823cf2687d5f6d45f7a2d7578b5ee13bfc04ae654261f12a9151353c6627,samples/p000526_a000221_000054_c43_l0.npz
p000526_a000221_000054_c44_l0,p000526,VAL,p000526_a000221,000054,44,roll,1.8,180,10,-15,400,0,0,False,22300,e5c3e71a67e87d850612d0eb9f8bdbc00074c1e4ee2e377e38ed5088ce95d7f6,samples/p000526_a000221_000054_c44_l0.npz
p000526_a000221_000054_c45_l0,p000526,VAL,p000526_a000221,000054,45,roll,3.2,180,10,-15,400,0,0,False,7170,f7fa66a1f714f31d4896e31248f76516ccd342045584bcdb0ecdb80a46fc77ec,samples/p000526_a000221_000054_c45_l0.npz
p000526_a000221_000054_c46_l0,p000526,VAL,p000526_a000221,000054,46,roll,1.8,180,10,15,400,0,0,False,22295,cc04c1a9c96c05e03e9e37b15e144b8cf13cdcb191132a9837ad4c8cda310eba,samples/p000526_a000221_000054_c46_l0.npz
p000526_a000221_000054_c47_l0,p000526,VAL,p000526_a000221,000054,47,roll,3.2,180,10,15,400,0,0,False,7182,23c9016ad62be2b1e6994663d375aa6e40c3ec1a458cc6e4674c439804fd9d77,samples/p000526_a000221_000054_c47_l0.npz
p000526_a000221_000054_c48_l0,p000526,VAL,p000526_a000221,000054,48,roll,1.8,180,10,45,400,0,0,False,22301,ca319509642ec11eeb93cd84e8ac354c6c120a77d7235acc98ace609eaac97e1,samples/p000526_a000221_000054_c48_l0.npz
p000526_a000221_000054_c49_l0,p000526,VAL,p000526_a000221,000054,49,roll,3.2,180,10,45,400,0,0,False,7178,daaabe5c42ab0a9d2d1a11edf9deb34290396545685a3d931aae966b839a1b82,samples/p000526_a000221_000054_c49_l0.npz
p000526_a000221_000054_c50_l0,p000526,VAL,p000526_a000221,000054,50,roll,1.8,180,10,90,400,0,0,False,22294,9a893b64826f686be2506c22bd8225a283e129db6f2aeb8e959cc4b435c6772a,samples/p000526_a000221_000054_c50_l0.npz
p000526_a000221_000054_c51_l0,p000526,VAL,p000526_a000221,000054,51,roll,3.2,180,10,90,400,0,0,False,7162,00e7608ac110cc8efc2e8a491b586fc24db890968fa4ec905ac5a6901b093a52,samples/p000526_a000221_000054_c51_l0.npz
p000526_a000221_000054_c52_l0,p000526,VAL,p000526_a000221,000054,52,offcentre,2.5,180,10,0,400,-0.25,0,False,12866,a49b920b6cbb289934ea3b746a4ac513687b43bb1af6cc90b4937d27aff07306,samples/p000526_a000221_000054_c52_l0.npz
p000526_a000221_000054_c53_l0,p000526,VAL,p000526_a000221,000054,53,offcentre,2.5,180,10,0,400,0.25,0,False,11141,5c569d850ba08ae4198cdcee469549feb752c0e8139a4bee619fc30dc218a5d2,samples/p000526_a000221_000054_c53_l0.npz
p000526_a000221_000054_c54_l0,p000526,VAL,p000526_a000221,000054,54,offcentre,2.5,180,10,0,400,0,-0.2,False,10895,60685d1a8d4680ad2c36beeec4806714fa0f88be6d33ce549e7945ec3d1803ac,samples/p000526_a000221_000054_c54_l0.npz
p000526_a000221_000054_c55_l0,p000526,VAL,p000526_a000221,000054,55,offcentre,2.5,180,10,0,400,0,0.2,False,12548,bb50c07190c5205bef90326b3d59b0832e4c892653db32a5f0d347958fbac934,samples/p000526_a000221_000054_c55_l0.npz
p000526_a000221_000054_c56_l0,p000526,VAL,p000526_a000221,000054,56,focal,2.5,180,10,0,300,0,0,False,6560,e30901e22d618c5ef7b63ccf7a2d545acb8857ff3759d2185e9532e18c915c1c,samples/p000526_a000221_000054_c56_l0.npz
p000526_a000221_000054_c57_l0,p000526,VAL,p000526_a000221,000054,57,focal,2.5,180,10,0,500,0,0,False,18197,bfe1b1684e79871b0703dc8dad1b8faf86f9d68dd0f8c7efd3e09030a3961842,samples/p000526_a000221_000054_c57_l0.npz
p000526_a000221_000054_c58_l0,p000526,VAL,p000526_a000221,000054,58,focal,2.5,180,10,0,650,0,0,False,30767,d0b00cc3af0264dc6f231f7167c460cbf0ae7f8df5e9a8e17ef4d87806d716f6,samples/p000526_a000221_000054_c58_l0.npz
p000526_a000221_000054_c59_l0,p000526,VAL,p000526_a000221,000054,59,focal,2.5,180,10,0,850,0,0,True,51704,24489cd3d4d0aaea056b4d55e1423172f689957bcf69f0f888b62807277627fb,samples/p000526_a000221_000054_c59_l0.npz
p000526_a000221_000054_c60_l0,p000526,VAL,p000526_a000221,000054,60,matched_angular_size,1.2,180,10,0,200,0,0,False,12788,6df1fd67ec693e5eac874187a3ad98ef28097d8decd50c2935487ec57b93e860,samples/p000526_a000221_000054_c60_l0.npz
p000526_a000221_000054_c61_l0,p000526,VAL,p000526_a000221,000054,61,matched_angular_size,1.8,180,10,0,300,0,0,False,12560,35a380a73fe87114fef555b6e74d9fe9fbd9bee479e14d3c3269581a75a88b22,samples/p000526_a000221_000054_c61_l0.npz
p000526_a000221_000054_c62_l0,p000526,VAL,p000526_a000221,000054,62,matched_angular_size,3,180,10,0,500,0,0,False,12722,167ece7d6d410902ec17509baacc7ac36f1df713eb6c50281721c6dc82f7c2f2,samples/p000526_a000221_000054_c62_l0.npz
p000526_a000221_000054_c63_l0,p000526,VAL,p000526_a000221,000054,63,matched_angular_size,4,180,10,0,666.6666666666666,0,0,False,12883,75eaf923f0c4b5005adfa38879c9105bf0f6c56c89a4d4cfc764ec2a33e5ccda,samples/p000526_a000221_000054_c63_l0.npz
p000526_a000221_000228_c00_l0,p000526,VAL,p000526_a000221,000228,0,distance,0.8,30,10,0,400,0,0,True,91270,e35f75aa99acff54e643505e214e20f23965b892bd32ce4b00dbe4afa8dee591,samples/p000526_a000221_000228_c00_l0.npz
p000526_a000221_000228_c01_l0,p000526,VAL,p000526_a000221,000228,1,distance,1.2,30,10,0,400,0,0,True,51723,11fd4a4053d2f604f098122d030cfb2e22856c13bb901b8341775afb2fb195ef,samples/p000526_a000221_000228_c01_l0.npz
p000526_a000221_000228_c02_l0,p000526,VAL,p000526_a000221,000228,2,distance,1.8,30,10,0,400,0,0,False,24040,765127835754d855c6158a24a0c234af7e5e7f228e814564c691f4f305f54e21,samples/p000526_a000221_000228_c02_l0.npz
p000526_a000221_000228_c03_l0,p000526,VAL,p000526_a000221,000228,3,distance,2.5,30,10,0,400,0,0,False,11778,57d8d41a81a075c4e87782aa116f0dbcfd46938c9c4b874737556cf0e29f4f95,samples/p000526_a000221_000228_c03_l0.npz
p000526_a000221_000228_c04_l0,p000526,VAL,p000526_a000221,000228,4,distance,3.2,30,10,0,400,0,0,False,7009,0d393f41b1415ec832585ab5ba43527faf9d132143c9a4bbdd0228da0c82ce25,samples/p000526_a000221_000228_c04_l0.npz
p000526_a000221_000228_c05_l0,p000526,VAL,p000526_a000221,000228,5,distance,4.0,30,10,0,400,0,0,False,4412,efdc6f73bb9abbf2bb044281b01a476fbbc10401340a667dee1211358fd6636d,samples/p000526_a000221_000228_c05_l0.npz
p000526_a000221_000228_c06_l0,p000526,VAL,p000526_a000221,000228,6,multiview_distance,1.2,0,10,0,400,0,0,True,56565,2157ecd198bb1a5dd53fa030ac19416500ed316735adfac56f0efc3af20224f2,samples/p000526_a000221_000228_c06_l0.npz
p000526_a000221_000228_c07_l0,p000526,VAL,p000526_a000221,000228,7,multiview_distance,1.8,0,10,0,400,0,0,False,25633,91bafdc42a9221a97a0e85ca0f146413d343e030257e93ccbf746ff57f2bbf89,samples/p000526_a000221_000228_c07_l0.npz
p000526_a000221_000228_c08_l0,p000526,VAL,p000526_a000221,000228,8,multiview_distance,2.5,0,10,0,400,0,0,False,12401,1764c8838f8836479270b991caaf81fb857520add175e44a8f349105c62a97e7,samples/p000526_a000221_000228_c08_l0.npz
p000526_a000221_000228_c09_l0,p000526,VAL,p000526_a000221,000228,9,multiview_distance,3.2,0,10,0,400,0,0,False,7336,ea93c758545a109f87b2eef629723125fd8f47bdc6e4581be527cf332541f8a4,samples/p000526_a000221_000228_c09_l0.npz
p000526_a000221_000228_c10_l0,p000526,VAL,p000526_a000221,000228,10,multiview_distance,1.2,60,10,0,400,0,0,True,43236,b6850aefba40d878a7d0f53bd00dee9c47e8ddec5d2a88625c803c4e2a247c5b,samples/p000526_a000221_000228_c10_l0.npz
p000526_a000221_000228_c11_l0,p000526,VAL,p000526_a000221,000228,11,multiview_distance,1.8,60,10,0,400,0,0,False,20382,7cf4919d87ca13bd664f81b9a5395cbd0ad814af647173ce4b2874716e4915b3,samples/p000526_a000221_000228_c11_l0.npz
p000526_a000221_000228_c12_l0,p000526,VAL,p000526_a000221,000228,12,multiview_distance,2.5,60,10,0,400,0,0,False,10211,737f87c3464caa81a2149f97ddaec6757a76f65bc0f42feab402aafd0ffdf9bc,samples/p000526_a000221_000228_c12_l0.npz
p000526_a000221_000228_c13_l0,p000526,VAL,p000526_a000221,000228,13,multiview_distance,3.2,60,10,0,400,0,0,False,6133,e8b15da15785c420861946ab291ec7332f23ee20547941c901d896e85e31e5b3,samples/p000526_a000221_000228_c13_l0.npz
p000526_a000221_000228_c14_l0,p000526,VAL,p000526_a000221,000228,14,multiview_distance,1.2,120,10,0,400,0,0,True,46490,3dec88438912b5b9b88a7629c0564298e85d7bf494da18932ac305c8f17eb0aa,samples/p000526_a000221_000228_c14_l0.npz
p000526_a000221_000228_c15_l0,p000526,VAL,p000526_a000221,000228,15,multiview_distance,1.8,120,10,0,400,0,0,False,20875,dc70939daa0fe074d557d7b4ba3bdde097e22b3b99d71ddad680e324b1caec49,samples/p000526_a000221_000228_c15_l0.npz
p000526_a000221_000228_c16_l0,p000526,VAL,p000526_a000221,000228,16,multiview_distance,2.5,120,10,0,400,0,0,False,10826,378250f2594e4b6cf6afb6bb5732b90072a7c861a0abcdaea5121a97458e237c,samples/p000526_a000221_000228_c16_l0.npz
p000526_a000221_000228_c17_l0,p000526,VAL,p000526_a000221,000228,17,multiview_distance,3.2,120,10,0,400,0,0,False,6610,9b9feb96fa805c051ec5bb1c63d1833b582ea1379605c97c38fb3a41d3985816,samples/p000526_a000221_000228_c17_l0.npz
p000526_a000221_000228_c18_l0,p000526,VAL,p000526_a000221,000228,18,multiview_distance,1.2,180,10,0,400,0,0,True,52764,c058090cbbfdd921f5b34dc7b06099a89443259e4e40fe2f4fe9c4b59cf84874,samples/p000526_a000221_000228_c18_l0.npz
p000526_a000221_000228_c19_l0,p000526,VAL,p000526_a000221,000228,19,multiview_distance,1.8,180,10,0,400,0,0,False,23890,bfb7596f2e487407c1cc369db86ab4830dd30e754b2f7be47eec95ea81df973b,samples/p000526_a000221_000228_c19_l0.npz
p000526_a000221_000228_c20_l0,p000526,VAL,p000526_a000221,000228,20,multiview_distance,2.5,180,10,0,400,0,0,False,12337,7cd20ab3983545833522f1081161b13373206c0b8e2fdc2179d7fe15645e4ee7,samples/p000526_a000221_000228_c20_l0.npz
p000526_a000221_000228_c21_l0,p000526,VAL,p000526_a000221,000228,21,multiview_distance,3.2,180,10,0,400,0,0,False,7544,49af605aeb490028a063961a717870d40981e420f186443df6d335deecc4a6fc,samples/p000526_a000221_000228_c21_l0.npz
p000526_a000221_000228_c22_l0,p000526,VAL,p000526_a000221,000228,22,multiview_distance,1.2,240,10,0,400,0,0,True,48427,b23fb8a57d8a78a033fe2967ba568a5477dedffe01b167b4671ec417c5994c41,samples/p000526_a000221_000228_c22_l0.npz
p000526_a000221_000228_c23_l0,p000526,VAL,p000526_a000221,000228,23,multiview_distance,1.8,240,10,0,400,0,0,False,21385,3697c567f9837f02b06e2b209005af4d36c8509f505d3fff1bb7ea0fca9a128e,samples/p000526_a000221_000228_c23_l0.npz
p000526_a000221_000228_c24_l0,p000526,VAL,p000526_a000221,000228,24,multiview_distance,2.5,240,10,0,400,0,0,False,10943,10cf0182b50ed6b4fae700618b87da373e5fa530c0c2e825b40675aa8dfa6205,samples/p000526_a000221_000228_c24_l0.npz
p000526_a000221_000228_c25_l0,p000526,VAL,p000526_a000221,000228,25,multiview_distance,3.2,240,10,0,400,0,0,False,6642,3b675108c05ce9122cadfdcb567e915730038889b1d08e720873d9a360377456,samples/p000526_a000221_000228_c25_l0.npz
p000526_a000221_000228_c26_l0,p000526,VAL,p000526_a000221,000228,26,multiview_distance,1.2,300,10,0,400,0,0,True,48665,e3dbd6f9f2f2f6992de4af1300941ac6e6686970a991b518f65071349395f1d0,samples/p000526_a000221_000228_c26_l0.npz
p000526_a000221_000228_c27_l0,p000526,VAL,p000526_a000221,000228,27,multiview_distance,1.8,300,10,0,400,0,0,False,22218,b2269efccf7b3accb58c7fd307c324f8a6abea6332dab9ef8c2422ce3c2566ce,samples/p000526_a000221_000228_c27_l0.npz
p000526_a000221_000228_c28_l0,p000526,VAL,p000526_a000221,000228,28,multiview_distance,2.5,300,10,0,400,0,0,False,10930,65a812660c27fc07b5a195ca312022601b598eebb58e6f92a5a3f7f5d12e4cf9,samples/p000526_a000221_000228_c28_l0.npz
p000526_a000221_000228_c29_l0,p000526,VAL,p000526_a000221,000228,29,multiview_distance,3.2,300,10,0,400,0,0,False,6523,0841eea4baaa2d0d8f573696f70ea5004bf18c2ed85cfa7ee00a04a7c909900c,samples/p000526_a000221_000228_c29_l0.npz
p000526_a000221_000228_c30_l0,p000526,VAL,p000526_a000221,000228,30,elevation,1.8,180,0,0,400,0,0,False,22681,39e1c77bcf5b3a375f262e3237dae279b1148f636ff4ce2bcfb3a702838d2316,samples/p000526_a000221_000228_c30_l0.npz
p000526_a000221_000228_c31_l0,p000526,VAL,p000526_a000221,000228,31,elevation,3.2,180,0,0,400,0,0,False,7154,aaa653b8ee35cd5a10db51f8a8068ecb28999c970847bba8d9042492ff294787,samples/p000526_a000221_000228_c31_l0.npz
p000526_a000221_000228_c32_l0,p000526,VAL,p000526_a000221,000228,32,elevation,1.8,180,25,0,400,0,0,False,25121,26a5d327babbadbc9a5d83a06e592d4d8bfc8afc124dd4ba71d8bf7a58e61b0e,samples/p000526_a000221_000228_c32_l0.npz
p000526_a000221_000228_c33_l0,p000526,VAL,p000526_a000221,000228,33,elevation,3.2,180,25,0,400,0,0,False,7875,6d7b0f4a0d8dc471ed69243ac4a7ef6553ebe287ae63d1030393cf62d57b37dc,samples/p000526_a000221_000228_c33_l0.npz
p000526_a000221_000228_c34_l0,p000526,VAL,p000526_a000221,000228,34,elevation,1.8,180,45,0,400,0,0,False,25630,f38933c3d734b84f3bcdfb21abba7c73d0ffdfdb4f587eb4b2edc02059c7f6d9,samples/p000526_a000221_000228_c34_l0.npz
p000526_a000221_000228_c35_l0,p000526,VAL,p000526_a000221,000228,35,elevation,3.2,180,45,0,400,0,0,False,7717,97946a6752b92d4de5bcaa5bca92329a77b9c13d3b1d56207d2650e0d0e5783b,samples/p000526_a000221_000228_c35_l0.npz
p000526_a000221_000228_c36_l0,p000526,VAL,p000526_a000221,000228,36,elevation,1.8,180,65,0,400,0,0,False,24235,c7108675881859fe106a3dde83d9b6bf663dc1006a9d8a0ca515fe0b94b2e77b,samples/p000526_a000221_000228_c36_l0.npz
p000526_a000221_000228_c37_l0,p000526,VAL,p000526_a000221,000228,37,elevation,3.2,180,65,0,400,0,0,False,6857,9ce0bd82469fdab2faea06dd09ec69e6be06e80bafe9e25eb06d44166f67a482,samples/p000526_a000221_000228_c37_l0.npz
p000526_a000221_000228_c38_l0,p000526,VAL,p000526_a000221,000228,38,elevation,1.8,180,85,0,400,0,0,False,20314,8f031cd09c4dd97cee4a462f8db8f497a8337cb510e7f6861214b3afa4336b3f,samples/p000526_a000221_000228_c38_l0.npz
p000526_a000221_000228_c39_l0,p000526,VAL,p000526_a000221,000228,39,elevation,3.2,180,85,0,400,0,0,False,5319,69a3682c2ab3b875e3e31faf60c46b49c5a64a602b1719a3a9c238019b96202e,samples/p000526_a000221_000228_c39_l0.npz
p000526_a000221_000228_c40_l0,p000526,VAL,p000526_a000221,000228,40,roll,1.8,180,10,-90,400,0,0,False,23890,4238cc5f07c2669d8b880f892ac85b2dff61ebca56e6b84bab1ae8cf7be1e1e3,samples/p000526_a000221_000228_c40_l0.npz
p000526_a000221_000228_c41_l0,p000526,VAL,p000526_a000221,000228,41,roll,3.2,180,10,-90,400,0,0,False,7544,63c233d9c390ee0365ebeb847688a213029aeb64a7794abba50146811838e546,samples/p000526_a000221_000228_c41_l0.npz
p000526_a000221_000228_c42_l0,p000526,VAL,p000526_a000221,000228,42,roll,1.8,180,10,-45,400,0,0,False,23877,df948dbeaaf95566c88342b57fa8ba553332d71adfc9a7f6e7aa9bc1af594420,samples/p000526_a000221_000228_c42_l0.npz
p000526_a000221_000228_c43_l0,p000526,VAL,p000526_a000221,000228,43,roll,3.2,180,10,-45,400,0,0,False,7559,e6cb6229fc85f443e5beeb464ceb6cea900a7dabcbdd0f13aa095a13a1fc648a,samples/p000526_a000221_000228_c43_l0.npz
p000526_a000221_000228_c44_l0,p000526,VAL,p000526_a000221,000228,44,roll,1.8,180,10,-15,400,0,0,False,23905,bf3be05ee322bea20cf00958360ae88d17657deba89e44d5a24f1b69ed5a09b8,samples/p000526_a000221_000228_c44_l0.npz
p000526_a000221_000228_c45_l0,p000526,VAL,p000526_a000221,000228,45,roll,3.2,180,10,-15,400,0,0,False,7546,d723040cbff66d60a5866254bba03c6b0d6b14d47e458e76db7fe512a2185f47,samples/p000526_a000221_000228_c45_l0.npz
p000526_a000221_000228_c46_l0,p000526,VAL,p000526_a000221,000228,46,roll,1.8,180,10,15,400,0,0,False,23879,5cb27af550fc7572d52d268a53e09fd78d984f0df4858244932d7c430f40d090,samples/p000526_a000221_000228_c46_l0.npz
p000526_a000221_000228_c47_l0,p000526,VAL,p000526_a000221,000228,47,roll,3.2,180,10,15,400,0,0,False,7544,90c6a558569e3dfdc9f8ef58d7756af2c47ee58850ddbd9ca70d8e9c6ec4f483,samples/p000526_a000221_000228_c47_l0.npz
p000526_a000221_000228_c48_l0,p000526,VAL,p000526_a000221,000228,48,roll,1.8,180,10,45,400,0,0,False,23877,a34e1c78e4e21d79d42730363f319dd90ac995744069fa3c0b427cf572c42d45,samples/p000526_a000221_000228_c48_l0.npz
p000526_a000221_000228_c49_l0,p000526,VAL,p000526_a000221,000228,49,roll,3.2,180,10,45,400,0,0,False,7559,96926a16e3a6f17cdad5d3551e481b2c383d67e66cedce1b9a5b5cca44f6da52,samples/p000526_a000221_000228_c49_l0.npz
p000526_a000221_000228_c50_l0,p000526,VAL,p000526_a000221,000228,50,roll,1.8,180,10,90,400,0,0,False,23890,b9efbf356d3fe3f3f4cdc5eb723178fe647ad511945db20b3daf47d043a31a46,samples/p000526_a000221_000228_c50_l0.npz
p000526_a000221_000228_c51_l0,p000526,VAL,p000526_a000221,000228,51,roll,3.2,180,10,90,400,0,0,False,7544,95cfaf2fee189f1e5b08db8da085044d59c03f84bd5138fb357f206b7a28afd0,samples/p000526_a000221_000228_c51_l0.npz
p000526_a000221_000228_c52_l0,p000526,VAL,p000526_a000221,000228,52,offcentre,2.5,180,10,0,400,-0.25,0,False,12803,f92e357842c67b7c6ecb2adfa5c445ed187c84b68f3e36fed71dd5988d2e49c3,samples/p000526_a000221_000228_c52_l0.npz
p000526_a000221_000228_c53_l0,p000526,VAL,p000526_a000221,000228,53,offcentre,2.5,180,10,0,400,0.25,0,False,13322,76f57b98e2374f96ebb6ce99fb665c0db9bfa570b5b875007118cff1ca687ab3,samples/p000526_a000221_000228_c53_l0.npz
p000526_a000221_000228_c54_l0,p000526,VAL,p000526_a000221,000228,54,offcentre,2.5,180,10,0,400,0,-0.2,False,11745,7c30cf97b1040dbf7f92233f43c11603c8e04c6428fe5196743e0bc1441204bf,samples/p000526_a000221_000228_c54_l0.npz
p000526_a000221_000228_c55_l0,p000526,VAL,p000526_a000221,000228,55,offcentre,2.5,180,10,0,400,0,0.2,False,13033,f0bf7d868ba11cb4f2a8f089e799d80b62c1d186ab91369122971be8043886d5,samples/p000526_a000221_000228_c55_l0.npz
p000526_a000221_000228_c56_l0,p000526,VAL,p000526_a000221,000228,56,focal,2.5,180,10,0,300,0,0,False,6947,3df04cf041c211c782d649cff9433d56ecf6e255caa953c8542af62e3d4c1536,samples/p000526_a000221_000228_c56_l0.npz
p000526_a000221_000228_c57_l0,p000526,VAL,p000526_a000221,000228,57,focal,2.5,180,10,0,500,0,0,False,19295,bd401de24a4e0c8461fd50af9d541d0b988e11af1b847e74111594769c79216d,samples/p000526_a000221_000228_c57_l0.npz
p000526_a000221_000228_c58_l0,p000526,VAL,p000526_a000221,000228,58,focal,2.5,180,10,0,650,0,0,False,32622,64603442de0a0e64b998888d9418a1c51b86ea92e374b74b8244816b35913507,samples/p000526_a000221_000228_c58_l0.npz
p000526_a000221_000228_c59_l0,p000526,VAL,p000526_a000221,000228,59,focal,2.5,180,10,0,850,0,0,True,53946,55eddacfc62bfef2f2cd8a2403b89b7267d191529ec21c315ae65a4358557719,samples/p000526_a000221_000228_c59_l0.npz
p000526_a000221_000228_c60_l0,p000526,VAL,p000526_a000221,000228,60,matched_angular_size,1.2,180,10,0,200,0,0,False,13685,beb89c8a54d9e432c393a8eecb98a74e108dfe609ba06fded38c29c6329b32bb,samples/p000526_a000221_000228_c60_l0.npz
p000526_a000221_000228_c61_l0,p000526,VAL,p000526_a000221,000228,61,matched_angular_size,1.8,180,10,0,300,0,0,False,13434,9f0e6cdcbf4abd2181d6bf3ad267f84cd94fdd5580f1c2205278db701df5c113,samples/p000526_a000221_000228_c61_l0.npz
p000526_a000221_000228_c62_l0,p000526,VAL,p000526_a000221,000228,62,matched_angular_size,3,180,10,0,500,0,0,False,13419,4f59bec5b83350e3838b4ca7ee60489a6377d8818c38f0eb2e1ca16b06ddb6df,samples/p000526_a000221_000228_c62_l0.npz
p000526_a000221_000228_c63_l0,p000526,VAL,p000526_a000221,000228,63,matched_angular_size,4,180,10,0,666.6666666666666,0,0,False,13451,f790bbc1c124830b9c816ab195662497ddbb4e0c5a764ca40856431b65fce4c4,samples/p000526_a000221_000228_c63_l0.npz
p000534_a000701_000036_c00_l0,p000534,TRAIN,p000534_a000701,000036,0,distance,0.8,30,10,0,400,0,0,True,116570,6929f65e573d9ea7d545636acfb2f0dd9289e73f6f16cb303c71d7095aba45ba,samples/p000534_a000701_000036_c00_l0.npz
p000534_a000701_000036_c01_l0,p000534,TRAIN,p000534_a000701,000036,1,distance,1.2,30,10,0,400,0,0,True,68204,99deca737152c3c24b1234a25fee5bc90c75343d0ca407b20ec5cb8b665e9894,samples/p000534_a000701_000036_c01_l0.npz
p000534_a000701_000036_c02_l0,p000534,TRAIN,p000534_a000701,000036,2,distance,1.8,30,10,0,400,0,0,False,32395,35b0d40b0102712d17b333e820437df62649013240c134a4d3c417a158093a22,samples/p000534_a000701_000036_c02_l0.npz
p000534_a000701_000036_c03_l0,p000534,TRAIN,p000534_a000701,000036,3,distance,2.5,30,10,0,400,0,0,False,15944,60fac6e6898f971e2e7045faeb8013fcd14342d79e0d889c722ef1c6acc4b5e0,samples/p000534_a000701_000036_c03_l0.npz
p000534_a000701_000036_c04_l0,p000534,TRAIN,p000534_a000701,000036,4,distance,3.2,30,10,0,400,0,0,False,9498,190943e3f7be3266e58d7d427fb13df7a05bb43d6a5f4e2c206efd73ac20af3d,samples/p000534_a000701_000036_c04_l0.npz
p000534_a000701_000036_c05_l0,p000534,TRAIN,p000534_a000701,000036,5,distance,4.0,30,10,0,400,0,0,False,5994,fadaf8a250af2c78ca372bbc51cd8cff015d1532812dfd83c4a8bb2e8963b941,samples/p000534_a000701_000036_c05_l0.npz
p000534_a000701_000036_c06_l0,p000534,TRAIN,p000534_a000701,000036,6,multiview_distance,1.2,0,10,0,400,0,0,True,70556,104f238a0e70568e396ef9213c7bed3cdb0c876e0f931a78193fdbc8ac7eb272,samples/p000534_a000701_000036_c06_l0.npz
p000534_a000701_000036_c07_l0,p000534,TRAIN,p000534_a000701,000036,7,multiview_distance,1.8,0,10,0,400,0,0,False,33568,12f893f4e42dc18e8f6a54429d710e389206b71ae823f0815534c623940ee192,samples/p000534_a000701_000036_c07_l0.npz
p000534_a000701_000036_c08_l0,p000534,TRAIN,p000534_a000701,000036,8,multiview_distance,2.5,0,10,0,400,0,0,False,16535,766bb0d456ce038ba128cad0b098e7ef8b109af306a82762c63d32546e4c6af3,samples/p000534_a000701_000036_c08_l0.npz
p000534_a000701_000036_c09_l0,p000534,TRAIN,p000534_a000701,000036,9,multiview_distance,3.2,0,10,0,400,0,0,False,9869,af53cd44cadacb1b48424e0267ea33201fdabbc84c4c2558b3d03ce723491d23,samples/p000534_a000701_000036_c09_l0.npz
p000534_a000701_000036_c10_l0,p000534,TRAIN,p000534_a000701,000036,10,multiview_distance,1.2,60,10,0,400,0,0,True,55197,5c1d9f8c9b2163fd5cdae9da006fd7999f828612a2e88207a0092ba27b3dfb87,samples/p000534_a000701_000036_c10_l0.npz
p000534_a000701_000036_c11_l0,p000534,TRAIN,p000534_a000701,000036,11,multiview_distance,1.8,60,10,0,400,0,0,False,26548,d6670ad283ab88112d23da325c38155881275d38d46d1486987e02e51a12a8dd,samples/p000534_a000701_000036_c11_l0.npz
p000534_a000701_000036_c12_l0,p000534,TRAIN,p000534_a000701,000036,12,multiview_distance,2.5,60,10,0,400,0,0,False,13138,19915f37f7fa922c47d68788582661e68e6d59ce777d75ab620de069e0af5c65,samples/p000534_a000701_000036_c12_l0.npz
p000534_a000701_000036_c13_l0,p000534,TRAIN,p000534_a000701,000036,13,multiview_distance,3.2,60,10,0,400,0,0,False,7869,f2842e4f2c18f19f9badfd9abaffc54b97aed0b8e601bcee0fe7547cf38a0f38,samples/p000534_a000701_000036_c13_l0.npz
p000534_a000701_000036_c14_l0,p000534,TRAIN,p000534_a000701,000036,14,multiview_distance,1.2,120,10,0,400,0,0,True,61556,77301888e67a63ca865b48aff68f55d42b3593ac599c6124f0f154b0862ade7a,samples/p000534_a000701_000036_c14_l0.npz
p000534_a000701_000036_c15_l0,p000534,TRAIN,p000534_a000701,000036,15,multiview_distance,1.8,120,10,0,400,0,0,False,29686,575aaf5232872af597e5cca9e10dc8b1334385b087d7d83482012fc617d4aac9,samples/p000534_a000701_000036_c15_l0.npz
p000534_a000701_000036_c16_l0,p000534,TRAIN,p000534_a000701,000036,16,multiview_distance,2.5,120,10,0,400,0,0,False,14948,537d6ed7d535078af323bb93209a1978f5328760a5031e7b321d1493296e7d58,samples/p000534_a000701_000036_c16_l0.npz
p000534_a000701_000036_c17_l0,p000534,TRAIN,p000534_a000701,000036,17,multiview_distance,3.2,120,10,0,400,0,0,False,8999,c4c0ec4dfc3e0b8bf9b4f5e62ab9daa085e04cd8c0beccb1688d4c2a81f1c33f,samples/p000534_a000701_000036_c17_l0.npz
p000534_a000701_000036_c18_l0,p000534,TRAIN,p000534_a000701,000036,18,multiview_distance,1.2,180,10,0,400,0,0,True,73064,256ca29c94c89be421f0e14f5b58c35d5630af341e12e8fff00c0c40cf10940b,samples/p000534_a000701_000036_c18_l0.npz
p000534_a000701_000036_c19_l0,p000534,TRAIN,p000534_a000701,000036,19,multiview_distance,1.8,180,10,0,400,0,0,False,34947,a9f3f039bfbd122ea8d4c3bb8fa516bc8c9c481e562977fbc26f86019c9a60a0,samples/p000534_a000701_000036_c19_l0.npz
p000534_a000701_000036_c20_l0,p000534,TRAIN,p000534_a000701,000036,20,multiview_distance,2.5,180,10,0,400,0,0,False,17782,9580067e4d088e1f2470732834665c9c8f89330f6d0ab86719c01d5265e0593b,samples/p000534_a000701_000036_c20_l0.npz
p000534_a000701_000036_c21_l0,p000534,TRAIN,p000534_a000701,000036,21,multiview_distance,3.2,180,10,0,400,0,0,False,10775,c21e3db973afa33161b332d55236b161293fc78ca18a15aa960d763ae7584d06,samples/p000534_a000701_000036_c21_l0.npz
p000534_a000701_000036_c22_l0,p000534,TRAIN,p000534_a000701,000036,22,multiview_distance,1.2,240,10,0,400,0,0,True,57919,ea15b18dfb75b66e88a819978e588dcd0425e2caf05a67737d1f6270271f8c10,samples/p000534_a000701_000036_c22_l0.npz
p000534_a000701_000036_c23_l0,p000534,TRAIN,p000534_a000701,000036,23,multiview_distance,1.8,240,10,0,400,0,0,False,28294,257032ae55e739ec7b801b2b98da06db88389da2e65d92b985afba8da81b197f,samples/p000534_a000701_000036_c23_l0.npz
p000534_a000701_000036_c24_l0,p000534,TRAIN,p000534_a000701,000036,24,multiview_distance,2.5,240,10,0,400,0,0,False,14340,c71d1e7e922cedc308ac6f9681baa0203603e2a4b37dd1c87313da95ba57c423,samples/p000534_a000701_000036_c24_l0.npz
p000534_a000701_000036_c25_l0,p000534,TRAIN,p000534_a000701,000036,25,multiview_distance,3.2,240,10,0,400,0,0,False,8671,e660e723de2c764c7042946d5a16fe36ca280773bd42c16d0f1768c2b6cfd02b,samples/p000534_a000701_000036_c25_l0.npz
p000534_a000701_000036_c26_l0,p000534,TRAIN,p000534_a000701,000036,26,multiview_distance,1.2,300,10,0,400,0,0,True,55960,3d452c86229dd65b32c43595f5426ac46e86c3457c832a787a2136fdc394d683,samples/p000534_a000701_000036_c26_l0.npz
p000534_a000701_000036_c27_l0,p000534,TRAIN,p000534_a000701,000036,27,multiview_distance,1.8,300,10,0,400,0,0,False,26868,99d6e20a5b7adda0d86f5c6756e6ec7b6d3c89c0d9b5fd7b8fe762d24b940bef,samples/p000534_a000701_000036_c27_l0.npz
p000534_a000701_000036_c28_l0,p000534,TRAIN,p000534_a000701,000036,28,multiview_distance,2.5,300,10,0,400,0,0,False,13434,bdc027c3b398d38d0f4e31472f77784910033ca1ac2b8c1503da5d5b44d9eb7b,samples/p000534_a000701_000036_c28_l0.npz
p000534_a000701_000036_c29_l0,p000534,TRAIN,p000534_a000701,000036,29,multiview_distance,3.2,300,10,0,400,0,0,False,8098,5f37be8c948b2c0f438158cae8a0f49c42da00237b328451bd873a7f3317d700,samples/p000534_a000701_000036_c29_l0.npz
p000534_a000701_000036_c30_l0,p000534,TRAIN,p000534_a000701,000036,30,elevation,1.8,180,0,0,400,0,0,False,33759,0a3066796b16236c6fb4c73100605f36ff2fbf06321f228da57467013e1d0617,samples/p000534_a000701_000036_c30_l0.npz
p000534_a000701_000036_c31_l0,p000534,TRAIN,p000534_a000701,000036,31,elevation,3.2,180,0,0,400,0,0,False,10319,ae83b51f5b43025cb9890a724a5329c13fdc39e59e9ce6b78e1d013676eff228,samples/p000534_a000701_000036_c31_l0.npz
p000534_a000701_000036_c32_l0,p000534,TRAIN,p000534_a000701,000036,32,elevation,1.8,180,25,0,400,0,0,False,35999,c227b2be4d04b2e478d4984aac43c854b67cd865484b37ccdcfbfd9bf94e05df,samples/p000534_a000701_000036_c32_l0.npz
p000534_a000701_000036_c33_l0,p000534,TRAIN,p000534_a000701,000036,33,elevation,3.2,180,25,0,400,0,0,False,11072,d83753b613cda4e0c8bde3c4346add6120044747095dba9addc4058ae13b537e,samples/p000534_a000701_000036_c33_l0.npz
p000534_a000701_000036_c34_l0,p000534,TRAIN,p000534_a000701,000036,34,elevation,1.8,180,45,0,400,0,0,False,35651,94030a6393e005d412b2200364f9e3f9cb891d5c4db31e68d0490b76ec5fba95,samples/p000534_a000701_000036_c34_l0.npz
p000534_a000701_000036_c35_l0,p000534,TRAIN,p000534_a000701,000036,35,elevation,3.2,180,45,0,400,0,0,False,10615,53132c876d2acee1a8c7a82d4b14f6f87d5a3cb0564904712876fdeca69caa62,samples/p000534_a000701_000036_c35_l0.npz
p000534_a000701_000036_c36_l0,p000534,TRAIN,p000534_a000701,000036,36,elevation,1.8,180,65,0,400,0,0,False,32502,3f7733e380a6f3441800be4d17a31785b3ec65577c581632aa637e9184217393,samples/p000534_a000701_000036_c36_l0.npz
p000534_a000701_000036_c37_l0,p000534,TRAIN,p000534_a000701,000036,37,elevation,3.2,180,65,0,400,0,0,False,9067,6887c88fcd3482dc26a917610beeb015cd909a1cf4a7206abf1b562fca47bcde,samples/p000534_a000701_000036_c37_l0.npz
p000534_a000701_000036_c38_l0,p000534,TRAIN,p000534_a000701,000036,38,elevation,1.8,180,85,0,400,0,0,False,25418,dab3e894be20b1d150a4fbbb7c8284a63510a2800110bfc21b84e5b55e3d4cd6,samples/p000534_a000701_000036_c38_l0.npz
p000534_a000701_000036_c39_l0,p000534,TRAIN,p000534_a000701,000036,39,elevation,3.2,180,85,0,400,0,0,False,6587,6379f8428e9b63ae1b85acdf3426de39880bf08d608fc083c1a889b51f1eee87,samples/p000534_a000701_000036_c39_l0.npz
p000534_a000701_000036_c40_l0,p000534,TRAIN,p000534_a000701,000036,40,roll,1.8,180,10,-90,400,0,0,False,34947,6393dad7ac3c76051ee42faf2eb13baf66d884673390c949ab1d387b2ee82722,samples/p000534_a000701_000036_c40_l0.npz
p000534_a000701_000036_c41_l0,p000534,TRAIN,p000534_a000701,000036,41,roll,3.2,180,10,-90,400,0,0,False,10775,24b511fdeea97363ed1e59dec62d263e6d78281a6ffa65c48e2fd8e57652594b,samples/p000534_a000701_000036_c41_l0.npz
p000534_a000701_000036_c42_l0,p000534,TRAIN,p000534_a000701,000036,42,roll,1.8,180,10,-45,400,0,0,False,34940,3f1ab0b249863eec8bdf84b95a8a73c4411ebb20ffdf749a6906eca9202dcce4,samples/p000534_a000701_000036_c42_l0.npz
p000534_a000701_000036_c43_l0,p000534,TRAIN,p000534_a000701,000036,43,roll,3.2,180,10,-45,400,0,0,False,10776,85ac47f62daaf0a7a3290c61d5914f9719332e1b749d530529bb0c01d58c6759,samples/p000534_a000701_000036_c43_l0.npz
p000534_a000701_000036_c44_l0,p000534,TRAIN,p000534_a000701,000036,44,roll,1.8,180,10,-15,400,0,0,False,34946,8e2239d13c954700b32902406ac286dc60fc4d786b94c445d27676722c317516,samples/p000534_a000701_000036_c44_l0.npz
p000534_a000701_000036_c45_l0,p000534,TRAIN,p000534_a000701,000036,45,roll,3.2,180,10,-15,400,0,0,False,10757,2bd1c20f6b1e8d06aebdbf7d6fb7b7f78d08203abeb580fd0779ee0044cfec54,samples/p000534_a000701_000036_c45_l0.npz
p000534_a000701_000036_c46_l0,p000534,TRAIN,p000534_a000701,000036,46,roll,1.8,180,10,15,400,0,0,False,34931,f6584a90fdb9c95af0b8e2585084d966c786213058e567f16c5ee72de269a2c3,samples/p000534_a000701_000036_c46_l0.npz
p000534_a000701_000036_c47_l0,p000534,TRAIN,p000534_a000701,000036,47,roll,3.2,180,10,15,400,0,0,False,10758,81b54e28a3db2c328ec9b340adf110c81e20045b12b0d9f481c86d0c462fb320,samples/p000534_a000701_000036_c47_l0.npz
p000534_a000701_000036_c48_l0,p000534,TRAIN,p000534_a000701,000036,48,roll,1.8,180,10,45,400,0,0,False,34940,98e0dd579cfc8b219edf20a7d61136f2c5f8b7e5e0d15040f6801d14ee166ef8,samples/p000534_a000701_000036_c48_l0.npz
p000534_a000701_000036_c49_l0,p000534,TRAIN,p000534_a000701,000036,49,roll,3.2,180,10,45,400,0,0,False,10776,c07a0755aedb3e5d57adc0c96e03a907c82db6d27e44eac73a8011bb55f1869d,samples/p000534_a000701_000036_c49_l0.npz
p000534_a000701_000036_c50_l0,p000534,TRAIN,p000534_a000701,000036,50,roll,1.8,180,10,90,400,0,0,False,34947,8a1214964b254b78db731e094ba6daccb87d82bce44cfa1bdf27e8a43eb7f2f8,samples/p000534_a000701_000036_c50_l0.npz
p000534_a000701_000036_c51_l0,p000534,TRAIN,p000534_a000701,000036,51,roll,3.2,180,10,90,400,0,0,False,10775,64668a873e21fb61b8977434fe03b7b4e87ef0a9a862a06c4e63d70153151ca1,samples/p000534_a000701_000036_c51_l0.npz
p000534_a000701_000036_c52_l0,p000534,TRAIN,p000534_a000701,000036,52,offcentre,2.5,180,10,0,400,-0.25,0,False,18812,4b9a12a02d801822da857a28018cffc93d8a7b387e2cd4a58e178b343d07a290,samples/p000534_a000701_000036_c52_l0.npz
p000534_a000701_000036_c53_l0,p000534,TRAIN,p000534_a000701,000036,53,offcentre,2.5,180,10,0,400,0.25,0,False,18601,0a53256305d923547ca3accfb4516e4260b353ae6061f366042a95b26f6ead31,samples/p000534_a000701_000036_c53_l0.npz
p000534_a000701_000036_c54_l0,p000534,TRAIN,p000534_a000701,000036,54,offcentre,2.5,180,10,0,400,0,-0.2,False,17099,55fc5a017f040baa1013731d09d24030e9f81dfeb35898a57351f0e4f463263a,samples/p000534_a000701_000036_c54_l0.npz
p000534_a000701_000036_c55_l0,p000534,TRAIN,p000534_a000701,000036,55,offcentre,2.5,180,10,0,400,0,0.2,True,18399,04900c2dff52512a188f8b442477a3aa731a389bc30a64b6f5dc75897ad15022,samples/p000534_a000701_000036_c55_l0.npz
p000534_a000701_000036_c56_l0,p000534,TRAIN,p000534_a000701,000036,56,focal,2.5,180,10,0,300,0,0,False,9995,e748a9c58f68bd4336a467948bfc158efc338efbca34af240887ae28542c8e0a,samples/p000534_a000701_000036_c56_l0.npz
p000534_a000701_000036_c57_l0,p000534,TRAIN,p000534_a000701,000036,57,focal,2.5,180,10,0,500,0,0,False,27746,7b9c5b9badce295566adbd1831da85d81c7ed410730468708e1af167aca80a4a,samples/p000534_a000701_000036_c57_l0.npz
p000534_a000701_000036_c58_l0,p000534,TRAIN,p000534_a000701,000036,58,focal,2.5,180,10,0,650,0,0,False,46911,9eba91fc5cb98ddf6101b056503858a0ac4e3256a0bfd7573570031f5a86f007,samples/p000534_a000701_000036_c58_l0.npz
p000534_a000701_000036_c59_l0,p000534,TRAIN,p000534_a000701,000036,59,focal,2.5,180,10,0,850,0,0,True,73573,ad393b3abd76229c9704a92e959686b51b85ccf0985a3800f40de0dbb063d8aa,samples/p000534_a000701_000036_c59_l0.npz
p000534_a000701_000036_c60_l0,p000534,TRAIN,p000534_a000701,000036,60,matched_angular_size,1.2,180,10,0,200,0,0,False,20676,3d43542e06e2e3f81c2b76190b34e98a4d8b557848ee9c5c07f7adb1b62bd204,samples/p000534_a000701_000036_c60_l0.npz
p000534_a000701_000036_c61_l0,p000534,TRAIN,p000534_a000701,000036,61,matched_angular_size,1.8,180,10,0,300,0,0,False,19641,1722fb808cfe5fbc31a5e4ad25de02746e6806564f3e2c46e7833b8066f0ff98,samples/p000534_a000701_000036_c61_l0.npz
p000534_a000701_000036_c62_l0,p000534,TRAIN,p000534_a000701,000036,62,matched_angular_size,3,180,10,0,500,0,0,False,19166,43b84ebe34f3e215f919ce5382d09acbd05b44b17c010390b515507ea36c266d,samples/p000534_a000701_000036_c62_l0.npz
p000534_a000701_000036_c63_l0,p000534,TRAIN,p000534_a000701,000036,63,matched_angular_size,4,180,10,0,666.6666666666666,0,0,False,19072,bf493cdfb0b290d0033675cb330ed4d67ec82308872e66699d2a2f62250c4e60,samples/p000534_a000701_000036_c63_l0.npz
p000534_a000701_000150_c00_l0,p000534,TRAIN,p000534_a000701,000150,0,distance,0.8,30,10,0,400,0,0,True,119915,75f4466d0265c9edab4e8e83e02c7bdcaa07d7d3b3db88eefabb5a9897d16778,samples/p000534_a000701_000150_c00_l0.npz
p000534_a000701_000150_c01_l0,p000534,TRAIN,p000534_a000701,000150,1,distance,1.2,30,10,0,400,0,0,True,58975,21f23a710546b01feb63f9b1f7a8d3d3d7e85a24e0b64b5357323676565092bc,samples/p000534_a000701_000150_c01_l0.npz
p000534_a000701_000150_c02_l0,p000534,TRAIN,p000534_a000701,000150,2,distance,1.8,30,10,0,400,0,0,False,24567,f133336947a1f7de9399b3f4afb761efc3161ece30e082f08e8403587b93b332,samples/p000534_a000701_000150_c02_l0.npz
p000534_a000701_000150_c03_l0,p000534,TRAIN,p000534_a000701,000150,3,distance,2.5,30,10,0,400,0,0,False,12317,e56d19baca6d8f94c86758a7c2e92fa2c2e2179076d3e331cc114b8d5604571f,samples/p000534_a000701_000150_c03_l0.npz
p000534_a000701_000150_c04_l0,p000534,TRAIN,p000534_a000701,000150,4,distance,3.2,30,10,0,400,0,0,False,7410,ee9ea40de256fe3e4766a9057f5efa8ce76068f6c9d08e73039309eb405417b8,samples/p000534_a000701_000150_c04_l0.npz
p000534_a000701_000150_c05_l0,p000534,TRAIN,p000534_a000701,000150,5,distance,4.0,30,10,0,400,0,0,False,4710,7d6afb6f13661315f6144646503fa08b5c6cedf7a3fc8dd1351c42f1de7a3290,samples/p000534_a000701_000150_c05_l0.npz
p000534_a000701_000150_c06_l0,p000534,TRAIN,p000534_a000701,000150,6,multiview_distance,1.2,0,10,0,400,0,0,True,57365,8730894552c2ff412155b50aa73049ac0adc31f5728c2f56bf5a7ed48c5a48f8,samples/p000534_a000701_000150_c06_l0.npz
p000534_a000701_000150_c07_l0,p000534,TRAIN,p000534_a000701,000150,7,multiview_distance,1.8,0,10,0,400,0,0,False,24260,625c0f8eccb81caf9adb739a2304131161e8d00671d9ec1a2e3e6e27ee99e979,samples/p000534_a000701_000150_c07_l0.npz
p000534_a000701_000150_c08_l0,p000534,TRAIN,p000534_a000701,000150,8,multiview_distance,2.5,0,10,0,400,0,0,False,12176,50ed6fb2a8178ff1625c3ad5795b9bb1c3c6a574c0b7baec9b4983dbd53eb020,samples/p000534_a000701_000150_c08_l0.npz
p000534_a000701_000150_c09_l0,p000534,TRAIN,p000534_a000701,000150,9,multiview_distance,3.2,0,10,0,400,0,0,False,7345,c7f7358c9823aa71f5bd389b026350b402fd8c8a86bcf857bb310242c926ceef,samples/p000534_a000701_000150_c09_l0.npz
p000534_a000701_000150_c10_l0,p000534,TRAIN,p000534_a000701,000150,10,multiview_distance,1.2,60,10,0,400,0,0,True,55889,5d435adbb598ba737f82b6d127762fdd350fb14e615952dc63928af214e33aa4,samples/p000534_a000701_000150_c10_l0.npz
p000534_a000701_000150_c11_l0,p000534,TRAIN,p000534_a000701,000150,11,multiview_distance,1.8,60,10,0,400,0,0,False,23383,eee15b2af9c21775f75c4110470ef3e72b9aa86980f5e47fddf3c83162a567a0,samples/p000534_a000701_000150_c11_l0.npz
p000534_a000701_000150_c12_l0,p000534,TRAIN,p000534_a000701,000150,12,multiview_distance,2.5,60,10,0,400,0,0,False,11847,38b329d1832add29f6d7ea963fcc279299bbeee8fe790183dbe5b3b7d1c00424,samples/p000534_a000701_000150_c12_l0.npz
p000534_a000701_000150_c13_l0,p000534,TRAIN,p000534_a000701,000150,13,multiview_distance,3.2,60,10,0,400,0,0,False,7180,fb71fcca7288624a1c7c33fdb96185780ac2b8c4e1022e811aeef0c0a3077b66,samples/p000534_a000701_000150_c13_l0.npz
p000534_a000701_000150_c14_l0,p000534,TRAIN,p000534_a000701,000150,14,multiview_distance,1.2,120,10,0,400,0,0,True,63861,720e7103920c3f3ef75f0374949c5f996fa0d4546c68b36429ac0cbd8c58d3cd,samples/p000534_a000701_000150_c14_l0.npz
p000534_a000701_000150_c15_l0,p000534,TRAIN,p000534_a000701,000150,15,multiview_distance,1.8,120,10,0,400,0,0,False,27249,94966b67b7e1a304821e344ea4a7c9dea9cbf0621ccc5775781f738c1090b6b3,samples/p000534_a000701_000150_c15_l0.npz
p000534_a000701_000150_c16_l0,p000534,TRAIN,p000534_a000701,000150,16,multiview_distance,2.5,120,10,0,400,0,0,False,13663,2618eb901b0951e324039239b3b2bb7d871a289b6042fa398334e1adcd406b99,samples/p000534_a000701_000150_c16_l0.npz
p000534_a000701_000150_c17_l0,p000534,TRAIN,p000534_a000701,000150,17,multiview_distance,3.2,120,10,0,400,0,0,False,8208,c6f168e92ba21e4a2baf76e56399d3707791bf5cd1a0009b7a3306c89e46438a,samples/p000534_a000701_000150_c17_l0.npz
p000534_a000701_000150_c18_l0,p000534,TRAIN,p000534_a000701,000150,18,multiview_distance,1.2,180,10,0,400,0,0,True,63568,451f517f6eb3cf3d501974f411682ba4676050f4379de38e51c00e35261aeaba,samples/p000534_a000701_000150_c18_l0.npz
p000534_a000701_000150_c19_l0,p000534,TRAIN,p000534_a000701,000150,19,multiview_distance,1.8,180,10,0,400,0,0,False,27147,f597c6bd9a1d4d9146e557bf6ae2b764cf145ba7f409820ce6facdc40d9dc177,samples/p000534_a000701_000150_c19_l0.npz
p000534_a000701_000150_c20_l0,p000534,TRAIN,p000534_a000701,000150,20,multiview_distance,2.5,180,10,0,400,0,0,False,13806,0f8852eeca5a709b00b4b2e8b3388f5a4d266e3fe1a634845189d3e21060f796,samples/p000534_a000701_000150_c20_l0.npz
p000534_a000701_000150_c21_l0,p000534,TRAIN,p000534_a000701,000150,21,multiview_distance,3.2,180,10,0,400,0,0,False,8367,04c1f85d14a72dc418c2cd6405964e573a254b51419fa264ba16d694472738ac,samples/p000534_a000701_000150_c21_l0.npz
p000534_a000701_000150_c22_l0,p000534,TRAIN,p000534_a000701,000150,22,multiview_distance,1.2,240,10,0,400,0,0,True,62849,df395b35bd66147f30d6b2a6b07cbc751fdebbf04140e424000737fb96ddefce,samples/p000534_a000701_000150_c22_l0.npz
p000534_a000701_000150_c23_l0,p000534,TRAIN,p000534_a000701,000150,23,multiview_distance,1.8,240,10,0,400,0,0,False,26764,7f9e696bde176e4b1f3e349edb9af0a9f496db084ba69334226be94d57f2da11,samples/p000534_a000701_000150_c23_l0.npz
p000534_a000701_000150_c24_l0,p000534,TRAIN,p000534_a000701,000150,24,multiview_distance,2.5,240,10,0,400,0,0,False,13439,dc2fe36fa8e74aea397363e82364f0bb712d76f160efb153d93c2ffc2b72072b,samples/p000534_a000701_000150_c24_l0.npz
p000534_a000701_000150_c25_l0,p000534,TRAIN,p000534_a000701,000150,25,multiview_distance,3.2,240,10,0,400,0,0,False,8079,a87fa3182d6305333ff75022c364553f83fb5ecdc7fd1075b1b28beb751dd234,samples/p000534_a000701_000150_c25_l0.npz
p000534_a000701_000150_c26_l0,p000534,TRAIN,p000534_a000701,000150,26,multiview_distance,1.2,300,10,0,400,0,0,False,54690,cd2775dda273f9487a3f6196f3ea0a22367ed0e78e7203ce3eaa10b42216c31d,samples/p000534_a000701_000150_c26_l0.npz
p000534_a000701_000150_c27_l0,p000534,TRAIN,p000534_a000701,000150,27,multiview_distance,1.8,300,10,0,400,0,0,False,23136,6ebfe4fdf56f76e71d9d75811de8f5b5ad68d8e3baa1ada52849d10cd499b573,samples/p000534_a000701_000150_c27_l0.npz
p000534_a000701_000150_c28_l0,p000534,TRAIN,p000534_a000701,000150,28,multiview_distance,2.5,300,10,0,400,0,0,False,11812,5651a2a5fee904784df1a32b7d764c2f57d5483f3fc1b7a4f7a5a88a180c6481,samples/p000534_a000701_000150_c28_l0.npz
p000534_a000701_000150_c29_l0,p000534,TRAIN,p000534_a000701,000150,29,multiview_distance,3.2,300,10,0,400,0,0,False,7188,5755ce8242d29cc06967f3d324e367f38e76771d587ba1d81e681de09bbaa2a4,samples/p000534_a000701_000150_c29_l0.npz
p000534_a000701_000150_c30_l0,p000534,TRAIN,p000534_a000701,000150,30,elevation,1.8,180,0,0,400,0,0,False,25943,dd013e276e5acc09e2a34e1f7089d5f5e5e3f5a050526c725d15aa9c225ea787,samples/p000534_a000701_000150_c30_l0.npz
p000534_a000701_000150_c31_l0,p000534,TRAIN,p000534_a000701,000150,31,elevation,3.2,180,0,0,400,0,0,False,7956,4509b7caebe711e9d7a609d9da188b39d1b452c616a177d4b6b810d8e804015b,samples/p000534_a000701_000150_c31_l0.npz
p000534_a000701_000150_c32_l0,p000534,TRAIN,p000534_a000701,000150,32,elevation,1.8,180,25,0,400,0,0,False,28299,01afddb1b1e669f62d6cdfe96ae3be0ca1135cc9376a7aa6e88a79301c6303d5,samples/p000534_a000701_000150_c32_l0.npz
p000534_a000701_000150_c33_l0,p000534,TRAIN,p000534_a000701,000150,33,elevation,3.2,180,25,0,400,0,0,False,8696,08fcecb4f49b408727e63b3835a0390c5db7a746f38d5fb90dd82766814311b6,samples/p000534_a000701_000150_c33_l0.npz
p000534_a000701_000150_c34_l0,p000534,TRAIN,p000534_a000701,000150,34,elevation,1.8,180,45,0,400,0,0,False,28377,48bd080ea108b45a760e98a73503ae90b1e38fa585737d1ded17f54c09a8aa4e,samples/p000534_a000701_000150_c34_l0.npz
p000534_a000701_000150_c35_l0,p000534,TRAIN,p000534_a000701,000150,35,elevation,3.2,180,45,0,400,0,0,False,8690,30df22189addefdfab6fe29f66f560d52cd8b531658ea0a45ae78ebd036bb28b,samples/p000534_a000701_000150_c35_l0.npz
p000534_a000701_000150_c36_l0,p000534,TRAIN,p000534_a000701,000150,36,elevation,1.8,180,65,0,400,0,0,False,26513,1b407cd4914821138a746efece06f548fe713ad528303a845ba4606414bce4aa,samples/p000534_a000701_000150_c36_l0.npz
p000534_a000701_000150_c37_l0,p000534,TRAIN,p000534_a000701,000150,37,elevation,3.2,180,65,0,400,0,0,False,8074,7b52d7b4838711380f4310c3b9cd2326c90dc7f34ad92ed82cbbdf051b844055,samples/p000534_a000701_000150_c37_l0.npz
p000534_a000701_000150_c38_l0,p000534,TRAIN,p000534_a000701,000150,38,elevation,1.8,180,85,0,400,0,0,False,21851,8c928f278fb194f97610445f2a520e129f0fe024ac2020243d28cfdcb8b87b5c,samples/p000534_a000701_000150_c38_l0.npz
p000534_a000701_000150_c39_l0,p000534,TRAIN,p000534_a000701,000150,39,elevation,3.2,180,85,0,400,0,0,False,6543,ecf01c83017dc97003341084aae39783abfeefc7703221fbd4a71f8252b8403e,samples/p000534_a000701_000150_c39_l0.npz
p000534_a000701_000150_c40_l0,p000534,TRAIN,p000534_a000701,000150,40,roll,1.8,180,10,-90,400,0,0,False,27147,b76d433c79a673bb983f09cafffa2bad93068a6706d67dbee67b43f11d7064da,samples/p000534_a000701_000150_c40_l0.npz
p000534_a000701_000150_c41_l0,p000534,TRAIN,p000534_a000701,000150,41,roll,3.2,180,10,-90,400,0,0,False,8367,3522fb573c32d8e81a45fd1ee937e4a601541ac88d96368a6fd7ebaf87cc4168,samples/p000534_a000701_000150_c41_l0.npz
p000534_a000701_000150_c42_l0,p000534,TRAIN,p000534_a000701,000150,42,roll,1.8,180,10,-45,400,0,0,False,27141,3b15cef2a8fca000d3f9ae27d4b9021524b22d4a86d0b8b040514f712fcf4b74,samples/p000534_a000701_000150_c42_l0.npz
p000534_a000701_000150_c43_l0,p000534,TRAIN,p000534_a000701,000150,43,roll,3.2,180,10,-45,400,0,0,False,8368,e2ee5e49c76cbcbcd57c1562193ce00988915b5277fef60dea068742766705f4,samples/p000534_a000701_000150_c43_l0.npz
p000534_a000701_000150_c44_l0,p000534,TRAIN,p000534_a000701,000150,44,roll,1.8,180,10,-15,400,0,0,False,27139,3cc0cbb54bbae244bba8292ad3b27c55070c7a2e8c2508aeed69039f18442115,samples/p000534_a000701_000150_c44_l0.npz
p000534_a000701_000150_c45_l0,p000534,TRAIN,p000534_a000701,000150,45,roll,3.2,180,10,-15,400,0,0,False,8353,91833fba18bfe30b06130d1fc69af71cfc101a8ce130d4c98d3fd8d39578f7b2,samples/p000534_a000701_000150_c45_l0.npz
p000534_a000701_000150_c46_l0,p000534,TRAIN,p000534_a000701,000150,46,roll,1.8,180,10,15,400,0,0,False,27153,f6e0abbcb5f657fa1cf0bbaa8187ed756db903bcde721750c9dbe6b2bfc8b2f6,samples/p000534_a000701_000150_c46_l0.npz
p000534_a000701_000150_c47_l0,p000534,TRAIN,p000534_a000701,000150,47,roll,3.2,180,10,15,400,0,0,False,8373,6f1626ef4f3029cb1ad3c3dcfd9135e03b6852e672539ef5478f1d506993bfdd,samples/p000534_a000701_000150_c47_l0.npz
p000534_a000701_000150_c48_l0,p000534,TRAIN,p000534_a000701,000150,48,roll,1.8,180,10,45,400,0,0,False,27141,a189795cdf39993ea94f0a0f7fc1fe4a7e51d41ff955f35e106ac546a860b194,samples/p000534_a000701_000150_c48_l0.npz
p000534_a000701_000150_c49_l0,p000534,TRAIN,p000534_a000701,000150,49,roll,3.2,180,10,45,400,0,0,False,8368,9d55e4b2416503e22b4258e44fa8f6c2b26b62bd87f8f9497b1db5d7df584edf,samples/p000534_a000701_000150_c49_l0.npz
p000534_a000701_000150_c50_l0,p000534,TRAIN,p000534_a000701,000150,50,roll,1.8,180,10,90,400,0,0,False,27146,1a035195d4414651ab1271d28158be4b81e7917e5d81ee18e45e800ae76a9e7b,samples/p000534_a000701_000150_c50_l0.npz
p000534_a000701_000150_c51_l0,p000534,TRAIN,p000534_a000701,000150,51,roll,3.2,180,10,90,400,0,0,False,8367,f9a30257dad70eb25c038a3847f0802ae7129f753e25c0da877e3f8a6fdfc254,samples/p000534_a000701_000150_c51_l0.npz
p000534_a000701_000150_c52_l0,p000534,TRAIN,p000534_a000701,000150,52,offcentre,2.5,180,10,0,400,-0.25,0,False,14962,2a0bbed34eeb95fc17624cf5a3588b86d621eb2b804281225e9c8a55b3e5e8bd,samples/p000534_a000701_000150_c52_l0.npz
p000534_a000701_000150_c53_l0,p000534,TRAIN,p000534_a000701,000150,53,offcentre,2.5,180,10,0,400,0.25,0,False,14545,29ed60da9e13f9b0b6f13a6d52e58489eb733071cfb5f8c60e6c8e34a65fb751,samples/p000534_a000701_000150_c53_l0.npz
p000534_a000701_000150_c54_l0,p000534,TRAIN,p000534_a000701,000150,54,offcentre,2.5,180,10,0,400,0,-0.2,False,13074,5f1256e300b53656dafe42462546f502047496a407250e731aa5e30ff91633ce,samples/p000534_a000701_000150_c54_l0.npz
p000534_a000701_000150_c55_l0,p000534,TRAIN,p000534_a000701,000150,55,offcentre,2.5,180,10,0,400,0,0.2,False,14841,895b9aa57a33d02497c88deb49a7701faa432c7cf601a82de66a6f017b4eefa4,samples/p000534_a000701_000150_c55_l0.npz
p000534_a000701_000150_c56_l0,p000534,TRAIN,p000534_a000701,000150,56,focal,2.5,180,10,0,300,0,0,False,7773,24cd1b57556db28870b472550123c2697a79bc930ecc22f0cc7c7417440cb2a6,samples/p000534_a000701_000150_c56_l0.npz
p000534_a000701_000150_c57_l0,p000534,TRAIN,p000534_a000701,000150,57,focal,2.5,180,10,0,500,0,0,False,21572,fef3639fbc5230731dcc91fbcdb2dbfb686d7a21106a342708e8eacf431a3bc8,samples/p000534_a000701_000150_c57_l0.npz
p000534_a000701_000150_c58_l0,p000534,TRAIN,p000534_a000701,000150,58,focal,2.5,180,10,0,650,0,0,False,36462,d1fe351aa2ea2fc94542bb52d858240f80a2059681a8a71ea2d32c4618e81957,samples/p000534_a000701_000150_c58_l0.npz
p000534_a000701_000150_c59_l0,p000534,TRAIN,p000534_a000701,000150,59,focal,2.5,180,10,0,850,0,0,False,62386,d5439645549b8b8ed1f1f62fd064e53317490f72ebdabedde3520cdea86062d2,samples/p000534_a000701_000150_c59_l0.npz
p000534_a000701_000150_c60_l0,p000534,TRAIN,p000534_a000701,000150,60,matched_angular_size,1.2,180,10,0,200,0,0,False,16164,419cf47e36cd49384c17f042d5892d55553c59c51a2c6cb634f1b79b236a42dd,samples/p000534_a000701_000150_c60_l0.npz
p000534_a000701_000150_c61_l0,p000534,TRAIN,p000534_a000701,000150,61,matched_angular_size,1.8,180,10,0,300,0,0,False,15262,a943131e589d0a6817b3121ee40858de28638bf6a55e3e494907b8be3484d6c9,samples/p000534_a000701_000150_c61_l0.npz
p000534_a000701_000150_c62_l0,p000534,TRAIN,p000534_a000701,000150,62,matched_angular_size,3,180,10,0,500,0,0,False,14889,f508e9afed3ea7670f877f5b6ec8ef7dc0276ebd7a8cf3d465db9c55d0b82e29,samples/p000534_a000701_000150_c62_l0.npz
p000534_a000701_000150_c63_l0,p000534,TRAIN,p000534_a000701,000150,63,matched_angular_size,4,180,10,0,666.6666666666666,0,0,False,14807,25bcbb3242611fed20e3e49ab452773e1080990c7a10104e4855b6a3205212bd,samples/p000534_a000701_000150_c63_l0.npz
p000534_a005731_000030_c00_l0,p000534,TRAIN,p000534_a005731,000030,0,distance,0.8,30,10,0,400,0,0,True,114315,d93179e240e74aa9ec5e7431ff4a88b4494cfe8482e56c9aa1ef5df97835919a,samples/p000534_a005731_000030_c00_l0.npz
p000534_a005731_000030_c01_l0,p000534,TRAIN,p000534_a005731,000030,1,distance,1.2,30,10,0,400,0,0,True,73715,106e5d34dab2e67f5334eb00d99a5641e616426351edb7bdabcdfc545f89da2c,samples/p000534_a005731_000030_c01_l0.npz
p000534_a005731_000030_c02_l0,p000534,TRAIN,p000534_a005731,000030,2,distance,1.8,30,10,0,400,0,0,False,34646,3ffe8d3823cbd6386465b05662e8e7df6b2403cfff5316dacb8902895985951a,samples/p000534_a005731_000030_c02_l0.npz
p000534_a005731_000030_c03_l0,p000534,TRAIN,p000534_a005731,000030,3,distance,2.5,30,10,0,400,0,0,False,16899,447204bffa64da3f272e3bf766c4645d79ad67dbc5d985f08df6e53997f3549d,samples/p000534_a005731_000030_c03_l0.npz
p000534_a005731_000030_c04_l0,p000534,TRAIN,p000534_a005731,000030,4,distance,3.2,30,10,0,400,0,0,False,10043,09ebab41fcfb0f0cccdc03b4a493c801251b83a5a32623ce100bac16043ee772,samples/p000534_a005731_000030_c04_l0.npz
p000534_a005731_000030_c05_l0,p000534,TRAIN,p000534_a005731,000030,5,distance,4.0,30,10,0,400,0,0,False,6334,7cb1c186c90bff3756ee4a2b8b13a1007f4a2d6bb8fe1e0721f9f56150d103ed,samples/p000534_a005731_000030_c05_l0.npz
p000534_a005731_000030_c06_l0,p000534,TRAIN,p000534_a005731,000030,6,multiview_distance,1.2,0,10,0,400,0,0,True,76915,685dd466b05e31baf365cb33e3b6027a5a9c3f7fd663d7a2e3eb80e17234587b,samples/p000534_a005731_000030_c06_l0.npz
p000534_a005731_000030_c07_l0,p000534,TRAIN,p000534_a005731,000030,7,multiview_distance,1.8,0,10,0,400,0,0,False,36357,18efc48e9de418664d593c004aa1fb0a2cb1bfe6b56464914c41a99ef2a0689b,samples/p000534_a005731_000030_c07_l0.npz
p000534_a005731_000030_c08_l0,p000534,TRAIN,p000534_a005731,000030,8,multiview_distance,2.5,0,10,0,400,0,0,False,17702,4007fc1e197896d8a3345c18224acdbf634dccba3c3e116c88d3fdba26267e00,samples/p000534_a005731_000030_c08_l0.npz
p000534_a005731_000030_c09_l0,p000534,TRAIN,p000534_a005731,000030,9,multiview_distance,3.2,0,10,0,400,0,0,False,10504,8e4941e13ce786a436d64cd324b3ceb7106094cc6a357ed2900de05440b95427,samples/p000534_a005731_000030_c09_l0.npz
p000534_a005731_000030_c10_l0,p000534,TRAIN,p000534_a005731,000030,10,multiview_distance,1.2,60,10,0,400,0,0,True,59124,16dd03aca5f5f95080969eae8de8cf13a0cefd71abbeeed6ee2d34d8dcbb3ee6,samples/p000534_a005731_000030_c10_l0.npz
p000534_a005731_000030_c11_l0,p000534,TRAIN,p000534_a005731,000030,11,multiview_distance,1.8,60,10,0,400,0,0,False,28884,3fbde925024825ef4c7892415061f2f862229255e110685d5a9ad2b678709281,samples/p000534_a005731_000030_c11_l0.npz
p000534_a005731_000030_c12_l0,p000534,TRAIN,p000534_a005731,000030,12,multiview_distance,2.5,60,10,0,400,0,0,False,14258,03763d237724fc63dbeed9579e6a5dacb5adc802c733e0efc4ff7aa2454b8a4b,samples/p000534_a005731_000030_c12_l0.npz
p000534_a005731_000030_c13_l0,p000534,TRAIN,p000534_a005731,000030,13,multiview_distance,3.2,60,10,0,400,0,0,False,8530,3654f41193c7dda269accb36b0f7ffee809dab1c9bc4f4a0046ee2879d8c8a13,samples/p000534_a005731_000030_c13_l0.npz
p000534_a005731_000030_c14_l0,p000534,TRAIN,p000534_a005731,000030,14,multiview_distance,1.2,120,10,0,400,0,0,True,60256,ac9e77b66a80b54fc3e7776a101d02c52cb55730485a0aed088cbc7387206b5e,samples/p000534_a005731_000030_c14_l0.npz
p000534_a005731_000030_c15_l0,p000534,TRAIN,p000534_a005731,000030,15,multiview_distance,1.8,120,10,0,400,0,0,False,29861,03cdde7a645a3ed3bdc2f30d0dfe975d523d08e16d23b884c87d4cde692f16b8,samples/p000534_a005731_000030_c15_l0.npz
p000534_a005731_000030_c16_l0,p000534,TRAIN,p000534_a005731,000030,16,multiview_distance,2.5,120,10,0,400,0,0,False,15129,3a7896dfcb758ce23856e0b8e390d1db8f300846426f99ebd5ae2d45416b5f4f,samples/p000534_a005731_000030_c16_l0.npz
p000534_a005731_000030_c17_l0,p000534,TRAIN,p000534_a005731,000030,17,multiview_distance,3.2,120,10,0,400,0,0,False,9151,1bd6ec5d2737f7ca818bd120261f6d6835f479789561c1ac81b00e2a14cca375,samples/p000534_a005731_000030_c17_l0.npz
p000534_a005731_000030_c18_l0,p000534,TRAIN,p000534_a005731,000030,18,multiview_distance,1.2,180,10,0,400,0,0,True,72303,e85bfbc3d92e7abd668a46f937cb1fde566cb7b222bca76bf32c6e104838a020,samples/p000534_a005731_000030_c18_l0.npz
p000534_a005731_000030_c19_l0,p000534,TRAIN,p000534_a005731,000030,19,multiview_distance,1.8,180,10,0,400,0,0,False,35064,3a2039061dff8a896ffc7210658c5c703cc7bfe729758e110bfa3b791527d006,samples/p000534_a005731_000030_c19_l0.npz
p000534_a005731_000030_c20_l0,p000534,TRAIN,p000534_a005731,000030,20,multiview_distance,2.5,180,10,0,400,0,0,False,17949,d65cf5267ad9af808d0538d2a7fb039b91e68f9c787726e5b81e45a14238e3c3,samples/p000534_a005731_000030_c20_l0.npz
p000534_a005731_000030_c21_l0,p000534,TRAIN,p000534_a005731,000030,21,multiview_distance,3.2,180,10,0,400,0,0,False,10925,17d4aa53133259e575d55322d903ec6d5bacaa6ded42ae03cb402e3aeb559281,samples/p000534_a005731_000030_c21_l0.npz
p000534_a005731_000030_c22_l0,p000534,TRAIN,p000534_a005731,000030,22,multiview_distance,1.2,240,10,0,400,0,0,True,62223,5f7f3a777d96c81ce0ebb9c32f4dfa42ffe3d57c213118edc7f1675a9e4ad409,samples/p000534_a005731_000030_c22_l0.npz
p000534_a005731_000030_c23_l0,p000534,TRAIN,p000534_a005731,000030,23,multiview_distance,1.8,240,10,0,400,0,0,False,30701,a4d1bbd0e21f2ab09aacf6283733f714afe9d8a08d72684c72085bae185bda73,samples/p000534_a005731_000030_c23_l0.npz
p000534_a005731_000030_c24_l0,p000534,TRAIN,p000534_a005731,000030,24,multiview_distance,2.5,240,10,0,400,0,0,False,15526,2b00098ba0ee339601f5cbcd623287221c26eefccd82323ba4cf62907508c9c1,samples/p000534_a005731_000030_c24_l0.npz
p000534_a005731_000030_c25_l0,p000534,TRAIN,p000534_a005731,000030,25,multiview_distance,3.2,240,10,0,400,0,0,False,9373,5f17da33c20e1527f826d07e3f8cd71bc946a391e13851ecbfdc86680b85fa96,samples/p000534_a005731_000030_c25_l0.npz
p000534_a005731_000030_c26_l0,p000534,TRAIN,p000534_a005731,000030,26,multiview_distance,1.2,300,10,0,400,0,0,True,58665,cf787dbe26fea35fc2608a45881e94f55d3faa311b6d28d891aeb4c520fa3637,samples/p000534_a005731_000030_c26_l0.npz
p000534_a005731_000030_c27_l0,p000534,TRAIN,p000534_a005731,000030,27,multiview_distance,1.8,300,10,0,400,0,0,False,28557,c422aa52e6aa079c561643309983a6a0abb8f0ced24cdb487e055bbd31568f00,samples/p000534_a005731_000030_c27_l0.npz
p000534_a005731_000030_c28_l0,p000534,TRAIN,p000534_a005731,000030,28,multiview_distance,2.5,300,10,0,400,0,0,False,14087,ba3d238aed76f00f3c1107c57df277f61262c6b1fe1d537c0ed7f1d0e4366712,samples/p000534_a005731_000030_c28_l0.npz
p000534_a005731_000030_c29_l0,p000534,TRAIN,p000534_a005731,000030,29,multiview_distance,3.2,300,10,0,400,0,0,False,8414,0365df2271bed053a99a7dbb57b4627b2c1d55208a3c3ec370a3d85e50b93921,samples/p000534_a005731_000030_c29_l0.npz
p000534_a005731_000030_c30_l0,p000534,TRAIN,p000534_a005731,000030,30,elevation,1.8,180,0,0,400,0,0,False,33726,fa00123788443dcef4b8b052e0a29e2950ec98e42fa65a6b257aecb3b7ed472d,samples/p000534_a005731_000030_c30_l0.npz
p000534_a005731_000030_c31_l0,p000534,TRAIN,p000534_a005731,000030,31,elevation,3.2,180,0,0,400,0,0,False,10476,dea9dc5a5f7d0d9feb1349c8cbaa0ce518c4cffaa2f94c066875b257a22bf036,samples/p000534_a005731_000030_c31_l0.npz
p000534_a005731_000030_c32_l0,p000534,TRAIN,p000534_a005731,000030,32,elevation,1.8,180,25,0,400,0,0,False,36552,7aa2714c644a7c8e0cc9e5027f40119c4cc55be7cea4af94e14ac490a3fba417,samples/p000534_a005731_000030_c32_l0.npz
p000534_a005731_000030_c33_l0,p000534,TRAIN,p000534_a005731,000030,33,elevation,3.2,180,25,0,400,0,0,False,11304,2fdaa817303d4c48650373750a86aa743ed446201c6c7f31f607da3822551ee2,samples/p000534_a005731_000030_c33_l0.npz
p000534_a005731_000030_c34_l0,p000534,TRAIN,p000534_a005731,000030,34,elevation,1.8,180,45,0,400,0,0,False,37247,e17492cc557a842c35ca2d3a257398bd995f09841b27cfe9df9b4cf7c8b29ce7,samples/p000534_a005731_000030_c34_l0.npz
p000534_a005731_000030_c35_l0,p000534,TRAIN,p000534_a005731,000030,35,elevation,3.2,180,45,0,400,0,0,False,10967,17adececfe72a2e7c9524b032f14b435fcf8ba28d9a4c09cfd1e6ba97ba0af8e,samples/p000534_a005731_000030_c35_l0.npz
p000534_a005731_000030_c36_l0,p000534,TRAIN,p000534_a005731,000030,36,elevation,1.8,180,65,0,400,0,0,False,35159,63a2a2b3c5fcc7bea6e5013fd443ab56e13e239a2ca9003bcae6d54b92abb096,samples/p000534_a005731_000030_c36_l0.npz
p000534_a005731_000030_c37_l0,p000534,TRAIN,p000534_a005731,000030,37,elevation,3.2,180,65,0,400,0,0,False,9593,bb353be83a4cf5f42a41b6252a6137f6eb5727479b6adf238ffcc2908ab243e6,samples/p000534_a005731_000030_c37_l0.npz
p000534_a005731_000030_c38_l0,p000534,TRAIN,p000534_a005731,000030,38,elevation,1.8,180,85,0,400,0,0,False,28580,81c6d1204ade98350c0a39b86ad6ae6ff9a690e25dc2ffced761b2bdba83a41e,samples/p000534_a005731_000030_c38_l0.npz
p000534_a005731_000030_c39_l0,p000534,TRAIN,p000534_a005731,000030,39,elevation,3.2,180,85,0,400,0,0,False,7178,c8ac5029df9cc3a56556cb442a71d6c58ccfdcc6576b167ddf99e6ddd880ad0b,samples/p000534_a005731_000030_c39_l0.npz
p000534_a005731_000030_c40_l0,p000534,TRAIN,p000534_a005731,000030,40,roll,1.8,180,10,-90,400,0,0,False,35064,2979ccbb115d43f4401bf74f4e8d1908b8c44f1bdd37caff812e45724aca051c,samples/p000534_a005731_000030_c40_l0.npz
p000534_a005731_000030_c41_l0,p000534,TRAIN,p000534_a005731,000030,41,roll,3.2,180,10,-90,400,0,0,False,10925,2f93238dfe549f14659aac39bb08d91e3b9496843f4b8390939ce66bdf4ecee0,samples/p000534_a005731_000030_c41_l0.npz
p000534_a005731_000030_c42_l0,p000534,TRAIN,p000534_a005731,000030,42,roll,1.8,180,10,-45,400,0,0,False,35065,cb948b43066104c06835afc26529a0d00c37ddbb95b4abcf0f7c8ed9b8fcbbbf,samples/p000534_a005731_000030_c42_l0.npz
p000534_a005731_000030_c43_l0,p000534,TRAIN,p000534_a005731,000030,43,roll,3.2,180,10,-45,400,0,0,False,10929,afa8007e6c5496f210b2c38d0ba32db70f9077639a249e6f708924330dacd80a,samples/p000534_a005731_000030_c43_l0.npz
p000534_a005731_000030_c44_l0,p000534,TRAIN,p000534_a005731,000030,44,roll,1.8,180,10,-15,400,0,0,False,35055,c91b047c72650a59d1476a1d5e554516ec64cfd7bfefb6899189ca4cceb447e3,samples/p000534_a005731_000030_c44_l0.npz
p000534_a005731_000030_c45_l0,p000534,TRAIN,p000534_a005731,000030,45,roll,3.2,180,10,-15,400,0,0,False,10917,09c6e9a987f86f4bbfbb9236a97bf37d3dc2645f83d73e9ad3287da8d269cdb4,samples/p000534_a005731_000030_c45_l0.npz
p000534_a005731_000030_c46_l0,p000534,TRAIN,p000534_a005731,000030,46,roll,1.8,180,10,15,400,0,0,False,35035,628bfd78b51f0d6262ed7c0b3bdf86c9ce8b3375168c9e0beca17e40e69c4147,samples/p000534_a005731_000030_c46_l0.npz
p000534_a005731_000030_c47_l0,p000534,TRAIN,p000534_a005731,000030,47,roll,3.2,180,10,15,400,0,0,False,10917,8e016aa75c55ce9ab31dc431304192e9a38a359c3ee2736318d4784fc41e0329,samples/p000534_a005731_000030_c47_l0.npz
p000534_a005731_000030_c48_l0,p000534,TRAIN,p000534_a005731,000030,48,roll,1.8,180,10,45,400,0,0,False,35065,161466ed262b5738cb5c885517af35b05ff7a40c24e48f799bd661c124c0fe05,samples/p000534_a005731_000030_c48_l0.npz
p000534_a005731_000030_c49_l0,p000534,TRAIN,p000534_a005731,000030,49,roll,3.2,180,10,45,400,0,0,False,10929,7d5031ac9326392b53b242b66294ee655aa8ed9f2eab42a950d557a77ed06643,samples/p000534_a005731_000030_c49_l0.npz
p000534_a005731_000030_c50_l0,p000534,TRAIN,p000534_a005731,000030,50,roll,1.8,180,10,90,400,0,0,False,35064,951f68b741739aac4667dd809a5e120f44d348180578fd98736e1f8b7391eb13,samples/p000534_a005731_000030_c50_l0.npz
p000534_a005731_000030_c51_l0,p000534,TRAIN,p000534_a005731,000030,51,roll,3.2,180,10,90,400,0,0,False,10925,379864eb19a4be47ae4e2c522683cb3db711765fdf0714e55a2a514e6288c2be,samples/p000534_a005731_000030_c51_l0.npz
p000534_a005731_000030_c52_l0,p000534,TRAIN,p000534_a005731,000030,52,offcentre,2.5,180,10,0,400,-0.25,0,False,19103,2dfdc5ff21f4fba95df19995f4f8ebcb0f94c574c76dbcee75b7953d6422565e,samples/p000534_a005731_000030_c52_l0.npz
p000534_a005731_000030_c53_l0,p000534,TRAIN,p000534_a005731,000030,53,offcentre,2.5,180,10,0,400,0.25,0,False,18706,614c6a73b6d2caab80a3bf335ca34bbef00038cfd55200b2e87b91a6b3263bcf,samples/p000534_a005731_000030_c53_l0.npz
p000534_a005731_000030_c54_l0,p000534,TRAIN,p000534_a005731,000030,54,offcentre,2.5,180,10,0,400,0,-0.2,False,17410,ce923d1121599daff11711d0939703a567e959e0392415fd68fde5abc7add4e3,samples/p000534_a005731_000030_c54_l0.npz
p000534_a005731_000030_c55_l0,p000534,TRAIN,p000534_a005731,000030,55,offcentre,2.5,180,10,0,400,0,0.2,True,18511,e750a6b23d50459fba857819c4dab9221182c35ce934f0f5d2ccab02284993ac,samples/p000534_a005731_000030_c55_l0.npz
p000534_a005731_000030_c56_l0,p000534,TRAIN,p000534_a005731,000030,56,focal,2.5,180,10,0,300,0,0,False,10103,ef9748411f4c796dd9bcbc04dac1a764a8276f5eccddbb6fa87d7a2c27ac5d5f,samples/p000534_a005731_000030_c56_l0.npz
p000534_a005731_000030_c57_l0,p000534,TRAIN,p000534_a005731,000030,57,focal,2.5,180,10,0,500,0,0,False,28038,909ea84f760d4adbd2b9bdc3eb41c0d7aa83558ad573042c3067e995b55f3c62,samples/p000534_a005731_000030_c57_l0.npz
p000534_a005731_000030_c58_l0,p000534,TRAIN,p000534_a005731,000030,58,focal,2.5,180,10,0,650,0,0,False,47391,842082ea1d8ed2d1e328574d416a76625190f32dba1a95562109c144a9c5541c,samples/p000534_a005731_000030_c58_l0.npz
p000534_a005731_000030_c59_l0,p000534,TRAIN,p000534_a005731,000030,59,focal,2.5,180,10,0,850,0,0,True,73692,f075aa68e3d56debef5530a5b6d036f7978e4c731354e9190d3881fb7a35b0a0,samples/p000534_a005731_000030_c59_l0.npz
p000534_a005731_000030_c60_l0,p000534,TRAIN,p000534_a005731,000030,60,matched_angular_size,1.2,180,10,0,200,0,0,False,20466,086ace2ee902d76482ce353ba3a71d0bdf659293c12c0f52064096ad54cdd364,samples/p000534_a005731_000030_c60_l0.npz
p000534_a005731_000030_c61_l0,p000534,TRAIN,p000534_a005731,000030,61,matched_angular_size,1.8,180,10,0,300,0,0,False,19713,b944690b686c2b516648be807c95030b72e9f5b69a71eb0b724c8cf330e35ab7,samples/p000534_a005731_000030_c61_l0.npz
p000534_a005731_000030_c62_l0,p000534,TRAIN,p000534_a005731,000030,62,matched_angular_size,3,180,10,0,500,0,0,False,19451,5c951ae806e7fba6984e7cb7fdd50203f5031a749c1c060caf339dc1685f4fd8,samples/p000534_a005731_000030_c62_l0.npz
p000534_a005731_000030_c63_l0,p000534,TRAIN,p000534_a005731,000030,63,matched_angular_size,4,180,10,0,666.6666666666666,0,0,False,19413,ce7d1d72bab22b1f67c07404b2ef65df017fc2d38dd6209000de838e051c5de8,samples/p000534_a005731_000030_c63_l0.npz
p000534_a005731_000126_c00_l0,p000534,TRAIN,p000534_a005731,000126,0,distance,0.8,30,10,0,400,0,0,True,118326,10d1d8a9fbf0100c6e06fceee6acc6bba58dbba99b60c0991945ec185388fb2f,samples/p000534_a005731_000126_c00_l0.npz
p000534_a005731_000126_c01_l0,p000534,TRAIN,p000534_a005731,000126,1,distance,1.2,30,10,0,400,0,0,True,76035,867c6d53f5cf6cb8eadc8bbca8d1a4e8988deea84248d9829444a800fa04f6bb,samples/p000534_a005731_000126_c01_l0.npz
p000534_a005731_000126_c02_l0,p000534,TRAIN,p000534_a005731,000126,2,distance,1.8,30,10,0,400,0,0,False,35498,9103c0443694e8f5f7d418efb162c4ccb97e077153f4f49cf04e01b47a31984b,samples/p000534_a005731_000126_c02_l0.npz
p000534_a005731_000126_c03_l0,p000534,TRAIN,p000534_a005731,000126,3,distance,2.5,30,10,0,400,0,0,False,17283,fc8693d765ef8870ff9fb282a20ee55c49e3eb7bdbc3250d0f4da49c6f8d47cd,samples/p000534_a005731_000126_c03_l0.npz
p000534_a005731_000126_c04_l0,p000534,TRAIN,p000534_a005731,000126,4,distance,3.2,30,10,0,400,0,0,False,10262,482c8a0d13ce490bb47cfd2484c9ff426fb1e71ebfeb24615bc591e3a22bc2d8,samples/p000534_a005731_000126_c04_l0.npz
p000534_a005731_000126_c05_l0,p000534,TRAIN,p000534_a005731,000126,5,distance,4.0,30,10,0,400,0,0,False,6464,28e5a3f05c5657c55d505d41eee6947b795c3036071edcd53b0c5f5fbf6c02d5,samples/p000534_a005731_000126_c05_l0.npz
p000534_a005731_000126_c06_l0,p000534,TRAIN,p000534_a005731,000126,6,multiview_distance,1.2,0,10,0,400,0,0,True,76220,ded943575f42634ab3aff36dbdb2cba8258d075cdf126818f5106d1465d9ca2d,samples/p000534_a005731_000126_c06_l0.npz
p000534_a005731_000126_c07_l0,p000534,TRAIN,p000534_a005731,000126,7,multiview_distance,1.8,0,10,0,400,0,0,False,35886,17af4861a3a810c30dd8c5368c610506b2c59d516585813188f33ff99b768953,samples/p000534_a005731_000126_c07_l0.npz
p000534_a005731_000126_c08_l0,p000534,TRAIN,p000534_a005731,000126,8,multiview_distance,2.5,0,10,0,400,0,0,False,17400,9f127099773577c843c3837b5c9c5ffdd94d2c728fb1808b33a9b6444e402f5f,samples/p000534_a005731_000126_c08_l0.npz
p000534_a005731_000126_c09_l0,p000534,TRAIN,p000534_a005731,000126,9,multiview_distance,3.2,0,10,0,400,0,0,False,10315,9e48e86b39e631dfe93c24ef90cd56c2b08d2fd349857868fe6e7262849ecf4a,samples/p000534_a005731_000126_c09_l0.npz
p000534_a005731_000126_c10_l0,p000534,TRAIN,p000534_a005731,000126,10,multiview_distance,1.2,60,10,0,400,0,0,True,63222,810646732f8a2ddbf1225ba956c57a33b99d4bc5bfe7f1c4b52ebe3ebabe69a5,samples/p000534_a005731_000126_c10_l0.npz
p000534_a005731_000126_c11_l0,p000534,TRAIN,p000534_a005731,000126,11,multiview_distance,1.8,60,10,0,400,0,0,False,30918,8f44955bb189d28ba99f3ec9ec73c32af3ca7058c6f3cd30f0a1d396f5012330,samples/p000534_a005731_000126_c11_l0.npz
p000534_a005731_000126_c12_l0,p000534,TRAIN,p000534_a005731,000126,12,multiview_distance,2.5,60,10,0,400,0,0,False,15184,e7aa0f9735cb23d1aed0b8b6023221b615668f3e22cc6c644d4290d285c3e70a,samples/p000534_a005731_000126_c12_l0.npz
p000534_a005731_000126_c13_l0,p000534,TRAIN,p000534_a005731,000126,13,multiview_distance,3.2,60,10,0,400,0,0,False,9057,e5c4b4296aa207dda93db566b3e023ea66b310d9a890b2451b71b150f408cb02,samples/p000534_a005731_000126_c13_l0.npz
p000534_a005731_000126_c14_l0,p000534,TRAIN,p000534_a005731,000126,14,multiview_distance,1.2,120,10,0,400,0,0,True,54424,6f8784c7b5685833be27c216ab28ca88b046569e3ba1d4564ca415e93139fb2e,samples/p000534_a005731_000126_c14_l0.npz
p000534_a005731_000126_c15_l0,p000534,TRAIN,p000534_a005731,000126,15,multiview_distance,1.8,120,10,0,400,0,0,False,27828,3681626afd9fbc5c55020de6689e2be9b09be10b51b9fadf7f724f6e7275974b,samples/p000534_a005731_000126_c15_l0.npz
p000534_a005731_000126_c16_l0,p000534,TRAIN,p000534_a005731,000126,16,multiview_distance,2.5,120,10,0,400,0,0,False,14021,c0dd668bed99031055d444c50acedeef6bcc7c4c6d9c1142773254037014cf2d,samples/p000534_a005731_000126_c16_l0.npz
p000534_a005731_000126_c17_l0,p000534,TRAIN,p000534_a005731,000126,17,multiview_distance,3.2,120,10,0,400,0,0,False,8438,c6507c0525aabf97087c4e94ac9c66ab222e55b4ac8c0583656bdf38eb9aa89b,samples/p000534_a005731_000126_c17_l0.npz
p000534_a005731_000126_c18_l0,p000534,TRAIN,p000534_a005731,000126,18,multiview_distance,1.2,180,10,0,400,0,0,True,71650,b30db7320d920c6df0fd3b72c5ec46c0fd6d9252388b37bddf7760c779fd362c,samples/p000534_a005731_000126_c18_l0.npz
p000534_a005731_000126_c19_l0,p000534,TRAIN,p000534_a005731,000126,19,multiview_distance,1.8,180,10,0,400,0,0,False,34782,f5773dfc4b043fd4a35fb17706d6ca8e0390fbfa8567cee7e5bcf2d38bea7e47,samples/p000534_a005731_000126_c19_l0.npz
p000534_a005731_000126_c20_l0,p000534,TRAIN,p000534_a005731,000126,20,multiview_distance,2.5,180,10,0,400,0,0,False,17784,d0718fc829d8a5715b118e5ba8da521ac58ea2ef3b628db2873b5f08566dc54c,samples/p000534_a005731_000126_c20_l0.npz
p000534_a005731_000126_c21_l0,p000534,TRAIN,p000534_a005731,000126,21,multiview_distance,3.2,180,10,0,400,0,0,False,10818,089ccac77067b25d1d629bc08fabc67b6b318a823a78416e0294b2ad36b4eee4,samples/p000534_a005731_000126_c21_l0.npz
p000534_a005731_000126_c22_l0,p000534,TRAIN,p000534_a005731,000126,22,multiview_distance,1.2,240,10,0,400,0,0,True,66129,a4c4d122394326c32997d084f3620b804ab825d781c4e0f5d9a26c15667e0488,samples/p000534_a005731_000126_c22_l0.npz
p000534_a005731_000126_c23_l0,p000534,TRAIN,p000534_a005731,000126,23,multiview_distance,1.8,240,10,0,400,0,0,False,31819,f1e1d582a7065b0de19980f19aeaca25798ec107898a9be10868f8216dcf7489,samples/p000534_a005731_000126_c23_l0.npz
p000534_a005731_000126_c24_l0,p000534,TRAIN,p000534_a005731,000126,24,multiview_distance,2.5,240,10,0,400,0,0,False,16183,f530b7bbc93c5cc5c003fee43ed908b132bce477736b52c1fc69dacd3ea6da5f,samples/p000534_a005731_000126_c24_l0.npz
p000534_a005731_000126_c25_l0,p000534,TRAIN,p000534_a005731,000126,25,multiview_distance,3.2,240,10,0,400,0,0,False,9818,64f6626e15ae97405948894825043b74f248d5c0d0704f225672097d56835686,samples/p000534_a005731_000126_c25_l0.npz
p000534_a005731_000126_c26_l0,p000534,TRAIN,p000534_a005731,000126,26,multiview_distance,1.2,300,10,0,400,0,0,True,55230,a8b8ae8dd60dbd6815359e6a0ca4012caf938dab0c2bbcf4d829a2eca89d4f1d,samples/p000534_a005731_000126_c26_l0.npz
p000534_a005731_000126_c27_l0,p000534,TRAIN,p000534_a005731,000126,27,multiview_distance,1.8,300,10,0,400,0,0,False,26140,e588b0939b83dd4e242e98091e0367a533d6c5fd68fb46c136bd379597bc6b2d,samples/p000534_a005731_000126_c27_l0.npz
p000534_a005731_000126_c28_l0,p000534,TRAIN,p000534_a005731,000126,28,multiview_distance,2.5,300,10,0,400,0,0,False,12877,101b0f53fedc5c9f9e494f1872b7afb8055fa4e4bd1115f620980cf9534a8337,samples/p000534_a005731_000126_c28_l0.npz
p000534_a005731_000126_c29_l0,p000534,TRAIN,p000534_a005731,000126,29,multiview_distance,3.2,300,10,0,400,0,0,False,7700,c7bbcd93a093fbeac7753332866b8a1777b7ca5b36170c59088ca5aaac6d7a73,samples/p000534_a005731_000126_c29_l0.npz
p000534_a005731_000126_c30_l0,p000534,TRAIN,p000534_a005731,000126,30,elevation,1.8,180,0,0,400,0,0,False,33386,267bdc10e02a1f7b6926f40607730da21ee45810e2448da12ba552a29becc536,samples/p000534_a005731_000126_c30_l0.npz
p000534_a005731_000126_c31_l0,p000534,TRAIN,p000534_a005731,000126,31,elevation,3.2,180,0,0,400,0,0,False,10325,0f145d6caa030f5bf6fb334849eb95cb93cac964778630da17924b8fcbc9ef6b,samples/p000534_a005731_000126_c31_l0.npz
p000534_a005731_000126_c32_l0,p000534,TRAIN,p000534_a005731,000126,32,elevation,1.8,180,25,0,400,0,0,False,36379,d9bcd7597fdac30129cb656fb246d6db7bef23cc4e1cb80bf2e516e8ecc2ab70,samples/p000534_a005731_000126_c32_l0.npz
p000534_a005731_000126_c33_l0,p000534,TRAIN,p000534_a005731,000126,33,elevation,3.2,180,25,0,400,0,0,False,11252,8880c49cecaace3bf946f67253f0f505c32d08e96631563e0e0f9dd19beeb0b7,samples/p000534_a005731_000126_c33_l0.npz
p000534_a005731_000126_c34_l0,p000534,TRAIN,p000534_a005731,000126,34,elevation,1.8,180,45,0,400,0,0,False,37230,d1a72b1750967327e7e1cf1ad5937bc04dec2c15841ad96feaf065179d7bf279,samples/p000534_a005731_000126_c34_l0.npz
p000534_a005731_000126_c35_l0,p000534,TRAIN,p000534_a005731,000126,35,elevation,3.2,180,45,0,400,0,0,False,11020,d00ffba5d3d812243d7e79f7ff56f904344cd73fea56c6e1dd6e32416df0c296,samples/p000534_a005731_000126_c35_l0.npz
p000534_a005731_000126_c36_l0,p000534,TRAIN,p000534_a005731,000126,36,elevation,1.8,180,65,0,400,0,0,False,35557,c1393e698c0f984d4d909ab78b10638bbb4ca5533254afdeb91175ad18007596,samples/p000534_a005731_000126_c36_l0.npz
p000534_a005731_000126_c37_l0,p000534,TRAIN,p000534_a005731,000126,37,elevation,3.2,180,65,0,400,0,0,False,9781,e992022cdd351038c2118670482100a89cf6c562f409c71a50449e3221688e31,samples/p000534_a005731_000126_c37_l0.npz
p000534_a005731_000126_c38_l0,p000534,TRAIN,p000534_a005731,000126,38,elevation,1.8,180,85,0,400,0,0,False,29497,5edff08b3697deb5c9eff06030b208006f11c7292582e0566bf7a5d8b93cec13,samples/p000534_a005731_000126_c38_l0.npz
p000534_a005731_000126_c39_l0,p000534,TRAIN,p000534_a005731,000126,39,elevation,3.2,180,85,0,400,0,0,False,7473,924496566699230622173b3721dc08edd8d13fdf8895b8e0e077ece10996dcfe,samples/p000534_a005731_000126_c39_l0.npz
p000534_a005731_000126_c40_l0,p000534,TRAIN,p000534_a005731,000126,40,roll,1.8,180,10,-90,400,0,0,False,34782,1986ac8e2dc6c1bc290f954ea97506d5eb607cc437a8c764d2dc045faac4abf2,samples/p000534_a005731_000126_c40_l0.npz
p000534_a005731_000126_c41_l0,p000534,TRAIN,p000534_a005731,000126,41,roll,3.2,180,10,-90,400,0,0,False,10818,368167c1bafff7683d6469d3e62d41e14892aa6c837001ddaff06ae20e44ff4b,samples/p000534_a005731_000126_c41_l0.npz
p000534_a005731_000126_c42_l0,p000534,TRAIN,p000534_a005731,000126,42,roll,1.8,180,10,-45,400,0,0,False,34769,d4af513f6e5bd6dc5faf708fa577836e48cbe7058a916705415abb625a7da6c3,samples/p000534_a005731_000126_c42_l0.npz
p000534_a005731_000126_c43_l0,p000534,TRAIN,p000534_a005731,000126,43,roll,3.2,180,10,-45,400,0,0,False,10819,cf06c3a4b8599cc15f2aa333ce325178b2f3031a4998f51592c40d7c6129601b,samples/p000534_a005731_000126_c43_l0.npz
p000534_a005731_000126_c44_l0,p000534,TRAIN,p000534_a005731,000126,44,roll,1.8,180,10,-15,400,0,0,False,34773,c5dd9c9e8a3218976daaee4581409a99daf93e51e3e49ea392820e21b89ddb70,samples/p000534_a005731_000126_c44_l0.npz
p000534_a005731_000126_c45_l0,p000534,TRAIN,p000534_a005731,000126,45,roll,3.2,180,10,-15,400,0,0,False,10809,d4c8ceecea73c7783b9fb9a060a4334e296d78c49db260f9595388909054a634,samples/p000534_a005731_000126_c45_l0.npz
p000534_a005731_000126_c46_l0,p000534,TRAIN,p000534_a005731,000126,46,roll,1.8,180,10,15,400,0,0,False,34777,32a1e869978a6d73c150935c1e30a7ac8cf945afda0b44a53bc471ce6917d9db,samples/p000534_a005731_000126_c46_l0.npz
p000534_a005731_000126_c47_l0,p000534,TRAIN,p000534_a005731,000126,47,roll,3.2,180,10,15,400,0,0,False,10809,1989698c72d01d536d6ead41f059708fadaecc4d782bc7f7943d6c960037a718,samples/p000534_a005731_000126_c47_l0.npz
p000534_a005731_000126_c48_l0,p000534,TRAIN,p000534_a005731,000126,48,roll,1.8,180,10,45,400,0,0,False,34769,0f200ab5fd1d52ab511e7d20e0ba0e28176ac743e06bf55ce54b45fea04a93b7,samples/p000534_a005731_000126_c48_l0.npz
p000534_a005731_000126_c49_l0,p000534,TRAIN,p000534_a005731,000126,49,roll,3.2,180,10,45,400,0,0,False,10819,6d6288b3ed5473c9a68b50c3498d8d16c6de9bd5a3dbec9d19ff130cbdc56b85,samples/p000534_a005731_000126_c49_l0.npz
p000534_a005731_000126_c50_l0,p000534,TRAIN,p000534_a005731,000126,50,roll,1.8,180,10,90,400,0,0,False,34782,b372a025cef6f0d6a61d87221881aba19ec3d0c128fbb85233fe943b1a408b71,samples/p000534_a005731_000126_c50_l0.npz
p000534_a005731_000126_c51_l0,p000534,TRAIN,p000534_a005731,000126,51,roll,3.2,180,10,90,400,0,0,False,10818,0e10074c1c37121a73558fbddd9a6035e016ec1538585620ba4f203d0c53cf75,samples/p000534_a005731_000126_c51_l0.npz
p000534_a005731_000126_c52_l0,p000534,TRAIN,p000534_a005731,000126,52,offcentre,2.5,180,10,0,400,-0.25,0,False,19289,c89eeaeb6fb4947090a9098e4017c5d1577f237063a7a91bfce72664535c080c,samples/p000534_a005731_000126_c52_l0.npz
p000534_a005731_000126_c53_l0,p000534,TRAIN,p000534_a005731,000126,53,offcentre,2.5,180,10,0,400,0.25,0,False,18195,ae092bb9f40a29ac3688f1595c2c90b8d8a8b8b26cfda3344fe3e28bce82bdd3,samples/p000534_a005731_000126_c53_l0.npz
p000534_a005731_000126_c54_l0,p000534,TRAIN,p000534_a005731,000126,54,offcentre,2.5,180,10,0,400,0,-0.2,False,17110,9ee96ee4109ca345a8ea31055e593130d59c3addae49eea13078005e676acf91,samples/p000534_a005731_000126_c54_l0.npz
p000534_a005731_000126_c55_l0,p000534,TRAIN,p000534_a005731,000126,55,offcentre,2.5,180,10,0,400,0,0.2,True,18405,dfbc300a0c6108fe4211cf2e469da7261ac766646bffaa8f8bf10b03cde47201,samples/p000534_a005731_000126_c55_l0.npz
p000534_a005731_000126_c56_l0,p000534,TRAIN,p000534_a005731,000126,56,focal,2.5,180,10,0,300,0,0,False,10000,e1f2ea8d857de9618e45722c4d32acea8a771f64a56dceb5bc09f0ef1fa28485,samples/p000534_a005731_000126_c56_l0.npz
p000534_a005731_000126_c57_l0,p000534,TRAIN,p000534_a005731,000126,57,focal,2.5,180,10,0,500,0,0,False,27782,fd917e7efc1637d9885a2654a5ec8bd4542ab4e5d44a15d1be99a5813eeee414,samples/p000534_a005731_000126_c57_l0.npz
p000534_a005731_000126_c58_l0,p000534,TRAIN,p000534_a005731,000126,58,focal,2.5,180,10,0,650,0,0,False,46947,72477a4ebb57eed65d615ee0dd6a2e2fbd283880f78b29246a7f7f5e6c7e9f74,samples/p000534_a005731_000126_c58_l0.npz
p000534_a005731_000126_c59_l0,p000534,TRAIN,p000534_a005731,000126,59,focal,2.5,180,10,0,850,0,0,True,73197,93ec95945b421e7df299acea22f081d9481fe41338c9071ef9f1e8dba01c463d,samples/p000534_a005731_000126_c59_l0.npz
p000534_a005731_000126_c60_l0,p000534,TRAIN,p000534_a005731,000126,60,matched_angular_size,1.2,180,10,0,200,0,0,False,20401,4483b65086dd0434202b2685375f188cf2547e767062e9d9110a2fc86bb1bc82,samples/p000534_a005731_000126_c60_l0.npz
p000534_a005731_000126_c61_l0,p000534,TRAIN,p000534_a005731,000126,61,matched_angular_size,1.8,180,10,0,300,0,0,False,19529,2fe78fe32335f53d3bbc2af159ee2958e50214534c6c1022ab726c50728adfae,samples/p000534_a005731_000126_c61_l0.npz
p000534_a005731_000126_c62_l0,p000534,TRAIN,p000534_a005731,000126,62,matched_angular_size,3,180,10,0,500,0,0,False,19247,e2082492c6064095ee7448e46695afb93d29dc8ba6576a39e658b2cd94ec1f7f,samples/p000534_a005731_000126_c62_l0.npz
p000534_a005731_000126_c63_l0,p000534,TRAIN,p000534_a005731,000126,63,matched_angular_size,4,180,10,0,666.6666666666666,0,0,False,19185,a17bfd4ed2ac432b53d7d623243e3fa959e1532e49ae9631fc44c0714eb9354b,samples/p000534_a005731_000126_c63_l0.npz
p000560_a000039_000096_c00_l0,p000560,TRAIN,p000560_a000039,000096,0,distance,0.8,30,10,0,400,0,0,True,107522,9fd28fb41c769f0a4038ba25764f798e40ef46104f1ac2ef90188e2cd4562673,samples/p000560_a000039_000096_c00_l0.npz
p000560_a000039_000096_c01_l0,p000560,TRAIN,p000560_a000039,000096,1,distance,1.2,30,10,0,400,0,0,True,57782,a453adb5ead515a50b81ca5b39120217070a215e1916b15d2c16e7cc230ae42e,samples/p000560_a000039_000096_c01_l0.npz
p000560_a000039_000096_c02_l0,p000560,TRAIN,p000560_a000039,000096,2,distance,1.8,30,10,0,400,0,0,False,25852,07fe7f5691031e84a4d38d102b4cd51a7ae53200d62e5ac66ff984a82b812b2e,samples/p000560_a000039_000096_c02_l0.npz
p000560_a000039_000096_c03_l0,p000560,TRAIN,p000560_a000039,000096,3,distance,2.5,30,10,0,400,0,0,False,12682,f8fb5d647df4407be33adeae7b880d3b902bc7a5eaf29c797158d179493d95c3,samples/p000560_a000039_000096_c03_l0.npz
p000560_a000039_000096_c04_l0,p000560,TRAIN,p000560_a000039,000096,4,distance,3.2,30,10,0,400,0,0,False,7543,93c19ee9be232f2aa143e660edd02bdd4d0890511e70be4ee38b04fc02490db4,samples/p000560_a000039_000096_c04_l0.npz
p000560_a000039_000096_c05_l0,p000560,TRAIN,p000560_a000039,000096,5,distance,4.0,30,10,0,400,0,0,False,4754,7cccc98a82430d7e06e14ba734ad049e04ea2f88d8df24171c3fc366b6057549,samples/p000560_a000039_000096_c05_l0.npz
p000560_a000039_000096_c06_l0,p000560,TRAIN,p000560_a000039,000096,6,multiview_distance,1.2,0,10,0,400,0,0,True,62760,fff2a50dbcdcd370c150ec3708475f300dddd96c8e924ef1f7a23a48cef73988,samples/p000560_a000039_000096_c06_l0.npz
p000560_a000039_000096_c07_l0,p000560,TRAIN,p000560_a000039,000096,7,multiview_distance,1.8,0,10,0,400,0,0,False,27553,7b7f8308bd9b9d58ad999ae542e3fdff1fbb6f760abf44428a1b7a9870d9cff8,samples/p000560_a000039_000096_c07_l0.npz
p000560_a000039_000096_c08_l0,p000560,TRAIN,p000560_a000039,000096,8,multiview_distance,2.5,0,10,0,400,0,0,False,13489,2810523ec8ed1f736e1b0f7abafd48630884aaf15c9df04a3211bcff42778e2b,samples/p000560_a000039_000096_c08_l0.npz
p000560_a000039_000096_c09_l0,p000560,TRAIN,p000560_a000039,000096,9,multiview_distance,3.2,0,10,0,400,0,0,False,8023,761f6c593310b85c5ef111e098fa93bfe5eff81229aa1bfff332e872839cae00,samples/p000560_a000039_000096_c09_l0.npz
p000560_a000039_000096_c10_l0,p000560,TRAIN,p000560_a000039,000096,10,multiview_distance,1.2,60,10,0,400,0,0,True,45408,c506ca32e36bea46417c5e2c824452d88e98bfadf76ce4f7fe01cc783dc0a3db,samples/p000560_a000039_000096_c10_l0.npz
p000560_a000039_000096_c11_l0,p000560,TRAIN,p000560_a000039,000096,11,multiview_distance,1.8,60,10,0,400,0,0,False,21324,57abbe8d7185423aa1511e26942237ebb622ab37d5354d34f11f6c1437fee22d,samples/p000560_a000039_000096_c11_l0.npz
p000560_a000039_000096_c12_l0,p000560,TRAIN,p000560_a000039,000096,12,multiview_distance,2.5,60,10,0,400,0,0,False,10649,e3354b3bb3708d877795792d20825d899f33fc6e0a87eae358928554e11ee55e,samples/p000560_a000039_000096_c12_l0.npz
p000560_a000039_000096_c13_l0,p000560,TRAIN,p000560_a000039,000096,13,multiview_distance,3.2,60,10,0,400,0,0,False,6383,03df6c0ad98ebeee1cc3038632d1e449a00a0acbf22bede78849983174e651c8,samples/p000560_a000039_000096_c13_l0.npz
p000560_a000039_000096_c14_l0,p000560,TRAIN,p000560_a000039,000096,14,multiview_distance,1.2,120,10,0,400,0,0,True,51431,93c1ef949f232fb3b60f74e860dfff34f05c3b072b288ca2b1c294969c1ec81f,samples/p000560_a000039_000096_c14_l0.npz
p000560_a000039_000096_c15_l0,p000560,TRAIN,p000560_a000039,000096,15,multiview_distance,1.8,120,10,0,400,0,0,False,23570,97987cc36c3f529abd16e10452ea0114afdf66e63b1a97ceaa320d1a9fbd0404,samples/p000560_a000039_000096_c15_l0.npz
p000560_a000039_000096_c16_l0,p000560,TRAIN,p000560_a000039,000096,16,multiview_distance,2.5,120,10,0,400,0,0,False,11936,e951dab111bc398e4b844da5d8ae6251e7aede39a545f858d2ccc5025ee50a37,samples/p000560_a000039_000096_c16_l0.npz
p000560_a000039_000096_c17_l0,p000560,TRAIN,p000560_a000039,000096,17,multiview_distance,3.2,120,10,0,400,0,0,False,7201,32cfd4e38fc8bf0d37a32772b8a123f110ab0d9e1e3951bdbf426f552795c578,samples/p000560_a000039_000096_c17_l0.npz
p000560_a000039_000096_c18_l0,p000560,TRAIN,p000560_a000039,000096,18,multiview_distance,1.2,180,10,0,400,0,0,True,54122,1ab8b2cc4fb98b7f2511ff91b5fffbb01d29af3adfb37c857108e41110ba336d,samples/p000560_a000039_000096_c18_l0.npz
p000560_a000039_000096_c19_l0,p000560,TRAIN,p000560_a000039,000096,19,multiview_distance,1.8,180,10,0,400,0,0,False,25660,8e4561a2f8dbe8c20ed9bc9a6a8d5dd0c37e342b553b7dfdfacda58a19c9c798,samples/p000560_a000039_000096_c19_l0.npz
p000560_a000039_000096_c20_l0,p000560,TRAIN,p000560_a000039,000096,20,multiview_distance,2.5,180,10,0,400,0,0,False,13301,53677955f97e334d986a7781ebf3220339efb86fec35c5babd700ced2ed79aec,samples/p000560_a000039_000096_c20_l0.npz
p000560_a000039_000096_c21_l0,p000560,TRAIN,p000560_a000039,000096,21,multiview_distance,3.2,180,10,0,400,0,0,False,8143,150c4490fe7a39f422be68cd0501fde1da62e5227dafec8372c347e3ef87b965,samples/p000560_a000039_000096_c21_l0.npz
p000560_a000039_000096_c22_l0,p000560,TRAIN,p000560_a000039,000096,22,multiview_distance,1.2,240,10,0,400,0,0,True,47312,2ac1eee52d06d7703d88b5e79565541a94a9eabb5ceb465a4ef2e7151bd3b45e,samples/p000560_a000039_000096_c22_l0.npz
p000560_a000039_000096_c23_l0,p000560,TRAIN,p000560_a000039,000096,23,multiview_distance,1.8,240,10,0,400,0,0,False,21908,955bbed5f9738f2cb12e93e15d9673cb11b76351916c72ec8f77431b675de98f,samples/p000560_a000039_000096_c23_l0.npz
p000560_a000039_000096_c24_l0,p000560,TRAIN,p000560_a000039,000096,24,multiview_distance,2.5,240,10,0,400,0,0,False,11216,73b56dac206ec23aed396b6ad68c6d78e4977660230818d08d12874033a920f0,samples/p000560_a000039_000096_c24_l0.npz
p000560_a000039_000096_c25_l0,p000560,TRAIN,p000560_a000039,000096,25,multiview_distance,3.2,240,10,0,400,0,0,False,6823,02a76c2e0a1c2c4df10097efc1fcf6992765c8cc54bec9b25cb036f837a3e6e5,samples/p000560_a000039_000096_c25_l0.npz
p000560_a000039_000096_c26_l0,p000560,TRAIN,p000560_a000039,000096,26,multiview_distance,1.2,300,10,0,400,0,0,True,45200,c9c519214a3ad2a26c07321db131a5db600d54da6bd2b8947b8186b15586fb95,samples/p000560_a000039_000096_c26_l0.npz
p000560_a000039_000096_c27_l0,p000560,TRAIN,p000560_a000039,000096,27,multiview_distance,1.8,300,10,0,400,0,0,False,21334,91204fca80e175d4b53ba59fbbdf6bfc8c09dc91c9a9fa443e81c249f03a3cb6,samples/p000560_a000039_000096_c27_l0.npz
p000560_a000039_000096_c28_l0,p000560,TRAIN,p000560_a000039,000096,28,multiview_distance,2.5,300,10,0,400,0,0,False,10819,513f69e8ecbf92e92606e8bf2d304a0163852bcbb964296b646eeb02f7d56da2,samples/p000560_a000039_000096_c28_l0.npz
p000560_a000039_000096_c29_l0,p000560,TRAIN,p000560_a000039,000096,29,multiview_distance,3.2,300,10,0,400,0,0,False,6560,d247073d08ba9073ab2c0c748c074fb3e6a998bb0c84da602b58e33aaec3b5c4,samples/p000560_a000039_000096_c29_l0.npz
p000560_a000039_000096_c30_l0,p000560,TRAIN,p000560_a000039,000096,30,elevation,1.8,180,0,0,400,0,0,False,24829,4dc52435699d8b8db7726f4794e8b4af36811353b0aba0197ac1cfcb7da1f17c,samples/p000560_a000039_000096_c30_l0.npz
p000560_a000039_000096_c31_l0,p000560,TRAIN,p000560_a000039,000096,31,elevation,3.2,180,0,0,400,0,0,False,7844,21eacab323d4626f1ca47216800831cd3fc762e4ec241ccdd90029b6001b150e,samples/p000560_a000039_000096_c31_l0.npz
p000560_a000039_000096_c32_l0,p000560,TRAIN,p000560_a000039,000096,32,elevation,1.8,180,25,0,400,0,0,False,26429,377cc532333162030f4f2f0cb9534a61c9f85d35a85cb5daa8fc772cc80cae3b,samples/p000560_a000039_000096_c32_l0.npz
p000560_a000039_000096_c33_l0,p000560,TRAIN,p000560_a000039,000096,33,elevation,3.2,180,25,0,400,0,0,False,8298,56c764022607a45511a848981f2cb112f688c46228156913ae745bb7352b0786,samples/p000560_a000039_000096_c33_l0.npz
p000560_a000039_000096_c34_l0,p000560,TRAIN,p000560_a000039,000096,34,elevation,1.8,180,45,0,400,0,0,False,26075,b2b5f4788df9aeb74f38e97cad83b749560522da7c1a671946a607e91ae52d99,samples/p000560_a000039_000096_c34_l0.npz
p000560_a000039_000096_c35_l0,p000560,TRAIN,p000560_a000039,000096,35,elevation,3.2,180,45,0,400,0,0,False,7876,412fa4da7ab43c075f245a43fcc5893c9fc21403a75e39900709d1fad8ab050f,samples/p000560_a000039_000096_c35_l0.npz
p000560_a000039_000096_c36_l0,p000560,TRAIN,p000560_a000039,000096,36,elevation,1.8,180,65,0,400,0,0,False,23363,2e435766a3f95bd4fae9ee3acb4edbf8b0ef642f322da78c782b901f675956c3,samples/p000560_a000039_000096_c36_l0.npz
p000560_a000039_000096_c37_l0,p000560,TRAIN,p000560_a000039,000096,37,elevation,3.2,180,65,0,400,0,0,False,6642,b3ad1150542ff812b5e0fa11bff32dc1bfbdd925cbfedbf87ff5db2d7b8edc48,samples/p000560_a000039_000096_c37_l0.npz
p000560_a000039_000096_c38_l0,p000560,TRAIN,p000560_a000039,000096,38,elevation,1.8,180,85,0,400,0,0,False,17724,0ad776cfbb824617e1b5d735e8ea91b7b4ea76338f705bfda35dafc0d3e95623,samples/p000560_a000039_000096_c38_l0.npz
p000560_a000039_000096_c39_l0,p000560,TRAIN,p000560_a000039,000096,39,elevation,3.2,180,85,0,400,0,0,False,4719,7fabd1e36443377b764d31b0fe455ce09e6fdb3bc5a0d156a726ef62861be089,samples/p000560_a000039_000096_c39_l0.npz
p000560_a000039_000096_c40_l0,p000560,TRAIN,p000560_a000039,000096,40,roll,1.8,180,10,-90,400,0,0,False,25660,78e49cfaabfcef97c9cca941776a6e137292924d9ef3395a8dbcb82482fe0b52,samples/p000560_a000039_000096_c40_l0.npz
p000560_a000039_000096_c41_l0,p000560,TRAIN,p000560_a000039,000096,41,roll,3.2,180,10,-90,400,0,0,False,8143,681afa9ecc8888039c2e8e39b2289476f4117fd992620d5c899e05e2da9c1946,samples/p000560_a000039_000096_c41_l0.npz
p000560_a000039_000096_c42_l0,p000560,TRAIN,p000560_a000039,000096,42,roll,1.8,180,10,-45,400,0,0,False,25672,5dfcf152cf447e2c3ae9b408cb2621aa3e90e8a140b0baea730c1465fb006c6c,samples/p000560_a000039_000096_c42_l0.npz
p000560_a000039_000096_c43_l0,p000560,TRAIN,p000560_a000039,000096,43,roll,3.2,180,10,-45,400,0,0,False,8138,db265b2d1dc299bb2eba89e1126e8084001119dbe887922b1d4821b7673489cf,samples/p000560_a000039_000096_c43_l0.npz
p000560_a000039_000096_c44_l0,p000560,TRAIN,p000560_a000039,000096,44,roll,1.8,180,10,-15,400,0,0,False,25649,4074c566455208178d53f3fb59a64a9a115a0e79c2573339b1083498aaca6a20,samples/p000560_a000039_000096_c44_l0.npz
p000560_a000039_000096_c45_l0,p000560,TRAIN,p000560_a000039,000096,45,roll,3.2,180,10,-15,400,0,0,False,8139,1cc4bc085871f9d0729eed73f15d3dca71d7be3672f23decbecbf62a4d8f26b2,samples/p000560_a000039_000096_c45_l0.npz
p000560_a000039_000096_c46_l0,p000560,TRAIN,p000560_a000039,000096,46,roll,1.8,180,10,15,400,0,0,False,25653,63d7d440b48539d76d2e4bb1e80b973f83a32b3db2ecf33bc9c19c7c97d7197c,samples/p000560_a000039_000096_c46_l0.npz
p000560_a000039_000096_c47_l0,p000560,TRAIN,p000560_a000039,000096,47,roll,3.2,180,10,15,400,0,0,False,8138,a275d70f793a769a8190040e4a2d72347560f7171dd2137ea844c698b11c0048,samples/p000560_a000039_000096_c47_l0.npz
p000560_a000039_000096_c48_l0,p000560,TRAIN,p000560_a000039,000096,48,roll,1.8,180,10,45,400,0,0,False,25672,9c3f9f7fa3e76a17cf89fccdc8035dbedd10655b5462b55acc24b188e22cf0b0,samples/p000560_a000039_000096_c48_l0.npz
p000560_a000039_000096_c49_l0,p000560,TRAIN,p000560_a000039,000096,49,roll,3.2,180,10,45,400,0,0,False,8138,00064e495567659995a332b212000996cebf7bffc80b3288164ab5da50f3868f,samples/p000560_a000039_000096_c49_l0.npz
p000560_a000039_000096_c50_l0,p000560,TRAIN,p000560_a000039,000096,50,roll,1.8,180,10,90,400,0,0,False,25660,9ab717eede615dc196c26174a07a72c2308d6b1b624485b168c87524c059466d,samples/p000560_a000039_000096_c50_l0.npz
p000560_a000039_000096_c51_l0,p000560,TRAIN,p000560_a000039,000096,51,roll,3.2,180,10,90,400,0,0,False,8143,6b65f8d5db180ab77e51828dc61c653ea870d220d6067adb041522c984bab08a,samples/p000560_a000039_000096_c51_l0.npz
p000560_a000039_000096_c52_l0,p000560,TRAIN,p000560_a000039,000096,52,offcentre,2.5,180,10,0,400,-0.25,0,False,13887,106b4a8357943eb1e2ba1ae5b04818ad6417c71ec1cd7c14f993aa8c6453fec2,samples/p000560_a000039_000096_c52_l0.npz
p000560_a000039_000096_c53_l0,p000560,TRAIN,p000560_a000039,000096,53,offcentre,2.5,180,10,0,400,0.25,0,False,13963,7c2162a08c234b16d71a8fd335073f122d026594ce7d2fb31ad47738143ee7fc,samples/p000560_a000039_000096_c53_l0.npz
p000560_a000039_000096_c54_l0,p000560,TRAIN,p000560_a000039,000096,54,offcentre,2.5,180,10,0,400,0,-0.2,False,12936,0a8c13f769f5e31e761b41507fa538706ada14252e16ff532d6fcf84c0cb161b,samples/p000560_a000039_000096_c54_l0.npz
p000560_a000039_000096_c55_l0,p000560,TRAIN,p000560_a000039,000096,55,offcentre,2.5,180,10,0,400,0,0.2,False,13827,f39064a491e59c2a8ad39263b794d96696119d08a982866c5d7dfa97ee18c970,samples/p000560_a000039_000096_c55_l0.npz
p000560_a000039_000096_c56_l0,p000560,TRAIN,p000560_a000039,000096,56,focal,2.5,180,10,0,300,0,0,False,7481,ca92095e529c7f325c037ce0da82f67fd3ea9c39107119531107de73cb79d15e,samples/p000560_a000039_000096_c56_l0.npz
p000560_a000039_000096_c57_l0,p000560,TRAIN,p000560_a000039,000096,57,focal,2.5,180,10,0,500,0,0,False,20796,69caac9f06ebe4d7fe222d4b7dfbddc45d5f5ad166f300e275c2f29aed751b0a,samples/p000560_a000039_000096_c57_l0.npz
p000560_a000039_000096_c58_l0,p000560,TRAIN,p000560_a000039,000096,58,focal,2.5,180,10,0,650,0,0,False,35113,f02e7317f37de8f270ef78711d618e96d47082f28b46a68e5acbf094b3edbe3e,samples/p000560_a000039_000096_c58_l0.npz
p000560_a000039_000096_c59_l0,p000560,TRAIN,p000560_a000039,000096,59,focal,2.5,180,10,0,850,0,0,True,56691,a8af925ffb26db8addbf3ad0f24c571ef2d219e95193fa177f3e896983cd9951,samples/p000560_a000039_000096_c59_l0.npz
p000560_a000039_000096_c60_l0,p000560,TRAIN,p000560_a000039,000096,60,matched_angular_size,1.2,180,10,0,200,0,0,False,14661,47f663af48f6356d7b37a9453cbc6d8fefabd8aa3e805a51c5a956dd0c681220,samples/p000560_a000039_000096_c60_l0.npz
p000560_a000039_000096_c61_l0,p000560,TRAIN,p000560_a000039,000096,61,matched_angular_size,1.8,180,10,0,300,0,0,False,14427,e8cd1382a25464c0f56dbf8a3e1c9b434d2328e0dbcb28b6528522d6c2fcca86,samples/p000560_a000039_000096_c61_l0.npz
p000560_a000039_000096_c62_l0,p000560,TRAIN,p000560_a000039,000096,62,matched_angular_size,3,180,10,0,500,0,0,False,14454,c43df368d1eca0f8922586cd60260d94a5be3a51e49070700a935bc977ba510a,samples/p000560_a000039_000096_c62_l0.npz
p000560_a000039_000096_c63_l0,p000560,TRAIN,p000560_a000039,000096,63,matched_angular_size,4,180,10,0,666.6666666666666,0,0,False,14514,d7e2c63a224e55c576403eb1728636be3feb0e30e0e91cc909ef3d9ccdd5414c,samples/p000560_a000039_000096_c63_l0.npz
p000560_a000039_000378_c00_l0,p000560,TRAIN,p000560_a000039,000378,0,distance,0.8,30,10,0,400,0,0,True,108924,5fcf43e737a6cd8af1fb2456a2c74d64d4bcd9ddb542bfcf45721da848c40571,samples/p000560_a000039_000378_c00_l0.npz
p000560_a000039_000378_c01_l0,p000560,TRAIN,p000560_a000039,000378,1,distance,1.2,30,10,0,400,0,0,True,52342,996d6ce44c410d24bacdb8f2365fbd301aa7dd746797a6faf2464ff3fc06e556,samples/p000560_a000039_000378_c01_l0.npz
p000560_a000039_000378_c02_l0,p000560,TRAIN,p000560_a000039,000378,2,distance,1.8,30,10,0,400,0,0,False,23107,35c1d62793ddd1a337332fed745a4ceb8f5a4fa68518f8b1e69aef45dcdd3084,samples/p000560_a000039_000378_c02_l0.npz
p000560_a000039_000378_c03_l0,p000560,TRAIN,p000560_a000039,000378,3,distance,2.5,30,10,0,400,0,0,False,11752,5f178a2684dc02a673ecf0630c6c4e8b5c8852196634286034387b61cad0eadc,samples/p000560_a000039_000378_c03_l0.npz
p000560_a000039_000378_c04_l0,p000560,TRAIN,p000560_a000039,000378,4,distance,3.2,30,10,0,400,0,0,False,7116,dc4e6a69ac69834d19426ab52b7501af6d55fc32837be2cc0e568d1b02e4431b,samples/p000560_a000039_000378_c04_l0.npz
p000560_a000039_000378_c05_l0,p000560,TRAIN,p000560_a000039,000378,5,distance,4.0,30,10,0,400,0,0,False,4541,2a76561d6c5c93a1818721ce5a84dd45a8f1f8ea6c81f337392dac25a1991028,samples/p000560_a000039_000378_c05_l0.npz
p000560_a000039_000378_c06_l0,p000560,TRAIN,p000560_a000039,000378,6,multiview_distance,1.2,0,10,0,400,0,0,True,59217,93d310cda87b189c0c1a775ec635c6a91a8be53937948dd872004eebc3d1ec92,samples/p000560_a000039_000378_c06_l0.npz
p000560_a000039_000378_c07_l0,p000560,TRAIN,p000560_a000039,000378,7,multiview_distance,1.8,0,10,0,400,0,0,False,25265,e8810a4959c28966877e24bdc31d75efff23fce3fc0c23e6fb860533d87eda06,samples/p000560_a000039_000378_c07_l0.npz
p000560_a000039_000378_c08_l0,p000560,TRAIN,p000560_a000039,000378,8,multiview_distance,2.5,0,10,0,400,0,0,False,12598,ea1ddbb681a39e099f4fbb3822789181616e2767eb5e0401214f9d74dda5b0ed,samples/p000560_a000039_000378_c08_l0.npz
p000560_a000039_000378_c09_l0,p000560,TRAIN,p000560_a000039,000378,9,multiview_distance,3.2,0,10,0,400,0,0,False,7571,789e5ec4aa644ba5efbd9b58e2e2c309c50ab2620adae0bac7aa7a4c7cea220f,samples/p000560_a000039_000378_c09_l0.npz
p000560_a000039_000378_c10_l0,p000560,TRAIN,p000560_a000039,000378,10,multiview_distance,1.2,60,10,0,400,0,0,True,54926,e76e34db41fd96610a33f9a733705e8af58f7031632d612d293f8f9c4d36276d,samples/p000560_a000039_000378_c10_l0.npz
p000560_a000039_000378_c11_l0,p000560,TRAIN,p000560_a000039,000378,11,multiview_distance,1.8,60,10,0,400,0,0,False,23831,9c8b8522641031ba27ac7a990835e9455a5fb9ae4857121e0ee6af673fe9b936,samples/p000560_a000039_000378_c11_l0.npz
p000560_a000039_000378_c12_l0,p000560,TRAIN,p000560_a000039,000378,12,multiview_distance,2.5,60,10,0,400,0,0,False,12094,f5a1b45bc3b0167ec651ecf1902f68a715d845cb1f9282cbe92a85cd82d8657e,samples/p000560_a000039_000378_c12_l0.npz
p000560_a000039_000378_c13_l0,p000560,TRAIN,p000560_a000039,000378,13,multiview_distance,3.2,60,10,0,400,0,0,False,7317,2fe4c1bf8f7fda7844b6e5995542b4f2bda0f9546591be422d7d4db908e38ab5,samples/p000560_a000039_000378_c13_l0.npz
p000560_a000039_000378_c14_l0,p000560,TRAIN,p000560_a000039,000378,14,multiview_distance,1.2,120,10,0,400,0,0,True,57315,a19d636f356133ac4204468b08d939589578d9f61acc5756e337321c6626e15c,samples/p000560_a000039_000378_c14_l0.npz
p000560_a000039_000378_c15_l0,p000560,TRAIN,p000560_a000039,000378,15,multiview_distance,1.8,120,10,0,400,0,0,False,25661,eb12d39efda0f30783ecfb8c837fabdb2bb281c2cd7fc68855400c2f7bba9b02,samples/p000560_a000039_000378_c15_l0.npz
p000560_a000039_000378_c16_l0,p000560,TRAIN,p000560_a000039,000378,16,multiview_distance,2.5,120,10,0,400,0,0,False,12944,f71d84cf78dc7c7141dfbd3aa06561dc8eb5b05c50421d0de09f704e02eeec19,samples/p000560_a000039_000378_c16_l0.npz
p000560_a000039_000378_c17_l0,p000560,TRAIN,p000560_a000039,000378,17,multiview_distance,3.2,120,10,0,400,0,0,False,7809,4b6e4c43e22cc01a029b97f81c38c3dafba09612bfc3761a3499fb1eb557af31,samples/p000560_a000039_000378_c17_l0.npz
p000560_a000039_000378_c18_l0,p000560,TRAIN,p000560_a000039,000378,18,multiview_distance,1.2,180,10,0,400,0,0,True,54851,ecb07978e5a964a43447e2872714305866d6398e8278ce92cd603e4754bea887,samples/p000560_a000039_000378_c18_l0.npz
p000560_a000039_000378_c19_l0,p000560,TRAIN,p000560_a000039,000378,19,multiview_distance,1.8,180,10,0,400,0,0,False,25227,aaf87b09884628e87791d9ef4689290b40e629c3c41c0e82226631da3ef0ca54,samples/p000560_a000039_000378_c19_l0.npz
p000560_a000039_000378_c20_l0,p000560,TRAIN,p000560_a000039,000378,20,multiview_distance,2.5,180,10,0,400,0,0,False,12852,8373ddb8bfe851566aa5373947dd6bdd3adc11c10fa7516758ee7a51d16ef28d,samples/p000560_a000039_000378_c20_l0.npz
p000560_a000039_000378_c21_l0,p000560,TRAIN,p000560_a000039,000378,21,multiview_distance,3.2,180,10,0,400,0,0,False,7757,cb8cdc61c8e7f4cef70c3f4d4a7f7a5a73be3e0af98784bf650c4a970f265dd1,samples/p000560_a000039_000378_c21_l0.npz
p000560_a000039_000378_c22_l0,p000560,TRAIN,p000560_a000039,000378,22,multiview_distance,1.2,240,10,0,400,0,0,True,56672,9d0c4b2ff5494aa27121d4ea62d044c877b782b3eb352528186569249ce78f10,samples/p000560_a000039_000378_c22_l0.npz
p000560_a000039_000378_c23_l0,p000560,TRAIN,p000560_a000039,000378,23,multiview_distance,1.8,240,10,0,400,0,0,False,25603,d39e6a75fb4aaaaf5e1990fb7f544fe43155fa0ce83763d352c934cbe8c1e70f,samples/p000560_a000039_000378_c23_l0.npz
p000560_a000039_000378_c24_l0,p000560,TRAIN,p000560_a000039,000378,24,multiview_distance,2.5,240,10,0,400,0,0,False,12959,13834a9a0490d600f30a791eba48dfefaba5770a4ffb7d5d8313a84c6003e7ff,samples/p000560_a000039_000378_c24_l0.npz
p000560_a000039_000378_c25_l0,p000560,TRAIN,p000560_a000039,000378,25,multiview_distance,3.2,240,10,0,400,0,0,False,7820,ccfda8ef480e1b9bd64372c7fe2d576d1371722027d104f58c771bd016ad9a73,samples/p000560_a000039_000378_c25_l0.npz
p000560_a000039_000378_c26_l0,p000560,TRAIN,p000560_a000039,000378,26,multiview_distance,1.2,300,10,0,400,0,0,True,54137,53130c75b6144295bb48a8ce828a5c9c40c453e373764838015c3f7a25b32aa8,samples/p000560_a000039_000378_c26_l0.npz
p000560_a000039_000378_c27_l0,p000560,TRAIN,p000560_a000039,000378,27,multiview_distance,1.8,300,10,0,400,0,0,False,23549,c89c85a452edd3aaf4eeeb3a407a577e5b4e74ab8e7938afa4fae408dcff2c5b,samples/p000560_a000039_000378_c27_l0.npz
p000560_a000039_000378_c28_l0,p000560,TRAIN,p000560_a000039,000378,28,multiview_distance,2.5,300,10,0,400,0,0,False,12011,7fea6ce54ea5416c950bccf30b3d1356068de169b008b57bbb93dd9c7e451f27,samples/p000560_a000039_000378_c28_l0.npz
p000560_a000039_000378_c29_l0,p000560,TRAIN,p000560_a000039,000378,29,multiview_distance,3.2,300,10,0,400,0,0,False,7292,42902c37b9d26e648cd721bf0e2eda952ec676045fa19d19056865f83336c827,samples/p000560_a000039_000378_c29_l0.npz
p000560_a000039_000378_c30_l0,p000560,TRAIN,p000560_a000039,000378,30,elevation,1.8,180,0,0,400,0,0,False,24798,4de028ee15eee3cb95f4b1660834b57f0d3cda10079be76b9feefa51543ee04d,samples/p000560_a000039_000378_c30_l0.npz
p000560_a000039_000378_c31_l0,p000560,TRAIN,p000560_a000039,000378,31,elevation,3.2,180,0,0,400,0,0,False,7654,06bc52996c2730c4b90a1c312160a39a5f3dbb726e105e541cc346342ad8cc7d,samples/p000560_a000039_000378_c31_l0.npz
p000560_a000039_000378_c32_l0,p000560,TRAIN,p000560_a000039,000378,32,elevation,1.8,180,25,0,400,0,0,False,25048,107a5ecdfe0c4e1095159017888a54b7e37d43f70e3da9a210219496b2714b73,samples/p000560_a000039_000378_c32_l0.npz
p000560_a000039_000378_c33_l0,p000560,TRAIN,p000560_a000039,000378,33,elevation,3.2,180,25,0,400,0,0,False,7659,d7bfd103db333b4267b141d795b27ecc199baa4235634c76d92a0432251ef11e,samples/p000560_a000039_000378_c33_l0.npz
p000560_a000039_000378_c34_l0,p000560,TRAIN,p000560_a000039,000378,34,elevation,1.8,180,45,0,400,0,0,False,23131,fab0e302875802806078bbfb5e06361ddc07ee1efa79fb4ef9b5601f75270a60,samples/p000560_a000039_000378_c34_l0.npz
p000560_a000039_000378_c35_l0,p000560,TRAIN,p000560_a000039,000378,35,elevation,3.2,180,45,0,400,0,0,False,6925,c8db239a63263fcff08c01381971059742958377de2fe6c36e387a2668e4ca6d,samples/p000560_a000039_000378_c35_l0.npz
p000560_a000039_000378_c36_l0,p000560,TRAIN,p000560_a000039,000378,36,elevation,1.8,180,65,0,400,0,0,False,19760,0b07ccd28844d21a40e0d68447d29a4fb2d8d9f7e028e40721423b1800e047ec,samples/p000560_a000039_000378_c36_l0.npz
p000560_a000039_000378_c37_l0,p000560,TRAIN,p000560_a000039,000378,37,elevation,3.2,180,65,0,400,0,0,False,5855,8b892d1e3f4fa21043f881a7d762f6f6ec9ac254dbf21d8846d60d0f5d891e93,samples/p000560_a000039_000378_c37_l0.npz
p000560_a000039_000378_c38_l0,p000560,TRAIN,p000560_a000039,000378,38,elevation,1.8,180,85,0,400,0,0,False,16454,186d22dba6d390a2e5285d141abc952626db537a772d74b8104347aea51cc2e3,samples/p000560_a000039_000378_c38_l0.npz
p000560_a000039_000378_c39_l0,p000560,TRAIN,p000560_a000039,000378,39,elevation,3.2,180,85,0,400,0,0,False,4852,674b3d6971cf9f36122160c78419314971c6d114a2450ad2961a41d8c4d1c294,samples/p000560_a000039_000378_c39_l0.npz
p000560_a000039_000378_c40_l0,p000560,TRAIN,p000560_a000039,000378,40,roll,1.8,180,10,-90,400,0,0,False,25227,8884b18a5bee31fb19df74be963ab220395c7d79f939abb84624fe0dfde5abfd,samples/p000560_a000039_000378_c40_l0.npz
p000560_a000039_000378_c41_l0,p000560,TRAIN,p000560_a000039,000378,41,roll,3.2,180,10,-90,400,0,0,False,7757,7e559f6657db1eb419de0501387e38b6d3ca7e8670a407e6b47b86886f432b8c,samples/p000560_a000039_000378_c41_l0.npz
p000560_a000039_000378_c42_l0,p000560,TRAIN,p000560_a000039,000378,42,roll,1.8,180,10,-45,400,0,0,False,25235,e0229841a4fe63f1687068545f896cebec805fd754da30308d52e435f4bddd90,samples/p000560_a000039_000378_c42_l0.npz
p000560_a000039_000378_c43_l0,p000560,TRAIN,p000560_a000039,000378,43,roll,3.2,180,10,-45,400,0,0,False,7783,dc80d8817ac57ca1faf89dc120937636bf83317723e10bf1323997546d2d9ef7,samples/p000560_a000039_000378_c43_l0.npz
p000560_a000039_000378_c44_l0,p000560,TRAIN,p000560_a000039,000378,44,roll,1.8,180,10,-15,400,0,0,False,25229,60db964b477cd7d75f063df1780b5fb80309d45120ca922e79c781fec9063240,samples/p000560_a000039_000378_c44_l0.npz
p000560_a000039_000378_c45_l0,p000560,TRAIN,p000560_a000039,000378,45,roll,3.2,180,10,-15,400,0,0,False,7778,e0f6dc1906d3c33a9abde97989afe835b7b9fe4a899308f43c0363dd80b4af07,samples/p000560_a000039_000378_c45_l0.npz
p000560_a000039_000378_c46_l0,p000560,TRAIN,p000560_a000039,000378,46,roll,1.8,180,10,15,400,0,0,False,25219,4da4de1f44da321d4d57687a1e4831f0e9cbfc8cb7885f768aaa25a7de1ff5ef,samples/p000560_a000039_000378_c46_l0.npz
p000560_a000039_000378_c47_l0,p000560,TRAIN,p000560_a000039,000378,47,roll,3.2,180,10,15,400,0,0,False,7778,7267bcb6f1b7fb425f3fda47a981963c22826a7ded5dc553650bb1bebaa26656,samples/p000560_a000039_000378_c47_l0.npz
p000560_a000039_000378_c48_l0,p000560,TRAIN,p000560_a000039,000378,48,roll,1.8,180,10,45,400,0,0,False,25235,322d8d21a38fc6c7a02fc7fcf74c0ec6c3d2b73657f8ada15fd3ea81ddf161c6,samples/p000560_a000039_000378_c48_l0.npz
p000560_a000039_000378_c49_l0,p000560,TRAIN,p000560_a000039,000378,49,roll,3.2,180,10,45,400,0,0,False,7783,218decb6c57ec0dcc1cef227870d851644b052ab5afec11f5ae08a24df6fa702,samples/p000560_a000039_000378_c49_l0.npz
p000560_a000039_000378_c50_l0,p000560,TRAIN,p000560_a000039,000378,50,roll,1.8,180,10,90,400,0,0,False,25227,da2ffd1c53d94e3274544b069474d37cf32e81abce2c26ee0a2bcb4dd39682dc,samples/p000560_a000039_000378_c50_l0.npz
p000560_a000039_000378_c51_l0,p000560,TRAIN,p000560_a000039,000378,51,roll,3.2,180,10,90,400,0,0,False,7757,73be31292b4283695539e66c7da9a9337dcd66125b6e678ba7acb6f4f9491a32,samples/p000560_a000039_000378_c51_l0.npz
p000560_a000039_000378_c52_l0,p000560,TRAIN,p000560_a000039,000378,52,offcentre,2.5,180,10,0,400,-0.25,0,False,13640,f7fd4a053b0c376b60e6e7fc6e786a4c18d09a99f5bd9db820c6b44d99f149f5,samples/p000560_a000039_000378_c52_l0.npz
p000560_a000039_000378_c53_l0,p000560,TRAIN,p000560_a000039,000378,53,offcentre,2.5,180,10,0,400,0.25,0,False,13551,213cd4e283dab54d198ad8c9c954a3b208da099f022cba0b5f516b4748840b2f,samples/p000560_a000039_000378_c53_l0.npz
p000560_a000039_000378_c54_l0,p000560,TRAIN,p000560_a000039,000378,54,offcentre,2.5,180,10,0,400,0,-0.2,False,12747,5fb4c252caf9ffa08a0f626d4b5d5c0473a5e06570544edfd81fe165a7bc317d,samples/p000560_a000039_000378_c54_l0.npz
p000560_a000039_000378_c55_l0,p000560,TRAIN,p000560_a000039,000378,55,offcentre,2.5,180,10,0,400,0,0.2,False,13135,b06948379b28b9a155a802cc62368046d4717f7862300d44150e939eb9eaccf0,samples/p000560_a000039_000378_c55_l0.npz
p000560_a000039_000378_c56_l0,p000560,TRAIN,p000560_a000039,000378,56,focal,2.5,180,10,0,300,0,0,False,7216,e0748e952cdb3fd3e6f23bcc0e15c84b81412d55689acd577757f26e09c03022,samples/p000560_a000039_000378_c56_l0.npz
p000560_a000039_000378_c57_l0,p000560,TRAIN,p000560_a000039,000378,57,focal,2.5,180,10,0,500,0,0,False,20060,d86d475a4be235e8881e2210c3f90853950e9c09008d9efe29081cba75a2a6a2,samples/p000560_a000039_000378_c57_l0.npz
p000560_a000039_000378_c58_l0,p000560,TRAIN,p000560_a000039,000378,58,focal,2.5,180,10,0,650,0,0,False,33920,fc4894dce5171e51f551dc1b43d5a27063c86c715edc61146d9212fe0aa75410,samples/p000560_a000039_000378_c58_l0.npz
p000560_a000039_000378_c59_l0,p000560,TRAIN,p000560_a000039,000378,59,focal,2.5,180,10,0,850,0,0,True,56220,726e1e480b248ee120e6c086c6eae3685708303a5403a162391c8bf0681006b5,samples/p000560_a000039_000378_c59_l0.npz
p000560_a000039_000378_c60_l0,p000560,TRAIN,p000560_a000039,000378,60,matched_angular_size,1.2,180,10,0,200,0,0,False,14908,db4b3c574782edc0a27fb938b78e3500e7a947d0fb46e3b50be7ba039e8a0d58,samples/p000560_a000039_000378_c60_l0.npz
p000560_a000039_000378_c61_l0,p000560,TRAIN,p000560_a000039,000378,61,matched_angular_size,1.8,180,10,0,300,0,0,False,14184,d37a273595f59be787bf887f31e898fe364f39a2931f57bb8020f331899aeb96,samples/p000560_a000039_000378_c61_l0.npz
p000560_a000039_000378_c62_l0,p000560,TRAIN,p000560_a000039,000378,62,matched_angular_size,3,180,10,0,500,0,0,False,13841,a8026b7cb1e56360f9d96a960fa037b1298bc5faeca4fefc821b242751ee9a97,samples/p000560_a000039_000378_c62_l0.npz
p000560_a000039_000378_c63_l0,p000560,TRAIN,p000560_a000039,000378,63,matched_angular_size,4,180,10,0,666.6666666666666,0,0,False,13780,8d594f95c44b072b48150e448b0bb74be44e6324b6256f9ecf0c3c54e0dbd582,samples/p000560_a000039_000378_c63_l0.npz
p000560_a000048_000030_c00_l0,p000560,TRAIN,p000560_a000048,000030,0,distance,0.8,30,10,0,400,0,0,True,105061,3d9bfe64f0767800609754d612702e517df35ea00b45fdc31ea88adb57592e61,samples/p000560_a000048_000030_c00_l0.npz
p000560_a000048_000030_c01_l0,p000560,TRAIN,p000560_a000048,000030,1,distance,1.2,30,10,0,400,0,0,True,70688,a4273d01994a7a52cf2b27d98c4be94bef76bec69dff0444d62646d30f0b8426,samples/p000560_a000048_000030_c01_l0.npz
p000560_a000048_000030_c02_l0,p000560,TRAIN,p000560_a000048,000030,2,distance,1.8,30,10,0,400,0,0,False,30074,11365c7ebd720fc8b434fc5f471890886b71c5a8bbebe378607a2799474dbfd2,samples/p000560_a000048_000030_c02_l0.npz
p000560_a000048_000030_c03_l0,p000560,TRAIN,p000560_a000048,000030,3,distance,2.5,30,10,0,400,0,0,False,14670,021f04a0141ecc54275b41fbee0f752fe59d5c15275ba6f89dfd8ceb8bfc82ba,samples/p000560_a000048_000030_c03_l0.npz
p000560_a000048_000030_c04_l0,p000560,TRAIN,p000560_a000048,000030,4,distance,3.2,30,10,0,400,0,0,False,8695,cce4aaebecf669665d065af6b6f553629a45c3b9b46d89d7207ea166ce2ffb73,samples/p000560_a000048_000030_c04_l0.npz
p000560_a000048_000030_c05_l0,p000560,TRAIN,p000560_a000048,000030,5,distance,4.0,30,10,0,400,0,0,False,5470,9fc1d130274bea6da4bad957d8420774b174851673402b8a411c925a2926b1dc,samples/p000560_a000048_000030_c05_l0.npz
p000560_a000048_000030_c06_l0,p000560,TRAIN,p000560_a000048,000030,6,multiview_distance,1.2,0,10,0,400,0,0,True,69806,90f3c540780989305a95b6c632ef1e5d987f603debcd11762864df50e3ecc995,samples/p000560_a000048_000030_c06_l0.npz
p000560_a000048_000030_c07_l0,p000560,TRAIN,p000560_a000048,000030,7,multiview_distance,1.8,0,10,0,400,0,0,False,29967,aa9fb6e138ca66ac9ea57b8df92ea5ad914d9c5a93b3b271a63a0153c5bd0c18,samples/p000560_a000048_000030_c07_l0.npz
p000560_a000048_000030_c08_l0,p000560,TRAIN,p000560_a000048,000030,8,multiview_distance,2.5,0,10,0,400,0,0,False,14667,e74684dda7ab246f36446b01cd8c29ffd85402ec04046ad17f430d7b2123f9ca,samples/p000560_a000048_000030_c08_l0.npz
p000560_a000048_000030_c09_l0,p000560,TRAIN,p000560_a000048,000030,9,multiview_distance,3.2,0,10,0,400,0,0,False,8714,8f2493f9a52065f30ff17cd1b2201b5771fa557dec82fc7bf418c161d26ec395,samples/p000560_a000048_000030_c09_l0.npz
p000560_a000048_000030_c10_l0,p000560,TRAIN,p000560_a000048,000030,10,multiview_distance,1.2,60,10,0,400,0,0,True,60360,40cedf18c9e23f310f92d05caa0cfe0b122da6cae48de226093af7bef43e7f33,samples/p000560_a000048_000030_c10_l0.npz
p000560_a000048_000030_c11_l0,p000560,TRAIN,p000560_a000048,000030,11,multiview_distance,1.8,60,10,0,400,0,0,False,26236,07547ddf5d4fedd6627e4a3c85bff71525dc5277ec71b421688e72de6668ddbe,samples/p000560_a000048_000030_c11_l0.npz
p000560_a000048_000030_c12_l0,p000560,TRAIN,p000560_a000048,000030,12,multiview_distance,2.5,60,10,0,400,0,0,False,12894,0c2fd69cab799cc085ba31bc6e5980aa0673b7038bfefce71af4e6ad19305881,samples/p000560_a000048_000030_c12_l0.npz
p000560_a000048_000030_c13_l0,p000560,TRAIN,p000560_a000048,000030,13,multiview_distance,3.2,60,10,0,400,0,0,False,7696,c255bc53dbd955be326dae69e61092d43a6e75af0d045d47c34b00c13e3e0cf6,samples/p000560_a000048_000030_c13_l0.npz
p000560_a000048_000030_c14_l0,p000560,TRAIN,p000560_a000048,000030,14,multiview_distance,1.2,120,10,0,400,0,0,True,58197,cd488de0fdfccbe45a2d683a075f8dc06e9a8e30ca5586d6792459f30e02da17,samples/p000560_a000048_000030_c14_l0.npz
p000560_a000048_000030_c15_l0,p000560,TRAIN,p000560_a000048,000030,15,multiview_distance,1.8,120,10,0,400,0,0,False,26456,821c2b9d94de1fd57cd74bd7583658552b91508ba9f9b6f74d0a1d6131a43949,samples/p000560_a000048_000030_c15_l0.npz
p000560_a000048_000030_c16_l0,p000560,TRAIN,p000560_a000048,000030,16,multiview_distance,2.5,120,10,0,400,0,0,False,13170,c05e739f60d661e5ae849122c04fb3550a2c88f9c790fbd3c7fbfa53cda50c98,samples/p000560_a000048_000030_c16_l0.npz
p000560_a000048_000030_c17_l0,p000560,TRAIN,p000560_a000048,000030,17,multiview_distance,3.2,120,10,0,400,0,0,False,7893,86c9a300359a9590dbbf01548bcb156bc3afc9abf83b4d454fddc51dea77eeea,samples/p000560_a000048_000030_c17_l0.npz
p000560_a000048_000030_c18_l0,p000560,TRAIN,p000560_a000048,000030,18,multiview_distance,1.2,180,10,0,400,0,0,True,60180,31dfebb22e129f97c724a30df75ff82997f83536c5e4174e9865c7e7cf69c74d,samples/p000560_a000048_000030_c18_l0.npz
p000560_a000048_000030_c19_l0,p000560,TRAIN,p000560_a000048,000030,19,multiview_distance,1.8,180,10,0,400,0,0,False,28204,e38a9e24e517aa46ab1a0af63cd80ee17736de632c1c2442cd3fd66a966bdc07,samples/p000560_a000048_000030_c19_l0.npz
p000560_a000048_000030_c20_l0,p000560,TRAIN,p000560_a000048,000030,20,multiview_distance,2.5,180,10,0,400,0,0,False,14564,c5db9d27fdae651ef14dfd8050833f740a106d4496c11cd6ed061ed95493ba54,samples/p000560_a000048_000030_c20_l0.npz
p000560_a000048_000030_c21_l0,p000560,TRAIN,p000560_a000048,000030,21,multiview_distance,3.2,180,10,0,400,0,0,False,8889,cc6e4cb35584057f1a05f15fa9bb5de3ba40a9cc4337c3b8848033ef94b24a6c,samples/p000560_a000048_000030_c21_l0.npz
p000560_a000048_000030_c22_l0,p000560,TRAIN,p000560_a000048,000030,22,multiview_distance,1.2,240,10,0,400,0,0,True,56454,cf110431bbb0ce972b478d76d0dec4423d481cd538bd0ef5813d5c98fd9d495b,samples/p000560_a000048_000030_c22_l0.npz
p000560_a000048_000030_c23_l0,p000560,TRAIN,p000560_a000048,000030,23,multiview_distance,1.8,240,10,0,400,0,0,False,25083,9363a1aed51dc7b9afb87c77277546218b6c992e4539019e89c0d1bf729203a5,samples/p000560_a000048_000030_c23_l0.npz
p000560_a000048_000030_c24_l0,p000560,TRAIN,p000560_a000048,000030,24,multiview_distance,2.5,240,10,0,400,0,0,False,12818,9a71a1e88ea31110433d716aa9db407a711fdd82b89a1f28666ebfadb147fe30,samples/p000560_a000048_000030_c24_l0.npz
p000560_a000048_000030_c25_l0,p000560,TRAIN,p000560_a000048,000030,25,multiview_distance,3.2,240,10,0,400,0,0,False,7797,ff018ac6ee76709e86308ef476787095094b2ebc95abfcd42dc95438044ecb19,samples/p000560_a000048_000030_c25_l0.npz
p000560_a000048_000030_c26_l0,p000560,TRAIN,p000560_a000048,000030,26,multiview_distance,1.2,300,10,0,400,0,0,True,54365,d9354b51bb7f2186a1aaf456962c895bceeb0dece86d7ef0205737672d6e41e7,samples/p000560_a000048_000030_c26_l0.npz
p000560_a000048_000030_c27_l0,p000560,TRAIN,p000560_a000048,000030,27,multiview_distance,1.8,300,10,0,400,0,0,False,23561,d2eaeff22ed03d7ec70c2d9c1bfce127640f7bc3c16166604f3af82f8e709d41,samples/p000560_a000048_000030_c27_l0.npz
p000560_a000048_000030_c28_l0,p000560,TRAIN,p000560_a000048,000030,28,multiview_distance,2.5,300,10,0,400,0,0,False,11737,7ec5b3e2271af0b6783c7c2a7638cb3bd8482baafa943733e4ebb86e6e1fee2e,samples/p000560_a000048_000030_c28_l0.npz
p000560_a000048_000030_c29_l0,p000560,TRAIN,p000560_a000048,000030,29,multiview_distance,3.2,300,10,0,400,0,0,False,7053,1f62ba42804e164a9668529f9850bec08c5c7f5f0ab82ba11e5ca0b89240c3c9,samples/p000560_a000048_000030_c29_l0.npz
p000560_a000048_000030_c30_l0,p000560,TRAIN,p000560_a000048,000030,30,elevation,1.8,180,0,0,400,0,0,False,27262,6ae040c19e55f41a6da18e813e363e4f58ec1b163345f68dfc85fc869820c17f,samples/p000560_a000048_000030_c30_l0.npz
p000560_a000048_000030_c31_l0,p000560,TRAIN,p000560_a000048,000030,31,elevation,3.2,180,0,0,400,0,0,False,8555,4da7aec682d584ede81cef8e2a1eb59c477e7ec603ce2c661e3e61f127213a9c,samples/p000560_a000048_000030_c31_l0.npz
p000560_a000048_000030_c32_l0,p000560,TRAIN,p000560_a000048,000030,32,elevation,1.8,180,25,0,400,0,0,False,29134,2bcf0b33d492818b96266defebad1d068cac6c65a7a29894e5f1ab9cb3afc748,samples/p000560_a000048_000030_c32_l0.npz
p000560_a000048_000030_c33_l0,p000560,TRAIN,p000560_a000048,000030,33,elevation,3.2,180,25,0,400,0,0,False,9082,d2304d115800ac451c95ce9c64aac7195b31042e6fef7b1ea150323e79832b45,samples/p000560_a000048_000030_c33_l0.npz
p000560_a000048_000030_c34_l0,p000560,TRAIN,p000560_a000048,000030,34,elevation,1.8,180,45,0,400,0,0,False,29184,d2f971698a4fcbc2014aa4ca892d6d5975989fb1f0bc00df95ad79465e875732,samples/p000560_a000048_000030_c34_l0.npz
p000560_a000048_000030_c35_l0,p000560,TRAIN,p000560_a000048,000030,35,elevation,3.2,180,45,0,400,0,0,False,8783,c09f4800c11576b918b708a89fe504d9fd2950a3621e3598ab0d3c781b3b0235,samples/p000560_a000048_000030_c35_l0.npz
p000560_a000048_000030_c36_l0,p000560,TRAIN,p000560_a000048,000030,36,elevation,1.8,180,65,0,400,0,0,False,27070,4cafb69734b6b82e02482c790e81791a4150ba3e68af9054d8320c86574660eb,samples/p000560_a000048_000030_c36_l0.npz
p000560_a000048_000030_c37_l0,p000560,TRAIN,p000560_a000048,000030,37,elevation,3.2,180,65,0,400,0,0,False,7702,952caa2b42f7536d343f9b929a2fb855287cf0b85b853c9b190561f977085ae3,samples/p000560_a000048_000030_c37_l0.npz
p000560_a000048_000030_c38_l0,p000560,TRAIN,p000560_a000048,000030,38,elevation,1.8,180,85,0,400,0,0,False,22228,6a07853eef59c22c9fee75dc1cca242bcb055c45a9bcaf6b1adc0e1878c53345,samples/p000560_a000048_000030_c38_l0.npz
p000560_a000048_000030_c39_l0,p000560,TRAIN,p000560_a000048,000030,39,elevation,3.2,180,85,0,400,0,0,False,6010,5bd8383eeb4094a46a761ae0bea590bc2b3320bf19233908f6adb78cda17b9c3,samples/p000560_a000048_000030_c39_l0.npz
p000560_a000048_000030_c40_l0,p000560,TRAIN,p000560_a000048,000030,40,roll,1.8,180,10,-90,400,0,0,False,28204,99c59ca86fe68a497f0e4798322824eda2aa322d07b67efb4fc20e60182f94df,samples/p000560_a000048_000030_c40_l0.npz
p000560_a000048_000030_c41_l0,p000560,TRAIN,p000560_a000048,000030,41,roll,3.2,180,10,-90,400,0,0,False,8889,b8a26687705fc9f9802de83e3769d404d18e962b350de3e27a4df94d4bf90d5e,samples/p000560_a000048_000030_c41_l0.npz
p000560_a000048_000030_c42_l0,p000560,TRAIN,p000560_a000048,000030,42,roll,1.8,180,10,-45,400,0,0,False,28195,18a0f92d40b10fe8fb3646d4958e36d1b02cac72340035071c231a34f2840699,samples/p000560_a000048_000030_c42_l0.npz
p000560_a000048_000030_c43_l0,p000560,TRAIN,p000560_a000048,000030,43,roll,3.2,180,10,-45,400,0,0,False,8887,cfc2ef0be3249b824a0ab2a79953b2966a2e54c3e7d12efe191dfee20269b3f0,samples/p000560_a000048_000030_c43_l0.npz
p000560_a000048_000030_c44_l0,p000560,TRAIN,p000560_a000048,000030,44,roll,1.8,180,10,-15,400,0,0,False,28182,90e83bfee74f17ac4a899dcc4291c95ac10bd878601df83c1fc1fb1e8fcb298e,samples/p000560_a000048_000030_c44_l0.npz
p000560_a000048_000030_c45_l0,p000560,TRAIN,p000560_a000048,000030,45,roll,3.2,180,10,-15,400,0,0,False,8881,982cf5c106c1226bd3434a9e40092c3bf49f561e7b045bb75b39247f06415c3d,samples/p000560_a000048_000030_c45_l0.npz
p000560_a000048_000030_c46_l0,p000560,TRAIN,p000560_a000048,000030,46,roll,1.8,180,10,15,400,0,0,False,28205,8223484c977de1c6bb092cbb8d3ccbe7548c04933703bb2c9b7d185e0c8298dc,samples/p000560_a000048_000030_c46_l0.npz
p000560_a000048_000030_c47_l0,p000560,TRAIN,p000560_a000048,000030,47,roll,3.2,180,10,15,400,0,0,False,8894,e0efa925eda03839c844524481d2e634f35f838d378e4cc69d38e33786d40715,samples/p000560_a000048_000030_c47_l0.npz
p000560_a000048_000030_c48_l0,p000560,TRAIN,p000560_a000048,000030,48,roll,1.8,180,10,45,400,0,0,False,28195,7e293bc6b6e68d694dd7812fb3c8418f476615658c0922d98614b4f6f1402f49,samples/p000560_a000048_000030_c48_l0.npz
p000560_a000048_000030_c49_l0,p000560,TRAIN,p000560_a000048,000030,49,roll,3.2,180,10,45,400,0,0,False,8887,84fa8c897e2b436c2534b76207b376ec76b9c989c7cb53fc01a5ad369887b575,samples/p000560_a000048_000030_c49_l0.npz
p000560_a000048_000030_c50_l0,p000560,TRAIN,p000560_a000048,000030,50,roll,1.8,180,10,90,400,0,0,False,28204,af26a5eba339fbf6f54fb14cba86732862b1968d4aecad409047cd90b7d9f80b,samples/p000560_a000048_000030_c50_l0.npz
p000560_a000048_000030_c51_l0,p000560,TRAIN,p000560_a000048,000030,51,roll,3.2,180,10,90,400,0,0,False,8889,859861581ba6ad146df0c9e371598b810fa61e9c11da11977cd00cf2ec5b421e,samples/p000560_a000048_000030_c51_l0.npz
p000560_a000048_000030_c52_l0,p000560,TRAIN,p000560_a000048,000030,52,offcentre,2.5,180,10,0,400,-0.25,0,False,15500,1336617ddf357feeca37f3dd67daf6522cc92dff0acddda219933bfd7306495f,samples/p000560_a000048_000030_c52_l0.npz
p000560_a000048_000030_c53_l0,p000560,TRAIN,p000560_a000048,000030,53,offcentre,2.5,180,10,0,400,0.25,0,False,15082,4842677085e81e1c3063e6b73727b42be420fb41404b2ed3358f38f3e9f76153,samples/p000560_a000048_000030_c53_l0.npz
p000560_a000048_000030_c54_l0,p000560,TRAIN,p000560_a000048,000030,54,offcentre,2.5,180,10,0,400,0,-0.2,False,14269,02fd26b97cb710ab7fcc2da6f246cfc3b96da2779c5fbc3e4536b1fbb3f630da,samples/p000560_a000048_000030_c54_l0.npz
p000560_a000048_000030_c55_l0,p000560,TRAIN,p000560_a000048,000030,55,offcentre,2.5,180,10,0,400,0,0.2,False,15110,5a3b3ca6fc59fa9579c75d3b4e18a1b7331630d3a374b179aa00b7cb721bed21,samples/p000560_a000048_000030_c55_l0.npz
p000560_a000048_000030_c56_l0,p000560,TRAIN,p000560_a000048,000030,56,focal,2.5,180,10,0,300,0,0,False,8178,0c4712cda0e3d837d1710762ebabcc18318406451717a6cd4ffcdcd4d9c0cedf,samples/p000560_a000048_000030_c56_l0.npz
p000560_a000048_000030_c57_l0,p000560,TRAIN,p000560_a000048,000030,57,focal,2.5,180,10,0,500,0,0,False,22749,8baa68181c775f4103c6e97eb9cf976093b38445fdb2edfbc380a4e7c781b3f5,samples/p000560_a000048_000030_c57_l0.npz
p000560_a000048_000030_c58_l0,p000560,TRAIN,p000560_a000048,000030,58,focal,2.5,180,10,0,650,0,0,False,38431,24f40f54d4b49951202b64869e147e5ac88c4a0ceb6a64c6e176cf6a38782232,samples/p000560_a000048_000030_c58_l0.npz
p000560_a000048_000030_c59_l0,p000560,TRAIN,p000560_a000048,000030,59,focal,2.5,180,10,0,850,0,0,True,62646,5b34ee9e2c788299367c1beace1fd2fa63f3175b4b2a5c2cfb34b989c8e678c6,samples/p000560_a000048_000030_c59_l0.npz
p000560_a000048_000030_c60_l0,p000560,TRAIN,p000560_a000048,000030,60,matched_angular_size,1.2,180,10,0,200,0,0,False,16212,10b16b2693ee92ac6eb44b715636cd8ab1082d0a09e753fe2e25c94482acefe8,samples/p000560_a000048_000030_c60_l0.npz
p000560_a000048_000030_c61_l0,p000560,TRAIN,p000560_a000048,000030,61,matched_angular_size,1.8,180,10,0,300,0,0,False,15863,e06ad3c06c3ce89f3815c9ae67c7eab356c339c906f4362e7405ee013bd0a495,samples/p000560_a000048_000030_c61_l0.npz
p000560_a000048_000030_c62_l0,p000560,TRAIN,p000560_a000048,000030,62,matched_angular_size,3,180,10,0,500,0,0,False,15801,fdc5d1e31964e8170b90a7bbb59c5350dcf74fa5140409960c90703e6f84d974,samples/p000560_a000048_000030_c62_l0.npz
p000560_a000048_000030_c63_l0,p000560,TRAIN,p000560_a000048,000030,63,matched_angular_size,4,180,10,0,666.6666666666666,0,0,False,15816,40b89732829b45026788eda0ebc7a9564c451cfe6dbc5ff602ea6c17be0fd860,samples/p000560_a000048_000030_c63_l0.npz
p000560_a000048_000120_c00_l0,p000560,TRAIN,p000560_a000048,000120,0,distance,0.8,30,10,0,400,0,0,True,95139,deaa8f8a6e588043aa6e8b22641e2f37187734582a869e5f573d7a07410bc565,samples/p000560_a000048_000120_c00_l0.npz
p000560_a000048_000120_c01_l0,p000560,TRAIN,p000560_a000048,000120,1,distance,1.2,30,10,0,400,0,0,True,73327,08929d5b243bb7569a6ec42181755946b6b048dde689532d1518039dfd158d45,samples/p000560_a000048_000120_c01_l0.npz
p000560_a000048_000120_c02_l0,p000560,TRAIN,p000560_a000048,000120,2,distance,1.8,30,10,0,400,0,0,False,30412,21f33e97d4223b08505b8e0a9fca121d8b844f7f878ea0ad0821462f0de74a71,samples/p000560_a000048_000120_c02_l0.npz
p000560_a000048_000120_c03_l0,p000560,TRAIN,p000560_a000048,000120,3,distance,2.5,30,10,0,400,0,0,False,14693,56ce1b9f220abb3dd1bc4b0ed9b721f2f9158ec944d81f997b47622fd93b8b1a,samples/p000560_a000048_000120_c03_l0.npz
p000560_a000048_000120_c04_l0,p000560,TRAIN,p000560_a000048,000120,4,distance,3.2,30,10,0,400,0,0,False,8674,c06855b29a76280dab7e1343c36fc344ae75fc7a2c5e2c792efd4f5c1bfe3264,samples/p000560_a000048_000120_c04_l0.npz
p000560_a000048_000120_c05_l0,p000560,TRAIN,p000560_a000048,000120,5,distance,4.0,30,10,0,400,0,0,False,5456,956f1badaaf6ad5fee55743fc3397b593721343734fff180df206d511c0ce162,samples/p000560_a000048_000120_c05_l0.npz
p000560_a000048_000120_c06_l0,p000560,TRAIN,p000560_a000048,000120,6,multiview_distance,1.2,0,10,0,400,0,0,True,75918,0511d25264a42780c379a3ec21dc4a558e8e5deda28e1c7b7bca776fe56a1dd7,samples/p000560_a000048_000120_c06_l0.npz
p000560_a000048_000120_c07_l0,p000560,TRAIN,p000560_a000048,000120,7,multiview_distance,1.8,0,10,0,400,0,0,False,31980,9d3066933f7e7922f17c424e36015070277785452957e6cf9f69bf972e0a7fe3,samples/p000560_a000048_000120_c07_l0.npz
p000560_a000048_000120_c08_l0,p000560,TRAIN,p000560_a000048,000120,8,multiview_distance,2.5,0,10,0,400,0,0,False,15442,4841725483dfa053286620ba934abf9c0091b22f376700ff5f4ea6b844168500,samples/p000560_a000048_000120_c08_l0.npz
p000560_a000048_000120_c09_l0,p000560,TRAIN,p000560_a000048,000120,9,multiview_distance,3.2,0,10,0,400,0,0,False,9143,30b22891c081d42827da9e53627653120421f8f4fa48e5549c2b1cddad6144f8,samples/p000560_a000048_000120_c09_l0.npz
p000560_a000048_000120_c10_l0,p000560,TRAIN,p000560_a000048,000120,10,multiview_distance,1.2,60,10,0,400,0,0,True,56908,57615f32e081c2de21430644f3425841d89f8f88a7c45a21117d88110c10fd17,samples/p000560_a000048_000120_c10_l0.npz
p000560_a000048_000120_c11_l0,p000560,TRAIN,p000560_a000048,000120,11,multiview_distance,1.8,60,10,0,400,0,0,False,25337,6953a6cf02e95667e9d6050cff32918a383021bcb4e4d2bdf87eb6e684c434c2,samples/p000560_a000048_000120_c11_l0.npz
p000560_a000048_000120_c12_l0,p000560,TRAIN,p000560_a000048,000120,12,multiview_distance,2.5,60,10,0,400,0,0,False,12389,fefa405ea00f370507e36ffb83a7b205ac6ff44f24be5762e160488abd0bdb97,samples/p000560_a000048_000120_c12_l0.npz
p000560_a000048_000120_c13_l0,p000560,TRAIN,p000560_a000048,000120,13,multiview_distance,3.2,60,10,0,400,0,0,False,7375,fb44de82001bdbd24b6ab711bb1107fce08f25148eb1253e738ebab6f5b4e628,samples/p000560_a000048_000120_c13_l0.npz
p000560_a000048_000120_c14_l0,p000560,TRAIN,p000560_a000048,000120,14,multiview_distance,1.2,120,10,0,400,0,0,True,55482,39081b204e15d986e0de008f7b0c954ea7920f071420e792d7e3114460432bb6,samples/p000560_a000048_000120_c14_l0.npz
p000560_a000048_000120_c15_l0,p000560,TRAIN,p000560_a000048,000120,15,multiview_distance,1.8,120,10,0,400,0,0,False,24865,a74fc4ac8ac16c9df8ae8e9d4296dc0e38efa6f77e99985e14d2f21c388b0f9a,samples/p000560_a000048_000120_c15_l0.npz
p000560_a000048_000120_c16_l0,p000560,TRAIN,p000560_a000048,000120,16,multiview_distance,2.5,120,10,0,400,0,0,False,12455,b7d9506fe608256e041d276c192b6ceaa81de877ef4a7298165664f7bea61246,samples/p000560_a000048_000120_c16_l0.npz
p000560_a000048_000120_c17_l0,p000560,TRAIN,p000560_a000048,000120,17,multiview_distance,3.2,120,10,0,400,0,0,False,7489,f0592ef661d8a81d57868047f8e5d96345ef0e6f3df179631ae7ff4f439b4ca3,samples/p000560_a000048_000120_c17_l0.npz
p000560_a000048_000120_c18_l0,p000560,TRAIN,p000560_a000048,000120,18,multiview_distance,1.2,180,10,0,400,0,0,True,61269,ecb2f17a80c8f53c69e8731093ec4571eb77850be2ae402a9b648f8f45852f02,samples/p000560_a000048_000120_c18_l0.npz
p000560_a000048_000120_c19_l0,p000560,TRAIN,p000560_a000048,000120,19,multiview_distance,1.8,180,10,0,400,0,0,False,28694,73eb4e2a84df5b953e6f40d7a678a612754243e424d0c7547ae9f63d61bdccca,samples/p000560_a000048_000120_c19_l0.npz
p000560_a000048_000120_c20_l0,p000560,TRAIN,p000560_a000048,000120,20,multiview_distance,2.5,180,10,0,400,0,0,False,14873,6a355644f3e9a6a2a3ea800688caadb5526698f76e2ee15715f8496ce038311e,samples/p000560_a000048_000120_c20_l0.npz
p000560_a000048_000120_c21_l0,p000560,TRAIN,p000560_a000048,000120,21,multiview_distance,3.2,180,10,0,400,0,0,False,9111,ce16f4d8067df7a9067fd84b9d1a09631ba1dba67459dc93df9709d745c4531e,samples/p000560_a000048_000120_c21_l0.npz
p000560_a000048_000120_c22_l0,p000560,TRAIN,p000560_a000048,000120,22,multiview_distance,1.2,240,10,0,400,0,0,True,58419,f8158e0d157393a65444c5aa0d11ee9f8b39aeed95e6a44a7b2ac1f1ed31150a,samples/p000560_a000048_000120_c22_l0.npz
p000560_a000048_000120_c23_l0,p000560,TRAIN,p000560_a000048,000120,23,multiview_distance,1.8,240,10,0,400,0,0,False,27180,2c0b60d4bfb9adada27cffa5b65dc17d2c3950f4553800b0ba40f66336e87adc,samples/p000560_a000048_000120_c23_l0.npz
p000560_a000048_000120_c24_l0,p000560,TRAIN,p000560_a000048,000120,24,multiview_distance,2.5,240,10,0,400,0,0,False,13522,031487af343b04dfd5cbff0346b7b28a7b27371b0978a5987ac1a82437594420,samples/p000560_a000048_000120_c24_l0.npz
p000560_a000048_000120_c25_l0,p000560,TRAIN,p000560_a000048,000120,25,multiview_distance,3.2,240,10,0,400,0,0,False,8111,16ddf9af8a8ce64c19910a1554cf1cf37a5dca05fd6635c272c174038760e143,samples/p000560_a000048_000120_c25_l0.npz
p000560_a000048_000120_c26_l0,p000560,TRAIN,p000560_a000048,000120,26,multiview_distance,1.2,300,10,0,400,0,0,True,57573,4b9c7ee7a7572799b02a055c1ae14401a2cac4a23354814548b84fbe244eb94f,samples/p000560_a000048_000120_c26_l0.npz
p000560_a000048_000120_c27_l0,p000560,TRAIN,p000560_a000048,000120,27,multiview_distance,1.8,300,10,0,400,0,0,False,24785,82bc4f056cb897ec048743ca67506d45c893db6aecf9b791dd81f778e976e08d,samples/p000560_a000048_000120_c27_l0.npz
p000560_a000048_000120_c28_l0,p000560,TRAIN,p000560_a000048,000120,28,multiview_distance,2.5,300,10,0,400,0,0,False,12093,6b4ecb2a0e4f7673dfe84ad51e6afd44628d6a24191bd9102a47b9dff5c04688,samples/p000560_a000048_000120_c28_l0.npz
p000560_a000048_000120_c29_l0,p000560,TRAIN,p000560_a000048,000120,29,multiview_distance,3.2,300,10,0,400,0,0,False,7201,01357f8f9fc4d85f4d80dcc13a9ad33deff8901207cf9282d5f3cf929be2373d,samples/p000560_a000048_000120_c29_l0.npz
p000560_a000048_000120_c30_l0,p000560,TRAIN,p000560_a000048,000120,30,elevation,1.8,180,0,0,400,0,0,False,27616,15a35e1ebd8270613f23deec1b4755772d810aad89d5b880c264fbf43b5e21c0,samples/p000560_a000048_000120_c30_l0.npz
p000560_a000048_000120_c31_l0,p000560,TRAIN,p000560_a000048,000120,31,elevation,3.2,180,0,0,400,0,0,False,8727,60252a3f9baafc1bb8412c435e2e54df207b8c8d7e8eff7d378f38de95ecd61d,samples/p000560_a000048_000120_c31_l0.npz
p000560_a000048_000120_c32_l0,p000560,TRAIN,p000560_a000048,000120,32,elevation,1.8,180,25,0,400,0,0,False,29988,fc39115b8337e7108af340810f556d91c42f7c1d8ce25d6923e083af008aa3a6,samples/p000560_a000048_000120_c32_l0.npz
p000560_a000048_000120_c33_l0,p000560,TRAIN,p000560_a000048,000120,33,elevation,3.2,180,25,0,400,0,0,False,9394,3f7697419e7c9f6b509bc490caee38c3cbeedad58c138f4ff962a681c375baed,samples/p000560_a000048_000120_c33_l0.npz
p000560_a000048_000120_c34_l0,p000560,TRAIN,p000560_a000048,000120,34,elevation,1.8,180,45,0,400,0,0,False,30631,adea518c46bd7dd125e13d7e342d5cd32f506dcef970d068486eaf02d53c6a87,samples/p000560_a000048_000120_c34_l0.npz
p000560_a000048_000120_c35_l0,p000560,TRAIN,p000560_a000048,000120,35,elevation,3.2,180,45,0,400,0,0,False,9211,926705d80c902643f3bced92f9875b8741bb01cd5e996537de3fce7ef726d53b,samples/p000560_a000048_000120_c35_l0.npz
p000560_a000048_000120_c36_l0,p000560,TRAIN,p000560_a000048,000120,36,elevation,1.8,180,65,0,400,0,0,False,29276,a955a02c4e2e2f03f347291eca1612c2182fc12f0d413c24e6588a4f0e096668,samples/p000560_a000048_000120_c36_l0.npz
p000560_a000048_000120_c37_l0,p000560,TRAIN,p000560_a000048,000120,37,elevation,3.2,180,65,0,400,0,0,False,8257,b5edcd9a7e039511a0315168c43204882e8c49e6527304c90edf8081d01749f9,samples/p000560_a000048_000120_c37_l0.npz
p000560_a000048_000120_c38_l0,p000560,TRAIN,p000560_a000048,000120,38,elevation,1.8,180,85,0,400,0,0,False,25222,2541b36490c919ff54ca42c1ed8d6329d04c36185629586dbaff1d031977ce2d,samples/p000560_a000048_000120_c38_l0.npz
p000560_a000048_000120_c39_l0,p000560,TRAIN,p000560_a000048,000120,39,elevation,3.2,180,85,0,400,0,0,False,6721,9c178fb7ef45a82a754c518d286b821305b2d5fc8f706670c0c932527366b78f,samples/p000560_a000048_000120_c39_l0.npz
p000560_a000048_000120_c40_l0,p000560,TRAIN,p000560_a000048,000120,40,roll,1.8,180,10,-90,400,0,0,False,28694,f427ae198c5cdb4ab0068fe8a5fc635e7f8b15f4960679a3448ce907e9068098,samples/p000560_a000048_000120_c40_l0.npz
p000560_a000048_000120_c41_l0,p000560,TRAIN,p000560_a000048,000120,41,roll,3.2,180,10,-90,400,0,0,False,9111,194bd2ecbc786e7a429bbc56ca0da97a71961498041562a3462def7f3b302b14,samples/p000560_a000048_000120_c41_l0.npz
p000560_a000048_000120_c42_l0,p000560,TRAIN,p000560_a000048,000120,42,roll,1.8,180,10,-45,400,0,0,False,28696,cc263e9f0505cdb6a0eb2283cc65cb44145412c35302679f7f1a13a835f336fe,samples/p000560_a000048_000120_c42_l0.npz
p000560_a000048_000120_c43_l0,p000560,TRAIN,p000560_a000048,000120,43,roll,3.2,180,10,-45,400,0,0,False,9083,47f4c9d50ea1bb76799a8d4e963732f8a7d532af63c39384e72bacad3c523771,samples/p000560_a000048_000120_c43_l0.npz
p000560_a000048_000120_c44_l0,p000560,TRAIN,p000560_a000048,000120,44,roll,1.8,180,10,-15,400,0,0,False,28695,8862b568c79576af2623dbf8818bce8c165266b4d853b6509ff15936d5d4d844,samples/p000560_a000048_000120_c44_l0.npz
p000560_a000048_000120_c45_l0,p000560,TRAIN,p000560_a000048,000120,45,roll,3.2,180,10,-15,400,0,0,False,9092,0cfa2009cc968a88eb33271ca069b706b2e6f27d7cf8edc1a8a800e7ad44defe,samples/p000560_a000048_000120_c45_l0.npz
p000560_a000048_000120_c46_l0,p000560,TRAIN,p000560_a000048,000120,46,roll,1.8,180,10,15,400,0,0,False,28704,f8d702b6a9a3568bcd32328353ca06a4918f5939989ace18e04cf37ccbdc8f80,samples/p000560_a000048_000120_c46_l0.npz
p000560_a000048_000120_c47_l0,p000560,TRAIN,p000560_a000048,000120,47,roll,3.2,180,10,15,400,0,0,False,9111,997e018eee1f2374805ed5dead5209d23207d0efe1c7dcca95e9f46ed3d20376,samples/p000560_a000048_000120_c47_l0.npz
p000560_a000048_000120_c48_l0,p000560,TRAIN,p000560_a000048,000120,48,roll,1.8,180,10,45,400,0,0,False,28696,1112c5b5c843fa79360ce0f842b60bb6407ee0ae30ccac6ccf8eddb62f726ee2,samples/p000560_a000048_000120_c48_l0.npz
p000560_a000048_000120_c49_l0,p000560,TRAIN,p000560_a000048,000120,49,roll,3.2,180,10,45,400,0,0,False,9083,e5cd075a2e3ca260ff1757e69940afd0d21eb3b084cc6cb1b7819ddcf4c62e87,samples/p000560_a000048_000120_c49_l0.npz
p000560_a000048_000120_c50_l0,p000560,TRAIN,p000560_a000048,000120,50,roll,1.8,180,10,90,400,0,0,False,28694,b93d4ae5c22aa3bfe5c6a0b026ca421e7ee14fa25e7869f82d60991ea5ecdee4,samples/p000560_a000048_000120_c50_l0.npz
p000560_a000048_000120_c51_l0,p000560,TRAIN,p000560_a000048,000120,51,roll,3.2,180,10,90,400,0,0,False,9111,29998932cf0e49b27dcc91188c6100550e3ecaca27d05c361476bd294345aa89,samples/p000560_a000048_000120_c51_l0.npz
p000560_a000048_000120_c52_l0,p000560,TRAIN,p000560_a000048,000120,52,offcentre,2.5,180,10,0,400,-0.25,0,False,15732,dc35dc029623001a2b892f45dbab8bdc1568021848536b056d60ef4711cf3607,samples/p000560_a000048_000120_c52_l0.npz
p000560_a000048_000120_c53_l0,p000560,TRAIN,p000560_a000048,000120,53,offcentre,2.5,180,10,0,400,0.25,0,False,15399,0d6cc912c9165c0cf32b13a101c2e4e35a1f2e15568a390b68dbde0dc836ef5a,samples/p000560_a000048_000120_c53_l0.npz
p000560_a000048_000120_c54_l0,p000560,TRAIN,p000560_a000048,000120,54,offcentre,2.5,180,10,0,400,0,-0.2,False,14518,3bfb0ced4647d4ffe837196d070e9534ae16fc1175815ba3924ff66f10a5c2dc,samples/p000560_a000048_000120_c54_l0.npz
p000560_a000048_000120_c55_l0,p000560,TRAIN,p000560_a000048,000120,55,offcentre,2.5,180,10,0,400,0,0.2,False,15530,b0b22afd70c6abf4b603b9b54557fa668207a0b73997adec70f588bcc61db034,samples/p000560_a000048_000120_c55_l0.npz
p000560_a000048_000120_c56_l0,p000560,TRAIN,p000560_a000048,000120,56,focal,2.5,180,10,0,300,0,0,False,8366,0fd319cb15baebed9dde6cc7d37dfbe07544d1b9962a4ba535659806f70de6d4,samples/p000560_a000048_000120_c56_l0.npz
p000560_a000048_000120_c57_l0,p000560,TRAIN,p000560_a000048,000120,57,focal,2.5,180,10,0,500,0,0,False,23250,8bad4ee4534bef1a01e01d15c4951ee0161ae2e493f0ae65b0864a0d46e7caf5,samples/p000560_a000048_000120_c57_l0.npz
p000560_a000048_000120_c58_l0,p000560,TRAIN,p000560_a000048,000120,58,focal,2.5,180,10,0,650,0,0,False,39267,14ad397c0abe8340211d5fa1272fa84e4e19448eb3c31e418bed08a2333035ab,samples/p000560_a000048_000120_c58_l0.npz
p000560_a000048_000120_c59_l0,p000560,TRAIN,p000560_a000048,000120,59,focal,2.5,180,10,0,850,0,0,True,64817,2f17cdb66ef2fb2a74d522b3317dd47bb787412a0ce15f816b63d0ab181d4024,samples/p000560_a000048_000120_c59_l0.npz
p000560_a000048_000120_c60_l0,p000560,TRAIN,p000560_a000048,000120,60,matched_angular_size,1.2,180,10,0,200,0,0,False,16407,ca3fe6a0200f9cef1b080c1fb415dbe1f5477cd9d87475b187111be0cde2d429,samples/p000560_a000048_000120_c60_l0.npz
p000560_a000048_000120_c61_l0,p000560,TRAIN,p000560_a000048,000120,61,matched_angular_size,1.8,180,10,0,300,0,0,False,16136,dbfa20385a4647b5f36719702c6abe34052a39771247cb99cc93db05cd976023,samples/p000560_a000048_000120_c61_l0.npz
p000560_a000048_000120_c62_l0,p000560,TRAIN,p000560_a000048,000120,62,matched_angular_size,3,180,10,0,500,0,0,False,16177,6683b54ae22aa8967d57bfda80dc04ffc5d25a03b28475b3aabf4adfff27dc43,samples/p000560_a000048_000120_c62_l0.npz
p000560_a000048_000120_c63_l0,p000560,TRAIN,p000560_a000048,000120,63,matched_angular_size,4,180,10,0,666.6666666666666,0,0,False,16223,a7f67d4637991638a55b1faae3d5af9bdec8afdf3f993eff3891d2a1e37ea1ea,samples/p000560_a000048_000120_c63_l0.npz
p000587_a000040_000018_c00_l0,p000587,TRAIN,p000587_a000040,000018,0,distance,0.8,30,10,0,400,0,0,True,97518,fb139e28ffa6bdd3f832349631bde74fda5949dcf16e5bb46f97df9b0e561a75,samples/p000587_a000040_000018_c00_l0.npz
p000587_a000040_000018_c01_l0,p000587,TRAIN,p000587_a000040,000018,1,distance,1.2,30,10,0,400,0,0,True,48788,788a63a4f70ade03ea6320cec608e39f0727f37b399a2857a5bb4137b7ba3d08,samples/p000587_a000040_000018_c01_l0.npz
p000587_a000040_000018_c02_l0,p000587,TRAIN,p000587_a000040,000018,2,distance,1.8,30,10,0,400,0,0,False,21494,a8a114be242dd859021607f98e96fedf3d7507a41682a66d43adf1d417974e5c,samples/p000587_a000040_000018_c02_l0.npz
p000587_a000040_000018_c03_l0,p000587,TRAIN,p000587_a000040,000018,3,distance,2.5,30,10,0,400,0,0,False,10675,d355120808523f29efe54e5d8370fdd723ffafbbf09ecdaf32f02fe6b6daff41,samples/p000587_a000040_000018_c03_l0.npz
p000587_a000040_000018_c04_l0,p000587,TRAIN,p000587_a000040,000018,4,distance,3.2,30,10,0,400,0,0,False,6376,7714cf423b3b7079954f5c3c9022f17de9897d2bc6a5e158d5203dee1f1c34c0,samples/p000587_a000040_000018_c04_l0.npz
p000587_a000040_000018_c05_l0,p000587,TRAIN,p000587_a000040,000018,5,distance,4.0,30,10,0,400,0,0,False,4037,82c9d9dfe2d3afa6b59a0e60fc86ebbf23b0141b1059ee9a7d3f19ea09548247,samples/p000587_a000040_000018_c05_l0.npz
p000587_a000040_000018_c06_l0,p000587,TRAIN,p000587_a000040,000018,6,multiview_distance,1.2,0,10,0,400,0,0,True,50969,cd201ebd8f260e16c5cb477addb2387110c2d2507adb535127a86b817c7b592e,samples/p000587_a000040_000018_c06_l0.npz
p000587_a000040_000018_c07_l0,p000587,TRAIN,p000587_a000040,000018,7,multiview_distance,1.8,0,10,0,400,0,0,False,22746,b81ea3b0d14a32f0dfb9ee55d0b0905e5d87e72f698eaadc77ad7316103e7ef3,samples/p000587_a000040_000018_c07_l0.npz
p000587_a000040_000018_c08_l0,p000587,TRAIN,p000587_a000040,000018,8,multiview_distance,2.5,0,10,0,400,0,0,False,11262,0bcc306a2875eae8300f021933e3f0734a21e6f538707471378cfe43c1cfd1b0,samples/p000587_a000040_000018_c08_l0.npz
p000587_a000040_000018_c09_l0,p000587,TRAIN,p000587_a000040,000018,9,multiview_distance,3.2,0,10,0,400,0,0,False,6722,a2fe145d63e73d014a285bee4af0a1336ba05a9ab78f772eb6b7e44c2fd021fa,samples/p000587_a000040_000018_c09_l0.npz
p000587_a000040_000018_c10_l0,p000587,TRAIN,p000587_a000040,000018,10,multiview_distance,1.2,60,10,0,400,0,0,True,48251,77e5780bbaa04de4abda453c6067ba370a7f2ddbf0bef16520b2a0106f7dd525,samples/p000587_a000040_000018_c10_l0.npz
p000587_a000040_000018_c11_l0,p000587,TRAIN,p000587_a000040,000018,11,multiview_distance,1.8,60,10,0,400,0,0,False,21616,d1ee5e7692f7a6fea490e4336108151deb97ef85257147d6c0f9d618e1d22ad6,samples/p000587_a000040_000018_c11_l0.npz
p000587_a000040_000018_c12_l0,p000587,TRAIN,p000587_a000040,000018,12,multiview_distance,2.5,60,10,0,400,0,0,False,10995,a57b21223b49b926fff9699cb2c9ec192c10c86e9d14d7ded2a1176d3e74d10e,samples/p000587_a000040_000018_c12_l0.npz
p000587_a000040_000018_c13_l0,p000587,TRAIN,p000587_a000040,000018,13,multiview_distance,3.2,60,10,0,400,0,0,False,6666,0254a1c58154509fe5978d1bf7d0efdadf46b6b5a6985dc20a80d8badeb5248e,samples/p000587_a000040_000018_c13_l0.npz
p000587_a000040_000018_c14_l0,p000587,TRAIN,p000587_a000040,000018,14,multiview_distance,1.2,120,10,0,400,0,0,True,42590,69facbe2b654f27cf17bde5d3a0e62a782d8ba136e0423cbf75e50aa54e3df5d,samples/p000587_a000040_000018_c14_l0.npz
p000587_a000040_000018_c15_l0,p000587,TRAIN,p000587_a000040,000018,15,multiview_distance,1.8,120,10,0,400,0,0,False,19314,39d76329ea15874dca2cbfa4c6fb8a7e6faea0f14f5f93e5d4766833775f4093,samples/p000587_a000040_000018_c15_l0.npz
p000587_a000040_000018_c16_l0,p000587,TRAIN,p000587_a000040,000018,16,multiview_distance,2.5,120,10,0,400,0,0,False,10095,36c1d43e2689a795c45680888faf3dc9a9d3321df163fea25c79730ed2e8dec5,samples/p000587_a000040_000018_c16_l0.npz
p000587_a000040_000018_c17_l0,p000587,TRAIN,p000587_a000040,000018,17,multiview_distance,3.2,120,10,0,400,0,0,False,6196,3df703bec1b842341a5c0b2db7b39363c30a4fea1740094f451369691a5b114e,samples/p000587_a000040_000018_c17_l0.npz
p000587_a000040_000018_c18_l0,p000587,TRAIN,p000587_a000040,000018,18,multiview_distance,1.2,180,10,0,400,0,0,True,46694,9c89afc95db2fc83b75470b90f755237ea35651a0aa6adf4a448af5dbd3ceaba,samples/p000587_a000040_000018_c18_l0.npz
p000587_a000040_000018_c19_l0,p000587,TRAIN,p000587_a000040,000018,19,multiview_distance,1.8,180,10,0,400,0,0,False,21182,635096b4cc8e9d6c3510fbaee98b851dd3e5ad88d3ac71577f99bfc69d3ea057,samples/p000587_a000040_000018_c19_l0.npz
p000587_a000040_000018_c20_l0,p000587,TRAIN,p000587_a000040,000018,20,multiview_distance,2.5,180,10,0,400,0,0,False,10900,3e9ad4e77bd3a2bbef872c8f1588b8d4abe8f990b911c6caf4162507431fd138,samples/p000587_a000040_000018_c20_l0.npz
p000587_a000040_000018_c21_l0,p000587,TRAIN,p000587_a000040,000018,21,multiview_distance,3.2,180,10,0,400,0,0,False,6650,b44790881caacaddba49c5e525ac30240e20f492e2881192557fe0c201ad509c,samples/p000587_a000040_000018_c21_l0.npz
p000587_a000040_000018_c22_l0,p000587,TRAIN,p000587_a000040,000018,22,multiview_distance,1.2,240,10,0,400,0,0,True,48194,e4a0eb83ac1ba5f580988e8e7042da29c22ffcbb1daf5d585e11891105d471d9,samples/p000587_a000040_000018_c22_l0.npz
p000587_a000040_000018_c23_l0,p000587,TRAIN,p000587_a000040,000018,23,multiview_distance,1.8,240,10,0,400,0,0,False,22102,3e79611a68ac8c6449faa66381ff1bc27a422163c8fd2a8efda162a17e44fd4b,samples/p000587_a000040_000018_c23_l0.npz
p000587_a000040_000018_c24_l0,p000587,TRAIN,p000587_a000040,000018,24,multiview_distance,2.5,240,10,0,400,0,0,False,11199,8000401a9e824c5a363b461f6b72856b5c178e223e7219935559dd09cac97623,samples/p000587_a000040_000018_c24_l0.npz
p000587_a000040_000018_c25_l0,p000587,TRAIN,p000587_a000040,000018,25,multiview_distance,3.2,240,10,0,400,0,0,False,6755,e9563fad901942e7f15d0168482471621f69295dda049517fe9dd46c56cd2087,samples/p000587_a000040_000018_c25_l0.npz
p000587_a000040_000018_c26_l0,p000587,TRAIN,p000587_a000040,000018,26,multiview_distance,1.2,300,10,0,400,0,0,True,48905,eef124a46f6b8a300f0cd44672b6958455452033e8fe17c69c03b79e7ad6b032,samples/p000587_a000040_000018_c26_l0.npz
p000587_a000040_000018_c27_l0,p000587,TRAIN,p000587_a000040,000018,27,multiview_distance,1.8,300,10,0,400,0,0,False,21958,b38f3a183d23059444b7dcc68edd82d38d96265fc5893a45b63dc6309e7e2f3f,samples/p000587_a000040_000018_c27_l0.npz
p000587_a000040_000018_c28_l0,p000587,TRAIN,p000587_a000040,000018,28,multiview_distance,2.5,300,10,0,400,0,0,False,10891,628338c8dc1b617769a23d492d1d1848368b9a593f909530dbc0ab8bb85673c2,samples/p000587_a000040_000018_c28_l0.npz
p000587_a000040_000018_c29_l0,p000587,TRAIN,p000587_a000040,000018,29,multiview_distance,3.2,300,10,0,400,0,0,False,6527,cd4f490dd91b53c89703b760a3937e997811d2bd441d126c4188a8c485b494e7,samples/p000587_a000040_000018_c29_l0.npz
p000587_a000040_000018_c30_l0,p000587,TRAIN,p000587_a000040,000018,30,elevation,1.8,180,0,0,400,0,0,False,20489,e7cc8fb465c7a8f9de3ea26632d3b34f27e7d925eb2580f3ddebccb844135c16,samples/p000587_a000040_000018_c30_l0.npz
p000587_a000040_000018_c31_l0,p000587,TRAIN,p000587_a000040,000018,31,elevation,3.2,180,0,0,400,0,0,False,6497,b4ad72d439f415a5c8ef4df2210f96ac089fd46e6e63e8b75b94c40d1904e965,samples/p000587_a000040_000018_c31_l0.npz
p000587_a000040_000018_c32_l0,p000587,TRAIN,p000587_a000040,000018,32,elevation,1.8,180,25,0,400,0,0,False,21711,faf02c6dae385db1c9c80d337dbfdd275a9d8a12ad2616f1fc92f63f943e8463,samples/p000587_a000040_000018_c32_l0.npz
p000587_a000040_000018_c33_l0,p000587,TRAIN,p000587_a000040,000018,33,elevation,3.2,180,25,0,400,0,0,False,6640,7503694b98e9841f646d85cf655ac04c33c08f53addfbbc8235d241fdfd4c26a,samples/p000587_a000040_000018_c33_l0.npz
p000587_a000040_000018_c34_l0,p000587,TRAIN,p000587_a000040,000018,34,elevation,1.8,180,45,0,400,0,0,False,20946,8b70c4ab5f39059e984597260f65f70e644aa063d876345ee3713e45a11f0bb0,samples/p000587_a000040_000018_c34_l0.npz
p000587_a000040_000018_c35_l0,p000587,TRAIN,p000587_a000040,000018,35,elevation,3.2,180,45,0,400,0,0,False,6110,abc62845cbda573edb2e789b7f700e6ee15eec8c9b52d1b58d576ffa8113f2b4,samples/p000587_a000040_000018_c35_l0.npz
p000587_a000040_000018_c36_l0,p000587,TRAIN,p000587_a000040,000018,36,elevation,1.8,180,65,0,400,0,0,False,18415,ffa6a64f4229630cc2801faa663544cc5b129c9240d779b9b0e5045398d35785,samples/p000587_a000040_000018_c36_l0.npz
p000587_a000040_000018_c37_l0,p000587,TRAIN,p000587_a000040,000018,37,elevation,3.2,180,65,0,400,0,0,False,5047,343da394117696fd94f195b6b934a9530a2152da3f7e92f9972a388d1d6838f3,samples/p000587_a000040_000018_c37_l0.npz
p000587_a000040_000018_c38_l0,p000587,TRAIN,p000587_a000040,000018,38,elevation,1.8,180,85,0,400,0,0,False,13712,95a5888de80aca99e7afd69ead8067b93005f5b424eb2c9866fc7a91a52e9377,samples/p000587_a000040_000018_c38_l0.npz
p000587_a000040_000018_c39_l0,p000587,TRAIN,p000587_a000040,000018,39,elevation,3.2,180,85,0,400,0,0,False,3589,d37fda68dde317d8686673354c96190e82ce5df1163d76b217337b17cd1faaf1,samples/p000587_a000040_000018_c39_l0.npz
p000587_a000040_000018_c40_l0,p000587,TRAIN,p000587_a000040,000018,40,roll,1.8,180,10,-90,400,0,0,False,21182,f97c1d166e0ef82d2ee0762ae62ca57e01d769fefb5e8fcb5208fa02adf74649,samples/p000587_a000040_000018_c40_l0.npz
p000587_a000040_000018_c41_l0,p000587,TRAIN,p000587_a000040,000018,41,roll,3.2,180,10,-90,400,0,0,False,6650,3418bd536fac2697f2894797ba6e43b2245616022efee054743825a0fad6746f,samples/p000587_a000040_000018_c41_l0.npz
p000587_a000040_000018_c42_l0,p000587,TRAIN,p000587_a000040,000018,42,roll,1.8,180,10,-45,400,0,0,False,21172,7d3176f7b903ff122b7b51d92eaef01d2b35c208fc32997bf5b74f5ab76d9a41,samples/p000587_a000040_000018_c42_l0.npz
p000587_a000040_000018_c43_l0,p000587,TRAIN,p000587_a000040,000018,43,roll,3.2,180,10,-45,400,0,0,False,6656,efe26137d374f639a82cce95eb146d52cccdd0964e5a5b092bde7362e285e0e2,samples/p000587_a000040_000018_c43_l0.npz
p000587_a000040_000018_c44_l0,p000587,TRAIN,p000587_a000040,000018,44,roll,1.8,180,10,-15,400,0,0,False,21197,5f6e6a30ff24fa93568bb5c8ae66e545b0f5c1114a8d1470d8ecb6bca60e682f,samples/p000587_a000040_000018_c44_l0.npz
p000587_a000040_000018_c45_l0,p000587,TRAIN,p000587_a000040,000018,45,roll,3.2,180,10,-15,400,0,0,False,6649,b2739a2efb03919dc6b94210c90d06225a72e42ff9fd00b9d0de885a8329f08f,samples/p000587_a000040_000018_c45_l0.npz
p000587_a000040_000018_c46_l0,p000587,TRAIN,p000587_a000040,000018,46,roll,1.8,180,10,15,400,0,0,False,21179,03664ebc512fbf502cb7f459aa5744699f65a5169f198ec803b8e1fd01000aa7,samples/p000587_a000040_000018_c46_l0.npz
p000587_a000040_000018_c47_l0,p000587,TRAIN,p000587_a000040,000018,47,roll,3.2,180,10,15,400,0,0,False,6650,b1d5a90c9d63915c613215e2c3c32c0d785f8a38d526a1d36ecb674ace56d04c,samples/p000587_a000040_000018_c47_l0.npz
p000587_a000040_000018_c48_l0,p000587,TRAIN,p000587_a000040,000018,48,roll,1.8,180,10,45,400,0,0,False,21172,ba6cf175a379826e64d26513d2c30b455c397f723d3ded598bfd68dac2e73344,samples/p000587_a000040_000018_c48_l0.npz
p000587_a000040_000018_c49_l0,p000587,TRAIN,p000587_a000040,000018,49,roll,3.2,180,10,45,400,0,0,False,6656,2c1dd7038f33842300da345c346e7175168208bd509f30fcd62a1b636e6d28a1,samples/p000587_a000040_000018_c49_l0.npz
p000587_a000040_000018_c50_l0,p000587,TRAIN,p000587_a000040,000018,50,roll,1.8,180,10,90,400,0,0,False,21182,89451aefd29c4af96e4b9e2b0749ca370f572c0c45d3948830c7c9790bb46b5c,samples/p000587_a000040_000018_c50_l0.npz
p000587_a000040_000018_c51_l0,p000587,TRAIN,p000587_a000040,000018,51,roll,3.2,180,10,90,400,0,0,False,6650,f1de4637df8db0bb083ec80f2680149ba536cb76a85efb32565b97211be03cd0,samples/p000587_a000040_000018_c51_l0.npz
p000587_a000040_000018_c52_l0,p000587,TRAIN,p000587_a000040,000018,52,offcentre,2.5,180,10,0,400,-0.25,0,False,11639,99ceccb48619eff6cebeae7366bf84082371122779620b912b45f2fa87260dd7,samples/p000587_a000040_000018_c52_l0.npz
p000587_a000040_000018_c53_l0,p000587,TRAIN,p000587_a000040,000018,53,offcentre,2.5,180,10,0,400,0.25,0,False,11583,cc624f1551062f97321c983028af418eb013a5bdf4740567fc4daaacb5c33b5b,samples/p000587_a000040_000018_c53_l0.npz
p000587_a000040_000018_c54_l0,p000587,TRAIN,p000587_a000040,000018,54,offcentre,2.5,180,10,0,400,0,-0.2,False,10955,aba7ee059c59ff493745e733a16a66f26b27a0287812bd4d0c4e4dea2c3dcfdd,samples/p000587_a000040_000018_c54_l0.npz
p000587_a000040_000018_c55_l0,p000587,TRAIN,p000587_a000040,000018,55,offcentre,2.5,180,10,0,400,0,0.2,False,11005,807ba777b9dafef4a9c3a2cf80cf2eb3cb22ab385eac0573e48ccb1c9c583959,samples/p000587_a000040_000018_c55_l0.npz
p000587_a000040_000018_c56_l0,p000587,TRAIN,p000587_a000040,000018,56,focal,2.5,180,10,0,300,0,0,False,6137,336c25483395a31de1d43e7fbd8db12a79f33df12cd63bac679084c6c0b1d8f8,samples/p000587_a000040_000018_c56_l0.npz
p000587_a000040_000018_c57_l0,p000587,TRAIN,p000587_a000040,000018,57,focal,2.5,180,10,0,500,0,0,False,17036,8471dac8089da67e19b77ca1df3f5ebbcd936b8daf97c02f41f89f3119a9ec4e,samples/p000587_a000040_000018_c57_l0.npz
p000587_a000040_000018_c58_l0,p000587,TRAIN,p000587_a000040,000018,58,focal,2.5,180,10,0,650,0,0,False,28815,6eceefeb16b1cae9f570b1ede7244eb0c5fc5e55b8baf0255443bd7a9fb65dcf,samples/p000587_a000040_000018_c58_l0.npz
p000587_a000040_000018_c59_l0,p000587,TRAIN,p000587_a000040,000018,59,focal,2.5,180,10,0,850,0,0,True,47698,2c13dd281be47a879aa22643902cf9ad70787844a2a17bd32a09315445a53f30,samples/p000587_a000040_000018_c59_l0.npz
p000587_a000040_000018_c60_l0,p000587,TRAIN,p000587_a000040,000018,60,matched_angular_size,1.2,180,10,0,200,0,0,False,12184,be2dd05040954ad57f3174c1f51f9920e66c6b252dcac8c964b68dac8ada2eec,samples/p000587_a000040_000018_c60_l0.npz
p000587_a000040_000018_c61_l0,p000587,TRAIN,p000587_a000040,000018,61,matched_angular_size,1.8,180,10,0,300,0,0,False,11922,b761f6901e063bddc0d04e1158c54ef78e5a95365decf959888ffec2d7ebd1dc,samples/p000587_a000040_000018_c61_l0.npz
p000587_a000040_000018_c62_l0,p000587,TRAIN,p000587_a000040,000018,62,matched_angular_size,3,180,10,0,500,0,0,False,11817,2354a1e0912b394b8032dd47031ed5f284dac9c9559048110fc148a255500304,samples/p000587_a000040_000018_c62_l0.npz
p000587_a000040_000018_c63_l0,p000587,TRAIN,p000587_a000040,000018,63,matched_angular_size,4,180,10,0,666.6666666666666,0,0,False,11818,d0e4e2544adde00f5de9721eaea1b50af1e6466bd0b87cee8edf122674f8bf01,samples/p000587_a000040_000018_c63_l0.npz
p000587_a000040_000060_c00_l0,p000587,TRAIN,p000587_a000040,000060,0,distance,0.8,30,10,0,400,0,0,True,98710,7c9ee380419130053d25211c6c2b852ceb27f6e308fe522ff7371244662c36d4,samples/p000587_a000040_000060_c00_l0.npz
p000587_a000040_000060_c01_l0,p000587,TRAIN,p000587_a000040,000060,1,distance,1.2,30,10,0,400,0,0,True,50132,58d62e498908f0634c37cabc663de8fb2c708b8efcfef71663ebb338aedf7131,samples/p000587_a000040_000060_c01_l0.npz
p000587_a000040_000060_c02_l0,p000587,TRAIN,p000587_a000040,000060,2,distance,1.8,30,10,0,400,0,0,False,22044,84f25c8b95cce00ba74c7ecb2cf219ac60ba0dda564c391735f99bbcf77582f1,samples/p000587_a000040_000060_c02_l0.npz
p000587_a000040_000060_c03_l0,p000587,TRAIN,p000587_a000040,000060,3,distance,2.5,30,10,0,400,0,0,False,10828,b7e1886d6c8f866b31b5b635400713909142d64969f27529a5d05e7239cad781,samples/p000587_a000040_000060_c03_l0.npz
p000587_a000040_000060_c04_l0,p000587,TRAIN,p000587_a000040,000060,4,distance,3.2,30,10,0,400,0,0,False,6448,91ae856ce758fd3aa2773c075e412cf9a3b6a25b5e82881e438dc8ec59257899,samples/p000587_a000040_000060_c04_l0.npz
p000587_a000040_000060_c05_l0,p000587,TRAIN,p000587_a000040,000060,5,distance,4.0,30,10,0,400,0,0,False,4047,09e048614bba71d017ce51938e9711e66f24ceb6eaf12015079405c17ffd638f,samples/p000587_a000040_000060_c05_l0.npz
p000587_a000040_000060_c06_l0,p000587,TRAIN,p000587_a000040,000060,6,multiview_distance,1.2,0,10,0,400,0,0,True,48124,7712ce8fa9a0cbd64bfa09d387795299fd48d7361432364037926bf5624110a3,samples/p000587_a000040_000060_c06_l0.npz
p000587_a000040_000060_c07_l0,p000587,TRAIN,p000587_a000040,000060,7,multiview_distance,1.8,0,10,0,400,0,0,False,21429,acf9e37561e20d157ae04edfe2fb331aa0d1c1a3387b08eeec4149036fcc186d,samples/p000587_a000040_000060_c07_l0.npz
p000587_a000040_000060_c08_l0,p000587,TRAIN,p000587_a000040,000060,8,multiview_distance,2.5,0,10,0,400,0,0,False,10625,2ef791347005bef555e2a8e4ca587c65637b08e70d9980ec9e51c8ff3dd4b404,samples/p000587_a000040_000060_c08_l0.npz
p000587_a000040_000060_c09_l0,p000587,TRAIN,p000587_a000040,000060,9,multiview_distance,3.2,0,10,0,400,0,0,False,6364,74c3e6ef7995f68278d31e6588d877dd6a7f76824e4b9d562c908e8b91b72f45,samples/p000587_a000040_000060_c09_l0.npz
p000587_a000040_000060_c10_l0,p000587,TRAIN,p000587_a000040,000060,10,multiview_distance,1.2,60,10,0,400,0,0,True,51005,f53a305ceaf40806e828af70235c516136596779411469a2c0c18670617a2c3b,samples/p000587_a000040_000060_c10_l0.npz
p000587_a000040_000060_c11_l0,p000587,TRAIN,p000587_a000040,000060,11,multiview_distance,1.8,60,10,0,400,0,0,False,22326,0fa8b3b45c6ce046592f34c1489d97b5dc5f238669009501e0a5aa310f8c4967,samples/p000587_a000040_000060_c11_l0.npz
p000587_a000040_000060_c12_l0,p000587,TRAIN,p000587_a000040,000060,12,multiview_distance,2.5,60,10,0,400,0,0,False,10959,440fe071739ff8be143e7fd217e1560fd21f1b7c0bf738f0b0bcac70c595c825,samples/p000587_a000040_000060_c12_l0.npz
p000587_a000040_000060_c13_l0,p000587,TRAIN,p000587_a000040,000060,13,multiview_distance,3.2,60,10,0,400,0,0,False,6507,0244e95737e3f62181c6e9fefb0b7aacf2ebdb1adac8c8f263e4ecbe65ccbdec,samples/p000587_a000040_000060_c13_l0.npz
p000587_a000040_000060_c14_l0,p000587,TRAIN,p000587_a000040,000060,14,multiview_distance,1.2,120,10,0,400,0,0,True,49417,330da1b65893f24b41ce60cccedc00409018219ecc08d8ef780daa89975e073f,samples/p000587_a000040_000060_c14_l0.npz
p000587_a000040_000060_c15_l0,p000587,TRAIN,p000587_a000040,000060,15,multiview_distance,1.8,120,10,0,400,0,0,False,22566,430b2602f545c05dcb7992468023d998612df793ba4b022688b1ff5e10da31bb,samples/p000587_a000040_000060_c15_l0.npz
p000587_a000040_000060_c16_l0,p000587,TRAIN,p000587_a000040,000060,16,multiview_distance,2.5,120,10,0,400,0,0,False,11363,930b377f17b31c7d22d2a22343a3ed5c1e1ac917f6d4d55f1123b154e2d00610,samples/p000587_a000040_000060_c16_l0.npz
p000587_a000040_000060_c17_l0,p000587,TRAIN,p000587_a000040,000060,17,multiview_distance,3.2,120,10,0,400,0,0,False,6855,cd533a66b6c04fd49c2bfca266b9519ae1e903c9d92fafaf168ba0d0679c0df2,samples/p000587_a000040_000060_c17_l0.npz
p000587_a000040_000060_c18_l0,p000587,TRAIN,p000587_a000040,000060,18,multiview_distance,1.2,180,10,0,400,0,0,True,44242,3a55d8730c1cc86a1e8bf302c9a0981ec96ec7bd4a33ee4f24f3be0b1121569a,samples/p000587_a000040_000060_c18_l0.npz
p000587_a000040_000060_c19_l0,p000587,TRAIN,p000587_a000040,000060,19,multiview_distance,1.8,180,10,0,400,0,0,False,20242,7c4f41534a204cb5073e22a7dfff9be43ed0dac12d4c7fc141636398803a8b59,samples/p000587_a000040_000060_c19_l0.npz
p000587_a000040_000060_c20_l0,p000587,TRAIN,p000587_a000040,000060,20,multiview_distance,2.5,180,10,0,400,0,0,False,10369,f938212e9718c16e3bb3f22bb32e958aec75b17494d72ff78bbcb6bcf335f218,samples/p000587_a000040_000060_c20_l0.npz
p000587_a000040_000060_c21_l0,p000587,TRAIN,p000587_a000040,000060,21,multiview_distance,3.2,180,10,0,400,0,0,False,6321,134a3eba0c1d10641ab5614f5a4427a6c56a455de6fa50cca0c2eeb8a792bb8c,samples/p000587_a000040_000060_c21_l0.npz
p000587_a000040_000060_c22_l0,p000587,TRAIN,p000587_a000040,000060,22,multiview_distance,1.2,240,10,0,400,0,0,True,40252,cb8adeee2162e607c76a8c7fb1b5d3e584ba330e94a6f9f1aa0beff21f7cd8a0,samples/p000587_a000040_000060_c22_l0.npz
p000587_a000040_000060_c23_l0,p000587,TRAIN,p000587_a000040,000060,23,multiview_distance,1.8,240,10,0,400,0,0,False,18427,b27cb5f3a1de90fc74007368a9d7409c24d5bb1da9c65da6d204c04310dc8f6b,samples/p000587_a000040_000060_c23_l0.npz
p000587_a000040_000060_c24_l0,p000587,TRAIN,p000587_a000040,000060,24,multiview_distance,2.5,240,10,0,400,0,0,False,9687,ee9de6d86be91ed36cd6869c106fc2025bc57ed59e34626323143af467582cf1,samples/p000587_a000040_000060_c24_l0.npz
p000587_a000040_000060_c25_l0,p000587,TRAIN,p000587_a000040,000060,25,multiview_distance,3.2,240,10,0,400,0,0,False,5978,5e6ebe5c33e3f5845a9015d8fb15a3621ce251ccbb6e98c6ffc9973860e25890,samples/p000587_a000040_000060_c25_l0.npz
p000587_a000040_000060_c26_l0,p000587,TRAIN,p000587_a000040,000060,26,multiview_distance,1.2,300,10,0,400,0,0,True,47674,b348ba6f5a1cef26ce30b9a315c4598a8d2d7c2a8045deebe7b409bb1e98cb42,samples/p000587_a000040_000060_c26_l0.npz
p000587_a000040_000060_c27_l0,p000587,TRAIN,p000587_a000040,000060,27,multiview_distance,1.8,300,10,0,400,0,0,False,21356,603c3b3f56b82515237b7a6073b23305d4f49ea76c415788051dcfa802fa69c9,samples/p000587_a000040_000060_c27_l0.npz
p000587_a000040_000060_c28_l0,p000587,TRAIN,p000587_a000040,000060,28,multiview_distance,2.5,300,10,0,400,0,0,False,10929,e6c034d5bb0cdccac62d5a875cb2273ebebac2a5ca5042bf1395a11a87100a7b,samples/p000587_a000040_000060_c28_l0.npz
p000587_a000040_000060_c29_l0,p000587,TRAIN,p000587_a000040,000060,29,multiview_distance,3.2,300,10,0,400,0,0,False,6627,c9c6f13af9fb7b0d68e08239431b27e3cf940c0c5d41e9c3e5d8f921038dfc51,samples/p000587_a000040_000060_c29_l0.npz
p000587_a000040_000060_c30_l0,p000587,TRAIN,p000587_a000040,000060,30,elevation,1.8,180,0,0,400,0,0,False,19447,e6a2d17bcae53ea92e2cb0e9f80bc9e717ceac518358123907fe7f3dd8ce0828,samples/p000587_a000040_000060_c30_l0.npz
p000587_a000040_000060_c31_l0,p000587,TRAIN,p000587_a000040,000060,31,elevation,3.2,180,0,0,400,0,0,False,6143,8d987f88977bd2975c44d280f314d8604d6e9690dc1fad2615545e4340c95931,samples/p000587_a000040_000060_c31_l0.npz
p000587_a000040_000060_c32_l0,p000587,TRAIN,p000587_a000040,000060,32,elevation,1.8,180,25,0,400,0,0,False,20908,f61b67732f59d52b3e33530bba932c78291755c563a2fe34bfec4ff75e7cef42,samples/p000587_a000040_000060_c32_l0.npz
p000587_a000040_000060_c33_l0,p000587,TRAIN,p000587_a000040,000060,33,elevation,3.2,180,25,0,400,0,0,False,6374,206fe38d8d877f027e1c2a8df66c806073a4cf5a3cf302d042451977e5fbe164,samples/p000587_a000040_000060_c33_l0.npz
p000587_a000040_000060_c34_l0,p000587,TRAIN,p000587_a000040,000060,34,elevation,1.8,180,45,0,400,0,0,False,20370,cdcc50fac047622234d2e24c7a5888d733f9a1ee50c5142b0aa6befe28e029ac,samples/p000587_a000040_000060_c34_l0.npz
p000587_a000040_000060_c35_l0,p000587,TRAIN,p000587_a000040,000060,35,elevation,3.2,180,45,0,400,0,0,False,5891,d64b5b3351f4362dc3899fb6576c2677637317e2a2113c5dd323bc26b9dc2a1f,samples/p000587_a000040_000060_c35_l0.npz
p000587_a000040_000060_c36_l0,p000587,TRAIN,p000587_a000040,000060,36,elevation,1.8,180,65,0,400,0,0,False,18175,29061149f573625d4b2aa441972bfea033261d8cb2e941e093ffe733ef95cf8c,samples/p000587_a000040_000060_c36_l0.npz
p000587_a000040_000060_c37_l0,p000587,TRAIN,p000587_a000040,000060,37,elevation,3.2,180,65,0,400,0,0,False,4945,316b9c648e2a7f9fc9761a9dcfd03352f82b2a48ffbebb2159076f796d0b029a,samples/p000587_a000040_000060_c37_l0.npz
p000587_a000040_000060_c38_l0,p000587,TRAIN,p000587_a000040,000060,38,elevation,1.8,180,85,0,400,0,0,False,13494,5bad3bfb3cd178d676ab2fc4e6a3512ab4bb4317e3292bf911d9fc020db93adf,samples/p000587_a000040_000060_c38_l0.npz
p000587_a000040_000060_c39_l0,p000587,TRAIN,p000587_a000040,000060,39,elevation,3.2,180,85,0,400,0,0,False,3520,08506cb4a59fea48d6ec440b535b3e9b7615e78c1b48c59a41704c86b14f50ee,samples/p000587_a000040_000060_c39_l0.npz
p000587_a000040_000060_c40_l0,p000587,TRAIN,p000587_a000040,000060,40,roll,1.8,180,10,-90,400,0,0,False,20242,08a122178b07d838a476f72e18fa18ba05f151cd76f4737f7d382401c8bf7395,samples/p000587_a000040_000060_c40_l0.npz
p000587_a000040_000060_c41_l0,p000587,TRAIN,p000587_a000040,000060,41,roll,3.2,180,10,-90,400,0,0,False,6321,03dbc7bb836fa52e0550a786928f975f3c75ae5fadf3cc7dedb6b8d791ff2b62,samples/p000587_a000040_000060_c41_l0.npz
p000587_a000040_000060_c42_l0,p000587,TRAIN,p000587_a000040,000060,42,roll,1.8,180,10,-45,400,0,0,False,20249,abe2bacf75d413e2ddc33d4706dca23100b204ac4c4452e94ea27d21a84154a6,samples/p000587_a000040_000060_c42_l0.npz
p000587_a000040_000060_c43_l0,p000587,TRAIN,p000587_a000040,000060,43,roll,3.2,180,10,-45,400,0,0,False,6310,9b607805cf7a37cf9085f148f858c39d7d7bdc0534be790698965dd903bee637,samples/p000587_a000040_000060_c43_l0.npz
p000587_a000040_000060_c44_l0,p000587,TRAIN,p000587_a000040,000060,44,roll,1.8,180,10,-15,400,0,0,False,20239,4f82756edf45939fc835c8dac2c5e900b6c8f40e1d6307710f924d8356f88603,samples/p000587_a000040_000060_c44_l0.npz
p000587_a000040_000060_c45_l0,p000587,TRAIN,p000587_a000040,000060,45,roll,3.2,180,10,-15,400,0,0,False,6299,f4ff52f03ad2f141368b6ed719419592076d5b12ad7f72995d576e5c4c5e9272,samples/p000587_a000040_000060_c45_l0.npz
p000587_a000040_000060_c46_l0,p000587,TRAIN,p000587_a000040,000060,46,roll,1.8,180,10,15,400,0,0,False,20242,f156b771a79f488f4a832f970d07cd5f1293808b7a234a86130336d67f54f03b,samples/p000587_a000040_000060_c46_l0.npz
p000587_a000040_000060_c47_l0,p000587,TRAIN,p000587_a000040,000060,47,roll,3.2,180,10,15,400,0,0,False,6300,80234f1c49f9d41dce750fdd98ca787b39ece110725ea825582df6e09b5f01cf,samples/p000587_a000040_000060_c47_l0.npz
p000587_a000040_000060_c48_l0,p000587,TRAIN,p000587_a000040,000060,48,roll,1.8,180,10,45,400,0,0,False,20249,b546ac53b1546ab9a6cc6bb42c2da924f5bd526bd53a88362c49216e12156143,samples/p000587_a000040_000060_c48_l0.npz
p000587_a000040_000060_c49_l0,p000587,TRAIN,p000587_a000040,000060,49,roll,3.2,180,10,45,400,0,0,False,6310,169c4451d489556bb49288e4f9ff450cd648b659e3a735563ac275025c0d3584,samples/p000587_a000040_000060_c49_l0.npz
p000587_a000040_000060_c50_l0,p000587,TRAIN,p000587_a000040,000060,50,roll,1.8,180,10,90,400,0,0,False,20242,5b640ebd847532efefae3b57d52e14993affe5483d1523e45078a25db8811564,samples/p000587_a000040_000060_c50_l0.npz
p000587_a000040_000060_c51_l0,p000587,TRAIN,p000587_a000040,000060,51,roll,3.2,180,10,90,400,0,0,False,6321,a605aae8befa550ecc90d18cfd35dd51e8aeb036c6a4777e4045b18fbf9cd46d,samples/p000587_a000040_000060_c51_l0.npz
p000587_a000040_000060_c52_l0,p000587,TRAIN,p000587_a000040,000060,52,offcentre,2.5,180,10,0,400,-0.25,0,False,11104,60cb4c39e81fa7192f2658b9a0cd61a0fda2c7f9cf416dc670f9cd87d07b8e61,samples/p000587_a000040_000060_c52_l0.npz
p000587_a000040_000060_c53_l0,p000587,TRAIN,p000587_a000040,000060,53,offcentre,2.5,180,10,0,400,0.25,0,False,10718,92465f5e07f4af6bc1861067d9d0b2fb20af595281a8a5f6c045f66d81b6eef8,samples/p000587_a000040_000060_c53_l0.npz
p000587_a000040_000060_c54_l0,p000587,TRAIN,p000587_a000040,000060,54,offcentre,2.5,180,10,0,400,0,-0.2,False,10418,695b697b6810e1631669ea906bcc2a1474166d12d4ceed6ec742df2b5392d28d,samples/p000587_a000040_000060_c54_l0.npz
p000587_a000040_000060_c55_l0,p000587,TRAIN,p000587_a000040,000060,55,offcentre,2.5,180,10,0,400,0,0.2,True,10519,b35b6c3c6f32766422b69f7db7184383970c00e37981a4ac61b4edf9b1e262ce,samples/p000587_a000040_000060_c55_l0.npz
p000587_a000040_000060_c56_l0,p000587,TRAIN,p000587_a000040,000060,56,focal,2.5,180,10,0,300,0,0,False,5833,5aae4b67ed5517f496125f9ac11111ecedd08802a02ece776c393dfb6468a9bd,samples/p000587_a000040_000060_c56_l0.npz
p000587_a000040_000060_c57_l0,p000587,TRAIN,p000587_a000040,000060,57,focal,2.5,180,10,0,500,0,0,False,16202,dffdb89772c714fd9e1d0ea4c656171c2f71576f1faecdaf514878a15c3f8233,samples/p000587_a000040_000060_c57_l0.npz
p000587_a000040_000060_c58_l0,p000587,TRAIN,p000587_a000040,000060,58,focal,2.5,180,10,0,650,0,0,False,27400,debcb36cffc885c48814739156b96cea2ddd8ec33071d29ec56b8539d949bad5,samples/p000587_a000040_000060_c58_l0.npz
p000587_a000040_000060_c59_l0,p000587,TRAIN,p000587_a000040,000060,59,focal,2.5,180,10,0,850,0,0,True,44989,7a2c872f4046b9037630d81eac0c5f079cff335e1e69f22a95fd949233339c01,samples/p000587_a000040_000060_c59_l0.npz
p000587_a000040_000060_c60_l0,p000587,TRAIN,p000587_a000040,000060,60,matched_angular_size,1.2,180,10,0,200,0,0,False,11770,83675f35fe2dd316d928733e9fd768d8739ca2ebc2c54b456fda4941b0678fb8,samples/p000587_a000040_000060_c60_l0.npz
p000587_a000040_000060_c61_l0,p000587,TRAIN,p000587_a000040,000060,61,matched_angular_size,1.8,180,10,0,300,0,0,False,11389,45b3a9670162172a80381ebcef90c4d3637aeacf1f6014cb5d212a800fc91d5e,samples/p000587_a000040_000060_c61_l0.npz
p000587_a000040_000060_c62_l0,p000587,TRAIN,p000587_a000040,000060,62,matched_angular_size,3,180,10,0,500,0,0,False,11219,2380c2bf5844fb5e1bd64188278471f781c69f4a348492589e399c0b19d0d2a9,samples/p000587_a000040_000060_c62_l0.npz
p000587_a000040_000060_c63_l0,p000587,TRAIN,p000587_a000040,000060,63,matched_angular_size,4,180,10,0,666.6666666666666,0,0,False,11185,ee8569df49de0550aaf2f62c1f99bbaa6440c5c23d218e3fd49627b7e0f0a507,samples/p000587_a000040_000060_c63_l0.npz
p000587_a000226_000024_c00_l0,p000587,TRAIN,p000587_a000226,000024,0,distance,0.8,30,10,0,400,0,0,True,97636,1b3903638a494ff35998ae9ff8efd65626684c6b036b2b85ee789306844f4a5b,samples/p000587_a000226_000024_c00_l0.npz
p000587_a000226_000024_c01_l0,p000587,TRAIN,p000587_a000226,000024,1,distance,1.2,30,10,0,400,0,0,True,55053,ade6a6a2b898586fefae7045e566d219dfa863185afbc2ebf570f6eee95a5760,samples/p000587_a000226_000024_c01_l0.npz
p000587_a000226_000024_c02_l0,p000587,TRAIN,p000587_a000226,000024,2,distance,1.8,30,10,0,400,0,0,False,24027,e9958619712645ff0a7f5ba4b9d02ff64687b6995551db0740cad28eb49217dc,samples/p000587_a000226_000024_c02_l0.npz
p000587_a000226_000024_c03_l0,p000587,TRAIN,p000587_a000226,000024,3,distance,2.5,30,10,0,400,0,0,False,11853,8104103bea68d83db2aed3a14c46a05e98a3f4574c3f9f99399aa44627585c06,samples/p000587_a000226_000024_c03_l0.npz
p000587_a000226_000024_c04_l0,p000587,TRAIN,p000587_a000226,000024,4,distance,3.2,30,10,0,400,0,0,False,7078,fd62f0bec17615739462f7766a0fa830928408670db1639e4ae98b7965bf8057,samples/p000587_a000226_000024_c04_l0.npz
p000587_a000226_000024_c05_l0,p000587,TRAIN,p000587_a000226,000024,5,distance,4.0,30,10,0,400,0,0,False,4462,b72f1af002eda99a83b3a6e6fbd3c6b9222104a36a7c320c232c466858940e72,samples/p000587_a000226_000024_c05_l0.npz
p000587_a000226_000024_c06_l0,p000587,TRAIN,p000587_a000226,000024,6,multiview_distance,1.2,0,10,0,400,0,0,True,58054,285f651082d1d696e9964939b0686840355ac1bc61d2168f4a5daba0d34d05b3,samples/p000587_a000226_000024_c06_l0.npz
p000587_a000226_000024_c07_l0,p000587,TRAIN,p000587_a000226,000024,7,multiview_distance,1.8,0,10,0,400,0,0,False,25395,116ef46029f08197572064f3ef988e42cd6e6af18460b1da9ebbebfed8319664,samples/p000587_a000226_000024_c07_l0.npz
p000587_a000226_000024_c08_l0,p000587,TRAIN,p000587_a000226,000024,8,multiview_distance,2.5,0,10,0,400,0,0,False,12416,687136d7fd80eef7c643a50eec81f2ba099f9a11cbc7a7f66eac3522ab72c8de,samples/p000587_a000226_000024_c08_l0.npz
p000587_a000226_000024_c09_l0,p000587,TRAIN,p000587_a000226,000024,9,multiview_distance,3.2,0,10,0,400,0,0,False,7389,28109f980f85167cc1f11bd6623d2fc390061597bb4beb88d52064469681271e,samples/p000587_a000226_000024_c09_l0.npz
p000587_a000226_000024_c10_l0,p000587,TRAIN,p000587_a000226,000024,10,multiview_distance,1.2,60,10,0,400,0,0,True,46503,d0402720bc16411f0a6bafda59804b0b26ca46cc9cc2da6d5a5c802e2884fdaf,samples/p000587_a000226_000024_c10_l0.npz
p000587_a000226_000024_c11_l0,p000587,TRAIN,p000587_a000226,000024,11,multiview_distance,1.8,60,10,0,400,0,0,False,20406,9bef063ada6848d725b5a6e65c64108182efeb3e67c512c140fd7361ecbc9065,samples/p000587_a000226_000024_c11_l0.npz
p000587_a000226_000024_c12_l0,p000587,TRAIN,p000587_a000226,000024,12,multiview_distance,2.5,60,10,0,400,0,0,False,10227,d163cd3701b2fd20290beeaad78d17d3eb2fd0944d70b358af09c4b520a705db,samples/p000587_a000226_000024_c12_l0.npz
p000587_a000226_000024_c13_l0,p000587,TRAIN,p000587_a000226,000024,13,multiview_distance,3.2,60,10,0,400,0,0,False,6136,7124183e9b0f8477783c8025827e7abcdbca66c6b5c318084ef2723e5f06485a,samples/p000587_a000226_000024_c13_l0.npz
p000587_a000226_000024_c14_l0,p000587,TRAIN,p000587_a000226,000024,14,multiview_distance,1.2,120,10,0,400,0,0,True,46569,4775e98dbc9fab194c85e434d4557262e3ce425f0fef56009592daaf08deb5b2,samples/p000587_a000226_000024_c14_l0.npz
p000587_a000226_000024_c15_l0,p000587,TRAIN,p000587_a000226,000024,15,multiview_distance,1.8,120,10,0,400,0,0,False,21384,4ab8372311224df2ac2c1a6a674d25828d49cb4a687d295264553ef773206f30,samples/p000587_a000226_000024_c15_l0.npz
p000587_a000226_000024_c16_l0,p000587,TRAIN,p000587_a000226,000024,16,multiview_distance,2.5,120,10,0,400,0,0,False,10908,a9f88b77734347c3be153581aacafac53b0965b28d76a87f4da4b945ea7b1e7d,samples/p000587_a000226_000024_c16_l0.npz
p000587_a000226_000024_c17_l0,p000587,TRAIN,p000587_a000226,000024,17,multiview_distance,3.2,120,10,0,400,0,0,False,6595,742d137ab25903723c62cf1672c962ca306c07e676a3e0977c06b30c792b9de1,samples/p000587_a000226_000024_c17_l0.npz
p000587_a000226_000024_c18_l0,p000587,TRAIN,p000587_a000226,000024,18,multiview_distance,1.2,180,10,0,400,0,0,True,51613,e1c36de312ac86180596aa6fc9c8c98f1671a0013ac3bc785969f8e5405e302e,samples/p000587_a000226_000024_c18_l0.npz
p000587_a000226_000024_c19_l0,p000587,TRAIN,p000587_a000226,000024,19,multiview_distance,1.8,180,10,0,400,0,0,False,23994,26237be85f02f2a6ff69a1d67b75ea92998ec9fd180cf4a373ca6d504559df9b,samples/p000587_a000226_000024_c19_l0.npz
p000587_a000226_000024_c20_l0,p000587,TRAIN,p000587_a000226,000024,20,multiview_distance,2.5,180,10,0,400,0,0,False,12432,602ed2d7bf0ea518945e314f6afa1bf82ce25a9f1aee19a23eeef04df01b573d,samples/p000587_a000226_000024_c20_l0.npz
p000587_a000226_000024_c21_l0,p000587,TRAIN,p000587_a000226,000024,21,multiview_distance,3.2,180,10,0,400,0,0,False,7605,dd87ceb27da87523727c1e3319c5894c027aea1f9634034958d803e1cf9f3191,samples/p000587_a000226_000024_c21_l0.npz
p000587_a000226_000024_c22_l0,p000587,TRAIN,p000587_a000226,000024,22,multiview_distance,1.2,240,10,0,400,0,0,True,45221,a4d05080fcd4febe336771137877c7ea768dba5212d62acd256dba497ec03c5c,samples/p000587_a000226_000024_c22_l0.npz
p000587_a000226_000024_c23_l0,p000587,TRAIN,p000587_a000226,000024,23,multiview_distance,1.8,240,10,0,400,0,0,False,21195,4d5d321f4090d691345cc188b36418e13e17247185b12004f5abc7e563a211ac,samples/p000587_a000226_000024_c23_l0.npz
p000587_a000226_000024_c24_l0,p000587,TRAIN,p000587_a000226,000024,24,multiview_distance,2.5,240,10,0,400,0,0,False,10825,d4be3d3b6c3f191fc70ddf0452aa1dcb1c00c86d1bade3f4a4393d4d547d629a,samples/p000587_a000226_000024_c24_l0.npz
p000587_a000226_000024_c25_l0,p000587,TRAIN,p000587_a000226,000024,25,multiview_distance,3.2,240,10,0,400,0,0,False,6575,f1ca985e6015863db853aed19e416f8a131cce9ac3b0de19b80a465ef1acf376,samples/p000587_a000226_000024_c25_l0.npz
p000587_a000226_000024_c26_l0,p000587,TRAIN,p000587_a000226,000024,26,multiview_distance,1.2,300,10,0,400,0,0,True,44649,d74a909e59f878db4a8804b10bd9e06fb28bd4c441dee22a3ec4a55aba140f12,samples/p000587_a000226_000024_c26_l0.npz
p000587_a000226_000024_c27_l0,p000587,TRAIN,p000587_a000226,000024,27,multiview_distance,1.8,300,10,0,400,0,0,False,20504,6763b03d008a3a5ca6e2dcc1b8872d7473a17bf1421911aa37c4ac65edf2d06c,samples/p000587_a000226_000024_c27_l0.npz
p000587_a000226_000024_c28_l0,p000587,TRAIN,p000587_a000226,000024,28,multiview_distance,2.5,300,10,0,400,0,0,False,10245,7904257943aba0a37f06868c14c66faced69995e37e0f439914c43bcc2a80945,samples/p000587_a000226_000024_c28_l0.npz
p000587_a000226_000024_c29_l0,p000587,TRAIN,p000587_a000226,000024,29,multiview_distance,3.2,300,10,0,400,0,0,False,6163,6841bf31884571b5f60757356142e06c10c4900993c45877aaf158a7fa6143bb,samples/p000587_a000226_000024_c29_l0.npz
p000587_a000226_000024_c30_l0,p000587,TRAIN,p000587_a000226,000024,30,elevation,1.8,180,0,0,400,0,0,False,22879,1d23dacdc8fa35040aebb63938b79145a8806101ad71917e7439d33592320af7,samples/p000587_a000226_000024_c30_l0.npz
p000587_a000226_000024_c31_l0,p000587,TRAIN,p000587_a000226,000024,31,elevation,3.2,180,0,0,400,0,0,False,7235,f76b417b6cb7601a1205c3f084df21985b6a590eb823013114b9aa87d13c84ba,samples/p000587_a000226_000024_c31_l0.npz
p000587_a000226_000024_c32_l0,p000587,TRAIN,p000587_a000226,000024,32,elevation,1.8,180,25,0,400,0,0,False,25210,16057e02172552595908d76c12115d81f0c67adf0cca5aa7ab884f46e9697f96,samples/p000587_a000226_000024_c32_l0.npz
p000587_a000226_000024_c33_l0,p000587,TRAIN,p000587_a000226,000024,33,elevation,3.2,180,25,0,400,0,0,False,7906,21b46845707a35b44fd0343865292f194fe8cb6448dc1075632f5f00e8f18d25,samples/p000587_a000226_000024_c33_l0.npz
p000587_a000226_000024_c34_l0,p000587,TRAIN,p000587_a000226,000024,34,elevation,1.8,180,45,0,400,0,0,False,25652,540e9cb14f43445f512c8260a06d30c8a3807c2c445a30fe97801e68d1894138,samples/p000587_a000226_000024_c34_l0.npz
p000587_a000226_000024_c35_l0,p000587,TRAIN,p000587_a000226,000024,35,elevation,3.2,180,45,0,400,0,0,False,7727,4a241cda7e62cb77a8c87c6ac97cba4a7713c4ac9c317b36f4e549f4802e475b,samples/p000587_a000226_000024_c35_l0.npz
p000587_a000226_000024_c36_l0,p000587,TRAIN,p000587_a000226,000024,36,elevation,1.8,180,65,0,400,0,0,False,23949,a119881d11dfaa45a2644404d4a834238ed5b6e510ea5401fd8aa6e60e6c0540,samples/p000587_a000226_000024_c36_l0.npz
p000587_a000226_000024_c37_l0,p000587,TRAIN,p000587_a000226,000024,37,elevation,3.2,180,65,0,400,0,0,False,6762,0a756aba19afeb098cf7e8fc9e7033b80c044ca367f3fd25ba934f016c40fcff,samples/p000587_a000226_000024_c37_l0.npz
p000587_a000226_000024_c38_l0,p000587,TRAIN,p000587_a000226,000024,38,elevation,1.8,180,85,0,400,0,0,False,18995,f75f2ab0bd553a4f24f4a50c519d5af30356c0440fa117182cb38f5cfa44f997,samples/p000587_a000226_000024_c38_l0.npz
p000587_a000226_000024_c39_l0,p000587,TRAIN,p000587_a000226,000024,39,elevation,3.2,180,85,0,400,0,0,False,5050,3c82679021bf3c8ec5da946570077de9dec9efe97bc40f34c797a61611176b8e,samples/p000587_a000226_000024_c39_l0.npz
p000587_a000226_000024_c40_l0,p000587,TRAIN,p000587_a000226,000024,40,roll,1.8,180,10,-90,400,0,0,False,23994,980b4bd53c2aa6dfb0720a2086a60bf9d893cf7ce5a27448cbe4fdd0961d7f87,samples/p000587_a000226_000024_c40_l0.npz
p000587_a000226_000024_c41_l0,p000587,TRAIN,p000587_a000226,000024,41,roll,3.2,180,10,-90,400,0,0,False,7605,163d60aa1da482d1b534bc538187fd57c241d2d710d8a2947d48417c3dee42a4,samples/p000587_a000226_000024_c41_l0.npz
p000587_a000226_000024_c42_l0,p000587,TRAIN,p000587_a000226,000024,42,roll,1.8,180,10,-45,400,0,0,False,23984,0ec38cefef551ec46fb88e12cc0887b5b2cce050834aca25d62e33c6be57543f,samples/p000587_a000226_000024_c42_l0.npz
p000587_a000226_000024_c43_l0,p000587,TRAIN,p000587_a000226,000024,43,roll,3.2,180,10,-45,400,0,0,False,7611,2bcc2ad50a6fe44d96f66ff84136ec0c6c883275fdee783d7a9e45690304b3a4,samples/p000587_a000226_000024_c43_l0.npz
p000587_a000226_000024_c44_l0,p000587,TRAIN,p000587_a000226,000024,44,roll,1.8,180,10,-15,400,0,0,False,23988,d5e2ec3ffcc947ea132fcf555e744ff8bbb526c5907f9a3a7e59fa851cc0e727,samples/p000587_a000226_000024_c44_l0.npz
p000587_a000226_000024_c45_l0,p000587,TRAIN,p000587_a000226,000024,45,roll,3.2,180,10,-15,400,0,0,False,7603,6a07f8fcf7b81af5d1b1a1b586f965d06931c1a418d310b13c2e3a9dce67c779,samples/p000587_a000226_000024_c45_l0.npz
p000587_a000226_000024_c46_l0,p000587,TRAIN,p000587_a000226,000024,46,roll,1.8,180,10,15,400,0,0,False,23994,b90528ea339955525ebd92effb6cfd0722116dc6353b59c04fbe72e9a170d41a,samples/p000587_a000226_000024_c46_l0.npz
p000587_a000226_000024_c47_l0,p000587,TRAIN,p000587_a000226,000024,47,roll,3.2,180,10,15,400,0,0,False,7599,e49d4536ae2b724335bd398d1624b24e076804296045ea0f3be3699bf86ada05,samples/p000587_a000226_000024_c47_l0.npz
p000587_a000226_000024_c48_l0,p000587,TRAIN,p000587_a000226,000024,48,roll,1.8,180,10,45,400,0,0,False,23984,7f1928cbfcaa4da9968f108a4566798220837b8cd4f718bb22061d88699b1712,samples/p000587_a000226_000024_c48_l0.npz
p000587_a000226_000024_c49_l0,p000587,TRAIN,p000587_a000226,000024,49,roll,3.2,180,10,45,400,0,0,False,7611,18684a3e209654ed4cc99f41165f3690ad7f567fb3702dba0ac8c41a5b8ba3eb,samples/p000587_a000226_000024_c49_l0.npz
p000587_a000226_000024_c50_l0,p000587,TRAIN,p000587_a000226,000024,50,roll,1.8,180,10,90,400,0,0,False,23994,5cb4ea1bebf95641e8d4c873cf017ced1cccf30743ec869372649c1a675eaacb,samples/p000587_a000226_000024_c50_l0.npz
p000587_a000226_000024_c51_l0,p000587,TRAIN,p000587_a000226,000024,51,roll,3.2,180,10,90,400,0,0,False,7605,8155c775972c1b77294000053e436f898ed33c23c1dfe208e80d41173b9498e4,samples/p000587_a000226_000024_c51_l0.npz
p000587_a000226_000024_c52_l0,p000587,TRAIN,p000587_a000226,000024,52,offcentre,2.5,180,10,0,400,-0.25,0,False,13110,bcce6e7106c0df6d71acc1ec5388a8a5c42479ce0e0995fb8d64a029c459e10d,samples/p000587_a000226_000024_c52_l0.npz
p000587_a000226_000024_c53_l0,p000587,TRAIN,p000587_a000226,000024,53,offcentre,2.5,180,10,0,400,0.25,0,False,12978,b75d61c7855c7a0b232f04a5b45924d3e9511ec278819ce64261f445070b4930,samples/p000587_a000226_000024_c53_l0.npz
p000587_a000226_000024_c54_l0,p000587,TRAIN,p000587_a000226,000024,54,offcentre,2.5,180,10,0,400,0,-0.2,False,11990,fecf5723a4ae88d89c91093df8e42a38c16cfd5eeec53c8aa32cd721a50e8fca,samples/p000587_a000226_000024_c54_l0.npz
p000587_a000226_000024_c55_l0,p000587,TRAIN,p000587_a000226,000024,55,offcentre,2.5,180,10,0,400,0,0.2,False,13060,4929b54b15acf56f59a25a15d85e5b0b46f3d6b55864213da06f6b15ff564fe5,samples/p000587_a000226_000024_c55_l0.npz
p000587_a000226_000024_c56_l0,p000587,TRAIN,p000587_a000226,000024,56,focal,2.5,180,10,0,300,0,0,False,6986,68838ac9b4055038a3761485bbb755da9d72defd86d68c4ad2f7c4f1d882872a,samples/p000587_a000226_000024_c56_l0.npz
p000587_a000226_000024_c57_l0,p000587,TRAIN,p000587_a000226,000024,57,focal,2.5,180,10,0,500,0,0,False,19433,634c6618e16c7121bd2165deb01a6d8f814693ec7a63fed1ca265c06af7ea724,samples/p000587_a000226_000024_c57_l0.npz
p000587_a000226_000024_c58_l0,p000587,TRAIN,p000587_a000226,000024,58,focal,2.5,180,10,0,650,0,0,False,32800,397146cbbb1332f4e8218a5b70de15bc715ae1451ad39f9d56283c936502fe5b,samples/p000587_a000226_000024_c58_l0.npz
p000587_a000226_000024_c59_l0,p000587,TRAIN,p000587_a000226,000024,59,focal,2.5,180,10,0,850,0,0,True,54062,5dcd0c083de96b7c7b7fb4249d870054e5d4cda4199407778acbe4a5b630f1e5,samples/p000587_a000226_000024_c59_l0.npz
p000587_a000226_000024_c60_l0,p000587,TRAIN,p000587_a000226,000024,60,matched_angular_size,1.2,180,10,0,200,0,0,False,13679,4ac3386fde875fab7a95331e142ab3b66678d918536292c1258582f16cdf76df,samples/p000587_a000226_000024_c60_l0.npz
p000587_a000226_000024_c61_l0,p000587,TRAIN,p000587_a000226,000024,61,matched_angular_size,1.8,180,10,0,300,0,0,False,13492,8268d3bfddd1a7d2338060c9e3bd7c1e05fa95066247b61693ea4ce0b694ad60,samples/p000587_a000226_000024_c61_l0.npz
p000587_a000226_000024_c62_l0,p000587,TRAIN,p000587_a000226,000024,62,matched_angular_size,3,180,10,0,500,0,0,False,13539,cd6841643a08a033c614ad1a20ed7507dac967fa229d0be803f43009e48975d4,samples/p000587_a000226_000024_c62_l0.npz
p000587_a000226_000024_c63_l0,p000587,TRAIN,p000587_a000226,000024,63,matched_angular_size,4,180,10,0,666.6666666666666,0,0,False,13571,86803b9571597a7b1c568e67a52764e6e8a43622e9c21aec491ac84c919d52dd,samples/p000587_a000226_000024_c63_l0.npz
p000587_a000226_000096_c00_l0,p000587,TRAIN,p000587_a000226,000096,0,distance,0.8,30,10,0,400,0,0,True,99741,b3e461c343709b4ae5bba75346b2b79b14656a0d81f8688336670d9735c56d24,samples/p000587_a000226_000096_c00_l0.npz
p000587_a000226_000096_c01_l0,p000587,TRAIN,p000587_a000226,000096,1,distance,1.2,30,10,0,400,0,0,True,54733,7d214ce755b97f4ce09129359db136b6c4359c0d89024e9884740f268f0ade57,samples/p000587_a000226_000096_c01_l0.npz
p000587_a000226_000096_c02_l0,p000587,TRAIN,p000587_a000226,000096,2,distance,1.8,30,10,0,400,0,0,False,24158,6c0783ad90ae8bea7c907091ba54cdc08ebfc20cc370701d912992688c2cbfbc,samples/p000587_a000226_000096_c02_l0.npz
p000587_a000226_000096_c03_l0,p000587,TRAIN,p000587_a000226,000096,3,distance,2.5,30,10,0,400,0,0,False,11924,8605c63f84c5c749d79258936f69e1230eca7a392e277c49d09a1ba4ca882b48,samples/p000587_a000226_000096_c03_l0.npz
p000587_a000226_000096_c04_l0,p000587,TRAIN,p000587_a000226,000096,4,distance,3.2,30,10,0,400,0,0,False,7120,106d4399e2e519b73503ececb1ad5da299b41c73c31f1b145ce3d337c58087a3,samples/p000587_a000226_000096_c04_l0.npz
p000587_a000226_000096_c05_l0,p000587,TRAIN,p000587_a000226,000096,5,distance,4.0,30,10,0,400,0,0,False,4481,bc682de39445c234add23ae330384c4d5c84fb835bb0eaf0cef45383f66f301b,samples/p000587_a000226_000096_c05_l0.npz
p000587_a000226_000096_c06_l0,p000587,TRAIN,p000587_a000226,000096,6,multiview_distance,1.2,0,10,0,400,0,0,True,57906,a56282e0b593305810b2a6856ead73bcfa9e2da2f2650680b86a1a46f10798c0,samples/p000587_a000226_000096_c06_l0.npz
p000587_a000226_000096_c07_l0,p000587,TRAIN,p000587_a000226,000096,7,multiview_distance,1.8,0,10,0,400,0,0,False,25381,ee96b772b02e165966dd6ec0f22861e17a8014708de983316b2ca0fbb69e43ea,samples/p000587_a000226_000096_c07_l0.npz
p000587_a000226_000096_c08_l0,p000587,TRAIN,p000587_a000226,000096,8,multiview_distance,2.5,0,10,0,400,0,0,False,12429,ef26f66811d4aeef5a55278616d017bc54e351557ad9bed66d8ec22dedddeeed,samples/p000587_a000226_000096_c08_l0.npz
p000587_a000226_000096_c09_l0,p000587,TRAIN,p000587_a000226,000096,9,multiview_distance,3.2,0,10,0,400,0,0,False,7397,3da5f9d93b0ff9e6197be165a0b0032a6526a20b0cfe7cd2c92b7a15c69fc2dc,samples/p000587_a000226_000096_c09_l0.npz
p000587_a000226_000096_c10_l0,p000587,TRAIN,p000587_a000226,000096,10,multiview_distance,1.2,60,10,0,400,0,0,True,46150,8bf653b6762b53b94ef4020f2d213cf785250f018c3854d1d44742dec69d9f56,samples/p000587_a000226_000096_c10_l0.npz
p000587_a000226_000096_c11_l0,p000587,TRAIN,p000587_a000226,000096,11,multiview_distance,1.8,60,10,0,400,0,0,False,20671,e4f83f1e0cb80d7911e880120630632c1a08a3a4073611c8953ba1f9ce68a10d,samples/p000587_a000226_000096_c11_l0.npz
p000587_a000226_000096_c12_l0,p000587,TRAIN,p000587_a000226,000096,12,multiview_distance,2.5,60,10,0,400,0,0,False,10327,b4e0f9a67f93584b7fc66023432163b9f50bbe5df29db8cd77b2dc18edf2cce0,samples/p000587_a000226_000096_c12_l0.npz
p000587_a000226_000096_c13_l0,p000587,TRAIN,p000587_a000226,000096,13,multiview_distance,3.2,60,10,0,400,0,0,False,6202,8e3bfe40e8b8b083a803602e0b951c0074f57b7ce89cfed47a420dc7a1646c5c,samples/p000587_a000226_000096_c13_l0.npz
p000587_a000226_000096_c14_l0,p000587,TRAIN,p000587_a000226,000096,14,multiview_distance,1.2,120,10,0,400,0,0,True,45960,ea7fc9ddc04986298c3f42790f9878ff08f81a79ee6139838cca956b29c9b9ba,samples/p000587_a000226_000096_c14_l0.npz
p000587_a000226_000096_c15_l0,p000587,TRAIN,p000587_a000226,000096,15,multiview_distance,1.8,120,10,0,400,0,0,False,21206,9f127bdc3e985620ccff314849863f82798bb7b19d7a3733f74d1c892045b0b8,samples/p000587_a000226_000096_c15_l0.npz
p000587_a000226_000096_c16_l0,p000587,TRAIN,p000587_a000226,000096,16,multiview_distance,2.5,120,10,0,400,0,0,False,10798,420723a2757feb402f2d1c4d5ecd25eeafb77913c1d3242146cb79e13e5789ce,samples/p000587_a000226_000096_c16_l0.npz
p000587_a000226_000096_c17_l0,p000587,TRAIN,p000587_a000226,000096,17,multiview_distance,3.2,120,10,0,400,0,0,False,6537,658fb10ab8b6aeca112fa6c1ac2998924f6609179c54f808eb06f7691ecaea1d,samples/p000587_a000226_000096_c17_l0.npz
p000587_a000226_000096_c18_l0,p000587,TRAIN,p000587_a000226,000096,18,multiview_distance,1.2,180,10,0,400,0,0,True,51404,45eec177f4d5fb6cbbfaba6de71915eef461cf23070b19bdc7ef39f159a43d4e,samples/p000587_a000226_000096_c18_l0.npz
p000587_a000226_000096_c19_l0,p000587,TRAIN,p000587_a000226,000096,19,multiview_distance,1.8,180,10,0,400,0,0,False,23872,2adfa4d62fc6994bfa58332fc20178f02ce0626f7a4f102b87d4ea39603679c3,samples/p000587_a000226_000096_c19_l0.npz
p000587_a000226_000096_c20_l0,p000587,TRAIN,p000587_a000226,000096,20,multiview_distance,2.5,180,10,0,400,0,0,False,12399,e0be9ba02b61ce446e8eb5e1561a94698a174173b26ae737f1d0750255d99e87,samples/p000587_a000226_000096_c20_l0.npz
p000587_a000226_000096_c21_l0,p000587,TRAIN,p000587_a000226,000096,21,multiview_distance,3.2,180,10,0,400,0,0,False,7580,4661ee8539c8eaf95d480758af5399faacfad0c928f683e5481c5c406423056b,samples/p000587_a000226_000096_c21_l0.npz
p000587_a000226_000096_c22_l0,p000587,TRAIN,p000587_a000226,000096,22,multiview_distance,1.2,240,10,0,400,0,0,True,46025,c63df017a68c48ba49665f9b5de7b667294d6a4886ca01681f1118e93abdeb4d,samples/p000587_a000226_000096_c22_l0.npz
p000587_a000226_000096_c23_l0,p000587,TRAIN,p000587_a000226,000096,23,multiview_distance,1.8,240,10,0,400,0,0,False,21365,3c7d3be27b6f2b43ded5029381b3d8d6ad663d5931a3cb80231e255d2f9d2aa4,samples/p000587_a000226_000096_c23_l0.npz
p000587_a000226_000096_c24_l0,p000587,TRAIN,p000587_a000226,000096,24,multiview_distance,2.5,240,10,0,400,0,0,False,10914,7b1f011600b72f36973b3c2af0d16857a1fdf4de6301d0a98869452125a4a7f6,samples/p000587_a000226_000096_c24_l0.npz
p000587_a000226_000096_c25_l0,p000587,TRAIN,p000587_a000226,000096,25,multiview_distance,3.2,240,10,0,400,0,0,False,6621,db1911f7632e9088ad474a7328f7880de05d2372bc7e09eaf39167617fb9babd,samples/p000587_a000226_000096_c25_l0.npz
p000587_a000226_000096_c26_l0,p000587,TRAIN,p000587_a000226,000096,26,multiview_distance,1.2,300,10,0,400,0,0,True,44508,5bc2a8560afd84f5d51ec2ebeab2a4c27992272ca2590f8ae7285ed80c7d611d,samples/p000587_a000226_000096_c26_l0.npz
p000587_a000226_000096_c27_l0,p000587,TRAIN,p000587_a000226,000096,27,multiview_distance,1.8,300,10,0,400,0,0,False,20301,e0cc6d2cb211333a54b8dabf38274679f3f87f9ff3f1a3e54fbca36967978a02,samples/p000587_a000226_000096_c27_l0.npz
p000587_a000226_000096_c28_l0,p000587,TRAIN,p000587_a000226,000096,28,multiview_distance,2.5,300,10,0,400,0,0,False,10155,54c2fd1b446928741b85267c5980715eee55d361465782f549a4c9ff47fe0f1f,samples/p000587_a000226_000096_c28_l0.npz
p000587_a000226_000096_c29_l0,p000587,TRAIN,p000587_a000226,000096,29,multiview_distance,3.2,300,10,0,400,0,0,False,6106,bf2fd5dd899bdae480e381195a3a4aa14be6f03bb7456162e39838cb9e9308f2,samples/p000587_a000226_000096_c29_l0.npz
p000587_a000226_000096_c30_l0,p000587,TRAIN,p000587_a000226,000096,30,elevation,1.8,180,0,0,400,0,0,False,22871,1bae7268e3d42ed3b052d8f374d24818d2f5aa100d4289a28a78cecbcf832f98,samples/p000587_a000226_000096_c30_l0.npz
p000587_a000226_000096_c31_l0,p000587,TRAIN,p000587_a000226,000096,31,elevation,3.2,180,0,0,400,0,0,False,7244,3c3c074d357c831c2d6406187b742ca592b9071e63b22670c834dbe3de7df900,samples/p000587_a000226_000096_c31_l0.npz
p000587_a000226_000096_c32_l0,p000587,TRAIN,p000587_a000226,000096,32,elevation,1.8,180,25,0,400,0,0,False,25012,0866fecada04fb78b2ff58461700be54d31694a9d15689d0ee232ae315dea3cf,samples/p000587_a000226_000096_c32_l0.npz
p000587_a000226_000096_c33_l0,p000587,TRAIN,p000587_a000226,000096,33,elevation,3.2,180,25,0,400,0,0,False,7845,4035a8d1e5e01c72b591a4e5f27b4e81b4c7e5545d6378c274658c0c3ae97fbc,samples/p000587_a000226_000096_c33_l0.npz
p000587_a000226_000096_c34_l0,p000587,TRAIN,p000587_a000226,000096,34,elevation,1.8,180,45,0,400,0,0,False,25366,00b8d6d0348e147b465c1eece46115345ef4f7f5973fefd7c4f6b4f583b5a2f3,samples/p000587_a000226_000096_c34_l0.npz
p000587_a000226_000096_c35_l0,p000587,TRAIN,p000587_a000226,000096,35,elevation,3.2,180,45,0,400,0,0,False,7631,c75959d9375096528a54505f3a66fec9872eabaddba4271c4120e4f7f865dc44,samples/p000587_a000226_000096_c35_l0.npz
p000587_a000226_000096_c36_l0,p000587,TRAIN,p000587_a000226,000096,36,elevation,1.8,180,65,0,400,0,0,False,23513,beba989b815d16ad0c833556ca8fbc5dbc6dcdfd1f319dd0ac022f468174027e,samples/p000587_a000226_000096_c36_l0.npz
p000587_a000226_000096_c37_l0,p000587,TRAIN,p000587_a000226,000096,37,elevation,3.2,180,65,0,400,0,0,False,6647,722352bc6d433b10c1d6874066b0361fec584e2c54f01cb06b76f005392bfd3f,samples/p000587_a000226_000096_c37_l0.npz
p000587_a000226_000096_c38_l0,p000587,TRAIN,p000587_a000226,000096,38,elevation,1.8,180,85,0,400,0,0,False,18399,db265911cbcfa8366eb165f4d75b6a2bf2dec161b4143df2752dc17ac911a41f,samples/p000587_a000226_000096_c38_l0.npz
p000587_a000226_000096_c39_l0,p000587,TRAIN,p000587_a000226,000096,39,elevation,3.2,180,85,0,400,0,0,False,4932,128b65c83682ecead045dd2657a81f2ca276b2555c0c8bbc9cfc94480e77a12a,samples/p000587_a000226_000096_c39_l0.npz
p000587_a000226_000096_c40_l0,p000587,TRAIN,p000587_a000226,000096,40,roll,1.8,180,10,-90,400,0,0,False,23872,6197c58ecc1a53619f42f906b81cb58564f1b70c28717617ac75ca258dadd0e4,samples/p000587_a000226_000096_c40_l0.npz
p000587_a000226_000096_c41_l0,p000587,TRAIN,p000587_a000226,000096,41,roll,3.2,180,10,-90,400,0,0,False,7580,a9694860c338cf1895d62a9388361e7926b7fdbf7106c22e879ee4f854a57188,samples/p000587_a000226_000096_c41_l0.npz
p000587_a000226_000096_c42_l0,p000587,TRAIN,p000587_a000226,000096,42,roll,1.8,180,10,-45,400,0,0,False,23882,c8e524910039f19388d87065ccd4d1507789a02372b110645065cda3eeb7f26b,samples/p000587_a000226_000096_c42_l0.npz
p000587_a000226_000096_c43_l0,p000587,TRAIN,p000587_a000226,000096,43,roll,3.2,180,10,-45,400,0,0,False,7587,d08fd73236ffaf9707f0a54dc96b4b527d1d1b706673111243ea8ff0ef07b631,samples/p000587_a000226_000096_c43_l0.npz
p000587_a000226_000096_c44_l0,p000587,TRAIN,p000587_a000226,000096,44,roll,1.8,180,10,-15,400,0,0,False,23891,f7f686e71d990b995d3b124f3a49c82fc855df57cbace0ac5e4a7e5f81cec5a6,samples/p000587_a000226_000096_c44_l0.npz
p000587_a000226_000096_c45_l0,p000587,TRAIN,p000587_a000226,000096,45,roll,3.2,180,10,-15,400,0,0,False,7588,51a73e5ecee983cd331ce3d0be4bdf2636004f41edc27169b8628a43bbfef530,samples/p000587_a000226_000096_c45_l0.npz
p000587_a000226_000096_c46_l0,p000587,TRAIN,p000587_a000226,000096,46,roll,1.8,180,10,15,400,0,0,False,23891,5fcd45d7ae7e0e058df6bfe7c73a3671999bb3913562e0f27a4f6cd43ef46b88,samples/p000587_a000226_000096_c46_l0.npz
p000587_a000226_000096_c47_l0,p000587,TRAIN,p000587_a000226,000096,47,roll,3.2,180,10,15,400,0,0,False,7573,0304fdd9c482a2db7ffa395ee25599f91dee972a0163645b7d7d00aa54ea5fa8,samples/p000587_a000226_000096_c47_l0.npz
p000587_a000226_000096_c48_l0,p000587,TRAIN,p000587_a000226,000096,48,roll,1.8,180,10,45,400,0,0,False,23881,800484c2ad637c6c0ab81fa0123ceccd9f577cdeea05ad8195a18dbc4cc550e9,samples/p000587_a000226_000096_c48_l0.npz
p000587_a000226_000096_c49_l0,p000587,TRAIN,p000587_a000226,000096,49,roll,3.2,180,10,45,400,0,0,False,7587,2273aa83895aff0cc1046e07588d631779b67c1e1a40869a90e8ab7790ca5719,samples/p000587_a000226_000096_c49_l0.npz
p000587_a000226_000096_c50_l0,p000587,TRAIN,p000587_a000226,000096,50,roll,1.8,180,10,90,400,0,0,False,23871,5ce6a46b843fae6ed2d30736b63992a1a73df9769e4f371ef51ccecc0da210c3,samples/p000587_a000226_000096_c50_l0.npz
p000587_a000226_000096_c51_l0,p000587,TRAIN,p000587_a000226,000096,51,roll,3.2,180,10,90,400,0,0,False,7580,5c4d76009090acf1a0db83d3bf633cb4bee0295bf7053c419a81bf2a7e54c0ed,samples/p000587_a000226_000096_c51_l0.npz
p000587_a000226_000096_c52_l0,p000587,TRAIN,p000587_a000226,000096,52,offcentre,2.5,180,10,0,400,-0.25,0,False,13097,3ec934348c1f6cb4f446a0995d0094cab5d17d905c513612cdf6c118da0d34b6,samples/p000587_a000226_000096_c52_l0.npz
p000587_a000226_000096_c53_l0,p000587,TRAIN,p000587_a000226,000096,53,offcentre,2.5,180,10,0,400,0.25,0,False,12915,501cd426d226b4d62af6ce27cb9d82465a10a0277514f7563c05175cad486362,samples/p000587_a000226_000096_c53_l0.npz
p000587_a000226_000096_c54_l0,p000587,TRAIN,p000587_a000226,000096,54,offcentre,2.5,180,10,0,400,0,-0.2,False,12000,d1e91b5dd013f9cc7a3e41b0d254e72003268a8189dc81b1b41d4a2269fb3bcc,samples/p000587_a000226_000096_c54_l0.npz
p000587_a000226_000096_c55_l0,p000587,TRAIN,p000587_a000226,000096,55,offcentre,2.5,180,10,0,400,0,0.2,False,12993,19f8052ebb5ce9eb61cb725f9c09f832b7ccd83171efebdba6d9dc41ed36353e,samples/p000587_a000226_000096_c55_l0.npz
p000587_a000226_000096_c56_l0,p000587,TRAIN,p000587_a000226,000096,56,focal,2.5,180,10,0,300,0,0,False,6980,ec981f0d1884bce75c7b68c0cb660e3213314cb95fc86e82d8f89d488457d556,samples/p000587_a000226_000096_c56_l0.npz
p000587_a000226_000096_c57_l0,p000587,TRAIN,p000587_a000226,000096,57,focal,2.5,180,10,0,500,0,0,False,19376,8a13f957f463298f0e2ee80f750bfb306a99cfc56f4552d4bc337997a9a6d45f,samples/p000587_a000226_000096_c57_l0.npz
p000587_a000226_000096_c58_l0,p000587,TRAIN,p000587_a000226,000096,58,focal,2.5,180,10,0,650,0,0,False,32720,be94d3783285a528648fc58ffe8259cc22b9603405ca4d63c3783865f476848c,samples/p000587_a000226_000096_c58_l0.npz
p000587_a000226_000096_c59_l0,p000587,TRAIN,p000587_a000226,000096,59,focal,2.5,180,10,0,850,0,0,True,53784,df67ec99efd1d3bf4eb1ac1e42ca6948f20f0038c248fa9902289bc37a30324a,samples/p000587_a000226_000096_c59_l0.npz
p000587_a000226_000096_c60_l0,p000587,TRAIN,p000587_a000226,000096,60,matched_angular_size,1.2,180,10,0,200,0,0,False,13601,6110a3b0295b340aba9a35c97f1c3a2fdcc090c86022e090e650a9df2289a0cf,samples/p000587_a000226_000096_c60_l0.npz
p000587_a000226_000096_c61_l0,p000587,TRAIN,p000587_a000226,000096,61,matched_angular_size,1.8,180,10,0,300,0,0,False,13428,cd19c99456b357ef8d4af7c3d385fb1b29335a4c381e5f8ecd4de990812f827c,samples/p000587_a000226_000096_c61_l0.npz
p000587_a000226_000096_c62_l0,p000587,TRAIN,p000587_a000226,000096,62,matched_angular_size,3,180,10,0,500,0,0,False,13490,4dc816b14b909c03d50ae7ffaac39eeebf4397247a81d7cd379a9f95aca74eb6,samples/p000587_a000226_000096_c62_l0.npz
p000587_a000226_000096_c63_l0,p000587,TRAIN,p000587_a000226,000096,63,matched_angular_size,4,180,10,0,666.6666666666666,0,0,False,13530,4fcc41bb0ee886337a96fc066a5cc9ce02c4640aaf31506fedd2362b0fe85682,samples/p000587_a000226_000096_c63_l0.npz
p000592_a000209_000066_c00_l0,p000592,TRAIN,p000592_a000209,000066,0,distance,0.8,30,10,0,400,0,0,True,117442,2515e4b2c4c62c47b6ecfce0b901d85f7448a3bd34f4b7da9bc784efe93fbfcf,samples/p000592_a000209_000066_c00_l0.npz
p000592_a000209_000066_c01_l0,p000592,TRAIN,p000592_a000209,000066,1,distance,1.2,30,10,0,400,0,0,True,78180,6d31ab13367fd8318309a07f24d4b39474293bd4bd67c43cce3bfb5a10fcdd5c,samples/p000592_a000209_000066_c01_l0.npz
p000592_a000209_000066_c02_l0,p000592,TRAIN,p000592_a000209,000066,2,distance,1.8,30,10,0,400,0,0,False,34201,5867d43a169cb4de128dffa2851aa2b112ba6654a0344109974ba0b12d3ea22f,samples/p000592_a000209_000066_c02_l0.npz
p000592_a000209_000066_c03_l0,p000592,TRAIN,p000592_a000209,000066,3,distance,2.5,30,10,0,400,0,0,False,15248,9e1581911ee6527a3b7e0cbc697fcbb5b97f855b8ef64011464660932dee5033,samples/p000592_a000209_000066_c03_l0.npz
p000592_a000209_000066_c04_l0,p000592,TRAIN,p000592_a000209,000066,4,distance,3.2,30,10,0,400,0,0,False,8675,71a5ca32db6b0e0ad0b7fcc978bf1604e851502a3a3b123e4a747d780e46a8c1,samples/p000592_a000209_000066_c04_l0.npz
p000592_a000209_000066_c05_l0,p000592,TRAIN,p000592_a000209,000066,5,distance,4.0,30,10,0,400,0,0,False,5309,0e42db5bc05c8908e7584c35e940b2f3d663ea941da32fb363f7a37e3db33ba9,samples/p000592_a000209_000066_c05_l0.npz
p000592_a000209_000066_c06_l0,p000592,TRAIN,p000592_a000209,000066,6,multiview_distance,1.2,0,10,0,400,0,0,True,83294,08781139a84a131577cccfc92fa7b79dc86eb7485af7a5c03e8521b022f78a03,samples/p000592_a000209_000066_c06_l0.npz
p000592_a000209_000066_c07_l0,p000592,TRAIN,p000592_a000209,000066,7,multiview_distance,1.8,0,10,0,400,0,0,False,35424,379c683be215868cf640bd2a6f71390b01fba0f5f19febc849711c19c58f251f,samples/p000592_a000209_000066_c07_l0.npz
p000592_a000209_000066_c08_l0,p000592,TRAIN,p000592_a000209,000066,8,multiview_distance,2.5,0,10,0,400,0,0,False,15722,aab47c1ad1f972e66499c5cc81f7c845274803a423adccb6459a67cb518341ae,samples/p000592_a000209_000066_c08_l0.npz
p000592_a000209_000066_c09_l0,p000592,TRAIN,p000592_a000209,000066,9,multiview_distance,3.2,0,10,0,400,0,0,False,8929,23e46261e49d07ce17f57b69b3efbe6d49670d3e22074170d7598c3e3c6b009d,samples/p000592_a000209_000066_c09_l0.npz
p000592_a000209_000066_c10_l0,p000592,TRAIN,p000592_a000209,000066,10,multiview_distance,1.2,60,10,0,400,0,0,True,72973,8ccfbe5dee99d752271e09fb9b5a1dfbae6d2af73455a2318e339810f2912374,samples/p000592_a000209_000066_c10_l0.npz
p000592_a000209_000066_c11_l0,p000592,TRAIN,p000592_a000209,000066,11,multiview_distance,1.8,60,10,0,400,0,0,False,31437,78f10117ff59061682f37467936481f7e39eeb1aac2651ef2b0457efd98f96fe,samples/p000592_a000209_000066_c11_l0.npz
p000592_a000209_000066_c12_l0,p000592,TRAIN,p000592_a000209,000066,12,multiview_distance,2.5,60,10,0,400,0,0,False,14660,a03ab17e0568467da960052c82a6b5e99f76bce08ad66dfb16869386b6a589e4,samples/p000592_a000209_000066_c12_l0.npz
p000592_a000209_000066_c13_l0,p000592,TRAIN,p000592_a000209,000066,13,multiview_distance,3.2,60,10,0,400,0,0,False,8491,d4bb147c0b2ada66bd05a69aef29369ef31c64cb2719ba52175cdce42ac89099,samples/p000592_a000209_000066_c13_l0.npz
p000592_a000209_000066_c14_l0,p000592,TRAIN,p000592_a000209,000066,14,multiview_distance,1.2,120,10,0,400,0,0,False,56806,3e00a3c14b9a443375500b60a27ff4fd5e72c41872ec1bb62f77a0fa61468024,samples/p000592_a000209_000066_c14_l0.npz
p000592_a000209_000066_c15_l0,p000592,TRAIN,p000592_a000209,000066,15,multiview_distance,1.8,120,10,0,400,0,0,False,25456,c3d6e861164545591993b1e27ef3c38d01c58c4d7c96c2ca3c2f917ba005562e,samples/p000592_a000209_000066_c15_l0.npz
p000592_a000209_000066_c16_l0,p000592,TRAIN,p000592_a000209,000066,16,multiview_distance,2.5,120,10,0,400,0,0,False,13362,324b0b475c4ad92cb00dfc2f1bb2bb427f483a8d922ba95b30bc978dcd93c599,samples/p000592_a000209_000066_c16_l0.npz
p000592_a000209_000066_c17_l0,p000592,TRAIN,p000592_a000209,000066,17,multiview_distance,3.2,120,10,0,400,0,0,False,8200,7b5c20392f3dd489c662150187527c556abe00e697c9fed51b97e5cac12e6e28,samples/p000592_a000209_000066_c17_l0.npz
p000592_a000209_000066_c18_l0,p000592,TRAIN,p000592_a000209,000066,18,multiview_distance,1.2,180,10,0,400,0,0,True,55579,6d05ac474632fe2a7e8ab3c6d59e7ecf25361815550b7fdefa3ad8b23a637e10,samples/p000592_a000209_000066_c18_l0.npz
p000592_a000209_000066_c19_l0,p000592,TRAIN,p000592_a000209,000066,19,multiview_distance,1.8,180,10,0,400,0,0,False,25565,0a501413bb185706763bc2202073dfc009f8fd6a0f4fa79c2dbb954364032bd3,samples/p000592_a000209_000066_c19_l0.npz
p000592_a000209_000066_c20_l0,p000592,TRAIN,p000592_a000209,000066,20,multiview_distance,2.5,180,10,0,400,0,0,False,13322,00e234bc4848d37bf87197c288980be0240674c7c51ab34a0618a200f360d9b9,samples/p000592_a000209_000066_c20_l0.npz
p000592_a000209_000066_c21_l0,p000592,TRAIN,p000592_a000209,000066,21,multiview_distance,3.2,180,10,0,400,0,0,False,8227,332a93104fcf3c4a4c244b2c9bb3a98f688b5fb8928e3e79bb5d6772aa14e5c4,samples/p000592_a000209_000066_c21_l0.npz
p000592_a000209_000066_c22_l0,p000592,TRAIN,p000592_a000209,000066,22,multiview_distance,1.2,240,10,0,400,0,0,True,66710,86c8f2bcb6e53b47dda6ed90032dc8dba39c1f7b2c1cf7bd255d3804afb82cf7,samples/p000592_a000209_000066_c22_l0.npz
p000592_a000209_000066_c23_l0,p000592,TRAIN,p000592_a000209,000066,23,multiview_distance,1.8,240,10,0,400,0,0,False,28198,5356a029dce8dbed5b31350348dbbb0367c334e3cb2ad705410fb1640d69bc22,samples/p000592_a000209_000066_c23_l0.npz
p000592_a000209_000066_c24_l0,p000592,TRAIN,p000592_a000209,000066,24,multiview_distance,2.5,240,10,0,400,0,0,False,14197,ed64ab2b7b9f55b351333450cf69472473d60c9f63c745195428e45e4e259edf,samples/p000592_a000209_000066_c24_l0.npz
p000592_a000209_000066_c25_l0,p000592,TRAIN,p000592_a000209,000066,25,multiview_distance,3.2,240,10,0,400,0,0,False,8607,f494d1e0d35bd1043820cd0bfa90e237b63d880a8ecc63d8eab59aefe6d4fb1b,samples/p000592_a000209_000066_c25_l0.npz
p000592_a000209_000066_c26_l0,p000592,TRAIN,p000592_a000209,000066,26,multiview_distance,1.2,300,10,0,400,0,0,True,70675,2061423e3bd404957ecaf63fa8adfa32a92fba2f057ba7663a22adf5bdbf2418,samples/p000592_a000209_000066_c26_l0.npz
p000592_a000209_000066_c27_l0,p000592,TRAIN,p000592_a000209,000066,27,multiview_distance,1.8,300,10,0,400,0,0,False,30320,124fd62a63a90070c786fa1dad4be27653d6ef0123fb9772323c133841addcd5,samples/p000592_a000209_000066_c27_l0.npz
p000592_a000209_000066_c28_l0,p000592,TRAIN,p000592_a000209,000066,28,multiview_distance,2.5,300,10,0,400,0,0,False,14758,0e1bf4d3001d312ad668210db81439e05505585e9f94cb20714d73b4692ed1dc,samples/p000592_a000209_000066_c28_l0.npz
p000592_a000209_000066_c29_l0,p000592,TRAIN,p000592_a000209,000066,29,multiview_distance,3.2,300,10,0,400,0,0,False,8741,160e5428dda9fd34fb9e06f7e5ddd4bc4a8d60537f828dff7b0d368db42f382f,samples/p000592_a000209_000066_c29_l0.npz
p000592_a000209_000066_c30_l0,p000592,TRAIN,p000592_a000209,000066,30,elevation,1.8,180,0,0,400,0,0,False,23189,73048b1eb7cf538cecf2c6e0fd3fe12db57282fcae9743a7fe5cebc1a23d6fab,samples/p000592_a000209_000066_c30_l0.npz
p000592_a000209_000066_c31_l0,p000592,TRAIN,p000592_a000209,000066,31,elevation,3.2,180,0,0,400,0,0,False,7463,7f6369fb04206d3b133036ff2be62f30c4520f1945e804111a3264dc8c76313e,samples/p000592_a000209_000066_c31_l0.npz
p000592_a000209_000066_c32_l0,p000592,TRAIN,p000592_a000209,000066,32,elevation,1.8,180,25,0,400,0,0,False,29004,f7419a21905b557355fa3d34f678395ab2745c6777f94d94d3ac630c1a1dcbe7,samples/p000592_a000209_000066_c32_l0.npz
p000592_a000209_000066_c33_l0,p000592,TRAIN,p000592_a000209,000066,33,elevation,3.2,180,25,0,400,0,0,False,9175,bb6067f2f1df4fa64f5a1b9b209a6178f53e87f7238f746a762e3eade611f0c9,samples/p000592_a000209_000066_c33_l0.npz
p000592_a000209_000066_c34_l0,p000592,TRAIN,p000592_a000209,000066,34,elevation,1.8,180,45,0,400,0,0,False,33163,3069db56b8e0114fd0c2bd0316e3b7aaef71cb5e340c327df94fb96427c806e1,samples/p000592_a000209_000066_c34_l0.npz
p000592_a000209_000066_c35_l0,p000592,TRAIN,p000592_a000209,000066,35,elevation,3.2,180,45,0,400,0,0,False,10040,f81a29c91eb4ecfdb70e70a04c4ee3649f5790cf00dca4a1da1f8e8da0f56c80,samples/p000592_a000209_000066_c35_l0.npz
p000592_a000209_000066_c36_l0,p000592,TRAIN,p000592_a000209,000066,36,elevation,1.8,180,65,0,400,0,0,True,36000,eddca7d4724c7dd6a1c067702f6baa35f0cf7a60aaf3c6be96302a8def419f75,samples/p000592_a000209_000066_c36_l0.npz
p000592_a000209_000066_c37_l0,p000592,TRAIN,p000592_a000209,000066,37,elevation,3.2,180,65,0,400,0,0,False,10147,2859c6eb57bbfd4cb9c434cdb5a0ac4cd9564e14e5a1d5798920713bb42fc963,samples/p000592_a000209_000066_c37_l0.npz
p000592_a000209_000066_c38_l0,p000592,TRAIN,p000592_a000209,000066,38,elevation,1.8,180,85,0,400,0,0,True,36324,467f325e1df9845616a952bf82be11b8614201233e2ba53b81c170e7b3013c06,samples/p000592_a000209_000066_c38_l0.npz
p000592_a000209_000066_c39_l0,p000592,TRAIN,p000592_a000209,000066,39,elevation,3.2,180,85,0,400,0,0,False,9256,30b610fbec219ec0258de58c2ea75dc08b2864a1f11dcc800a65f6c7b81f68af,samples/p000592_a000209_000066_c39_l0.npz
p000592_a000209_000066_c40_l0,p000592,TRAIN,p000592_a000209,000066,40,roll,1.8,180,10,-90,400,0,0,False,25565,195973c9c8295073b4e57eaf541e96244f54d5289e71dc50092eb2b3606b5284,samples/p000592_a000209_000066_c40_l0.npz
p000592_a000209_000066_c41_l0,p000592,TRAIN,p000592_a000209,000066,41,roll,3.2,180,10,-90,400,0,0,False,8227,b412052674f0f519a7392179c6c066cba89365ae4ace440aa14fcac3428d0dcc,samples/p000592_a000209_000066_c41_l0.npz
p000592_a000209_000066_c42_l0,p000592,TRAIN,p000592_a000209,000066,42,roll,1.8,180,10,-45,400,0,0,False,25574,0eebf888f61762f2853e000e4d12e0a1f85e0259e7e3614cfcefcc83a00a17fe,samples/p000592_a000209_000066_c42_l0.npz
p000592_a000209_000066_c43_l0,p000592,TRAIN,p000592_a000209,000066,43,roll,3.2,180,10,-45,400,0,0,False,8222,05d27642fadb95595e77612352d2b9cadc8454f07600de72366eb708dbd934ad,samples/p000592_a000209_000066_c43_l0.npz
p000592_a000209_000066_c44_l0,p000592,TRAIN,p000592_a000209,000066,44,roll,1.8,180,10,-15,400,0,0,False,25578,929fb48611beeda324d8358b893e2546aaffccb3d1be1b70869b766b0a98feb7,samples/p000592_a000209_000066_c44_l0.npz
p000592_a000209_000066_c45_l0,p000592,TRAIN,p000592_a000209,000066,45,roll,3.2,180,10,-15,400,0,0,False,8227,388504729b9a002a66d879c24a5e90f2567fc48111cec73f87ad22c6fb79a9e5,samples/p000592_a000209_000066_c45_l0.npz
p000592_a000209_000066_c46_l0,p000592,TRAIN,p000592_a000209,000066,46,roll,1.8,180,10,15,400,0,0,False,25569,320eef8ae24d446e6a6cad14106be6756b325edd2878385fc91bd636e0b73653,samples/p000592_a000209_000066_c46_l0.npz
p000592_a000209_000066_c47_l0,p000592,TRAIN,p000592_a000209,000066,47,roll,3.2,180,10,15,400,0,0,False,8216,effd31433e49b5e005fc38ed67c72827774e2c4d1c37728c4c05c6b2217c549d,samples/p000592_a000209_000066_c47_l0.npz
p000592_a000209_000066_c48_l0,p000592,TRAIN,p000592_a000209,000066,48,roll,1.8,180,10,45,400,0,0,False,25573,e472506af935792dfb6c8f66c08bc72e38e8b61e7bfa238d6715f20ac4963dfe,samples/p000592_a000209_000066_c48_l0.npz
p000592_a000209_000066_c49_l0,p000592,TRAIN,p000592_a000209,000066,49,roll,3.2,180,10,45,400,0,0,False,8222,3aaac9e0b8640d63e7b2d16e9e3ceb43d16f3054454c1510cba4ac44819ba824,samples/p000592_a000209_000066_c49_l0.npz
p000592_a000209_000066_c50_l0,p000592,TRAIN,p000592_a000209,000066,50,roll,1.8,180,10,90,400,0,0,False,25565,6f284af239534a90546a7595bb8c42887f614b437d25e88d9caf8084e3b1d6b6,samples/p000592_a000209_000066_c50_l0.npz
p000592_a000209_000066_c51_l0,p000592,TRAIN,p000592_a000209,000066,51,roll,3.2,180,10,90,400,0,0,False,8227,9199b049cd8fd0342aca68291cb4c3c7876b305dd78139808694ab77de96e3ef,samples/p000592_a000209_000066_c51_l0.npz
p000592_a000209_000066_c52_l0,p000592,TRAIN,p000592_a000209,000066,52,offcentre,2.5,180,10,0,400,-0.25,0,False,13460,b1c2b0dec52e0c90b8a8b1425e4ae21313070083b285e49b5b77b30a022eb256,samples/p000592_a000209_000066_c52_l0.npz
p000592_a000209_000066_c53_l0,p000592,TRAIN,p000592_a000209,000066,53,offcentre,2.5,180,10,0,400,0.25,0,False,14496,388f41d72c6a4f9e196ce266e39cdfef80067bee7b2ea13745a95118620d5167,samples/p000592_a000209_000066_c53_l0.npz
p000592_a000209_000066_c54_l0,p000592,TRAIN,p000592_a000209,000066,54,offcentre,2.5,180,10,0,400,0,-0.2,False,12238,ebe61b0f49d862a6b8b97170a4dceeddd11b9f5ec0d3f2386c47cdbd4ae5b363,samples/p000592_a000209_000066_c54_l0.npz
p000592_a000209_000066_c55_l0,p000592,TRAIN,p000592_a000209,000066,55,offcentre,2.5,180,10,0,400,0,0.2,False,14686,0ce01e471e7d51d85cb74b4d9d50f269d0fcd8f0801c1423c21351a58d7e4899,samples/p000592_a000209_000066_c55_l0.npz
p000592_a000209_000066_c56_l0,p000592,TRAIN,p000592_a000209,000066,56,focal,2.5,180,10,0,300,0,0,False,7502,f36f98ac47a41289d0242c3e4a37096a99614436a206bed961b1a3b67aba8ea1,samples/p000592_a000209_000066_c56_l0.npz
p000592_a000209_000066_c57_l0,p000592,TRAIN,p000592_a000209,000066,57,focal,2.5,180,10,0,500,0,0,False,20820,4100b878ee6c90f7173004684d9947ae877f5094444509cdd446daea88e39bc4,samples/p000592_a000209_000066_c57_l0.npz
p000592_a000209_000066_c58_l0,p000592,TRAIN,p000592_a000209,000066,58,focal,2.5,180,10,0,650,0,0,False,35197,824d567fcbc60f5647419a37bb1b11c8e937d9cd1d699b9b0f142c9cff4d9547,samples/p000592_a000209_000066_c58_l0.npz
p000592_a000209_000066_c59_l0,p000592,TRAIN,p000592_a000209,000066,59,focal,2.5,180,10,0,850,0,0,False,60165,a03d861bdf95bbd1181c4eaecf53105f1cd2f6e6c1f040b6908ae9576219f985,samples/p000592_a000209_000066_c59_l0.npz
p000592_a000209_000066_c60_l0,p000592,TRAIN,p000592_a000209,000066,60,matched_angular_size,1.2,180,10,0,200,0,0,False,15223,dfddf0afb74052b2828c0b91b29f7c6baa26cfbd774bdf8af8c6f03c1b282838,samples/p000592_a000209_000066_c60_l0.npz
p000592_a000209_000066_c61_l0,p000592,TRAIN,p000592_a000209,000066,61,matched_angular_size,1.8,180,10,0,300,0,0,False,14378,89a5bf5fd55f6bf365c9f42ddd8fd0492ed82baf29a731ba23915d26ab20e5d2,samples/p000592_a000209_000066_c61_l0.npz
p000592_a000209_000066_c62_l0,p000592,TRAIN,p000592_a000209,000066,62,matched_angular_size,3,180,10,0,500,0,0,False,14560,a52a1cce33ed785b27c599b5ea63896795842189271f46d48adac79760dc6ea0,samples/p000592_a000209_000066_c62_l0.npz
p000592_a000209_000066_c63_l0,p000592,TRAIN,p000592_a000209,000066,63,matched_angular_size,4,180,10,0,666.6666666666666,0,0,False,14765,67ee26cc4aaa4c03d8580a41e1d69d7fe72b3b768b68d8185fd39b40d323d76f,samples/p000592_a000209_000066_c63_l0.npz
p000592_a000209_000258_c00_l0,p000592,TRAIN,p000592_a000209,000258,0,distance,0.8,30,10,0,400,0,0,True,109704,c718f6a8c79aa78730f15552a0fb0a2fd6bbf63787a47ae4c14885e4fcf8161f,samples/p000592_a000209_000258_c00_l0.npz
p000592_a000209_000258_c01_l0,p000592,TRAIN,p000592_a000209,000258,1,distance,1.2,30,10,0,400,0,0,True,69208,8ee5cfa44652ade856ed9e6473dd4436f47de1e2f06870fc4a6725fbfee32b81,samples/p000592_a000209_000258_c01_l0.npz
p000592_a000209_000258_c02_l0,p000592,TRAIN,p000592_a000209,000258,2,distance,1.8,30,10,0,400,0,0,False,30951,411e532c8f207ea80bfba5360939c0f7cfea4cb28d83ea832ee1a24dcfc897ef,samples/p000592_a000209_000258_c02_l0.npz
p000592_a000209_000258_c03_l0,p000592,TRAIN,p000592_a000209,000258,3,distance,2.5,30,10,0,400,0,0,False,14992,9232d85a6df94e3c742a10d541d593bee3d89eba7d7b6a1ffd40c0618d4fda75,samples/p000592_a000209_000258_c03_l0.npz
p000592_a000209_000258_c04_l0,p000592,TRAIN,p000592_a000209,000258,4,distance,3.2,30,10,0,400,0,0,False,8863,7b2501c7856a76c7f706fdfa81082766c1c7b9539e1c0b78cad8752acf2c9ef4,samples/p000592_a000209_000258_c04_l0.npz
p000592_a000209_000258_c05_l0,p000592,TRAIN,p000592_a000209,000258,5,distance,4.0,30,10,0,400,0,0,False,5552,1e5966cddddd12305f89c45e8d120d1067aed453bb2baca6b5e8eef1fabb1081,samples/p000592_a000209_000258_c05_l0.npz
p000592_a000209_000258_c06_l0,p000592,TRAIN,p000592_a000209,000258,6,multiview_distance,1.2,0,10,0,400,0,0,True,71316,0cc32d000d19e0d557bda4fd0e84ecd8c13a1a675ef99d000258bcf7ab64d424,samples/p000592_a000209_000258_c06_l0.npz
p000592_a000209_000258_c07_l0,p000592,TRAIN,p000592_a000209,000258,7,multiview_distance,1.8,0,10,0,400,0,0,False,32558,4bd8401011dd1e269d5030ee4708ce17f9be69563270c0a0916f0b1303da77c4,samples/p000592_a000209_000258_c07_l0.npz
p000592_a000209_000258_c08_l0,p000592,TRAIN,p000592_a000209,000258,8,multiview_distance,2.5,0,10,0,400,0,0,False,15891,2a4f009814d5d8edfe2fa92a75ed54530cbcfcab3cf616443c2bf40a5bde77fd,samples/p000592_a000209_000258_c08_l0.npz
p000592_a000209_000258_c09_l0,p000592,TRAIN,p000592_a000209,000258,9,multiview_distance,3.2,0,10,0,400,0,0,False,9424,5753dcf628e8da12ae36acaf7a5c6291874c3a8534af32c9f91e11b04442dd31,samples/p000592_a000209_000258_c09_l0.npz
p000592_a000209_000258_c10_l0,p000592,TRAIN,p000592_a000209,000258,10,multiview_distance,1.2,60,10,0,400,0,0,True,69163,4b2fce264cd5d82318cdacf2c29260b21fbf0fe790af8204b59c3c247ad42c57,samples/p000592_a000209_000258_c10_l0.npz
p000592_a000209_000258_c11_l0,p000592,TRAIN,p000592_a000209,000258,11,multiview_distance,1.8,60,10,0,400,0,0,False,29661,d40efe0a10bf10d74641e8610abbebe1245fc94a992f85e1c19aa25c36630be2,samples/p000592_a000209_000258_c11_l0.npz
p000592_a000209_000258_c12_l0,p000592,TRAIN,p000592_a000209,000258,12,multiview_distance,2.5,60,10,0,400,0,0,False,14378,9eaffef16ede2feff4c8705b56a4fc983231487f4a936a9bf65d559a1a69376b,samples/p000592_a000209_000258_c12_l0.npz
p000592_a000209_000258_c13_l0,p000592,TRAIN,p000592_a000209,000258,13,multiview_distance,3.2,60,10,0,400,0,0,False,8503,640b6d791c3c9d74b1ae76071026c50b69b57cd083edd0ee979154e70580a3d8,samples/p000592_a000209_000258_c13_l0.npz
p000592_a000209_000258_c14_l0,p000592,TRAIN,p000592_a000209,000258,14,multiview_distance,1.2,120,10,0,400,0,0,True,58926,d675720fda6e3aa8b36d31a357555d0cbe547a45ceabbdc3858503bf62510d4c,samples/p000592_a000209_000258_c14_l0.npz
p000592_a000209_000258_c15_l0,p000592,TRAIN,p000592_a000209,000258,15,multiview_distance,1.8,120,10,0,400,0,0,False,27206,28c8ec9f67e031574c89e71645811f7936a003c156e2b9d2a87bc2ed5560f957,samples/p000592_a000209_000258_c15_l0.npz
p000592_a000209_000258_c16_l0,p000592,TRAIN,p000592_a000209,000258,16,multiview_distance,2.5,120,10,0,400,0,0,False,13961,e4d0f4d48ff288a41640848ae00ce8e158b28e0ddbff66b03e1f42769a79e24e,samples/p000592_a000209_000258_c16_l0.npz
p000592_a000209_000258_c17_l0,p000592,TRAIN,p000592_a000209,000258,17,multiview_distance,3.2,120,10,0,400,0,0,False,8492,2d2de514f3576a17d0043c3a5942e4eabc66d0e04fb236639ece0aee9c82e213,samples/p000592_a000209_000258_c17_l0.npz
p000592_a000209_000258_c18_l0,p000592,TRAIN,p000592_a000209,000258,18,multiview_distance,1.2,180,10,0,400,0,0,True,67260,b2fd05227680e112238acaa99fff375135ddbbaa59918f896221554ff4966d26,samples/p000592_a000209_000258_c18_l0.npz
p000592_a000209_000258_c19_l0,p000592,TRAIN,p000592_a000209,000258,19,multiview_distance,1.8,180,10,0,400,0,0,False,30882,8d6143f86769060a51c80f54d0b6a63c8bc8e55e050ebb30805a93348493b87f,samples/p000592_a000209_000258_c19_l0.npz
p000592_a000209_000258_c20_l0,p000592,TRAIN,p000592_a000209,000258,20,multiview_distance,2.5,180,10,0,400,0,0,False,15704,cd3f4464f087874c4f780bde63281c7c6db9b332eeea97bbad656df6a6d433ca,samples/p000592_a000209_000258_c20_l0.npz
p000592_a000209_000258_c21_l0,p000592,TRAIN,p000592_a000209,000258,21,multiview_distance,3.2,180,10,0,400,0,0,False,9516,ea5763ac4a0303bb5c1e6da83ab36d3cfda5999770f65d28f28b1d646125afa8,samples/p000592_a000209_000258_c21_l0.npz
p000592_a000209_000258_c22_l0,p000592,TRAIN,p000592_a000209,000258,22,multiview_distance,1.2,240,10,0,400,0,0,True,56420,3ec2fb95284793ca6a944cda1b1d6e8d61a44135bf6626b4594190a20ae1a02f,samples/p000592_a000209_000258_c22_l0.npz
p000592_a000209_000258_c23_l0,p000592,TRAIN,p000592_a000209,000258,23,multiview_distance,1.8,240,10,0,400,0,0,False,26622,a2a42c302ec52cd45dc4a93b3de16a81c9b62027d8a44d3696b1c2f285cbe834,samples/p000592_a000209_000258_c23_l0.npz
p000592_a000209_000258_c24_l0,p000592,TRAIN,p000592_a000209,000258,24,multiview_distance,2.5,240,10,0,400,0,0,False,13690,5ef333f92048894890087126b20be2dc2f1d6dc00115168f03e3e5fb67b488e9,samples/p000592_a000209_000258_c24_l0.npz
p000592_a000209_000258_c25_l0,p000592,TRAIN,p000592_a000209,000258,25,multiview_distance,3.2,240,10,0,400,0,0,False,8360,4a480d7bfbaf6752dd626c61d2a4950ea633a77aad8aadec031bb4d6eb006ae1,samples/p000592_a000209_000258_c25_l0.npz
p000592_a000209_000258_c26_l0,p000592,TRAIN,p000592_a000209,000258,26,multiview_distance,1.2,300,10,0,400,0,0,True,63205,ecfb7ca0ceb53a9e07a7aa68d1d3d4946ea669201736855dc6f7f8f3c97f873a,samples/p000592_a000209_000258_c26_l0.npz
p000592_a000209_000258_c27_l0,p000592,TRAIN,p000592_a000209,000258,27,multiview_distance,1.8,300,10,0,400,0,0,False,28490,9ac74d12556dfcce71adbd6a527503e1c98086a934e60e6b7628d39a42d554c1,samples/p000592_a000209_000258_c27_l0.npz
p000592_a000209_000258_c28_l0,p000592,TRAIN,p000592_a000209,000258,28,multiview_distance,2.5,300,10,0,400,0,0,False,13982,013b558542e41d780650f86b0e57c4d81ccb979a84e062662c6c6a1e93833b44,samples/p000592_a000209_000258_c28_l0.npz
p000592_a000209_000258_c29_l0,p000592,TRAIN,p000592_a000209,000258,29,multiview_distance,3.2,300,10,0,400,0,0,False,8342,6aaef3a31b0ca979ba8ff91276615002927795a180b1aac21db00713c98a453b,samples/p000592_a000209_000258_c29_l0.npz
p000592_a000209_000258_c30_l0,p000592,TRAIN,p000592_a000209,000258,30,elevation,1.8,180,0,0,400,0,0,False,29105,d998ac5b7ba54d37a78540f3737e4d937ca1cb0247b91aea17321ce4d6cccc8f,samples/p000592_a000209_000258_c30_l0.npz
p000592_a000209_000258_c31_l0,p000592,TRAIN,p000592_a000209,000258,31,elevation,3.2,180,0,0,400,0,0,False,9071,4e14624dd9224c0946f122ec2502e522815fefbbd9e61c66a790d9ca199d674e,samples/p000592_a000209_000258_c31_l0.npz
p000592_a000209_000258_c32_l0,p000592,TRAIN,p000592_a000209,000258,32,elevation,1.8,180,25,0,400,0,0,False,33281,29a2dfbc3f8a9118e9fc139e94d3c106db7090d720f381155eeeb5ac237f0f18,samples/p000592_a000209_000258_c32_l0.npz
p000592_a000209_000258_c33_l0,p000592,TRAIN,p000592_a000209,000258,33,elevation,3.2,180,25,0,400,0,0,False,9881,79d1b64b24245dbad214689bd21d19bacb9dcc90a2fd9680b5abc9c92d179f0d,samples/p000592_a000209_000258_c33_l0.npz
p000592_a000209_000258_c34_l0,p000592,TRAIN,p000592_a000209,000258,34,elevation,1.8,180,45,0,400,0,0,False,35162,cea8ca28c25d6285c5f973276095a6324b779e88c740021e67ec80d40d1d7eba,samples/p000592_a000209_000258_c34_l0.npz
p000592_a000209_000258_c35_l0,p000592,TRAIN,p000592_a000209,000258,35,elevation,3.2,180,45,0,400,0,0,False,9715,ca3e503f100af164069cc481622c33d9556db9fc18d4ac7efc8e4366205474cf,samples/p000592_a000209_000258_c35_l0.npz
p000592_a000209_000258_c36_l0,p000592,TRAIN,p000592_a000209,000258,36,elevation,1.8,180,65,0,400,0,0,False,34450,4a0b84eceb4cd5f4d9dd832e61cbc4ef05738bd642e59ac0570a199e37297faa,samples/p000592_a000209_000258_c36_l0.npz
p000592_a000209_000258_c37_l0,p000592,TRAIN,p000592_a000209,000258,37,elevation,3.2,180,65,0,400,0,0,False,8841,862e704a020704efbed1c93d9ead7153369024a99fce277745b1a59ef17866da,samples/p000592_a000209_000258_c37_l0.npz
p000592_a000209_000258_c38_l0,p000592,TRAIN,p000592_a000209,000258,38,elevation,1.8,180,85,0,400,0,0,False,28945,4cc5fdd1b2ebc0ffeb5a54d243d2cd7886b1f8961f3b1a6905553058dfd1f4df,samples/p000592_a000209_000258_c38_l0.npz
p000592_a000209_000258_c39_l0,p000592,TRAIN,p000592_a000209,000258,39,elevation,3.2,180,85,0,400,0,0,False,7080,30453ff8559e7db9860f11f214ed7929c6865d52c81106077a4cce724421185c,samples/p000592_a000209_000258_c39_l0.npz
p000592_a000209_000258_c40_l0,p000592,TRAIN,p000592_a000209,000258,40,roll,1.8,180,10,-90,400,0,0,False,30882,f05b884752898be7694c465a7fbee5a3a37d4c1ac119a7d46d116a559928e560,samples/p000592_a000209_000258_c40_l0.npz
p000592_a000209_000258_c41_l0,p000592,TRAIN,p000592_a000209,000258,41,roll,3.2,180,10,-90,400,0,0,False,9516,c51ddde1d442607c08686cb6735396bce9922791b889027dc69e1dfedb246cf9,samples/p000592_a000209_000258_c41_l0.npz
p000592_a000209_000258_c42_l0,p000592,TRAIN,p000592_a000209,000258,42,roll,1.8,180,10,-45,400,0,0,False,30907,db88faf4162296e3cb86649101d6ea139c6fdda26a89a69f666b65fce93ca246,samples/p000592_a000209_000258_c42_l0.npz
p000592_a000209_000258_c43_l0,p000592,TRAIN,p000592_a000209,000258,43,roll,3.2,180,10,-45,400,0,0,False,9498,9fb76aac47a6c80ad00e53c2fe0aae842f1dc90110985f9653bfdc9a73dc1933,samples/p000592_a000209_000258_c43_l0.npz
p000592_a000209_000258_c44_l0,p000592,TRAIN,p000592_a000209,000258,44,roll,1.8,180,10,-15,400,0,0,False,30897,e6a67e776da10b4ed3a50289265192bf8fc84a4982554fff809ec9c9e707a7f5,samples/p000592_a000209_000258_c44_l0.npz
p000592_a000209_000258_c45_l0,p000592,TRAIN,p000592_a000209,000258,45,roll,3.2,180,10,-15,400,0,0,False,9495,169ff958e7cdaced3dc0615f2e5b97bebc8903c3c3653198502ea3280537e3e6,samples/p000592_a000209_000258_c45_l0.npz
p000592_a000209_000258_c46_l0,p000592,TRAIN,p000592_a000209,000258,46,roll,1.8,180,10,15,400,0,0,False,30905,e2d3d3d05713eb742492526c5d3b796e9c2a6895850f23a1c055260cedd9fa28,samples/p000592_a000209_000258_c46_l0.npz
p000592_a000209_000258_c47_l0,p000592,TRAIN,p000592_a000209,000258,47,roll,3.2,180,10,15,400,0,0,False,9495,9ccbe290bd8a502ec8939cb38fdb450b4809b9ef367a39653076df6d9231f020,samples/p000592_a000209_000258_c47_l0.npz
p000592_a000209_000258_c48_l0,p000592,TRAIN,p000592_a000209,000258,48,roll,1.8,180,10,45,400,0,0,False,30907,90339eb71728005bb02772738334ab771b92e2ebcf6a10d427441a83522ac6cd,samples/p000592_a000209_000258_c48_l0.npz
p000592_a000209_000258_c49_l0,p000592,TRAIN,p000592_a000209,000258,49,roll,3.2,180,10,45,400,0,0,False,9498,d378fa503d9261d7ac71251fab04a8fa0f600c5316589d4a9ac9cdbab3cb5169,samples/p000592_a000209_000258_c49_l0.npz
p000592_a000209_000258_c50_l0,p000592,TRAIN,p000592_a000209,000258,50,roll,1.8,180,10,90,400,0,0,False,30882,272745000d8055629bf60eece399e4b645d7bc14d1f1bb07135596e09af0f99f,samples/p000592_a000209_000258_c50_l0.npz
p000592_a000209_000258_c51_l0,p000592,TRAIN,p000592_a000209,000258,51,roll,3.2,180,10,90,400,0,0,False,9516,513b0b52d4999cfde1a30c6382463f7b604a43cc625bdcb9ae6c2c99edc837bd,samples/p000592_a000209_000258_c51_l0.npz
p000592_a000209_000258_c52_l0,p000592,TRAIN,p000592_a000209,000258,52,offcentre,2.5,180,10,0,400,-0.25,0,False,15798,5a34a444a93e51a13ba9d87036b3c3d5f855ace787712ae361aeb3e41e0d3c65,samples/p000592_a000209_000258_c52_l0.npz
p000592_a000209_000258_c53_l0,p000592,TRAIN,p000592_a000209,000258,53,offcentre,2.5,180,10,0,400,0.25,0,False,16652,d5e1ea03e66e20df94f540892dca6a91ec0fdfcb5df6306256ed4bb45db0ea90,samples/p000592_a000209_000258_c53_l0.npz
p000592_a000209_000258_c54_l0,p000592,TRAIN,p000592_a000209,000258,54,offcentre,2.5,180,10,0,400,0,-0.2,False,15548,24848095f0370b5c3666817125e58d12bf824beafd44ee6d9059a979e107eb18,samples/p000592_a000209_000258_c54_l0.npz
p000592_a000209_000258_c55_l0,p000592,TRAIN,p000592_a000209,000258,55,offcentre,2.5,180,10,0,400,0,0.2,True,15885,d891a768f1c6a735db50ea4b4e4a09cec9d7a72f05b6d27be96466ded5e19a58,samples/p000592_a000209_000258_c55_l0.npz
p000592_a000209_000258_c56_l0,p000592,TRAIN,p000592_a000209,000258,56,focal,2.5,180,10,0,300,0,0,False,8836,c8d91b657f7a486917fd6f77b5a7b5a0d03156799903c9e0922040da103692c6,samples/p000592_a000209_000258_c56_l0.npz
p000592_a000209_000258_c57_l0,p000592,TRAIN,p000592_a000209,000258,57,focal,2.5,180,10,0,500,0,0,False,24538,736570a2e86ab4d950afa133d7b0f15fd3aeaca43549dd2e3cc762bf1ff2db8b,samples/p000592_a000209_000258_c57_l0.npz
p000592_a000209_000258_c58_l0,p000592,TRAIN,p000592_a000209,000258,58,focal,2.5,180,10,0,650,0,0,False,41443,a562b526ada9d9b0fb3f0389b3121e3bb3fb3f7d2fea1dffebc13ed827881b55,samples/p000592_a000209_000258_c58_l0.npz
p000592_a000209_000258_c59_l0,p000592,TRAIN,p000592_a000209,000258,59,focal,2.5,180,10,0,850,0,0,True,66216,9dadb1f332bade0771546c7dee599a529e89fcd4c7d2036d051b9439d743c4c0,samples/p000592_a000209_000258_c59_l0.npz
p000592_a000209_000258_c60_l0,p000592,TRAIN,p000592_a000209,000258,60,matched_angular_size,1.2,180,10,0,200,0,0,False,18361,e337feff3af227e4899978080f9f9528617d01f395a8417caac16f957669150f,samples/p000592_a000209_000258_c60_l0.npz
p000592_a000209_000258_c61_l0,p000592,TRAIN,p000592_a000209,000258,61,matched_angular_size,1.8,180,10,0,300,0,0,False,17372,86d61ba1a61e6440b9d39e157bcb0ed79da9466c30ddcd06863bb061f30a4a1c,samples/p000592_a000209_000258_c61_l0.npz
p000592_a000209_000258_c62_l0,p000592,TRAIN,p000592_a000209,000258,62,matched_angular_size,3,180,10,0,500,0,0,False,16913,bb1544a47e27949e8d16488b46598fb9b1d478a79c9cbb0cf315e689b38fd940,samples/p000592_a000209_000258_c62_l0.npz
p000592_a000209_000258_c63_l0,p000592,TRAIN,p000592_a000209,000258,63,matched_angular_size,4,180,10,0,666.6666666666666,0,0,False,16800,4468a759a31e6e8713565c4f9ec734b81e462e46f3d7a6f58e625d8b2b48e74d,samples/p000592_a000209_000258_c63_l0.npz
p000592_a001230_000006_c00_l0,p000592,TRAIN,p000592_a001230,000006,0,distance,0.8,30,10,0,400,0,0,True,127369,8e9635b4446f04c23d795c3f520cb6ee2c9b1e7ca97a57b2270659098a6742e2,samples/p000592_a001230_000006_c00_l0.npz
p000592_a001230_000006_c01_l0,p000592,TRAIN,p000592_a001230,000006,1,distance,1.2,30,10,0,400,0,0,True,66794,76003a2da9bf7e07618abf5b0d3042d4751b21dba645d846e2e98bc867a8412e,samples/p000592_a001230_000006_c01_l0.npz
p000592_a001230_000006_c02_l0,p000592,TRAIN,p000592_a001230,000006,2,distance,1.8,30,10,0,400,0,0,False,30519,0d86d357d15f36c6af448049620ec77898c004df26c99fe75d93136b8ec34934,samples/p000592_a001230_000006_c02_l0.npz
p000592_a001230_000006_c03_l0,p000592,TRAIN,p000592_a001230,000006,3,distance,2.5,30,10,0,400,0,0,False,15359,3a37ef19fb9f078b86a53abbcf264cb5837da99bd96b555e5f1902ef3499b349,samples/p000592_a001230_000006_c03_l0.npz
p000592_a001230_000006_c04_l0,p000592,TRAIN,p000592_a001230,000006,4,distance,3.2,30,10,0,400,0,0,False,9255,34e8f6853de979a0424d2be764a0a0e8e2f4584aba95b8515b625fb004a55817,samples/p000592_a001230_000006_c04_l0.npz
p000592_a001230_000006_c05_l0,p000592,TRAIN,p000592_a001230,000006,5,distance,4.0,30,10,0,400,0,0,False,5881,b311ece15eb8e98f216ef469f8ec2119427c6d3e0c4153c4378c766e37c6a5f4,samples/p000592_a001230_000006_c05_l0.npz
p000592_a001230_000006_c06_l0,p000592,TRAIN,p000592_a001230,000006,6,multiview_distance,1.2,0,10,0,400,0,0,True,73491,74c2f2b8464e91bef8ae32641e96ff79517e66e368549817b4153a0418dae22f,samples/p000592_a001230_000006_c06_l0.npz
p000592_a001230_000006_c07_l0,p000592,TRAIN,p000592_a001230,000006,7,multiview_distance,1.8,0,10,0,400,0,0,False,33508,2d225fc9e462d0f18b2275e1520894386a43dfee23723e0dba9eb0467a25dfe1,samples/p000592_a001230_000006_c07_l0.npz
p000592_a001230_000006_c08_l0,p000592,TRAIN,p000592_a001230,000006,8,multiview_distance,2.5,0,10,0,400,0,0,False,16835,48b02ceb055db09ab5098da5c0f2f52020718d7d3caeebcaa91569f64bc40b38,samples/p000592_a001230_000006_c08_l0.npz
p000592_a001230_000006_c09_l0,p000592,TRAIN,p000592_a001230,000006,9,multiview_distance,3.2,0,10,0,400,0,0,False,10128,0404655fb0d9139efd65bb4d4e60cdf4b7a310b33a0193fe8dfaac16a57fb1d2,samples/p000592_a001230_000006_c09_l0.npz
p000592_a001230_000006_c10_l0,p000592,TRAIN,p000592_a001230,000006,10,multiview_distance,1.2,60,10,0,400,0,0,True,57788,34eec9cf86b432f8ab5aaa68c5885006c59a0249c61efda8206e6d05700712aa,samples/p000592_a001230_000006_c10_l0.npz
p000592_a001230_000006_c11_l0,p000592,TRAIN,p000592_a001230,000006,11,multiview_distance,1.8,60,10,0,400,0,0,False,27092,23570c80795f1d4c11ae3432639ff725c655119d212ed501af524175842ed021,samples/p000592_a001230_000006_c11_l0.npz
p000592_a001230_000006_c12_l0,p000592,TRAIN,p000592_a001230,000006,12,multiview_distance,2.5,60,10,0,400,0,0,False,13724,723a5221602f14bedc2bbfff681e26e903ac719d72081dd40e95964615582ae1,samples/p000592_a001230_000006_c12_l0.npz
p000592_a001230_000006_c13_l0,p000592,TRAIN,p000592_a001230,000006,13,multiview_distance,3.2,60,10,0,400,0,0,False,8306,25c85d380fc830b70f997a02755d4d2ed24f0a33ccac78eeabac428a6bb49d01,samples/p000592_a001230_000006_c13_l0.npz
p000592_a001230_000006_c14_l0,p000592,TRAIN,p000592_a001230,000006,14,multiview_distance,1.2,120,10,0,400,0,0,True,66068,5bb7224d751cbd3552f5d3fad66425bd39b81a8bcd1a2978954a0af8333c2a81,samples/p000592_a001230_000006_c14_l0.npz
p000592_a001230_000006_c15_l0,p000592,TRAIN,p000592_a001230,000006,15,multiview_distance,1.8,120,10,0,400,0,0,False,29410,526f9b3ea7b3fbfcdc8e1eff5eebe82d9995a8323d49165b95e7ec6087c6267a,samples/p000592_a001230_000006_c15_l0.npz
p000592_a001230_000006_c16_l0,p000592,TRAIN,p000592_a001230,000006,16,multiview_distance,2.5,120,10,0,400,0,0,False,14701,6133557df9c9aa03842efd98ae6bd9cd79805b5dfe1fe2131ac9736d5c1430e5,samples/p000592_a001230_000006_c16_l0.npz
p000592_a001230_000006_c17_l0,p000592,TRAIN,p000592_a001230,000006,17,multiview_distance,3.2,120,10,0,400,0,0,False,8803,cbc6dc87aac8d59994ae19b311202a406b9957562421015de2970cb3a98b0119,samples/p000592_a001230_000006_c17_l0.npz
p000592_a001230_000006_c18_l0,p000592,TRAIN,p000592_a001230,000006,18,multiview_distance,1.2,180,10,0,400,0,0,True,73052,af516c00da1c8d82d62a61f49f0125b3165d4eca19cd38be553b0a5e2a800d0c,samples/p000592_a001230_000006_c18_l0.npz
p000592_a001230_000006_c19_l0,p000592,TRAIN,p000592_a001230,000006,19,multiview_distance,1.8,180,10,0,400,0,0,False,32181,1b64826e14cc91f91db11155d0514f4cc8ab9586ab998506f5b09271f09737a3,samples/p000592_a001230_000006_c19_l0.npz
p000592_a001230_000006_c20_l0,p000592,TRAIN,p000592_a001230,000006,20,multiview_distance,2.5,180,10,0,400,0,0,False,16618,51e018830fc83dadf1597fe3b2796f94e7a03023378794bdc0b13b73bfff0998,samples/p000592_a001230_000006_c20_l0.npz
p000592_a001230_000006_c21_l0,p000592,TRAIN,p000592_a001230,000006,21,multiview_distance,3.2,180,10,0,400,0,0,False,10141,8e430d52d3f92adcd65f4a565507671bc1024cd2ea5451563e9145e6ad567ca3,samples/p000592_a001230_000006_c21_l0.npz
p000592_a001230_000006_c22_l0,p000592,TRAIN,p000592_a001230,000006,22,multiview_distance,1.2,240,10,0,400,0,0,True,64023,2fcef793767163fa976bd853614975185c8b378039b84be7c548f59a81879777,samples/p000592_a001230_000006_c22_l0.npz
p000592_a001230_000006_c23_l0,p000592,TRAIN,p000592_a001230,000006,23,multiview_distance,1.8,240,10,0,400,0,0,False,29013,2e12c2f6ec6a1fabd0d838ce9480307bed29e3fdde49bb31f7376b46e00025ec,samples/p000592_a001230_000006_c23_l0.npz
p000592_a001230_000006_c24_l0,p000592,TRAIN,p000592_a001230,000006,24,multiview_distance,2.5,240,10,0,400,0,0,False,14475,7ed4751f9500f16ee37482b73b620d4e7a2b4e84cbf3944790538ff72e6ae105,samples/p000592_a001230_000006_c24_l0.npz
p000592_a001230_000006_c25_l0,p000592,TRAIN,p000592_a001230,000006,25,multiview_distance,3.2,240,10,0,400,0,0,False,8675,c2918c5562f89dde9ffdcee4bdf3782c17078c4adc000f33a6f92b085eab5c69,samples/p000592_a001230_000006_c25_l0.npz
p000592_a001230_000006_c26_l0,p000592,TRAIN,p000592_a001230,000006,26,multiview_distance,1.2,300,10,0,400,0,0,True,56893,5bc17e5a17355ca7b27aa2d13dfc4fb44ab6ac8dbcbcc4ddf92169bd823529d1,samples/p000592_a001230_000006_c26_l0.npz
p000592_a001230_000006_c27_l0,p000592,TRAIN,p000592_a001230,000006,27,multiview_distance,1.8,300,10,0,400,0,0,False,26978,63a5d82ece041a241d1e29579321ff2b0f628ce2f0c26f4bb1023255794c418e,samples/p000592_a001230_000006_c27_l0.npz
p000592_a001230_000006_c28_l0,p000592,TRAIN,p000592_a001230,000006,28,multiview_distance,2.5,300,10,0,400,0,0,False,13692,27ac59c2583a5b11a5caff873d148b73b9498bd383817b8d3da6879b09159e3a,samples/p000592_a001230_000006_c28_l0.npz
p000592_a001230_000006_c29_l0,p000592,TRAIN,p000592_a001230,000006,29,multiview_distance,3.2,300,10,0,400,0,0,False,8292,c9878f32c49ea6b96aaf2718724e54366168fe22d508be24dad609ee656fed35,samples/p000592_a001230_000006_c29_l0.npz
p000592_a001230_000006_c30_l0,p000592,TRAIN,p000592_a001230,000006,30,elevation,1.8,180,0,0,400,0,0,False,31615,f392fcab91d9ad47b91e7da52c7fbc1da11a5f232a50e0870f435b23c0f57576,samples/p000592_a001230_000006_c30_l0.npz
p000592_a001230_000006_c31_l0,p000592,TRAIN,p000592_a001230,000006,31,elevation,3.2,180,0,0,400,0,0,False,9991,972fea4fb134cc5941bb1e31dd4dca2a25d3ebfa9e754a0d89a528db279676e8,samples/p000592_a001230_000006_c31_l0.npz
p000592_a001230_000006_c32_l0,p000592,TRAIN,p000592_a001230,000006,32,elevation,1.8,180,25,0,400,0,0,False,32308,ab50f0ede5095265060fb9c52ba6f9c835efb9ec5b1ecaaa72b188970a7e0696,samples/p000592_a001230_000006_c32_l0.npz
p000592_a001230_000006_c33_l0,p000592,TRAIN,p000592_a001230,000006,33,elevation,3.2,180,25,0,400,0,0,False,9982,fc052a5e0c6256d5e28bc46137f2c40959d5fbcbdae6bb57c64e33bec4f1564c,samples/p000592_a001230_000006_c33_l0.npz
p000592_a001230_000006_c34_l0,p000592,TRAIN,p000592_a001230,000006,34,elevation,1.8,180,45,0,400,0,0,False,31087,e5d3f20c4194ae6e68713c65848c749ab7d2b5186070fcfc679b0815c86141d1,samples/p000592_a001230_000006_c34_l0.npz
p000592_a001230_000006_c35_l0,p000592,TRAIN,p000592_a001230,000006,35,elevation,3.2,180,45,0,400,0,0,False,9186,5e58af13ce98e4a18ae11d53314258fca38af17ef5d6d1baec6908637f1895fb,samples/p000592_a001230_000006_c35_l0.npz
p000592_a001230_000006_c36_l0,p000592,TRAIN,p000592_a001230,000006,36,elevation,1.8,180,65,0,400,0,0,False,27118,c739ccb8a013c4279128bea7617a4f03d731aefed07f1cc075dc42a559faba42,samples/p000592_a001230_000006_c36_l0.npz
p000592_a001230_000006_c37_l0,p000592,TRAIN,p000592_a001230,000006,37,elevation,3.2,180,65,0,400,0,0,False,7659,7c6e1de5706919f019a0dd764909144cd1bfdf8e6c0e01f70aefc199a9a13e21,samples/p000592_a001230_000006_c37_l0.npz
p000592_a001230_000006_c38_l0,p000592,TRAIN,p000592_a001230,000006,38,elevation,1.8,180,85,0,400,0,0,False,19543,f5b9c70aa29a3a92a2e19ecb60203b473fe5dc3c57c6000c91de24062bc4f968,samples/p000592_a001230_000006_c38_l0.npz
p000592_a001230_000006_c39_l0,p000592,TRAIN,p000592_a001230,000006,39,elevation,3.2,180,85,0,400,0,0,False,5255,43c729a1e3cf8a140b6ddd71b771827ac6ccebd924e09478cc7bd03fc26a8d2a,samples/p000592_a001230_000006_c39_l0.npz
p000592_a001230_000006_c40_l0,p000592,TRAIN,p000592_a001230,000006,40,roll,1.8,180,10,-90,400,0,0,False,32181,26f54e271df9a01391186fef1c6b45bb887e5cedf6cb4c07501e5196b0408125,samples/p000592_a001230_000006_c40_l0.npz
p000592_a001230_000006_c41_l0,p000592,TRAIN,p000592_a001230,000006,41,roll,3.2,180,10,-90,400,0,0,False,10141,fcbd9ae704e21f7026fd0f4e68ffd630d3d97613b54d8a0cc0648194022f7247,samples/p000592_a001230_000006_c41_l0.npz
p000592_a001230_000006_c42_l0,p000592,TRAIN,p000592_a001230,000006,42,roll,1.8,180,10,-45,400,0,0,False,32162,4255b638f7f4a4379d338c24ba8809d2c960fd3cf31a9888d318178133edb06d,samples/p000592_a001230_000006_c42_l0.npz
p000592_a001230_000006_c43_l0,p000592,TRAIN,p000592_a001230,000006,43,roll,3.2,180,10,-45,400,0,0,False,10122,0badd5b9ad01de39955620964a8811ac97dd68fd1843f37aaf119e6ea04b7374,samples/p000592_a001230_000006_c43_l0.npz
p000592_a001230_000006_c44_l0,p000592,TRAIN,p000592_a001230,000006,44,roll,1.8,180,10,-15,400,0,0,False,32181,1bf4c072ac0ed8dd4405241e8f10b7c74ca2b1d7bdccd759b1767e09106207ce,samples/p000592_a001230_000006_c44_l0.npz
p000592_a001230_000006_c45_l0,p000592,TRAIN,p000592_a001230,000006,45,roll,3.2,180,10,-15,400,0,0,False,10140,f4452f8e869adf9d9535731b9dcfc3bad5c41912c06a1133d786864ab6da7fd7,samples/p000592_a001230_000006_c45_l0.npz
p000592_a001230_000006_c46_l0,p000592,TRAIN,p000592_a001230,000006,46,roll,1.8,180,10,15,400,0,0,False,32170,8fcac34b00359a090255ea6c95dd20eb1c30251dfcc1668b086db75a0b4997b3,samples/p000592_a001230_000006_c46_l0.npz
p000592_a001230_000006_c47_l0,p000592,TRAIN,p000592_a001230,000006,47,roll,3.2,180,10,15,400,0,0,False,10134,09e8607c803ec6d7a99d81c9ef1fb8e5ef5067a3d78fafb2ba0a3aae1404deb9,samples/p000592_a001230_000006_c47_l0.npz
p000592_a001230_000006_c48_l0,p000592,TRAIN,p000592_a001230,000006,48,roll,1.8,180,10,45,400,0,0,False,32162,6bb280752e33ea1c67672c16e7a5207e9b4ee937ce42d231fb45a6dbeca45227,samples/p000592_a001230_000006_c48_l0.npz
p000592_a001230_000006_c49_l0,p000592,TRAIN,p000592_a001230,000006,49,roll,3.2,180,10,45,400,0,0,False,10122,2e3080717fc4585ee80939503d3fcde8487193436ad5b907a83cbe3297708677,samples/p000592_a001230_000006_c49_l0.npz
p000592_a001230_000006_c50_l0,p000592,TRAIN,p000592_a001230,000006,50,roll,1.8,180,10,90,400,0,0,False,32181,ac944cc674d8dc34dd5ece0edbc8e32218979ac9edce82f69ae3e49cc6c69df4,samples/p000592_a001230_000006_c50_l0.npz
p000592_a001230_000006_c51_l0,p000592,TRAIN,p000592_a001230,000006,51,roll,3.2,180,10,90,400,0,0,False,10141,9b7ace6e27e95ae201373676c43955f79162308001919646dadafef063627f2a,samples/p000592_a001230_000006_c51_l0.npz
p000592_a001230_000006_c52_l0,p000592,TRAIN,p000592_a001230,000006,52,offcentre,2.5,180,10,0,400,-0.25,0,False,16885,1761be0a98e10b0c417bc1074919122b6636e0efb46e9a32a1d51316d7428e80,samples/p000592_a001230_000006_c52_l0.npz
p000592_a001230_000006_c53_l0,p000592,TRAIN,p000592_a001230,000006,53,offcentre,2.5,180,10,0,400,0.25,0,False,17464,5dd4fd6d5459b5e8dbb8dfbdcc009d71fb27a4dd4bd41e3e92f7aacd933111a0,samples/p000592_a001230_000006_c53_l0.npz
p000592_a001230_000006_c54_l0,p000592,TRAIN,p000592_a001230,000006,54,offcentre,2.5,180,10,0,400,0,-0.2,False,16813,66371eaeda4c1572c4170e77d414aeb64ff6ee08dae2f812357633fc5f6b5321,samples/p000592_a001230_000006_c54_l0.npz
p000592_a001230_000006_c55_l0,p000592,TRAIN,p000592_a001230,000006,55,offcentre,2.5,180,10,0,400,0,0.2,False,16649,f6d363935ef0dda1c32bdecb605daa8e4272fd34e5b00780bf62c2e6eeafe618,samples/p000592_a001230_000006_c55_l0.npz
p000592_a001230_000006_c56_l0,p000592,TRAIN,p000592_a001230,000006,56,focal,2.5,180,10,0,300,0,0,False,9351,6b737e54c8b35df17413303a8af45cca902a141618a121d6b0f5c73f35ae39d6,samples/p000592_a001230_000006_c56_l0.npz
p000592_a001230_000006_c57_l0,p000592,TRAIN,p000592_a001230,000006,57,focal,2.5,180,10,0,500,0,0,False,25970,352a6e221f3e3e63a08a0fb4278af58bc8effb7ffdad6ba5a35f008f1f5d90af,samples/p000592_a001230_000006_c57_l0.npz
p000592_a001230_000006_c58_l0,p000592,TRAIN,p000592_a001230,000006,58,focal,2.5,180,10,0,650,0,0,False,43872,17a9a271a33e445b45fcdbf41d0b928c84406874e34f31247369be112d01c116,samples/p000592_a001230_000006_c58_l0.npz
p000592_a001230_000006_c59_l0,p000592,TRAIN,p000592_a001230,000006,59,focal,2.5,180,10,0,850,0,0,True,73760,06631d71892b2fc4d58108e893a7331f31efc99895c84199bf83d83a9eb70a96,samples/p000592_a001230_000006_c59_l0.npz
p000592_a001230_000006_c60_l0,p000592,TRAIN,p000592_a001230,000006,60,matched_angular_size,1.2,180,10,0,200,0,0,False,18388,908b3cd4de93ea278066eeeb10baf6851d5978b64218081d689acb9b57649703,samples/p000592_a001230_000006_c60_l0.npz
p000592_a001230_000006_c61_l0,p000592,TRAIN,p000592_a001230,000006,61,matched_angular_size,1.8,180,10,0,300,0,0,False,18089,6fb4fb2412313c4e1749c5e4a3516713be8dddad11bd8c1348eb18e28a6803ef,samples/p000592_a001230_000006_c61_l0.npz
p000592_a001230_000006_c62_l0,p000592,TRAIN,p000592_a001230,000006,62,matched_angular_size,3,180,10,0,500,0,0,False,18011,3851c52cd6f412dd5244a9cf1fc41683336fdfea20b632449c27f5be54878a15,samples/p000592_a001230_000006_c62_l0.npz
p000592_a001230_000006_c63_l0,p000592,TRAIN,p000592_a001230,000006,63,matched_angular_size,4,180,10,0,666.6666666666666,0,0,False,18021,52de38c230505529a1c8bebf0271e7b4ecb84ca90f7976a3082e2bb493ccf197,samples/p000592_a001230_000006_c63_l0.npz
p000592_a001230_000024_c00_l0,p000592,TRAIN,p000592_a001230,000024,0,distance,0.8,30,10,0,400,0,0,True,127371,3d645c978c636d18a96227f459c79f77f124a572a4b9ba15c3992b7afb2486d9,samples/p000592_a001230_000024_c00_l0.npz
p000592_a001230_000024_c01_l0,p000592,TRAIN,p000592_a001230,000024,1,distance,1.2,30,10,0,400,0,0,True,66754,4a6de5989351bcf55423f0e6179eb50589c6b49f8df0c13ab9b483c3d0d78f27,samples/p000592_a001230_000024_c01_l0.npz
p000592_a001230_000024_c02_l0,p000592,TRAIN,p000592_a001230,000024,2,distance,1.8,30,10,0,400,0,0,False,30496,fb885a3d96afd5815a8183beec5a8c4ff4ab739c447ce187cc9825b11142bb59,samples/p000592_a001230_000024_c02_l0.npz
p000592_a001230_000024_c03_l0,p000592,TRAIN,p000592_a001230,000024,3,distance,2.5,30,10,0,400,0,0,False,15378,fb4599af0c7fdebf86a02e57a1e72bc26b744622964683db64f63d163df8edbb,samples/p000592_a001230_000024_c03_l0.npz
p000592_a001230_000024_c04_l0,p000592,TRAIN,p000592_a001230,000024,4,distance,3.2,30,10,0,400,0,0,False,9254,5c56b3e4b119e82d13c802d470d6b872a2d6a852ae3dc1a869ab85d56e91ce23,samples/p000592_a001230_000024_c04_l0.npz
p000592_a001230_000024_c05_l0,p000592,TRAIN,p000592_a001230,000024,5,distance,4.0,30,10,0,400,0,0,False,5890,aaaac5d965df680e49ba840fcd27ca265cefb92d2bc2beb279199ac55d95dad6,samples/p000592_a001230_000024_c05_l0.npz
p000592_a001230_000024_c06_l0,p000592,TRAIN,p000592_a001230,000024,6,multiview_distance,1.2,0,10,0,400,0,0,True,73508,c591e589071a842162e1bc481f03d57898d0e4d67b4bda8794f4af28a48ee983,samples/p000592_a001230_000024_c06_l0.npz
p000592_a001230_000024_c07_l0,p000592,TRAIN,p000592_a001230,000024,7,multiview_distance,1.8,0,10,0,400,0,0,False,33484,62287f8c145d89288a51db3675b001bbe0c95705a187a6fb9709605416fcd0ee,samples/p000592_a001230_000024_c07_l0.npz
p000592_a001230_000024_c08_l0,p000592,TRAIN,p000592_a001230,000024,8,multiview_distance,2.5,0,10,0,400,0,0,False,16834,5b03ff90d2c17dc132bef41de36fc4098982ceeef5e599b1536456ee5816a157,samples/p000592_a001230_000024_c08_l0.npz
p000592_a001230_000024_c09_l0,p000592,TRAIN,p000592_a001230,000024,9,multiview_distance,3.2,0,10,0,400,0,0,False,10135,ebe0a632bf0d090d1bf2d53a8b6ff770ff752c09058d80c62988c084dbd4055e,samples/p000592_a001230_000024_c09_l0.npz
p000592_a001230_000024_c10_l0,p000592,TRAIN,p000592_a001230,000024,10,multiview_distance,1.2,60,10,0,400,0,0,True,57684,866170e2d5616625f5454f2b75bc2af225c14cafbcd716c0b06ad191648ffa57,samples/p000592_a001230_000024_c10_l0.npz
p000592_a001230_000024_c11_l0,p000592,TRAIN,p000592_a001230,000024,11,multiview_distance,1.8,60,10,0,400,0,0,False,27108,9a99e267d82bd8a5fb86f2f77bfe96319110333c6fe1e865f0bd5e8674419aa1,samples/p000592_a001230_000024_c11_l0.npz
p000592_a001230_000024_c12_l0,p000592,TRAIN,p000592_a001230,000024,12,multiview_distance,2.5,60,10,0,400,0,0,False,13739,a50fc6f7307732e5482e050ba50c335d130393fa5575467d33756ba010517edc,samples/p000592_a001230_000024_c12_l0.npz
p000592_a001230_000024_c13_l0,p000592,TRAIN,p000592_a001230,000024,13,multiview_distance,3.2,60,10,0,400,0,0,False,8341,52e2f6dd3ffd8fc4a050c8cd185cf2b996473936659a7ae019e270abd660956c,samples/p000592_a001230_000024_c13_l0.npz
p000592_a001230_000024_c14_l0,p000592,TRAIN,p000592_a001230,000024,14,multiview_distance,1.2,120,10,0,400,0,0,True,66196,e4d23561f0a4c5617b6c8108762aea9d1139449d8d8f598f01aefa9d39d9bb98,samples/p000592_a001230_000024_c14_l0.npz
p000592_a001230_000024_c15_l0,p000592,TRAIN,p000592_a001230,000024,15,multiview_distance,1.8,120,10,0,400,0,0,False,29488,6d8368cc08a02b58662c4eb77a7a73de533f9ff884fdb878a1582eb4182ec571,samples/p000592_a001230_000024_c15_l0.npz
p000592_a001230_000024_c16_l0,p000592,TRAIN,p000592_a001230,000024,16,multiview_distance,2.5,120,10,0,400,0,0,False,14749,d58e71235fda5c032760abd8ef6b62c62a1429274427aa086369e2d448141813,samples/p000592_a001230_000024_c16_l0.npz
p000592_a001230_000024_c17_l0,p000592,TRAIN,p000592_a001230,000024,17,multiview_distance,3.2,120,10,0,400,0,0,False,8845,3fc3991de8710f7fc631ad9d3eae72127da07ba5d4d12b002277f78a47ea1111,samples/p000592_a001230_000024_c17_l0.npz
p000592_a001230_000024_c18_l0,p000592,TRAIN,p000592_a001230,000024,18,multiview_distance,1.2,180,10,0,400,0,0,True,73045,9a274a80a107c7327f62df33bec0bb6c7ed42ec8246910c3846a1a7f13854c17,samples/p000592_a001230_000024_c18_l0.npz
p000592_a001230_000024_c19_l0,p000592,TRAIN,p000592_a001230,000024,19,multiview_distance,1.8,180,10,0,400,0,0,False,32201,ee3f8e1e8f9397f93a58d1adc85b5540c2a66f03e70c7b9bdc59adf42feb675b,samples/p000592_a001230_000024_c19_l0.npz
p000592_a001230_000024_c20_l0,p000592,TRAIN,p000592_a001230,000024,20,multiview_distance,2.5,180,10,0,400,0,0,False,16612,a105b5f32dab8306acb08e39065befe09fc95a732c6d4377834af3bb12822460,samples/p000592_a001230_000024_c20_l0.npz
p000592_a001230_000024_c21_l0,p000592,TRAIN,p000592_a001230,000024,21,multiview_distance,3.2,180,10,0,400,0,0,False,10136,d4af797e68d666ae30c38872f4d4cc63c531fb9649dbf0b7009d0294eb8451fc,samples/p000592_a001230_000024_c21_l0.npz
p000592_a001230_000024_c22_l0,p000592,TRAIN,p000592_a001230,000024,22,multiview_distance,1.2,240,10,0,400,0,0,True,64135,252dad422f50d15b428cc0ffcb4ef1c4c482a63167702cdfa5d5bb17be54ecb8,samples/p000592_a001230_000024_c22_l0.npz
p000592_a001230_000024_c23_l0,p000592,TRAIN,p000592_a001230,000024,23,multiview_distance,1.8,240,10,0,400,0,0,False,29167,273ecfad33a6fa22c6fbb6c812283a68572be12241ca709f72ed98ff021c2ac3,samples/p000592_a001230_000024_c23_l0.npz
p000592_a001230_000024_c24_l0,p000592,TRAIN,p000592_a001230,000024,24,multiview_distance,2.5,240,10,0,400,0,0,False,14557,0b06ce066aab62f65e5bca2b9fed88bfa50b81df35e9da58ca4a76c87d1a829c,samples/p000592_a001230_000024_c24_l0.npz
p000592_a001230_000024_c25_l0,p000592,TRAIN,p000592_a001230,000024,25,multiview_distance,3.2,240,10,0,400,0,0,False,8713,ebf974d0bc9b44be19a42d339ded8df362b2694cde1a8858e995071cb563a670,samples/p000592_a001230_000024_c25_l0.npz
p000592_a001230_000024_c26_l0,p000592,TRAIN,p000592_a001230,000024,26,multiview_distance,1.2,300,10,0,400,0,0,True,56966,e0be5d0e42aabce44ea9d37999ebe3d1583ada8ae0d2661e665b5e9377a4876c,samples/p000592_a001230_000024_c26_l0.npz
p000592_a001230_000024_c27_l0,p000592,TRAIN,p000592_a001230,000024,27,multiview_distance,1.8,300,10,0,400,0,0,False,27029,953c43e18f0a26b6f957089eb336a5493f6881994e1d52ac1dbd04404da389c7,samples/p000592_a001230_000024_c27_l0.npz
p000592_a001230_000024_c28_l0,p000592,TRAIN,p000592_a001230,000024,28,multiview_distance,2.5,300,10,0,400,0,0,False,13709,d545ca3cbd073aa538af0947bd78d810a2b991c56264abb5966b0f82d5e766d3,samples/p000592_a001230_000024_c28_l0.npz
p000592_a001230_000024_c29_l0,p000592,TRAIN,p000592_a001230,000024,29,multiview_distance,3.2,300,10,0,400,0,0,False,8315,ca7b9cb8fcba9607f5b111c15de78924ae2dc49a0d98aca5681f1d5286d94acd,samples/p000592_a001230_000024_c29_l0.npz
p000592_a001230_000024_c30_l0,p000592,TRAIN,p000592_a001230,000024,30,elevation,1.8,180,0,0,400,0,0,False,31679,bb48462a34824ece85408a470a28f1f889f21f750112338384b8f433fda90f79,samples/p000592_a001230_000024_c30_l0.npz
p000592_a001230_000024_c31_l0,p000592,TRAIN,p000592_a001230,000024,31,elevation,3.2,180,0,0,400,0,0,False,9995,ca305177881dcf8efa04340ae0e54621a8236793d1192bfb713b4a1eb924cc96,samples/p000592_a001230_000024_c31_l0.npz
p000592_a001230_000024_c32_l0,p000592,TRAIN,p000592_a001230,000024,32,elevation,1.8,180,25,0,400,0,0,False,32294,a4bb70a053191d0419901c8c0f0a92364c9a45a824262a5c33d8d3f3ca7e1932,samples/p000592_a001230_000024_c32_l0.npz
p000592_a001230_000024_c33_l0,p000592,TRAIN,p000592_a001230,000024,33,elevation,3.2,180,25,0,400,0,0,False,9986,6be057eca444e1f0e12678a2b7e85563573d1715fec8980668e0cd1e0f0cfce1,samples/p000592_a001230_000024_c33_l0.npz
p000592_a001230_000024_c34_l0,p000592,TRAIN,p000592_a001230,000024,34,elevation,1.8,180,45,0,400,0,0,False,31061,f5f758260c20701ba16daff804bfa1768be77f84ba9db4f84f0f5ae0f697b250,samples/p000592_a001230_000024_c34_l0.npz
p000592_a001230_000024_c35_l0,p000592,TRAIN,p000592_a001230,000024,35,elevation,3.2,180,45,0,400,0,0,False,9179,43cc1f6bb84f50a1f8ed291e66269b64adf7f5ff87abe1ac70f500b642eefe97,samples/p000592_a001230_000024_c35_l0.npz
p000592_a001230_000024_c36_l0,p000592,TRAIN,p000592_a001230,000024,36,elevation,1.8,180,65,0,400,0,0,False,27028,e69b182cfa10361009264dd51347693b3a1da16047a4b9c3f8c8450855c17bee,samples/p000592_a001230_000024_c36_l0.npz
p000592_a001230_000024_c37_l0,p000592,TRAIN,p000592_a001230,000024,37,elevation,3.2,180,65,0,400,0,0,False,7659,fa559fcbce9bb744dbf206258bd9978fa47660f395e579e3a7ade802b53f80d2,samples/p000592_a001230_000024_c37_l0.npz
p000592_a001230_000024_c38_l0,p000592,TRAIN,p000592_a001230,000024,38,elevation,1.8,180,85,0,400,0,0,False,19529,de3d7e4edcf8470b412a4871c8fb2736b9c95f8e620afb867ecfd4aa3ae0b342,samples/p000592_a001230_000024_c38_l0.npz
p000592_a001230_000024_c39_l0,p000592,TRAIN,p000592_a001230,000024,39,elevation,3.2,180,85,0,400,0,0,False,5259,fd16be4f314bd331d043885d97a71cf14ab54c38e4a91ef575e9cf47ed7bd3e7,samples/p000592_a001230_000024_c39_l0.npz
p000592_a001230_000024_c40_l0,p000592,TRAIN,p000592_a001230,000024,40,roll,1.8,180,10,-90,400,0,0,False,32201,1cbfd0a8d7bfec12d0945d92147d1f718c99678dc21737ada8d2d9190e5baa31,samples/p000592_a001230_000024_c40_l0.npz
p000592_a001230_000024_c41_l0,p000592,TRAIN,p000592_a001230,000024,41,roll,3.2,180,10,-90,400,0,0,False,10136,34f9581bf13ceffd104ccb1d31563ac4c6147906bb0a59d7c1352b7206371d5a,samples/p000592_a001230_000024_c41_l0.npz
p000592_a001230_000024_c42_l0,p000592,TRAIN,p000592_a001230,000024,42,roll,1.8,180,10,-45,400,0,0,False,32202,b679d8005e1f37f2f87e80757f7cbfc964edca0a4da850dd654099a47aaa8e57,samples/p000592_a001230_000024_c42_l0.npz
p000592_a001230_000024_c43_l0,p000592,TRAIN,p000592_a001230,000024,43,roll,3.2,180,10,-45,400,0,0,False,10141,ae22f5b50cd107be6af8a1b928e1f77bdd1010d59183ec99cc4539bc68a47dfc,samples/p000592_a001230_000024_c43_l0.npz
p000592_a001230_000024_c44_l0,p000592,TRAIN,p000592_a001230,000024,44,roll,1.8,180,10,-15,400,0,0,False,32199,3c2784ade99924aa41b561b94a8496b7a8ef5ac62398a9e4f6f8d350477e69ff,samples/p000592_a001230_000024_c44_l0.npz
p000592_a001230_000024_c45_l0,p000592,TRAIN,p000592_a001230,000024,45,roll,3.2,180,10,-15,400,0,0,False,10141,3f0ecac733b7d8f94588cc72cf0d89bd3f06c936593691eeec20cdbafac5ca4a,samples/p000592_a001230_000024_c45_l0.npz
p000592_a001230_000024_c46_l0,p000592,TRAIN,p000592_a001230,000024,46,roll,1.8,180,10,15,400,0,0,False,32199,c01e46ced8761490c9a603268fddf390307884765777400e292cef42a02c0702,samples/p000592_a001230_000024_c46_l0.npz
p000592_a001230_000024_c47_l0,p000592,TRAIN,p000592_a001230,000024,47,roll,3.2,180,10,15,400,0,0,False,10138,1e7e4be0f1efd68d556b01f95b4cc4a41502404ce5218bb5e15e92e6f11cfcc0,samples/p000592_a001230_000024_c47_l0.npz
p000592_a001230_000024_c48_l0,p000592,TRAIN,p000592_a001230,000024,48,roll,1.8,180,10,45,400,0,0,False,32202,6815e9a1fccdff0fd126227d183d305855c1c0c9690db0253dbb38fe3e33b020,samples/p000592_a001230_000024_c48_l0.npz
p000592_a001230_000024_c49_l0,p000592,TRAIN,p000592_a001230,000024,49,roll,3.2,180,10,45,400,0,0,False,10141,036d27c2939620da5b93e7f8a216a9d5b07afd89b13f84eaa36da23f34ccaf37,samples/p000592_a001230_000024_c49_l0.npz
p000592_a001230_000024_c50_l0,p000592,TRAIN,p000592_a001230,000024,50,roll,1.8,180,10,90,400,0,0,False,32201,934e01772b4bf0342a884b20d7b7674c2a9412afbf550855e70545f080c4faa3,samples/p000592_a001230_000024_c50_l0.npz
p000592_a001230_000024_c51_l0,p000592,TRAIN,p000592_a001230,000024,51,roll,3.2,180,10,90,400,0,0,False,10136,d0d14cbf77996f52e78b6dff78ebd5131d789e5a4e44ea23f387e3d59cbab699,samples/p000592_a001230_000024_c51_l0.npz
p000592_a001230_000024_c52_l0,p000592,TRAIN,p000592_a001230,000024,52,offcentre,2.5,180,10,0,400,-0.25,0,False,16923,40fcca7a72e4acce19dddd5371d59ea8d92c8ec711a34cf742e9ea9ae6f9a8d5,samples/p000592_a001230_000024_c52_l0.npz
p000592_a001230_000024_c53_l0,p000592,TRAIN,p000592_a001230,000024,53,offcentre,2.5,180,10,0,400,0.25,0,False,17458,bacfb4dd0a39fef6359beb650d8ce8208a53f50b6fe210398950cf5b8268223f,samples/p000592_a001230_000024_c53_l0.npz
p000592_a001230_000024_c54_l0,p000592,TRAIN,p000592_a001230,000024,54,offcentre,2.5,180,10,0,400,0,-0.2,False,16816,b64ec83581eeb3c0a74e0fbd817c482efd78ff32222dd2d686124dcc88910273,samples/p000592_a001230_000024_c54_l0.npz
p000592_a001230_000024_c55_l0,p000592,TRAIN,p000592_a001230,000024,55,offcentre,2.5,180,10,0,400,0,0.2,False,16676,027c1d9f8c61668043fd6e787154c5b059973fd1423e22c16e862ace8471f77c,samples/p000592_a001230_000024_c55_l0.npz
p000592_a001230_000024_c56_l0,p000592,TRAIN,p000592_a001230,000024,56,focal,2.5,180,10,0,300,0,0,False,9350,25d4406798037c636e40b44d4261a4b8d5ed09ed9c57b82d6994745773e575b2,samples/p000592_a001230_000024_c56_l0.npz
p000592_a001230_000024_c57_l0,p000592,TRAIN,p000592_a001230,000024,57,focal,2.5,180,10,0,500,0,0,False,25962,431c6063a0db036cf6b5aa7a68c7f5efbb6ddcf442585922b94ef371061a98bc,samples/p000592_a001230_000024_c57_l0.npz
p000592_a001230_000024_c58_l0,p000592,TRAIN,p000592_a001230,000024,58,focal,2.5,180,10,0,650,0,0,False,43928,4d09f1ec6fe80b06677bad356d48814f7902979f12639c711e143852bcdc73dc,samples/p000592_a001230_000024_c58_l0.npz
p000592_a001230_000024_c59_l0,p000592,TRAIN,p000592_a001230,000024,59,focal,2.5,180,10,0,850,0,0,True,73689,09b1e2f94b8cdfe11fe9fa54b7945c05cefbd4489680eb2c51dd35e63c62d99c,samples/p000592_a001230_000024_c59_l0.npz
p000592_a001230_000024_c60_l0,p000592,TRAIN,p000592_a001230,000024,60,matched_angular_size,1.2,180,10,0,200,0,0,False,18395,466067c0c815c9eb722a650b48b12a5074c932690724ba912b2cbf45ac5bdd7a,samples/p000592_a001230_000024_c60_l0.npz
p000592_a001230_000024_c61_l0,p000592,TRAIN,p000592_a001230,000024,61,matched_angular_size,1.8,180,10,0,300,0,0,False,18105,a4713c577d8dd4a60b6956472379730146224059707a7600a760df209c19bbf9,samples/p000592_a001230_000024_c61_l0.npz
p000592_a001230_000024_c62_l0,p000592,TRAIN,p000592_a001230,000024,62,matched_angular_size,3,180,10,0,500,0,0,False,18019,c74ae19bca5d9fb9429d956b7138f4663dc7421d9d792c7f5f0e158bc3a04e8e,samples/p000592_a001230_000024_c62_l0.npz
p000592_a001230_000024_c63_l0,p000592,TRAIN,p000592_a001230,000024,63,matched_angular_size,4,180,10,0,666.6666666666666,0,0,False,18030,586ece51aec1fd01f1dd14f101f3d8941e461f6221341cfc96c22e0c800d7ca5,samples/p000592_a001230_000024_c63_l0.npz
p000598_a001234_000006_c00_l0,p000598,TRAIN,p000598_a001234,000006,0,distance,0.8,30,10,0,400,0,0,True,121610,cd928bf1f954fbfe167b76d38e16ddeb5988bb4cfb87fbaa455ed4c2aea4a1cc,samples/p000598_a001234_000006_c00_l0.npz
p000598_a001234_000006_c01_l0,p000598,TRAIN,p000598_a001234,000006,1,distance,1.2,30,10,0,400,0,0,True,59391,db1afc6e5907785c328d7a02f7f681f8afa43b7e7df8ef60b1c312fd38c82d6d,samples/p000598_a001234_000006_c01_l0.npz
p000598_a001234_000006_c02_l0,p000598,TRAIN,p000598_a001234,000006,2,distance,1.8,30,10,0,400,0,0,False,23419,6a65941d0f9edfd5a1a6a718dd41da4e8d39c4c99ea8ef9e0a17cfa94bd666a7,samples/p000598_a001234_000006_c02_l0.npz
p000598_a001234_000006_c03_l0,p000598,TRAIN,p000598_a001234,000006,3,distance,2.5,30,10,0,400,0,0,False,11632,dc23e3427fd76c85de0e4fb317cac3427a05b56d21d997c4842a511dfc326d30,samples/p000598_a001234_000006_c03_l0.npz
p000598_a001234_000006_c04_l0,p000598,TRAIN,p000598_a001234,000006,4,distance,3.2,30,10,0,400,0,0,False,7031,69043b7d281bac7e15d885767636883b6e124d37ba4900a6337a538c13c1b111,samples/p000598_a001234_000006_c04_l0.npz
p000598_a001234_000006_c05_l0,p000598,TRAIN,p000598_a001234,000006,5,distance,4.0,30,10,0,400,0,0,False,4495,6932a1850dc6ab62d697d97a72aca6a3d2ac723f244ac0a26794add0aef8016a,samples/p000598_a001234_000006_c05_l0.npz
p000598_a001234_000006_c06_l0,p000598,TRAIN,p000598_a001234,000006,6,multiview_distance,1.2,0,10,0,400,0,0,True,51612,6754bcf47004922984c7ede1979d4ddfb55741a67963182a82e464b9dc50d193,samples/p000598_a001234_000006_c06_l0.npz
p000598_a001234_000006_c07_l0,p000598,TRAIN,p000598_a001234,000006,7,multiview_distance,1.8,0,10,0,400,0,0,False,20367,dbff7366c73e6242d5a569950fc8becf0865ba8b9f33c46729cf330c6a5910ff,samples/p000598_a001234_000006_c07_l0.npz
p000598_a001234_000006_c08_l0,p000598,TRAIN,p000598_a001234,000006,8,multiview_distance,2.5,0,10,0,400,0,0,False,10420,132f2657c536d8be5c2844164ba402c06a2244e17b67f43039dd696b9cd669fe,samples/p000598_a001234_000006_c08_l0.npz
p000598_a001234_000006_c09_l0,p000598,TRAIN,p000598_a001234,000006,9,multiview_distance,3.2,0,10,0,400,0,0,False,6429,a43f4215158c0df09a36af697978ee799c0fca7fd4969e135c3ca3bf08238cdc,samples/p000598_a001234_000006_c09_l0.npz
p000598_a001234_000006_c10_l0,p000598,TRAIN,p000598_a001234,000006,10,multiview_distance,1.2,60,10,0,400,0,0,False,70443,4ad332dffb8042e848e82f1cd8f266323b59b273c72dcc4082f6f0dd9b87c505,samples/p000598_a001234_000006_c10_l0.npz
p000598_a001234_000006_c11_l0,p000598,TRAIN,p000598_a001234,000006,11,multiview_distance,1.8,60,10,0,400,0,0,False,28332,33b7b6f25ccd26a221446fd7c208d9794d688a4396f75389c45c008f38c1089a,samples/p000598_a001234_000006_c11_l0.npz
p000598_a001234_000006_c12_l0,p000598,TRAIN,p000598_a001234,000006,12,multiview_distance,2.5,60,10,0,400,0,0,False,14186,941bec25a2e6ad78f47e7e79e5a21d40a318daea88e19d511a2b17934e07080f,samples/p000598_a001234_000006_c12_l0.npz
p000598_a001234_000006_c13_l0,p000598,TRAIN,p000598_a001234,000006,13,multiview_distance,3.2,60,10,0,400,0,0,False,8524,d756c36a20f2cdc565f26c8f00d0843ee86ea05c59fa6a7eb6d2fd98982fa3cd,samples/p000598_a001234_000006_c13_l0.npz
p000598_a001234_000006_c14_l0,p000598,TRAIN,p000598_a001234,000006,14,multiview_distance,1.2,120,10,0,400,0,0,True,69956,4a34408eec09686720f1741a457248c76c91c29f0038b0e351af9c1116dc4d5c,samples/p000598_a001234_000006_c14_l0.npz
p000598_a001234_000006_c15_l0,p000598,TRAIN,p000598_a001234,000006,15,multiview_distance,1.8,120,10,0,400,0,0,False,32260,7eb866a3497f3ca8230f10100a8b815ee8117b8152ecf87fcc2e8153ae73aac1,samples/p000598_a001234_000006_c15_l0.npz
p000598_a001234_000006_c16_l0,p000598,TRAIN,p000598_a001234,000006,16,multiview_distance,2.5,120,10,0,400,0,0,False,15262,1114cf5438feb5677c43b0c50b4450004faa421ea77d142d292e19953322a2eb,samples/p000598_a001234_000006_c16_l0.npz
p000598_a001234_000006_c17_l0,p000598,TRAIN,p000598_a001234,000006,17,multiview_distance,3.2,120,10,0,400,0,0,False,8920,97f79ca901af79a0ac3a77b3590f54809c297c7c5a6abd961c0b917ba3612986,samples/p000598_a001234_000006_c17_l0.npz
p000598_a001234_000006_c18_l0,p000598,TRAIN,p000598_a001234,000006,18,multiview_distance,1.2,180,10,0,400,0,0,True,89662,5647ff29c45745624d317a250f68f2b548802e46939db2af1db36b264b2841c2,samples/p000598_a001234_000006_c18_l0.npz
p000598_a001234_000006_c19_l0,p000598,TRAIN,p000598_a001234,000006,19,multiview_distance,1.8,180,10,0,400,0,0,False,29160,4046903ab0985b26035282373604b1dcd2dc06f8f2e05eba25c7c4473a899959,samples/p000598_a001234_000006_c19_l0.npz
p000598_a001234_000006_c20_l0,p000598,TRAIN,p000598_a001234,000006,20,multiview_distance,2.5,180,10,0,400,0,0,False,12573,2dbded6f65962964435f8aa2d41a12c0db724ca2beab1e6b5dd33a3c59bd3d00,samples/p000598_a001234_000006_c20_l0.npz
p000598_a001234_000006_c21_l0,p000598,TRAIN,p000598_a001234,000006,21,multiview_distance,3.2,180,10,0,400,0,0,False,7016,f60adbf489d70f2eff5cb2f8ba475bf03e0524afe33d7c8de6ebc0fe4455d675,samples/p000598_a001234_000006_c21_l0.npz
p000598_a001234_000006_c22_l0,p000598,TRAIN,p000598_a001234,000006,22,multiview_distance,1.2,240,10,0,400,0,0,True,70771,a560e7aa9ef18f08d7f0ecf7168aad7b1f8a854671a88b955954d78e2e1e7baf,samples/p000598_a001234_000006_c22_l0.npz
p000598_a001234_000006_c23_l0,p000598,TRAIN,p000598_a001234,000006,23,multiview_distance,1.8,240,10,0,400,0,0,False,30592,1c4131959898d0964e2cb452e11d55f8d10e2d5570cb7ad90ee73c7e89859492,samples/p000598_a001234_000006_c23_l0.npz
p000598_a001234_000006_c24_l0,p000598,TRAIN,p000598_a001234,000006,24,multiview_distance,2.5,240,10,0,400,0,0,False,14469,811740b86fdb5407723d53b25d7f38e57f5b1d265472e1f9cf8783011ce35b36,samples/p000598_a001234_000006_c24_l0.npz
p000598_a001234_000006_c25_l0,p000598,TRAIN,p000598_a001234,000006,25,multiview_distance,3.2,240,10,0,400,0,0,False,8508,58e97eb06fc11ff6755bbbf322bbd52fc7598e78e54eb8788071a1f16f8aa6bd,samples/p000598_a001234_000006_c25_l0.npz
p000598_a001234_000006_c26_l0,p000598,TRAIN,p000598_a001234,000006,26,multiview_distance,1.2,300,10,0,400,0,0,False,65737,656550d6e5d7ae0d23c77c913b7254568b8559f1b125aa3c74c8da2c128ee3c9,samples/p000598_a001234_000006_c26_l0.npz
p000598_a001234_000006_c27_l0,p000598,TRAIN,p000598_a001234,000006,27,multiview_distance,1.8,300,10,0,400,0,0,False,27761,82e9e5a53508dd9e1a7796b7b927d2331e76c4ab50990fc573f5c09d265efbc1,samples/p000598_a001234_000006_c27_l0.npz
p000598_a001234_000006_c28_l0,p000598,TRAIN,p000598_a001234,000006,28,multiview_distance,2.5,300,10,0,400,0,0,False,14152,1ac29e849c9919b3b8cb3acd0dba364f29b366d15fe042a1ca6a0627df30b1a7,samples/p000598_a001234_000006_c28_l0.npz
p000598_a001234_000006_c29_l0,p000598,TRAIN,p000598_a001234,000006,29,multiview_distance,3.2,300,10,0,400,0,0,False,8600,a85d54baac1ca6559625c4008688c836896437817d954bd4b84ad7935c7acc1b,samples/p000598_a001234_000006_c29_l0.npz
p000598_a001234_000006_c30_l0,p000598,TRAIN,p000598_a001234,000006,30,elevation,1.8,180,0,0,400,0,0,False,31881,662dfb118964b4a173e62e2157e1b4bc4817cd38e65b5a1161a2dadb1823d627,samples/p000598_a001234_000006_c30_l0.npz
p000598_a001234_000006_c31_l0,p000598,TRAIN,p000598_a001234,000006,31,elevation,3.2,180,0,0,400,0,0,False,7836,988a071526fe33ea6f47e14cffcd440e514ecd2795703641f50ecfcb114ee50f,samples/p000598_a001234_000006_c31_l0.npz
p000598_a001234_000006_c32_l0,p000598,TRAIN,p000598_a001234,000006,32,elevation,1.8,180,25,0,400,0,0,False,25666,014d9bc15dc170f5e43d30cd16747e7b7b2fae783f826296dacd174e116c2db6,samples/p000598_a001234_000006_c32_l0.npz
p000598_a001234_000006_c33_l0,p000598,TRAIN,p000598_a001234,000006,33,elevation,3.2,180,25,0,400,0,0,False,6260,d876c62c6a0d694c8ca445732e2f1665d345b2cef22cec65395eea352b2f53b5,samples/p000598_a001234_000006_c33_l0.npz
p000598_a001234_000006_c34_l0,p000598,TRAIN,p000598_a001234,000006,34,elevation,1.8,180,45,0,400,0,0,False,23664,1b5d7b8135498f48a6438cd7e32a7c89f22f6d13cf25dad12809d3e5cf035779,samples/p000598_a001234_000006_c34_l0.npz
p000598_a001234_000006_c35_l0,p000598,TRAIN,p000598_a001234,000006,35,elevation,3.2,180,45,0,400,0,0,False,6488,c3b9cad8fc720be5731fa2625e5fe8ef2890a45f2ffe744d17d363d03f9c0185,samples/p000598_a001234_000006_c35_l0.npz
p000598_a001234_000006_c36_l0,p000598,TRAIN,p000598_a001234,000006,36,elevation,1.8,180,65,0,400,0,0,False,24072,4a77007c38cc208464eaf3e3f6f2068662844e222e5366fc3eb6df5f20171917,samples/p000598_a001234_000006_c36_l0.npz
p000598_a001234_000006_c37_l0,p000598,TRAIN,p000598_a001234,000006,37,elevation,3.2,180,65,0,400,0,0,False,7180,8221c960612b0486cabc5b219dddb0fa32f07866619e1e943d6f8cc8d0d16f9f,samples/p000598_a001234_000006_c37_l0.npz
p000598_a001234_000006_c38_l0,p000598,TRAIN,p000598_a001234,000006,38,elevation,1.8,180,85,0,400,0,0,False,25821,25cb74bd3b7a5a0e3bf166bb8abeafde7747c397754305c4069a10700b060111,samples/p000598_a001234_000006_c38_l0.npz
p000598_a001234_000006_c39_l0,p000598,TRAIN,p000598_a001234,000006,39,elevation,3.2,180,85,0,400,0,0,False,7786,4e387e267e38d4bbf29f0f873cf9a70c914de8301be608dded3391514b67fc36,samples/p000598_a001234_000006_c39_l0.npz
p000598_a001234_000006_c40_l0,p000598,TRAIN,p000598_a001234,000006,40,roll,1.8,180,10,-90,400,0,0,False,29160,746499f43a204c7093af84158f11bed24b150bf6078b5cc2fb8bce9d8f837c41,samples/p000598_a001234_000006_c40_l0.npz
p000598_a001234_000006_c41_l0,p000598,TRAIN,p000598_a001234,000006,41,roll,3.2,180,10,-90,400,0,0,False,7016,88d0f644604ad79c4c4d8556d9be7723d1a5cb43a745deee13c0b8f716c5abe4,samples/p000598_a001234_000006_c41_l0.npz
p000598_a001234_000006_c42_l0,p000598,TRAIN,p000598_a001234,000006,42,roll,1.8,180,10,-45,400,0,0,False,29173,48902221ee2ebb7aee7bd32976b19046869ee9cfb162df56bc550e3353958862,samples/p000598_a001234_000006_c42_l0.npz
p000598_a001234_000006_c43_l0,p000598,TRAIN,p000598_a001234,000006,43,roll,3.2,180,10,-45,400,0,0,False,7014,9b846206845a4666d019c87a7c19139db4262efe891ab2592dbb6a8bd3d75446,samples/p000598_a001234_000006_c43_l0.npz
p000598_a001234_000006_c44_l0,p000598,TRAIN,p000598_a001234,000006,44,roll,1.8,180,10,-15,400,0,0,False,29175,4bb3357eef0ca8e5a88b1e4f766e675845f2d43dc0aefcca0f71cd8ebf9c1e60,samples/p000598_a001234_000006_c44_l0.npz
p000598_a001234_000006_c45_l0,p000598,TRAIN,p000598_a001234,000006,45,roll,3.2,180,10,-15,400,0,0,False,7009,4703e57cef78373376f13403b17df89b74607cce831f7dd0c1ffe76eb93bdf64,samples/p000598_a001234_000006_c45_l0.npz
p000598_a001234_000006_c46_l0,p000598,TRAIN,p000598_a001234,000006,46,roll,1.8,180,10,15,400,0,0,False,29174,8732792f86eb9a2fd1cd0dd35dd294496f3731239019a5944c65aaf08b7e06f2,samples/p000598_a001234_000006_c46_l0.npz
p000598_a001234_000006_c47_l0,p000598,TRAIN,p000598_a001234,000006,47,roll,3.2,180,10,15,400,0,0,False,7007,9b83eb2ae918c57eda7edd20af583b5c4be004b1c35407040941d086a42023f6,samples/p000598_a001234_000006_c47_l0.npz
p000598_a001234_000006_c48_l0,p000598,TRAIN,p000598_a001234,000006,48,roll,1.8,180,10,45,400,0,0,False,29173,43b6a9fa80f045d2dacb12ac144abe10a99f909f674057114a2aef53201e795b,samples/p000598_a001234_000006_c48_l0.npz
p000598_a001234_000006_c49_l0,p000598,TRAIN,p000598_a001234,000006,49,roll,3.2,180,10,45,400,0,0,False,7014,914a98a50eb1087d786366012f6a97481e9a1e04dace2e0e4c1744adc550ec3e,samples/p000598_a001234_000006_c49_l0.npz
p000598_a001234_000006_c50_l0,p000598,TRAIN,p000598_a001234,000006,50,roll,1.8,180,10,90,400,0,0,False,29160,8f16a3fbceed4e7758fb489d1bc7cc9406eabecca8c89b37bc720236218d80b2,samples/p000598_a001234_000006_c50_l0.npz
p000598_a001234_000006_c51_l0,p000598,TRAIN,p000598_a001234,000006,51,roll,3.2,180,10,90,400,0,0,False,7016,70176b239496f0feeb5163335a4db5af515a63b6d4972dbb1c60f4844e07b223,samples/p000598_a001234_000006_c51_l0.npz
p000598_a001234_000006_c52_l0,p000598,TRAIN,p000598_a001234,000006,52,offcentre,2.5,180,10,0,400,-0.25,0,False,14708,db6522e2e08705fbbaf5458e8a0f61234fa2d6119715ff1d643376449a426344,samples/p000598_a001234_000006_c52_l0.npz
p000598_a001234_000006_c53_l0,p000598,TRAIN,p000598_a001234,000006,53,offcentre,2.5,180,10,0,400,0.25,0,False,14693,92f882923831548e46882e54c565ae3ad994a4c9d7282b53c2c3f176f4a0a0ed,samples/p000598_a001234_000006_c53_l0.npz
p000598_a001234_000006_c54_l0,p000598,TRAIN,p000598_a001234,000006,54,offcentre,2.5,180,10,0,400,0,-0.2,False,14944,de48455c71d507c2f442481dd31b5a8e7e7d8d7317c7254f3231b644385087d9,samples/p000598_a001234_000006_c54_l0.npz
p000598_a001234_000006_c55_l0,p000598,TRAIN,p000598_a001234,000006,55,offcentre,2.5,180,10,0,400,0,0.2,False,11685,a835ff53ad37b3d8c305c9a9cf3f0e58439222d610304742d36c96ffc959e550,samples/p000598_a001234_000006_c55_l0.npz
p000598_a001234_000006_c56_l0,p000598,TRAIN,p000598_a001234,000006,56,focal,2.5,180,10,0,300,0,0,False,7073,6fede9fcd74189a94f83bb461d1580973229f7b690125bbec7506e26c95308fc,samples/p000598_a001234_000006_c56_l0.npz
p000598_a001234_000006_c57_l0,p000598,TRAIN,p000598_a001234,000006,57,focal,2.5,180,10,0,500,0,0,False,19659,290f7e010e4ba50f1b1ac0a1cb5c1693c2002b074c3afa841c8dc56694f9f6b0,samples/p000598_a001234_000006_c57_l0.npz
p000598_a001234_000006_c58_l0,p000598,TRAIN,p000598_a001234,000006,58,focal,2.5,180,10,0,650,0,0,False,33218,4a8aeaff44bee2d5351d120aa5b5649701ab24b52c44ed10f4fd4b05ab1f234e,samples/p000598_a001234_000006_c58_l0.npz
p000598_a001234_000006_c59_l0,p000598,TRAIN,p000598_a001234,000006,59,focal,2.5,180,10,0,850,0,0,True,56789,259782fff595c150a04bd9aad8cca1c1b8446dbf144eb2449fcf00714615d869,samples/p000598_a001234_000006_c59_l0.npz
p000598_a001234_000006_c60_l0,p000598,TRAIN,p000598_a001234,000006,60,matched_angular_size,1.2,180,10,0,200,0,0,False,25437,30b909daaf82a4feffcb6ccb0b27d1585ff22f03a1b69b4d7d55ba05bc078d12,samples/p000598_a001234_000006_c60_l0.npz
p000598_a001234_000006_c61_l0,p000598,TRAIN,p000598_a001234,000006,61,matched_angular_size,1.8,180,10,0,300,0,0,False,16404,e6c336f7c2a7878d07b547189bdd2633f527bfab17a483e694b28788456ba2c2,samples/p000598_a001234_000006_c61_l0.npz
p000598_a001234_000006_c62_l0,p000598,TRAIN,p000598_a001234,000006,62,matched_angular_size,3,180,10,0,500,0,0,False,12725,244ecad5da43b676773132b8b3e18dc707b0c1faadd93b89fc22a2512714366a,samples/p000598_a001234_000006_c62_l0.npz
p000598_a001234_000006_c63_l0,p000598,TRAIN,p000598_a001234,000006,63,matched_angular_size,4,180,10,0,666.6666666666666,0,0,False,11732,a7e979ac5cb0361e98134ef4a6297e680ff87abeea2226dbb92e08f94ebf156b,samples/p000598_a001234_000006_c63_l0.npz
p000598_a001234_000030_c00_l0,p000598,TRAIN,p000598_a001234,000030,0,distance,0.8,30,10,0,400,0,0,True,120492,93a5cd0a93bd66569801ad5857fecf0ac17bab9dacb03ce9e20929d80250d452,samples/p000598_a001234_000030_c00_l0.npz
p000598_a001234_000030_c01_l0,p000598,TRAIN,p000598_a001234,000030,1,distance,1.2,30,10,0,400,0,0,True,58863,1d84f0786a2c58d2ee4517ad7b26125382119649a065c446009620f046d7ad0b,samples/p000598_a001234_000030_c01_l0.npz
p000598_a001234_000030_c02_l0,p000598,TRAIN,p000598_a001234,000030,2,distance,1.8,30,10,0,400,0,0,False,23317,643f6d36c8b4cfac3f4a51b41c4416abc27f382bf6338da36243a05b11012c62,samples/p000598_a001234_000030_c02_l0.npz
p000598_a001234_000030_c03_l0,p000598,TRAIN,p000598_a001234,000030,3,distance,2.5,30,10,0,400,0,0,False,11585,7db379dedd2cf986fee9d69bd140299ee83fa8c5e637e4dd678dc3022d1e4cc6,samples/p000598_a001234_000030_c03_l0.npz
p000598_a001234_000030_c04_l0,p000598,TRAIN,p000598_a001234,000030,4,distance,3.2,30,10,0,400,0,0,False,7016,2d626b472ee987e5490b3e3c21a0d9b8cadda0599c07946b27dd18cf613d19bb,samples/p000598_a001234_000030_c04_l0.npz
p000598_a001234_000030_c05_l0,p000598,TRAIN,p000598_a001234,000030,5,distance,4.0,30,10,0,400,0,0,False,4472,1945a4a1df184111bf18ba8a4831ed240831649a9eb8370a970dd5de08d4d9c9,samples/p000598_a001234_000030_c05_l0.npz
p000598_a001234_000030_c06_l0,p000598,TRAIN,p000598_a001234,000030,6,multiview_distance,1.2,0,10,0,400,0,0,True,51234,f26369ec1ba4be61ef3ec1d14e8c07d7b7ccb26aa3f6f8fbf0448660b4f112ad,samples/p000598_a001234_000030_c06_l0.npz
p000598_a001234_000030_c07_l0,p000598,TRAIN,p000598_a001234,000030,7,multiview_distance,1.8,0,10,0,400,0,0,False,20318,4200ef011af9f208fc91cf4782fe1a5ebc0b71302525d4369ae3aec6850f964f,samples/p000598_a001234_000030_c07_l0.npz
p000598_a001234_000030_c08_l0,p000598,TRAIN,p000598_a001234,000030,8,multiview_distance,2.5,0,10,0,400,0,0,False,10404,3c18d98317700fc05856d90f654b3090afc2f2570fdca729b62e3ea182177941,samples/p000598_a001234_000030_c08_l0.npz
p000598_a001234_000030_c09_l0,p000598,TRAIN,p000598_a001234,000030,9,multiview_distance,3.2,0,10,0,400,0,0,False,6409,c3e1915f2dc68a0a32949c185a10bd49c06941cefbf5437ad6a83d1ab2fb248c,samples/p000598_a001234_000030_c09_l0.npz
p000598_a001234_000030_c10_l0,p000598,TRAIN,p000598_a001234,000030,10,multiview_distance,1.2,60,10,0,400,0,0,False,70440,642efc6c52ff9d716e28314efbca8f3fcb3f9091c12f2d1c9a48a4a49e9bbf6d,samples/p000598_a001234_000030_c10_l0.npz
p000598_a001234_000030_c11_l0,p000598,TRAIN,p000598_a001234,000030,11,multiview_distance,1.8,60,10,0,400,0,0,False,28291,665cc960372227329edce987887cfa003e84331bb42719d06d275ec51bafce19,samples/p000598_a001234_000030_c11_l0.npz
p000598_a001234_000030_c12_l0,p000598,TRAIN,p000598_a001234,000030,12,multiview_distance,2.5,60,10,0,400,0,0,False,14129,6379e0ba6cea586d7efeac590980d27e4016381f4123effe83818d6be90aebab,samples/p000598_a001234_000030_c12_l0.npz
p000598_a001234_000030_c13_l0,p000598,TRAIN,p000598_a001234,000030,13,multiview_distance,3.2,60,10,0,400,0,0,False,8517,07c2faaaff0154720732604584c012b67ba18e94a1ff825fb8b9968570a18f91,samples/p000598_a001234_000030_c13_l0.npz
p000598_a001234_000030_c14_l0,p000598,TRAIN,p000598_a001234,000030,14,multiview_distance,1.2,120,10,0,400,0,0,True,69884,ef8533f053f9d172d1efc3a1322cbf42c6caa8b69e3167b1d59537cfa932442b,samples/p000598_a001234_000030_c14_l0.npz
p000598_a001234_000030_c15_l0,p000598,TRAIN,p000598_a001234,000030,15,multiview_distance,1.8,120,10,0,400,0,0,False,32096,46ee1e3abc66de913056bd84bf87c3a9ea511b65aa06a8f668a2974be907e0fa,samples/p000598_a001234_000030_c15_l0.npz
p000598_a001234_000030_c16_l0,p000598,TRAIN,p000598_a001234,000030,16,multiview_distance,2.5,120,10,0,400,0,0,False,15180,bd87646f6a1e239ea4f5c1405d4df12220417bd2c79f53a7979dba924c93ab70,samples/p000598_a001234_000030_c16_l0.npz
p000598_a001234_000030_c17_l0,p000598,TRAIN,p000598_a001234,000030,17,multiview_distance,3.2,120,10,0,400,0,0,False,8874,a01ffe3aa42047375812fe3a0a2c7e98fe2f28f88181310eba8c065af7689322,samples/p000598_a001234_000030_c17_l0.npz
p000598_a001234_000030_c18_l0,p000598,TRAIN,p000598_a001234,000030,18,multiview_distance,1.2,180,10,0,400,0,0,True,89841,40226323632467f42705f40bfdb21c0ec15785d36aef62d1b8bb0663f44a829c,samples/p000598_a001234_000030_c18_l0.npz
p000598_a001234_000030_c19_l0,p000598,TRAIN,p000598_a001234,000030,19,multiview_distance,1.8,180,10,0,400,0,0,False,29177,c95cf25e11b55204374c8c4719547e10f901704a903e9900351d97bf7e79c086,samples/p000598_a001234_000030_c19_l0.npz
p000598_a001234_000030_c20_l0,p000598,TRAIN,p000598_a001234,000030,20,multiview_distance,2.5,180,10,0,400,0,0,False,12568,d5eb9990d31ef86776c0a075ce59a33e6c67172945eba7bf10f0392ea73c687c,samples/p000598_a001234_000030_c20_l0.npz
p000598_a001234_000030_c21_l0,p000598,TRAIN,p000598_a001234,000030,21,multiview_distance,3.2,180,10,0,400,0,0,False,7009,881bb6d9af44a093ded40dfab85cc124eb3cd797bb0a9ca461c7d802c8779084,samples/p000598_a001234_000030_c21_l0.npz
p000598_a001234_000030_c22_l0,p000598,TRAIN,p000598_a001234,000030,22,multiview_distance,1.2,240,10,0,400,0,0,True,70540,118eecb90593928965d43c48cca68b47b1cb1ff9b69a94afb28c39fa2f0ad6ec,samples/p000598_a001234_000030_c22_l0.npz
p000598_a001234_000030_c23_l0,p000598,TRAIN,p000598_a001234,000030,23,multiview_distance,1.8,240,10,0,400,0,0,False,30433,2d25ac59049190eb15b1be65ad03ce07f1885be15940fc7f4a6dcec0f685854b,samples/p000598_a001234_000030_c23_l0.npz
p000598_a001234_000030_c24_l0,p000598,TRAIN,p000598_a001234,000030,24,multiview_distance,2.5,240,10,0,400,0,0,False,14416,2cfadd80ad27c50e2c659c78cfd2b957564df0ed0586c5f0ab84f168adb0c50b,samples/p000598_a001234_000030_c24_l0.npz
p000598_a001234_000030_c25_l0,p000598,TRAIN,p000598_a001234,000030,25,multiview_distance,3.2,240,10,0,400,0,0,False,8460,fa608bc5b7d0b0382c7e74f2373899488b42340de30fa1c79a63f517ec9af42b,samples/p000598_a001234_000030_c25_l0.npz
p000598_a001234_000030_c26_l0,p000598,TRAIN,p000598_a001234,000030,26,multiview_distance,1.2,300,10,0,400,0,0,False,65269,5b0713cf8b4fc3fba5f432fbec0c8f23ebba4b24e2fa05b91541b1577e762073,samples/p000598_a001234_000030_c26_l0.npz
p000598_a001234_000030_c27_l0,p000598,TRAIN,p000598_a001234,000030,27,multiview_distance,1.8,300,10,0,400,0,0,False,27571,24440ffeb0648fea87cbc04973e4e2963d2d4b7b87d517e11a460b3b03e2e739,samples/p000598_a001234_000030_c27_l0.npz
p000598_a001234_000030_c28_l0,p000598,TRAIN,p000598_a001234,000030,28,multiview_distance,2.5,300,10,0,400,0,0,False,14060,ed0fbb74547c42f9d86dfed389e450389106dbef0bb039ad088e615bfacc8d80,samples/p000598_a001234_000030_c28_l0.npz
p000598_a001234_000030_c29_l0,p000598,TRAIN,p000598_a001234,000030,29,multiview_distance,3.2,300,10,0,400,0,0,False,8542,72385cae04e5283e58fae391860832b34f3a5f6102e7ded99daa3603995c4081,samples/p000598_a001234_000030_c29_l0.npz
p000598_a001234_000030_c30_l0,p000598,TRAIN,p000598_a001234,000030,30,elevation,1.8,180,0,0,400,0,0,False,31841,f9da67238a4030610e599d6cab9c650364a8a7cae7c277b6c873676fa6e34799,samples/p000598_a001234_000030_c30_l0.npz
p000598_a001234_000030_c31_l0,p000598,TRAIN,p000598_a001234,000030,31,elevation,3.2,180,0,0,400,0,0,False,7813,94cf9d32a2f100f0ff6f367c8ebefeb482e17b106c8d9adb635a9fcf9409b22e,samples/p000598_a001234_000030_c31_l0.npz
p000598_a001234_000030_c32_l0,p000598,TRAIN,p000598_a001234,000030,32,elevation,1.8,180,25,0,400,0,0,False,25749,f195dac8e84f19778a1d2f285f1da8db03145b13379cd6d00cd2c59b1abd30c2,samples/p000598_a001234_000030_c32_l0.npz
p000598_a001234_000030_c33_l0,p000598,TRAIN,p000598_a001234,000030,33,elevation,3.2,180,25,0,400,0,0,False,6269,6ac53e2a90c0b291b917bc4f52c8ca863e1bc4173884c947f98f4a68bc4e2fa0,samples/p000598_a001234_000030_c33_l0.npz
p000598_a001234_000030_c34_l0,p000598,TRAIN,p000598_a001234,000030,34,elevation,1.8,180,45,0,400,0,0,False,23757,99d8e4995df0d0fa585f7d3338e1e93dd53f7fbd17b22e4c2b3dbb1fcc1febff,samples/p000598_a001234_000030_c34_l0.npz
p000598_a001234_000030_c35_l0,p000598,TRAIN,p000598_a001234,000030,35,elevation,3.2,180,45,0,400,0,0,False,6504,0d61eeb6467061701fcc26d834d6d35ac723d4999a0f5e0dd3debd1bd0456030,samples/p000598_a001234_000030_c35_l0.npz
p000598_a001234_000030_c36_l0,p000598,TRAIN,p000598_a001234,000030,36,elevation,1.8,180,65,0,400,0,0,False,24045,c48c8694696386e376c96d3649c61c9bac68580607317c53495b8c386db54f32,samples/p000598_a001234_000030_c36_l0.npz
p000598_a001234_000030_c37_l0,p000598,TRAIN,p000598_a001234,000030,37,elevation,3.2,180,65,0,400,0,0,False,7192,fa5c1af6c09eb4f4afc93a508e29d9c8e265583c85c8a4e6a18fc045882773ec,samples/p000598_a001234_000030_c37_l0.npz
p000598_a001234_000030_c38_l0,p000598,TRAIN,p000598_a001234,000030,38,elevation,1.8,180,85,0,400,0,0,False,25756,e6553ce4e8be52a002588c226f80b2d227728b8deb685782c70d08fb4336faa6,samples/p000598_a001234_000030_c38_l0.npz
p000598_a001234_000030_c39_l0,p000598,TRAIN,p000598_a001234,000030,39,elevation,3.2,180,85,0,400,0,0,False,7742,9d0104ee45b0d143288fa6fd967c36d3a26bc67c5309febc7cff04ba410156f1,samples/p000598_a001234_000030_c39_l0.npz
p000598_a001234_000030_c40_l0,p000598,TRAIN,p000598_a001234,000030,40,roll,1.8,180,10,-90,400,0,0,False,29176,c3a5ca8116b401513e440b6810db4458ff33bbea69fed7ec79f7c7f05f1ec57e,samples/p000598_a001234_000030_c40_l0.npz
p000598_a001234_000030_c41_l0,p000598,TRAIN,p000598_a001234,000030,41,roll,3.2,180,10,-90,400,0,0,False,7009,04630b21bf7ca4f16f5b8e2c6e8824de7f00499fec283c1a864a8ce808e6942c,samples/p000598_a001234_000030_c41_l0.npz
p000598_a001234_000030_c42_l0,p000598,TRAIN,p000598_a001234,000030,42,roll,1.8,180,10,-45,400,0,0,False,29202,6cfe3149a242af15cf04fc499267998e2262866e9ffe57f8d02d825b85583630,samples/p000598_a001234_000030_c42_l0.npz
p000598_a001234_000030_c43_l0,p000598,TRAIN,p000598_a001234,000030,43,roll,3.2,180,10,-45,400,0,0,False,7021,d02a1ed6a0f14d50456e2ced5a00393196316458bbd9b5d4b2a559c04bd24bbc,samples/p000598_a001234_000030_c43_l0.npz
p000598_a001234_000030_c44_l0,p000598,TRAIN,p000598_a001234,000030,44,roll,1.8,180,10,-15,400,0,0,False,29161,e94be2bb01204cab5926a621df9e66cf9f9df0ae92de673d7c8d67cc7ea8af23,samples/p000598_a001234_000030_c44_l0.npz
p000598_a001234_000030_c45_l0,p000598,TRAIN,p000598_a001234,000030,45,roll,3.2,180,10,-15,400,0,0,False,7007,72972071b08533510bef06383d8c6a074822f796ee5eafad6604bffc834a6bba,samples/p000598_a001234_000030_c45_l0.npz
p000598_a001234_000030_c46_l0,p000598,TRAIN,p000598_a001234,000030,46,roll,1.8,180,10,15,400,0,0,False,29185,dcaebdd6b703e870271b28d82ca4fe497cd6adfeb6f39cdd798c997a76dae35f,samples/p000598_a001234_000030_c46_l0.npz
p000598_a001234_000030_c47_l0,p000598,TRAIN,p000598_a001234,000030,47,roll,3.2,180,10,15,400,0,0,False,7017,281eaa2045f9917dd11ef68f128c1350f4b57e05331ab1575645520cdec8ab16,samples/p000598_a001234_000030_c47_l0.npz
p000598_a001234_000030_c48_l0,p000598,TRAIN,p000598_a001234,000030,48,roll,1.8,180,10,45,400,0,0,False,29202,b654ef34a4d626dcc525c71e7b9cb05a980c778dccce90975d776efb8eff1598,samples/p000598_a001234_000030_c48_l0.npz
p000598_a001234_000030_c49_l0,p000598,TRAIN,p000598_a001234,000030,49,roll,3.2,180,10,45,400,0,0,False,7021,b217d88f2277b3961c4d8548cd68354329729821a67a449a7265e2593b414491,samples/p000598_a001234_000030_c49_l0.npz
p000598_a001234_000030_c50_l0,p000598,TRAIN,p000598_a001234,000030,50,roll,1.8,180,10,90,400,0,0,False,29177,a6f10c725751696b302d0a72ce7e1588127b78454109f3fa6eed254a8b7cd13d,samples/p000598_a001234_000030_c50_l0.npz
p000598_a001234_000030_c51_l0,p000598,TRAIN,p000598_a001234,000030,51,roll,3.2,180,10,90,400,0,0,False,7009,9f29f4621671b72d81beabda3d8139e1281c5a8db9dff0ab947342889a55b276,samples/p000598_a001234_000030_c51_l0.npz
p000598_a001234_000030_c52_l0,p000598,TRAIN,p000598_a001234,000030,52,offcentre,2.5,180,10,0,400,-0.25,0,False,14701,cd7a3b0447ae60e64c50ae08815cbb4547b05cdfd99155b3075427727a215ffd,samples/p000598_a001234_000030_c52_l0.npz
p000598_a001234_000030_c53_l0,p000598,TRAIN,p000598_a001234,000030,53,offcentre,2.5,180,10,0,400,0.25,0,False,14661,5254194bd23f63556c12ec9fe746973ea83f20c7336797c1f3764cd5c20a9d1a,samples/p000598_a001234_000030_c53_l0.npz
p000598_a001234_000030_c54_l0,p000598,TRAIN,p000598_a001234,000030,54,offcentre,2.5,180,10,0,400,0,-0.2,False,14904,33f6a0b13888fa8abf56bedffa327e35fbf1e16b2d5b73958faf20e45b60086b,samples/p000598_a001234_000030_c54_l0.npz
p000598_a001234_000030_c55_l0,p000598,TRAIN,p000598_a001234,000030,55,offcentre,2.5,180,10,0,400,0,0.2,False,11690,59dd70febc2c274879e29fed58d9fa06242432ea4a36a6b66fc0528a12adef6d,samples/p000598_a001234_000030_c55_l0.npz
p000598_a001234_000030_c56_l0,p000598,TRAIN,p000598_a001234,000030,56,focal,2.5,180,10,0,300,0,0,False,7074,0e859fd5ff97dda04f2f85991a0a3629f06c361bdb93c00e14be11dda2cf88c1,samples/p000598_a001234_000030_c56_l0.npz
p000598_a001234_000030_c57_l0,p000598,TRAIN,p000598_a001234,000030,57,focal,2.5,180,10,0,500,0,0,False,19670,1eb37f835563a853ec08b574f3dd645d11c4c0eb0cd6600510df36871e5002fe,samples/p000598_a001234_000030_c57_l0.npz
p000598_a001234_000030_c58_l0,p000598,TRAIN,p000598_a001234,000030,58,focal,2.5,180,10,0,650,0,0,False,33207,5443d7559ef5ffbb058a85d3b871a00c7f39a7dbf26c08d139dd88646fc4ffdb,samples/p000598_a001234_000030_c58_l0.npz
p000598_a001234_000030_c59_l0,p000598,TRAIN,p000598_a001234,000030,59,focal,2.5,180,10,0,850,0,0,True,56775,d5ad5ab156062576bbb4f22cdfba4c5b7407f7dc6fd1ba21a8a8d7a76371c9b2,samples/p000598_a001234_000030_c59_l0.npz
p000598_a001234_000030_c60_l0,p000598,TRAIN,p000598_a001234,000030,60,matched_angular_size,1.2,180,10,0,200,0,0,False,25434,df9053c15099eb766c569462a181a00116fd50bfa0df0f92bf449368cd991a0a,samples/p000598_a001234_000030_c60_l0.npz
p000598_a001234_000030_c61_l0,p000598,TRAIN,p000598_a001234,000030,61,matched_angular_size,1.8,180,10,0,300,0,0,False,16422,d248fbff0ce4eaf260d2b5804d27b29174c078fcc25813166aee2a7f1aeec5b5,samples/p000598_a001234_000030_c61_l0.npz
p000598_a001234_000030_c62_l0,p000598,TRAIN,p000598_a001234,000030,62,matched_angular_size,3,180,10,0,500,0,0,False,12718,817a6bb1d4488e175a8ef3352f5c3d7130a08b76f9d7fd36b1b88244aec60e6e,samples/p000598_a001234_000030_c62_l0.npz
p000598_a001234_000030_c63_l0,p000598,TRAIN,p000598_a001234,000030,63,matched_angular_size,4,180,10,0,666.6666666666666,0,0,False,11729,7ea62bfff10c6031dad766858ab1e803b2aa615568f2bc8150572184468fcd1c,samples/p000598_a001234_000030_c63_l0.npz
p000598_a005746_000018_c00_l0,p000598,TRAIN,p000598_a005746,000018,0,distance,0.8,30,10,0,400,0,0,True,100578,82c7f56c8fda037b864afbcf094c34db01a0dd288800c8b385409e4b317ce9f2,samples/p000598_a005746_000018_c00_l0.npz
p000598_a005746_000018_c01_l0,p000598,TRAIN,p000598_a005746,000018,1,distance,1.2,30,10,0,400,0,0,True,63826,4077262a093f7c87c614dc476b6953e8dd59abc27e8392ce18b94a48a5607daf,samples/p000598_a005746_000018_c01_l0.npz
p000598_a005746_000018_c02_l0,p000598,TRAIN,p000598_a005746,000018,2,distance,1.8,30,10,0,400,0,0,True,29823,da662906c789dd62bf2e9ff294cb81b87b9d22dda330750d58bd3b7212c0b961,samples/p000598_a005746_000018_c02_l0.npz
p000598_a005746_000018_c03_l0,p000598,TRAIN,p000598_a005746,000018,3,distance,2.5,30,10,0,400,0,0,False,14177,1d880e1f2438999f6f30546f20d7a1f3a946d4d7a22b22a27ac16c27b77b5847,samples/p000598_a005746_000018_c03_l0.npz
p000598_a005746_000018_c04_l0,p000598,TRAIN,p000598_a005746,000018,4,distance,3.2,30,10,0,400,0,0,False,8323,036431302fde52f4e77c5b231ca5bd2eee9d650a7b44523acd9c4cb138da30b2,samples/p000598_a005746_000018_c04_l0.npz
p000598_a005746_000018_c05_l0,p000598,TRAIN,p000598_a005746,000018,5,distance,4.0,30,10,0,400,0,0,False,5188,5193f82031a7c0972c14dcb30b5b968bcdaea981ac638d2db07362f158839992,samples/p000598_a005746_000018_c05_l0.npz
p000598_a005746_000018_c06_l0,p000598,TRAIN,p000598_a005746,000018,6,multiview_distance,1.2,0,10,0,400,0,0,True,68556,93007a02e7170ba52945e04447a16c49f9c4f6aa16eb098329615889ce7f5b50,samples/p000598_a005746_000018_c06_l0.npz
p000598_a005746_000018_c07_l0,p000598,TRAIN,p000598_a005746,000018,7,multiview_distance,1.8,0,10,0,400,0,0,True,31431,fea9cbebb295fd39ef8096882618a72828f3783a0922c63c72a785ae131c539b,samples/p000598_a005746_000018_c07_l0.npz
p000598_a005746_000018_c08_l0,p000598,TRAIN,p000598_a005746,000018,8,multiview_distance,2.5,0,10,0,400,0,0,False,14737,30c1a897de553b72615d3b78852495b89a6b317f8f634d16bf8713791293c438,samples/p000598_a005746_000018_c08_l0.npz
p000598_a005746_000018_c09_l0,p000598,TRAIN,p000598_a005746,000018,9,multiview_distance,3.2,0,10,0,400,0,0,False,8547,cf0828174e98052e2b2e5ee96a3e606cd8c81b018e1d051dc608593d98fa5f0e,samples/p000598_a005746_000018_c09_l0.npz
p000598_a005746_000018_c10_l0,p000598,TRAIN,p000598_a005746,000018,10,multiview_distance,1.2,60,10,0,400,0,0,True,54599,937b7ed556c6ee4e08a79ce7536f99414fde87b2e745bba58504495b34a67c49,samples/p000598_a005746_000018_c10_l0.npz
p000598_a005746_000018_c11_l0,p000598,TRAIN,p000598_a005746,000018,11,multiview_distance,1.8,60,10,0,400,0,0,False,25590,5ddddef31a982ddc5a2189b2591d49cd16c5aed8f8f2bc5492fd1fcdcb82320a,samples/p000598_a005746_000018_c11_l0.npz
p000598_a005746_000018_c12_l0,p000598,TRAIN,p000598_a005746,000018,12,multiview_distance,2.5,60,10,0,400,0,0,False,12511,473cd94101039b015a9153d847c2e5e7a3d56a350ddad79e47121c4883ab8840,samples/p000598_a005746_000018_c12_l0.npz
p000598_a005746_000018_c13_l0,p000598,TRAIN,p000598_a005746,000018,13,multiview_distance,3.2,60,10,0,400,0,0,False,7427,7c37d0b28a12ef40b7e999f0092834903729d6cb50cea7158803f50934975255,samples/p000598_a005746_000018_c13_l0.npz
p000598_a005746_000018_c14_l0,p000598,TRAIN,p000598_a005746,000018,14,multiview_distance,1.2,120,10,0,400,0,0,True,48615,7cf90b958815f21c543e68fea6943a543030fe77b0715448721a5fb7d7ead78b,samples/p000598_a005746_000018_c14_l0.npz
p000598_a005746_000018_c15_l0,p000598,TRAIN,p000598_a005746,000018,15,multiview_distance,1.8,120,10,0,400,0,0,False,22564,b4c987bb02b30baebf011c2cb9fe6d8937a9d3824dbcd46833215a476ef03a90,samples/p000598_a005746_000018_c15_l0.npz
p000598_a005746_000018_c16_l0,p000598,TRAIN,p000598_a005746,000018,16,multiview_distance,2.5,120,10,0,400,0,0,False,11662,1ae36332f13c46a72b7b9e615e5a6853b636725890a37ea08b4b70a787437dd9,samples/p000598_a005746_000018_c16_l0.npz
p000598_a005746_000018_c17_l0,p000598,TRAIN,p000598_a005746,000018,17,multiview_distance,3.2,120,10,0,400,0,0,False,7125,3e030404c33b4aedfa455d73913bfa1017281b3cbaef0f10522dde7706a9e2c9,samples/p000598_a005746_000018_c17_l0.npz
p000598_a005746_000018_c18_l0,p000598,TRAIN,p000598_a005746,000018,18,multiview_distance,1.2,180,10,0,400,0,0,True,50798,8a53166ac683f16592732ce890790c226ac8f2739ea99dac7cd473da3397399e,samples/p000598_a005746_000018_c18_l0.npz
p000598_a005746_000018_c19_l0,p000598,TRAIN,p000598_a005746,000018,19,multiview_distance,1.8,180,10,0,400,0,0,False,23720,f3b0fb5b5701ef09c8ff8d06244be96e489a4bdd09a7ad8315e9bdc533931c89,samples/p000598_a005746_000018_c19_l0.npz
p000598_a005746_000018_c20_l0,p000598,TRAIN,p000598_a005746,000018,20,multiview_distance,2.5,180,10,0,400,0,0,False,12470,1cdafb7fb7a6f80b2441a3eaaec51e5d8ce2f34a46d4d7a9e43a65773a07e569,samples/p000598_a005746_000018_c20_l0.npz
p000598_a005746_000018_c21_l0,p000598,TRAIN,p000598_a005746,000018,21,multiview_distance,3.2,180,10,0,400,0,0,False,7696,95f3b4684890cf2f7bbf975d65d5abd58e7818604199cdedba1d76eec2def193,samples/p000598_a005746_000018_c21_l0.npz
p000598_a005746_000018_c22_l0,p000598,TRAIN,p000598_a005746,000018,22,multiview_distance,1.2,240,10,0,400,0,0,True,52797,027354f7b8e23f0ef20d43bad7529c58578cfe34a335e0bcd9a48303786d18fe,samples/p000598_a005746_000018_c22_l0.npz
p000598_a005746_000018_c23_l0,p000598,TRAIN,p000598_a005746,000018,23,multiview_distance,1.8,240,10,0,400,0,0,False,24350,390d58baeaa58b4386070d3c012efbdb529ccb4e0513c8199cb1dbed6daca534,samples/p000598_a005746_000018_c23_l0.npz
p000598_a005746_000018_c24_l0,p000598,TRAIN,p000598_a005746,000018,24,multiview_distance,2.5,240,10,0,400,0,0,False,12463,f2c9b0e88185db3224143c307fef7a8e8795b976097c10bcd61afe9fce24cf65,samples/p000598_a005746_000018_c24_l0.npz
p000598_a005746_000018_c25_l0,p000598,TRAIN,p000598_a005746,000018,25,multiview_distance,3.2,240,10,0,400,0,0,False,7580,df54b65db0a4b2a6952c46154df125d57e50d68810f27c0c97dd7946f91b4248,samples/p000598_a005746_000018_c25_l0.npz
p000598_a005746_000018_c26_l0,p000598,TRAIN,p000598_a005746,000018,26,multiview_distance,1.2,300,10,0,400,0,0,True,57612,b321f1712c22ff975fc34f7a41a0728ca5b0491eb76fbb317e0a028608430e36,samples/p000598_a005746_000018_c26_l0.npz
p000598_a005746_000018_c27_l0,p000598,TRAIN,p000598_a005746,000018,27,multiview_distance,1.8,300,10,0,400,0,0,False,26230,0548507703401de7e800cea1daab7c549045daa0da26763ec6f7bb28d7e5673c,samples/p000598_a005746_000018_c27_l0.npz
p000598_a005746_000018_c28_l0,p000598,TRAIN,p000598_a005746,000018,28,multiview_distance,2.5,300,10,0,400,0,0,False,12664,7d814a878a1910dafd678a739d11b02c01a4666d55a24274793ed3152acc514e,samples/p000598_a005746_000018_c28_l0.npz
p000598_a005746_000018_c29_l0,p000598,TRAIN,p000598_a005746,000018,29,multiview_distance,3.2,300,10,0,400,0,0,False,7476,46150c22c060b37626e5c37058dece84091b5102d0fe709a05fbaf00ab98cd40,samples/p000598_a005746_000018_c29_l0.npz
p000598_a005746_000018_c30_l0,p000598,TRAIN,p000598_a005746,000018,30,elevation,1.8,180,0,0,400,0,0,False,22075,c305a12f46cfe0ecdf1bd43a4ceb16c59b87c5572b288b7600dc9cb1824f035f,samples/p000598_a005746_000018_c30_l0.npz
p000598_a005746_000018_c31_l0,p000598,TRAIN,p000598_a005746,000018,31,elevation,3.2,180,0,0,400,0,0,False,7305,d8e8580db5409ab3c3fdd31b0129d58cb2e26561ac1365d6272fadd41051d494,samples/p000598_a005746_000018_c31_l0.npz
p000598_a005746_000018_c32_l0,p000598,TRAIN,p000598_a005746,000018,32,elevation,1.8,180,25,0,400,0,0,False,26056,17b708a895245b8cf95dfa484ff7af201f5bf01635ec289f936c063d3a59c823,samples/p000598_a005746_000018_c32_l0.npz
p000598_a005746_000018_c33_l0,p000598,TRAIN,p000598_a005746,000018,33,elevation,3.2,180,25,0,400,0,0,False,8177,1bc5e862eb2754f89671f1c721ef3bd45ec83b2c22f0f7bc266aa18213f7747d,samples/p000598_a005746_000018_c33_l0.npz
p000598_a005746_000018_c34_l0,p000598,TRAIN,p000598_a005746,000018,34,elevation,1.8,180,45,0,400,0,0,False,28288,6dd9812ce49277d11a303338cf6fc529c0517e1734448fe9fd98793ea65cecad,samples/p000598_a005746_000018_c34_l0.npz
p000598_a005746_000018_c35_l0,p000598,TRAIN,p000598_a005746,000018,35,elevation,3.2,180,45,0,400,0,0,False,8304,cf82cefc4d9587b087756d771a9e2d7041c76ff9fbc974b48a4cc6a8367f0f33,samples/p000598_a005746_000018_c35_l0.npz
p000598_a005746_000018_c36_l0,p000598,TRAIN,p000598_a005746,000018,36,elevation,1.8,180,65,0,400,0,0,True,28654,fe80e10cb2c05e579ea7142ae4b6fabf80a335e7b1822c6d6bdf3e1e0f6cac31,samples/p000598_a005746_000018_c36_l0.npz
p000598_a005746_000018_c37_l0,p000598,TRAIN,p000598_a005746,000018,37,elevation,3.2,180,65,0,400,0,0,False,7618,bb680b725d27a8698f149286a49706c3ef02b7a5ad5fe3f2456492c2485579be,samples/p000598_a005746_000018_c37_l0.npz
p000598_a005746_000018_c38_l0,p000598,TRAIN,p000598_a005746,000018,38,elevation,1.8,180,85,0,400,0,0,False,25783,d1d32ac9d74c6335b3589ea6bbfd2d45102318b3c5ff3a94524c33f872e03983,samples/p000598_a005746_000018_c38_l0.npz
p000598_a005746_000018_c39_l0,p000598,TRAIN,p000598_a005746,000018,39,elevation,3.2,180,85,0,400,0,0,False,6169,9158d4dded6d3a139611e6d18de572aa8e10d7d89ae11817ec07cf94260f21b6,samples/p000598_a005746_000018_c39_l0.npz
p000598_a005746_000018_c40_l0,p000598,TRAIN,p000598_a005746,000018,40,roll,1.8,180,10,-90,400,0,0,False,23720,160b0e5e602652a1dd922200f5474f46b90a155b566bc1fa4eb1041229255798,samples/p000598_a005746_000018_c40_l0.npz
p000598_a005746_000018_c41_l0,p000598,TRAIN,p000598_a005746,000018,41,roll,3.2,180,10,-90,400,0,0,False,7696,5d11530fc83097af4ca99b91d132f8a812f32a4c78c96d810d91f13a31aaecac,samples/p000598_a005746_000018_c41_l0.npz
p000598_a005746_000018_c42_l0,p000598,TRAIN,p000598_a005746,000018,42,roll,1.8,180,10,-45,400,0,0,False,23724,d901542c2c120ab6e24e756359a7e7e00ead9188580819d803833b50f2bd2f90,samples/p000598_a005746_000018_c42_l0.npz
p000598_a005746_000018_c43_l0,p000598,TRAIN,p000598_a005746,000018,43,roll,3.2,180,10,-45,400,0,0,False,7700,083a5120d28380a18d142360eb11e140a82bcf25ae771dfefe5dbfe5254bd97c,samples/p000598_a005746_000018_c43_l0.npz
p000598_a005746_000018_c44_l0,p000598,TRAIN,p000598_a005746,000018,44,roll,1.8,180,10,-15,400,0,0,False,23745,7eb3cb4869c7fc2c874659cfd3dd3e1ecc40b3edf4e14bac2c4da03991b92351,samples/p000598_a005746_000018_c44_l0.npz
p000598_a005746_000018_c45_l0,p000598,TRAIN,p000598_a005746,000018,45,roll,3.2,180,10,-15,400,0,0,False,7707,5690c49be344aa7bc62ff56f98010b99b808fe15829aa88ab4bc32b40972149a,samples/p000598_a005746_000018_c45_l0.npz
p000598_a005746_000018_c46_l0,p000598,TRAIN,p000598_a005746,000018,46,roll,1.8,180,10,15,400,0,0,False,23747,895a9ef2b1966bc75c2db621970ec8e06684fce7f1eb15dd4306504865b266f6,samples/p000598_a005746_000018_c46_l0.npz
p000598_a005746_000018_c47_l0,p000598,TRAIN,p000598_a005746,000018,47,roll,3.2,180,10,15,400,0,0,False,7696,d425e027e603c5e011a39a64b5473385bdf28a170192dee9d7c37dacec49577c,samples/p000598_a005746_000018_c47_l0.npz
p000598_a005746_000018_c48_l0,p000598,TRAIN,p000598_a005746,000018,48,roll,1.8,180,10,45,400,0,0,False,23724,a249ec3e73d8dc4691089dcd065e735c90c9eba027453241ff08fa338472ee0a,samples/p000598_a005746_000018_c48_l0.npz
p000598_a005746_000018_c49_l0,p000598,TRAIN,p000598_a005746,000018,49,roll,3.2,180,10,45,400,0,0,False,7700,512465342522ea12d1c59f78b89e6f8c104e01e83bf9123cb8c8fe0c4360dd7f,samples/p000598_a005746_000018_c49_l0.npz
p000598_a005746_000018_c50_l0,p000598,TRAIN,p000598_a005746,000018,50,roll,1.8,180,10,90,400,0,0,False,23720,738e4d9cf24749626667aa2cf8b5489a46e7a8939448469a7b703c875cde2c34,samples/p000598_a005746_000018_c50_l0.npz
p000598_a005746_000018_c51_l0,p000598,TRAIN,p000598_a005746,000018,51,roll,3.2,180,10,90,400,0,0,False,7696,7e5503a623cfc882a55fb30e09aac215d4cfbd533e787e890a7bad0fbbe121e3,samples/p000598_a005746_000018_c51_l0.npz
p000598_a005746_000018_c52_l0,p000598,TRAIN,p000598_a005746,000018,52,offcentre,2.5,180,10,0,400,-0.25,0,False,13914,9c71e031910a9a550bcd9ca568114b4710fb829900aac7cd669ac6ac56a3757c,samples/p000598_a005746_000018_c52_l0.npz
p000598_a005746_000018_c53_l0,p000598,TRAIN,p000598_a005746,000018,53,offcentre,2.5,180,10,0,400,0.25,0,False,13804,3a30f216efe8b79ff486f8e98432d29d3a4f66c3e089cbc34f081620867b5fd5,samples/p000598_a005746_000018_c53_l0.npz
p000598_a005746_000018_c54_l0,p000598,TRAIN,p000598_a005746,000018,54,offcentre,2.5,180,10,0,400,0,-0.2,False,12161,1b026b41c0ce04ef2d872b4f76a902fb8fe4041b81de8b5fca7ea421b7c11a24,samples/p000598_a005746_000018_c54_l0.npz
p000598_a005746_000018_c55_l0,p000598,TRAIN,p000598_a005746,000018,55,offcentre,2.5,180,10,0,400,0,0.2,True,13072,fcddb8215733a0efe0a9994c3459fd35d3d024d6c5beffd288e374e80445724a,samples/p000598_a005746_000018_c55_l0.npz
p000598_a005746_000018_c56_l0,p000598,TRAIN,p000598_a005746,000018,56,focal,2.5,180,10,0,300,0,0,False,7016,70047302c0f8f72e538867006d196dbfd64eae0c9effc0573a584244d69ee711,samples/p000598_a005746_000018_c56_l0.npz
p000598_a005746_000018_c57_l0,p000598,TRAIN,p000598_a005746,000018,57,focal,2.5,180,10,0,500,0,0,False,19486,5b7d086acf9fda0b87280e292ce62138cfe8336a076b0f67df2343a3159a0e02,samples/p000598_a005746_000018_c57_l0.npz
p000598_a005746_000018_c58_l0,p000598,TRAIN,p000598_a005746,000018,58,focal,2.5,180,10,0,650,0,0,False,32928,05d47a0652e91605914ed4cb41abb4cb280ae6c730566d1e9c8541086f4c6431,samples/p000598_a005746_000018_c58_l0.npz
p000598_a005746_000018_c59_l0,p000598,TRAIN,p000598_a005746,000018,59,focal,2.5,180,10,0,850,0,0,True,53341,d63373163b05583d9d9aac03947900110432a124989a0c791b13441ff6ddd785,samples/p000598_a005746_000018_c59_l0.npz
p000598_a005746_000018_c60_l0,p000598,TRAIN,p000598_a005746,000018,60,matched_angular_size,1.2,180,10,0,200,0,0,False,13281,a25819ac465db95880cb843c8c75093dd90c9e20951cca18299789320cf5e2d9,samples/p000598_a005746_000018_c60_l0.npz
p000598_a005746_000018_c61_l0,p000598,TRAIN,p000598_a005746,000018,61,matched_angular_size,1.8,180,10,0,300,0,0,False,13332,3ef201a339fc18f59e8d8609b9362b80249594d27b611608e94c40d5fcab941a,samples/p000598_a005746_000018_c61_l0.npz
p000598_a005746_000018_c62_l0,p000598,TRAIN,p000598_a005746,000018,62,matched_angular_size,3,180,10,0,500,0,0,False,13655,c3f01405d3ee0a7c8c89c050e812b43944347a6e9b59d8e28d93ceb6f2d2e9ec,samples/p000598_a005746_000018_c62_l0.npz
p000598_a005746_000018_c63_l0,p000598,TRAIN,p000598_a005746,000018,63,matched_angular_size,4,180,10,0,666.6666666666666,0,0,False,13835,a10b65ec67e8e6915c97b1f6f4c77b6f21af1fdc5bcd81ad2e5f68dfa402a3ff,samples/p000598_a005746_000018_c63_l0.npz
p000598_a005746_000060_c00_l0,p000598,TRAIN,p000598_a005746,000060,0,distance,0.8,30,10,0,400,0,0,True,101177,f4df206784f8fc432b4f686f76ab2890249fa1321bf93663311ee9ab1559540a,samples/p000598_a005746_000060_c00_l0.npz
p000598_a005746_000060_c01_l0,p000598,TRAIN,p000598_a005746,000060,1,distance,1.2,30,10,0,400,0,0,True,64036,53af9b76d5f8608e9609927fb318cf377687d2895920d180415a6e7c4d72bc9e,samples/p000598_a005746_000060_c01_l0.npz
p000598_a005746_000060_c02_l0,p000598,TRAIN,p000598_a005746,000060,2,distance,1.8,30,10,0,400,0,0,True,29970,7e1e0016d6b94820efd9d9d5ead0276bbd2afed5a8b14e9b9da1ad0e5afca82e,samples/p000598_a005746_000060_c02_l0.npz
p000598_a005746_000060_c03_l0,p000598,TRAIN,p000598_a005746,000060,3,distance,2.5,30,10,0,400,0,0,False,14253,ab4437a1c5bc5af4c42324da0cdb0a35397c227a2afab965419a883860bc293b,samples/p000598_a005746_000060_c03_l0.npz
p000598_a005746_000060_c04_l0,p000598,TRAIN,p000598_a005746,000060,4,distance,3.2,30,10,0,400,0,0,False,8346,dd614a6249787e64961783a2215ca006d7e37f7941abf3e2ef2d163dd9728478,samples/p000598_a005746_000060_c04_l0.npz
p000598_a005746_000060_c05_l0,p000598,TRAIN,p000598_a005746,000060,5,distance,4.0,30,10,0,400,0,0,False,5211,2e5a04c6df66e6d2b58e90f3f5671babc87acdbc52942893842e010bfd24e296,samples/p000598_a005746_000060_c05_l0.npz
p000598_a005746_000060_c06_l0,p000598,TRAIN,p000598_a005746,000060,6,multiview_distance,1.2,0,10,0,400,0,0,True,68313,5f2847323b76853fe95aa794ffa72a9d3c840dd80c7f30f8122b9c258c601438,samples/p000598_a005746_000060_c06_l0.npz
p000598_a005746_000060_c07_l0,p000598,TRAIN,p000598_a005746,000060,7,multiview_distance,1.8,0,10,0,400,0,0,True,31379,4388d005ae7112586157609e51c3ac8fedc62806bad6e0a3ba49cb0c3728a46e,samples/p000598_a005746_000060_c07_l0.npz
p000598_a005746_000060_c08_l0,p000598,TRAIN,p000598_a005746,000060,8,multiview_distance,2.5,0,10,0,400,0,0,False,14722,571fb077cccd7b8e3fd5b3aacfd1b7265fb17be4c86048845bc2d9bfca5d619d,samples/p000598_a005746_000060_c08_l0.npz
p000598_a005746_000060_c09_l0,p000598,TRAIN,p000598_a005746,000060,9,multiview_distance,3.2,0,10,0,400,0,0,False,8542,c2d3653f39958dbd6bccbbbe78b154122d6232d564ed0f1f1ceef9610fbd18e2,samples/p000598_a005746_000060_c09_l0.npz
p000598_a005746_000060_c10_l0,p000598,TRAIN,p000598_a005746,000060,10,multiview_distance,1.2,60,10,0,400,0,0,True,54723,16c4fdc78d65a9aade3667aff14c6b37d390e6917849a6093d35931b8cefa0a6,samples/p000598_a005746_000060_c10_l0.npz
p000598_a005746_000060_c11_l0,p000598,TRAIN,p000598_a005746,000060,11,multiview_distance,1.8,60,10,0,400,0,0,False,25734,1a267f0dcec36e0ddd0ec5699ae4f21004ae026099fd57e1d84c01acfae534bd,samples/p000598_a005746_000060_c11_l0.npz
p000598_a005746_000060_c12_l0,p000598,TRAIN,p000598_a005746,000060,12,multiview_distance,2.5,60,10,0,400,0,0,False,12583,96e298c0dc18dc83a655ed669011c4fa9b41fbea14771e411169f51f9c90e817,samples/p000598_a005746_000060_c12_l0.npz
p000598_a005746_000060_c13_l0,p000598,TRAIN,p000598_a005746,000060,13,multiview_distance,3.2,60,10,0,400,0,0,False,7480,bf4bc0ab2c505b89a509fe110ae4fd005dcac6f37b14bfa27f4d0e100a21b510,samples/p000598_a005746_000060_c13_l0.npz
p000598_a005746_000060_c14_l0,p000598,TRAIN,p000598_a005746,000060,14,multiview_distance,1.2,120,10,0,400,0,0,True,48173,8a1140c98ef16108ea104d263c462a79c9e9073bac920df22636715ef792a538,samples/p000598_a005746_000060_c14_l0.npz
p000598_a005746_000060_c15_l0,p000598,TRAIN,p000598_a005746,000060,15,multiview_distance,1.8,120,10,0,400,0,0,False,22474,fdd18c453cdae7b5a5404db204302aa4bbef8a953b4a58c437992e67e7fe84c0,samples/p000598_a005746_000060_c15_l0.npz
p000598_a005746_000060_c16_l0,p000598,TRAIN,p000598_a005746,000060,16,multiview_distance,2.5,120,10,0,400,0,0,False,11629,aceb3d15c7bc45470e80c3cf9ecd7bf1087987fc2564c02f312c98c89ff58e67,samples/p000598_a005746_000060_c16_l0.npz
p000598_a005746_000060_c17_l0,p000598,TRAIN,p000598_a005746,000060,17,multiview_distance,3.2,120,10,0,400,0,0,False,7101,0e7d09d15e599bdbea4b0e9cc9ea344fecb67c1c4039f736b84f79451f5ef231,samples/p000598_a005746_000060_c17_l0.npz
p000598_a005746_000060_c18_l0,p000598,TRAIN,p000598_a005746,000060,18,multiview_distance,1.2,180,10,0,400,0,0,True,51737,5ad9980d15bd28a8adb929d5fcb72030792191664faf558c703481240851a7b7,samples/p000598_a005746_000060_c18_l0.npz
p000598_a005746_000060_c19_l0,p000598,TRAIN,p000598_a005746,000060,19,multiview_distance,1.8,180,10,0,400,0,0,False,24006,d10f8b465151e74f08ad3d0f0d4e5628f53889a8e4d2c6f83c274dd07838720a,samples/p000598_a005746_000060_c19_l0.npz
p000598_a005746_000060_c20_l0,p000598,TRAIN,p000598_a005746,000060,20,multiview_distance,2.5,180,10,0,400,0,0,False,12589,478e796a0376c498649a867dd5af9e3ffd9d57214c715dee4d10e7bfc789c694,samples/p000598_a005746_000060_c20_l0.npz
p000598_a005746_000060_c21_l0,p000598,TRAIN,p000598_a005746,000060,21,multiview_distance,3.2,180,10,0,400,0,0,False,7750,d60c230f80f8ef5dcf08237aa48d6b4ec388f3ba1ef96efa09581309f3a3933a,samples/p000598_a005746_000060_c21_l0.npz
p000598_a005746_000060_c22_l0,p000598,TRAIN,p000598_a005746,000060,22,multiview_distance,1.2,240,10,0,400,0,0,True,53381,22db55f515e40e468d3514c4569063e4b287ff547c21a91dcb49b702000c0534,samples/p000598_a005746_000060_c22_l0.npz
p000598_a005746_000060_c23_l0,p000598,TRAIN,p000598_a005746,000060,23,multiview_distance,1.8,240,10,0,400,0,0,False,24581,e80bc94ed098c2eefdd1499c3deac06136f318c8bbc7f88c5d6408476937ba6b,samples/p000598_a005746_000060_c23_l0.npz
p000598_a005746_000060_c24_l0,p000598,TRAIN,p000598_a005746,000060,24,multiview_distance,2.5,240,10,0,400,0,0,False,12593,f9711d9dc555f7b44dfd8e29f65589c1eefb1b7b40376f1d14b5ff98e40265a5,samples/p000598_a005746_000060_c24_l0.npz
p000598_a005746_000060_c25_l0,p000598,TRAIN,p000598_a005746,000060,25,multiview_distance,3.2,240,10,0,400,0,0,False,7647,003678f838a038cbebeb016089a05d34626b6cd91c38ea92f93f2136558d6d19,samples/p000598_a005746_000060_c25_l0.npz
p000598_a005746_000060_c26_l0,p000598,TRAIN,p000598_a005746,000060,26,multiview_distance,1.2,300,10,0,400,0,0,True,57008,117cffc4bf546587eeef665b79bce8625f3d2aa41886b0769893e79e41708826,samples/p000598_a005746_000060_c26_l0.npz
p000598_a005746_000060_c27_l0,p000598,TRAIN,p000598_a005746,000060,27,multiview_distance,1.8,300,10,0,400,0,0,False,26040,e7259a44d7c6b9642e25206cd8ea497e5431d057ef95fc7bb517d56f2a6c6206,samples/p000598_a005746_000060_c27_l0.npz
p000598_a005746_000060_c28_l0,p000598,TRAIN,p000598_a005746,000060,28,multiview_distance,2.5,300,10,0,400,0,0,False,12602,087c37b7186909ad1f85e9055107adb4334f91f549f9b49041692e72f3718b7f,samples/p000598_a005746_000060_c28_l0.npz
p000598_a005746_000060_c29_l0,p000598,TRAIN,p000598_a005746,000060,29,multiview_distance,3.2,300,10,0,400,0,0,False,7437,04ec2882ad79203c4cc3288493076abe3beae8576ece7d3f882acc5c1ac4f4da,samples/p000598_a005746_000060_c29_l0.npz
p000598_a005746_000060_c30_l0,p000598,TRAIN,p000598_a005746,000060,30,elevation,1.8,180,0,0,400,0,0,False,22207,83465bd40e5e1953c1244893141c2b444ed6a8069fc9dae8412d99e895e73539,samples/p000598_a005746_000060_c30_l0.npz
p000598_a005746_000060_c31_l0,p000598,TRAIN,p000598_a005746,000060,31,elevation,3.2,180,0,0,400,0,0,False,7304,26c77d67e750b933e5b4cf0014c9f9da406fcb0219d0b502ba2151faf5645b3f,samples/p000598_a005746_000060_c31_l0.npz
p000598_a005746_000060_c32_l0,p000598,TRAIN,p000598_a005746,000060,32,elevation,1.8,180,25,0,400,0,0,False,26378,2a550aaf4a89d82bf939a37132cc45e1ff647407dcacf71245975b5986de9be7,samples/p000598_a005746_000060_c32_l0.npz
p000598_a005746_000060_c33_l0,p000598,TRAIN,p000598_a005746,000060,33,elevation,3.2,180,25,0,400,0,0,False,8271,7554e9667af26ce22ffa90ed6193c5763ba951e048cacfbd2709d02ac77eaeef,samples/p000598_a005746_000060_c33_l0.npz
p000598_a005746_000060_c34_l0,p000598,TRAIN,p000598_a005746,000060,34,elevation,1.8,180,45,0,400,0,0,False,28567,2aa5593408efe78aab3988aab16513a300d35e54349056231e9a1b91dbcfb270,samples/p000598_a005746_000060_c34_l0.npz
p000598_a005746_000060_c35_l0,p000598,TRAIN,p000598_a005746,000060,35,elevation,3.2,180,45,0,400,0,0,False,8363,a845dd3e03c7596644a05a31fb5d7d5b8bad00b53405065dfc84d3e51562aab2,samples/p000598_a005746_000060_c35_l0.npz
p000598_a005746_000060_c36_l0,p000598,TRAIN,p000598_a005746,000060,36,elevation,1.8,180,65,0,400,0,0,True,28827,3cff2672e04842a79335cc00c5ef12723e86015439f1cef0365b0a35cdb8c7bb,samples/p000598_a005746_000060_c36_l0.npz
p000598_a005746_000060_c37_l0,p000598,TRAIN,p000598_a005746,000060,37,elevation,3.2,180,65,0,400,0,0,False,7702,525013796e7debaaf10b9b737f1839980275f1f73560416b040f8f59e505c952,samples/p000598_a005746_000060_c37_l0.npz
p000598_a005746_000060_c38_l0,p000598,TRAIN,p000598_a005746,000060,38,elevation,1.8,180,85,0,400,0,0,False,25930,f738804eb1a5afd38d79854a31e16915178d8b2ca8501780c41f33045688c2a1,samples/p000598_a005746_000060_c38_l0.npz
p000598_a005746_000060_c39_l0,p000598,TRAIN,p000598_a005746,000060,39,elevation,3.2,180,85,0,400,0,0,False,6203,fdb3bb773531fcd7cbfdf4186d92e77c8582817dc0f1da20ad3a340bfbeb91d7,samples/p000598_a005746_000060_c39_l0.npz
p000598_a005746_000060_c40_l0,p000598,TRAIN,p000598_a005746,000060,40,roll,1.8,180,10,-90,400,0,0,False,24006,ee436f5e6927956c862e93d56bbcb9ea6c1501b209457b5920d54de57b9f2042,samples/p000598_a005746_000060_c40_l0.npz
p000598_a005746_000060_c41_l0,p000598,TRAIN,p000598_a005746,000060,41,roll,3.2,180,10,-90,400,0,0,False,7750,1474ab274dc463997c02e4ab0e794dd9bb2fd86e17da31100e1f15d95f71a238,samples/p000598_a005746_000060_c41_l0.npz
p000598_a005746_000060_c42_l0,p000598,TRAIN,p000598_a005746,000060,42,roll,1.8,180,10,-45,400,0,0,False,24014,4a4d33635fc75d71f528213905406446370449275c0b39c09588a2e36856ac10,samples/p000598_a005746_000060_c42_l0.npz
p000598_a005746_000060_c43_l0,p000598,TRAIN,p000598_a005746,000060,43,roll,3.2,180,10,-45,400,0,0,False,7751,86a855963a6556eb1b14103083ae09a784317211add5521f493c0ab13af41d80,samples/p000598_a005746_000060_c43_l0.npz
p000598_a005746_000060_c44_l0,p000598,TRAIN,p000598_a005746,000060,44,roll,1.8,180,10,-15,400,0,0,False,24007,4d8b40e1649e1caa135302c01ed0ceb5659f1f16fc5e6a715c974d3fe2c917a4,samples/p000598_a005746_000060_c44_l0.npz
p000598_a005746_000060_c45_l0,p000598,TRAIN,p000598_a005746,000060,45,roll,3.2,180,10,-15,400,0,0,False,7768,dadc839ec2b9d208a4630d107a77ac63a7e901bc34edb7b158fd0551083a7252,samples/p000598_a005746_000060_c45_l0.npz
p000598_a005746_000060_c46_l0,p000598,TRAIN,p000598_a005746,000060,46,roll,1.8,180,10,15,400,0,0,False,24003,ac7e2ffdae14b17deefd7da712c84ad2f28ff4c9b5c3478b3c4d43a5b9c18429,samples/p000598_a005746_000060_c46_l0.npz
p000598_a005746_000060_c47_l0,p000598,TRAIN,p000598_a005746,000060,47,roll,3.2,180,10,15,400,0,0,False,7750,fa7b5922fe686750a39f64d84bcbae49b70ce1715b0e24acc160cc3df78a5356,samples/p000598_a005746_000060_c47_l0.npz
p000598_a005746_000060_c48_l0,p000598,TRAIN,p000598_a005746,000060,48,roll,1.8,180,10,45,400,0,0,False,24014,46de0cc8259b54d948831c048bc20c0babc35ebe172219192ca6dc5d1725f09d,samples/p000598_a005746_000060_c48_l0.npz
p000598_a005746_000060_c49_l0,p000598,TRAIN,p000598_a005746,000060,49,roll,3.2,180,10,45,400,0,0,False,7751,2e4ef722e5ac3f1ff30f43b0c8da7ffb31c47901f601cc5c7a2938d45915364b,samples/p000598_a005746_000060_c49_l0.npz
p000598_a005746_000060_c50_l0,p000598,TRAIN,p000598_a005746,000060,50,roll,1.8,180,10,90,400,0,0,False,24006,0dff4a4bbcb88d0354e524e8ac45b3d40911da1d195493b8e808abab92efe164,samples/p000598_a005746_000060_c50_l0.npz
p000598_a005746_000060_c51_l0,p000598,TRAIN,p000598_a005746,000060,51,roll,3.2,180,10,90,400,0,0,False,7750,56e92596f725977b3f4ad3e8f0d6ece2e94839222d6bc5e5269e8366e1726977,samples/p000598_a005746_000060_c51_l0.npz
p000598_a005746_000060_c52_l0,p000598,TRAIN,p000598_a005746,000060,52,offcentre,2.5,180,10,0,400,-0.25,0,False,13925,e53e273e1e387a2ff5d79e46c833f06c1607d6f63d7564cf4322909809df7d79,samples/p000598_a005746_000060_c52_l0.npz
p000598_a005746_000060_c53_l0,p000598,TRAIN,p000598_a005746,000060,53,offcentre,2.5,180,10,0,400,0.25,0,False,13892,5cd7d8bb04121cdefce55062cc67731db4efd5fe89cc91d82140ca18c1a765e6,samples/p000598_a005746_000060_c53_l0.npz
p000598_a005746_000060_c54_l0,p000598,TRAIN,p000598_a005746,000060,54,offcentre,2.5,180,10,0,400,0,-0.2,False,12185,7834dceede276c222c09c4d72c7b139592ab3a3e1faaa328868567d60a11d66d,samples/p000598_a005746_000060_c54_l0.npz
p000598_a005746_000060_c55_l0,p000598,TRAIN,p000598_a005746,000060,55,offcentre,2.5,180,10,0,400,0,0.2,True,13240,2df6b7a36a361d0ba999aa8f3a339b9d715f38d17feb1ff018ee923de6fe80b8,samples/p000598_a005746_000060_c55_l0.npz
p000598_a005746_000060_c56_l0,p000598,TRAIN,p000598_a005746,000060,56,focal,2.5,180,10,0,300,0,0,False,7075,b43b390a46af67f22327a4f51c8b0fdeba3347f442cb9861f3a52b8856cf21b1,samples/p000598_a005746_000060_c56_l0.npz
p000598_a005746_000060_c57_l0,p000598,TRAIN,p000598_a005746,000060,57,focal,2.5,180,10,0,500,0,0,False,19652,f30e37d37c160ca479765e8ae1838583a2d9f49ed0996570c1d4f1c67c437d3c,samples/p000598_a005746_000060_c57_l0.npz
p000598_a005746_000060_c58_l0,p000598,TRAIN,p000598_a005746,000060,58,focal,2.5,180,10,0,650,0,0,False,33198,8fc728677ad1d6d08d299ce68fbe189a23e5cf86c608d1e36eebf0645b475903,samples/p000598_a005746_000060_c58_l0.npz
p000598_a005746_000060_c59_l0,p000598,TRAIN,p000598_a005746,000060,59,focal,2.5,180,10,0,850,0,0,True,53724,4ed1daffd4cc54130a5ec91a3d675883a1cbdc63b6060276c16538d8d76e0e14,samples/p000598_a005746_000060_c59_l0.npz
p000598_a005746_000060_c60_l0,p000598,TRAIN,p000598_a005746,000060,60,matched_angular_size,1.2,180,10,0,200,0,0,False,13540,dcbadc88ec43c8a415e50f6148566f8dc8e5424a13710735f9e13b01746a684a,samples/p000598_a005746_000060_c60_l0.npz
p000598_a005746_000060_c61_l0,p000598,TRAIN,p000598_a005746,000060,61,matched_angular_size,1.8,180,10,0,300,0,0,False,13499,aaf2e0b46bbcf639a7d5c0bd2696f5fd4ff3d499e642a8e66d633f7796799e1c,samples/p000598_a005746_000060_c61_l0.npz
p000598_a005746_000060_c62_l0,p000598,TRAIN,p000598_a005746,000060,62,matched_angular_size,3,180,10,0,500,0,0,False,13740,fd6942681b6e80ce9e21f64f3f257dee243f3555d116598ff95e500df1a2d971,samples/p000598_a005746_000060_c62_l0.npz
p000598_a005746_000060_c63_l0,p000598,TRAIN,p000598_a005746,000060,63,matched_angular_size,4,180,10,0,666.6666666666666,0,0,False,13901,3915314a57a2ab98be08ea926d7a50d7e929e04297031adfe3a286f19101c0f3,samples/p000598_a005746_000060_c63_l0.npz
p000599_a000215_000084_c00_l0,p000599,TRAIN,p000599_a000215,000084,0,distance,0.8,30,10,0,400,0,0,True,108492,c64e08969483ee679cde60d8110e4557e69b36b24fc05c64753eb39e86d08230,samples/p000599_a000215_000084_c00_l0.npz
p000599_a000215_000084_c01_l0,p000599,TRAIN,p000599_a000215,000084,1,distance,1.2,30,10,0,400,0,0,True,69232,5ec3caa3fff0a109011d958b88eb5f23c65ad9ce3d7ba2681fd23e947c36b58f,samples/p000599_a000215_000084_c01_l0.npz
p000599_a000215_000084_c02_l0,p000599,TRAIN,p000599_a000215,000084,2,distance,1.8,30,10,0,400,0,0,False,32508,d6e0c12bfb2fc996d554dacffa6c97a6adb7f769566c40b5109d21fda127f200,samples/p000599_a000215_000084_c02_l0.npz
p000599_a000215_000084_c03_l0,p000599,TRAIN,p000599_a000215,000084,3,distance,2.5,30,10,0,400,0,0,False,16017,f5cfbd375b0a688934c62d940ba92f973eba9088cf115c315bd27979290270c7,samples/p000599_a000215_000084_c03_l0.npz
p000599_a000215_000084_c04_l0,p000599,TRAIN,p000599_a000215,000084,4,distance,3.2,30,10,0,400,0,0,False,9569,a85b111f70fc341eebc90a8ba94a46fb4c1fd94d97d4b58fc87dfe9547118476,samples/p000599_a000215_000084_c04_l0.npz
p000599_a000215_000084_c05_l0,p000599,TRAIN,p000599_a000215,000084,5,distance,4.0,30,10,0,400,0,0,False,6051,219e409550e49b267cbe9059efee050a7d088e455a105a91aeb41f7ac8a2dffd,samples/p000599_a000215_000084_c05_l0.npz
p000599_a000215_000084_c06_l0,p000599,TRAIN,p000599_a000215,000084,6,multiview_distance,1.2,0,10,0,400,0,0,True,72003,3a4a6f56890ef10c99d9441efbcec032883db49e7928d021e044163228b42916,samples/p000599_a000215_000084_c06_l0.npz
p000599_a000215_000084_c07_l0,p000599,TRAIN,p000599_a000215,000084,7,multiview_distance,1.8,0,10,0,400,0,0,False,33525,73f1e2d86fead3231457b5556f3ea053a9ef7354700236836325bfc6de3aa203,samples/p000599_a000215_000084_c07_l0.npz
p000599_a000215_000084_c08_l0,p000599,TRAIN,p000599_a000215,000084,8,multiview_distance,2.5,0,10,0,400,0,0,False,16550,4c9b5b09237bf8bf9eef3c57c32c7492aeaac862c2051610cda681ab5d272715,samples/p000599_a000215_000084_c08_l0.npz
p000599_a000215_000084_c09_l0,p000599,TRAIN,p000599_a000215,000084,9,multiview_distance,3.2,0,10,0,400,0,0,False,9907,e64fff5bde256a93d0aa361f4358ce4b2a9fe93fcb394b8ba84469e5c3aaef43,samples/p000599_a000215_000084_c09_l0.npz
p000599_a000215_000084_c10_l0,p000599,TRAIN,p000599_a000215,000084,10,multiview_distance,1.2,60,10,0,400,0,0,True,58979,2fb52f2a064d2ff26f0e2ed33a4cd0512ab11987885e8ea86c7726c7d15fd574,samples/p000599_a000215_000084_c10_l0.npz
p000599_a000215_000084_c11_l0,p000599,TRAIN,p000599_a000215,000084,11,multiview_distance,1.8,60,10,0,400,0,0,False,28321,fec7bc75f1ad2d950c3793581b8c6b9f1a95a70ac582d10b8424279e66efcc43,samples/p000599_a000215_000084_c11_l0.npz
p000599_a000215_000084_c12_l0,p000599,TRAIN,p000599_a000215,000084,12,multiview_distance,2.5,60,10,0,400,0,0,False,14033,3f54f264084b763879a641f2d9ba936e483cf134ba5c7bd9c335f7009c0e693d,samples/p000599_a000215_000084_c12_l0.npz
p000599_a000215_000084_c13_l0,p000599,TRAIN,p000599_a000215,000084,13,multiview_distance,3.2,60,10,0,400,0,0,False,8408,8836a5d6c92f07707d59805cbe24af29e9786ae9f598d67dcb0e6c519d561c70,samples/p000599_a000215_000084_c13_l0.npz
p000599_a000215_000084_c14_l0,p000599,TRAIN,p000599_a000215,000084,14,multiview_distance,1.2,120,10,0,400,0,0,True,57651,ba2b5a2cf5075e1e55e2d516b6a1f77c9ad569854f5b47ae1a9e81064ae43476,samples/p000599_a000215_000084_c14_l0.npz
p000599_a000215_000084_c15_l0,p000599,TRAIN,p000599_a000215,000084,15,multiview_distance,1.8,120,10,0,400,0,0,False,29043,9bc08117954ffc58fbbc6394852907d1cebbe3a57105581a704535c6f59a53fa,samples/p000599_a000215_000084_c15_l0.npz
p000599_a000215_000084_c16_l0,p000599,TRAIN,p000599_a000215,000084,16,multiview_distance,2.5,120,10,0,400,0,0,False,14622,0ba18504b1606548ca8b8d9d14e3a843e6c8ef9ac96f35c001a79acbe73ef60e,samples/p000599_a000215_000084_c16_l0.npz
p000599_a000215_000084_c17_l0,p000599,TRAIN,p000599_a000215,000084,17,multiview_distance,3.2,120,10,0,400,0,0,False,8813,01b3c118f26e602d6a39055c6cc183c089e71e952a9748642c84db46bf6c2976,samples/p000599_a000215_000084_c17_l0.npz
p000599_a000215_000084_c18_l0,p000599,TRAIN,p000599_a000215,000084,18,multiview_distance,1.2,180,10,0,400,0,0,True,70661,4da9f78f851da08da758774e9e848b51b1bc4b998da60d4627d0322603638545,samples/p000599_a000215_000084_c18_l0.npz
p000599_a000215_000084_c19_l0,p000599,TRAIN,p000599_a000215,000084,19,multiview_distance,1.8,180,10,0,400,0,0,False,35653,ac17bfc9d330ce06bb8aef400f5feea3e5ee2eb0f70eebab128227d6fa2dd221,samples/p000599_a000215_000084_c19_l0.npz
p000599_a000215_000084_c20_l0,p000599,TRAIN,p000599_a000215,000084,20,multiview_distance,2.5,180,10,0,400,0,0,False,18094,8c8228783edfb799dce371e44ef917f88c00867cf9bb27626dff759e4ecc63cd,samples/p000599_a000215_000084_c20_l0.npz
p000599_a000215_000084_c21_l0,p000599,TRAIN,p000599_a000215,000084,21,multiview_distance,3.2,180,10,0,400,0,0,False,10927,b7cef01d2d98c86327b827ffa8ade67c319fd4d8379d6d1ae20bd0eb18604902,samples/p000599_a000215_000084_c21_l0.npz
p000599_a000215_000084_c22_l0,p000599,TRAIN,p000599_a000215,000084,22,multiview_distance,1.2,240,10,0,400,0,0,True,60456,32d72096ebec680107ea6527fae6db81a0e70a9136e0996d1741fa70bd4edc0a,samples/p000599_a000215_000084_c22_l0.npz
p000599_a000215_000084_c23_l0,p000599,TRAIN,p000599_a000215,000084,23,multiview_distance,1.8,240,10,0,400,0,0,False,30135,1cf0fb0edd6dc66822cda48a122670e5a06ab5006b0a828506b8c20cc4483145,samples/p000599_a000215_000084_c23_l0.npz
p000599_a000215_000084_c24_l0,p000599,TRAIN,p000599_a000215,000084,24,multiview_distance,2.5,240,10,0,400,0,0,False,15189,5c6e5afc7407a03190910314f97e4c766951b0c29b1957c8771c15989a6d130d,samples/p000599_a000215_000084_c24_l0.npz
p000599_a000215_000084_c25_l0,p000599,TRAIN,p000599_a000215,000084,25,multiview_distance,3.2,240,10,0,400,0,0,False,9165,06a6c56970b97620fac897933e29102c25c4b114deb7576e1503cb24b37df4ef,samples/p000599_a000215_000084_c25_l0.npz
p000599_a000215_000084_c26_l0,p000599,TRAIN,p000599_a000215,000084,26,multiview_distance,1.2,300,10,0,400,0,0,True,56633,203647925166e5c3a2b8f0c08ac89600f31d8019b7981772bfe63f11cb4b46db,samples/p000599_a000215_000084_c26_l0.npz
p000599_a000215_000084_c27_l0,p000599,TRAIN,p000599_a000215,000084,27,multiview_distance,1.8,300,10,0,400,0,0,False,27053,39fd99eb1806b0a29c5de958c0e4503469cf702625f1f3b5bb61d4fff72128a8,samples/p000599_a000215_000084_c27_l0.npz
p000599_a000215_000084_c28_l0,p000599,TRAIN,p000599_a000215,000084,28,multiview_distance,2.5,300,10,0,400,0,0,False,13446,e5199d3fa5c38984b44eb6670fdc79313c277949bee35f6e9b2d943c0c160979,samples/p000599_a000215_000084_c28_l0.npz
p000599_a000215_000084_c29_l0,p000599,TRAIN,p000599_a000215,000084,29,multiview_distance,3.2,300,10,0,400,0,0,False,8065,b0086cd50f350adc525621656d6cab41664d379061e9ff7b12fc995331644b79,samples/p000599_a000215_000084_c29_l0.npz
p000599_a000215_000084_c30_l0,p000599,TRAIN,p000599_a000215,000084,30,elevation,1.8,180,0,0,400,0,0,False,34844,c27a61e3585bb23107af8298c2db323c6d0dc30110ced81da1ce791eb7e27da9,samples/p000599_a000215_000084_c30_l0.npz
p000599_a000215_000084_c31_l0,p000599,TRAIN,p000599_a000215,000084,31,elevation,3.2,180,0,0,400,0,0,False,10540,70c65c3d5f51daf8548c2891301447838a3ce50ba969c6e92ab836c53543c8e5,samples/p000599_a000215_000084_c31_l0.npz
p000599_a000215_000084_c32_l0,p000599,TRAIN,p000599_a000215,000084,32,elevation,1.8,180,25,0,400,0,0,False,36218,3a8c31469f4cd6ab981a54b785c70cd5f97c11da7999f77e3ab60a9f63326e8c,samples/p000599_a000215_000084_c32_l0.npz
p000599_a000215_000084_c33_l0,p000599,TRAIN,p000599_a000215,000084,33,elevation,3.2,180,25,0,400,0,0,False,11155,3d052ea1fbf7833b210c73a3356ee4dda0724a847f4b5dfcf711453aa7312393,samples/p000599_a000215_000084_c33_l0.npz
p000599_a000215_000084_c34_l0,p000599,TRAIN,p000599_a000215,000084,34,elevation,1.8,180,45,0,400,0,0,False,35756,5c3d323b5293c571308a1e1fceb68e1eb2f0335a9673f49ada9db08141727367,samples/p000599_a000215_000084_c34_l0.npz
p000599_a000215_000084_c35_l0,p000599,TRAIN,p000599_a000215,000084,35,elevation,3.2,180,45,0,400,0,0,False,10675,84582548a6eed5ec804121b083c0f5cc0c1712cc90f5bc3cf7ae2a2485cfdf9f,samples/p000599_a000215_000084_c35_l0.npz
p000599_a000215_000084_c36_l0,p000599,TRAIN,p000599_a000215,000084,36,elevation,1.8,180,65,0,400,0,0,False,33061,2d6da328714b48aec8518e5f670878cd2ed6841e0ed971321675f6ac01d9df2d,samples/p000599_a000215_000084_c36_l0.npz
p000599_a000215_000084_c37_l0,p000599,TRAIN,p000599_a000215,000084,37,elevation,3.2,180,65,0,400,0,0,False,9225,68faf9cb16c102191ccce9e56d8e73c9ec174c37fb24657a79ad69d76008db09,samples/p000599_a000215_000084_c37_l0.npz
p000599_a000215_000084_c38_l0,p000599,TRAIN,p000599_a000215,000084,38,elevation,1.8,180,85,0,400,0,0,False,26590,950bc14921f9631544f90d77ab7c9e44dd0003f04ad996e426f907e0cd100917,samples/p000599_a000215_000084_c38_l0.npz
p000599_a000215_000084_c39_l0,p000599,TRAIN,p000599_a000215,000084,39,elevation,3.2,180,85,0,400,0,0,False,6837,41e55f001e9c3200c735a4b5d0294bbe97a98b215221cdb204e978b43a63a654,samples/p000599_a000215_000084_c39_l0.npz
p000599_a000215_000084_c40_l0,p000599,TRAIN,p000599_a000215,000084,40,roll,1.8,180,10,-90,400,0,0,False,35653,e13a5e807803754d68dcd227d4b1cee5ca2430f528872108e306d046e0c6892c,samples/p000599_a000215_000084_c40_l0.npz
p000599_a000215_000084_c41_l0,p000599,TRAIN,p000599_a000215,000084,41,roll,3.2,180,10,-90,400,0,0,False,10927,298549c074b3829e2823c1e71f4a2f6e3764114228704104146809a334ba7d94,samples/p000599_a000215_000084_c41_l0.npz
p000599_a000215_000084_c42_l0,p000599,TRAIN,p000599_a000215,000084,42,roll,1.8,180,10,-45,400,0,0,False,35656,1b51e10e02a888562a5ccccb65ea5e76ebafa65096d91f7fdeef34066819e8cf,samples/p000599_a000215_000084_c42_l0.npz
p000599_a000215_000084_c43_l0,p000599,TRAIN,p000599_a000215,000084,43,roll,3.2,180,10,-45,400,0,0,False,10933,a0afc4e17a1dd7281ac1129636b78e5d1d2420c5c1228dad8046e6393c706a5f,samples/p000599_a000215_000084_c43_l0.npz
p000599_a000215_000084_c44_l0,p000599,TRAIN,p000599_a000215,000084,44,roll,1.8,180,10,-15,400,0,0,False,35628,c5b2f11b19749ec9dafe5fecd3f5cb87d3e2809cbd559fcf9bddaaf095944096,samples/p000599_a000215_000084_c44_l0.npz
p000599_a000215_000084_c45_l0,p000599,TRAIN,p000599_a000215,000084,45,roll,3.2,180,10,-15,400,0,0,False,10944,aff6eb9349676a006d87bcbad4f6e59e7161b9dae8dae9f40aac6e0115aa8f4f,samples/p000599_a000215_000084_c45_l0.npz
p000599_a000215_000084_c46_l0,p000599,TRAIN,p000599_a000215,000084,46,roll,1.8,180,10,15,400,0,0,False,35629,66f6d2c60f717723b08c92f8f80b9b54a968785f7d1d93610495808ea966d2b0,samples/p000599_a000215_000084_c46_l0.npz
p000599_a000215_000084_c47_l0,p000599,TRAIN,p000599_a000215,000084,47,roll,3.2,180,10,15,400,0,0,False,10939,2b3e0fff3ef5c3642b193f615c4098431260423971314b5e047a3cbfa865d12f,samples/p000599_a000215_000084_c47_l0.npz
p000599_a000215_000084_c48_l0,p000599,TRAIN,p000599_a000215,000084,48,roll,1.8,180,10,45,400,0,0,False,35656,996b499e69c0c4764f46ee47f6bf20ee405065ec82d25093ca1ec843161dd19a,samples/p000599_a000215_000084_c48_l0.npz
p000599_a000215_000084_c49_l0,p000599,TRAIN,p000599_a000215,000084,49,roll,3.2,180,10,45,400,0,0,False,10933,924e31d4d33b3addec3bcfa45a66f462e6ca79896b8009467ca52786c5f4b558,samples/p000599_a000215_000084_c49_l0.npz
p000599_a000215_000084_c50_l0,p000599,TRAIN,p000599_a000215,000084,50,roll,1.8,180,10,90,400,0,0,False,35653,06000d003055764a3dbb77a5afcd0468d18744e2ae6fc7bdf34b5c5abd46c670,samples/p000599_a000215_000084_c50_l0.npz
p000599_a000215_000084_c51_l0,p000599,TRAIN,p000599_a000215,000084,51,roll,3.2,180,10,90,400,0,0,False,10927,b040033a0752e171ab49d51ea985390c2eba9bccb6be89ec06d327fe3a35e1be,samples/p000599_a000215_000084_c51_l0.npz
p000599_a000215_000084_c52_l0,p000599,TRAIN,p000599_a000215,000084,52,offcentre,2.5,180,10,0,400,-0.25,0,False,18994,467c961aa45609ab2ac188c9523ad6000da016375b98201cd502fbcc87fecdf1,samples/p000599_a000215_000084_c52_l0.npz
p000599_a000215_000084_c53_l0,p000599,TRAIN,p000599_a000215,000084,53,offcentre,2.5,180,10,0,400,0.25,0,False,18532,98fe58947561464682822335fb7431fad8e069e17a20969d3a87bbe7b47e1bac,samples/p000599_a000215_000084_c53_l0.npz
p000599_a000215_000084_c54_l0,p000599,TRAIN,p000599_a000215,000084,54,offcentre,2.5,180,10,0,400,0,-0.2,False,17462,59584f4b68266d549079027c1354c00e710118362dbf8401f5d54024179b014b,samples/p000599_a000215_000084_c54_l0.npz
p000599_a000215_000084_c55_l0,p000599,TRAIN,p000599_a000215,000084,55,offcentre,2.5,180,10,0,400,0,0.2,True,18164,675efa4267dd209adec925f14637cd9605bd06c61f052baa929b03aaef9d1a7a,samples/p000599_a000215_000084_c55_l0.npz
p000599_a000215_000084_c56_l0,p000599,TRAIN,p000599_a000215,000084,56,focal,2.5,180,10,0,300,0,0,False,10170,03a54e750d3920294233652633744c43c96a66563c5f9726728768ad28a4bc1f,samples/p000599_a000215_000084_c56_l0.npz
p000599_a000215_000084_c57_l0,p000599,TRAIN,p000599_a000215,000084,57,focal,2.5,180,10,0,500,0,0,False,28242,ef0a1f70f297369441eef92140b3347e473c07b807b54e251153a75abac8ec7e,samples/p000599_a000215_000084_c57_l0.npz
p000599_a000215_000084_c58_l0,p000599,TRAIN,p000599_a000215,000084,58,focal,2.5,180,10,0,650,0,0,True,47760,5e2c3839d1291637c1358f50562819ff1a1af507ba578edba8dcb0e35991837a,samples/p000599_a000215_000084_c58_l0.npz
p000599_a000215_000084_c59_l0,p000599,TRAIN,p000599_a000215,000084,59,focal,2.5,180,10,0,850,0,0,True,71417,a7fbfb2f8c14db889946c880cf7ce5b3a1dabcd8b08b748235a4e1921a3137b6,samples/p000599_a000215_000084_c59_l0.npz
p000599_a000215_000084_c60_l0,p000599,TRAIN,p000599_a000215,000084,60,matched_angular_size,1.2,180,10,0,200,0,0,False,21160,bdb28375bf3074e9ae7b26ea23fca48255fcb2b490d539e442cfa86ae70e9041,samples/p000599_a000215_000084_c60_l0.npz
p000599_a000215_000084_c61_l0,p000599,TRAIN,p000599_a000215,000084,61,matched_angular_size,1.8,180,10,0,300,0,0,False,20044,04a67f5ebd3805a5baf69ef5ea36ae1d93417eb2d43f91832b92fe1fc476153d,samples/p000599_a000215_000084_c61_l0.npz
p000599_a000215_000084_c62_l0,p000599,TRAIN,p000599_a000215,000084,62,matched_angular_size,3,180,10,0,500,0,0,False,19493,ddadd96c124acc415ef76795ba11c7bb17e53d01ab5ce3ea9ab9d64e0a3eed97,samples/p000599_a000215_000084_c62_l0.npz
p000599_a000215_000084_c63_l0,p000599,TRAIN,p000599_a000215,000084,63,matched_angular_size,4,180,10,0,666.6666666666666,0,0,False,19338,b092d031525df75d4a369c7234f9beae55fb2b6d0c31740991b87fea8bf6a8f4,samples/p000599_a000215_000084_c63_l0.npz
p000599_a000215_000324_c00_l0,p000599,TRAIN,p000599_a000215,000324,0,distance,0.8,30,10,0,400,0,0,True,100524,69d9ba9f13a37c14326d7455088758d06b3d3ead57085aecbb42fc436fd803b4,samples/p000599_a000215_000324_c00_l0.npz
p000599_a000215_000324_c01_l0,p000599,TRAIN,p000599_a000215,000324,1,distance,1.2,30,10,0,400,0,0,True,65805,8e2f4ae90fe981d4c892765e2fdd74b79b32c6afbfa65ef6ed4da7bdcc539a9f,samples/p000599_a000215_000324_c01_l0.npz
p000599_a000215_000324_c02_l0,p000599,TRAIN,p000599_a000215,000324,2,distance,1.8,30,10,0,400,0,0,False,30600,68c334ec4ede56f247e74fa0febd1e6ba7a882217edf2f4c6c90edc226a5a5c9,samples/p000599_a000215_000324_c02_l0.npz
p000599_a000215_000324_c03_l0,p000599,TRAIN,p000599_a000215,000324,3,distance,2.5,30,10,0,400,0,0,False,15088,b837c945ec71fdcd5a2e704cfe9347da7242af6e52cd37c388e21f15e536c755,samples/p000599_a000215_000324_c03_l0.npz
p000599_a000215_000324_c04_l0,p000599,TRAIN,p000599_a000215,000324,4,distance,3.2,30,10,0,400,0,0,False,9041,b3a09379044b9dfb769d6978f142449a6ac9e488feabc46125b0dafd3c169c92,samples/p000599_a000215_000324_c04_l0.npz
p000599_a000215_000324_c05_l0,p000599,TRAIN,p000599_a000215,000324,5,distance,4.0,30,10,0,400,0,0,False,5728,ff6d83a4660766456c16961e942270cb3b8e7c2c3a8e71c2862871c22468e459,samples/p000599_a000215_000324_c05_l0.npz
p000599_a000215_000324_c06_l0,p000599,TRAIN,p000599_a000215,000324,6,multiview_distance,1.2,0,10,0,400,0,0,True,68908,b17b629a8b82215165d35ada3bbcc8238c1a6f0062f098acd5a55bc30b6a845e,samples/p000599_a000215_000324_c06_l0.npz
p000599_a000215_000324_c07_l0,p000599,TRAIN,p000599_a000215,000324,7,multiview_distance,1.8,0,10,0,400,0,0,False,31972,e599c8bfcffa8a73e66108f24403834b048370dbfbb540518c4db645621e1548,samples/p000599_a000215_000324_c07_l0.npz
p000599_a000215_000324_c08_l0,p000599,TRAIN,p000599_a000215,000324,8,multiview_distance,2.5,0,10,0,400,0,0,False,15833,6bd8e50fa763cc4a8fcd239e80835459ef6845ef72d821b7326951e79c5501ec,samples/p000599_a000215_000324_c08_l0.npz
p000599_a000215_000324_c09_l0,p000599,TRAIN,p000599_a000215,000324,9,multiview_distance,3.2,0,10,0,400,0,0,False,9492,36a4f65047be55a35dc488da96995f37725030fb06c778eb92e7cc8c2cb26c64,samples/p000599_a000215_000324_c09_l0.npz
p000599_a000215_000324_c10_l0,p000599,TRAIN,p000599_a000215,000324,10,multiview_distance,1.2,60,10,0,400,0,0,True,57632,c1242bf5aff527b5bd624f391c6deba445cf0a58a8d117b2d88dea1a9f1f6d86,samples/p000599_a000215_000324_c10_l0.npz
p000599_a000215_000324_c11_l0,p000599,TRAIN,p000599_a000215,000324,11,multiview_distance,1.8,60,10,0,400,0,0,False,26954,a17d3f7c290a704dc01beea5d018809e6ee30a4a5a6e57d45f3cc97e73856b04,samples/p000599_a000215_000324_c11_l0.npz
p000599_a000215_000324_c12_l0,p000599,TRAIN,p000599_a000215,000324,12,multiview_distance,2.5,60,10,0,400,0,0,False,13351,326091db5e1354b1ef2674ae6c4c74e94f3beca3d34dc91d8c22528f4faa23bd,samples/p000599_a000215_000324_c12_l0.npz
p000599_a000215_000324_c13_l0,p000599,TRAIN,p000599_a000215,000324,13,multiview_distance,3.2,60,10,0,400,0,0,False,7998,a4c1e3c4ab152c4efd76c6e9d75b73f416152ea9e3ea7cbb82ca7773d5cf0ec9,samples/p000599_a000215_000324_c13_l0.npz
p000599_a000215_000324_c14_l0,p000599,TRAIN,p000599_a000215,000324,14,multiview_distance,1.2,120,10,0,400,0,0,True,57273,cc535b562c5f4eb183f3223f349cfbe7d0b528d44c272842022287f9fe7e2302,samples/p000599_a000215_000324_c14_l0.npz
p000599_a000215_000324_c15_l0,p000599,TRAIN,p000599_a000215,000324,15,multiview_distance,1.8,120,10,0,400,0,0,True,28912,a7ed4126b27883280182023d7e2a9e82984fbafc0a7178705aa70dfc8e904948,samples/p000599_a000215_000324_c15_l0.npz
p000599_a000215_000324_c16_l0,p000599,TRAIN,p000599_a000215,000324,16,multiview_distance,2.5,120,10,0,400,0,0,False,14658,f672294e74b3dcf0a575081af5737544ba42cc2485e32aec073446c246455c52,samples/p000599_a000215_000324_c16_l0.npz
p000599_a000215_000324_c17_l0,p000599,TRAIN,p000599_a000215,000324,17,multiview_distance,3.2,120,10,0,400,0,0,False,8815,37dd41ac3a02dd1d518b77022a71593877aa3f53aed3032db558d0506248633b,samples/p000599_a000215_000324_c17_l0.npz
p000599_a000215_000324_c18_l0,p000599,TRAIN,p000599_a000215,000324,18,multiview_distance,1.2,180,10,0,400,0,0,True,74090,be9e7ab2aa6547382d794a3f2e52ea14e8292f5bbcde095ebb0e6ebe4f0df5e8,samples/p000599_a000215_000324_c18_l0.npz
p000599_a000215_000324_c19_l0,p000599,TRAIN,p000599_a000215,000324,19,multiview_distance,1.8,180,10,0,400,0,0,False,36551,7393b2d21e9d8bfafacdfd9c7c47f8f31b8a05ff384df4a94eabd60594cf1d0c,samples/p000599_a000215_000324_c19_l0.npz
p000599_a000215_000324_c20_l0,p000599,TRAIN,p000599_a000215,000324,20,multiview_distance,2.5,180,10,0,400,0,0,False,18378,7ef3f954add8816bff2478dfa0eaa172fa80788a89303d1843da7ef9ae86c17b,samples/p000599_a000215_000324_c20_l0.npz
p000599_a000215_000324_c21_l0,p000599,TRAIN,p000599_a000215,000324,21,multiview_distance,3.2,180,10,0,400,0,0,False,11065,0fa03a66c6673ee02d982992ec3065a453470cfe0c5a6a2af849c8457caa544a,samples/p000599_a000215_000324_c21_l0.npz
p000599_a000215_000324_c22_l0,p000599,TRAIN,p000599_a000215,000324,22,multiview_distance,1.2,240,10,0,400,0,0,True,58214,e3befdee2781bde35b9d47c306aab6256bf3373e19c8993763a3947a6edac914,samples/p000599_a000215_000324_c22_l0.npz
p000599_a000215_000324_c23_l0,p000599,TRAIN,p000599_a000215,000324,23,multiview_distance,1.8,240,10,0,400,0,0,True,29353,4c0bd50553b963ec1c8e2770768f2fa4e19e949c4b63d4505fae6d115d512376,samples/p000599_a000215_000324_c23_l0.npz
p000599_a000215_000324_c24_l0,p000599,TRAIN,p000599_a000215,000324,24,multiview_distance,2.5,240,10,0,400,0,0,False,14794,d08c10e6eb71cd57350b2a592804d561c3fb6047f5b295e8ed5fb3c643d19281,samples/p000599_a000215_000324_c24_l0.npz
p000599_a000215_000324_c25_l0,p000599,TRAIN,p000599_a000215,000324,25,multiview_distance,3.2,240,10,0,400,0,0,False,8886,52757ffaef7b15f8e9f462eb3496dbbaaf0d3efcb9585b7db407fbd2dc63048c,samples/p000599_a000215_000324_c25_l0.npz
p000599_a000215_000324_c26_l0,p000599,TRAIN,p000599_a000215,000324,26,multiview_distance,1.2,300,10,0,400,0,0,True,60023,f78f330c238d446a73e152ed37ea23d692a49fdcb528fafec2e15402ea7469e2,samples/p000599_a000215_000324_c26_l0.npz
p000599_a000215_000324_c27_l0,p000599,TRAIN,p000599_a000215,000324,27,multiview_distance,1.8,300,10,0,400,0,0,False,27834,51850ba6df695a6707e404f02677cffff17aaecd725fc0f9b2d9aa0d2e928cb5,samples/p000599_a000215_000324_c27_l0.npz
p000599_a000215_000324_c28_l0,p000599,TRAIN,p000599_a000215,000324,28,multiview_distance,2.5,300,10,0,400,0,0,False,13638,4b3f47b8c06d2c3ac6099fd8ffeeac40f3f72d20650b547ac7fccac941f56b77,samples/p000599_a000215_000324_c28_l0.npz
p000599_a000215_000324_c29_l0,p000599,TRAIN,p000599_a000215,000324,29,multiview_distance,3.2,300,10,0,400,0,0,False,8109,1e1a1046b9a5d8b9fbf3969c8281b68f9f20f955df91d8fdb73b0e5ca8cee3d8,samples/p000599_a000215_000324_c29_l0.npz
p000599_a000215_000324_c30_l0,p000599,TRAIN,p000599_a000215,000324,30,elevation,1.8,180,0,0,400,0,0,False,35647,a4f371d090b30d95267208da4edaf85b0406720008dd5398577a7cd1dda81ac5,samples/p000599_a000215_000324_c30_l0.npz
p000599_a000215_000324_c31_l0,p000599,TRAIN,p000599_a000215,000324,31,elevation,3.2,180,0,0,400,0,0,False,10555,b8c2f3de906cf566f5103c7b714e5fcf2aeb759d4c10cee6e15cb904c6b8535f,samples/p000599_a000215_000324_c31_l0.npz
p000599_a000215_000324_c32_l0,p000599,TRAIN,p000599_a000215,000324,32,elevation,1.8,180,25,0,400,0,0,False,37245,4f51a3a375cf701130881b9144ed1a8087fec3dadb6ce7b8c35ff27aa340a738,samples/p000599_a000215_000324_c32_l0.npz
p000599_a000215_000324_c33_l0,p000599,TRAIN,p000599_a000215,000324,33,elevation,3.2,180,25,0,400,0,0,False,11387,5dc618e605119ee0a89b4d60c85dbfb3d92ff4271c8bf54ef568c1a935eb577d,samples/p000599_a000215_000324_c33_l0.npz
p000599_a000215_000324_c34_l0,p000599,TRAIN,p000599_a000215,000324,34,elevation,1.8,180,45,0,400,0,0,False,36933,46269390a07f6966de04e2e0921e324ec20692c4e6ab803b114f3b75159117a9,samples/p000599_a000215_000324_c34_l0.npz
p000599_a000215_000324_c35_l0,p000599,TRAIN,p000599_a000215,000324,35,elevation,3.2,180,45,0,400,0,0,False,11063,50aabf9e9fb500e30d4ce83b72a4637d01041be46085a869b67cdddecf5be377,samples/p000599_a000215_000324_c35_l0.npz
p000599_a000215_000324_c36_l0,p000599,TRAIN,p000599_a000215,000324,36,elevation,1.8,180,65,0,400,0,0,False,34601,a1ade39fc3a7b23a38c79535da6850c764bf2082b1cc77ed28cb76ad962d0e96,samples/p000599_a000215_000324_c36_l0.npz
p000599_a000215_000324_c37_l0,p000599,TRAIN,p000599_a000215,000324,37,elevation,3.2,180,65,0,400,0,0,False,9805,bab7698e9d3717fd09e641b940b1fcd43fc63996656bb944bdd53572c7787d94,samples/p000599_a000215_000324_c37_l0.npz
p000599_a000215_000324_c38_l0,p000599,TRAIN,p000599_a000215,000324,38,elevation,1.8,180,85,0,400,0,0,False,29245,1c0bb63a679204bad3e7843f918223a20350284f0b827b7fdb01f5aa426f79aa,samples/p000599_a000215_000324_c38_l0.npz
p000599_a000215_000324_c39_l0,p000599,TRAIN,p000599_a000215,000324,39,elevation,3.2,180,85,0,400,0,0,False,7698,913122c188af58b6ae40374e040111f7adc52645e93e6028124d5eedee8d9eeb,samples/p000599_a000215_000324_c39_l0.npz
p000599_a000215_000324_c40_l0,p000599,TRAIN,p000599_a000215,000324,40,roll,1.8,180,10,-90,400,0,0,False,36551,9b4beabc37a37a9a81c68d53c51cf5ee035af57620012d9ddabab8d8da30e253,samples/p000599_a000215_000324_c40_l0.npz
p000599_a000215_000324_c41_l0,p000599,TRAIN,p000599_a000215,000324,41,roll,3.2,180,10,-90,400,0,0,False,11065,d5589d8b9266eb20dd8a64b59b2b0723978cfc078f9949c22a741cf95067c579,samples/p000599_a000215_000324_c41_l0.npz
p000599_a000215_000324_c42_l0,p000599,TRAIN,p000599_a000215,000324,42,roll,1.8,180,10,-45,400,0,0,False,36568,de66015ad420b8a6d1c524ad3a7c2bd563210ba89d25a9e3cd3d775315d12f12,samples/p000599_a000215_000324_c42_l0.npz
p000599_a000215_000324_c43_l0,p000599,TRAIN,p000599_a000215,000324,43,roll,3.2,180,10,-45,400,0,0,False,11054,0a22c8246c58d34192d7120b7b35931b34cc8e3d86ec628fc7ba8df7b51632e1,samples/p000599_a000215_000324_c43_l0.npz
p000599_a000215_000324_c44_l0,p000599,TRAIN,p000599_a000215,000324,44,roll,1.8,180,10,-15,400,0,0,False,36538,8463403fb34ac5a0a80269658bccf58cd4822510caf4898db0037f4c12b2138a,samples/p000599_a000215_000324_c44_l0.npz
p000599_a000215_000324_c45_l0,p000599,TRAIN,p000599_a000215,000324,45,roll,3.2,180,10,-15,400,0,0,False,11059,fffe506387d36963ac36aadaca4b361e2774b9e12a9ef9eab6c5aa89f6bfbd37,samples/p000599_a000215_000324_c45_l0.npz
p000599_a000215_000324_c46_l0,p000599,TRAIN,p000599_a000215,000324,46,roll,1.8,180,10,15,400,0,0,False,36550,82c47e1f5d599e29b60e77bb59d1543346cdc608fb732c4982663ea64cd6613a,samples/p000599_a000215_000324_c46_l0.npz
p000599_a000215_000324_c47_l0,p000599,TRAIN,p000599_a000215,000324,47,roll,3.2,180,10,15,400,0,0,False,11063,a5232807f3a266ddc4459874bffd333b94dc86e738068cbfe21f72466c6c4a05,samples/p000599_a000215_000324_c47_l0.npz
p000599_a000215_000324_c48_l0,p000599,TRAIN,p000599_a000215,000324,48,roll,1.8,180,10,45,400,0,0,False,36568,779d579884e52673994cdd083e39527f76e5c424f639a479725e5016ff3fd9c7,samples/p000599_a000215_000324_c48_l0.npz
p000599_a000215_000324_c49_l0,p000599,TRAIN,p000599_a000215,000324,49,roll,3.2,180,10,45,400,0,0,False,11054,b6e271e643c58b31d36d9b480ef2fdbf59a118fc8b795e31477c6207c106b34f,samples/p000599_a000215_000324_c49_l0.npz
p000599_a000215_000324_c50_l0,p000599,TRAIN,p000599_a000215,000324,50,roll,1.8,180,10,90,400,0,0,False,36551,e239f66931faa45bf4df48bb77003b9ec69250ab599d1f4a6ff17535e9dcbba7,samples/p000599_a000215_000324_c50_l0.npz
p000599_a000215_000324_c51_l0,p000599,TRAIN,p000599_a000215,000324,51,roll,3.2,180,10,90,400,0,0,False,11065,0e4f38848c8b97f7c133aa18dda955e33dd649d9a5ba9552312c6f57360c9bcd,samples/p000599_a000215_000324_c51_l0.npz
p000599_a000215_000324_c52_l0,p000599,TRAIN,p000599_a000215,000324,52,offcentre,2.5,180,10,0,400,-0.25,0,False,19128,251e0b08f3d7e4c745a1bd5f8e6a3c07f4feb89616ac902df4c9ca884d41b904,samples/p000599_a000215_000324_c52_l0.npz
p000599_a000215_000324_c53_l0,p000599,TRAIN,p000599_a000215,000324,53,offcentre,2.5,180,10,0,400,0.25,0,False,18959,bd9141245ee2aa16a8e1dbc16b4f866e8a0ca4e7c0f252a5a7d2e71137b463dd,samples/p000599_a000215_000324_c53_l0.npz
p000599_a000215_000324_c54_l0,p000599,TRAIN,p000599_a000215,000324,54,offcentre,2.5,180,10,0,400,0,-0.2,False,17461,4356faedf72d45ca5fd66100e26530a50a7711cec95602369763a31b3bed2259,samples/p000599_a000215_000324_c54_l0.npz
p000599_a000215_000324_c55_l0,p000599,TRAIN,p000599_a000215,000324,55,offcentre,2.5,180,10,0,400,0,0.2,True,18764,93dc4d6250a9bd2b7315ff3fb3ed57ea8401c8c5db977dce5e48c9618c33405b,samples/p000599_a000215_000324_c55_l0.npz
p000599_a000215_000324_c56_l0,p000599,TRAIN,p000599_a000215,000324,56,focal,2.5,180,10,0,300,0,0,False,10336,9e49220a5074e19316003398ae6c3fb21608010ce47001e1c8b2bea3a014b87e,samples/p000599_a000215_000324_c56_l0.npz
p000599_a000215_000324_c57_l0,p000599,TRAIN,p000599_a000215,000324,57,focal,2.5,180,10,0,500,0,0,False,28710,d4e06af012de1f8d16d563d1ac9c367b6429f386017d914f351b621e5324dc24,samples/p000599_a000215_000324_c57_l0.npz
p000599_a000215_000324_c58_l0,p000599,TRAIN,p000599_a000215,000324,58,focal,2.5,180,10,0,650,0,0,False,48510,15e48906d434727f4c75b788dfa0a1cdca22cdd66aa83f81ac75dff8612e7859,samples/p000599_a000215_000324_c58_l0.npz
p000599_a000215_000324_c59_l0,p000599,TRAIN,p000599_a000215,000324,59,focal,2.5,180,10,0,850,0,0,True,73324,d8be4051147b7d20c098734923d497562ec1fbdcf0adb816012c5602256d621d,samples/p000599_a000215_000324_c59_l0.npz
p000599_a000215_000324_c60_l0,p000599,TRAIN,p000599_a000215,000324,60,matched_angular_size,1.2,180,10,0,200,0,0,False,22111,c2a2a108043001d434a1c611229ac1949ccf623d4f452ad9180f1ce67d91ebce,samples/p000599_a000215_000324_c60_l0.npz
p000599_a000215_000324_c61_l0,p000599,TRAIN,p000599_a000215,000324,61,matched_angular_size,1.8,180,10,0,300,0,0,False,20553,61632090a639df2c7a80101412233a9813fed6dbbfbc6ce5542a2dcacdf3daee,samples/p000599_a000215_000324_c61_l0.npz
p000599_a000215_000324_c62_l0,p000599,TRAIN,p000599_a000215,000324,62,matched_angular_size,3,180,10,0,500,0,0,False,19717,8abca2607ef8fd7c5d3062cc94bc0ec1c0fba4af5ccd4c37260033861c851860,samples/p000599_a000215_000324_c62_l0.npz
p000599_a000215_000324_c63_l0,p000599,TRAIN,p000599_a000215,000324,63,matched_angular_size,4,180,10,0,666.6666666666666,0,0,False,19475,399721e011ac8fa0dccd2198cec9e9cfc486238d259ee7d352330ba969d60f04,samples/p000599_a000215_000324_c63_l0.npz
p000599_a001026_000018_c00_l0,p000599,TRAIN,p000599_a001026,000018,0,distance,0.8,30,10,0,400,0,0,True,107837,9b7c00872d7ea7d69f80b5ac82c8756013ba301ac646db3a42ccce5f42ea01df,samples/p000599_a001026_000018_c00_l0.npz
p000599_a001026_000018_c01_l0,p000599,TRAIN,p000599_a001026,000018,1,distance,1.2,30,10,0,400,0,0,True,68865,ac7948e6a30cc8b479a55da714b01f91ee1c92e814added0614e5c63ba5102be,samples/p000599_a001026_000018_c01_l0.npz
p000599_a001026_000018_c02_l0,p000599,TRAIN,p000599_a001026,000018,2,distance,1.8,30,10,0,400,0,0,False,32337,9216ae803dbf5e17e13301a85862c6e195f9b91b45424451a64a66c23fc3ceba,samples/p000599_a001026_000018_c02_l0.npz
p000599_a001026_000018_c03_l0,p000599,TRAIN,p000599_a001026,000018,3,distance,2.5,30,10,0,400,0,0,False,15846,de8e498401d536b2532bfde81930fdf0ed8d475c4dff64994c30dcb15e543a99,samples/p000599_a001026_000018_c03_l0.npz
p000599_a001026_000018_c04_l0,p000599,TRAIN,p000599_a001026,000018,4,distance,3.2,30,10,0,400,0,0,False,9431,c1d431fd427aa38437bc355bdf97918005157de34f5b72f2275a907fb1e55304,samples/p000599_a001026_000018_c04_l0.npz
p000599_a001026_000018_c05_l0,p000599,TRAIN,p000599_a001026,000018,5,distance,4.0,30,10,0,400,0,0,False,5954,9df3002e768e1bfe06c839d9388195d703a84a7304a0f3fb308b7f2df021afc2,samples/p000599_a001026_000018_c05_l0.npz
p000599_a001026_000018_c06_l0,p000599,TRAIN,p000599_a001026,000018,6,multiview_distance,1.2,0,10,0,400,0,0,True,70417,5af004f197f7c97b00ce48392c949a5cd3729bcf1a2156f4a4b0207804b77a8f,samples/p000599_a001026_000018_c06_l0.npz
p000599_a001026_000018_c07_l0,p000599,TRAIN,p000599_a001026,000018,7,multiview_distance,1.8,0,10,0,400,0,0,False,32641,78dd1820a1caba8a00adc12a3e6ef590931c7098470d697aa797006b5809eca8,samples/p000599_a001026_000018_c07_l0.npz
p000599_a001026_000018_c08_l0,p000599,TRAIN,p000599_a001026,000018,8,multiview_distance,2.5,0,10,0,400,0,0,False,15954,25a986376ab9b495e57db622432f669c95d9e17e16c751a0cf6526c3b6ba84a1,samples/p000599_a001026_000018_c08_l0.npz
p000599_a001026_000018_c09_l0,p000599,TRAIN,p000599_a001026,000018,9,multiview_distance,3.2,0,10,0,400,0,0,False,9494,ed602375f80509f2a95e239c3c8028b47dbd8df8d72fec8bdbefd52f2ed9c571,samples/p000599_a001026_000018_c09_l0.npz
p000599_a001026_000018_c10_l0,p000599,TRAIN,p000599_a001026,000018,10,multiview_distance,1.2,60,10,0,400,0,0,True,62485,1d753f0595498952d348437d2dadb8697fe7e4de61ea218b4c26789740b719bb,samples/p000599_a001026_000018_c10_l0.npz
p000599_a001026_000018_c11_l0,p000599,TRAIN,p000599_a001026,000018,11,multiview_distance,1.8,60,10,0,400,0,0,False,29642,6949b9a09a85756182ac5f2d537fca887aa9a67721571d0beb39a421e333e727,samples/p000599_a001026_000018_c11_l0.npz
p000599_a001026_000018_c12_l0,p000599,TRAIN,p000599_a001026,000018,12,multiview_distance,2.5,60,10,0,400,0,0,False,14650,41257ad8cf674443f93cbbc3f4d2a3418027e5c4ae2baae4e4db37bcb0e91f7a,samples/p000599_a001026_000018_c12_l0.npz
p000599_a001026_000018_c13_l0,p000599,TRAIN,p000599_a001026,000018,13,multiview_distance,3.2,60,10,0,400,0,0,False,8755,9627653eb066fd0a6c92e215330dbfe8cb1fcd5c7a255618010209cfb5d4296d,samples/p000599_a001026_000018_c13_l0.npz
p000599_a001026_000018_c14_l0,p000599,TRAIN,p000599_a001026,000018,14,multiview_distance,1.2,120,10,0,400,0,0,True,55311,4f01cda88f63886f4a418c9f3cac2fbd30a421072504253e07efba90186e9120,samples/p000599_a001026_000018_c14_l0.npz
p000599_a001026_000018_c15_l0,p000599,TRAIN,p000599_a001026,000018,15,multiview_distance,1.8,120,10,0,400,0,0,False,28111,971d5f7a5fd8df561554a81755978a86bd83067b6456dd4366d24949354c8a0f,samples/p000599_a001026_000018_c15_l0.npz
p000599_a001026_000018_c16_l0,p000599,TRAIN,p000599_a001026,000018,16,multiview_distance,2.5,120,10,0,400,0,0,False,14313,fee6604d3edee5e6f4b3781aae439b1bc52b2a3ae3a85225c0fa232ce2ae7dc1,samples/p000599_a001026_000018_c16_l0.npz
p000599_a001026_000018_c17_l0,p000599,TRAIN,p000599_a001026,000018,17,multiview_distance,3.2,120,10,0,400,0,0,False,8665,9ce3eba3d011c3116d74578321c4420e8a6ca4cff20aeee12d78789f13cc99fa,samples/p000599_a001026_000018_c17_l0.npz
p000599_a001026_000018_c18_l0,p000599,TRAIN,p000599_a001026,000018,18,multiview_distance,1.2,180,10,0,400,0,0,True,64028,6e7af777e7442e2ea34dfff82e53c4c3aa7ddc76b2e8c7e6fc3f624b6eaf7dbf,samples/p000599_a001026_000018_c18_l0.npz
p000599_a001026_000018_c19_l0,p000599,TRAIN,p000599_a001026,000018,19,multiview_distance,1.8,180,10,0,400,0,0,False,32110,6debbd7fb64a6386a573f67b98a3ccad1927cc9c408e2c62e67cab8d36e27202,samples/p000599_a001026_000018_c19_l0.npz
p000599_a001026_000018_c20_l0,p000599,TRAIN,p000599_a001026,000018,20,multiview_distance,2.5,180,10,0,400,0,0,False,16441,c1315d2e488fe486780e2e77eb5181c1fd0667bdfdcdc8bd2ea5f01a7c8038de,samples/p000599_a001026_000018_c20_l0.npz
p000599_a001026_000018_c21_l0,p000599,TRAIN,p000599_a001026,000018,21,multiview_distance,3.2,180,10,0,400,0,0,False,9979,aac392912bbf8064cad410414a9e5fe39a78e2724383103db6ae4771a9085c08,samples/p000599_a001026_000018_c21_l0.npz
p000599_a001026_000018_c22_l0,p000599,TRAIN,p000599_a001026,000018,22,multiview_distance,1.2,240,10,0,400,0,0,True,58472,7fdd2f8a626d75fd14246660c6c2aff9b6a1f43fea0370b6bbdc97272c7d9356,samples/p000599_a001026_000018_c22_l0.npz
p000599_a001026_000018_c23_l0,p000599,TRAIN,p000599_a001026,000018,23,multiview_distance,1.8,240,10,0,400,0,0,False,29212,1745aae2c6c6a9e432ad4467b25dbdde26b3ef5fe40852d1d804b7db17713042,samples/p000599_a001026_000018_c23_l0.npz
p000599_a001026_000018_c24_l0,p000599,TRAIN,p000599_a001026,000018,24,multiview_distance,2.5,240,10,0,400,0,0,False,14939,87d3ed9b7b2c96f0ea1b0d8bb42522546541d7e200aae97ced5519f2fa1f0f49,samples/p000599_a001026_000018_c24_l0.npz
p000599_a001026_000018_c25_l0,p000599,TRAIN,p000599_a001026,000018,25,multiview_distance,3.2,240,10,0,400,0,0,False,9096,f2227ff35008e04a5b41f5582be187d49a89408665b86fbc94583e6b1594bf56,samples/p000599_a001026_000018_c25_l0.npz
p000599_a001026_000018_c26_l0,p000599,TRAIN,p000599_a001026,000018,26,multiview_distance,1.2,300,10,0,400,0,0,True,56551,0f403fa4342fc74538211813629d1938844c5e6c1121410f8875ac50b704e699,samples/p000599_a001026_000018_c26_l0.npz
p000599_a001026_000018_c27_l0,p000599,TRAIN,p000599_a001026,000018,27,multiview_distance,1.8,300,10,0,400,0,0,False,26772,398bcae48fbc459d364a8675ecd0e44a61542c53edb3e11f1edde47dfd8226e3,samples/p000599_a001026_000018_c27_l0.npz
p000599_a001026_000018_c28_l0,p000599,TRAIN,p000599_a001026,000018,28,multiview_distance,2.5,300,10,0,400,0,0,False,13310,348de7c494d4410778db1cebf3e9cfdab64ac804f67a86c569e515c3acdc3d13,samples/p000599_a001026_000018_c28_l0.npz
p000599_a001026_000018_c29_l0,p000599,TRAIN,p000599_a001026,000018,29,multiview_distance,3.2,300,10,0,400,0,0,False,7979,3fa3d31438231e74cbd4fed9f933427e23de7681768bcb08f3bed75d9395d1dd,samples/p000599_a001026_000018_c29_l0.npz
p000599_a001026_000018_c30_l0,p000599,TRAIN,p000599_a001026,000018,30,elevation,1.8,180,0,0,400,0,0,False,31225,c020202499db3098c22ab31f1e1c0f3863c0c78e8797802f24a1975181ad25a1,samples/p000599_a001026_000018_c30_l0.npz
p000599_a001026_000018_c31_l0,p000599,TRAIN,p000599_a001026,000018,31,elevation,3.2,180,0,0,400,0,0,False,9611,dcb7a9e85c20662119e9c066f971fef8765ec7ebd4fdba4849e4bd652287b10d,samples/p000599_a001026_000018_c31_l0.npz
p000599_a001026_000018_c32_l0,p000599,TRAIN,p000599_a001026,000018,32,elevation,1.8,180,25,0,400,0,0,False,33045,48a2d35e2bb1b271dc636782ea0a3e52127671600bf6235053449e35087b4520,samples/p000599_a001026_000018_c32_l0.npz
p000599_a001026_000018_c33_l0,p000599,TRAIN,p000599_a001026,000018,33,elevation,3.2,180,25,0,400,0,0,False,10260,8e72bdbaf515b40bc0df6e65893a8ab4021d55b70cdceae4801890ff06d1f43d,samples/p000599_a001026_000018_c33_l0.npz
p000599_a001026_000018_c34_l0,p000599,TRAIN,p000599_a001026,000018,34,elevation,1.8,180,45,0,400,0,0,False,33276,6a3922817902275e03ba46208fd3cb120b0d99c93ba73e25059afa6510a6761b,samples/p000599_a001026_000018_c34_l0.npz
p000599_a001026_000018_c35_l0,p000599,TRAIN,p000599_a001026,000018,35,elevation,3.2,180,45,0,400,0,0,False,9922,ca0431de0d8916ede9c9525e18475b68f98312dbad1e39a4b2078fd170908bbf,samples/p000599_a001026_000018_c35_l0.npz
p000599_a001026_000018_c36_l0,p000599,TRAIN,p000599_a001026,000018,36,elevation,1.8,180,65,0,400,0,0,False,31503,1b141522244de690bad8660dde12f5c417f059a72687108921a67e4deba1ebea,samples/p000599_a001026_000018_c36_l0.npz
p000599_a001026_000018_c37_l0,p000599,TRAIN,p000599_a001026,000018,37,elevation,3.2,180,65,0,400,0,0,False,8701,d50d6c09da6c6a43ff2e0a5c2864dbb5b362db72db147d362f27cc1e1ff721a9,samples/p000599_a001026_000018_c37_l0.npz
p000599_a001026_000018_c38_l0,p000599,TRAIN,p000599_a001026,000018,38,elevation,1.8,180,85,0,400,0,0,False,25843,cdf9189f9627bb60d0d474268e058ededd26722d272d417afe1bd63e7a2ab2f4,samples/p000599_a001026_000018_c38_l0.npz
p000599_a001026_000018_c39_l0,p000599,TRAIN,p000599_a001026,000018,39,elevation,3.2,180,85,0,400,0,0,False,6520,6cf80d28bac44d667213fc32fe176e0862d810da75ba82870b5bda1b68bfbd91,samples/p000599_a001026_000018_c39_l0.npz
p000599_a001026_000018_c40_l0,p000599,TRAIN,p000599_a001026,000018,40,roll,1.8,180,10,-90,400,0,0,False,32110,925ff9e985b3f0cfa219d73e1e713e69be319a7e1722b3180e0af6f56d158268,samples/p000599_a001026_000018_c40_l0.npz
p000599_a001026_000018_c41_l0,p000599,TRAIN,p000599_a001026,000018,41,roll,3.2,180,10,-90,400,0,0,False,9979,1e78fa3e2cae2e0d4e3e455b61288a68954705860120150184246884d35117df,samples/p000599_a001026_000018_c41_l0.npz
p000599_a001026_000018_c42_l0,p000599,TRAIN,p000599_a001026,000018,42,roll,1.8,180,10,-45,400,0,0,False,32133,9b4a8c8aeb36035b15c715938735275f72d9619b3edaca143dcdcfdca7667fe7,samples/p000599_a001026_000018_c42_l0.npz
p000599_a001026_000018_c43_l0,p000599,TRAIN,p000599_a001026,000018,43,roll,3.2,180,10,-45,400,0,0,False,9985,c44adf607767c2af9493c7b9c6bb13a94b4f70f758983b6cb54431836d098bf6,samples/p000599_a001026_000018_c43_l0.npz
p000599_a001026_000018_c44_l0,p000599,TRAIN,p000599_a001026,000018,44,roll,1.8,180,10,-15,400,0,0,False,32129,ba83a9514dd69534172ca393d6ece62b55955b8501e5e1e54b6f0bffd3ae3928,samples/p000599_a001026_000018_c44_l0.npz
p000599_a001026_000018_c45_l0,p000599,TRAIN,p000599_a001026,000018,45,roll,3.2,180,10,-15,400,0,0,False,9986,af4b7078fed6251d40d9e1517d99955e31bea878d867bbb3f18af66877e1e965,samples/p000599_a001026_000018_c45_l0.npz
p000599_a001026_000018_c46_l0,p000599,TRAIN,p000599_a001026,000018,46,roll,1.8,180,10,15,400,0,0,False,32126,ed6cbc8b1e33de3e0a617b290124f92d2c9dfae0ed49a2c65e5f9a0f230da324,samples/p000599_a001026_000018_c46_l0.npz
p000599_a001026_000018_c47_l0,p000599,TRAIN,p000599_a001026,000018,47,roll,3.2,180,10,15,400,0,0,False,9989,b802a6158fdddb9c961fb6d5b2182db8e420fa68982254c9cc219166a34cfb52,samples/p000599_a001026_000018_c47_l0.npz
p000599_a001026_000018_c48_l0,p000599,TRAIN,p000599_a001026,000018,48,roll,1.8,180,10,45,400,0,0,False,32133,9f07448b3e0e0b50277938976c5f55fe9d2d7c64aef3ff399965c75b1f258beb,samples/p000599_a001026_000018_c48_l0.npz
p000599_a001026_000018_c49_l0,p000599,TRAIN,p000599_a001026,000018,49,roll,3.2,180,10,45,400,0,0,False,9985,e914c0e0af61dbe4057df5af834355cbd4c25a366c6c8d67ded87062e51ac892,samples/p000599_a001026_000018_c49_l0.npz
p000599_a001026_000018_c50_l0,p000599,TRAIN,p000599_a001026,000018,50,roll,1.8,180,10,90,400,0,0,False,32110,3c84b681662a5c4597e27d238c19b112cd22ec2e1930c5afa72a9706f3fd6a57,samples/p000599_a001026_000018_c50_l0.npz
p000599_a001026_000018_c51_l0,p000599,TRAIN,p000599_a001026,000018,51,roll,3.2,180,10,90,400,0,0,False,9979,5737a367aaed311f17e629021bd130879ee0cd2203667507f96b525ebf70e545,samples/p000599_a001026_000018_c51_l0.npz
p000599_a001026_000018_c52_l0,p000599,TRAIN,p000599_a001026,000018,52,offcentre,2.5,180,10,0,400,-0.25,0,False,17527,5c042b9b58f66e5e56b897ae2183f706424b44f6ae470adeb607f274c1eb07e7,samples/p000599_a001026_000018_c52_l0.npz
p000599_a001026_000018_c53_l0,p000599,TRAIN,p000599_a001026,000018,53,offcentre,2.5,180,10,0,400,0.25,0,False,17041,8db537e3d80f55eccfd5e0d6844fb999a58367098415b4b81b380d53099cc681,samples/p000599_a001026_000018_c53_l0.npz
p000599_a001026_000018_c54_l0,p000599,TRAIN,p000599_a001026,000018,54,offcentre,2.5,180,10,0,400,0,-0.2,False,15916,067a82509e0ad8305991dbcf3e8a3a1a1f4d3bccf14b83df1b25ee39f0a32380,samples/p000599_a001026_000018_c54_l0.npz
p000599_a001026_000018_c55_l0,p000599,TRAIN,p000599_a001026,000018,55,offcentre,2.5,180,10,0,400,0,0.2,True,16785,3bdebc3f0cb867c17a3e4c7afc8247b85dffefb3d669a441ca4b177915c81720,samples/p000599_a001026_000018_c55_l0.npz
p000599_a001026_000018_c56_l0,p000599,TRAIN,p000599_a001026,000018,56,focal,2.5,180,10,0,300,0,0,False,9241,b9d3efe1418c2b330b8e00ef50bc498df10061f3e815442a22d70916bf1bf2ea,samples/p000599_a001026_000018_c56_l0.npz
p000599_a001026_000018_c57_l0,p000599,TRAIN,p000599_a001026,000018,57,focal,2.5,180,10,0,500,0,0,False,25678,9e400a0ea73cc3b4b3fa33e7931ed8edaf4e4e9bb8302d879f64ee553f8b1189,samples/p000599_a001026_000018_c57_l0.npz
p000599_a001026_000018_c58_l0,p000599,TRAIN,p000599_a001026,000018,58,focal,2.5,180,10,0,650,0,0,False,43383,dcb95166df35855439477ec810ab6251982426f02c6bddb8ca207c1b1c71dbab,samples/p000599_a001026_000018_c58_l0.npz
p000599_a001026_000018_c59_l0,p000599,TRAIN,p000599_a001026,000018,59,focal,2.5,180,10,0,850,0,0,True,65728,9c8bcbf2bf1d4f61c01af10b17009612337a2b7c8cd4fd484b3c1cfdf4176316,samples/p000599_a001026_000018_c59_l0.npz
p000599_a001026_000018_c60_l0,p000599,TRAIN,p000599_a001026,000018,60,matched_angular_size,1.2,180,10,0,200,0,0,False,18805,e93036a5b7698b6526751240233a6fe98ad2a4def81698be94a60b3b933329ab,samples/p000599_a001026_000018_c60_l0.npz
p000599_a001026_000018_c61_l0,p000599,TRAIN,p000599_a001026,000018,61,matched_angular_size,1.8,180,10,0,300,0,0,False,18072,5b070b2ad3d5d6aeb271676a2a3fadc13d8a00e404a52824eecf5dd49f1cd354,samples/p000599_a001026_000018_c61_l0.npz
p000599_a001026_000018_c62_l0,p000599,TRAIN,p000599_a001026,000018,62,matched_angular_size,3,180,10,0,500,0,0,False,17758,fbd91aef3e4db3d57a6fbe667ce4236669241a8256c5e13b7903646c9a30485b,samples/p000599_a001026_000018_c62_l0.npz
p000599_a001026_000018_c63_l0,p000599,TRAIN,p000599_a001026,000018,63,matched_angular_size,4,180,10,0,666.6666666666666,0,0,False,17724,e583a623e3731e0409d9af2faa1ab0b94f3f1cb94867617aabb9a6eb23a67944,samples/p000599_a001026_000018_c63_l0.npz
p000599_a001026_000060_c00_l0,p000599,TRAIN,p000599_a001026,000060,0,distance,0.8,30,10,0,400,0,0,True,94390,d94ac4baff5fe5d4556aa0a9ce70154d74316a1c3d0843acd8b5aaa740bcc59d,samples/p000599_a001026_000060_c00_l0.npz
p000599_a001026_000060_c01_l0,p000599,TRAIN,p000599_a001026,000060,1,distance,1.2,30,10,0,400,0,0,True,64563,e693272ef67c3f9ea611c23917ff5bb7c133a965f22338f24a3d08d037053e9e,samples/p000599_a001026_000060_c01_l0.npz
p000599_a001026_000060_c02_l0,p000599,TRAIN,p000599_a001026,000060,2,distance,1.8,30,10,0,400,0,0,False,31090,f46b3e0be78e285f60d13d2a41ff33d8b5cb0e60a0bc3ae05735fd98dd452e30,samples/p000599_a001026_000060_c02_l0.npz
p000599_a001026_000060_c03_l0,p000599,TRAIN,p000599_a001026,000060,3,distance,2.5,30,10,0,400,0,0,False,15231,56ee886b14c45583bf1aca9aa79dca2e9213fb6a086dc993d94b0f6d0b29c87f,samples/p000599_a001026_000060_c03_l0.npz
p000599_a001026_000060_c04_l0,p000599,TRAIN,p000599_a001026,000060,4,distance,3.2,30,10,0,400,0,0,False,9081,e0801812aefe4cdafa63a7b240cee4d57c5b4b5a14269eafac63587c6d167592,samples/p000599_a001026_000060_c04_l0.npz
p000599_a001026_000060_c05_l0,p000599,TRAIN,p000599_a001026,000060,5,distance,4.0,30,10,0,400,0,0,False,5738,91d5c0c58ac0bb57e21a082e9e9cd55f92fb888a012c33b5cfb430c3ed02dee5,samples/p000599_a001026_000060_c05_l0.npz
p000599_a001026_000060_c06_l0,p000599,TRAIN,p000599_a001026,000060,6,multiview_distance,1.2,0,10,0,400,0,0,True,66870,a7fd84021df382668b7465ed9f8b4a87ebddbdcde6dab758cfcc2f05debad7b9,samples/p000599_a001026_000060_c06_l0.npz
p000599_a001026_000060_c07_l0,p000599,TRAIN,p000599_a001026,000060,7,multiview_distance,1.8,0,10,0,400,0,0,False,31856,57364824e4890d3a610ca211a231a38f5f4ec117f10d35059668432cd49a2fc9,samples/p000599_a001026_000060_c07_l0.npz
p000599_a001026_000060_c08_l0,p000599,TRAIN,p000599_a001026,000060,8,multiview_distance,2.5,0,10,0,400,0,0,False,15624,42c329114e91a04345facbbdef90b03c7603ba1fc6bb99940dc8d427b220e966,samples/p000599_a001026_000060_c08_l0.npz
p000599_a001026_000060_c09_l0,p000599,TRAIN,p000599_a001026,000060,9,multiview_distance,3.2,0,10,0,400,0,0,False,9330,3bc475e9b9335c8332783c14faa0e45fd23aab9b64d808d33017da7f8dbc0afd,samples/p000599_a001026_000060_c09_l0.npz
p000599_a001026_000060_c10_l0,p000599,TRAIN,p000599_a001026,000060,10,multiview_distance,1.2,60,10,0,400,0,0,True,59245,4ef6bedd41e977506e8de7c677588c3280e4e0777e3d912fbdba36f3ce7a6917,samples/p000599_a001026_000060_c10_l0.npz
p000599_a001026_000060_c11_l0,p000599,TRAIN,p000599_a001026,000060,11,multiview_distance,1.8,60,10,0,400,0,0,False,28405,bbf513021fac1c5ed280bdf8d81df54ee6fae04f70d5ace91826d3f572bc03e9,samples/p000599_a001026_000060_c11_l0.npz
p000599_a001026_000060_c12_l0,p000599,TRAIN,p000599_a001026,000060,12,multiview_distance,2.5,60,10,0,400,0,0,False,14071,dd1c076d3ca796578557358578104f904c4abdd0d80ffc834d79050ae1b76a7f,samples/p000599_a001026_000060_c12_l0.npz
p000599_a001026_000060_c13_l0,p000599,TRAIN,p000599_a001026,000060,13,multiview_distance,3.2,60,10,0,400,0,0,False,8410,964301f0a636f52836e61abb76090107e7c4f5beba7b242edc849bc7361949d4,samples/p000599_a001026_000060_c13_l0.npz
p000599_a001026_000060_c14_l0,p000599,TRAIN,p000599_a001026,000060,14,multiview_distance,1.2,120,10,0,400,0,0,True,55365,e243bb15c64dadad62200ccaac441c128eca0ca9371d40769fc7bedecef2ab38,samples/p000599_a001026_000060_c14_l0.npz
p000599_a001026_000060_c15_l0,p000599,TRAIN,p000599_a001026,000060,15,multiview_distance,1.8,120,10,0,400,0,0,False,27985,9ae9689740907648d92c1bbdb470a4a0952df7561e1022dd781691ca29bb6aa1,samples/p000599_a001026_000060_c15_l0.npz
p000599_a001026_000060_c16_l0,p000599,TRAIN,p000599_a001026,000060,16,multiview_distance,2.5,120,10,0,400,0,0,False,14312,79a8f6eb693e3a8cf24676b508be5b71333bc128c8fb3d2d1b063ab9acf39e99,samples/p000599_a001026_000060_c16_l0.npz
p000599_a001026_000060_c17_l0,p000599,TRAIN,p000599_a001026,000060,17,multiview_distance,3.2,120,10,0,400,0,0,False,8691,fd1d2ca7524168f80e3fdd785a248ab7765f3f95ad662a1c7f4d2a23024f0080,samples/p000599_a001026_000060_c17_l0.npz
p000599_a001026_000060_c18_l0,p000599,TRAIN,p000599_a001026,000060,18,multiview_distance,1.2,180,10,0,400,0,0,True,67984,e393c76bc097a0c9e120d96129d8305f240ce5666e516d86ac9ca40ba9e39789,samples/p000599_a001026_000060_c18_l0.npz
p000599_a001026_000060_c19_l0,p000599,TRAIN,p000599_a001026,000060,19,multiview_distance,1.8,180,10,0,400,0,0,False,33581,c582009de38a1506041035c95c72e4d75bc3b824077025cd8fee6fff08eb55ef,samples/p000599_a001026_000060_c19_l0.npz
p000599_a001026_000060_c20_l0,p000599,TRAIN,p000599_a001026,000060,20,multiview_distance,2.5,180,10,0,400,0,0,False,16978,0669de4e7c6a6b834cb0ea4bd215c0f5f6f8e5817a0f63173a5097f1a635ba23,samples/p000599_a001026_000060_c20_l0.npz
p000599_a001026_000060_c21_l0,p000599,TRAIN,p000599_a001026,000060,21,multiview_distance,3.2,180,10,0,400,0,0,False,10275,28f4c6a59d5454d8379fa4570415912d4794c9d63748ba05a11ed9c261e3a9b5,samples/p000599_a001026_000060_c21_l0.npz
p000599_a001026_000060_c22_l0,p000599,TRAIN,p000599_a001026,000060,22,multiview_distance,1.2,240,10,0,400,0,0,True,58233,4d451a400acdc5ae9fc508ba89879be38cfbc0ed327fb0bf3b44f457e3cb68a5,samples/p000599_a001026_000060_c22_l0.npz
p000599_a001026_000060_c23_l0,p000599,TRAIN,p000599_a001026,000060,23,multiview_distance,1.8,240,10,0,400,0,0,False,29167,dc4c377a6c162219765639d13bdf990451c6e56034dc4704dcd081b6e3838c38,samples/p000599_a001026_000060_c23_l0.npz
p000599_a001026_000060_c24_l0,p000599,TRAIN,p000599_a001026,000060,24,multiview_distance,2.5,240,10,0,400,0,0,False,14891,8b1b9b74591168ca25534bf58affde8c14f4b99b9d0b7f083c87e97d0f0efb50,samples/p000599_a001026_000060_c24_l0.npz
p000599_a001026_000060_c25_l0,p000599,TRAIN,p000599_a001026,000060,25,multiview_distance,3.2,240,10,0,400,0,0,False,9026,bc7a72b9838296f1c7a29ffe7e226a5525838a4bff8a89ad7c0642ae4a16a0e7,samples/p000599_a001026_000060_c25_l0.npz
p000599_a001026_000060_c26_l0,p000599,TRAIN,p000599_a001026,000060,26,multiview_distance,1.2,300,10,0,400,0,0,True,58075,74f07f991c4b1ec96e52c552682c5dc8bb0cd9c20c97e2b08b89e95048936f94,samples/p000599_a001026_000060_c26_l0.npz
p000599_a001026_000060_c27_l0,p000599,TRAIN,p000599_a001026,000060,27,multiview_distance,1.8,300,10,0,400,0,0,False,27785,44e1a88b330c3cddb724650ad3a888827d19a09ac6e469a903fb2e9c85b482f3,samples/p000599_a001026_000060_c27_l0.npz
p000599_a001026_000060_c28_l0,p000599,TRAIN,p000599_a001026,000060,28,multiview_distance,2.5,300,10,0,400,0,0,False,13679,7bfbc139ef27b0cdefe35d1cff8229d3b0359e505d84792fb9c5749abf4ee8cc,samples/p000599_a001026_000060_c28_l0.npz
p000599_a001026_000060_c29_l0,p000599,TRAIN,p000599_a001026,000060,29,multiview_distance,3.2,300,10,0,400,0,0,False,8184,9a20af0f83ba43dcb3ab9b8a17b66e92ff9ac5f1ce9adb6217365b32f3b8168f,samples/p000599_a001026_000060_c29_l0.npz
p000599_a001026_000060_c30_l0,p000599,TRAIN,p000599_a001026,000060,30,elevation,1.8,180,0,0,400,0,0,False,32520,59280fe747b6b29a2ae7fe0b347f4868accbfb4b03bc073bf77fe7c7ecd4cdde,samples/p000599_a001026_000060_c30_l0.npz
p000599_a001026_000060_c31_l0,p000599,TRAIN,p000599_a001026,000060,31,elevation,3.2,180,0,0,400,0,0,False,9828,118d9ad9f7afeb7ff4bce9c97a73456aa73b11f1550cb980381b8296e4a78982,samples/p000599_a001026_000060_c31_l0.npz
p000599_a001026_000060_c32_l0,p000599,TRAIN,p000599_a001026,000060,32,elevation,1.8,180,25,0,400,0,0,False,34674,55189b4391932f2614b28238880f39436234a88aadf26b66ad75b984312cd858,samples/p000599_a001026_000060_c32_l0.npz
p000599_a001026_000060_c33_l0,p000599,TRAIN,p000599_a001026,000060,33,elevation,3.2,180,25,0,400,0,0,False,10602,913c0172805f4815d998e04f975781925e2cdfdd3b5787bcd055456a00f1cf59,samples/p000599_a001026_000060_c33_l0.npz
p000599_a001026_000060_c34_l0,p000599,TRAIN,p000599_a001026,000060,34,elevation,1.8,180,45,0,400,0,0,False,35061,b99ed7059a7648618754825eee59b227a6071197ae7a2a4e01571967856518a4,samples/p000599_a001026_000060_c34_l0.npz
p000599_a001026_000060_c35_l0,p000599,TRAIN,p000599_a001026,000060,35,elevation,3.2,180,45,0,400,0,0,False,10352,3750c743475ad74f38404b64ef043e3bce42e69447b18067764b6c96d7a0b286,samples/p000599_a001026_000060_c35_l0.npz
p000599_a001026_000060_c36_l0,p000599,TRAIN,p000599_a001026,000060,36,elevation,1.8,180,65,0,400,0,0,False,33388,312e1ee587430f140cabf1b7251c1edf81f9f206db1e78b777694d88576247a4,samples/p000599_a001026_000060_c36_l0.npz
p000599_a001026_000060_c37_l0,p000599,TRAIN,p000599_a001026,000060,37,elevation,3.2,180,65,0,400,0,0,False,9171,fa6c9843da539d6a30ecf6ebb8de0f7859157dc1d7bd3486ce4f47b495837387,samples/p000599_a001026_000060_c37_l0.npz
p000599_a001026_000060_c38_l0,p000599,TRAIN,p000599_a001026,000060,38,elevation,1.8,180,85,0,400,0,0,False,28184,267f58af2ac87244895bfa018f4c4d7dd3ab7bd6cfac14ecef8d323482780d98,samples/p000599_a001026_000060_c38_l0.npz
p000599_a001026_000060_c39_l0,p000599,TRAIN,p000599_a001026,000060,39,elevation,3.2,180,85,0,400,0,0,False,7046,aaa99c5adb89aabfb1dce64671bc79cfbbcbe84a8fab134ccc73ad5482fdf9cb,samples/p000599_a001026_000060_c39_l0.npz
p000599_a001026_000060_c40_l0,p000599,TRAIN,p000599_a001026,000060,40,roll,1.8,180,10,-90,400,0,0,False,33581,ca212fbbe650195f8dbe38e663e2d3bf189c0eb4a9149e6366d9e484f6610575,samples/p000599_a001026_000060_c40_l0.npz
p000599_a001026_000060_c41_l0,p000599,TRAIN,p000599_a001026,000060,41,roll,3.2,180,10,-90,400,0,0,False,10275,dae56e1144db5edba2a03570b3a07553c68a402208518192f8b1317ca7c6f768,samples/p000599_a001026_000060_c41_l0.npz
p000599_a001026_000060_c42_l0,p000599,TRAIN,p000599_a001026,000060,42,roll,1.8,180,10,-45,400,0,0,False,33572,ec4a5cd5eae54d1a01450e4405f2e0ad847ad3fdfdea982a69ad310e207874b4,samples/p000599_a001026_000060_c42_l0.npz
p000599_a001026_000060_c43_l0,p000599,TRAIN,p000599_a001026,000060,43,roll,3.2,180,10,-45,400,0,0,False,10256,1ccbca30188823435bbf7e51b1692a4eb88e4a4c9d238d59d6b3e478a769ed78,samples/p000599_a001026_000060_c43_l0.npz
p000599_a001026_000060_c44_l0,p000599,TRAIN,p000599_a001026,000060,44,roll,1.8,180,10,-15,400,0,0,False,33580,04e3b56a60753e9a5e541291feee3af797bc47346978d99e1b37c103633d91fc,samples/p000599_a001026_000060_c44_l0.npz
p000599_a001026_000060_c45_l0,p000599,TRAIN,p000599_a001026,000060,45,roll,3.2,180,10,-15,400,0,0,False,10269,66eee33734d26b2c528447153d6d2cb3214c4c666036ae197a116f0c77537067,samples/p000599_a001026_000060_c45_l0.npz
p000599_a001026_000060_c46_l0,p000599,TRAIN,p000599_a001026,000060,46,roll,1.8,180,10,15,400,0,0,False,33574,29b119c8bdb53afdaf74c3d0ba97c9e0c5c4171ca2abbcc46c12cd7f425fc516,samples/p000599_a001026_000060_c46_l0.npz
p000599_a001026_000060_c47_l0,p000599,TRAIN,p000599_a001026,000060,47,roll,3.2,180,10,15,400,0,0,False,10272,bdec9a42a4d55ec2568214ddd7e5fcac357503d841cdbb16120514059ada77af,samples/p000599_a001026_000060_c47_l0.npz
p000599_a001026_000060_c48_l0,p000599,TRAIN,p000599_a001026,000060,48,roll,1.8,180,10,45,400,0,0,False,33572,855dfd9a5c50c769ea1670fe05b1b057bee5e53f55cc652a923ffce230867126,samples/p000599_a001026_000060_c48_l0.npz
p000599_a001026_000060_c49_l0,p000599,TRAIN,p000599_a001026,000060,49,roll,3.2,180,10,45,400,0,0,False,10256,27596a02fb020b2a98e316e47140769d4ae14f886497d32fcf2eac9f9ea95b03,samples/p000599_a001026_000060_c49_l0.npz
p000599_a001026_000060_c50_l0,p000599,TRAIN,p000599_a001026,000060,50,roll,1.8,180,10,90,400,0,0,False,33581,7f83ec4839bfb81abb40a12c3c302e06db7a98c1c29e389fc4cc568abdcfd7e6,samples/p000599_a001026_000060_c50_l0.npz
p000599_a001026_000060_c51_l0,p000599,TRAIN,p000599_a001026,000060,51,roll,3.2,180,10,90,400,0,0,False,10275,3e4f80c55eab766cbb6be094df99b266cdd9fa5320d6cec0851da13c79d7f900,samples/p000599_a001026_000060_c51_l0.npz
p000599_a001026_000060_c52_l0,p000599,TRAIN,p000599_a001026,000060,52,offcentre,2.5,180,10,0,400,-0.25,0,False,17937,ac77eb485d8671e8d27cc9774901567e61d6098abdba9b3f52c669322032328f,samples/p000599_a001026_000060_c52_l0.npz
p000599_a001026_000060_c53_l0,p000599,TRAIN,p000599_a001026,000060,53,offcentre,2.5,180,10,0,400,0.25,0,False,17847,e60b43debeaf68802a66d0b3f53c301d94877116827d420bdc9fb80831898dc1,samples/p000599_a001026_000060_c53_l0.npz
p000599_a001026_000060_c54_l0,p000599,TRAIN,p000599_a001026,000060,54,offcentre,2.5,180,10,0,400,0,-0.2,False,16318,c2541300b2c712bed8d962618ad18689523c75fbe63755af674c3d107e4442a3,samples/p000599_a001026_000060_c54_l0.npz
p000599_a001026_000060_c55_l0,p000599,TRAIN,p000599_a001026,000060,55,offcentre,2.5,180,10,0,400,0,0.2,True,17343,f4eaaa6a5811421a48217e5dae6d23b874ca883048873a8aa2fc08f48905a7e3,samples/p000599_a001026_000060_c55_l0.npz
p000599_a001026_000060_c56_l0,p000599,TRAIN,p000599_a001026,000060,56,focal,2.5,180,10,0,300,0,0,False,9574,d5a4b9a00b9805f6ec58cf0b394e4ff9ca6b8cde0134ca6a3f858b385db39828,samples/p000599_a001026_000060_c56_l0.npz
p000599_a001026_000060_c57_l0,p000599,TRAIN,p000599_a001026,000060,57,focal,2.5,180,10,0,500,0,0,False,26566,070eb1b8c20fb11a4f72f0b062b5cf55c5c77feb438434b1fe99fa97a5095a60,samples/p000599_a001026_000060_c57_l0.npz
p000599_a001026_000060_c58_l0,p000599,TRAIN,p000599_a001026,000060,58,focal,2.5,180,10,0,650,0,0,False,44872,752dcb77ed454bd540473ff72ca05c7515331bfa455c173833543754acfd64cc,samples/p000599_a001026_000060_c58_l0.npz
p000599_a001026_000060_c59_l0,p000599,TRAIN,p000599_a001026,000060,59,focal,2.5,180,10,0,850,0,0,True,68124,17af9ccdf650ef44380dc89d50d4d10346a3e471c556ebd85e6a95e01e5e5edb,samples/p000599_a001026_000060_c59_l0.npz
p000599_a001026_000060_c60_l0,p000599,TRAIN,p000599_a001026,000060,60,matched_angular_size,1.2,180,10,0,200,0,0,False,20074,332a059d1d7bc1fc14fc545e26ae5126bb3a000546ea772fb9ff0511095c3bb7,samples/p000599_a001026_000060_c60_l0.npz
p000599_a001026_000060_c61_l0,p000599,TRAIN,p000599_a001026,000060,61,matched_angular_size,1.8,180,10,0,300,0,0,False,18885,dae043a6d5233bc17b946a3b53e39f71fae6074e07b2ca9ba5f1b8e02502a5df,samples/p000599_a001026_000060_c61_l0.npz
p000599_a001026_000060_c62_l0,p000599,TRAIN,p000599_a001026,000060,62,matched_angular_size,3,180,10,0,500,0,0,False,18314,190d7e98043db90adecc9332091b534d75ae6e24d18b824d33bb5684390dbf2c,samples/p000599_a001026_000060_c62_l0.npz
p000599_a001026_000060_c63_l0,p000599,TRAIN,p000599_a001026,000060,63,matched_angular_size,4,180,10,0,666.6666666666666,0,0,False,18146,edea11ea0b7cc407065c51dd2da3222d182447b0fcd0e8c42cfd061ad142b270,samples/p000599_a001026_000060_c63_l0.npz
p100047_a000091_000024_c00_l0,p100047,TRAIN,p100047_a000091,000024,0,distance,0.8,30,10,0,400,0,0,True,87067,eb7147f12d3e11ec21428c7e2d8c6960068a1ed55261db870a20e84596b126f1,samples/p100047_a000091_000024_c00_l0.npz
p100047_a000091_000024_c01_l0,p100047,TRAIN,p100047_a000091,000024,1,distance,1.2,30,10,0,400,0,0,True,47905,cb8bea82670f86ec4ccd6e8a88f8f347124b2d9f2bfaa0b7ff2b03159109e406,samples/p100047_a000091_000024_c01_l0.npz
p100047_a000091_000024_c02_l0,p100047,TRAIN,p100047_a000091,000024,2,distance,1.8,30,10,0,400,0,0,False,20877,6d3b1056544f6c64b6d3241f782e1255a3312724e7e53292061af579d42665c7,samples/p100047_a000091_000024_c02_l0.npz
p100047_a000091_000024_c03_l0,p100047,TRAIN,p100047_a000091,000024,3,distance,2.5,30,10,0,400,0,0,False,10345,a341e1c824bdc29256f5c923555e5bc07cee643405a2f30f833b087216585aae,samples/p100047_a000091_000024_c03_l0.npz
p100047_a000091_000024_c04_l0,p100047,TRAIN,p100047_a000091,000024,4,distance,3.2,30,10,0,400,0,0,False,6213,7a09a250a58529bafe32ee806523c696dee3c2a1bafc24709c5ab7fe8b0b2766,samples/p100047_a000091_000024_c04_l0.npz
p100047_a000091_000024_c05_l0,p100047,TRAIN,p100047_a000091,000024,5,distance,4.0,30,10,0,400,0,0,False,3949,100a82a376e4ec45c5323ed976a69cf4b01271b4440b887d25f19cd0bda92e27,samples/p100047_a000091_000024_c05_l0.npz
p100047_a000091_000024_c06_l0,p100047,TRAIN,p100047_a000091,000024,6,multiview_distance,1.2,0,10,0,400,0,0,True,46961,b1d3139c43eb498f7e159b003b7bef2d5e537e4bf9ca3a31cc42d83c46650f5f,samples/p100047_a000091_000024_c06_l0.npz
p100047_a000091_000024_c07_l0,p100047,TRAIN,p100047_a000091,000024,7,multiview_distance,1.8,0,10,0,400,0,0,False,20812,19797bef05f39c3a20997a9f80aede4b94200e9793d689f9fdab05c5bbb91af7,samples/p100047_a000091_000024_c07_l0.npz
p100047_a000091_000024_c08_l0,p100047,TRAIN,p100047_a000091,000024,8,multiview_distance,2.5,0,10,0,400,0,0,False,10349,ac9e001a017757dd2a6adfe67878342458c50ce6b1d89fd4fcfd9bb3d0d05ad5,samples/p100047_a000091_000024_c08_l0.npz
p100047_a000091_000024_c09_l0,p100047,TRAIN,p100047_a000091,000024,9,multiview_distance,3.2,0,10,0,400,0,0,False,6219,c8b8c94c84a4d5511b08c96a142d6c0fde414f1db6b021f234c1c01f65b40dec,samples/p100047_a000091_000024_c09_l0.npz
p100047_a000091_000024_c10_l0,p100047,TRAIN,p100047_a000091,000024,10,multiview_distance,1.2,60,10,0,400,0,0,True,49747,2c0be6713495503820f448ab217b99edc0511255d3c723b8d8e0fe5f22766089,samples/p100047_a000091_000024_c10_l0.npz
p100047_a000091_000024_c11_l0,p100047,TRAIN,p100047_a000091,000024,11,multiview_distance,1.8,60,10,0,400,0,0,False,21053,2948353c0c137af106bdd4aa5caee225271aa2aabaff780044aecf9614ce8d02,samples/p100047_a000091_000024_c11_l0.npz
p100047_a000091_000024_c12_l0,p100047,TRAIN,p100047_a000091,000024,12,multiview_distance,2.5,60,10,0,400,0,0,False,10479,06e73b904b68580962bcff14d3804fbe86811dbb17a5221a422085d5583467aa,samples/p100047_a000091_000024_c12_l0.npz
p100047_a000091_000024_c13_l0,p100047,TRAIN,p100047_a000091,000024,13,multiview_distance,3.2,60,10,0,400,0,0,False,6278,58ab410af175e507c6c032f88f3b0c2b15f64268e755e97a4751df39620d8929,samples/p100047_a000091_000024_c13_l0.npz
p100047_a000091_000024_c14_l0,p100047,TRAIN,p100047_a000091,000024,14,multiview_distance,1.2,120,10,0,400,0,0,True,47283,52c92258229abaae795c6c22afb662882af63adde793049130c2cc23647e7c33,samples/p100047_a000091_000024_c14_l0.npz
p100047_a000091_000024_c15_l0,p100047,TRAIN,p100047_a000091,000024,15,multiview_distance,1.8,120,10,0,400,0,0,False,21681,1a69b5aa35605d221730790d715099ce0772d7a57b6bbd623d3ab8bf4cb3b585,samples/p100047_a000091_000024_c15_l0.npz
p100047_a000091_000024_c16_l0,p100047,TRAIN,p100047_a000091,000024,16,multiview_distance,2.5,120,10,0,400,0,0,False,11026,704927f5578debe69beaf3ffafb3ebab0371391e04f5634c1c4a393b161f7bf7,samples/p100047_a000091_000024_c16_l0.npz
p100047_a000091_000024_c17_l0,p100047,TRAIN,p100047_a000091,000024,17,multiview_distance,3.2,120,10,0,400,0,0,False,6664,eb0e6a76bb08049466ed894c650ad1513830d9bf71e4795bbce7dd13baaf7435,samples/p100047_a000091_000024_c17_l0.npz
p100047_a000091_000024_c18_l0,p100047,TRAIN,p100047_a000091,000024,18,multiview_distance,1.2,180,10,0,400,0,0,True,54614,47373ee207b7f4fdf055faa80c646da6bc1fb08e866daf737306b8e0557712fe,samples/p100047_a000091_000024_c18_l0.npz
p100047_a000091_000024_c19_l0,p100047,TRAIN,p100047_a000091,000024,19,multiview_distance,1.8,180,10,0,400,0,0,False,24176,517ded4e7ba067250eadcf3c4f238c39e865d643056271ff6712e5fef6c30be6,samples/p100047_a000091_000024_c19_l0.npz
p100047_a000091_000024_c20_l0,p100047,TRAIN,p100047_a000091,000024,20,multiview_distance,2.5,180,10,0,400,0,0,False,12181,cb5022b08056f67d9c66a2c1c5ab56b090a1bf6ed7fd7d07337822fbeb531c4e,samples/p100047_a000091_000024_c20_l0.npz
p100047_a000091_000024_c21_l0,p100047,TRAIN,p100047_a000091,000024,21,multiview_distance,3.2,180,10,0,400,0,0,False,7332,2ba033956bee0803356e99eb0c4ac15a48aabdba65ab01d610fdd3986d247a63,samples/p100047_a000091_000024_c21_l0.npz
p100047_a000091_000024_c22_l0,p100047,TRAIN,p100047_a000091,000024,22,multiview_distance,1.2,240,10,0,400,0,0,True,48005,381ce4e88e85f90230a3e68bc7961ebb3ebc9a7272c1b62aae12c8e476f33124,samples/p100047_a000091_000024_c22_l0.npz
p100047_a000091_000024_c23_l0,p100047,TRAIN,p100047_a000091,000024,23,multiview_distance,1.8,240,10,0,400,0,0,False,21867,040cb015556472696373376143a17fbe1a5dc6a1a5fa44a79679a8e9095fc1f5,samples/p100047_a000091_000024_c23_l0.npz
p100047_a000091_000024_c24_l0,p100047,TRAIN,p100047_a000091,000024,24,multiview_distance,2.5,240,10,0,400,0,0,False,11141,44dfbff6fd301bd78cf764c086fbbe1fba10325964411a247d4db69c141d9e14,samples/p100047_a000091_000024_c24_l0.npz
p100047_a000091_000024_c25_l0,p100047,TRAIN,p100047_a000091,000024,25,multiview_distance,3.2,240,10,0,400,0,0,False,6757,372afe9120e8c32764ef1762e59d74d6e854cb86b952b7efd93b68ff38cb4173,samples/p100047_a000091_000024_c25_l0.npz
p100047_a000091_000024_c26_l0,p100047,TRAIN,p100047_a000091,000024,26,multiview_distance,1.2,300,10,0,400,0,0,True,48536,ce3ccded13cf214e7713d1cdc4ca9c1fbb2ad01b92d51c28f42c5bfa6913405c,samples/p100047_a000091_000024_c26_l0.npz
p100047_a000091_000024_c27_l0,p100047,TRAIN,p100047_a000091,000024,27,multiview_distance,1.8,300,10,0,400,0,0,False,20296,1072c235c59d7597ccbdd87d49640217d7ea7b98057dde1331e770d8f64e789f,samples/p100047_a000091_000024_c27_l0.npz
p100047_a000091_000024_c28_l0,p100047,TRAIN,p100047_a000091,000024,28,multiview_distance,2.5,300,10,0,400,0,0,False,10138,74bc5623b92de7502449a3396cb83d0d1ed19a5fd7f7c853ef5e578f7cfa1f1e,samples/p100047_a000091_000024_c28_l0.npz
p100047_a000091_000024_c29_l0,p100047,TRAIN,p100047_a000091,000024,29,multiview_distance,3.2,300,10,0,400,0,0,False,6077,c46abeb05583dd38a2919481af888259395935326a9274c9a6f68cc48d64f26a,samples/p100047_a000091_000024_c29_l0.npz
p100047_a000091_000024_c30_l0,p100047,TRAIN,p100047_a000091,000024,30,elevation,1.8,180,0,0,400,0,0,False,23259,d2ab7497a91168a05ae1000cd7fba05336f98f75a75bf4aab6defb09bf2e13a5,samples/p100047_a000091_000024_c30_l0.npz
p100047_a000091_000024_c31_l0,p100047,TRAIN,p100047_a000091,000024,31,elevation,3.2,180,0,0,400,0,0,False,6945,e625636d7a798f8aaba9cf76a700413701404d1618fdf9213fba7b14099f6072,samples/p100047_a000091_000024_c31_l0.npz
p100047_a000091_000024_c32_l0,p100047,TRAIN,p100047_a000091,000024,32,elevation,1.8,180,25,0,400,0,0,False,25073,ff87ff4944b828c587f104cfa23715f0b0acfe5bdf22d8a567ad2b3c33e28b66,samples/p100047_a000091_000024_c32_l0.npz
p100047_a000091_000024_c33_l0,p100047,TRAIN,p100047_a000091,000024,33,elevation,3.2,180,25,0,400,0,0,False,7678,e6ffa61b214eaa5ac4bb68589ff77fc2ff526f9277c809e94dc96a4b86e21899,samples/p100047_a000091_000024_c33_l0.npz
p100047_a000091_000024_c34_l0,p100047,TRAIN,p100047_a000091,000024,34,elevation,1.8,180,45,0,400,0,0,False,25144,1d39a06d2bf481a84795ffc8e2ad762f22fa35d34a9ea9e14b34f0b8eb29f0c1,samples/p100047_a000091_000024_c34_l0.npz
p100047_a000091_000024_c35_l0,p100047,TRAIN,p100047_a000091,000024,35,elevation,3.2,180,45,0,400,0,0,False,7617,7333bd5687a75945635115291f72ca11bd19cb151a61e9b433d3640611b4d024,samples/p100047_a000091_000024_c35_l0.npz
p100047_a000091_000024_c36_l0,p100047,TRAIN,p100047_a000091,000024,36,elevation,1.8,180,65,0,400,0,0,False,23963,dccd218de0e8518cf9b93b6a093009bd473e1c8fda284e43e573fb011e5fd4e0,samples/p100047_a000091_000024_c36_l0.npz
p100047_a000091_000024_c37_l0,p100047,TRAIN,p100047_a000091,000024,37,elevation,3.2,180,65,0,400,0,0,False,7054,98b2949c7a142913c6a3ee27ed037962d1eb9e84659bea5d68e67f409e57e66e,samples/p100047_a000091_000024_c37_l0.npz
p100047_a000091_000024_c38_l0,p100047,TRAIN,p100047_a000091,000024,38,elevation,1.8,180,85,0,400,0,0,False,22188,e625904ed1499eef79780734d64711ffc480a582a1c2fb941ff8616d9437c768,samples/p100047_a000091_000024_c38_l0.npz
p100047_a000091_000024_c39_l0,p100047,TRAIN,p100047_a000091,000024,39,elevation,3.2,180,85,0,400,0,0,False,6268,ffc4c7944812b62840c2403445de0b097b94d9a786c9e50e8b71da58b22cf7eb,samples/p100047_a000091_000024_c39_l0.npz
p100047_a000091_000024_c40_l0,p100047,TRAIN,p100047_a000091,000024,40,roll,1.8,180,10,-90,400,0,0,False,24176,f014c52cf6241c64dac20b56600c1bafe6e840b59fb627070bb2436e91fa0be0,samples/p100047_a000091_000024_c40_l0.npz
p100047_a000091_000024_c41_l0,p100047,TRAIN,p100047_a000091,000024,41,roll,3.2,180,10,-90,400,0,0,False,7332,8c82a8572beb23e486ac3a6e351061f1869f400ec0f17f3644f2ad4f2c4a53b5,samples/p100047_a000091_000024_c41_l0.npz
p100047_a000091_000024_c42_l0,p100047,TRAIN,p100047_a000091,000024,42,roll,1.8,180,10,-45,400,0,0,False,24187,d0bbee0f185f61a9ac3d0efeabd9ab32450b46a5e6648f81c2c59f4ba01b7ba1,samples/p100047_a000091_000024_c42_l0.npz
p100047_a000091_000024_c43_l0,p100047,TRAIN,p100047_a000091,000024,43,roll,3.2,180,10,-45,400,0,0,False,7340,79ff921c10ad9291dbff1238335b72d0cdad50551b0dd8fd964da34a7eed22f3,samples/p100047_a000091_000024_c43_l0.npz
p100047_a000091_000024_c44_l0,p100047,TRAIN,p100047_a000091,000024,44,roll,1.8,180,10,-15,400,0,0,False,24177,f708ff0b9f1a9a4afc8b833bd82e4d87218566602cb1877118b8c260a41ac2e1,samples/p100047_a000091_000024_c44_l0.npz
p100047_a000091_000024_c45_l0,p100047,TRAIN,p100047_a000091,000024,45,roll,3.2,180,10,-15,400,0,0,False,7331,dd14da34c6dc3a1a30d5494787ca3741f43422439a3573da1205abb41603209f,samples/p100047_a000091_000024_c45_l0.npz
p100047_a000091_000024_c46_l0,p100047,TRAIN,p100047_a000091,000024,46,roll,1.8,180,10,15,400,0,0,False,24191,b366a108a237be35ebf935b7433bc1f0ec413a9222698ea2dcb125f536ee318f,samples/p100047_a000091_000024_c46_l0.npz
p100047_a000091_000024_c47_l0,p100047,TRAIN,p100047_a000091,000024,47,roll,3.2,180,10,15,400,0,0,False,7339,2867b3e612906300aabd15bec275de9b7374966adea665da425e321bcd1204e0,samples/p100047_a000091_000024_c47_l0.npz
p100047_a000091_000024_c48_l0,p100047,TRAIN,p100047_a000091,000024,48,roll,1.8,180,10,45,400,0,0,False,24187,75b55c0ce000dbc2c4061f2bb9ceee750da20682c97babf2ad8bd5a3be6a9026,samples/p100047_a000091_000024_c48_l0.npz
p100047_a000091_000024_c49_l0,p100047,TRAIN,p100047_a000091,000024,49,roll,3.2,180,10,45,400,0,0,False,7340,8ba6a8c12c0197546644104f980999c75d8dceff6706e8ed993c461ce810634c,samples/p100047_a000091_000024_c49_l0.npz
p100047_a000091_000024_c50_l0,p100047,TRAIN,p100047_a000091,000024,50,roll,1.8,180,10,90,400,0,0,False,24176,29069ddf4653b95253953d5ce99e7e93b944e0cc576835271e2e9f480c754de1,samples/p100047_a000091_000024_c50_l0.npz
p100047_a000091_000024_c51_l0,p100047,TRAIN,p100047_a000091,000024,51,roll,3.2,180,10,90,400,0,0,False,7332,6f707c5041f7bee65a1c668c82736c9fbe89b25a002cc4cd5cf15b6c88d68136,samples/p100047_a000091_000024_c51_l0.npz
p100047_a000091_000024_c52_l0,p100047,TRAIN,p100047_a000091,000024,52,offcentre,2.5,180,10,0,400,-0.25,0,False,12934,663c994e44977298e2a20125a6117748281666df6c85bd55fc7d9bbd6da6a3b6,samples/p100047_a000091_000024_c52_l0.npz
p100047_a000091_000024_c53_l0,p100047,TRAIN,p100047_a000091,000024,53,offcentre,2.5,180,10,0,400,0.25,0,False,12849,1939db7b5de2f8a689c67be8a83c01fdc2cbc5197b778fdd22d0615629d45af5,samples/p100047_a000091_000024_c53_l0.npz
p100047_a000091_000024_c54_l0,p100047,TRAIN,p100047_a000091,000024,54,offcentre,2.5,180,10,0,400,0,-0.2,False,11552,bdb7c53f9aea8694fc3f100eed4a1c828020187178f9303bffad5695bb176d49,samples/p100047_a000091_000024_c54_l0.npz
p100047_a000091_000024_c55_l0,p100047,TRAIN,p100047_a000091,000024,55,offcentre,2.5,180,10,0,400,0,0.2,False,13059,ab35b9d8e36816c40e87a202241697c0f80ce927c3779358e132477a6f148ba9,samples/p100047_a000091_000024_c55_l0.npz
p100047_a000091_000024_c56_l0,p100047,TRAIN,p100047_a000091,000024,56,focal,2.5,180,10,0,300,0,0,False,6858,4b333441936e6fedf29c4626ec350050270e4f60762d3a09a420749ef974f211,samples/p100047_a000091_000024_c56_l0.npz
p100047_a000091_000024_c57_l0,p100047,TRAIN,p100047_a000091,000024,57,focal,2.5,180,10,0,500,0,0,False,19026,26ad0dd9832134a876a53ed64bac0182c16b16b5b76fb11128c0059eaa25b44b,samples/p100047_a000091_000024_c57_l0.npz
p100047_a000091_000024_c58_l0,p100047,TRAIN,p100047_a000091,000024,58,focal,2.5,180,10,0,650,0,0,False,32169,54ebb435922edac961713d8a3a577da34da73fddefcbeff8d89fe1b834b58afd,samples/p100047_a000091_000024_c58_l0.npz
p100047_a000091_000024_c59_l0,p100047,TRAIN,p100047_a000091,000024,59,focal,2.5,180,10,0,850,0,0,True,53493,2f26c64caa15072c89a073b43f311d77138ba7bd0ceb21373cbc77db6dc7c3ac,samples/p100047_a000091_000024_c59_l0.npz
p100047_a000091_000024_c60_l0,p100047,TRAIN,p100047_a000091,000024,60,matched_angular_size,1.2,180,10,0,200,0,0,False,14631,0816e108d5e09148d5d143d67674c6741fa5b5cf8c6f31000dcfba0a0103b587,samples/p100047_a000091_000024_c60_l0.npz
p100047_a000091_000024_c61_l0,p100047,TRAIN,p100047_a000091,000024,61,matched_angular_size,1.8,180,10,0,300,0,0,False,13593,c7e945f8c4143996c6f0ab02b83b39fd9f79c2c5e0292b8b3cfe9546b4f08fc3,samples/p100047_a000091_000024_c61_l0.npz
p100047_a000091_000024_c62_l0,p100047,TRAIN,p100047_a000091,000024,62,matched_angular_size,3,180,10,0,500,0,0,False,13070,bedc590707b84b1ff997fee2b07c46a4c9c4f70e3abaec51a15f403403f40a62,samples/p100047_a000091_000024_c62_l0.npz
p100047_a000091_000024_c63_l0,p100047,TRAIN,p100047_a000091,000024,63,matched_angular_size,4,180,10,0,666.6666666666666,0,0,False,12950,7853556383aac20901f8a84916f2446883e0c68f979fae3b19305cd1df447451,samples/p100047_a000091_000024_c63_l0.npz
p100047_a000091_000096_c00_l0,p100047,TRAIN,p100047_a000091,000096,0,distance,0.8,30,10,0,400,0,0,True,82965,317abe6608d5b7cc2d14261ef90b1f4282681ca3bf6bb72a1a8d236bb486b7ef,samples/p100047_a000091_000096_c00_l0.npz
p100047_a000091_000096_c01_l0,p100047,TRAIN,p100047_a000091,000096,1,distance,1.2,30,10,0,400,0,0,True,45830,9aafa5bd55ca47fe8aa6362052040252d48ba7bc39c6f0a88edf6a12504c0eb6,samples/p100047_a000091_000096_c01_l0.npz
p100047_a000091_000096_c02_l0,p100047,TRAIN,p100047_a000091,000096,2,distance,1.8,30,10,0,400,0,0,False,19708,fc66434eebfa4f27fa53086bec820bc68d3b85b17348a2758faf16c8107bbd13,samples/p100047_a000091_000096_c02_l0.npz
p100047_a000091_000096_c03_l0,p100047,TRAIN,p100047_a000091,000096,3,distance,2.5,30,10,0,400,0,0,False,9819,166d286e9d5f474ca2d7ec250c6d57c17ad37c7cca262cfbe44b966dcc116a23,samples/p100047_a000091_000096_c03_l0.npz
p100047_a000091_000096_c04_l0,p100047,TRAIN,p100047_a000091,000096,4,distance,3.2,30,10,0,400,0,0,False,5897,499476ee14d96e89f8d1a1f00e4d5b6f084234e93544ae57d1f5083cc1f71ea8,samples/p100047_a000091_000096_c04_l0.npz
p100047_a000091_000096_c05_l0,p100047,TRAIN,p100047_a000091,000096,5,distance,4.0,30,10,0,400,0,0,False,3750,743d32f339fc0dd415df20dc8e73cb95ad186c8eac480ed7c5c71124421d6f22,samples/p100047_a000091_000096_c05_l0.npz
p100047_a000091_000096_c06_l0,p100047,TRAIN,p100047_a000091,000096,6,multiview_distance,1.2,0,10,0,400,0,0,True,44463,0c7a8a3a16c30429e39775b983ac64400ae90f88aa7ad7dc5663228379004743,samples/p100047_a000091_000096_c06_l0.npz
p100047_a000091_000096_c07_l0,p100047,TRAIN,p100047_a000091,000096,7,multiview_distance,1.8,0,10,0,400,0,0,False,19401,aef8a6b1173bbd25e07019623aaf7a49aa1f92362d62bcd9a4b09ee4eab21fbe,samples/p100047_a000091_000096_c07_l0.npz
p100047_a000091_000096_c08_l0,p100047,TRAIN,p100047_a000091,000096,8,multiview_distance,2.5,0,10,0,400,0,0,False,9724,5362ddae01aaa7daf5057deca47daa00178e8d968038db5aa7b0b0a03001d898,samples/p100047_a000091_000096_c08_l0.npz
p100047_a000091_000096_c09_l0,p100047,TRAIN,p100047_a000091,000096,9,multiview_distance,3.2,0,10,0,400,0,0,False,5872,aeb37b47d5dca455a6bd141efcacf48bda789ecf61f622d95f55eaedbdcac181,samples/p100047_a000091_000096_c09_l0.npz
p100047_a000091_000096_c10_l0,p100047,TRAIN,p100047_a000091,000096,10,multiview_distance,1.2,60,10,0,400,0,0,True,49085,2b0d39e23cd9bf66056fb77a96bc4ee355ee75f5f94f074a41f583c9e0e29331,samples/p100047_a000091_000096_c10_l0.npz
p100047_a000091_000096_c11_l0,p100047,TRAIN,p100047_a000091,000096,11,multiview_distance,1.8,60,10,0,400,0,0,False,20336,fadc8d49adf3c95ffde205660aa58482c72bb0c85bd89046abce109528f2be82,samples/p100047_a000091_000096_c11_l0.npz
p100047_a000091_000096_c12_l0,p100047,TRAIN,p100047_a000091,000096,12,multiview_distance,2.5,60,10,0,400,0,0,False,10124,818d627b821799e3ec80d9af1709ac37020def76983ee1570605815d4fffb29f,samples/p100047_a000091_000096_c12_l0.npz
p100047_a000091_000096_c13_l0,p100047,TRAIN,p100047_a000091,000096,13,multiview_distance,3.2,60,10,0,400,0,0,False,6073,c475113a28316cffde8ff104688ebd07d9424469b8db2d6fbed6903d25b3855e,samples/p100047_a000091_000096_c13_l0.npz
p100047_a000091_000096_c14_l0,p100047,TRAIN,p100047_a000091,000096,14,multiview_distance,1.2,120,10,0,400,0,0,True,47913,7d9263e18376024201e791bfe06b43942e6d43d91353d172f5ab6d4dc82065c2,samples/p100047_a000091_000096_c14_l0.npz
p100047_a000091_000096_c15_l0,p100047,TRAIN,p100047_a000091,000096,15,multiview_distance,1.8,120,10,0,400,0,0,False,21477,d0108c8e6d3415e958830c08edfbda85f03395200e2409a2d31efeb3c87926d3,samples/p100047_a000091_000096_c15_l0.npz
p100047_a000091_000096_c16_l0,p100047,TRAIN,p100047_a000091,000096,16,multiview_distance,2.5,120,10,0,400,0,0,False,10844,adb5678a3628d1982c2f5d9538100e0366ce04cd6ec0244595f848479791999f,samples/p100047_a000091_000096_c16_l0.npz
p100047_a000091_000096_c17_l0,p100047,TRAIN,p100047_a000091,000096,17,multiview_distance,3.2,120,10,0,400,0,0,False,6546,7b9b4452f52c31cb009de73c47f03d8f326c8d987a06935af3f329f0a0ae350a,samples/p100047_a000091_000096_c17_l0.npz
p100047_a000091_000096_c18_l0,p100047,TRAIN,p100047_a000091,000096,18,multiview_distance,1.2,180,10,0,400,0,0,True,53832,afd3bb92b00f03a7cc433dc542ee054642be9ee2e1e3c59d6b653db84dcfa011,samples/p100047_a000091_000096_c18_l0.npz
p100047_a000091_000096_c19_l0,p100047,TRAIN,p100047_a000091,000096,19,multiview_distance,1.8,180,10,0,400,0,0,False,23327,ee22a1501571cddb2461ebdc9653acd71549bd915190b6dbd95228f004fd9462,samples/p100047_a000091_000096_c19_l0.npz
p100047_a000091_000096_c20_l0,p100047,TRAIN,p100047_a000091,000096,20,multiview_distance,2.5,180,10,0,400,0,0,False,11662,2e5d89e05f362195ddd5abd383571419e0db8e2a88b458dda092974db4f1b541,samples/p100047_a000091_000096_c20_l0.npz
p100047_a000091_000096_c21_l0,p100047,TRAIN,p100047_a000091,000096,21,multiview_distance,3.2,180,10,0,400,0,0,False,6980,cb4c6857f52644137cf250b9dea9b9f0dfba4da45c0f89e1c134f41eed17ef03,samples/p100047_a000091_000096_c21_l0.npz
p100047_a000091_000096_c22_l0,p100047,TRAIN,p100047_a000091,000096,22,multiview_distance,1.2,240,10,0,400,0,0,True,47022,8dd21a5f5ea981f376c72c9dfba7bc6e56a338f092b1b44434942e52b3fdb288,samples/p100047_a000091_000096_c22_l0.npz
p100047_a000091_000096_c23_l0,p100047,TRAIN,p100047_a000091,000096,23,multiview_distance,1.8,240,10,0,400,0,0,False,21040,ccd0ad7e70254f5b7111e32c6543d6863745c545457d48853f6a167b92af882c,samples/p100047_a000091_000096_c23_l0.npz
p100047_a000091_000096_c24_l0,p100047,TRAIN,p100047_a000091,000096,24,multiview_distance,2.5,240,10,0,400,0,0,False,10719,70af832285bc3f8812e221b32430f04eccd43c4238ee63f0ea0bcc199c79cd08,samples/p100047_a000091_000096_c24_l0.npz
p100047_a000091_000096_c25_l0,p100047,TRAIN,p100047_a000091,000096,25,multiview_distance,3.2,240,10,0,400,0,0,False,6497,d4b06dcc25970343265f5c0420213cc9f520c2f2d99c031cd5788cd569008f40,samples/p100047_a000091_000096_c25_l0.npz
p100047_a000091_000096_c26_l0,p100047,TRAIN,p100047_a000091,000096,26,multiview_distance,1.2,300,10,0,400,0,0,True,48142,a1edbde45bf898d738a3e4f0426e80aa021659a9457f332e98a6c0a441fa8538,samples/p100047_a000091_000096_c26_l0.npz
p100047_a000091_000096_c27_l0,p100047,TRAIN,p100047_a000091,000096,27,multiview_distance,1.8,300,10,0,400,0,0,False,19906,37d71d3c2d24bff8d9cd10fa7488fe113455bc8809bb46bb5cbf02ae5b683259,samples/p100047_a000091_000096_c27_l0.npz
p100047_a000091_000096_c28_l0,p100047,TRAIN,p100047_a000091,000096,28,multiview_distance,2.5,300,10,0,400,0,0,False,10009,87cbd4927bd099eb79cb7059136965010337793fca7d094e703f7ba2897b1dd7,samples/p100047_a000091_000096_c28_l0.npz
p100047_a000091_000096_c29_l0,p100047,TRAIN,p100047_a000091,000096,29,multiview_distance,3.2,300,10,0,400,0,0,False,6031,49b6ff9a3385d62c5272a61191c80af727e4d42d85671c0c3152d58df685d96e,samples/p100047_a000091_000096_c29_l0.npz
p100047_a000091_000096_c30_l0,p100047,TRAIN,p100047_a000091,000096,30,elevation,1.8,180,0,0,400,0,0,False,22364,f1c4fceb4038c196ecc2466a9034ea7f6556db2ea608b0f6b8c3dd2e9c7363ad,samples/p100047_a000091_000096_c30_l0.npz
p100047_a000091_000096_c31_l0,p100047,TRAIN,p100047_a000091,000096,31,elevation,3.2,180,0,0,400,0,0,False,6674,4fc74788b4a31b1db37229ea413962f27e904e5f8bb9e2a350fb11c7e2925aca,samples/p100047_a000091_000096_c31_l0.npz
p100047_a000091_000096_c32_l0,p100047,TRAIN,p100047_a000091,000096,32,elevation,1.8,180,25,0,400,0,0,False,23924,13725d0aaa8759dbec7ac09ba95dfa9f5c3ea332eb0e00f8b6e6e68a9397d73d,samples/p100047_a000091_000096_c32_l0.npz
p100047_a000091_000096_c33_l0,p100047,TRAIN,p100047_a000091,000096,33,elevation,3.2,180,25,0,400,0,0,False,7246,98781fffcd2aed79cecb6a1b35030bc8aa56eab52b650879b69d6a6fa1b66b85,samples/p100047_a000091_000096_c33_l0.npz
p100047_a000091_000096_c34_l0,p100047,TRAIN,p100047_a000091,000096,34,elevation,1.8,180,45,0,400,0,0,False,24269,2a4440070ebc9bd038b85cf0d438887b9d4dd7f91e173cd595cf4c06355ba3f5,samples/p100047_a000091_000096_c34_l0.npz
p100047_a000091_000096_c35_l0,p100047,TRAIN,p100047_a000091,000096,35,elevation,3.2,180,45,0,400,0,0,False,7328,c1c04c2dac8656866f8feb8e80867d08d5a674bd2acf94d42c35232cf8c41b17,samples/p100047_a000091_000096_c35_l0.npz
p100047_a000091_000096_c36_l0,p100047,TRAIN,p100047_a000091,000096,36,elevation,1.8,180,65,0,400,0,0,False,23873,c8d47f12e0fede3c117822bc04bd0d597b158962cf3050bf742a02b810f43ab6,samples/p100047_a000091_000096_c36_l0.npz
p100047_a000091_000096_c37_l0,p100047,TRAIN,p100047_a000091,000096,37,elevation,3.2,180,65,0,400,0,0,False,6970,395023769ef23dd4197355d76338b5dbf19347a5afe2795b42ca68e768260be8,samples/p100047_a000091_000096_c37_l0.npz
p100047_a000091_000096_c38_l0,p100047,TRAIN,p100047_a000091,000096,38,elevation,1.8,180,85,0,400,0,0,False,22280,f3dfde17839b02800224debf343e2a4e2e580904abfc1463593c9549b4be79c4,samples/p100047_a000091_000096_c38_l0.npz
p100047_a000091_000096_c39_l0,p100047,TRAIN,p100047_a000091,000096,39,elevation,3.2,180,85,0,400,0,0,False,6265,cbec7d0e1ed2fe2c90e4b2ed9528b15786adff8d88c768a597f718789ee9ba77,samples/p100047_a000091_000096_c39_l0.npz
p100047_a000091_000096_c40_l0,p100047,TRAIN,p100047_a000091,000096,40,roll,1.8,180,10,-90,400,0,0,False,23327,480bf08752f17cbad1ae2285a95b49c4e7e1fef8e7b5cda70743673a74c11eb6,samples/p100047_a000091_000096_c40_l0.npz
p100047_a000091_000096_c41_l0,p100047,TRAIN,p100047_a000091,000096,41,roll,3.2,180,10,-90,400,0,0,False,6980,ca4f2c7909f7fd1c093f21aae8c7e32c6e5342be5d39145d08b3273113931ddb,samples/p100047_a000091_000096_c41_l0.npz
p100047_a000091_000096_c42_l0,p100047,TRAIN,p100047_a000091,000096,42,roll,1.8,180,10,-45,400,0,0,False,23300,5d71ea387b838c33e2d099fadbaff2882b5ac6da71bb9f1a4084e8484b3df857,samples/p100047_a000091_000096_c42_l0.npz
p100047_a000091_000096_c43_l0,p100047,TRAIN,p100047_a000091,000096,43,roll,3.2,180,10,-45,400,0,0,False,6992,8cc4bfe3e5563d3ecc7f39a2abc3df330edffc504db2b560dcbfd5d4bcf64f19,samples/p100047_a000091_000096_c43_l0.npz
p100047_a000091_000096_c44_l0,p100047,TRAIN,p100047_a000091,000096,44,roll,1.8,180,10,-15,400,0,0,False,23319,1fbd6ec67fbb9140df53e21a83fa281f29bf44030166061e8c609f9d3b5ea0e0,samples/p100047_a000091_000096_c44_l0.npz
p100047_a000091_000096_c45_l0,p100047,TRAIN,p100047_a000091,000096,45,roll,3.2,180,10,-15,400,0,0,False,6993,7f66f6efd2a785274b296454e500bc1011788cb32d24db1b17745659ee88eaf4,samples/p100047_a000091_000096_c45_l0.npz
p100047_a000091_000096_c46_l0,p100047,TRAIN,p100047_a000091,000096,46,roll,1.8,180,10,15,400,0,0,False,23303,b6cf2957387c95f58e6b7b0291fdd874b37e13bf38765de4656a2cc432ce96d3,samples/p100047_a000091_000096_c46_l0.npz
p100047_a000091_000096_c47_l0,p100047,TRAIN,p100047_a000091,000096,47,roll,3.2,180,10,15,400,0,0,False,6984,dca768fb8579c55ab43b7e4fd3583de8c8b853048158e53276d44df098124e31,samples/p100047_a000091_000096_c47_l0.npz
p100047_a000091_000096_c48_l0,p100047,TRAIN,p100047_a000091,000096,48,roll,1.8,180,10,45,400,0,0,False,23300,5990452e878bc0c56223219a8ba8cc4fc44a3c7299d5ede78ca480882bd06d2a,samples/p100047_a000091_000096_c48_l0.npz
p100047_a000091_000096_c49_l0,p100047,TRAIN,p100047_a000091,000096,49,roll,3.2,180,10,45,400,0,0,False,6992,0ef8f3dad2a5723cf940cb724a00e8491f4443eef3077a09470f45e0fff4d3de,samples/p100047_a000091_000096_c49_l0.npz
p100047_a000091_000096_c50_l0,p100047,TRAIN,p100047_a000091,000096,50,roll,1.8,180,10,90,400,0,0,False,23327,559a015db20d5450b22e7c5d7708c40310712e3eaabe0710f92ec5bd29c9fe5e,samples/p100047_a000091_000096_c50_l0.npz
p100047_a000091_000096_c51_l0,p100047,TRAIN,p100047_a000091,000096,51,roll,3.2,180,10,90,400,0,0,False,6980,7126af7a305f82a906e69e2a0c8141395b2a718a803290f10b2d06dd82fce0bf,samples/p100047_a000091_000096_c51_l0.npz
p100047_a000091_000096_c52_l0,p100047,TRAIN,p100047_a000091,000096,52,offcentre,2.5,180,10,0,400,-0.25,0,False,12427,3c2953a87bccb4071fafc16868d05f67168e74c25209cf58662b03b4b924cca8,samples/p100047_a000091_000096_c52_l0.npz
p100047_a000091_000096_c53_l0,p100047,TRAIN,p100047_a000091,000096,53,offcentre,2.5,180,10,0,400,0.25,0,False,12458,406bb8bcb645a395c6293de68e8698ec7550c9726fd5ad636d1608ae872392f4,samples/p100047_a000091_000096_c53_l0.npz
p100047_a000091_000096_c54_l0,p100047,TRAIN,p100047_a000091,000096,54,offcentre,2.5,180,10,0,400,0,-0.2,False,11122,a66407d1e7c6ff6259172be0ed6146cbe5f288ed5094b4beddaa974e8990372e,samples/p100047_a000091_000096_c54_l0.npz
p100047_a000091_000096_c55_l0,p100047,TRAIN,p100047_a000091,000096,55,offcentre,2.5,180,10,0,400,0,0.2,False,12394,9ce17e6b26874968e067d7a420cdc5b615064ce3854ca28840d6ba8432bcc21f,samples/p100047_a000091_000096_c55_l0.npz
p100047_a000091_000096_c56_l0,p100047,TRAIN,p100047_a000091,000096,56,focal,2.5,180,10,0,300,0,0,False,6559,be1a723419935b008bd2b298ea715f4d278c1dd6a5b63ab3012ad993fdbc3984,samples/p100047_a000091_000096_c56_l0.npz
p100047_a000091_000096_c57_l0,p100047,TRAIN,p100047_a000091,000096,57,focal,2.5,180,10,0,500,0,0,False,18209,1e3f0f90dda17bc7b963188e7400115da00ae99429063abfde8c174bf082c792,samples/p100047_a000091_000096_c57_l0.npz
p100047_a000091_000096_c58_l0,p100047,TRAIN,p100047_a000091,000096,58,focal,2.5,180,10,0,650,0,0,False,30790,d882dbadd14840f0a9318649e930f5485f5e16eb2e96e410dab79c5ae7e08f08,samples/p100047_a000091_000096_c58_l0.npz
p100047_a000091_000096_c59_l0,p100047,TRAIN,p100047_a000091,000096,59,focal,2.5,180,10,0,850,0,0,True,51770,beae34bd1fcdd5f44c421c561fd7ff742d5178b2521c55e87152fec9f3864102,samples/p100047_a000091_000096_c59_l0.npz
p100047_a000091_000096_c60_l0,p100047,TRAIN,p100047_a000091,000096,60,matched_angular_size,1.2,180,10,0,200,0,0,False,14261,c476f693ad45ace4634633c4e9aa6a6f7230d2db844b0bcbe71c31ee22a751e8,samples/p100047_a000091_000096_c60_l0.npz
p100047_a000091_000096_c61_l0,p100047,TRAIN,p100047_a000091,000096,61,matched_angular_size,1.8,180,10,0,300,0,0,False,13129,361cc3e4165e365898ba5ed65eb8dc60d7793b140641d7f9055e20bdb7a7d4cd,samples/p100047_a000091_000096_c61_l0.npz
p100047_a000091_000096_c62_l0,p100047,TRAIN,p100047_a000091,000096,62,matched_angular_size,3,180,10,0,500,0,0,False,12477,88220808aaa054e953602acb12ef8ec5a551185c499f0995347acb5096e231db,samples/p100047_a000091_000096_c62_l0.npz
p100047_a000091_000096_c63_l0,p100047,TRAIN,p100047_a000091,000096,63,matched_angular_size,4,180,10,0,666.6666666666666,0,0,False,12292,2349db6df2b121acef0e9c537199ff001de45fef158503418a591b61d4b8382a,samples/p100047_a000091_000096_c63_l0.npz
p100047_a000225_000030_c00_l0,p100047,TRAIN,p100047_a000225,000030,0,distance,0.8,30,10,0,400,0,0,True,89352,f4e838ee3fb569ce725d83a6ceda0e70a3761ca3542b4bab0aca4c63673ee446,samples/p100047_a000225_000030_c00_l0.npz
p100047_a000225_000030_c01_l0,p100047,TRAIN,p100047_a000225,000030,1,distance,1.2,30,10,0,400,0,0,True,54646,f6c3cf78c4421c06d15adeadf728a177f4f2af992488ed59e747185b51546af1,samples/p100047_a000225_000030_c01_l0.npz
p100047_a000225_000030_c02_l0,p100047,TRAIN,p100047_a000225,000030,2,distance,1.8,30,10,0,400,0,0,False,25564,d36e7b0aab69c19f62894f4507669861e1d9a153638e7fc60b10ab9d600c8f8d,samples/p100047_a000225_000030_c02_l0.npz
p100047_a000225_000030_c03_l0,p100047,TRAIN,p100047_a000225,000030,3,distance,2.5,30,10,0,400,0,0,False,12620,b2319cbdfbbc7d25a817c138c5837d5b112688a4807355ba824d61ea928443b6,samples/p100047_a000225_000030_c03_l0.npz
p100047_a000225_000030_c04_l0,p100047,TRAIN,p100047_a000225,000030,4,distance,3.2,30,10,0,400,0,0,False,7544,7431d8091d70376a989299d6f04e36a30f84c8c4f38805c7ceed73cba832641d,samples/p100047_a000225_000030_c04_l0.npz
p100047_a000225_000030_c05_l0,p100047,TRAIN,p100047_a000225,000030,5,distance,4.0,30,10,0,400,0,0,False,4760,871306ea54779d926ae7991767b477e7e334f374dd7a126ea9c9ffcde8d52968,samples/p100047_a000225_000030_c05_l0.npz
p100047_a000225_000030_c06_l0,p100047,TRAIN,p100047_a000225,000030,6,multiview_distance,1.2,0,10,0,400,0,0,True,58440,7911c40bd5e3b3a1547f1680130ec21e62ec5ae4e36a1a2aa381a62b5666d145,samples/p100047_a000225_000030_c06_l0.npz
p100047_a000225_000030_c07_l0,p100047,TRAIN,p100047_a000225,000030,7,multiview_distance,1.8,0,10,0,400,0,0,False,26980,cf175fcad5a2a738bc7e2f3fd039aee017a9d6064ba34b5f904b0f224279d31a,samples/p100047_a000225_000030_c07_l0.npz
p100047_a000225_000030_c08_l0,p100047,TRAIN,p100047_a000225,000030,8,multiview_distance,2.5,0,10,0,400,0,0,False,13261,0d80616f551f2c825bb9a637609bdf5d08875e0ff4051af2439ae6f04fc2178c,samples/p100047_a000225_000030_c08_l0.npz
p100047_a000225_000030_c09_l0,p100047,TRAIN,p100047_a000225,000030,9,multiview_distance,3.2,0,10,0,400,0,0,False,7909,13e5db11b086e7b7d2ea80acf49a5bef95e519d122021009497ec44b4e236197,samples/p100047_a000225_000030_c09_l0.npz
p100047_a000225_000030_c10_l0,p100047,TRAIN,p100047_a000225,000030,10,multiview_distance,1.2,60,10,0,400,0,0,True,47290,d2739ab1315dabe94bba897242ee70f4f562d90be66195bf1ee3f6a8ea15515e,samples/p100047_a000225_000030_c10_l0.npz
p100047_a000225_000030_c11_l0,p100047,TRAIN,p100047_a000225,000030,11,multiview_distance,1.8,60,10,0,400,0,0,False,21735,a3b29078b894c8e33c2bf5fd52c8812165332a6b457519034b2328d8f733a932,samples/p100047_a000225_000030_c11_l0.npz
p100047_a000225_000030_c12_l0,p100047,TRAIN,p100047_a000225,000030,12,multiview_distance,2.5,60,10,0,400,0,0,False,10853,1b66f286594d0e90ab4796abed30611c00e1d73be23532e13896264612d59b3c,samples/p100047_a000225_000030_c12_l0.npz
p100047_a000225_000030_c13_l0,p100047,TRAIN,p100047_a000225,000030,13,multiview_distance,3.2,60,10,0,400,0,0,False,6508,f602633f4b86f5ea121738f62bcaf911152f6c81c8ee9eecc0904b9a8daccc62,samples/p100047_a000225_000030_c13_l0.npz
p100047_a000225_000030_c14_l0,p100047,TRAIN,p100047_a000225,000030,14,multiview_distance,1.2,120,10,0,400,0,0,True,47071,08628a8420f2d64a02da2995f636a9fdda7920e80961b1558843c732604d2035,samples/p100047_a000225_000030_c14_l0.npz
p100047_a000225_000030_c15_l0,p100047,TRAIN,p100047_a000225,000030,15,multiview_distance,1.8,120,10,0,400,0,0,False,22037,8b71eccd23cbbfc7f4c19aece90f7d57401244e5c95fd24001db789a78ca7f0e,samples/p100047_a000225_000030_c15_l0.npz
p100047_a000225_000030_c16_l0,p100047,TRAIN,p100047_a000225,000030,16,multiview_distance,2.5,120,10,0,400,0,0,False,11268,2c3bfbfc6975ef8d8a93fad11252197eee1362baaa44448015cfad9bf7c0c264,samples/p100047_a000225_000030_c16_l0.npz
p100047_a000225_000030_c17_l0,p100047,TRAIN,p100047_a000225,000030,17,multiview_distance,3.2,120,10,0,400,0,0,False,6865,cc2220738b1f4a1de886fb7e65220a74a9b86af459ac602dda703fa02ef20000,samples/p100047_a000225_000030_c17_l0.npz
p100047_a000225_000030_c18_l0,p100047,TRAIN,p100047_a000225,000030,18,multiview_distance,1.2,180,10,0,400,0,0,True,57910,a5dbe294f260ea22ecfa077e10fc0e47875c868cccea473ff5c0e2fbbc5ee8ee,samples/p100047_a000225_000030_c18_l0.npz
p100047_a000225_000030_c19_l0,p100047,TRAIN,p100047_a000225,000030,19,multiview_distance,1.8,180,10,0,400,0,0,False,27049,f4a33313e78463ac450492cffc7b4f86bdf199ca07b4077d456a7973a3212196,samples/p100047_a000225_000030_c19_l0.npz
p100047_a000225_000030_c20_l0,p100047,TRAIN,p100047_a000225,000030,20,multiview_distance,2.5,180,10,0,400,0,0,False,13893,e3ccf95d46085d25fef77153c6cd264ba69b3e3d6c7df696757ee716b1dccf8f,samples/p100047_a000225_000030_c20_l0.npz
p100047_a000225_000030_c21_l0,p100047,TRAIN,p100047_a000225,000030,21,multiview_distance,3.2,180,10,0,400,0,0,False,8447,6da69c6cb61c2250fc9acaf3f85daf5c3a417b0dbee98fc5641eeab7745d3f50,samples/p100047_a000225_000030_c21_l0.npz
p100047_a000225_000030_c22_l0,p100047,TRAIN,p100047_a000225,000030,22,multiview_distance,1.2,240,10,0,400,0,0,True,47273,9b496f3354e048b545d29ec7f101ad19a1ea343abcd4bcd6962f73ab863eab06,samples/p100047_a000225_000030_c22_l0.npz
p100047_a000225_000030_c23_l0,p100047,TRAIN,p100047_a000225,000030,23,multiview_distance,1.8,240,10,0,400,0,0,False,22571,2eb41521a54888061b90d4ba3af887809f20ea66d71fb67ddd8992a15d803a93,samples/p100047_a000225_000030_c23_l0.npz
p100047_a000225_000030_c24_l0,p100047,TRAIN,p100047_a000225,000030,24,multiview_distance,2.5,240,10,0,400,0,0,False,11575,214e8681d8beebad8da8ed249ca9d04cef15245657637e5c3bcf7cd7cbd0ecb5,samples/p100047_a000225_000030_c24_l0.npz
p100047_a000225_000030_c25_l0,p100047,TRAIN,p100047_a000225,000030,25,multiview_distance,3.2,240,10,0,400,0,0,False,7014,a139d2c84759f95445dc836989fb9495d52ca42b5f8e5a526d6792504254a187,samples/p100047_a000225_000030_c25_l0.npz
p100047_a000225_000030_c26_l0,p100047,TRAIN,p100047_a000225,000030,26,multiview_distance,1.2,300,10,0,400,0,0,True,47990,582a7bec0d34dc3a3f1a998bc552368c5324c196cb31d98f663cacab7170f977,samples/p100047_a000225_000030_c26_l0.npz
p100047_a000225_000030_c27_l0,p100047,TRAIN,p100047_a000225,000030,27,multiview_distance,1.8,300,10,0,400,0,0,False,21720,5f155fa3958e13e25528f58d762ee5046131d7519576a0859c5f6372ebfe5e05,samples/p100047_a000225_000030_c27_l0.npz
p100047_a000225_000030_c28_l0,p100047,TRAIN,p100047_a000225,000030,28,multiview_distance,2.5,300,10,0,400,0,0,False,10745,ac893d193a9247b4827cdf3f1dc6f6ca1d92084f298a86dbb2c48fe094e59c22,samples/p100047_a000225_000030_c28_l0.npz
p100047_a000225_000030_c29_l0,p100047,TRAIN,p100047_a000225,000030,29,multiview_distance,3.2,300,10,0,400,0,0,False,6438,43e24eb0be3b09fe90e5f738aeef5953157e3ef2408ddd74b0f7b34443af79ab,samples/p100047_a000225_000030_c29_l0.npz
p100047_a000225_000030_c30_l0,p100047,TRAIN,p100047_a000225,000030,30,elevation,1.8,180,0,0,400,0,0,False,26042,85001d1067fc7d0ad68683cfbcb82207863d31b253f68eaa86673f6bba2782d0,samples/p100047_a000225_000030_c30_l0.npz
p100047_a000225_000030_c31_l0,p100047,TRAIN,p100047_a000225,000030,31,elevation,3.2,180,0,0,400,0,0,False,8082,1c44ae12211be3709839c208dcba315ec2862f006c4b1ffe8f2356ccddbcc782,samples/p100047_a000225_000030_c31_l0.npz
p100047_a000225_000030_c32_l0,p100047,TRAIN,p100047_a000225,000030,32,elevation,1.8,180,25,0,400,0,0,False,28059,0062d8eabb832b501d9854ec53640e2e8b41689a2bed44a535b1402fdf0ff28e,samples/p100047_a000225_000030_c32_l0.npz
p100047_a000225_000030_c33_l0,p100047,TRAIN,p100047_a000225,000030,33,elevation,3.2,180,25,0,400,0,0,False,8709,d86d36dde0962888c9f00636ba7a0b706f8734564c0793112069d91660a3a10b,samples/p100047_a000225_000030_c33_l0.npz
p100047_a000225_000030_c34_l0,p100047,TRAIN,p100047_a000225,000030,34,elevation,1.8,180,45,0,400,0,0,False,28261,4402b8c6b2eb7c551f17c343bf3caf0cd45a45d2afcfbbc70a615fcce8282ad9,samples/p100047_a000225_000030_c34_l0.npz
p100047_a000225_000030_c35_l0,p100047,TRAIN,p100047_a000225,000030,35,elevation,3.2,180,45,0,400,0,0,False,8418,b966acd02b7e6fa221634e5ad3b5079bf3d2a728e3d019e7dc835d63a8cde2b5,samples/p100047_a000225_000030_c35_l0.npz
p100047_a000225_000030_c36_l0,p100047,TRAIN,p100047_a000225,000030,36,elevation,1.8,180,65,0,400,0,0,False,26237,16d9593ddbcd9d4a41e9029744153d29a808f68ab713f81ff517fa64d9b7fdc7,samples/p100047_a000225_000030_c36_l0.npz
p100047_a000225_000030_c37_l0,p100047,TRAIN,p100047_a000225,000030,37,elevation,3.2,180,65,0,400,0,0,False,7297,1e6a3459a6080395aae14cdefb65feed313922bf27cf801eb1d2c7d74d061da3,samples/p100047_a000225_000030_c37_l0.npz
p100047_a000225_000030_c38_l0,p100047,TRAIN,p100047_a000225,000030,38,elevation,1.8,180,85,0,400,0,0,False,20881,ae9d8a1c5d2d4a9176983da4ba05ce9131a0e02414fbbcd9cdf9312a5e9a9d54,samples/p100047_a000225_000030_c38_l0.npz
p100047_a000225_000030_c39_l0,p100047,TRAIN,p100047_a000225,000030,39,elevation,3.2,180,85,0,400,0,0,False,5394,66d10b29b9a83f22ae6528c4d09fc3923e2affdbf576bef19889cc6f9dd81d75,samples/p100047_a000225_000030_c39_l0.npz
p100047_a000225_000030_c40_l0,p100047,TRAIN,p100047_a000225,000030,40,roll,1.8,180,10,-90,400,0,0,False,27049,c7ba5aa8923b72321655b9de970014e4e86feabbc332e935d1409e006fc7d455,samples/p100047_a000225_000030_c40_l0.npz
p100047_a000225_000030_c41_l0,p100047,TRAIN,p100047_a000225,000030,41,roll,3.2,180,10,-90,400,0,0,False,8447,84abd20f3cff26ab845bd769ef0bd220d3bcc15dc6e2f8094b3fac826f57c2b0,samples/p100047_a000225_000030_c41_l0.npz
p100047_a000225_000030_c42_l0,p100047,TRAIN,p100047_a000225,000030,42,roll,1.8,180,10,-45,400,0,0,False,27050,7cab16b80d1f3d763e835e01398fc176303315e755a95fe1b6eff71e323e5f42,samples/p100047_a000225_000030_c42_l0.npz
p100047_a000225_000030_c43_l0,p100047,TRAIN,p100047_a000225,000030,43,roll,3.2,180,10,-45,400,0,0,False,8459,07faac2fcce0ea58891d34bf606aedcf4672482f1fc7857535b4d882a72a9fd8,samples/p100047_a000225_000030_c43_l0.npz
p100047_a000225_000030_c44_l0,p100047,TRAIN,p100047_a000225,000030,44,roll,1.8,180,10,-15,400,0,0,False,27043,408f99d48767d7785e2e5c2d3ef545eebedc6cae2a8c20d3875af2f50d2bf643,samples/p100047_a000225_000030_c44_l0.npz
p100047_a000225_000030_c45_l0,p100047,TRAIN,p100047_a000225,000030,45,roll,3.2,180,10,-15,400,0,0,False,8465,ea315be460890b19b756513a13ef0f407a121ec58dbe0a8b226cff2da5c824da,samples/p100047_a000225_000030_c45_l0.npz
p100047_a000225_000030_c46_l0,p100047,TRAIN,p100047_a000225,000030,46,roll,1.8,180,10,15,400,0,0,False,27043,24b89342652dd86e3fe65eefe7aedf916eff6219a745e8aedc01cf07fe7a2a23,samples/p100047_a000225_000030_c46_l0.npz
p100047_a000225_000030_c47_l0,p100047,TRAIN,p100047_a000225,000030,47,roll,3.2,180,10,15,400,0,0,False,8449,629da69da379fec6b1730efcfc5bd1ae8f120d8aa8e2e04a7cf114c4ca146733,samples/p100047_a000225_000030_c47_l0.npz
p100047_a000225_000030_c48_l0,p100047,TRAIN,p100047_a000225,000030,48,roll,1.8,180,10,45,400,0,0,False,27050,9dfe650277335095a6fbf602048ad3676aebb5b3458675ed2ade637ffe34e5de,samples/p100047_a000225_000030_c48_l0.npz
p100047_a000225_000030_c49_l0,p100047,TRAIN,p100047_a000225,000030,49,roll,3.2,180,10,45,400,0,0,False,8459,0ddf51c52e06ad20c8fa609da7451a7ec84e94c8e93a5cea2a0fef85725cd75e,samples/p100047_a000225_000030_c49_l0.npz
p100047_a000225_000030_c50_l0,p100047,TRAIN,p100047_a000225,000030,50,roll,1.8,180,10,90,400,0,0,False,27049,2ffc58a7f123868af62c3283019bb0834d923282644b921e7406257ca255a4a8,samples/p100047_a000225_000030_c50_l0.npz
p100047_a000225_000030_c51_l0,p100047,TRAIN,p100047_a000225,000030,51,roll,3.2,180,10,90,400,0,0,False,8447,10907a2145eb2d5086182106e4ca194206b74fe2601954c3ae121756b4b9d58c,samples/p100047_a000225_000030_c51_l0.npz
p100047_a000225_000030_c52_l0,p100047,TRAIN,p100047_a000225,000030,52,offcentre,2.5,180,10,0,400,-0.25,0,False,14534,1cf050d80779f7bbac0bee9a99789eac40c1b1551bfc0794ce1cab61361f36f9,samples/p100047_a000225_000030_c52_l0.npz
p100047_a000225_000030_c53_l0,p100047,TRAIN,p100047_a000225,000030,53,offcentre,2.5,180,10,0,400,0.25,0,False,14548,06307b4c1ce8259e7435ab61f00be2147367c9acfc3fb53db2e666c42e1ce0db,samples/p100047_a000225_000030_c53_l0.npz
p100047_a000225_000030_c54_l0,p100047,TRAIN,p100047_a000225,000030,54,offcentre,2.5,180,10,0,400,0,-0.2,False,13400,201b265a0cf3df9af633208e5826be5a17aa4f646e8e7c68a07ad58b23386f3d,samples/p100047_a000225_000030_c54_l0.npz
p100047_a000225_000030_c55_l0,p100047,TRAIN,p100047_a000225,000030,55,offcentre,2.5,180,10,0,400,0,0.2,True,14523,bc32f2487d14213e0b21d3267dcdc8ecd99469f526bef47f15a77c14e9140403,samples/p100047_a000225_000030_c55_l0.npz
p100047_a000225_000030_c56_l0,p100047,TRAIN,p100047_a000225,000030,56,focal,2.5,180,10,0,300,0,0,False,7811,978ca30b94aa67adbf7b453cd0759bc1ebb7f40414c554e0b8f53b6195703958,samples/p100047_a000225_000030_c56_l0.npz
p100047_a000225_000030_c57_l0,p100047,TRAIN,p100047_a000225,000030,57,focal,2.5,180,10,0,500,0,0,False,21706,30ae9eae6d9fb03bf70c034f3c5d21845c9f33cee123243a3c41b8b0fb966d28,samples/p100047_a000225_000030_c57_l0.npz
p100047_a000225_000030_c58_l0,p100047,TRAIN,p100047_a000225,000030,58,focal,2.5,180,10,0,650,0,0,False,36707,7b7ff7567e34f0c5682da9504d1b6cd178676356ba67732d471e99a4cd523710,samples/p100047_a000225_000030_c58_l0.npz
p100047_a000225_000030_c59_l0,p100047,TRAIN,p100047_a000225,000030,59,focal,2.5,180,10,0,850,0,0,True,58889,302096a78c15d2ef3cf39636fcdf992c4ca606513bacc0cda1c52c0cebd1fef0,samples/p100047_a000225_000030_c59_l0.npz
p100047_a000225_000030_c60_l0,p100047,TRAIN,p100047_a000225,000030,60,matched_angular_size,1.2,180,10,0,200,0,0,False,15637,187c2a3a7e1d1e5b8be0cb70790ced171e63d707993debf76ecbf628441faece,samples/p100047_a000225_000030_c60_l0.npz
p100047_a000225_000030_c61_l0,p100047,TRAIN,p100047_a000225,000030,61,matched_angular_size,1.8,180,10,0,300,0,0,False,15210,d480e70d15df1aa9295947bda85598f7b9f4568ff4c454015b8de6bd22861ae0,samples/p100047_a000225_000030_c61_l0.npz
p100047_a000225_000030_c62_l0,p100047,TRAIN,p100047_a000225,000030,62,matched_angular_size,3,180,10,0,500,0,0,False,15049,9ec5da12390fbb539e69dedb15422be945fec282519b70a52b228ce39c56be2e,samples/p100047_a000225_000030_c62_l0.npz
p100047_a000225_000030_c63_l0,p100047,TRAIN,p100047_a000225,000030,63,matched_angular_size,4,180,10,0,666.6666666666666,0,0,False,15023,8dfdd6211161c2d73904a9fcc81f64fc7112742f29488d0525670a305fc996a2,samples/p100047_a000225_000030_c63_l0.npz
p100047_a000225_000114_c00_l0,p100047,TRAIN,p100047_a000225,000114,0,distance,0.8,30,10,0,400,0,0,True,86873,44a5ec8d6a284519e1a64f66463a1bc2ba9c28cd8d2142d5754ee8c29e19fb58,samples/p100047_a000225_000114_c00_l0.npz
p100047_a000225_000114_c01_l0,p100047,TRAIN,p100047_a000225,000114,1,distance,1.2,30,10,0,400,0,0,True,52769,e273a1f872a1d0865ee434f881e1af0acf723c0ef5c8a57448db22399cee0d50,samples/p100047_a000225_000114_c01_l0.npz
p100047_a000225_000114_c02_l0,p100047,TRAIN,p100047_a000225,000114,2,distance,1.8,30,10,0,400,0,0,False,24576,a160c28bfdf360e7a364b481ecd8f194bbcb7ec446c6c21cfee6abf4b658f21d,samples/p100047_a000225_000114_c02_l0.npz
p100047_a000225_000114_c03_l0,p100047,TRAIN,p100047_a000225,000114,3,distance,2.5,30,10,0,400,0,0,False,12196,b8f30d90c0c1e8a1c95eb68c6c369b1cf4576a65a6a66536b20ab5231b63b3c5,samples/p100047_a000225_000114_c03_l0.npz
p100047_a000225_000114_c04_l0,p100047,TRAIN,p100047_a000225,000114,4,distance,3.2,30,10,0,400,0,0,False,7303,5e070c1d961294c90f58b47580d72885e2992e0b94ffcff1ac549c5c365a410c,samples/p100047_a000225_000114_c04_l0.npz
p100047_a000225_000114_c05_l0,p100047,TRAIN,p100047_a000225,000114,5,distance,4.0,30,10,0,400,0,0,False,4621,e07d9627503ba3f2abfbf768f5eefe2a6ee03d7607e9440aabe3fb7c2cd143c0,samples/p100047_a000225_000114_c05_l0.npz
p100047_a000225_000114_c06_l0,p100047,TRAIN,p100047_a000225,000114,6,multiview_distance,1.2,0,10,0,400,0,0,True,56991,e0f71aeec046c8e18e9641788c1804faaa30155c5d4c4137a159c2906229d4b0,samples/p100047_a000225_000114_c06_l0.npz
p100047_a000225_000114_c07_l0,p100047,TRAIN,p100047_a000225,000114,7,multiview_distance,1.8,0,10,0,400,0,0,False,26911,532f0e244964bfd8e1acf128328c47cc2a13489188aded75c970c9016847d323,samples/p100047_a000225_000114_c07_l0.npz
p100047_a000225_000114_c08_l0,p100047,TRAIN,p100047_a000225,000114,8,multiview_distance,2.5,0,10,0,400,0,0,False,13243,8006e14bdfa527edf2c28374c55378b18ac2e3bac55e54978f3592556f5c3388,samples/p100047_a000225_000114_c08_l0.npz
p100047_a000225_000114_c09_l0,p100047,TRAIN,p100047_a000225,000114,9,multiview_distance,3.2,0,10,0,400,0,0,False,7880,23f5015ae7cfd1fe6c12aedc9552c96934e23a6b4825eb39110a7cf475323356,samples/p100047_a000225_000114_c09_l0.npz
p100047_a000225_000114_c10_l0,p100047,TRAIN,p100047_a000225,000114,10,multiview_distance,1.2,60,10,0,400,0,0,True,45939,198864f9757cd1f885dd46f9292e8e19369153bfa944a2da48b919d89e38c157,samples/p100047_a000225_000114_c10_l0.npz
p100047_a000225_000114_c11_l0,p100047,TRAIN,p100047_a000225,000114,11,multiview_distance,1.8,60,10,0,400,0,0,False,20743,3f13894ca6c2c5be3bbcb9c93894b608cb756aa57da092d8221661e4ea7541a2,samples/p100047_a000225_000114_c11_l0.npz
p100047_a000225_000114_c12_l0,p100047,TRAIN,p100047_a000225,000114,12,multiview_distance,2.5,60,10,0,400,0,0,False,10432,4b9e51feebfe34464f8c28c9b14503e931c3a74fb0fefb1f272bf384fcda1daa,samples/p100047_a000225_000114_c12_l0.npz
p100047_a000225_000114_c13_l0,p100047,TRAIN,p100047_a000225,000114,13,multiview_distance,3.2,60,10,0,400,0,0,False,6299,d165eb5c0477732d0d77b3911a7f6833b6623394ce372f17cd171ca45a6f954f,samples/p100047_a000225_000114_c13_l0.npz
p100047_a000225_000114_c14_l0,p100047,TRAIN,p100047_a000225,000114,14,multiview_distance,1.2,120,10,0,400,0,0,True,47771,8eccea0fb3bb43600407537a9575fbdb42e70a91ba3c560c66125f32ab194724,samples/p100047_a000225_000114_c14_l0.npz
p100047_a000225_000114_c15_l0,p100047,TRAIN,p100047_a000225,000114,15,multiview_distance,1.8,120,10,0,400,0,0,False,21971,9610d60cffe3bbad62926ec7e7a8f782045d4a04839c5cc22328e8a3048335e0,samples/p100047_a000225_000114_c15_l0.npz
p100047_a000225_000114_c16_l0,p100047,TRAIN,p100047_a000225,000114,16,multiview_distance,2.5,120,10,0,400,0,0,False,11279,5b8092ab6b4c1156072eddea133c2fdbc32599881823b43e4650e9dc6294c3b8,samples/p100047_a000225_000114_c16_l0.npz
p100047_a000225_000114_c17_l0,p100047,TRAIN,p100047_a000225,000114,17,multiview_distance,3.2,120,10,0,400,0,0,False,6865,1f6d3bd6a12a58533596e0af02d851589e4fad2edf3397246164d4d1882c66cc,samples/p100047_a000225_000114_c17_l0.npz
p100047_a000225_000114_c18_l0,p100047,TRAIN,p100047_a000225,000114,18,multiview_distance,1.2,180,10,0,400,0,0,True,59324,d0d18a37dbad0c0c43ee113af55e8b68722726432a771feb7540591136f05837,samples/p100047_a000225_000114_c18_l0.npz
p100047_a000225_000114_c19_l0,p100047,TRAIN,p100047_a000225,000114,19,multiview_distance,1.8,180,10,0,400,0,0,False,27352,fa4562daf8caf80b6b56732092412dba41b345acbc0290b62f96978103a2f5a4,samples/p100047_a000225_000114_c19_l0.npz
p100047_a000225_000114_c20_l0,p100047,TRAIN,p100047_a000225,000114,20,multiview_distance,2.5,180,10,0,400,0,0,False,14009,7713485f6d34e8a1e2627e46b4195fc34504f63f7b1e3e32ae262588ca9a48a6,samples/p100047_a000225_000114_c20_l0.npz
p100047_a000225_000114_c21_l0,p100047,TRAIN,p100047_a000225,000114,21,multiview_distance,3.2,180,10,0,400,0,0,False,8514,a969c4fac851b4715ab22eda2808363a45532bc7db139daf011a298c0ee7311b,samples/p100047_a000225_000114_c21_l0.npz
p100047_a000225_000114_c22_l0,p100047,TRAIN,p100047_a000225,000114,22,multiview_distance,1.2,240,10,0,400,0,0,True,47779,3fafc58e4d7e97b63e7181a6f399913521c224bbcff39561044bedf15cd9ca67,samples/p100047_a000225_000114_c22_l0.npz
p100047_a000225_000114_c23_l0,p100047,TRAIN,p100047_a000225,000114,23,multiview_distance,1.8,240,10,0,400,0,0,False,22663,2fef8fe45a9dd0e9903933e8b6289703da3019fda02a373adf3a7b89a4a1f16b,samples/p100047_a000225_000114_c23_l0.npz
p100047_a000225_000114_c24_l0,p100047,TRAIN,p100047_a000225,000114,24,multiview_distance,2.5,240,10,0,400,0,0,False,11530,7085ad9e4335130a1213d4fbc5367d1b0ac68d40fad951429465335115bacba7,samples/p100047_a000225_000114_c24_l0.npz
p100047_a000225_000114_c25_l0,p100047,TRAIN,p100047_a000225,000114,25,multiview_distance,3.2,240,10,0,400,0,0,False,6990,a13a737888b90aa7d60b7b1369a16b466c29afe17adcc5f5d184a4b238610eb6,samples/p100047_a000225_000114_c25_l0.npz
p100047_a000225_000114_c26_l0,p100047,TRAIN,p100047_a000225,000114,26,multiview_distance,1.2,300,10,0,400,0,0,True,48632,cd497b03aa5448714e87b8f3237906a0698dd26cfae48c3ae9adb51ac0dc500d,samples/p100047_a000225_000114_c26_l0.npz
p100047_a000225_000114_c27_l0,p100047,TRAIN,p100047_a000225,000114,27,multiview_distance,1.8,300,10,0,400,0,0,False,22116,6789ccbc33c53d5f29af7c9f43f83024b7925967ea04985e634cc092523bb782,samples/p100047_a000225_000114_c27_l0.npz
p100047_a000225_000114_c28_l0,p100047,TRAIN,p100047_a000225,000114,28,multiview_distance,2.5,300,10,0,400,0,0,False,10946,6bd74e3e6efb729df32534499216476fb58339a1dbee7fb4096e716ba3b62f30,samples/p100047_a000225_000114_c28_l0.npz
p100047_a000225_000114_c29_l0,p100047,TRAIN,p100047_a000225,000114,29,multiview_distance,3.2,300,10,0,400,0,0,False,6527,4ae01e2513c2bd98562ef84d439fae149fa5e2595969d353bdb4e479b49ae466,samples/p100047_a000225_000114_c29_l0.npz
p100047_a000225_000114_c30_l0,p100047,TRAIN,p100047_a000225,000114,30,elevation,1.8,180,0,0,400,0,0,False,26313,c611f5725e10e769be6481aa449fbcdb8cd8eafad5f40672652410cec320acf9,samples/p100047_a000225_000114_c30_l0.npz
p100047_a000225_000114_c31_l0,p100047,TRAIN,p100047_a000225,000114,31,elevation,3.2,180,0,0,400,0,0,False,8125,7d6392406ff7154929ac245064ade379a4bc4335c9ee62f7694f12ee6675da31,samples/p100047_a000225_000114_c31_l0.npz
p100047_a000225_000114_c32_l0,p100047,TRAIN,p100047_a000225,000114,32,elevation,1.8,180,25,0,400,0,0,False,28442,dc959838cffab90ab0ec1235c201d75775f9b95d7d65f0f06b6e454e112da171,samples/p100047_a000225_000114_c32_l0.npz
p100047_a000225_000114_c33_l0,p100047,TRAIN,p100047_a000225,000114,33,elevation,3.2,180,25,0,400,0,0,False,8784,c24b9ca1848551dc6ec60720485bdbde65f0b15823ce2336373b2d3bfe88678b,samples/p100047_a000225_000114_c33_l0.npz
p100047_a000225_000114_c34_l0,p100047,TRAIN,p100047_a000225,000114,34,elevation,1.8,180,45,0,400,0,0,False,28740,a3f998e5cf7e7e2985bab2bc8d4879f417d1f84ce38fe8ab7d4c803cc70046c0,samples/p100047_a000225_000114_c34_l0.npz
p100047_a000225_000114_c35_l0,p100047,TRAIN,p100047_a000225,000114,35,elevation,3.2,180,45,0,400,0,0,False,8492,789b3d3c8d34c1680a8a0c6d8c2a4318b43f0e6f40e739c8dc8bdd6bcea423e3,samples/p100047_a000225_000114_c35_l0.npz
p100047_a000225_000114_c36_l0,p100047,TRAIN,p100047_a000225,000114,36,elevation,1.8,180,65,0,400,0,0,False,26708,12d7fc0b869431e6bfeb112273dc1a3ce604ed9ed17b96009044f5ed8e5b9010,samples/p100047_a000225_000114_c36_l0.npz
p100047_a000225_000114_c37_l0,p100047,TRAIN,p100047_a000225,000114,37,elevation,3.2,180,65,0,400,0,0,False,7374,dc27a305af42ed981db07a4565f5182c99b7a6c50ddc2a2795541fd441650c58,samples/p100047_a000225_000114_c37_l0.npz
p100047_a000225_000114_c38_l0,p100047,TRAIN,p100047_a000225,000114,38,elevation,1.8,180,85,0,400,0,0,False,21408,1290bb6b7b1d87a667012a5fe8c08112aff9a5698a056791012933fc806dcb65,samples/p100047_a000225_000114_c38_l0.npz
p100047_a000225_000114_c39_l0,p100047,TRAIN,p100047_a000225,000114,39,elevation,3.2,180,85,0,400,0,0,False,5485,ea459647b06a1f6f2aabfd029f04ef1af342e95f18ab1d33f2135499c263332b,samples/p100047_a000225_000114_c39_l0.npz
p100047_a000225_000114_c40_l0,p100047,TRAIN,p100047_a000225,000114,40,roll,1.8,180,10,-90,400,0,0,False,27352,c70ca0af790dd7d615a89ae5fab512d4f5f2b2ace0272b210474a3fdf6b2518e,samples/p100047_a000225_000114_c40_l0.npz
p100047_a000225_000114_c41_l0,p100047,TRAIN,p100047_a000225,000114,41,roll,3.2,180,10,-90,400,0,0,False,8514,6af28ee0ad232d693d41203876e8c89093656921c653d88d93a8bc78b63bbc76,samples/p100047_a000225_000114_c41_l0.npz
p100047_a000225_000114_c42_l0,p100047,TRAIN,p100047_a000225,000114,42,roll,1.8,180,10,-45,400,0,0,False,27360,387dba15d376034d1f7aac851336a0dad02e5d516447eb363555d95bec3d0d2c,samples/p100047_a000225_000114_c42_l0.npz
p100047_a000225_000114_c43_l0,p100047,TRAIN,p100047_a000225,000114,43,roll,3.2,180,10,-45,400,0,0,False,8519,a535216407437b3aeda19c8bcc4769e68e00c160a0e647ab6d7cd3b286dcf8e9,samples/p100047_a000225_000114_c43_l0.npz
p100047_a000225_000114_c44_l0,p100047,TRAIN,p100047_a000225,000114,44,roll,1.8,180,10,-15,400,0,0,False,27361,e16ba89e7be5ced1af76282ed2288ab76fabe6b95f32580cb1a54e3645969418,samples/p100047_a000225_000114_c44_l0.npz
p100047_a000225_000114_c45_l0,p100047,TRAIN,p100047_a000225,000114,45,roll,3.2,180,10,-15,400,0,0,False,8520,bf40b707e2eea68eb3ddbb8065b3f7109878060d3281427cad22a1b73ec2ca37,samples/p100047_a000225_000114_c45_l0.npz
p100047_a000225_000114_c46_l0,p100047,TRAIN,p100047_a000225,000114,46,roll,1.8,180,10,15,400,0,0,False,27380,9778300a50eda9961fd6ba9ed2cdd9ae01c8777528c9675fec1703f440d8a46c,samples/p100047_a000225_000114_c46_l0.npz
p100047_a000225_000114_c47_l0,p100047,TRAIN,p100047_a000225,000114,47,roll,3.2,180,10,15,400,0,0,False,8509,6c199275129aa31e30958bf53e95564e613adf744dae3261fc33d412df348d31,samples/p100047_a000225_000114_c47_l0.npz
p100047_a000225_000114_c48_l0,p100047,TRAIN,p100047_a000225,000114,48,roll,1.8,180,10,45,400,0,0,False,27360,a135ecfd79729c7067a8e2ccde536bb7dd6cd06c8b3cd29a46368ba6738ce6e9,samples/p100047_a000225_000114_c48_l0.npz
p100047_a000225_000114_c49_l0,p100047,TRAIN,p100047_a000225,000114,49,roll,3.2,180,10,45,400,0,0,False,8519,ccfe7565a52c8b23f75ba3931d1088fea005f9464bb9938566be6130a3d2fdc7,samples/p100047_a000225_000114_c49_l0.npz
p100047_a000225_000114_c50_l0,p100047,TRAIN,p100047_a000225,000114,50,roll,1.8,180,10,90,400,0,0,False,27352,dadd751646a42405c11bb0178e9d1cb9fffc57fdd2e13ee8304552d002299b02,samples/p100047_a000225_000114_c50_l0.npz
p100047_a000225_000114_c51_l0,p100047,TRAIN,p100047_a000225,000114,51,roll,3.2,180,10,90,400,0,0,False,8514,ecdd04ef7c132f686ab2817b552f0bf880b8ca7d776eba8339cadd26d24520fa,samples/p100047_a000225_000114_c51_l0.npz
p100047_a000225_000114_c52_l0,p100047,TRAIN,p100047_a000225,000114,52,offcentre,2.5,180,10,0,400,-0.25,0,False,14509,61103dfc2928074ca8b7fbe48bda0c7f968d268ac56821ae5785d28e2858240d,samples/p100047_a000225_000114_c52_l0.npz
p100047_a000225_000114_c53_l0,p100047,TRAIN,p100047_a000225,000114,53,offcentre,2.5,180,10,0,400,0.25,0,False,14748,f6dc08abc1bc395d364b2392854cbed5465ae4a60fd349a2230e3db9d810578a,samples/p100047_a000225_000114_c53_l0.npz
p100047_a000225_000114_c54_l0,p100047,TRAIN,p100047_a000225,000114,54,offcentre,2.5,180,10,0,400,0,-0.2,False,13487,03da9d6a02215dc29d5582d38967e6345c40fd54f675e98fb55ef25fb5e93c95,samples/p100047_a000225_000114_c54_l0.npz
p100047_a000225_000114_c55_l0,p100047,TRAIN,p100047_a000225,000114,55,offcentre,2.5,180,10,0,400,0,0.2,True,14656,1db99f65caf135bb5d5fd53686e43877ad149fcf5c66671ca1c9561610b7b943,samples/p100047_a000225_000114_c55_l0.npz
p100047_a000225_000114_c56_l0,p100047,TRAIN,p100047_a000225,000114,56,focal,2.5,180,10,0,300,0,0,False,7885,4d10c4874886df0a8fb0689031da1e69eda6a39072b2e9ddab3f9f0af035ab8e,samples/p100047_a000225_000114_c56_l0.npz
p100047_a000225_000114_c57_l0,p100047,TRAIN,p100047_a000225,000114,57,focal,2.5,180,10,0,500,0,0,False,21899,0bdbaa3aa15bf6ddefa3e6fb1b3b4aca1f73fc2cf9efb6b53c0217c0cfaad463,samples/p100047_a000225_000114_c57_l0.npz
p100047_a000225_000114_c58_l0,p100047,TRAIN,p100047_a000225,000114,58,focal,2.5,180,10,0,650,0,0,False,36991,9699ba63e04e71cc6bcc95ada83eac60a1a06366ac3c7675c68dbc6499ee0d0f,samples/p100047_a000225_000114_c58_l0.npz
p100047_a000225_000114_c59_l0,p100047,TRAIN,p100047_a000225,000114,59,focal,2.5,180,10,0,850,0,0,True,59757,4b0ec4aa3537b97be1c6485fe7ff89a79c63bc6eda0577f6c02d6711ccd11740,samples/p100047_a000225_000114_c59_l0.npz
p100047_a000225_000114_c60_l0,p100047,TRAIN,p100047_a000225,000114,60,matched_angular_size,1.2,180,10,0,200,0,0,False,15925,1f20df9c17e4af02f5b65394bae333cc587a02483d8efb0ea754ed30593688ec,samples/p100047_a000225_000114_c60_l0.npz
p100047_a000225_000114_c61_l0,p100047,TRAIN,p100047_a000225,000114,61,matched_angular_size,1.8,180,10,0,300,0,0,False,15377,ef67070618fba346ba2d02456d71d7afc05c267e7ebce6898f12cda5ded0baa2,samples/p100047_a000225_000114_c61_l0.npz
p100047_a000225_000114_c62_l0,p100047,TRAIN,p100047_a000225,000114,62,matched_angular_size,3,180,10,0,500,0,0,False,15149,ca0d62af782a9ddfe988c16b8620ef618c2d91b4444ad8c987eb6bb18c3f2267,samples/p100047_a000225_000114_c62_l0.npz
p100047_a000225_000114_c63_l0,p100047,TRAIN,p100047_a000225,000114,63,matched_angular_size,4,180,10,0,666.6666666666666,0,0,False,15102,2a33139e239e48afdadc7b7150f71c471e02f28dbb6357717e4ed851eb02eda7,samples/p100047_a000225_000114_c63_l0.npz
