cell,key,role,identity,sequence,frame,points,raw_median_mm,raw_p95_mm,raw_coverage_50mm,official_raw_median_mm,official_raw_p95_mm,official_raw_coverage_50mm,raw_delta_vs_official_median_mm,raw_delta_vs_official_p95_mm,raw_delta_vs_official_coverage_50mm,diagnostic_txyz_median_mm,diagnostic_txyz_p95_mm,diagnostic_txyz_coverage_50mm,diagnostic_txyz_fallback,official_txyz_fallback,model_delta_x_mm,model_delta_y_mm,model_delta_z_mm,diagnostic_A_txyz_x_mm,diagnostic_A_txyz_y_mm,diagnostic_A_txyz_z_mm,diagnostic_endpoint_difference_x_mm,diagnostic_endpoint_difference_y_mm,diagnostic_endpoint_difference_z_mm,Body_parameters_changed
continuation/mixed_s11,p001194_a000062_000005,VAL,p001194,p001194_a000062,5,2048,35.06900743369067,82.42036576598102,0.654296875,20.376191069051764,69.17666042893086,0.8759765625,14.692816364638908,13.243705337050159,-0.2216796875,28.858549194928017,69.8183474775549,0.75244140625,False,False,-3.330748528242111,30.15446662902832,-117.87736415863037,6.3049811869859695,-16.554325819015503,19.278228282928467,5.055147688835859,8.864525705575943,-73.12566041946411,False
continuation/mixed_s11,p001194_a000062_000017,VAL,p001194,p001194_a000062,17,2048,33.54425775001615,71.69303701231343,0.69677734375,21.059968056949046,71.10156668096035,0.87939453125,12.484289693067105,0.5914703313530794,-0.1826171875,21.616157158954625,50.69058945034773,0.9443359375,False,False,-4.173138178884983,19.201934337615967,-101.08864307403564,5.20707294344902,-19.71983350813389,29.611706733703613,3.2598795369267464,-5.999373272061348,-45.41492462158203,False
continuation/mixed_s11,p001194_a000062_000029,VAL,p001194,p001194_a000062,29,2048,33.641123278478375,71.49528011081323,0.69677734375,35.86021340873769,72.8718723834097,0.732421875,-2.2190901302593176,-1.3765922725964685,-0.03564453125,22.49707997705346,48.5688089547877,0.95703125,False,False,-7.287951186299324,21.40277624130249,-122.74801731109619,2.137330360710621,-20.137585699558258,28.65159511566162,-6.093944422900677,-16.323767602443695,-45.379638671875,False
continuation/mixed_s11,p001194_a000062_000041,VAL,p001194,p001194_a000062,41,2048,45.157232924465774,105.0979412940677,0.55078125,19.666796655917203,63.7436080626127,0.9033203125,25.49043626854857,41.354333231454994,-0.3525390625,41.774418943141214,94.48660518400195,0.611328125,False,False,-16.81404747068882,39.0545129776001,-176.8801212310791,-1.1901073157787323,-7.00753927230835,19.805490970611572,-17.242057248950005,22.942041978240013,-133.54742527008057,False
continuation/mixed_s11,p001194_a000062_000053,VAL,p001194,p001194_a000062,53,2048,37.435282722894506,79.50059834275267,0.68115234375,38.7989207906011,77.48541471655112,0.689453125,-1.3636380677065958,2.015183626201548,-0.00830078125,27.315461614821587,68.1452934403303,0.82568359375,False,False,-13.289962895214558,32.00441598892212,-164.7818088531494,0.21485332399606705,-16.73855632543564,24.24490451812744,-11.722726747393608,-5.364162847399712,-90.068519115448,False
continuation/mixed_s11,p001194_a000062_000065,VAL,p001194,p001194_a000062,65,2048,38.710396657509946,87.17570335945203,0.62548828125,18.568598974754327,58.96405280720736,0.9267578125,20.14179768275562,28.21165055224467,-0.30126953125,39.036519623161894,89.49718131439562,0.62109375,False,False,-2.7449503540992737,25.197327136993408,-120.29695510864258,1.5683025121688843,-1.8485002219676971,-5.2114129066467285,0.2620816230773926,17.521662637591362,-100.92765092849731,False
continuation/mixed_s11,p001194_a000062_000077,VAL,p001194,p001194_a000062,77,2048,31.16550942848254,71.06469581554585,0.75732421875,29.766903399448314,77.61065273038767,0.7685546875,1.3986060290342266,-6.545956914841824,-0.01123046875,19.63339950194365,53.40646735449418,0.9248046875,False,False,-0.5957111716270447,22.99642562866211,-108.84428024291992,-1.1512162163853645,-16.92747324705124,28.931617736816406,0.5127592012286186,-1.8808022141456604,-44.974446296691895,False
continuation/mixed_s11,p001194_a000062_000089,VAL,p001194,p001194_a000062,89,2048,35.51947645310831,78.13254850448996,0.66015625,26.21962543044691,71.33579035293896,0.84228515625,9.2998510226614,6.796758151551003,-0.18212890625,26.487229303949547,60.49418638115254,0.8466796875,False,False,-2.1163076162338257,26.3938307762146,-117.43009090423584,3.61784384585917,-20.587243139743805,26.379168033599854,3.8647002074867487,-0.19345059990882874,-57.50012397766113,False
continuation/mixed_s11,p001194_a000986_000010,VAL,p001194,p001194_a000986,10,2048,38.61290116297457,98.95317753978532,0.60693359375,26.50772618408734,77.39257846481091,0.8701171875,12.105174978887234,21.560599074974405,-0.26318359375,37.5302230641078,99.09622038815456,0.6103515625,False,False,-4.977680742740631,40.6070351600647,-143.4919834136963,2.9939052183181047,-1.149892807006836,-11.841237545013428,0.7967588026076555,32.567352056503296,-122.23243713378906,False
continuation/mixed_s11,p001194_a000986_000036,VAL,p001194,p001194_a000986,36,2048,40.09182203268107,102.47181370371146,0.60693359375,10.325194865603233,50.82177483952864,0.94873046875,29.76662716707784,51.65003886418282,-0.341796875,38.99527187878953,99.32912415527916,0.619140625,False,False,0.5977079272270203,26.418089866638184,-139.65117931365967,8.048021234571934,-5.994483828544617,6.744563579559326,7.1367016062140465,17.165690660476685,-116.8065071105957,False
continuation/mixed_s11,p001194_a000986_000062,VAL,p001194,p001194_a000986,62,2048,45.997739511271305,128.87486927492606,0.53369140625,33.05323889923496,68.33698335176527,0.7431640625,12.944500612036343,60.537885923160786,-0.20947265625,43.44340290033492,120.55115150764713,0.57373046875,False,False,7.210947573184967,-3.143429756164551,-217.63372421264648,-3.3890940248966217,-13.30024003982544,0.9824037551879883,-2.277139574289322,-27.584165334701538,-161.67616844177246,False
continuation/mixed_s11,p001194_a000986_000088,VAL,p001194,p001194_a000986,88,2048,39.1541027848511,89.35171000787719,0.61083984375,41.35850516905836,69.0429799643132,0.6728515625,-2.2044023842072633,20.308730043563983,-0.06201171875,38.37530840406215,86.404471724385,0.6279296875,False,False,-3.6705099046230316,38.606464862823486,-153.04017066955566,-7.08538293838501,-11.563539505004883,1.0526180267333984,-12.07079496634833,13.035953044891357,-99.75796937942505,False
continuation/mixed_s11,p001194_a000986_000114,VAL,p001194,p001194_a000986,114,2048,43.26120663375316,89.00917312265256,0.58056640625,35.69025504560633,67.42507445175819,0.755859375,7.5709515881468334,21.584098670894363,-0.17529296875,31.079936519169536,66.23279346412006,0.787109375,False,False,-1.0372325778007507,37.45293617248535,-140.27833938598633,3.8978829979896545,-22.725559771060944,28.857767581939697,3.978513181209564,1.6298368573188782,-68.43727827072144,False
continuation/mixed_s11,p001194_a000986_000140,VAL,p001194,p001194_a000986,140,2048,40.85537980857012,111.88009478724696,0.60009765625,29.595624376319414,71.03511037010324,0.763671875,11.259755432250707,40.84498441714372,-0.16357421875,32.99744538041717,97.2017173745565,0.70556640625,False,False,-5.212120711803436,-2.886652946472168,-211.2823724746704,-1.3402663171291351,-24.581141769886017,16.484558582305908,-6.54965452849865,-38.928233087062836,-136.9580626487732,False
continuation/mixed_s11,p001194_a000986_000166,VAL,p001194,p001194_a000986,166,2048,27.722324131409188,76.71127789241181,0.77978515625,28.186762513000403,64.07946885218531,0.828125,-0.464438381591215,12.6318090402265,-0.04833984375,21.83602850634074,68.58849703580542,0.82763671875,False,False,-1.5294626355171204,18.41038465499878,-122.62272834777832,6.578072905540466,-18.42506229877472,12.949168682098389,5.473218858242035,-10.488353669643402,-75.00988245010376,False
continuation/mixed_s11,p001194_a000986_000192,VAL,p001194,p001194_a000986,192,2048,41.902360214002755,95.84485824590553,0.57666015625,38.88871098902142,67.00306581651071,0.6982421875,3.013649224981336,28.841792429394815,-0.12158203125,41.85351613387192,97.70018846288556,0.576171875,False,False,-0.8669048547744751,40.716469287872314,-157.44400024414062,6.7381784319877625,-7.1495771408081055,-4.046320915222168,7.310420740395784,19.35291290283203,-112.6408576965332,False
continuation/mixed_s11,p001195_a000053_000006,TRAIN,p001195,p001195_a000053,6,2048,32.51080199786507,91.06268080759769,0.6865234375,173.3408319822584,213.44992423312803,0.0029296875,-140.83002998439332,-122.38724342553034,0.68359375,31.323408816398285,90.83291115920588,0.68115234375,False,True,6.336726248264313,58.01302194595337,-298.98595809936523,-5.919504910707474,1.1304393410682678,-15.17951488494873,0.417221337556839,59.14346128702164,-314.16547298431396,False
continuation/mixed_s11,p001195_a000053_000021,TRAIN,p001195,p001195_a000053,21,2048,32.68248921500621,89.2919103241416,0.69482421875,168.74493370389192,206.63080024810745,0.0068359375,-136.06244448888572,-117.33888992396585,0.68798828125,30.65957476612361,88.11873155651364,0.6865234375,False,True,5.249924957752228,54.76188659667969,-293.6367988586426,-4.669025540351868,0.7179901003837585,-14.765679836273193,0.5808994174003601,55.479876697063446,-308.40247869491577,False
continuation/mixed_s11,p001195_a000053_000037,TRAIN,p001195,p001195_a000053,37,2048,61.28982026908827,139.47954083014682,0.4228515625,218.20603350079935,282.53650024456016,0.00146484375,-156.91621323171108,-143.05695941441334,0.42138671875,44.29399535543405,108.01097682538172,0.55712890625,False,True,22.15169370174408,101.33886337280273,-414.8058891296387,-8.996594697237015,-14.394402503967285,40.26693105697632,13.155099004507065,86.94446086883545,-374.53895807266235,False
continuation/mixed_s11,p001195_a000053_000052,TRAIN,p001195,p001195_a000053,52,2048,27.42470775426836,64.67475098994147,0.8564453125,214.96469635784973,263.3136801005779,0.0,-187.53998860358138,-198.63892911063647,0.8564453125,13.388938217326665,42.57724537026172,0.978515625,False,True,19.894123077392578,74.15634393692017,-300.9967803955078,5.790434777736664,-8.034810423851013,33.02735090255737,25.684557855129242,66.12153351306915,-267.96942949295044,False
continuation/mixed_s11,p001195_a000053_000068,TRAIN,p001195,p001195_a000053,68,2048,11.7827965093785,46.60045745022668,0.9619140625,214.6538060936579,272.1201416541045,0.0029296875,-202.8710095842794,-225.5196842038778,0.958984375,11.08251957764984,45.77015718400451,0.96337890625,False,True,15.717238187789917,58.82996320724487,-235.8105182647705,-4.1884928941726685,-3.2934993505477905,-0.07486343383789062,11.528745293617249,55.53646385669708,-235.8853816986084,False
continuation/mixed_s11,p001195_a000053_000083,TRAIN,p001195,p001195_a000053,83,2048,38.53277461511182,92.01224386936491,0.60888671875,183.880975915529,222.63509263717157,0.00048828125,-145.3482013004172,-130.62284876780666,0.6083984375,40.29468177946149,99.93387070086688,0.59033203125,False,True,2.239108085632324,51.122307777404785,-315.7060146331787,-3.7898439913988113,-1.0725036263465881,-18.082380294799805,-1.5507359057664871,50.0498041510582,-333.7883949279785,False
continuation/mixed_s11,p001195_a000053_000099,TRAIN,p001195,p001195_a000053,99,2048,40.9633483109589,96.44444753953114,0.58837890625,128.12576064779824,170.09858245713912,0.0283203125,-87.16241233683934,-73.65413491760798,0.56005859375,36.68130082634651,89.11059366366547,0.63623046875,False,False,-2.910435199737549,71.29693031311035,-260.8075141906738,0.6872718222439289,-9.53248143196106,11.72727346420288,-7.287848275154829,-3.203660249710083,-109.69167947769174,False
continuation/mixed_s11,p001195_a000053_000114,TRAIN,p001195,p001195_a000053,114,2048,33.372379262732196,93.6111027311963,0.66796875,176.2463196290334,206.95924239226338,0.00341796875,-142.8739403663012,-113.34813966106708,0.66455078125,32.44311052018966,93.49545158961888,0.66943359375,False,True,0.6609298288822174,58.982908725738525,-299.8478412628174,-4.372052848339081,-0.8191540837287903,-8.8997483253479,-3.7111230194568634,58.163754642009735,-308.7475895881653,False
continuation/mixed_s11,p001195_a000986_000011,TRAIN,p001195,p001195_a000986,11,2048,33.56004716245941,90.6974929477644,0.68505859375,182.71271112679815,216.05674046599572,0.00146484375,-149.15266396433873,-125.35924751823131,0.68359375,31.68633063127622,92.94406747754465,0.67578125,False,True,0.031050294637680054,62.214553356170654,-299.4215488433838,-4.680711776018143,2.164214849472046,-18.819093704223633,-4.649661481380463,64.3787682056427,-318.2406425476074,False
continuation/mixed_s11,p001195_a000986_000039,TRAIN,p001195,p001195_a000986,39,2048,24.063757006015084,54.936430470369174,0.927734375,122.72250363864688,161.63333987500462,0.0478515625,-98.6587466326318,-106.69690940463545,0.8798828125,10.491790868139313,39.573375713995866,0.97900390625,False,False,-2.9794888105243444,29.149651527404785,-195.10889053344727,1.9280798733234406,-2.5625452399253845,30.56800365447998,6.762372562661767,-11.040709912776947,-8.749604225158775,False
continuation/mixed_s11,p001195_a000986_000068,TRAIN,p001195,p001195_a000986,68,2048,33.9501841044724,93.33265126184568,0.6845703125,113.47995964826939,163.04124036452424,0.15380859375,-79.52977554379699,-69.70858910267856,0.53076171875,25.43652463155556,90.34568613727785,0.75537109375,False,False,-3.883279860019684,-12.807369232177734,-249.2375373840332,10.073207318782806,-12.808717787265778,17.031967639923096,13.524230569601059,-60.82959473133087,-75.97547769546517,False
continuation/mixed_s11,p001195_a000986_000096,TRAIN,p001195,p001195_a000986,96,2048,31.01051786129439,73.65613721684598,0.6953125,164.08444550785163,196.26274625480235,0.017578125,-133.07392764655725,-122.60660903795637,0.677734375,21.736185439921588,51.10388860619518,0.9462890625,False,True,1.9011758267879486,47.995150089263916,-265.7639980316162,4.370667040348053,-11.587366461753845,31.55660629272461,6.271842867136002,36.40778362751007,-234.2073917388916,False
continuation/mixed_s11,p001195_a000986_000125,TRAIN,p001195,p001195_a000986,125,2048,24.998171544193234,55.67780342432019,0.89404296875,131.94605705450388,170.1958539065898,0.0439453125,-106.94788551031064,-114.51805048226962,0.85009765625,15.385667470004172,52.97075960370918,0.9384765625,False,False,-3.503646934404969,36.598801612854004,-200.77061653137207,-9.128235280513763,-4.094492644071579,31.230807304382324,-28.53939519263804,-2.0916014909744263,-21.225214004516683,False
continuation/mixed_s11,p001195_a000986_000153,TRAIN,p001195,p001195_a000986,153,2048,38.46853471383453,99.50747640918547,0.63037109375,121.4562056883646,166.2247499941561,0.11962890625,-82.98767097453008,-66.71727358497063,0.5107421875,39.10110347401229,100.88480063190357,0.62109375,False,False,7.717780768871307,-10.132908821105957,-293.29824447631836,0.09502843022346497,4.132650792598724,-7.109105587005615,4.890352487564087,-60.47870218753815,-145.74384689331063,False
continuation/mixed_s11,p001195_a000986_000182,TRAIN,p001195,p001195_a000986,182,2048,16.075911723219626,49.736049714172445,0.95068359375,161.0377991207627,203.02158141772193,0.02197265625,-144.96188739754308,-153.28553170354948,0.9287109375,13.36999176897565,50.472207690086115,0.947265625,False,True,-2.4824291467666626,36.08894348144531,-220.70956230163574,-3.505718195810914,-0.13940036296844482,15.014946460723877,-5.988147342577577,35.94954311847687,-205.69461584091187,False
continuation/mixed_s11,p001195_a000986_000210,TRAIN,p001195,p001195_a000986,210,2048,32.15426133058896,91.39430688509755,0.69189453125,168.87293175951913,204.91477260029228,0.00634765625,-136.71867042893018,-113.52046571519473,0.685546875,30.28267918120774,92.84534502294852,0.67724609375,False,True,-1.529492437839508,59.65268611907959,-279.7112464904785,3.0234940350055695,-0.03039836883544922,-15.915155410766602,1.4940015971660614,59.62228775024414,-295.6264019012451,False
continuation/mixed_s11,p001196_a000388_000011,VAL,p001196,p001196_a000388,11,2048,34.372185919738904,90.43518187260976,0.712890625,14.28094816333712,42.36219051115243,0.96875,20.09123775640178,48.07299136145733,-0.255859375,17.543297172252515,53.25350963814657,0.9267578125,False,False,-0.9741410613059998,20.034611225128174,-65.82248210906982,2.1283775568008423,-9.935468435287476,43.233275413513184,1.8008798360824585,10.891236364841461,-21.485507488250732,False
continuation/mixed_s11,p001196_a000388_000040,VAL,p001196,p001196_a000388,40,2048,36.62245912327523,96.25715608521335,0.6494140625,18.831666741834468,48.97905911857279,0.95654296875,17.79079238144076,47.27809696664056,-0.30712890625,34.645736825258446,91.9399899544196,0.68017578125,False,False,-3.7414617836475372,21.618783473968506,-64.27669525146484,3.7322789430618286,-1.8885359168052673,9.765207767486572,2.90684774518013,18.840335309505463,-75.76417922973633,False
continuation/mixed_s11,p001196_a000388_000069,VAL,p001196,p001196_a000388,69,2048,32.109368563258386,81.28942445592756,0.68603515625,13.184689544166703,47.39188046965661,0.95947265625,18.924679019091684,33.89754398627095,-0.2734375,17.773384774286367,44.84919939134774,0.96533203125,False,False,-1.2024901807308197,19.612252712249756,-85.85512638092041,-2.298898994922638,-22.616207599639893,37.42581605911255,-3.091593272984028,-6.739377975463867,-33.329784870147705,False
continuation/mixed_s11,p001196_a000388_000098,VAL,p001196,p001196_a000388,98,2048,46.836503102980764,107.89233861793474,0.53076171875,16.335219677205888,44.38922696718954,0.96923828125,30.501283425774876,63.5031116507452,-0.4384765625,46.11656681409018,107.5515780735637,0.5419921875,False,False,-3.5864748060703278,28.187036514282227,-95.03841400146484,2.520661801099777,3.6685168743133545,7.39443302154541,0.13566389679908752,39.75728154182434,-104.87723350524902,False
continuation/mixed_s11,p001196_a000388_000127,VAL,p001196,p001196_a000388,127,2048,43.787552577278575,106.40034364536542,0.5615234375,15.825688685290284,52.086608461939555,0.9462890625,27.96186389198829,54.31373518342587,-0.384765625,38.40950396927745,91.57287951573294,0.63427734375,False,False,-9.579397737979889,18.757522106170654,-80.12330532073975,6.098981946706772,-10.23605465888977,19.7792649269104,-6.094933487474918,13.302691280841827,-73.61608743667603,False
continuation/mixed_s11,p001196_a000388_000156,VAL,p001196,p001196_a000388,156,2048,46.36344945245877,151.06960610278216,0.53515625,17.16108727955936,61.703174900743996,0.90771484375,29.202362172899406,89.36643120203817,-0.37255859375,38.644815037054435,129.76339634346647,0.5966796875,False,False,-15.135571360588074,22.26269245147705,-139.33634757995605,18.065907061100006,-4.95697557926178,22.233963012695312,5.775704979896545,21.533772349357605,-132.0139765739441,False
continuation/mixed_s11,p001196_a000388_000185,VAL,p001196,p001196_a000388,185,2048,37.810540068599984,83.27538365768098,0.68212890625,23.049154396149774,58.1220991654518,0.9189453125,14.76138567245021,25.153284492229176,-0.23681640625,26.537101948281325,62.651493690058054,0.845703125,False,False,-10.77355444431305,2.2856593132019043,-48.42031002044678,11.086083948612213,-19.747454673051834,24.801135063171387,-1.5342161059379578,-3.8744695484638214,-47.85639047622681,False
continuation/mixed_s11,p001196_a000388_000214,VAL,p001196,p001196_a000388,214,2048,40.435333101071706,83.46077011303349,0.607421875,18.48819008206653,47.20381094163257,0.96142578125,21.947143019005175,36.25695917140092,-0.35400390625,25.428719040889384,51.76820522031738,0.935546875,False,False,-6.245963275432587,11.12276315689087,-59.78584289550781,0.7040416821837425,-8.778855204582214,41.97871685028076,-3.8714567199349403,5.932480096817017,-33.82599353790283,False
continuation/mixed_s11,p001197_a000062_000005,TRAIN,p001197,p001197_a000062,5,2048,33.84008245150983,91.20361542192757,0.65185546875,19.940568737582332,65.89525744264574,0.8876953125,13.899513713927497,25.308357979281823,-0.23583984375,30.279422543648252,80.04480050520321,0.69677734375,False,False,-6.067782640457153,30.717134475708008,-104.248046875,2.3183170706033707,2.5802403688430786,16.051411628723145,-6.24052481725812,31.292244791984558,-61.62041425704956,False
continuation/mixed_s11,p001197_a000062_000016,TRAIN,p001197,p001197_a000062,16,2048,33.21701273952712,86.41037592283979,0.6708984375,19.973909691106368,64.75232741156256,0.880859375,13.243103048420753,21.65804851127723,-0.2099609375,24.438985697706215,61.705238470770034,0.8681640625,False,False,-5.544327199459076,28.725862503051758,-97.86856174468994,-5.556825548410416,-1.7156824469566345,32.25892782211304,-13.639260083436966,24.144478142261505,-38.315534591674805,False
continuation/mixed_s11,p001197_a000062_000028,TRAIN,p001197,p001197_a000062,28,2048,34.020880798799624,104.0738044652644,0.6318359375,17.2709820026865,63.52241962716823,0.89111328125,16.749898796113122,40.55138483809617,-0.25927734375,36.6505551703934,105.00672024587024,0.6298828125,False,False,-6.349269300699234,34.11787748336792,-115.40615558624268,7.8790634870529175,6.751149892807007,-12.462437152862549,-2.5278814136981964,40.62751308083534,-104.1669249534607,False
continuation/mixed_s11,p001197_a000062_000040,TRAIN,p001197,p001197_a000062,40,2048,29.800513834847273,95.83754846810396,0.69970703125,53.21917947193512,104.7247619029241,0.47607421875,-23.418665637087848,-8.88721343482014,0.2236328125,17.34579339745997,73.79493655101122,0.84423828125,False,False,-9.825162589550018,24.438798427581787,-146.91829681396484,-2.7519725263118744,-15.169553458690643,32.95367956161499,-16.28762111067772,-22.165141999721527,-29.426872730255127,False
continuation/mixed_s11,p001197_a000062_000052,TRAIN,p001197,p001197_a000062,52,2048,50.21379547952007,155.30893404583986,0.4970703125,64.01095851455804,134.17467988277892,0.4052734375,-13.797163035037968,21.134254163060945,0.091796875,54.00696664531888,152.77041822445318,0.4560546875,False,False,-21.697498857975006,36.204636096954346,-312.57104873657227,10.582957416772842,1.3551488518714905,15.416860580444336,-6.943051004782319,1.1287089437246323,-212.4348282814026,False
continuation/mixed_s11,p001197_a000062_000064,TRAIN,p001197,p001197_a000062,64,2048,45.29299364378009,130.9850165031334,0.546875,65.59282629483063,135.66523147122942,0.41650390625,-20.299832651050536,-4.68021496809601,0.13037109375,46.30123556067679,125.38325580854323,0.53759765625,False,False,-21.358724683523178,36.45312786102295,-309.83614921569824,5.232837051153183,-2.5149211287498474,10.875999927520752,-9.058084338903427,-24.59104172885418,-205.3763866424561,False
continuation/mixed_s11,p001197_a000062_000076,TRAIN,p001197,p001197_a000062,76,2048,32.744260041744084,96.1933902793497,0.677734375,47.79947195964131,105.28759229409104,0.52685546875,-15.055211917897225,-9.094202014741342,0.15087890625,26.11896690691311,80.0669318984942,0.79736328125,False,False,-9.196784347295761,29.59662675857544,-153.29694747924805,-7.550466805696487,-14.633528888225555,24.916112422943115,-20.98335325717926,-9.53010469675064,-57.297468185424805,False
continuation/mixed_s11,p001197_a000062_000087,TRAIN,p001197,p001197_a000062,87,2048,31.219099151844702,89.7191541313236,0.693359375,24.135268993586973,74.18241523920307,0.82763671875,7.083830158257729,15.536738892120539,-0.13427734375,28.462152716632296,76.81344859054845,0.74365234375,False,False,-6.466969847679138,29.839694499969482,-104.92908954620361,-2.907116897404194,0.24405866861343384,15.16425609588623,-7.003136910498142,27.149029076099396,-60.63485145568848,False
continuation/mixed_s11,p001197_a001238_000003,TRAIN,p001197,p001197_a001238,3,2048,51.62744794910455,138.76654476195603,0.490234375,96.87950199661927,174.41600043186173,0.18798828125,-45.25205404751472,-35.649455669905706,0.30224609375,50.795023885099575,149.796191834358,0.494140625,False,False,-8.763606660068035,63.13621997833252,-367.85197257995605,26.552278082817793,-6.4994171261787415,-10.754048824310303,20.81394800916314,-18.073350191116333,-240.19891023635864,False
continuation/mixed_s11,p001197_a001238_000010,TRAIN,p001197,p001197_a001238,10,2048,47.302878558626304,147.14304882388907,0.52197265625,95.50512475663506,175.0156174425673,0.16748046875,-48.20224619800875,-27.87256861867823,0.3544921875,45.74732045921137,159.4932534313876,0.52783203125,False,False,-12.425909750163555,68.47184896469116,-343.74141693115234,23.808171972632408,-11.913955211639404,-18.01908016204834,15.164545737206936,-17.444774508476257,-215.22271633148193,False
continuation/mixed_s11,p001197_a001238_000018,TRAIN,p001197,p001197_a001238,18,2048,45.62491310999712,144.149288418615,0.53076171875,95.71109320283375,175.4101776950312,0.18359375,-50.086180092836635,-31.260889276416208,0.34716796875,45.48596489726842,154.0288688587742,0.53271484375,False,False,-13.114505389239639,69.07594203948975,-345.92175483703613,24.81559757143259,-12.04923540353775,-17.464280128479004,15.304410888347775,-17.911486327648163,-218.86712312698364,False
continuation/mixed_s11,p001197_a001238_000025,TRAIN,p001197,p001197_a001238,25,2048,49.24438525202139,145.31958436874166,0.505859375,91.96721078919622,170.52599946967626,0.197265625,-42.72282553717483,-25.206415100934606,0.30859375,47.29199970386357,157.19585410863033,0.5224609375,False,False,-12.79025268740952,69.20957565307617,-349.6527671813965,33.753558062016964,-8.753538131713867,-12.188434600830078,23.668792797252536,-11.12125813961029,-225.85880756378174,False
continuation/mixed_s11,p001197_a001238_000033,TRAIN,p001197,p001197_a001238,33,2048,50.46033342827866,154.09251914132832,0.49560546875,98.3434722380563,181.54814829029473,0.15771484375,-47.883138809777634,-27.45562914896641,0.337890625,50.009035820326204,163.67419220703263,0.5,False,False,-12.287457473576069,64.4497275352478,-358.60681533813477,30.760183930397034,-8.716955780982971,-12.161731719970703,21.325201727449894,-16.98547601699829,-226.85253620147705,False
continuation/mixed_s11,p001197_a001238_000040,TRAIN,p001197,p001197_a001238,40,2048,47.57336452722385,169.27038407036662,0.51708984375,79.02147004831252,152.25602825449752,0.2626953125,-31.44810552108867,17.014355815869095,0.25439453125,46.024888976035555,176.59749125593697,0.529296875,False,False,-12.204966507852077,66.93559885025024,-332.93628692626953,33.713437616825104,-8.773554116487503,-10.866641998291016,25.654042372480035,-6.2753744423389435,-216.39537811279297,False
continuation/mixed_s11,p001197_a001238_000048,TRAIN,p001197,p001197_a001238,48,2048,45.195160804164956,126.82383247966156,0.53857421875,89.71857715986475,168.80377201610335,0.1845703125,-44.523416355699794,-41.97993953644179,0.35400390625,43.93352161539005,125.76758045783536,0.5498046875,False,False,-13.38085945462808,61.10250949859619,-329.0700912475586,22.86991151049733,-17.811395227909088,-8.846879005432129,11.941239295993,-28.112731873989105,-199.10240173339844,False
continuation/mixed_s11,p001197_a001238_000055,TRAIN,p001197,p001197_a001238,55,2048,45.09116090880316,136.12713503858464,0.53955078125,97.89492174040198,175.04470003820478,0.177734375,-52.80376083159882,-38.91756499962014,0.36181640625,45.471945393279555,142.7269308835303,0.53759765625,False,False,-12.46924651786685,65.06413221359253,-345.34573554992676,24.402691051363945,-12.294824933633208,-13.719558715820312,14.372806530445814,-18.298145150765777,-216.5682315826416,False
continuation/mixed_s11,p001199_a001398_000001,VAL,p001199,p001199_a001398,1,2048,55.992457586503164,134.11450911061982,0.45263671875,31.002189352190925,75.24460665170841,0.662109375,24.99026823431224,58.86990245891141,-0.20947265625,42.618827739197215,102.20500420583566,0.56640625,False,False,1.4298930764198303,0.6836652755737305,-233.87694358825684,-1.4209970831871033,-7.026899605989456,46.836018562316895,-0.9223371744155884,-19.272733479738235,-128.4903883934021,False
continuation/mixed_s11,p001199_a001398_000004,VAL,p001199,p001199_a001398,4,2048,57.561513279479634,132.53864181253752,0.4345703125,32.54033434663555,78.02975052161128,0.64404296875,25.021178932844087,54.50889129092624,-0.20947265625,46.13178618590469,106.62722095948477,0.53662109375,False,False,2.126947045326233,0.9311437606811523,-238.9984130859375,3.3734887838363647,-2.427879720926285,44.41988468170166,4.352707415819168,-14.46293294429779,-134.24980640411377,False
continuation/mixed_s11,p001199_a001398_000008,VAL,p001199,p001199_a001398,8,2048,56.073433788297436,127.11509182144103,0.4521484375,30.21138464196978,73.50064542185225,0.6787109375,25.862049146327657,53.61444639958877,-0.2265625,43.49207801528834,103.1256543120062,0.5654296875,False,False,1.9595026969909668,1.2079477310180664,-230.2381992340088,1.319587230682373,-3.2355524599552155,45.896172523498535,2.8990793507546186,-14.260638505220413,-126.51681900024414,False
continuation/mixed_s11,p001199_a001398_000011,VAL,p001199,p001199_a001398,11,2048,58.604100710493604,126.86743853607781,0.43701171875,31.930791408714775,74.05850789742505,0.67578125,26.67330930177883,52.80893063865277,-0.23876953125,45.329545554421344,103.36059902593297,0.54931640625,False,False,2.012796700000763,0.9090900421142578,-228.06358337402344,0.809401273727417,-5.579143762588501,44.31283473968506,2.8587691485881805,-18.83438229560852,-128.58396768569946,False
continuation/mixed_s11,p001199_a001398_000014,VAL,p001199,p001199_a001398,14,2048,55.18378034523529,125.23037644860881,0.4599609375,30.279058023543843,73.21368381244007,0.681640625,24.904722321691448,52.01669263616874,-0.2216796875,44.393686388599264,102.02120979388384,0.55029296875,False,False,1.8671974539756775,0.6216764450073242,-229.97164726257324,0.4072114825248718,-3.809768706560135,43.60008239746094,2.0084716379642487,-14.487985521554947,-130.92106580734253,False
continuation/mixed_s11,p001199_a001398_000017,VAL,p001199,p001199_a001398,17,2048,54.89047415881167,127.32114869086197,0.45458984375,30.23104854295835,72.2060182072754,0.69091796875,24.65942561585332,55.11513048358657,-0.236328125,44.532586825489716,105.57155213915247,0.55712890625,False,False,1.7692819237709045,0.9533166885375977,-233.02078247070312,1.597377471625805,-2.584978938102722,40.554702281951904,1.667708158493042,-13.777732849121094,-135.26803255081177,False
continuation/mixed_s11,p001199_a001398_000021,VAL,p001199,p001199_a001398,21,2048,54.79939187334664,126.54664838658829,0.45556640625,32.654539915009835,74.88740838992743,0.662109375,22.144851958336808,51.65923999666086,-0.20654296875,44.520670726627046,101.6937509916213,0.5546875,False,False,2.248510718345642,0.5524158477783203,-236.07683181762695,-0.09920448064804077,-3.425098955631256,43.4536337852478,1.5723295509815216,-15.614345669746399,-133.53729248046875,False
continuation/mixed_s11,p001199_a001398_000024,VAL,p001199,p001199_a001398,24,2048,56.057248782431884,129.18245739220816,0.45263671875,30.85697709162787,75.48480617710997,0.6630859375,25.200271690804016,53.69765121509819,-0.21044921875,43.153139982331,100.97642572434013,0.5703125,False,False,2.3437663912773132,0.6464719772338867,-235.15629768371582,1.984618604183197,-3.955535590648651,48.92534017562866,2.640398219227791,-16.894405707716942,-126.97470188140869,False
continuation/mixed_s11,p001201_a005135_000002,VAL,p001201,p001201_a005135,2,2048,45.16934747231661,98.81156257717227,0.5537109375,45.22267665798391,85.07030400422917,0.56005859375,-0.053329185667301715,13.741258572943096,-0.00634765625,40.44612320379998,85.60771900042717,0.59619140625,False,False,0.4994533956050873,36.34446859359741,-176.35977268218994,11.573288589715958,-12.145370244979858,17.97330379486084,12.84562423825264,5.002006888389587,-84.95193719863892,False
continuation/mixed_s11,p001201_a005135_000007,VAL,p001201,p001201_a005135,7,2048,51.60351280504207,121.07194189505299,0.49169921875,45.43599508821236,84.84903970376168,0.55078125,6.167517716829714,36.22290219129131,-0.05908203125,56.474167998346374,142.42520596705802,0.4560546875,False,False,1.7705745995044708,47.5696325302124,-214.29765224456787,3.5353372804820538,4.8291608691215515,-23.611068725585938,4.406410735100508,32.03175589442253,-166.3510799407959,False
continuation/mixed_s11,p001201_a005135_000011,VAL,p001201,p001201_a005135,11,2048,50.20260282412133,137.00660576731144,0.49951171875,46.55542303720884,91.69138661444919,0.53564453125,3.6471797869124885,45.315219152862255,-0.0361328125,56.73655828460604,161.5786587971259,0.45849609375,False,False,1.79961696267128,44.21752691268921,-203.5818099975586,5.468139424920082,5.736947059631348,-24.138987064361572,5.97492465749383,29.657766222953796,-158.10024738311768,False
continuation/mixed_s11,p001201_a005135_000016,VAL,p001201,p001201_a005135,16,2048,50.01479624079117,125.31239904459963,0.5,45.370860929218665,85.13446775819537,0.55126953125,4.6439353115725055,40.17793128640426,-0.05126953125,56.51300491233286,149.00543481750515,0.46240234375,False,False,2.5935135781764984,46.92816734313965,-214.03145790100098,0.022435560822486877,7.339805364608765,-26.684165000915527,3.002071753144264,33.760517835617065,-167.5824522972107,False
continuation/mixed_s11,p001201_a005135_000021,VAL,p001201,p001201_a005135,21,2048,49.36065301449583,121.39632217479816,0.5068359375,44.06547080499095,82.34330657081021,0.5703125,5.29518220950488,39.053015603987944,-0.0634765625,54.58456453870816,142.42053391029188,0.4716796875,False,False,2.551630139350891,45.6538200378418,-207.19587802886963,5.180997774004936,5.1074400544166565,-27.86487340927124,8.117014542222023,30.585013329982758,-165.3028130531311,False
continuation/mixed_s11,p001201_a005135_000026,VAL,p001201,p001201_a005135,26,2048,47.05267772490592,99.32473783048873,0.52734375,48.28720569466316,88.55716592143935,0.52099609375,-1.234527969757238,10.76757190904938,0.00634765625,39.19269677008201,79.09860665010801,0.60546875,False,False,1.5603378415107727,36.68433427810669,-179.02719974517822,8.964348584413528,-9.787499904632568,26.197493076324463,10.163390543311834,4.100445657968521,-78.62216234207153,False
continuation/mixed_s11,p001201_a005135_000030,VAL,p001201,p001201_a005135,30,2048,29.528432770962286,64.4752994000536,0.86279296875,44.642872226792576,85.06965168881075,0.5751953125,-15.11443945583029,-20.59435228875715,0.28759765625,10.470955665296255,42.2942221720447,0.9775390625,False,False,1.2054108083248138,24.288475513458252,-126.71792507171631,-0.03421120345592499,-6.727829575538635,39.28256034851074,0.2312762662768364,-4.471614956855774,-12.654006481170654,False
continuation/mixed_s11,p001201_a005135_000035,VAL,p001201,p001201_a005135,35,2048,48.229485230909894,96.93103046010867,0.51806640625,45.33729161227534,84.44322921864983,0.5556640625,2.8921936186345576,12.48780124145884,-0.03759765625,43.645110800845416,83.25143009637324,0.5595703125,False,False,1.4309808611869812,35.87031364440918,-176.76901817321777,4.940873943269253,-10.578431189060211,17.535150051116943,5.475657992064953,5.641601979732513,-89.7180438041687,False
continuation/mixed_s11,p001202_a001230_000002,TRAIN,p001202,p001202_a001230,2,2048,76.76847705310982,192.0882872154836,0.31005859375,38.821039994531404,95.09119711644645,0.62939453125,37.947437058578416,96.99709009903715,-0.3193359375,58.97201240729992,133.59309387840668,0.43505859375,False,False,0.26117265224456787,10.650455951690674,-118.79467964172363,-6.7818909883499146,-18.388517200946808,68.08048486709595,-9.50070470571518,-5.552353337407112,-93.61839294433594,False
continuation/mixed_s11,p001202_a001230_000009,TRAIN,p001202,p001202_a001230,9,2048,78.44730158006631,177.94180910783112,0.29931640625,37.85583993408286,91.89315468008157,0.65478515625,40.59146164598345,86.04865442774955,-0.35546875,51.835416984408525,118.45608437978495,0.484375,False,False,-0.26117265224456787,9.209513664245605,-107.9719066619873,-0.8143186569213867,-16.32063090801239,70.62005996704102,-4.467383027076721,-4.11607138812542,-80.96152544021606,False
continuation/mixed_s11,p001202_a001230_000015,TRAIN,p001202,p001202_a001230,15,2048,76.94609638576418,195.6406207566575,0.2841796875,38.33063275987121,93.16547367616722,0.64306640625,38.61546362589297,102.47514708049029,-0.35888671875,53.9374901222469,131.13963143739147,0.46337890625,False,False,0.372275710105896,11.543571949005127,-123.6412525177002,0.7145777344703674,-17.316922545433044,75.55079460144043,-1.2809410691261292,-2.6714354753494263,-91.77947044372559,False
continuation/mixed_s11,p001202_a001230_000021,TRAIN,p001202,p001202_a001230,21,2048,74.40392388955266,187.476306852774,0.322265625,38.2501994781929,91.23954450878095,0.64990234375,36.15372441135976,96.23676234399305,-0.32763671875,51.97052170599512,124.28531403088152,0.48486328125,False,False,0.30128657817840576,10.659575462341309,-118.06082725524902,0.33221207559108734,-15.11632651090622,77.36527919769287,-2.6302244514226913,-3.218740224838257,-81.1428427696228,False
continuation/mixed_s11,p001202_a001230_000028,TRAIN,p001202,p001202_a001230,28,2048,76.42484946692278,181.66222830612585,0.31689453125,35.762671491747355,86.43438951889635,0.673828125,40.662177975175425,95.2278387872295,-0.35693359375,49.74342018601543,118.35663058296349,0.5029296875,False,False,0.28623640537261963,10.600149631500244,-117.02227592468262,-0.49967318773269653,-20.3752089291811,76.42596960067749,-2.136893570423126,-8.631573989987373,-79.10102605819702,False
continuation/mixed_s11,p001202_a001230_000034,TRAIN,p001202,p001202_a001230,34,2048,75.95425139839594,176.63746555656255,0.328125,35.81340973867385,88.03262758044559,0.666015625,40.14084165972209,88.60483797611695,-0.337890625,49.27798941308042,117.13131578747965,0.50634765625,False,False,-0.35043060779571533,9.11492109298706,-108.57033729553223,1.376040279865265,-18.722588196396828,74.17535781860352,-0.41075050830841064,-7.907340303063393,-74.62269067764282,False
continuation/mixed_s11,p001202_a001230_000040,TRAIN,p001202,p001202_a001230,40,2048,76.96034198308476,181.1921449734259,0.28955078125,35.68914397316175,88.67969343764291,0.671875,41.27119800992301,92.512451535783,-0.38232421875,50.34268037766965,119.46933787919866,0.49560546875,False,False,0.24190545082092285,10.311782360076904,-116.30511283874512,-1.6152933239936829,-17.60183274745941,76.21163129806519,-3.7474781274795532,-6.757453083992004,-83.3350419998169,False
continuation/mixed_s11,p001202_a001230_000047,TRAIN,p001202,p001202_a001230,47,2048,72.4613083328438,177.01756832515915,0.33251953125,37.7160634712849,93.68685243878654,0.634765625,34.7452448615589,83.3307158863726,-0.30224609375,45.75945346346323,117.56818613393793,0.5302734375,False,False,-0.666394829750061,7.82543420791626,-102.02169418334961,-0.07691606879234314,-19.274387508630753,71.60961627960205,-2.9659199062734842,-11.135293170809746,-73.97723197937012,False
continuation/mixed_s11,p001202_a005135_000001,TRAIN,p001202,p001202_a005135,1,2048,42.58112987631884,107.76233810135528,0.5498046875,10.250408666364171,39.9232560784863,0.98779296875,32.33072120995467,67.83908202286898,-0.43798828125,42.10467665696801,106.88312276860262,0.564453125,False,False,-0.09678676724433899,29.65366840362549,-117.07580089569092,4.860495682805777,-9.084461256861687,2.5093555450439453,4.392141010612249,17.15305633842945,-120.12207508087158,False
continuation/mixed_s11,p001202_a005135_000005,TRAIN,p001202,p001202_a005135,5,2048,40.19013141197675,104.18584353057453,0.5830078125,8.813526922989961,38.34474157924234,0.990234375,31.37660448898679,65.84110195133219,-0.4072265625,39.157142412690035,101.13120250371351,0.58984375,False,False,-0.8993521332740784,25.03758668899536,-107.06949234008789,4.061391577124596,-7.775589823722839,2.4315714836120605,1.411614939570427,12.798308045603335,-102.7480959892273,False
continuation/mixed_s11,p001202_a005135_000008,TRAIN,p001202,p001202_a005135,8,2048,47.33819468958856,108.54976585400405,0.51904296875,10.188819514339265,37.65100338171466,0.9912109375,37.1493751752493,70.89876247228939,-0.47216796875,45.81877011562641,107.71770733769148,0.5302734375,False,False,-0.21672993898391724,29.68621253967285,-121.6503381729126,4.47472435189411,-10.626494884490967,0.18280744552612305,3.002684738021344,15.809714794158936,-123.93337488174438,False
continuation/mixed_s11,p001202_a005135_000012,TRAIN,p001202,p001202_a005135,12,2048,37.17165833427602,93.03088865150674,0.6279296875,10.29747275661898,37.458823575108816,0.99267578125,26.874185577657038,55.57206507639793,-0.36474609375,37.03606092139182,84.96780383757971,0.64697265625,False,False,-0.5979910492897034,20.949363708496094,-90.15929698944092,-2.4986951611936092,-8.425354957580566,10.05178689956665,-5.0508719868958,9.03254747390747,-81.13867044448853,False
continuation/mixed_s11,p001202_a005135_000015,TRAIN,p001202,p001202_a005135,15,2048,42.442405098928035,106.84215797305743,0.54736328125,9.276428553138222,38.05640382604279,0.9912109375,33.16597654578981,68.78575414701464,-0.44384765625,43.37979669651784,108.86781089613105,0.54736328125,False,False,-0.8704885840415955,25.404393672943115,-109.98153686523438,7.6622627675533295,-5.457427352666855,-3.2338500022888184,4.478791728615761,17.29755476117134,-110.66305637359619,False
continuation/mixed_s11,p001202_a005135_000019,TRAIN,p001202,p001202_a005135,19,2048,46.18575158355496,109.654411987437,0.52685546875,9.754549808680228,37.43264895521758,0.9912109375,36.43120177487474,72.22176303221943,-0.46435546875,44.14387002461769,107.34399101216967,0.54345703125,False,False,0.08869171142578125,30.984878540039062,-123.31819534301758,4.2575933039188385,-9.060889482498169,2.352893352508545,3.5323724150657654,18.641337752342224,-122.53254652023315,False
continuation/mixed_s11,p001202_a005135_000022,TRAIN,p001202,p001202_a005135,22,2048,44.51044269060805,110.4161456105811,0.537109375,9.24847519738517,39.28762753549539,0.99072265625,35.26196749322288,71.12851807508571,-0.45361328125,43.003362957813295,108.4613157619525,0.55126953125,False,False,0.1709088683128357,30.8077335357666,-122.12085723876953,7.0952437818050385,-10.84958016872406,1.4958977699279785,5.959957838058472,16.610518097877502,-120.07647752761841,False
continuation/mixed_s11,p001202_a005135_000026,TRAIN,p001202,p001202_a005135,26,2048,38.66459597963829,92.63058967336846,0.599609375,8.88585076523185,36.68219695574438,0.99267578125,29.77874521440644,55.94839271762408,-0.39306640625,37.33140868360857,86.28475559509245,0.62109375,False,False,-0.8273422718048096,20.43360471725464,-92.72885322570801,1.9591376185417175,-6.560485810041428,6.6642165184021,0.17786026000976562,12.124679051339626,-82.91953802108765,False
continuation/mixed_s11,p001203_a000032_000003,TRAIN,p001203,p001203_a000032,3,2048,31.91369113691556,80.0015369301227,0.7119140625,34.158375716168706,89.74279625637888,0.6513671875,-2.2446845792531462,-9.741259326256184,0.060546875,23.68026289282345,67.57227867896717,0.87060546875,False,False,-8.165422827005386,17.33410358428955,-152.03428268432617,-1.570340245962143,-11.752597987651825,24.658560752868652,-12.620227411389351,-16.41611009836197,-65.1555061340332,False
continuation/mixed_s11,p001203_a000032_000009,TRAIN,p001203,p001203_a000032,9,2048,31.480555006984506,81.33575672948778,0.71826171875,32.84085254135997,89.71076953781755,0.64599609375,-1.3602975343754657,-8.375012808329771,0.072265625,22.96495185547277,65.70553701462266,0.87939453125,False,False,-8.216911926865578,17.471611499786377,-155.16376495361328,-1.4490233734250069,-12.800205498933792,28.333306312561035,-11.090266518294811,-18.283437937498093,-67.68673658370972,False
continuation/mixed_s11,p001203_a000032_000016,TRAIN,p001203,p001203_a000032,16,2048,31.091874072830038,80.16871342224808,0.70751953125,33.37953185839266,88.96601102509536,0.6533203125,-2.2876577855626223,-8.79729760284728,0.05419921875,24.47891333359074,69.30456218484606,0.8662109375,False,False,-8.538123220205307,17.212212085723877,-155.92551231384277,-0.8791163563728333,-13.997942209243774,25.77286958694458,-11.278115212917328,-18.218696117401123,-68.86512041091919,False
continuation/mixed_s11,p001203_a000032_000022,TRAIN,p001203,p001203_a000032,22,2048,35.10735528957724,90.53161909229273,0.673828125,34.66332725103935,91.55350499276835,0.634765625,0.4440280385378941,-1.021885900475624,0.0390625,25.89975835059338,73.94241255631992,0.84326171875,False,False,-8.710842579603195,19.4089412689209,-170.745849609375,-0.1482684165239334,-15.961941331624985,28.083086013793945,-11.707907542586327,-18.91661062836647,-81.47525787353516,False
continuation/mixed_s11,p001203_a000032_000029,TRAIN,p001203,p001203_a000032,29,2048,34.14615319250326,90.54770971187524,0.67578125,34.63175826700747,89.56222409245514,0.65625,-0.48560507450420687,0.9854856194201034,0.01953125,25.49924777916266,74.45064062505348,0.82421875,False,False,-8.786985650658607,19.289016723632812,-171.3184118270874,-1.56293623149395,-16.7461559176445,27.83447504043579,-11.185485869646072,-19.100815057754517,-80.88463544845581,False
continuation/mixed_s11,p001203_a000032_000035,TRAIN,p001203,p001203_a000032,35,2048,32.561388001226,85.6810349530054,0.69580078125,32.12315785565404,84.5455348253049,0.6748046875,0.43823014557195705,1.135500127700496,0.02099609375,25.099715117631202,74.14379586985312,0.82763671875,False,False,-8.9651457965374,17.252981662750244,-157.10139274597168,-1.1222250759601593,-17.034290358424187,21.840989589691162,-11.971782892942429,-18.981805071234703,-73.18705320358276,False
continuation/mixed_s11,p001203_a000032_000042,TRAIN,p001203,p001203_a000032,42,2048,32.92191545961561,86.13504432393948,0.681640625,32.15960681967171,82.35230246270542,0.67431640625,0.7623086399439032,3.782741861234058,0.00732421875,24.77308180336485,73.10142050261098,0.82958984375,False,False,-8.864540606737137,18.80890130996704,-163.0856990814209,-1.4049278106540442,-15.915445983409882,25.4056453704834,-11.400496354326606,-15.309210866689682,-82.0961594581604,False
continuation/mixed_s11,p001203_a000032_000048,TRAIN,p001203,p001203_a000032,48,2048,32.59790936927781,82.41427814432238,0.70751953125,30.031205021504956,82.22584341950521,0.68017578125,2.566704347772852,0.18843472481717072,0.02734375,23.897200355687986,71.2144005487402,0.86279296875,False,False,-9.571954607963562,17.04341173171997,-153.29909324645996,1.3262126594781876,-18.169179558753967,27.192890644073486,-10.518832132220268,-21.93819172680378,-70.60223817825317,False
continuation/mixed_s11,p001204_a003011_000001,TRAIN,p001204,p001204_a003011,1,2048,46.2831366131996,126.23846465565815,0.53369140625,52.78610070885135,98.86762770810311,0.47705078125,-6.502964095651748,27.370836947555034,0.056640625,37.69547219276734,101.29018168092823,0.64306640625,False,False,-3.122560679912567,46.4862585067749,-198.1346607208252,0.4364699125289917,-6.703123450279236,30.753672122955322,-6.88251294195652,16.21966063976288,-77.69334316253662,False
continuation/mixed_s11,p001204_a003011_000003,TRAIN,p001204,p001204_a003011,3,2048,46.00325952592644,123.74767276750504,0.5380859375,55.63445785136053,98.65689253051819,0.458984375,-9.631198325434092,25.090780236986845,0.0791015625,41.91812339412415,111.69351358485159,0.56787109375,False,False,-3.321118652820587,44.973552227020264,-203.10580730438232,0.14268606901168823,-6.882913410663605,14.190435409545898,-7.82900839112699,14.35745507478714,-97.85729646682739,False
continuation/mixed_s11,p001204_a003011_000006,TRAIN,p001204,p001204_a003011,6,2048,48.72214154673624,133.49682158127877,0.51318359375,55.066875168168465,97.89893697109395,0.46240234375,-6.344733621432226,35.59788461018482,0.05078125,50.33701606685027,137.46839050123575,0.49658203125,False,False,-2.4496763944625854,49.317002296447754,-209.31673049926758,-0.42433664202690125,-2.8071701526641846,-8.209645748138428,-8.206719299778342,23.315101861953735,-129.81665134429932,False
continuation/mixed_s11,p001204_a003011_000008,TRAIN,p001204,p001204_a003011,8,2048,47.9839051978671,129.97922498415767,0.5234375,54.1593922975877,98.08040389180964,0.4658203125,-6.175487099720598,31.89882109234803,0.0576171875,49.175337588356285,135.9663938624245,0.50927734375,False,False,-2.430945634841919,49.46792125701904,-208.89127254486084,1.385614275932312,-2.7857720851898193,-8.942008018493652,-6.0359889175742865,23.427128791809082,-127.87508964538574,False
continuation/mixed_s11,p001204_a003011_000010,TRAIN,p001204,p001204_a003011,10,2048,47.677270777136286,131.12500710719323,0.52880859375,52.42268543315719,98.8335071830913,0.4814453125,-4.745414656020905,32.29149992410193,0.04736328125,47.91229297707608,132.09662697485257,0.52587890625,False,False,-2.6170387864112854,48.5154390335083,-205.5572271347046,-2.288214862346649,-4.942029714584351,-2.6705265045166016,-9.324775310233235,21.569475531578064,-119.28856372833252,False
continuation/mixed_s11,p001204_a003011_000012,TRAIN,p001204,p001204_a003011,12,2048,46.46876051043089,128.44457647882285,0.5390625,54.04640785321182,97.8848100884671,0.47314453125,-7.577647342780928,30.559766390355747,0.06591796875,43.54697444539708,118.83140871914308,0.5615234375,False,False,-2.7740001678466797,46.89228534698486,-204.30970191955566,0.6660521030426025,-6.734684109687805,10.290205478668213,-7.358897477388382,17.701774835586548,-105.05181550979614,False
continuation/mixed_s11,p001204_a003011_000015,TRAIN,p001204,p001204_a003011,15,2048,47.587743493685906,127.45044234258694,0.5185546875,53.20931343520696,96.5207416023186,0.4765625,-5.621569941521052,30.929700740268345,0.0419921875,41.210252136317806,112.02992164972393,0.58837890625,False,False,-2.9085353016853333,46.35137319564819,-201.89571380615234,4.000190645456314,-8.38141143321991,19.335389137268066,-2.2488515824079514,15.531450510025024,-92.90021657943726,False
continuation/mixed_s11,p001204_a003011_000017,TRAIN,p001204,p001204_a003011,17,2048,48.329211880555555,130.31861570919793,0.5234375,54.7574934677735,97.57815366193006,0.46240234375,-6.4282815872179455,32.74046204726787,0.06103515625,48.19556378665072,131.90924848954734,0.5185546875,False,False,-2.993255853652954,48.40141534805298,-208.71007442474365,1.377403736114502,-5.606934428215027,-3.000199794769287,-6.8174004554748535,20.366862416267395,-121.66446447372437,False
continuation/mixed_s11,p001210_a001226_000002,TRAIN,p001210,p001210_a001226,2,2048,64.07333161645843,254.99360625021626,0.42724609375,52.06786972144545,246.24101888749604,0.48486328125,12.005461895012985,8.75258736272022,-0.0576171875,48.7231275381103,237.3229151028191,0.51220703125,False,False,-2.7376599609851837,-3.839850425720215,-26.874423027038574,-0.9556394070386887,-4.034914076328278,42.08672046661377,0.613613985478878,-3.1684264540672302,-4.150450229644775,False
continuation/mixed_s11,p001210_a001226_000006,TRAIN,p001210,p001210_a001226,6,2048,76.50185419110841,249.3549968910192,0.408203125,53.63657248978645,229.41187538835757,0.474609375,22.865281701321955,19.943121502661626,-0.06640625,49.24216865683455,219.34231055547974,0.5048828125,False,False,-2.421226352453232,-0.6898045539855957,-40.48514366149902,-1.864944351837039,-6.034590303897858,54.23480272293091,0.7119246292859316,-0.7015988230705261,-6.584405899047852,False
continuation/mixed_s11,p001210_a001226_000010,TRAIN,p001210,p001210_a001226,10,2048,83.47490936466482,263.67205738303807,0.3779296875,54.97716187276188,242.42121738429836,0.4736328125,28.497747491902942,21.250839998739707,-0.095703125,51.2776418489554,237.7577273779219,0.49169921875,False,False,-2.6817843317985535,3.2085776329040527,-52.68073081970215,0.859476625919342,-6.897119805216789,62.00438737869263,0.6364099681377411,2.1227840334177017,-8.760690689086914,False
continuation/mixed_s11,p001210_a001226_000014,TRAIN,p001210,p001210_a001226,14,2048,72.02770412519001,251.56486751056562,0.41357421875,54.06859856727202,235.9481539618425,0.470703125,17.959105557917994,15.616713548723112,-0.05712890625,51.93569716567767,227.5780380253381,0.48486328125,False,False,-2.13528610765934,-2.1236538887023926,-34.97421741485596,-0.6954371929168701,-6.257297471165657,50.853431224823,-0.2538412809371948,-2.666490152478218,-5.141913890838623,False
continuation/mixed_s11,p001210_a001226_000018,TRAIN,p001210,p001210_a001226,18,2048,76.12199447682934,258.4509312490805,0.39453125,55.24727191670432,236.62486612588629,0.4755859375,20.874722560125022,21.826065123194212,-0.0810546875,49.9605779377018,227.6969796432146,0.5,False,False,-2.4229995906352997,-0.9827613830566406,-41.098833084106445,-1.6101643850561231,-5.944177508354187,57.53737688064575,0.09912732639349997,-1.9824253395199776,-5.941271781921387,False
continuation/mixed_s11,p001210_a001226_000022,TRAIN,p001210,p001210_a001226,22,2048,75.82720235535389,282.731540124083,0.39013671875,52.8110176237638,258.8843332723018,0.48095703125,23.016184731590087,23.84720685178121,-0.0908203125,49.38026051794552,248.21843815602966,0.50390625,False,False,-2.0613986998796463,-0.7801055908203125,-42.826294898986816,-2.441233955323696,-7.321998476982117,55.537521839141846,1.9290810450911522,-0.9982213377952576,-6.613969802856445,False
continuation/mixed_s11,p001210_a001226_000026,TRAIN,p001210,p001210_a001226,26,2048,80.48579125250234,262.1129480875174,0.38134765625,51.013356255461844,238.5420769501823,0.494140625,29.472434997040494,23.570871137335104,-0.11279296875,49.080194382855,229.96342501348565,0.50439453125,False,False,-2.5276076048612595,1.9966959953308105,-52.08325386047363,-3.307218663394451,-8.91963392496109,61.95789575576782,0.1825457438826561,0.41206181049346924,-7.89111852645874,False
continuation/mixed_s11,p001210_a001226_000030,TRAIN,p001210,p001210_a001226,30,2048,87.83233378658164,260.94336057252605,0.3525390625,50.863111862691525,221.84705930518805,0.4931640625,36.96922192389012,39.09630126733799,-0.140625,49.19611547032032,215.0517649912487,0.50830078125,False,False,-2.4459436535835266,4.4130682945251465,-60.1346492767334,-1.2024007737636566,-8.150652050971985,67.59577989578247,1.5388987958431244,0.17653405666351318,-8.006691932678223,False
continuation/mixed_s11,p001216_a001423_000001,TRAIN,p001216,p001216_a001423,1,2048,28.504349338423403,91.27968263489534,0.7529296875,79.48474710008686,156.90795082022206,0.2138671875,-50.98039776166346,-65.62826818532672,0.5390625,18.19687208407055,77.04647724115598,0.83154296875,False,False,1.2748371809720993,47.64217138290405,-184.88001823425293,-3.419443964958191,-3.8771405816078186,24.66404438018799,4.476282076211646,8.260451257228851,-62.950491905212445,False
continuation/mixed_s11,p001216_a001423_000004,TRAIN,p001216,p001216_a001423,4,2048,39.69515501344845,101.75719332240236,0.63134765625,81.20562540749592,163.58765063329304,0.20751953125,-41.510470394047466,-61.83045731089068,0.423828125,20.582180925167727,79.47655903715629,0.82666015625,False,False,1.9355304539203644,54.7635555267334,-209.35308933258057,-5.042731761932373,-10.304518043994904,41.92763566970825,0.6519649177789688,7.888190448284149,-67.79074668884282,False
continuation/mixed_s11,p001216_a001423_000007,TRAIN,p001216,p001216_a001423,7,2048,49.24170231704953,105.77243442744201,0.50634765625,83.83467670305336,164.29465013289237,0.19189453125,-34.59297438600383,-58.522215705450364,0.314453125,24.387945860285708,82.8638610883314,0.81103515625,False,False,2.3740772157907486,62.8085732460022,-232.55574703216553,-5.349364131689072,-14.771122485399246,54.07857894897461,3.502238541841507,8.201055228710175,-78.76753807067875,False
continuation/mixed_s11,p001216_a001423_000010,TRAIN,p001216,p001216_a001423,10,2048,32.88605567211214,96.58437645465695,0.70947265625,79.77705446201745,157.8127422030413,0.2041015625,-46.890998789905304,-61.22836574838435,0.50537109375,18.85361024079937,76.16630480761592,0.83447265625,False,False,1.525338739156723,50.453901290893555,-195.73485851287842,-2.6339441537857056,-7.198989391326904,31.934499740600586,5.669843405485153,6.643950939178467,-68.24702024459843,False
continuation/mixed_s11,p001216_a001423_000013,TRAIN,p001216,p001216_a001423,13,2048,27.448016884181897,87.53911888845468,0.7666015625,80.91213301334636,162.05940805982888,0.19580078125,-53.464116129164466,-74.5202891713742,0.57080078125,19.486758037995415,75.95615172319616,0.83642578125,False,False,1.026121899485588,47.5427508354187,-182.78872966766357,-3.2666344195604324,-4.496067762374878,22.14103937149048,3.1694304198026657,8.515588939189911,-65.27227163314812,False
continuation/mixed_s11,p001216_a001423_000016,TRAIN,p001216,p001216_a001423,16,2048,48.51068194849911,108.33294769268285,0.5146484375,79.35212649958287,160.46444112158292,0.21240234375,-30.841444551083754,-52.13149342890007,0.30224609375,22.791763331294803,82.7459411869929,0.80517578125,False,False,2.30221264064312,58.92002582550049,-224.79605674743652,-5.2394624799489975,-14.031097292900085,52.14047431945801,3.3615529537200928,9.077593684196472,-76.82394981384282,False
continuation/mixed_s11,p001216_a001423_000019,TRAIN,p001216,p001216_a001423,19,2048,47.69277640717897,104.28106050254809,0.52685546875,78.87259702678404,160.72218909242628,0.21630859375,-31.179820619605067,-56.44112858987819,0.310546875,21.295389683517925,78.26429193981971,0.82666015625,False,False,1.286342740058899,59.792399406433105,-219.7105884552002,-5.830312147736549,-13.872876763343811,51.43159627914429,-0.02056919038295746,10.119453072547913,-72.60423898696904,False
continuation/mixed_s11,p001216_a001423_000022,TRAIN,p001216,p001216_a001423,22,2048,50.241314836778315,106.49088495522862,0.4970703125,77.87654876539324,158.34436802352528,0.208984375,-27.635233928614923,-51.853483068296654,0.2880859375,22.854205810284366,82.64318996928932,0.80908203125,False,False,2.096761018037796,59.01569128036499,-225.62313079833984,-5.918441340327263,-15.445604920387268,53.28333377838135,0.48945285379886627,10.405972599983215,-74.5794773101807,False
continuation/mixed_s11,p001225_a005341_000001,TRAIN,p001225,p001225_a005341,1,2048,19.682492076812196,60.36420930574962,0.90478515625,116.59697805771692,184.67824192110177,0.056640625,-96.91448598090473,-124.31403261535215,0.84814453125,14.438935028099287,56.20682350425428,0.92626953125,False,False,-4.924379289150238,40.24380445480347,-186.23697757720947,6.650131195783615,-2.780795097351074,15.564501285552979,8.33498127758503,-25.840483605861664,-26.018559932708822,False
continuation/mixed_s11,p001225_a005341_000005,TRAIN,p001225,p001225_a005341,5,2048,24.226326797710232,63.04392227873821,0.8974609375,111.29414472326107,183.25612979107137,0.06103515625,-87.06781792555084,-120.21220751233317,0.83642578125,15.252508700798156,54.12510175079658,0.9267578125,False,False,-5.251035094261169,42.478084564208984,-192.3966407775879,5.198589060455561,-5.578041076660156,25.24667978286743,5.337522830814123,-22.913426160812378,-26.934683322906576,False
continuation/mixed_s11,p001225_a005341_000009,TRAIN,p001225,p001225_a005341,9,2048,20.847722979928953,64.0592877156339,0.89111328125,113.01711646460822,185.2446410014072,0.06005859375,-92.16939348467926,-121.18535328577329,0.8310546875,15.089654648592786,57.104784990378775,0.9150390625,False,False,-5.359083414077759,39.348602294921875,-183.56764316558838,6.301000714302063,-4.51533030718565,16.527295112609863,5.770856514573097,-25.722826831042767,-25.189995765686117,False
continuation/mixed_s11,p001225_a005341_000013,TRAIN,p001225,p001225_a005341,13,2048,28.38747112485342,72.75757632237752,0.84423828125,115.49626437426059,184.63269650765676,0.07275390625,-87.10879324940717,-111.87512018527924,0.771484375,15.59742857272333,59.42796142355961,0.90380859375,False,False,-5.662955343723297,46.09137773513794,-202.63314247131348,5.575088784098625,-5.280018725898117,32.662272453308105,6.656598299741745,-18.23632506420836,-28.176248073577963,False
continuation/mixed_s11,p001225_a005341_000016,TRAIN,p001225,p001225_a005341,16,2048,30.64675155997295,76.08938066896172,0.8251953125,113.13352690706395,178.91154057771647,0.06787109375,-82.486775347091,-102.82215990875474,0.75732421875,16.263569803780186,59.874899975907994,0.90234375,False,False,-5.650162696838379,46.632349491119385,-206.30979537963867,5.799878388643265,-5.964465439319611,35.80754995346069,7.791474461555481,-17.804302275180817,-32.0996046066285,False
continuation/mixed_s11,p001225_a005341_000020,TRAIN,p001225,p001225_a005341,20,2048,15.841092941371613,56.169506467403636,0.91845703125,114.74482450160612,185.41369925863262,0.060546875,-98.9037315602345,-129.24419279122898,0.85791015625,14.968916046777505,55.78239558514535,0.91796875,False,False,-5.84246963262558,33.127427101135254,-167.50597953796387,5.8128722012043,-0.9585879743099213,1.3369321823120117,4.545014351606369,-28.805057518184185,-25.51388740539559,False
continuation/mixed_s11,p001225_a005341_000024,TRAIN,p001225,p001225_a005341,24,2048,18.654202523988907,63.034326283936466,0.89306640625,111.05837180123693,188.65706987738193,0.06884765625,-92.40416927724803,-125.62274359344546,0.82421875,15.825496902257953,59.67958694001394,0.9033203125,False,False,-6.014242768287659,35.32654047012329,-173.9175319671631,5.615681409835815,-2.4484992027282715,8.325338363647461,4.0764883160591125,-26.09030529856682,-25.210022926330648,False
continuation/mixed_s11,p001225_a005341_000028,TRAIN,p001225,p001225_a005341,28,2048,29.612334559587055,75.03639507691817,0.818359375,109.98619106642036,184.64020488206225,0.07421875,-80.3738565068333,-109.60380980514408,0.744140625,17.486309410378887,60.1567020569882,0.90380859375,False,False,-5.913160741329193,45.47834396362305,-202.00538635253906,6.66844192892313,-4.776328802108765,34.6645712852478,5.874364171177149,-17.824113368988037,-31.041741371154867,False
continuation/mixed_s11,p001226_a000223_000006,TRAIN,p001226,p001226_a000223,6,2048,37.31181006394064,91.94490173885596,0.64013671875,19.199757868003537,45.52364659523383,0.974609375,18.112052195937103,46.42125514362213,-0.33447265625,28.412149471141763,66.02295762762803,0.80908203125,False,False,-2.8907805681228638,14.319837093353271,-55.230021476745605,1.0045170783996582,-11.121034622192383,28.91850471496582,-2.129465341567993,7.23503902554512,-45.915961265563965,False
continuation/mixed_s11,p001226_a000223_000021,TRAIN,p001226,p001226_a000223,21,2048,37.004086480732234,89.44136909689112,0.64404296875,18.810913047502215,46.289888628093415,0.9677734375,18.19317343323002,43.15148046879771,-0.32373046875,25.640090433343467,60.545663000630874,0.85888671875,False,False,-2.9278844594955444,13.835132122039795,-53.86757850646973,0.12598815374076366,-12.057837098836899,33.65182876586914,-3.812429727986455,5.695465952157974,-39.23940658569336,False
continuation/mixed_s11,p001226_a000223_000036,TRAIN,p001226,p001226_a000223,36,2048,48.98630474380187,123.02761732690001,0.509765625,12.094221311673532,40.716456221040765,0.98095703125,36.89208343212833,82.31116110585924,-0.47119140625,49.2640390918196,119.20784664410576,0.50732421875,False,False,2.641923725605011,45.66144943237305,-142.5187587738037,0.6597191095352173,3.731474280357361,6.04778528213501,0.9830966591835022,51.12758278846741,-138.00543546676636,False
continuation/mixed_s11,p001226_a000223_000051,TRAIN,p001226,p001226_a000223,51,2048,39.76139782117288,96.58089974143023,0.59033203125,18.098095401479142,42.923491024202086,0.982421875,21.663302419693736,53.657408717228144,-0.39208984375,39.31360014692088,97.9737776685224,0.59423828125,False,False,-2.119705080986023,18.92143487930298,-75.54078102111816,3.0477121472358704,1.1100322008132935,2.6398301124572754,-1.6615623608231544,26.244863867759705,-89.76632356643677,False
continuation/mixed_s11,p001226_a000223_000066,TRAIN,p001226,p001226_a000223,66,2048,31.794675878385494,70.87483776486347,0.740234375,21.48289879830164,49.214740573253316,0.9560546875,10.311777080083854,21.660097191610156,-0.2158203125,17.43721478650494,39.79717719291985,0.98583984375,False,False,-3.6804452538490295,6.385326385498047,-25.834321975708008,-2.00024526566267,-11.244185268878937,38.64145278930664,-7.026287727057934,4.30617481470108,-11.446774005889893,False
continuation/mixed_s11,p001226_a000223_000081,TRAIN,p001226,p001226_a000223,81,2048,47.08862085608871,103.94897533369787,0.52490234375,11.556542392309572,39.407867148795546,0.982421875,35.532078463779136,64.54110818490233,-0.45751953125,38.96296584497606,92.31629097976031,0.61376953125,False,False,-5.982309579849243,28.7206768989563,-128.62813472747803,2.6642829179763794,-10.231345891952515,31.758368015289307,-3.9949826896190643,15.140983276069164,-87.91393041610718,False
continuation/mixed_s11,p001226_a000223_000096,TRAIN,p001226,p001226_a000223,96,2048,39.53172403483432,97.36355459119758,0.6103515625,19.687278038426456,46.6711079887192,0.9658203125,19.844445996407863,50.692446602478384,-0.35546875,36.974425927612984,87.29478919194231,0.64599609375,False,False,-2.764590084552765,15.068292617797852,-59.885501861572266,-1.7762873321771622,-4.572510719299316,11.662185192108154,-5.7946796878241,17.107218503952026,-71.83384895324707,False
continuation/mixed_s11,p001226_a000223_000111,TRAIN,p001226,p001226_a000223,111,2048,40.07908000505982,96.97215872811702,0.58740234375,20.77454832896119,49.0739306971037,0.95849609375,19.304531676098634,47.898228031013325,-0.37109375,39.503160796239,96.64625809185655,0.5888671875,False,False,-0.45080482959747314,25.722622871398926,-80.47151565551758,2.5486499071121216,1.5690922737121582,3.168940544128418,0.23343414068222046,33.698245882987976,-100.21036863327026,False
continuation/mixed_s11,p001231_a000029_000001,TRAIN,p001231,p001231_a000029,1,2048,55.38664518733628,170.66244545884197,0.4599609375,26.81208442114278,118.27619113133653,0.7666015625,28.574560766193496,52.38625432750544,-0.306640625,37.365482996988675,139.93455262459344,0.634765625,False,False,-2.1696495823562145,-6.68489933013916,-77.16834545135498,8.86086153332144,-6.302289664745331,50.35668611526489,5.5996422888711095,-7.490433752536774,-51.162898540496826,False
continuation/mixed_s11,p001231_a000029_000003,TRAIN,p001231,p001231_a000029,3,2048,56.900414302401,173.44538283480009,0.447265625,28.043160265473347,117.41634305045437,0.759765625,28.857254036927657,56.02903978434571,-0.3125,40.699431479012105,144.36280300357998,0.59228515625,False,False,-1.9986839033663273,-6.194591522216797,-79.22053337097168,13.01562786102295,-5.020052194595337,48.542678356170654,10.251508560031652,-6.064213812351227,-55.25463819503784,False
continuation/mixed_s11,p001231_a000029_000005,TRAIN,p001231,p001231_a000029,5,2048,56.683310842679965,168.01274859365373,0.4462890625,29.052741960597,120.20078549486368,0.74560546875,27.630568882082965,47.811963098790045,-0.29931640625,39.78954595560284,142.60899074879597,0.60693359375,False,False,-2.3371451534330845,-6.933808326721191,-74.6074914932251,12.415729463100433,-4.933260381221771,48.09093475341797,11.235726065933704,-5.464434623718262,-52.26105451583862,False
continuation/mixed_s11,p001231_a000029_000007,TRAIN,p001231,p001231_a000029,7,2048,56.33995961119119,168.32039704263374,0.4541015625,27.4468766259009,109.38045261537209,0.75830078125,28.89308298529029,58.93994442726165,-0.30419921875,44.38912408486403,144.3781721985042,0.548828125,False,False,-1.8991720862686634,-6.164669990539551,-81.30121231079102,15.081755816936493,0.29088184237480164,37.81867027282715,13.168427627533674,0.36757439374923706,-71.2549090385437,False
continuation/mixed_s11,p001231_a000029_000008,TRAIN,p001231,p001231_a000029,8,2048,55.57807291797229,164.9813883435293,0.447265625,29.02733707963648,117.02938688059832,0.7529296875,26.55073583833581,47.952001462930966,-0.3056640625,36.5031877845466,134.9498100195176,0.64990234375,False,False,-2.20865267328918,-7.895112037658691,-72.48759269714355,10.818402282893658,-6.2614381313323975,54.58271503448486,8.717917138710618,-7.817089557647705,-44.516146183013916,False
continuation/mixed_s11,p001231_a000029_000010,TRAIN,p001231,p001231_a000029,10,2048,54.50169526150985,172.4630993112687,0.45361328125,28.62401524487104,118.46132540004616,0.76513671875,25.877680016638813,54.00177391122254,-0.3115234375,40.86532566968424,143.59278500004368,0.59375,False,False,-2.1882851142436266,-7.086515426635742,-76.10094547271729,11.872068047523499,-4.244491457939148,45.81022262573242,9.04387718765065,-5.281135439872742,-58.103084564208984,False
continuation/mixed_s11,p001231_a000029_000012,TRAIN,p001231,p001231_a000029,12,2048,57.48947644031304,174.517326212873,0.443359375,29.07492092188125,126.05269230411658,0.755859375,28.41455551843179,48.464633908756426,-0.3125,40.38515095745756,147.856734001409,0.611328125,False,False,-1.7697163857519627,-7.295966148376465,-74.90885257720947,13.490452140104026,-6.8010687828063965,49.340009689331055,11.964232835453004,-7.963825017213821,-52.17629671096802,False
continuation/mixed_s11,p001231_a000029_000014,TRAIN,p001231,p001231_a000029,14,2048,55.08678509553412,162.31237820263163,0.44775390625,28.419557884532537,109.55364402106942,0.771484375,26.66722721100158,52.75873418156222,-0.32373046875,35.4604933997648,126.28545756029226,0.6728515625,False,False,-2.207021228969097,-7.773995399475098,-72.88086414337158,13.065345585346222,-7.286097854375839,56.48547410964966,10.319693246856332,-8.984618820250034,-43.682992458343506,False
continuation/mixed_s11,p001231_a000075_000003,TRAIN,p001231,p001231_a000075,3,2048,40.89516354744476,97.9359797741687,0.6025390625,16.86170612208869,51.91760671706683,0.9453125,24.03345742535607,46.01837305710187,-0.3427734375,36.9263932284921,88.57993002053786,0.6494140625,False,False,-6.065584719181061,23.08940887451172,-67.63601303100586,5.083125084638596,-11.835815384984016,9.91910696029663,-0.936528667807579,11.913863942027092,-74.14448261260986,False
continuation/mixed_s11,p001231_a000075_000012,TRAIN,p001231,p001231_a000075,12,2048,33.68516517294355,81.69878268832666,0.68359375,16.240852835909415,48.834633571646464,0.9521484375,17.444312337034134,32.864149116680196,-0.2685546875,22.995793973575864,57.7625453955566,0.88623046875,False,False,-5.985787138342857,16.21842384338379,-52.60443687438965,4.798494279384613,-16.781926155090332,28.583109378814697,-2.3291781544685364,0.1986771821975708,-40.32623767852783,False
continuation/mixed_s11,p001231_a000075_000020,TRAIN,p001231,p001231_a000075,20,2048,40.84384709694571,107.82118157630994,0.5849609375,13.732859116079696,45.308579007498864,0.9658203125,27.110987980866014,62.512602568811076,-0.380859375,42.853718189206646,113.71489464098072,0.5791015625,False,False,-5.507349967956543,33.49882364273071,-94.43414211273193,4.624027758836746,3.7277638912200928,-9.5711350440979,-0.24120137095451355,40.47755151987076,-115.11099338531494,False
continuation/mixed_s11,p001231_a000075_000029,TRAIN,p001231,p001231_a000075,29,2048,40.34899487143795,104.57551222100018,0.58740234375,20.02130851414873,58.852570038283176,0.912109375,20.327686357289224,45.722942182717006,-0.32470703125,34.39298501759975,78.22286896225194,0.685546875,False,False,-6.563412956893444,27.90147066116333,-68.96138191223145,3.889039158821106,-13.757765293121338,28.956294059753418,-5.271575413644314,16.488924622535706,-55.4652214050293,False
continuation/mixed_s11,p001231_a000075_000037,TRAIN,p001231,p001231_a000075,37,2048,45.95583116610834,109.76197997038655,0.5380859375,19.138390212795215,59.12880409774157,0.9111328125,26.817440953313124,50.633175872644976,-0.373046875,44.38823374994629,106.66430132135591,0.55908203125,False,False,-5.191619507968426,37.5707745552063,-95.16513347625732,-2.1893009543418884,-0.7896870374679565,18.577873706817627,-8.062915992923081,37.65550255775452,-90.26169776916504,False
continuation/mixed_s11,p001231_a000075_000046,TRAIN,p001231,p001231_a000075,46,2048,47.759862595293995,114.19676819242733,0.52294921875,17.984031544315293,52.56751158870313,0.94140625,29.775831050978702,61.6292566037242,-0.41845703125,43.24719066825984,105.81352166688512,0.56640625,False,False,-5.943102762103081,32.9015851020813,-84.84196662902832,5.348325707018375,-8.415944874286652,16.42131805419922,-0.9565566433593631,28.551355004310608,-90.57867527008057,False
continuation/mixed_s11,p001231_a000075_000054,TRAIN,p001231,p001231_a000075,54,2048,43.909725119514064,121.91060586930487,0.55419921875,13.153745865872942,50.63194611758832,0.94775390625,30.755979253641122,71.27865975171656,-0.3935546875,43.63993106440144,121.02308287109359,0.55517578125,False,False,-5.267642438411713,36.50766611099243,-97.87023067474365,5.952030420303345,-5.502134561538696,1.064896583557129,1.9062176579609513,33.811718225479126,-105.74758052825928,False
continuation/mixed_s11,p001231_a000075_000063,TRAIN,p001231,p001231_a000075,63,2048,39.07102573250843,96.85921916247455,0.607421875,13.228300703690476,57.305266119002034,0.93408203125,25.842725028817956,39.55395304347251,-0.32666015625,24.599603939618824,73.50832229113702,0.8720703125,False,False,-6.590791046619415,20.518720149993896,-60.29188632965088,10.68454422056675,-13.99986445903778,35.15845537185669,4.84819058328867,9.582489728927612,-36.03941202163696,False
continuation/mixed_s11,p001231_a000214_000004,TRAIN,p001231,p001231_a000214,4,2048,43.577634721988154,96.68037908677196,0.5673828125,40.11875577909477,98.3213005613196,0.6171875,3.458878942893385,-1.640921474547639,-0.0498046875,39.80671985756216,97.80670821461645,0.61328125,False,False,-5.247548222541809,3.705918788909912,-17.208218574523926,2.407883293926716,5.0777047872543335,19.244670867919922,-5.932758562266827,9.944885969161987,-24.228572845458984,False
continuation/mixed_s11,p001231_a000214_000016,TRAIN,p001231,p001231_a000214,16,2048,42.628410021649,96.57968840249104,0.5625,37.98682289106762,99.79288760199279,0.63427734375,4.641587130581385,-3.2131991995017444,-0.07177734375,38.74476694160619,99.53361075601508,0.6259765625,False,False,-5.159176886081696,4.47458028793335,-21.908164024353027,1.4064619317650795,6.091028451919556,19.580602645874023,-6.119011901319027,12.085728347301483,-35.08418798446655,False
continuation/mixed_s11,p001231_a000214_000027,TRAIN,p001231,p001231_a000214,27,2048,52.913107181768524,166.99590841126525,0.47216796875,43.64657684420158,124.66382303421398,0.55224609375,9.266530337566941,42.33208537705127,-0.080078125,49.63607690778709,148.41207804475135,0.50439453125,False,False,-4.219213500618935,0.9953975677490234,-61.2642765045166,7.441021502017975,20.50529420375824,32.15944766998291,1.4640819281339645,22.081441711634398,-45.682311058044434,False
continuation/mixed_s11,p001231_a000214_000038,TRAIN,p001231,p001231_a000214,38,2048,77.0642740617705,228.25438007512443,0.3349609375,26.058724084158293,89.591441004035,0.7880859375,51.00554997761221,138.66293907108943,-0.453125,49.830549046816216,164.7524755892182,0.5009765625,False,False,-1.8760748207569122,-20.981192588806152,-200.69468021392822,7.5192078948020935,22.986192256212234,77.95828580856323,7.232804549857974,12.077295687049627,-147.4570631980896,False
continuation/mixed_s11,p001231_a000214_000049,TRAIN,p001231,p001231_a000214,49,2048,77.10319759342072,228.40794737139748,0.314453125,16.51265816889225,64.72579380975012,0.87255859375,60.590539424528465,163.68215356164737,-0.55810546875,49.417123989954426,167.36005989687877,0.505859375,False,False,-0.2873409539461136,-21.1104154586792,-237.8089427947998,6.235089153051376,15.332477167248726,74.43153858184814,6.243089213967323,0.25455839931964874,-170.51416635513306,False
continuation/mixed_s11,p001231_a000214_000060,TRAIN,p001231,p001231_a000214,60,2048,51.096241021869005,149.71496211894447,0.4873046875,28.51363131326407,78.81275123795758,0.74365234375,22.582609708604934,70.90221088098689,-0.25634765625,42.82407451651595,124.93008409559759,0.55322265625,False,False,-3.2865311950445175,3.575444221496582,-122.42865562438965,7.523834705352783,7.831253111362457,39.32446241378784,6.804769858717918,23.221835494041443,-110.02802848815918,False
continuation/mixed_s11,p001231_a000214_000071,TRAIN,p001231,p001231_a000214,71,2048,41.217131142801136,101.74775478317596,0.58447265625,39.52173769320352,99.22821403569152,0.6123046875,1.695393449597617,2.5195407474844416,-0.02783203125,42.30452104053719,102.46042495013945,0.5869140625,False,False,-6.206132471561432,2.660512924194336,-15.094995498657227,3.3419467508792877,8.98963212966919,2.892911434173584,-6.702885031700134,12.347705662250519,-36.6101861000061,False
continuation/mixed_s11,p001231_a000214_000083,TRAIN,p001231,p001231_a000214,83,2048,43.58593944957606,103.62886144981681,0.5595703125,41.96404949520783,99.9070307810033,0.57958984375,1.6218899543682284,3.72183066881351,-0.02001953125,42.64735440444538,100.20489777506324,0.56005859375,False,False,-5.922273732721806,4.336535930633545,-18.674850463867188,4.327789647504687,8.558705449104309,10.349452495574951,-5.032249027863145,7.253088057041168,-15.480577945709229,False
continuation/mixed_s11,p100067_a005746_000002,TRAIN,p100067,p100067_a005746,2,2048,35.074075492235934,86.26980212113298,0.69775390625,46.51901096295711,116.34596381666584,0.53564453125,-11.444935470721177,-30.07616169553286,0.162109375,20.598446234996032,67.84257547213993,0.86572265625,False,False,-10.191444307565689,15.07866382598877,-140.53046703338623,4.405569285154343,-25.325916707515717,33.29968452453613,-0.38176774978637695,-32.044969499111176,-47.89334535598755,False
continuation/mixed_s11,p100067_a005746_000008,TRAIN,p100067,p100067_a005746,8,2048,37.0177593263886,87.97077573797847,0.67822265625,51.83557526028069,115.61601858068647,0.48388671875,-14.817815933892092,-27.645242842708,0.1943359375,21.429476648305844,69.8552014401996,0.85546875,False,False,-10.19527018070221,15.677452087402344,-148.19800853729248,2.9730023816227913,-26.41100436449051,33.11043977737427,-2.462039701640606,-34.211304038763046,-51.82230472564697,False
continuation/mixed_s11,p100067_a005746_000014,TRAIN,p100067,p100067_a005746,14,2048,36.64331664715775,88.65680564014451,0.677734375,51.6059917118162,115.01020919268521,0.48828125,-14.962675064658455,-26.353403552540698,0.189453125,21.950230172287213,68.68733052231909,0.8330078125,False,False,-9.72454622387886,17.717361450195312,-151.3293981552124,4.33909147977829,-25.61726327985525,31.864464282989502,-0.41222991421818733,-30.825666151940823,-56.02991580963135,False
continuation/mixed_s11,p100067_a005746_000020,TRAIN,p100067,p100067_a005746,20,2048,34.86052964951165,86.42133710254767,0.6875,56.93898587700061,120.74344515749844,0.4326171875,-22.078456227488964,-34.322108054950775,0.2548828125,21.584820871635948,65.12655206514125,0.88916015625,False,False,-10.060545057058334,17.52525568008423,-156.1298370361328,1.6085710376501083,-28.270268812775612,35.50422191619873,-2.778753638267517,-35.04536487162113,-51.24366283416748,False
continuation/mixed_s11,p100067_a005746_000026,TRAIN,p100067,p100067_a005746,26,2048,34.549065638636044,84.44575195574743,0.705078125,55.12976171144135,116.30692171742368,0.45263671875,-20.580696072805303,-31.86116976167625,0.25244140625,19.81748463273454,67.05467550567217,0.87939453125,False,False,-9.9920853972435,17.45694875717163,-150.40242671966553,2.09804717451334,-27.0119309425354,34.70563888549805,-2.373439259827137,-32.413214445114136,-47.921061515808105,False
continuation/mixed_s11,p100067_a005746_000032,TRAIN,p100067,p100067_a005746,32,2048,35.71641647151209,88.1792680831775,0.68115234375,54.20278507413967,122.3160256165052,0.46337890625,-18.48636860262758,-34.136757533327696,0.2177734375,22.348677117973917,70.72775947516838,0.857421875,False,False,-9.962581098079681,16.225218772888184,-151.16000175476074,1.49464700371027,-23.597456514835358,34.63178873062134,-2.973265014588833,-30.09883314371109,-51.15705728530884,False
continuation/mixed_s11,p100067_a005746_000038,TRAIN,p100067,p100067_a005746,38,2048,32.38235021457457,85.75869839969792,0.71044921875,50.402294630335675,117.45338334760436,0.4970703125,-18.019944415761103,-31.69468494790644,0.21337890625,21.862082257517525,70.16506853296775,0.8701171875,False,False,-9.56977903842926,15.823960304260254,-143.18907260894775,0.5778782069683075,-22.7215476334095,32.26262331008911,-4.135645925998688,-28.374824672937393,-49.51900243759155,False
continuation/mixed_s11,p100067_a005746_000044,TRAIN,p100067,p100067_a005746,44,2048,33.18813882729194,86.49920704286569,0.69970703125,50.59710148137906,123.43969977139797,0.4951171875,-17.408962654087127,-36.94049272853228,0.20458984375,23.37864612565803,72.4349618496552,0.8330078125,False,False,-9.840968996286392,16.47627353668213,-146.7055082321167,-1.263260841369629,-24.45511519908905,30.498921871185303,-6.150718778371811,-29.6580009162426,-54.46577072143555,False
continuation/mixed_s11,p100069_a005191_000006,TRAIN,p100069,p100069_a005191,6,2048,33.82104454766396,98.63860009677163,0.640625,54.988573501885625,108.76001548352532,0.474609375,-21.167528954221666,-10.121415386753696,0.166015625,30.631533601895143,79.82825357957311,0.6982421875,False,False,-2.7831867337226868,54.05038595199585,-197.6163387298584,1.2294072657823563,-12.376263737678528,19.25724744796753,-1.1939182877540588,10.203336831182241,-80.29687404632573,False
continuation/mixed_s11,p100069_a005191_000021,TRAIN,p100069,p100069_a005191,21,2048,40.01849023316586,113.80937303979293,0.5927734375,57.839940600405754,105.6991143131848,0.439453125,-17.82145036723989,8.110258726608137,0.1533203125,39.18425589341274,112.49941999357671,0.59716796875,False,False,-3.3110361546278,57.115137577056885,-215.11495113372803,5.36147877573967,-10.348930954933167,-2.126634120941162,1.9247066229581833,11.060357093811035,-123.75557422637932,False
continuation/mixed_s11,p100069_a005191_000037,TRAIN,p100069,p100069_a005191,37,2048,36.89675249246766,101.17809207067933,0.62548828125,84.38626387012857,124.4195955330136,0.2998046875,-47.48951137766091,-23.24150346233428,0.32568359375,28.705579048843727,68.72950087701835,0.7587890625,False,False,-1.9256947562098503,50.72063207626343,-205.6199312210083,-0.336572527885437,-10.077252984046936,37.79304027557373,-3.0540479347109795,-0.12117624282836914,-62.08634376525872,False
continuation/mixed_s11,p100069_a005191_000052,TRAIN,p100069,p100069_a005191,52,2048,36.36362493337572,101.74624348574186,0.6328125,52.01422452002487,102.3848428861382,0.4794921875,-15.65059958664915,-0.6385994003963447,0.1533203125,29.11401842337096,77.09253194260508,0.7294921875,False,False,-3.2436903566122055,49.67695474624634,-190.60778617858887,6.9792065769433975,-8.727341890335083,30.485451221466064,4.331750795245171,21.19634300470352,-78.71419191360478,False
continuation/mixed_s11,p100069_a005191_000068,TRAIN,p100069,p100069_a005191,68,2048,27.245054043871086,73.56956838066934,0.76611328125,51.529747920960546,94.69718544356839,0.48486328125,-24.28469387708946,-21.12761706289905,0.28125,15.093130859566877,45.437001173827284,0.96240234375,False,False,-3.5260505974292755,42.54227876663208,-138.4716033935547,2.909589558839798,-19.465580582618713,34.26790237426758,0.3910418599843979,-6.588727235794067,-34.95967388153076,False
continuation/mixed_s11,p100069_a005191_000083,TRAIN,p100069,p100069_a005191,83,2048,36.25488811572316,92.23327386816307,0.630859375,81.21626174413178,121.94832875652848,0.2919921875,-44.96137362840862,-29.715054888365415,0.3388671875,28.630196460251014,59.56059120783834,0.845703125,False,False,-3.321761265397072,45.85224390029907,-195.93191146850586,-7.12662935256958,-13.642609119415283,38.186073303222656,-11.105140671133995,-6.768524646759033,-51.9593954086303,False
continuation/mixed_s11,p100069_a005191_000099,TRAIN,p100069,p100069_a005191,99,2048,31.831432313254815,96.53184517515948,0.67822265625,65.26221358121695,116.53813104094284,0.39599609375,-33.43078126796214,-20.00628586578337,0.2822265625,29.700385947332244,76.38413105498547,0.76171875,False,False,-4.332825541496277,48.71410131454468,-193.8626766204834,-2.2873530397191644,-11.362254619598389,21.754443645477295,-5.667825811542571,7.242899388074875,-69.02617216110222,False
continuation/mixed_s11,p100069_a005191_000114,TRAIN,p100069,p100069_a005191,114,2048,42.55932977188331,94.09580616155532,0.59130859375,38.024112553567534,90.4117489943963,0.60498046875,4.535217218315779,3.684057167159011,-0.013671875,15.253429132987273,52.28161169629704,0.9443359375,False,False,-2.334626391530037,48.36827516555786,-150.51555633544922,2.6766695082187653,-26.8685519695282,55.29820919036865,1.0580179832686554,-2.08987295627594,-44.41148042678833,False
continuation/mixed_s11,p100069_a005746_000002,TRAIN,p100069,p100069_a005746,2,2048,28.95700368011632,71.07034921835252,0.76611328125,12.307641139063419,92.22806609145366,0.84912109375,16.649362541052902,-21.157716873101137,-0.0830078125,19.7805210913531,74.97335948514817,0.88037109375,False,False,-6.73316977918148,4.195928573608398,-58.72535705566406,0.2673491835594177,-12.950010597705841,34.12818908691406,-5.4957084357738495,-13.66451382637024,-22.021114826202393,False
continuation/mixed_s11,p100069_a005746_000008,TRAIN,p100069,p100069_a005746,8,2048,29.497172822452363,76.91183857452378,0.71484375,12.801201438234763,85.80120029800285,0.87158203125,16.6959713842176,-8.88936172347907,-0.15673828125,24.32304193404897,65.29336131152756,0.88134765625,False,False,-7.034381851553917,8.010923862457275,-78.72438430786133,2.152875065803528,-12.267641723155975,25.698363780975342,-4.456410184502602,-9.88372415304184,-45.03995180130005,False
continuation/mixed_s11,p100069_a005746_000014,TRAIN,p100069,p100069_a005746,14,2048,28.673981770197987,71.53055561510989,0.744140625,12.581541742777894,93.87289891819641,0.85888671875,16.092440027420093,-22.342343303086523,-0.11474609375,21.625322104524564,69.13839269209832,0.89208984375,False,False,-6.241217255592346,5.20855188369751,-67.83437728881836,1.861177384853363,-11.806344613432884,30.698120594024658,-2.5838124565780163,-11.063894256949425,-33.1418514251709,False
continuation/mixed_s11,p100069_a005746_000020,TRAIN,p100069,p100069_a005746,20,2048,32.28359989126934,91.26350773416178,0.68798828125,12.105254393746073,87.31290295413129,0.87353515625,20.178345497523267,3.9506047800304884,-0.185546875,30.39066807635571,85.24084655499419,0.70068359375,False,False,-6.881602108478546,11.789858341217041,-91.92633628845215,2.2671923725283705,-2.8800219297409058,6.681323051452637,-3.236830911191646,4.651874303817749,-81.30580186843872,False
continuation/mixed_s11,p100069_a005746_000027,TRAIN,p100069,p100069_a005746,27,2048,32.790487928652624,90.24826922927562,0.6748046875,12.732396261745713,92.54430748554883,0.86767578125,20.05809166690691,-2.2960382562732065,-0.19287109375,31.6376591876824,83.08287546368796,0.68994140625,False,False,-6.865371018648148,11.651039123535156,-91.66860580444336,0.46622753143310547,-2.835836261510849,8.665680885314941,-4.4824667274951935,4.044706001877785,-77.35705375671387,False
continuation/mixed_s11,p100069_a005746_000033,TRAIN,p100069,p100069_a005746,33,2048,31.615321253465133,81.64103194053496,0.685546875,12.911130710543603,92.06778705385794,0.8681640625,18.70419054292153,-10.426755113322983,-0.1826171875,30.87183057997238,68.47375240824053,0.75439453125,False,False,-6.3929483294487,9.666800498962402,-82.16845989227295,4.2473869398236275,-9.979814291000366,15.293121337890625,-1.2031467631459236,-4.029005765914917,-61.0278844833374,False
continuation/mixed_s11,p100069_a005746_000039,TRAIN,p100069,p100069_a005746,39,2048,29.734830226271924,69.08131772646456,0.7353515625,11.886279801818105,92.29317105874065,0.8759765625,17.84855042445382,-23.211853332276092,-0.140625,18.279426244499756,75.62837301315425,0.89208984375,False,False,-6.374366581439972,5.151689052581787,-64.51880931854248,3.581549972295761,-13.05285096168518,37.02801465988159,-0.9762155823409557,-12.13720440864563,-21.200716495513916,False
continuation/mixed_s11,p100069_a005746_000045,TRAIN,p100069,p100069_a005746,45,2048,30.915713356440534,80.89986384083225,0.68505859375,12.438851479910575,96.52182556007321,0.86279296875,18.47686187652996,-15.621961719240957,-0.177734375,29.936252252807904,70.35498125991569,0.748046875,False,False,-6.407475098967552,9.49782133102417,-80.83653450012207,3.19880893221125,-8.531937841325998,14.981985092163086,-0.8541634888388216,-3.102781716734171,-60.69976091384888,False
continuation/mixed_s11,p100072_a001242_000006,TRAIN,p100072,p100072_a001242,6,2048,38.06289634639841,98.16355851459316,0.62890625,33.923015302276795,80.138259366853,0.6875,4.139881044121616,18.025299147740157,-0.05859375,27.593480754060124,83.82910084244581,0.74462890625,False,False,2.026796340942383,5.868971347808838,-184.76557731628418,2.9972419142723083,-2.3071318864822388,25.373220443725586,3.211948147509247,-0.8866172283887863,-96.65453433990479,False
continuation/mixed_s11,p100072_a001242_000020,TRAIN,p100072,p100072_a001242,20,2048,33.2079778098664,88.37189137625428,0.69482421875,28.380082856618216,68.66376098762477,0.79541015625,4.827894953248183,19.708130388629513,-0.1005859375,28.164740140033544,81.36515812287112,0.75830078125,False,False,-0.2946779131889343,3.45456600189209,-161.4532470703125,2.1248310804367065,2.3129507899284363,16.222774982452393,1.2438930571079254,3.728073090314865,-92.11409091949463,False
continuation/mixed_s11,p100072_a001242_000034,TRAIN,p100072,p100072_a001242,34,2048,46.0138407880887,125.47874628098367,0.537109375,16.00655467486463,48.44128126904561,0.95703125,30.00728611322407,77.03746501193805,-0.419921875,30.068240694973674,94.72228312458184,0.72900390625,False,False,-0.39092451333999634,3.7103891372680664,-151.76689624786377,2.255640923976898,-4.2508128099143505,40.39609432220459,2.555452287197113,3.1008911319077015,-109.39085483551025,False
continuation/mixed_s11,p100072_a001242_000048,TRAIN,p100072,p100072_a001242,48,2048,80.49824495671935,314.6171814619775,0.29443359375,24.13721493692853,141.48582969963851,0.74462890625,56.36103001979082,173.131351762339,-0.4501953125,62.75487518514258,291.20434078782625,0.4130859375,False,False,5.134858191013336,1.8286705017089844,-282.76944160461426,6.449412554502487,-54.569169878959656,-0.47141313552856445,15.320653445087373,-54.58604544401169,-291.7402386665344,False
continuation/mixed_s11,p100072_a001242_000063,TRAIN,p100072,p100072_a001242,63,2048,75.18039939991368,304.6488966363389,0.29931640625,24.357029402006894,109.54353325449583,0.77734375,50.82336999790679,195.1053633818431,-0.47802734375,58.034183297295215,305.72088033102017,0.43994140625,False,False,5.73614239692688,2.352595329284668,-281.6898822784424,2.2290125489234924,-47.243802808225155,-10.500490665435791,10.5210542678833,-46.836583875119686,-303.37852239608765,False
continuation/mixed_s11,p100072_a001242_000077,TRAIN,p100072,p100072_a001242,77,2048,29.47367005176184,97.05687461799074,0.7314453125,18.242769114400975,52.798306149813605,0.9404296875,11.230900937360865,44.25856846817714,-0.208984375,26.508179187709207,92.04907726212042,0.75244140625,False,False,-1.9078850746154785,1.8831491470336914,-131.90031051635742,0.8350610733032227,-0.38327276706695557,10.508537292480469,-1.083546900190413,2.291174605488777,-104.60507869720459,False
continuation/mixed_s11,p100072_a001242_000091,TRAIN,p100072,p100072_a001242,91,2048,37.45072847907114,98.24173442507188,0.64111328125,40.22421455733725,95.63231889972313,0.62158203125,-2.77348607826611,2.6094155253487514,0.01953125,27.728166753022926,81.75927195409956,0.74462890625,False,False,1.3652592897415161,9.707629680633545,-197.42178916931152,2.0946860313415527,-5.113039165735245,25.55108070373535,1.4740496408194304,-3.238208591938019,-94.34652328491211,False
continuation/mixed_s11,p100072_a001242_000105,TRAIN,p100072,p100072_a001242,105,2048,33.08490035712718,95.51270010413143,0.69921875,20.11186736323949,64.98280239689404,0.87353515625,12.973032993887692,30.52989770723738,-0.17431640625,27.692141055433595,86.20760757731564,0.771484375,False,False,0.2990216016769409,4.568219184875488,-159.01422500610352,3.6288443952798843,-0.3528296947479248,17.19057559967041,3.339276649057865,5.536537617444992,-104.64966297149658,False
continuation/mixed_s11,p100085_a000042_000001,TRAIN,p100085,p100085_a000042,1,2048,28.788052702473657,70.08285928464389,0.78857421875,56.75798704775541,88.92488128162992,0.3994140625,-27.96993434528175,-18.842021996986034,0.38916015625,22.289464166018803,59.43964280949033,0.90625,False,False,-21.367991343140602,-4.737734794616699,-127.89320945739746,0.13940036296844482,-5.633935332298279,29.147326946258545,-26.208961382508278,1.9118674099445343,-23.307502269744873,False
continuation/mixed_s11,p100085_a000042_000002,TRAIN,p100085,p100085_a000042,2,2048,28.3785189421943,68.96829966649582,0.7890625,57.04167447924027,91.13624502701295,0.38623046875,-28.66315553704597,-22.167945360517123,0.40283203125,21.065076700675153,60.979062901530476,0.91943359375,False,False,-21.312257274985313,-4.542827606201172,-128.82113456726074,1.2024100869894028,-5.371462553739548,30.139565467834473,-24.549931287765503,0.970158725976944,-22.991538047790527,False
continuation/mixed_s11,p100085_a000042_000004,TRAIN,p100085,p100085_a000042,4,2048,27.19176637415209,69.69066785464184,0.79345703125,58.39343812872276,92.12042698614938,0.3798828125,-31.20167175457067,-22.429759131507538,0.41357421875,20.654783053213436,61.16398857220585,0.9052734375,False,False,-21.19472064077854,-4.3457746505737305,-129.34541702270508,0.6581097841262817,-5.679061636328697,30.41207790374756,-24.58457089960575,2.124899998307228,-23.083150386810303,False
continuation/mixed_s11,p100085_a000042_000006,TRAIN,p100085,p100085_a000042,6,2048,28.6334638899511,70.83979495445097,0.77880859375,57.140287357795174,90.81963170925398,0.37841796875,-28.506823467844075,-19.979836754803017,0.400390625,23.56342194386849,62.70369242419957,0.9140625,False,False,-21.37610875070095,-4.5223236083984375,-130.37562370300293,-0.5152570083737373,-0.7379725575447083,28.686106204986572,-25.253797881305218,6.438590586185455,-27.565300464630127,False
continuation/mixed_s11,p100085_a000042_000008,TRAIN,p100085,p100085_a000042,8,2048,28.293572616270428,69.96356598639194,0.783203125,56.91139823065818,90.69598198956311,0.39453125,-28.61782561438775,-20.732416003171167,0.388671875,23.028367992306322,62.76961560279429,0.91455078125,False,False,-21.364714950323105,-4.417657852172852,-131.2732696533203,-0.49275346100330353,-3.0158571898937225,26.69548988342285,-26.185927912592888,6.166566163301468,-27.97532081604004,False
continuation/mixed_s11,p100085_a000042_000010,TRAIN,p100085,p100085_a000042,10,2048,28.425214931038006,71.89892208797993,0.77001953125,56.165777236399904,88.23013887946125,0.3984375,-27.740562305361898,-16.331216791481324,0.37158203125,24.148005412138463,60.128240628695345,0.90771484375,False,False,-21.42453007400036,-4.355669021606445,-132.39669799804688,0.45008957386016846,-1.8843933939933777,29.191255569458008,-24.678030982613564,5.960740149021149,-29.15346622467041,False
continuation/mixed_s11,p100085_a000042_000012,TRAIN,p100085,p100085_a000042,12,2048,29.06708834908062,70.23835468319487,0.79541015625,57.91095179700501,92.65288898210497,0.3818359375,-28.84386344792439,-22.414534298910098,0.41357421875,24.303166617777748,63.31108309774696,0.89794921875,False,False,-21.249035373330116,-4.457235336303711,-134.89484786987305,0.19550509750843048,-0.4833098500967026,25.905251502990723,-25.784499943256378,8.024724200367928,-31.985044479370117,False
continuation/mixed_s11,p100085_a000042_000013,TRAIN,p100085,p100085_a000042,13,2048,29.26563544757356,71.24936055202254,0.78173828125,56.58310788960629,88.7272970915638,0.39501953125,-27.31747244203273,-17.47793653954126,0.38671875,24.593056859970368,64.011903964125,0.90576171875,False,False,-21.435623988509178,-4.341721534729004,-132.92264938354492,-1.5884935855865479,-3.528192639350891,27.980923652648926,-27.246026322245598,4.0633827447891235,-28.35381031036377,False
continuation/mixed_s11,p100086_a001415_000003,TRAIN,p100086,p100086_a001415,3,2048,29.007875711071982,79.7611531629486,0.75927734375,42.61011917327912,100.22355281355202,0.57177734375,-13.602243462207134,-20.462399650603416,0.1875,24.678358048778698,72.76342610174346,0.8271484375,False,False,9.24847275018692,-11.441230773925781,-230.99732398986816,9.311508387327194,1.5571266412734985,14.180600643157959,15.615722630172968,-29.68074707314372,-127.69001722335815,False
continuation/mixed_s11,p100086_a001415_000010,TRAIN,p100086,p100086_a001415,10,2048,29.212546888521935,79.47670341377201,0.7578125,43.43994246180502,102.8085539998412,0.568359375,-14.227395573283083,-23.33185058606918,0.189453125,25.84875473745933,71.19811932959453,0.82470703125,False,False,9.54127311706543,-11.459112167358398,-238.27576637268066,9.946838021278381,1.6702115535736084,13.340175151824951,15.768211567774415,-29.430673457682133,-133.31425189971924,False
continuation/mixed_s11,p100086_a001415_000017,TRAIN,p100086,p100086_a001415,17,2048,28.53435069761788,77.97399785141026,0.7900390625,43.64327326544766,102.09203539248824,0.56787109375,-15.10892256782978,-24.11803754107798,0.22216796875,25.54500594750761,71.16180409543388,0.8330078125,False,False,8.995898067951202,-11.331558227539062,-228.46031188964844,7.855616509914398,-1.7081927508115768,10.223448276519775,14.51098918914795,-32.77886472642422,-125.72640180587769,False
continuation/mixed_s11,p100086_a001415_000024,TRAIN,p100086,p100086_a001415,24,2048,27.9899588441247,75.66588008396847,0.8056640625,44.89509937796531,103.26387903669419,0.54833984375,-16.90514053384061,-27.597998952725717,0.25732421875,25.131286675460586,70.39176395748734,0.841796875,False,False,9.156882762908936,-11.421918869018555,-227.86331176757812,9.21311043202877,2.218112349510193,8.668839931488037,14.083590824157,-28.47236767411232,-124.10593032836914,False
continuation/mixed_s11,p100086_a001415_000032,TRAIN,p100086,p100086_a001415,32,2048,28.587337350168962,75.90531731707428,0.79443359375,46.16657591928193,103.73788993122805,0.53515625,-17.57923856911297,-27.832572614153776,0.25927734375,25.704255957335604,70.10771884796847,0.84326171875,False,False,8.970774710178375,-11.59512996673584,-231.26506805419922,11.779505759477615,2.7560442686080933,9.687244892120361,17.756130546331406,-30.03232181072235,-125.32675266265869,False
continuation/mixed_s11,p100086_a001415_000039,TRAIN,p100086,p100086_a001415,39,2048,27.03858048120044,75.60669143161834,0.80126953125,45.331364995587094,102.85910431650562,0.55224609375,-18.292784514386653,-27.252412884887278,0.2490234375,23.703472006151376,69.17916124276985,0.845703125,False,False,9.113885462284088,-11.485457420349121,-231.99462890625,11.76484301686287,1.1319145560264587,9.843945503234863,17.87007227540016,-30.93990497291088,-125.75960159301758,False
continuation/mixed_s11,p100086_a001415_000046,TRAIN,p100086,p100086_a001415,46,2048,28.288866145380016,75.66094323280653,0.79736328125,46.99827551251248,102.78800288205333,0.5302734375,-18.709409367132462,-27.127059649246803,0.26708984375,25.135427405371395,68.57233816992739,0.8486328125,False,False,8.945934474468231,-11.622786521911621,-232.38039016723633,12.375600636005402,1.5989579260349274,9.934544563293457,18.972977064549923,-31.412269920110703,-126.69378519058228,False
continuation/mixed_s11,p100086_a001415_000053,TRAIN,p100086,p100086_a001415,53,2048,27.946550827899046,76.89666902027284,0.7939453125,43.12762785546,102.06125353685896,0.56298828125,-15.181077027560953,-25.164584516586118,0.23095703125,24.852026416099317,69.1673582663348,0.84619140625,False,False,8.703336119651794,-11.522889137268066,-228.64747047424316,13.77780782058835,3.625839948654175,11.202633380889893,18.894866574555635,-27.125383261591196,-124.85265731811523,False
continuation/mixed_s11,p100089_a005814_000004,TRAIN,p100089,p100089_a005814,4,2048,133.84417038160876,241.98605832115456,0.134765625,38.869564549451,107.70406621464592,0.615234375,94.97460583215776,134.28199210650865,-0.48046875,55.22818441677157,167.9045529009457,0.45654296875,False,False,34.1472327709198,16.13086462020874,-207.86583423614502,-7.961168885231018,-19.78449523448944,126.116693019867,27.858689427375793,4.45113331079483,-105.46290874481195,False
continuation/mixed_s11,p100089_a005814_000014,TRAIN,p100089,p100089_a005814,14,2048,126.7210310554234,233.4603242900295,0.12841796875,37.43707595923938,113.2977639312535,0.6142578125,89.28395509618402,120.16256035877599,-0.48583984375,51.09226987635044,172.91637916386128,0.494140625,False,False,31.64157271385193,14.383494853973389,-193.9636468887329,-7.674738764762878,-18.388867378234863,120.41205167770381,22.912025451660156,3.455236554145813,-87.79078722000126,False
continuation/mixed_s11,p100089_a005814_000024,TRAIN,p100089,p100089_a005814,24,2048,115.77513237167071,217.99072431712668,0.16357421875,37.374018553427945,106.69214336328264,0.63037109375,78.40111381824276,111.29858095384404,-0.466796875,51.26925222193695,165.89820348352026,0.4873046875,False,False,29.822498559951782,12.608051300048828,-186.5025758743286,-4.489898681640625,-13.509713113307953,105.51488399505611,28.1476229429245,8.149804547429085,-107.81586170196537,False
continuation/mixed_s11,p100089_a005814_000034,TRAIN,p100089,p100089_a005814,34,2048,113.96723624089275,225.05846765676876,0.1611328125,39.93473980770925,110.09059164060861,0.60986328125,74.0324964331835,114.96787601616015,-0.44873046875,51.79328075302676,171.33730406199632,0.484375,False,False,29.65453267097473,12.585580348968506,-185.33360958099365,-5.777433514595032,-13.744734227657318,104.34502363204963,25.50235390663147,5.203031003475189,-106.69928789138787,False
continuation/mixed_s11,p100089_a005814_000043,TRAIN,p100089,p100089_a005814,43,2048,83.18225751993873,198.2665890403803,0.29052734375,36.90774752719339,108.59380027644764,0.63623046875,46.27450999274534,89.67278876393266,-0.345703125,52.63057710031845,166.67527758195195,0.48193359375,False,False,21.91847562789917,5.6008100509643555,-145.3402042388916,-0.708581879734993,-6.94526731967926,64.03899192810059,24.630127474665642,7.640480995178223,-104.8399806022644,False
continuation/mixed_s11,p100089_a005814_000053,TRAIN,p100089,p100089_a005814,53,2048,116.3941530132126,224.49476760897846,0.1708984375,39.81954352759686,105.22285678856048,0.62548828125,76.57460948561574,119.27191082041799,-0.45458984375,48.705860693744405,166.56986264243585,0.509765625,False,False,30.394047498703003,12.9317045211792,-195.29759883880615,-4.71891462802887,-14.202482998371124,111.3120317459106,26.5691876411438,6.436791270971298,-113.09391260147099,False
continuation/mixed_s11,p100089_a005814_000063,TRAIN,p100089,p100089_a005814,63,2048,110.79988064596097,215.63690085690658,0.177734375,39.64117143136346,104.4006781933717,0.6318359375,71.15870921459751,111.23622266353487,-0.4541015625,50.82143893894015,164.5083631561021,0.49267578125,False,False,31.034916639328003,13.439536094665527,-188.2568597793579,-4.1990727186203,-14.002133160829544,103.83629798889156,29.157862067222595,7.154058665037155,-112.51407861709599,False
continuation/mixed_s11,p100089_a005814_000073,TRAIN,p100089,p100089_a005814,73,2048,119.87811130695528,226.75943628952484,0.14990234375,38.344689528162576,106.25963593671237,0.63671875,81.5334217787927,120.49980035281247,-0.48681640625,51.13423732988916,166.32798825912818,0.490234375,False,False,29.800772666931152,12.85099983215332,-195.9207057952881,-6.96950638666749,-16.264820471405983,111.83291673660274,25.816386099904776,5.145290866494179,-111.34099960327153,False
continuation/mixed_s11,p100090_a005401_000001,TRAIN,p100090,p100090_a005401,1,2048,21.418378221099303,70.73082954406422,0.87548828125,55.896462715129914,125.56994689760668,0.458984375,-34.47808449403061,-54.83911735354246,0.41650390625,17.93675832326626,68.27458322675588,0.87939453125,False,False,-34.1036394238472,-9.174227714538574,-97.30243682861328,1.051872968673706,-12.208357453346252,-17.47262477874756,-21.47591859102249,5.0189197063446045,-14.363110065460136,False
continuation/mixed_s11,p100090_a005401_000003,TRAIN,p100090,p100090_a005401,3,2048,21.421453039288963,77.51085118574315,0.875,58.04372197313022,132.40613276993184,0.45068359375,-36.622268933841255,-54.895281584188695,0.42431640625,16.81090393082757,75.15671849155673,0.88134765625,False,False,-33.635757863521576,-10.440230369567871,-97.15056419372559,0.44461339712142944,-12.620903551578522,-17.51530170440674,-23.579277098178864,1.8858984112739563,-13.611793518066225,False
continuation/mixed_s11,p100090_a005401_000005,TRAIN,p100090,p100090_a005401,5,2048,22.160646653911748,74.85371810830262,0.87158203125,56.5605609825828,134.58333276185337,0.4541015625,-34.39991432867105,-59.729614653550755,0.41748046875,17.69447229321667,70.08838818688771,0.86474609375,False,False,-33.958785235881805,-10.58661937713623,-97.4435806274414,1.0030195116996765,-9.878918528556824,-16.274333000183105,-23.86873960494995,5.134597420692444,-16.0113573074339,False
continuation/mixed_s11,p100090_a005401_000007,TRAIN,p100090,p100090_a005401,7,2048,21.54222331130699,80.03374644653537,0.86083984375,63.89264804682104,141.81108126511967,0.4091796875,-42.350424735514046,-61.77733481858429,0.45166015625,18.596628365783054,77.01919726310383,0.8583984375,False,False,-34.63027626276016,-10.294795036315918,-109.48514938354492,-0.2921689301729202,-11.130519211292267,-14.720737934112549,-23.860523477196693,5.245774984359741,-19.312083721160707,False
continuation/mixed_s11,p100090_a005401_000009,TRAIN,p100090,p100090_a005401,9,2048,21.050332940855597,78.3816224907476,0.87548828125,61.23929688422287,130.71898595096425,0.408203125,-40.18896394336727,-52.33736346021665,0.46728515625,18.234874723487778,72.20018958126755,0.8740234375,False,False,-33.789850771427155,-9.864091873168945,-97.06354141235352,1.755058765411377,-10.91892272233963,-20.721912384033203,-21.857984364032745,6.703391671180725,-16.65341854095441,False
continuation/mixed_s11,p100090_a005401_000011,TRAIN,p100090,p100090_a005401,11,2048,18.62286264038252,68.55517041100195,0.87451171875,58.796505278416326,122.44893796170382,0.43408203125,-40.173642638033805,-53.89376755070187,0.4404296875,17.459694201435184,67.16731802754542,0.89111328125,False,False,-34.65353697538376,-9.135961532592773,-113.96121978759766,2.079606056213379,-6.04933500289917,0.008344650268554688,-23.250527679920197,6.6164955496788025,-16.178131103515625,False
continuation/mixed_s11,p100090_a005401_000013,TRAIN,p100090,p100090_a005401,13,2048,20.86296622701891,73.32494696079767,0.8740234375,64.16795947505,133.76287676200812,0.4189453125,-43.30499324803109,-60.437929801210444,0.455078125,18.272928384342098,73.28657315149327,0.88525390625,False,False,-33.47311168909073,-11.727690696716309,-88.91725540161133,2.194434404373169,-12.842804193496704,-28.66983413696289,-22.53856509923935,3.1937211751937866,-14.576435089111147,False
continuation/mixed_s11,p100090_a005401_000015,TRAIN,p100090,p100090_a005401,15,2048,20.73802933682512,69.72269655401128,0.8740234375,59.69592768233859,129.9555418600218,0.4384765625,-38.95789834551347,-60.23284530601053,0.435546875,18.11443412419189,67.56809304895513,0.8916015625,False,False,-33.698707818984985,-9.979724884033203,-92.10968017578125,1.1045783758163452,-12.351259589195251,-20.725131034851074,-23.16051721572876,2.078041434288025,-13.016581535339174,False
continuation/mixed_s11,p100092_a001307_000004,TRAIN,p100092,p100092_a001307,4,2048,30.60731043800262,97.0012937803211,0.76708984375,26.933520904388615,138.5725060551584,0.68408203125,3.6737895336140056,-41.57121227483731,0.0830078125,30.269847089805978,96.01303759584451,0.76953125,False,False,7.830791175365448,7.626950740814209,-84.95330810546875,3.33983451128006,8.849188685417175,5.061805248260498,7.537819445133209,5.209505558013916,-28.490543365478516,False
continuation/mixed_s11,p100092_a001307_000014,TRAIN,p100092,p100092_a001307,14,2048,25.036157730807215,81.88465818996306,0.80517578125,23.66380167524528,117.49426282873631,0.72607421875,1.3723560555619336,-35.60960463877325,0.0791015625,25.811680345910972,80.97100260352539,0.80419921875,False,False,6.348825991153717,4.286050796508789,-61.905622482299805,-1.238025724887848,9.562326595187187,-2.3532509803771973,3.1342580914497375,1.901751384139061,-19.62900161743164,False
continuation/mixed_s11,p100092_a001307_000024,TRAIN,p100092,p100092_a001307,24,2048,17.76718812083161,67.2456445617922,0.8779296875,20.713076238632482,88.4698859372358,0.81982421875,-2.945888117800873,-21.224241375443597,0.05810546875,18.858780570180116,59.191197274266905,0.90380859375,False,False,4.667975008487701,-2.85184383392334,-28.59783172607422,1.9268319010734558,9.04286652803421,-16.068696975708008,7.494919002056122,-3.642834722995758,-10.317504405975342,False
continuation/mixed_s11,p100092_a001307_000034,TRAIN,p100092,p100092_a001307,34,2048,21.30778031404366,70.28043022563497,0.85009765625,25.527658115151105,111.87680089971761,0.67919921875,-4.219877801107444,-41.596370674082635,0.1708984375,20.76497158855651,69.71995713760575,0.869140625,False,False,5.788378417491913,-0.7879734039306641,-58.93301963806152,2.1059513092041016,10.220184922218323,-20.943105220794678,9.811125695705414,-7.599982433021069,-13.231933116912842,False
continuation/mixed_s11,p100092_a001307_000044,TRAIN,p100092,p100092_a001307,44,2048,19.61497045642426,58.207221812766534,0.90087890625,23.97522452924398,95.70693647974544,0.76025390625,-4.360254072819721,-37.4997146669789,0.140625,21.26219343951601,59.669446153509284,0.904296875,False,False,5.119949579238892,2.0790696144104004,-62.65521049499512,4.490971565246582,3.6784131079912186,-5.4389238357543945,9.861048310995102,-7.542436942458153,-19.609272480010986,False
continuation/mixed_s11,p100092_a001307_000054,TRAIN,p100092,p100092_a001307,54,2048,28.414939609810762,90.20245788492336,0.75732421875,25.029326124944884,119.79904784265035,0.74609375,3.3856134848658783,-29.59658995772699,0.01123046875,29.857969781183,91.1866629112325,0.75,False,False,4.101969301700592,3.237128257751465,-46.81587219238281,2.724781632423401,6.039723753929138,-3.6187171936035156,2.5739558041095734,2.595283091068268,-18.01818609237671,False
continuation/mixed_s11,p100092_a001307_000064,TRAIN,p100092,p100092_a001307,64,2048,33.81725994303897,107.12396649609877,0.71533203125,27.20719742079232,129.9861580616246,0.72412109375,6.6100625222466505,-22.86219156552582,-0.0087890625,33.5771577282449,110.20549187008116,0.70703125,False,False,4.8661306500434875,5.737602710723877,-59.043049812316895,-0.9617991745471954,9.08711552619934,-3.2491087913513184,2.4928785860538483,12.218013405799866,-37.085115909576416,False
continuation/mixed_s11,p100092_a001307_000074,TRAIN,p100092,p100092_a001307,74,2048,32.1848452373287,98.60626638833848,0.77001953125,26.24622990676079,122.42620709260423,0.7490234375,5.938615330567913,-23.819940704265747,0.02099609375,31.42760247821934,99.75049145748525,0.771484375,False,False,5.63947856426239,4.831552505493164,-58.88867378234863,-0.4383288323879242,2.789631485939026,3.3551454544067383,-0.5680583417415619,4.782959818840027,-25.611519813537598,False
continuation/mixed_s23,p001194_a000062_000005,VAL,p001194,p001194_a000062,5,2048,36.37025952527853,90.34266301562812,0.64306640625,20.376191069051764,69.17666042893086,0.8759765625,15.994068456226763,21.16600258669726,-0.23291015625,34.3071431134416,84.11830865273572,0.66455078125,False,False,1.6901995986700058,32.112061977386475,-128.7611722946167,7.187920622527599,-7.299840450286865,8.16267728805542,10.959035251289606,20.076606422662735,-95.12501955032349,False
continuation/mixed_s23,p001194_a000062_000017,VAL,p001194,p001194_a000062,17,2048,34.276738933336674,73.82622169762391,0.68359375,21.059968056949046,71.10156668096035,0.87939453125,13.216770876387628,2.7246550166635615,-0.19580078125,23.234682755216166,52.608504888717874,0.92431640625,False,False,-0.03826059401035309,26.166141033172607,-102.58340835571289,3.4656431525945663,-21.11051487736404,27.796804904937744,5.653327330946922,-0.4258479457348585,-48.72459173202515,False
continuation/mixed_s23,p001194_a000062_000029,VAL,p001194,p001194_a000062,29,2048,35.458248969103295,82.44269261424431,0.64501953125,35.86021340873769,72.8718723834097,0.732421875,-0.40196443963439776,9.570820230834613,-0.08740234375,35.247818161771136,80.74989211645463,0.6484375,False,False,-2.6867943815886974,27.53746509552002,-137.91370391845703,1.2880358844995499,-7.80312716960907,-2.0198822021484375,-2.342082094401121,2.1453797817230225,-91.2168025970459,False
continuation/mixed_s23,p001194_a000062_000041,VAL,p001194,p001194_a000062,41,2048,50.61380000266195,119.70954466872975,0.494140625,19.666796655917203,63.7436080626127,0.9033203125,30.947003346744744,55.96593660611705,-0.4091796875,44.29661141098451,99.00363415507478,0.5751953125,False,False,-12.142494320869446,33.38444232940674,-200.80506801605225,0.48760324716567993,-11.268094182014465,27.063071727752686,-10.892793536186218,13.011416420340538,-150.2147912979126,False
continuation/mixed_s23,p001194_a000062_000053,VAL,p001194,p001194_a000062,53,2048,40.80460490693592,87.87039152253054,0.615234375,38.7989207906011,77.48541471655112,0.689453125,2.0056841163348196,10.38497680597942,-0.07421875,30.519214606655147,72.46122933083817,0.77392578125,False,False,-7.448803633451462,30.528724193572998,-182.64734745025635,-5.041107535362244,-15.359129523858428,29.930055141448975,-11.137528344988823,-5.460427841171622,-102.2489070892334,False
continuation/mixed_s23,p001194_a000062_000065,VAL,p001194,p001194_a000062,65,2048,37.52560843566306,91.26811829253049,0.62255859375,18.568598974754327,58.96405280720736,0.9267578125,18.957009460908733,32.30406548532313,-0.30419921875,37.46635132187586,94.92297427427779,0.6181640625,False,False,3.123939037322998,27.932703495025635,-128.27754020690918,0.012096017599105835,0.2723187208175659,-5.084216594696045,4.574764519929886,22.37785793840885,-108.78103971481323,False
continuation/mixed_s23,p001194_a000062_000077,VAL,p001194,p001194_a000062,77,2048,30.16875304240986,71.15065598641453,0.74951171875,29.766903399448314,77.61065273038767,0.7685546875,0.40184964296154746,-6.459996743973136,-0.01904296875,19.3152092759548,51.70327824596987,0.93408203125,False,False,4.985544830560684,30.050575733184814,-107.21981525421143,-4.254601895809174,-16.702041029930115,29.048025608062744,2.9906295239925385,5.398780107498169,-43.23357343673706,False
continuation/mixed_s23,p001194_a000062_000089,VAL,p001194,p001194_a000062,89,2048,35.79710578862732,78.18443410474215,0.65576171875,26.21962543044691,71.33579035293896,0.84228515625,9.57748035818041,6.848643751803195,-0.1865234375,26.34637944672118,62.765173411998006,0.8271484375,False,False,3.7144124507904053,31.085193157196045,-116.66667461395264,3.7742918357253075,-19.59722675383091,24.00308847427368,9.851868264377117,5.487928166985512,-59.1127872467041,False
continuation/mixed_s23,p001194_a000986_000010,VAL,p001194,p001194_a000986,10,2048,38.90080774802069,98.61260664427135,0.61083984375,26.50772618408734,77.39257846481091,0.8701171875,12.39308156393335,21.220028179460442,-0.25927734375,38.03607730336207,100.00612491520336,0.61181640625,False,False,1.4400845393538475,40.37553071975708,-142.36807823181152,3.131527453660965,-3.5295839770697057,-9.66799259185791,7.352146320044994,29.95615644613281,-118.93528699874878,False
continuation/mixed_s23,p001194_a000986_000036,VAL,p001194,p001194_a000986,36,2048,39.43571558203213,100.12902681835395,0.6201171875,10.325194865603233,50.82177483952864,0.94873046875,29.110520716428898,49.307251978825306,-0.32861328125,37.80383007209902,95.43748651047804,0.63818359375,False,False,6.814442574977875,18.58311891555786,-134.41133499145508,3.931111074052751,-6.086021661758423,5.453824996948242,9.236526093445718,9.239181876182556,-112.8574013710022,False
continuation/mixed_s23,p001194_a000986_000062,VAL,p001194,p001194_a000986,62,2048,23.474294559078782,73.25072221626183,0.85498046875,33.05323889923496,68.33698335176527,0.7431640625,-9.57894434015618,4.913738864496565,0.11181640625,15.70350410341462,54.53575237899307,0.93505859375,False,False,7.076464593410492,2.7943849563598633,-120.11110782623291,-3.8142725825309753,-3.8775354623794556,21.523594856262207,-2.8368011116981506,-12.22364604473114,-43.61236095428467,False
continuation/mixed_s23,p001194_a000986_000088,VAL,p001194,p001194_a000986,88,2048,41.858105757136386,96.24192321927876,0.59765625,41.35850516905836,69.0429799643132,0.6728515625,0.49960058807802454,27.198943254965556,-0.0751953125,41.0277782499251,94.51969984202478,0.59619140625,False,False,6.338339298963547,36.77946329116821,-162.63937950134277,-6.922802538610995,-6.2784586334601045,-1.6989707946777344,-1.8993653629877372,16.494032344780862,-112.10876703262329,False
continuation/mixed_s23,p001194_a000986_000114,VAL,p001194,p001194_a000986,114,2048,44.989932171132814,105.07060163711131,0.541015625,35.69025504560633,67.42507445175819,0.755859375,9.299677125526486,37.64552718535312,-0.21484375,41.6430904529787,93.24642313724819,0.5859375,False,False,11.935703456401825,34.61742401123047,-161.15093231201172,-1.0855826549232006,-14.884419739246368,15.274286270141602,11.967983562499285,6.635464727878571,-102.89335250854492,False
continuation/mixed_s23,p001194_a000986_000140,VAL,p001194,p001194_a000986,140,2048,25.892072763309578,74.74965118926542,0.794921875,29.595624376319414,71.03511037010324,0.763671875,-3.703551613009836,3.714540819162181,0.03125,19.502308933417467,61.003236166257615,0.90625,False,False,-5.526799708604813,2.712845802307129,-137.9605531692505,5.334942601621151,-12.867271900177002,21.91680669784546,-0.18912460654973984,-21.614864468574524,-58.20399522781372,False
continuation/mixed_s23,p001194_a000986_000166,VAL,p001194,p001194_a000986,166,2048,32.744688735628465,89.93982663213627,0.6943359375,28.186762513000403,64.07946885218531,0.828125,4.557926222628062,25.86035777995096,-0.1337890625,25.31786926129412,77.04350419996697,0.80078125,False,False,-0.05338527262210846,15.605390071868896,-145.94697952270508,5.076248198747635,-17.772473394870758,20.94823122024536,5.447471514344215,-12.640759348869324,-90.33507108688354,False
continuation/mixed_s23,p001194_a000986_000192,VAL,p001194,p001194_a000986,192,2048,41.60064707143408,83.62817215365823,0.595703125,38.88871098902142,67.00306581651071,0.6982421875,2.711936082412663,16.625106337147514,-0.1025390625,35.386595947907935,75.85948287079812,0.6845703125,False,False,3.8442909717559814,37.367165088653564,-139.4784450531006,14.550957828760147,-14.758780598640442,10.264873504638672,19.834395963698626,8.394405245780945,-80.36410808563232,False
continuation/mixed_s23,p001195_a000053_000006,TRAIN,p001195,p001195_a000053,6,2048,30.301734742491387,72.85491203743761,0.74462890625,173.3408319822584,213.44992423312803,0.0029296875,-143.03909723976702,-140.5950121956904,0.74169921875,23.105798280891925,54.077622021405496,0.9150390625,False,True,11.332675814628601,54.956257343292236,-264.27674293518066,-3.476537764072418,-18.318042159080505,26.844501495361328,7.856138050556183,36.63821518421173,-237.43224143981934,False
continuation/mixed_s23,p001195_a000053_000021,TRAIN,p001195,p001195_a000053,21,2048,31.617806991149465,75.06829571097957,0.7431640625,168.74493370389192,206.63080024810745,0.0068359375,-137.12712671274244,-131.5625045371279,0.736328125,27.353512102787008,61.82926212440508,0.8251953125,False,True,10.726504027843475,53.67743968963623,-263.8585567474365,-7.270451635122299,-16.339868307113647,17.5325870513916,3.456052392721176,37.33757138252258,-246.32596969604492,False
continuation/mixed_s23,p001195_a000053_000037,TRAIN,p001195,p001195_a000053,37,2048,37.693003962047044,95.64771489004839,0.603515625,218.20603350079935,282.53650024456016,0.00146484375,-180.5130295387523,-186.88878535451175,0.60205078125,35.644353709519564,89.10897917361727,0.6240234375,False,True,15.927374362945557,73.15099239349365,-337.38064765930176,-6.802145391702652,-3.69831919670105,12.084603309631348,9.125228971242905,69.4526731967926,-325.2960443496704,False
continuation/mixed_s23,p001195_a000053_000052,TRAIN,p001195,p001195_a000053,52,2048,36.58343318597609,75.90817897963117,0.74072265625,214.96469635784973,263.3136801005779,0.0,-178.38126317187363,-187.40550112094675,0.74072265625,10.113416413218234,39.03988798591686,0.984375,False,True,15.45204222202301,42.73933172225952,-196.75946235656738,-3.517232835292816,13.424690812826157,-42.71453619003296,11.934809386730194,56.16402253508568,-239.47399854660034,False
continuation/mixed_s23,p001195_a000053_000068,TRAIN,p001195,p001195_a000053,68,2048,66.1606349465943,115.32427537491587,0.251953125,214.6538060936579,272.1201416541045,0.0029296875,-148.4931711470636,-156.7958662791886,0.2490234375,11.11348746191831,45.885409977155774,0.96240234375,False,True,11.8798166513443,32.04625844955444,-159.99460220336914,-1.9995048642158508,24.93390440940857,-74.42796230316169,9.880311787128448,56.98016285896301,-234.42256450653082,False
continuation/mixed_s23,p001195_a000053_000083,TRAIN,p001195,p001195_a000053,83,2048,34.2876754275778,77.47311334104677,0.65234375,183.880975915529,222.63509263717157,0.00048828125,-149.5933004879512,-145.1619792961248,0.65185546875,26.25832517269506,59.69529868773134,0.84912109375,False,True,10.16833633184433,51.23215913772583,-294.1100597381592,0.813215970993042,-20.2447772026062,23.617148399353027,10.981552302837372,30.98738193511963,-270.49291133880615,False
continuation/mixed_s23,p001195_a000053_000099,TRAIN,p001195,p001195_a000053,99,2048,37.73853210590451,91.89243503729921,0.62548828125,128.12576064779824,170.09858245713912,0.0283203125,-90.38722854189373,-78.20614741983991,0.59716796875,35.557954413214304,87.85946683148997,0.64892578125,False,False,7.447130978107452,64.3465518951416,-252.73847579956055,-2.3046713322401047,-7.060211151838303,6.792008876800537,0.07777474820613861,-7.681768387556076,-106.5579056739808,False
continuation/mixed_s23,p001195_a000053_000114,TRAIN,p001195,p001195_a000053,114,2048,32.38694645636701,78.68446831771655,0.69189453125,176.2463196290334,206.95924239226338,0.00341796875,-143.85937317266638,-128.27477407454683,0.6884765625,28.52513013952356,62.811187382487944,0.83203125,False,True,7.606223225593567,56.37139081954956,-273.86975288391113,-2.9887109994888306,-14.482049271464348,19.603610038757324,4.617512226104736,41.88934154808521,-254.2661428451538,False
continuation/mixed_s23,p001195_a000986_000011,TRAIN,p001195,p001195_a000986,11,2048,31.108148909557098,67.52781483747198,0.74658203125,182.71271112679815,216.05674046599572,0.00146484375,-151.60456221724107,-148.52892562852372,0.7451171875,16.303183753972107,42.28189038700886,0.97412109375,False,True,6.6103339195251465,58.8189959526062,-267.6827907562256,1.340974122285843,-16.604866832494736,37.86289691925049,7.951308041810989,42.214129120111465,-229.8198938369751,False
continuation/mixed_s23,p001195_a000986_000039,TRAIN,p001195,p001195_a000986,39,2048,26.802602855438785,57.49125315494841,0.888671875,122.72250363864688,161.63333987500462,0.0478515625,-95.9199007832081,-104.14208672005621,0.8408203125,11.511357383385068,40.84446788334038,0.97705078125,False,False,-2.955289091914892,25.62844753265381,-201.86638832092285,2.547435462474823,-4.754357039928436,34.24912691116333,7.405927870422602,-16.753725707530975,-11.825978755951011,False
continuation/mixed_s23,p001195_a000986_000068,TRAIN,p001195,p001195_a000986,68,2048,15.562578559561757,103.5769656345862,0.87744140625,113.47995964826939,163.04124036452424,0.15380859375,-97.91738108870763,-59.46427472993804,0.7236328125,12.5478795527355,104.3546623058737,0.89306640625,False,False,-7.521018385887146,5.52523136138916,-189.02075290679932,-7.485492154955864,-0.08711591362953186,18.26077699661255,-7.6722074300050735,-29.77539226412773,-14.529883861541832,False
continuation/mixed_s23,p001195_a000986_000096,TRAIN,p001195,p001195_a000986,96,2048,27.331976044007895,63.34196661621801,0.82568359375,164.08444550785163,196.26274625480235,0.017578125,-136.75246946384374,-132.92077963858435,0.80810546875,14.308586857563743,45.50439290529613,0.9638671875,False,True,8.78879614174366,45.82697153091431,-250.34475326538086,0.966263934969902,-9.24159586429596,35.45486927032471,9.755060076713562,36.58537566661835,-214.88988399505615,False
continuation/mixed_s23,p001195_a000986_000125,TRAIN,p001195,p001195_a000986,125,2048,21.680140185350858,52.595428320582954,0.93603515625,131.94605705450388,170.1958539065898,0.0439453125,-110.26591686915302,-117.60042558600685,0.89208984375,14.525568038155331,49.760443278589875,0.9501953125,False,False,0.497681787237525,31.57418966293335,-192.72136688232422,-8.899569511413574,-3.303784877061844,25.743424892425537,-24.309400701895356,-6.3255056738853455,-18.66334676742562,False
continuation/mixed_s23,p001195_a000986_000153,TRAIN,p001195,p001195_a000986,153,2048,20.623249071095426,59.31386986440514,0.92626953125,121.4562056883646,166.2247499941561,0.11962890625,-100.83295661726918,-106.91088012975095,0.806640625,10.978062052652128,61.65243177300205,0.93017578125,False,False,9.286411106586456,5.277156829833984,-204.5910358428955,-0.38374215364456177,-2.240065485239029,29.655635356903076,5.980212241411209,-51.44135281443596,-20.271897315979086,False
continuation/mixed_s23,p001195_a000986_000182,TRAIN,p001195,p001195_a000986,182,2048,14.647278642894817,50.749862688848324,0.94580078125,161.0377991207627,203.02158141772193,0.02197265625,-146.3905204778679,-152.27171872887362,0.923828125,13.034183962668603,50.51030964613871,0.94921875,False,True,1.273520290851593,31.891822814941406,-210.76226234436035,-3.663010895252228,1.51732936501503,7.978379726409912,-2.3894906044006348,33.409152179956436,-202.78388261795044,False
continuation/mixed_s23,p001195_a000986_000210,TRAIN,p001195,p001195_a000986,210,2048,28.509189847207278,65.18688011037486,0.7666015625,168.87293175951913,204.91477260029228,0.00634765625,-140.36374191231187,-139.72789248991742,0.76025390625,18.00089584732239,45.36478629543994,0.96923828125,False,True,5.467463284730911,54.83776330947876,-246.01101875305176,7.071878761053085,-14.587074518203735,28.037309646606445,12.539342045783997,40.250688791275024,-217.9737091064453,False
continuation/mixed_s23,p001196_a000388_000011,VAL,p001196,p001196_a000388,11,2048,39.99653249655525,102.51118924192743,0.607421875,14.28094816333712,42.36219051115243,0.96875,25.715584333218125,60.148998730775,-0.361328125,31.813435376760324,84.91895706491896,0.74365234375,False,False,8.763890713453293,27.24677324295044,-84.96975898742676,0.26217103004455566,-10.365910828113556,25.465965270996094,9.672705084085464,17.672955989837646,-58.400094509124756,False
continuation/mixed_s23,p001196_a000388_000040,VAL,p001196,p001196_a000388,40,2048,43.17981123776488,100.10215701814246,0.57177734375,18.831666741834468,48.97905911857279,0.95654296875,24.348144495930413,51.12309789956967,-0.384765625,39.224893208786895,99.09777755630124,0.6240234375,False,False,7.983487099409103,20.89303731918335,-84.72836017608643,-4.826758056879044,0.9624660015106201,14.242291450500488,6.072759628295898,20.965591073036194,-91.738760471344,False
continuation/mixed_s23,p001196_a000388_000069,VAL,p001196,p001196_a000388,69,2048,38.616920532572685,96.97143194903602,0.6162109375,13.184689544166703,47.39188046965661,0.95947265625,25.432230988405983,49.579551479379404,-0.34326171875,31.91051849306312,78.88402034023323,0.69580078125,False,False,4.495289176702499,15.165627002716064,-109.87699031829834,4.540398716926575,-19.498310983181,14.65219259262085,9.445483796298504,-8.068107068538666,-80.12527227401733,False
continuation/mixed_s23,p001196_a000388_000098,VAL,p001196,p001196_a000388,98,2048,49.49785773002681,112.3449822403979,0.5078125,16.335219677205888,44.38922696718954,0.96923828125,33.162638052820924,67.95575527320835,-0.46142578125,48.84642388078787,111.91890354311369,0.51025390625,False,False,4.892800934612751,27.320921421051025,-101.66990756988525,0.25866925716400146,5.607236176729202,3.2431483268737793,6.3529470935463905,40.82988575100899,-115.66001176834106,False
continuation/mixed_s23,p001196_a000388_000127,VAL,p001196,p001196_a000388,127,2048,46.529023234103065,110.30947814023757,0.5302734375,15.825688685290284,52.086608461939555,0.9462890625,30.70333454881278,58.22286967829802,-0.416015625,45.0002920741631,107.63322095407575,0.5498046875,False,False,-4.456110298633575,21.305859088897705,-91.73774719238281,5.779825150966644,-5.899503827095032,8.041739463806152,-1.2908028438687325,20.187579095363617,-96.96805477142334,False
continuation/mixed_s23,p001196_a000388_000156,VAL,p001196,p001196_a000388,156,2048,36.25945652685093,116.00425526954052,0.62841796875,17.16108727955936,61.703174900743996,0.90771484375,19.098369247291572,54.301080368796526,-0.279296875,33.45162350062257,113.33190581669373,0.64794921875,False,False,-4.13309782743454,6.153583526611328,-92.4152135848999,3.559581469744444,0.8015483617782593,10.851681232452393,2.271852921694517,11.183187365531921,-96.47512435913086,False
continuation/mixed_s23,p001196_a000388_000185,VAL,p001196,p001196_a000388,185,2048,41.035180224125796,95.77147393599564,0.6220703125,23.049154396149774,58.1220991654518,0.9189453125,17.98602582797602,37.649374770543844,-0.296875,38.06944795156284,85.94236653927828,0.68212890625,False,False,-13.809837400913239,4.401147365570068,-66.13457202911377,2.1997466683387756,-12.346751987934113,10.437846183776855,-13.456836342811584,5.641721189022064,-79.93394136428833,False
continuation/mixed_s23,p001196_a000388_000214,VAL,p001196,p001196_a000388,214,2048,41.38182575551315,86.57092458053894,0.60693359375,18.48819008206653,47.20381094163257,0.96142578125,22.893635673446617,39.367113638906375,-0.3544921875,26.48471053007969,54.68436415369234,0.90771484375,False,False,-3.269858658313751,18.58198642730713,-60.94801425933838,-0.7346123456954956,-10.263055562973022,40.54594039916992,-2.334006130695343,11.907503008842468,-36.42094135284424,False
continuation/mixed_s23,p001197_a000062_000005,TRAIN,p001197,p001197_a000062,5,2048,34.2565905566385,94.7444995104117,0.64501953125,19.940568737582332,65.89525744264574,0.8876953125,14.316021819056168,28.849242067765957,-0.24267578125,34.2154441421269,94.21395357168254,0.6455078125,False,False,-0.7621347904205322,33.6267352104187,-108.894944190979,4.760868847370148,4.593156278133392,2.4886131286621094,1.5076748095452785,36.214761435985565,-79.8301100730896,False
continuation/mixed_s23,p001197_a000062_000016,TRAIN,p001197,p001197_a000062,16,2048,33.59894625054501,91.75159332426166,0.66015625,19.973909691106368,64.75232741156256,0.880859375,13.625036559438644,26.9992659126991,-0.220703125,31.532540373035424,80.595692413246,0.70654296875,False,False,-0.7243044674396515,32.003819942474365,-104.59017753601074,-2.3956112563610077,2.235889434814453,15.24132490158081,-5.6580230593681335,31.3740074634552,-62.05475330352783,False
continuation/mixed_s23,p001197_a000062_000028,TRAIN,p001197,p001197_a000062,28,2048,33.836987515917144,104.53924871437924,0.634765625,17.2709820026865,63.52241962716823,0.89111328125,16.566005513230643,41.01682908721101,-0.25634765625,36.69464209901059,106.7399162355807,0.6240234375,False,False,-1.5754960477352142,33.34897756576538,-116.47510528564453,5.894169211387634,6.38657808303833,-13.915002346038818,0.26099756360054016,39.49404135346413,-106.68843984603882,False
continuation/mixed_s23,p001197_a000062_000040,TRAIN,p001197,p001197_a000062,40,2048,32.47734522438911,98.8450783970575,0.68212890625,53.21917947193512,104.7247619029241,0.47607421875,-20.74183424754601,-5.879683505866595,0.2060546875,26.014891682296437,87.7020434708537,0.7587890625,False,False,-7.159397006034851,26.863038539886475,-156.16679191589355,-2.7260035276412964,-11.095404624938965,17.68392324447632,-13.595886528491974,-15.666753053665161,-53.94512414932251,False
continuation/mixed_s23,p001197_a000062_000052,TRAIN,p001197,p001197_a000062,52,2048,43.121208137039524,123.26483678693256,0.56689453125,64.01095851455804,134.17467988277892,0.4052734375,-20.889750377518517,-10.909843095846355,0.16162109375,33.74563631300501,102.9903015974838,0.654296875,False,False,-16.127195209264755,27.863144874572754,-247.63929843902588,3.4513361752033234,-27.424420230090618,20.204007625579834,-8.504368597641587,-35.99235136061907,-142.7159309387207,False
continuation/mixed_s23,p001197_a000062_000064,TRAIN,p001197,p001197_a000062,64,2048,39.572245414911286,102.13816489333522,0.607421875,65.59282629483063,135.66523147122942,0.41650390625,-26.020580879919343,-33.5270665778942,0.19091796875,32.09008319652137,89.64854444244905,0.68505859375,False,False,-13.116603717207909,30.05528450012207,-252.79414653778076,1.7976351082324982,-24.591311812400818,9.784042835235596,-4.2511653155088425,-53.06527577340603,-149.4263410568238,False
continuation/mixed_s23,p001197_a000062_000076,TRAIN,p001197,p001197_a000062,76,2048,33.19050926708779,97.66787337349064,0.66650390625,47.79947195964131,105.28759229409104,0.52685546875,-14.608962692553519,-7.6197189206004055,0.1396484375,29.006019828594745,87.54239110313428,0.7333984375,False,False,-4.965420812368393,30.41940927505493,-155.34424781799316,-7.567413151264191,-10.85491175763309,15.271246433258057,-16.768936067819595,-4.928705049678683,-68.98963451385498,False
continuation/mixed_s23,p001197_a000062_000087,TRAIN,p001197,p001197_a000062,87,2048,32.50927880396135,97.8755472160293,0.669921875,24.135268993586973,74.18241523920307,0.82763671875,8.374009810374378,23.693131976826237,-0.15771484375,32.28274097762265,99.05672040343448,0.6630859375,False,False,-2.390742301940918,31.946301460266113,-117.4173355102539,1.619398593902588,4.832424223423004,-0.7468461990356445,1.5996061265468597,33.8440015912056,-89.03419971466064,False
continuation/mixed_s23,p001197_a001238_000003,TRAIN,p001197,p001197_a001238,3,2048,30.479567749872366,90.16075145664702,0.736328125,96.87950199661927,174.41600043186173,0.18798828125,-66.39993424674691,-84.25524897521471,0.54833984375,23.378135119035438,83.43635461771919,0.8330078125,False,False,0.7368437945842743,39.301156997680664,-264.68348503112793,1.9302070140838623,-29.074087738990784,22.727012634277344,5.69232739508152,-64.48308378458023,-103.54936122894287,False
continuation/mixed_s23,p001197_a001238_000010,TRAIN,p001197,p001197_a001238,10,2048,31.373711183484076,97.15433205522613,0.72119140625,95.50512475663506,175.0156174425673,0.16748046875,-64.13141357315098,-77.86128538734117,0.5537109375,21.518889736953277,82.15514643891582,0.86181640625,False,False,0.42703840881586075,39.85542058944702,-260.9102725982666,3.8397852331399918,-27.762196958065033,31.455397605895996,8.049107156693935,-61.90944463014603,-82.91709423065186,False
continuation/mixed_s23,p001197_a001238_000018,TRAIN,p001197,p001197_a001238,18,2048,32.12618930926099,91.80422610238809,0.7392578125,95.71109320283375,175.4101776950312,0.18359375,-63.584903893572765,-83.60595159264311,0.5556640625,20.062431337515832,77.50808579093506,0.8759765625,False,False,-0.24445075541734695,40.81219434738159,-261.52634620666504,3.8093768525868654,-30.00533953309059,31.857967376708984,7.168244803324342,-64.13133814930916,-85.14946699142456,False
continuation/mixed_s23,p001197_a001238_000025,TRAIN,p001197,p001197_a001238,25,2048,29.85812334096088,99.06115738626362,0.7353515625,91.96721078919622,170.52599946967626,0.197265625,-62.109087448235336,-71.46484208341265,0.5380859375,20.68633720859635,86.14994559442732,0.859375,False,False,-1.195162651129067,38.158535957336426,-248.49843978881836,1.0371471289545298,-26.97335183620453,30.950307846069336,2.547471900470555,-60.3921115398407,-81.5657377243042,False
continuation/mixed_s23,p001197_a001238_000033,TRAIN,p001197,p001197_a001238,33,2048,32.81093212292866,111.15228270335959,0.70654296875,98.3434722380563,181.54814829029473,0.15771484375,-65.53254011512763,-70.39586558693514,0.548828125,21.898760824302457,96.55564131098902,0.8369140625,False,False,-1.2586376396939158,39.933621883392334,-263.89169692993164,0.5306492967065424,-29.947564005851746,26.906251907348633,2.1244869276415557,-62.732189893722534,-93.06943416595459,False
continuation/mixed_s23,p001197_a001238_000040,TRAIN,p001197,p001197_a001238,40,2048,32.6510884357419,104.53341856267699,0.6923828125,79.02147004831252,152.25602825449752,0.2626953125,-46.370381612570625,-47.72260969182054,0.4296875,22.64093730887072,88.41418698596813,0.84423828125,False,False,-0.4574148915708065,36.785781383514404,-240.9038543701172,2.443268895149231,-30.409395694732666,28.836607933044434,6.131425267085433,-58.061033487319946,-84.65969562530518,False
continuation/mixed_s23,p001197_a001238_000048,TRAIN,p001197,p001197_a001238,48,2048,32.127865068210184,93.02484182680192,0.73779296875,89.71857715986475,168.80377201610335,0.1845703125,-57.59071209165457,-75.77893018930143,0.55322265625,21.934079011699996,87.73428771544123,0.84228515625,False,False,-0.6621761131100357,37.77050971984863,-253.39436531066895,3.9181597530841827,-31.034722924232483,24.59639310836792,5.708170880097896,-64.66805934906006,-89.98340368270874,False
continuation/mixed_s23,p001197_a001238_000055,TRAIN,p001197,p001197_a001238,55,2048,30.454197896683368,104.07412992223169,0.7431640625,97.89492174040198,175.04470003820478,0.177734375,-67.44072384371862,-70.97057011597309,0.5654296875,21.43443731406552,92.45394624182704,0.84912109375,False,False,-0.2924147993326187,39.46638107299805,-260.4668140411377,3.197144716978073,-28.48893404006958,25.826096534729004,5.344091914594173,-60.09000539779663,-92.14365482330322,False
continuation/mixed_s23,p001199_a001398_000001,VAL,p001199,p001199_a001398,1,2048,19.723536505439597,55.810295679736576,0.9228515625,31.002189352190925,75.24460665170841,0.662109375,-11.278652846751328,-19.434310971971833,0.2607421875,11.42997950864311,49.91666616046857,0.9501953125,False,False,1.8017813563346863,4.140496253967285,-95.69740295410156,-1.2449435889720917,-2.9373466968536377,21.25006914138794,-0.3743954002857208,-11.726349592208862,-15.896797180175781,False
continuation/mixed_s23,p001199_a001398_000004,VAL,p001199,p001199_a001398,4,2048,19.432266079765864,56.4026187967013,0.92236328125,32.54033434663555,78.02975052161128,0.64404296875,-13.108068266869683,-21.62713172490998,0.2783203125,11.536051801788954,49.908534337182864,0.95068359375,False,False,2.23458930850029,4.305720329284668,-99.55501556396484,-0.6993450224399567,-2.6453062891960144,21.142423152923584,0.3875158727169037,-11.305782943964005,-18.08387041091919,False
continuation/mixed_s23,p001199_a001398_000008,VAL,p001199,p001199_a001398,8,2048,18.258647837748878,55.999007374242055,0.92724609375,30.21138464196978,73.50064542185225,0.6787109375,-11.952736804220901,-17.5016380476102,0.24853515625,11.057979854137086,50.53164970902889,0.94482421875,False,False,1.9695572555065155,4.199385643005371,-92.29397773742676,0.6142333149909973,-1.9762590527534485,21.695315837860107,2.2037799935787916,-10.009907186031342,-12.773454189300537,False
continuation/mixed_s23,p001199_a001398_000011,VAL,p001199,p001199_a001398,11,2048,18.39849527441671,55.25308642829222,0.92822265625,31.930791408714775,74.05850789742505,0.67578125,-13.532296134298065,-18.805421469132824,0.25244140625,11.298639856468267,49.463607842795135,0.951171875,False,False,1.9411072134971619,4.047989845275879,-90.89183807373047,-0.045340508222579956,-1.9760355353355408,20.444214344024658,1.9323378801345825,-12.09237426519394,-15.280842781066895,False
continuation/mixed_s23,p001199_a001398_000014,VAL,p001199,p001199_a001398,14,2048,19.07606022642919,54.63470135305065,0.92919921875,30.279058023543843,73.21368381244007,0.681640625,-11.202997797114655,-18.578982459389415,0.24755859375,10.79807670146381,49.761995237457356,0.95068359375,False,False,1.9244439899921417,3.9931535720825195,-92.48542785644531,-0.47947466373443604,-1.9102618098258972,21.96449041366577,1.179032027721405,-9.217001497745514,-15.070438385009766,False
continuation/mixed_s23,p001199_a001398_000017,VAL,p001199,p001199_a001398,17,2048,20.254732943943456,54.97748180932165,0.92724609375,30.23104854295835,72.2060182072754,0.69091796875,-9.976315599014896,-17.228536397953754,0.236328125,11.45957745062011,48.48316476606688,0.95751953125,False,False,2.0210295915603638,4.2266845703125,-94.30646896362305,-0.28832629323005676,-2.0421333611011505,23.053526878356934,0.03375206142663956,-9.96151939034462,-14.05489444732666,False
continuation/mixed_s23,p001199_a001398_000021,VAL,p001199,p001199_a001398,21,2048,19.719110755239015,54.36212429633183,0.93212890625,32.654539915009835,74.88740838992743,0.662109375,-12.93542915977082,-20.5252840935956,0.27001953125,11.602777202647236,48.675978117584506,0.95458984375,False,False,2.188239246606827,4.29689884185791,-97.16558456420898,0.25513936998322606,-2.9433071613311768,22.888779640197754,1.8664019298739731,-11.38807088136673,-15.19089937210083,False
continuation/mixed_s23,p001199_a001398_000024,VAL,p001199,p001199_a001398,24,2048,19.722012128463774,56.68201736390959,0.9208984375,30.85697709162787,75.48480617710997,0.6630859375,-11.134964963164094,-18.802788813200387,0.2578125,11.673371042821728,50.162951436221746,0.94873046875,False,False,2.4055540561676025,4.421710968017578,-96.73643112182617,-0.5101021379232407,-2.7397777885198593,21.843791007995605,0.20746514201164246,-11.903408914804459,-15.6363844871521,False
continuation/mixed_s23,p001201_a005135_000002,VAL,p001201,p001201_a005135,2,2048,38.2547233973317,74.49949620127792,0.68994140625,45.22267665798391,85.07030400422917,0.56005859375,-6.967953260652209,-10.57080780295125,0.1298828125,11.574551752478904,44.1898906905941,0.97314453125,False,False,-1.2086965143680573,37.57697343826294,-140.325665473938,1.9879750907421112,-9.554967284202576,53.070068359375,1.5521608293056488,8.824914693832397,-13.821065425872803,False
continuation/mixed_s23,p001201_a005135_000007,VAL,p001201,p001201_a005135,7,2048,42.69958004045291,84.99125694152465,0.56640625,45.43599508821236,84.84903970376168,0.55078125,-2.7364150477594507,0.1422172377629778,0.015625,24.037459779276116,53.26259808903063,0.93505859375,False,False,0.08258968591690063,41.567087173461914,-161.82708740234375,10.91848500072956,-13.02790641784668,48.1831431388855,10.101573541760445,8.172143250703812,-42.08630323410034,False
continuation/mixed_s23,p001201_a005135_000011,VAL,p001201,p001201_a005135,11,2048,44.10761522356036,97.78136520682025,0.55029296875,46.55542303720884,91.69138661444919,0.53564453125,-2.447807813648481,6.089978592371068,0.0146484375,19.907354762844093,63.711384806901314,0.91064453125,False,False,0.26855990290641785,40.72117805480957,-156.73887729644775,7.753064855933189,-9.348884224891663,52.848994731903076,6.728793028742075,11.075586080551147,-34.26933288574219,False
continuation/mixed_s23,p001201_a005135_000016,VAL,p001201,p001201_a005135,16,2048,43.150737694063764,87.88670106715392,0.56201171875,45.370860929218665,85.13446775819537,0.55126953125,-2.220123235154901,2.7522333089585516,0.0107421875,22.034123303425297,54.79712816720141,0.9306640625,False,False,1.247905194759369,41.93115234375,-162.72926330566406,7.946975529193878,-10.979699436575174,50.002336502075195,9.581003338098526,10.443998035043478,-39.59375619888306,False
continuation/mixed_s23,p001201_a005135_000021,VAL,p001201,p001201_a005135,21,2048,43.87356969129175,86.49006359059773,0.56591796875,44.06547080499095,82.34330657081021,0.5703125,-0.1919011136992026,4.146757019787515,-0.00439453125,22.2010617792533,53.36466261347979,0.931640625,False,False,0.7011406123638153,40.733933448791504,-159.6466302871704,3.708571195602417,-10.873287916183472,50.60237646102905,4.794098436832428,9.684398770332336,-39.28631544113159,False
continuation/mixed_s23,p001201_a005135_000026,VAL,p001201,p001201_a005135,26,2048,36.83464481453919,71.55929602874905,0.73681640625,48.28720569466316,88.55716592143935,0.52099609375,-11.452560880123968,-16.997869892690304,0.2158203125,10.944724718721847,42.85274675774272,0.97900390625,False,False,0.366799533367157,37.193357944488525,-140.60556888580322,1.943051815032959,-9.64142382144928,50.21160840988159,1.9485554657876492,4.755545407533646,-16.186416149139404,False
continuation/mixed_s23,p001201_a005135_000030,VAL,p001201,p001201_a005135,30,2048,19.587697174321654,54.13092111026281,0.93017578125,44.642872226792576,85.06965168881075,0.5751953125,-25.055175052470922,-30.93873057854794,0.35498046875,10.747017427007094,43.17592158760508,0.978515625,False,False,-1.1093132197856903,32.57632255554199,-106.48930072784424,0.9877961128950119,-7.067687809467316,21.637916564941406,-1.0614404454827309,3.476373851299286,-10.07002592086792,False
continuation/mixed_s23,p001201_a005135_000035,VAL,p001201,p001201_a005135,35,2048,39.65956219690813,72.58445272100681,0.66455078125,45.33729161227534,84.44322921864983,0.5556640625,-5.67772941536721,-11.85877649764302,0.10888671875,10.928145507063146,42.11490933306344,0.98193359375,False,False,-0.0014565885066986084,36.87852621078491,-139.19997215270996,0.32120663672685623,-10.559096932411194,53.186893463134766,-0.5764467641711235,6.669148802757263,-16.497254371643066,False
continuation/mixed_s23,p001202_a001230_000002,TRAIN,p001202,p001202_a001230,2,2048,48.0244415767355,110.87711325390973,0.51611328125,38.821039994531404,95.09119711644645,0.62939453125,9.203401582204094,15.785916137463275,-0.11328125,30.636410946758282,85.36358833700886,0.78662109375,False,False,3.3307671546936035,1.8000602722167969,-20.326852798461914,1.9065849483013153,-4.095062613487244,40.53807258605957,2.257365733385086,-0.10929442942142487,-22.692978382110596,False
continuation/mixed_s23,p001202_a001230_000009,TRAIN,p001202,p001202_a001230,9,2048,44.15040462506718,103.09115915389539,0.5673828125,37.85583993408286,91.89315468008157,0.65478515625,6.294564690984323,11.198004473813825,-0.08740234375,27.105602746101454,79.00035395791886,0.83251953125,False,False,2.5047659873962402,0.4354119300842285,-14.269590377807617,3.665432333946228,-2.016892656683922,39.960622787475586,2.7783066034317017,1.4135651290416718,-17.918646335601807,False
continuation/mixed_s23,p001202_a001230_000015,TRAIN,p001202,p001202_a001230,15,2048,47.21546250434416,111.58847597105846,0.53125,38.33063275987121,93.16547367616722,0.64306640625,8.884829744472952,18.423002294891234,-0.11181640625,31.583693551612473,86.84422877965673,0.7802734375,False,False,3.426477313041687,2.475619316101074,-22.563934326171875,3.9735138416290283,-4.451833665370941,38.76364231109619,5.032196640968323,1.1257007718086243,-27.489304542541504,False
continuation/mixed_s23,p001202_a001230_000021,TRAIN,p001202,p001202_a001230,21,2048,45.05571619052057,104.90392694698934,0.5556640625,38.2501994781929,91.23954450878095,0.64990234375,6.805516712327673,13.664382438208392,-0.09423828125,28.182756865327633,79.40377023073773,0.81201171875,False,False,3.0950456857681274,1.494765281677246,-16.997098922729492,3.1965188682079315,-2.067677676677704,40.35627841949463,3.0278414487838745,0.6650984287261963,-17.088115215301514,False
continuation/mixed_s23,p001202_a001230_000028,TRAIN,p001202,p001202_a001230,28,2048,43.51497158847447,103.61726705510695,0.56982421875,35.762671491747355,86.43438951889635,0.673828125,7.752300096727112,17.182877536210597,-0.10400390625,30.253564756788037,80.05032766177801,0.7939453125,False,False,3.336101770401001,1.1479854583740234,-20.337581634521484,2.6976987719535828,-4.250288009643555,35.054683685302734,4.110343754291534,-1.9588172435760498,-23.787617683410645,False
continuation/mixed_s23,p001202_a001230_000034,TRAIN,p001202,p001202_a001230,34,2048,42.082015768699094,99.88345396303221,0.58544921875,35.81340973867385,88.03262758044559,0.666015625,6.268606030025246,11.850826382586618,-0.08056640625,27.291346771993375,76.87179818618445,0.83154296875,False,False,2.862900495529175,0.2702474594116211,-13.936758041381836,1.2279599905014038,-2.705127000808716,37.775516510009766,2.6545003056526184,-0.7345527410507202,-16.38895273208618,False
continuation/mixed_s23,p001202_a001230_000040,TRAIN,p001202,p001202_a001230,40,2048,42.78845727200097,101.18273634944813,0.58447265625,35.68914397316175,88.67969343764291,0.671875,7.0993132988392205,12.503042911805224,-0.08740234375,26.55358577926026,76.2650994185059,0.82421875,False,False,3.17932665348053,1.1706948280334473,-16.247272491455078,2.616230398416519,-0.8208551444113255,40.45569896697998,3.4214667975902557,0.8824369870126247,-19.03313398361206,False
continuation/mixed_s23,p001202_a001230_000047,TRAIN,p001202,p001202_a001230,47,2048,41.09589113887262,102.29044874539488,0.58935546875,37.7160634712849,93.68685243878654,0.634765625,3.379827667587719,8.603596306608338,-0.04541015625,24.727919108553444,74.8380800632555,0.84521484375,False,False,2.6369690895080566,-0.7269382476806641,-9.473323822021484,2.6676245033740997,-0.7020607590675354,42.78361797332764,3.0819845851510763,-1.1153388768434525,-10.254859924316406,False
continuation/mixed_s23,p001202_a005135_000001,TRAIN,p001202,p001202_a005135,1,2048,38.35753922648779,85.85104266767121,0.6083984375,10.250408666364171,39.9232560784863,0.98779296875,28.107130560123615,45.92778658918491,-0.37939453125,35.41715750212368,73.54048864286996,0.67236328125,False,False,-0.14904886484146118,25.99489688873291,-76.28321647644043,3.068838268518448,-13.036876916885376,12.683749198913574,2.5482214987277985,9.541869163513184,-69.15509700775146,False
continuation/mixed_s23,p001202_a005135_000005,TRAIN,p001202,p001202_a005135,5,2048,36.38273831436317,77.52373906288908,0.64208984375,8.813526922989961,38.34474157924234,0.990234375,27.569211391373212,39.17899748364674,-0.34814453125,24.627884165331178,55.55005905730227,0.89794921875,False,False,0.33647939562797546,24.085044860839844,-73.42565059661865,-2.2066310048103333,-20.099207758903503,29.35004234313965,-3.620576113462448,-0.47785171773284674,-42.18578338623047,False
continuation/mixed_s23,p001202_a005135_000008,TRAIN,p001202,p001202_a005135,8,2048,40.89579416480423,92.10511661532578,0.58251953125,10.188819514339265,37.65100338171466,0.9912109375,30.706974650464964,54.454113233611125,-0.40869140625,38.45725285375785,83.63893360981075,0.62060546875,False,False,0.884227454662323,27.657032012939453,-85.32202243804932,-0.7331334054470062,-9.93771106004715,9.318411350250244,-1.1042156256735325,14.469318091869354,-78.46945524215698,False
continuation/mixed_s23,p001202_a005135_000012,TRAIN,p001202,p001202_a005135,12,2048,33.94761063129852,67.25569747846704,0.71728515625,10.29747275661898,37.458823575108816,0.99267578125,23.650137874679537,29.796873903358225,-0.275390625,15.346300887523054,39.778246389437555,0.9755859375,False,False,0.07355213165283203,20.330071449279785,-56.53989315032959,-7.0688147097826,-16.31433912552893,43.53499412536621,-8.949448354542255,0.5242710467427969,-14.036059379577637,False
continuation/mixed_s23,p001202_a005135_000015,TRAIN,p001202,p001202_a005135,15,2048,40.37693638761819,84.81505109210228,0.59423828125,9.276428553138222,38.05640382604279,0.9912109375,31.100507834479963,46.75864726605949,-0.39697265625,35.75727410745278,71.21109324854167,0.67626953125,False,False,1.2308508157730103,27.658283710479736,-80.77740669250488,-0.5896978545933962,-13.16419243812561,15.5029296875,-1.6718294937163591,11.844679713249207,-62.72214651107788,False
continuation/mixed_s23,p001202_a005135_000019,TRAIN,p001202,p001202_a005135,19,2048,39.69028490969484,89.37907267038683,0.6005859375,9.754549808680228,37.43264895521758,0.9912109375,29.93573510101461,51.94642371516925,-0.390625,37.472899974319915,78.59048203878244,0.6318359375,False,False,1.0189488530158997,27.877628803253174,-83.81462097167969,-1.7214231193065643,-9.925410151481628,12.080371379852295,-1.516386866569519,14.669567346572876,-73.30149412155151,False
continuation/mixed_s23,p001202_a005135_000022,TRAIN,p001202,p001202_a005135,22,2048,38.12779334850377,86.6185928572599,0.60302734375,9.24847519738517,39.28762753549539,0.99072265625,28.879318151118603,47.33096532176451,-0.3876953125,36.137132367677914,74.32201850865046,0.6376953125,False,False,1.0692626237869263,27.642786502838135,-82.6864242553711,-0.15810132026672363,-9.935736656188965,14.07015323638916,-0.39503350853919983,14.35941457748413,-68.06778907775879,False
continuation/mixed_s23,p001202_a005135_000026,TRAIN,p001202,p001202_a005135,26,2048,34.64365855683791,67.24187843298182,0.68212890625,8.88585076523185,36.68219695574438,0.99267578125,25.757807791606062,30.55968147723744,-0.310546875,16.57130829496017,41.21716800569734,0.9794921875,False,False,-0.3793388605117798,22.025227546691895,-60.55808067321777,-7.5752101838588715,-15.917077660560608,44.341862201690674,-8.908484131097794,4.359710030257702,-13.071119785308838,False
continuation/mixed_s23,p001203_a000032_000003,TRAIN,p001203,p001203_a000032,3,2048,23.53689084527103,66.76804285714495,0.87109375,34.158375716168706,89.74279625637888,0.6513671875,-10.621484870897675,-22.974753399233933,0.2197265625,14.039117719623414,53.66758307775901,0.9345703125,False,False,-2.5913678109645844,14.658868312835693,-125.20933151245117,-1.9076503813266754,-8.886843919754028,29.034912586212158,-7.383482530713081,-16.22559130191803,-33.9542031288147,False
continuation/mixed_s23,p001203_a000032_000009,TRAIN,p001203,p001203_a000032,9,2048,28.4230732664145,76.09465722996153,0.791015625,32.84085254135997,89.71076953781755,0.64599609375,-4.41777927494547,-13.616112307856028,0.14501953125,18.27892729879916,59.31857288695263,0.90966796875,False,False,-2.709902822971344,17.279744148254395,-143.03922653198242,-2.921268343925476,-12.515492737293243,30.482232570648193,-7.055502384901047,-18.190592527389526,-53.4132719039917,False
continuation/mixed_s23,p001203_a000032_000016,TRAIN,p001203,p001203_a000032,16,2048,27.73207590346276,74.1889704351056,0.8017578125,33.37953185839266,88.96601102509536,0.6533203125,-5.6474559549298995,-14.777040589989753,0.1484375,19.466231259423928,62.20861731921618,0.8984375,False,False,-2.5346018373966217,16.269803047180176,-140.24686813354492,-3.5667624324560165,-13.333875685930252,28.26923131942749,-7.962239906191826,-18.497038632631302,-50.69011449813843,False
continuation/mixed_s23,p001203_a000032_000022,TRAIN,p001203,p001203_a000032,22,2048,32.95339832908452,87.61611715596648,0.6943359375,34.66332725103935,91.55350499276835,0.634765625,-1.7099289219548268,-3.937387836801875,0.0595703125,24.52712638837348,70.64370640821956,0.86474609375,False,False,-2.5413930416107178,19.703388214111328,-164.16025161743164,-3.26322577893734,-16.096556559205055,27.543485164642334,-8.653415367007256,-18.75677891075611,-75.42926073074341,False
continuation/mixed_s23,p001203_a000032_000029,TRAIN,p001203,p001203_a000032,29,2048,32.62753801546332,89.09637778419658,0.6875,34.63175826700747,89.56222409245514,0.65625,-2.0042202515441474,-0.46584630825856266,0.03125,24.463369679609436,71.85456808506696,0.841796875,False,False,-2.400871366262436,19.51199769973755,-165.70580005645752,-3.1330569181591272,-16.369134187698364,27.2216796875,-6.369492271915078,-18.500812351703644,-75.88481903076172,False
continuation/mixed_s23,p001203_a000032_000035,TRAIN,p001203,p001203_a000032,35,2048,28.092716779065718,78.31348370713944,0.78125,32.12315785565404,84.5455348253049,0.6748046875,-4.030441076588325,-6.232051118165458,0.1064453125,20.926852126251003,65.37615627580621,0.8818359375,False,False,-3.033086657524109,16.16591215133667,-140.16389846801758,-4.702594131231308,-16.898229718208313,24.2651104927063,-9.620092809200287,-19.932813942432404,-53.825438022613525,False
continuation/mixed_s23,p001203_a000032_000042,TRAIN,p001203,p001203_a000032,42,2048,31.60794911903256,84.74816167193408,0.6953125,32.15960681967171,82.35230246270542,0.67431640625,-0.5516577006391472,2.395859209228661,0.02099609375,23.997496527249247,71.83423069530653,0.84619140625,False,False,-2.5555118918418884,19.1994309425354,-158.46490859985352,-2.019215375185013,-16.299821436405182,24.603724479675293,-5.705755203962326,-15.303056687116623,-78.27728986740112,False
continuation/mixed_s23,p001203_a000032_000048,TRAIN,p001203,p001203_a000032,48,2048,26.888337201644713,75.24610853814829,0.82861328125,30.031205021504956,82.22584341950521,0.68017578125,-3.1428678198602427,-6.979734881356919,0.1484375,18.596724724717788,62.17759990992757,0.900390625,False,False,-4.0443092584609985,15.65319299697876,-131.33645057678223,-3.0037674587219954,-15.745416283607483,28.625190258026123,-9.321166900917888,-20.904647186398506,-47.2072958946228,False
continuation/mixed_s23,p001204_a003011_000001,TRAIN,p001204,p001204_a003011,1,2048,27.572450329364237,80.03754063159316,0.80908203125,52.78610070885135,98.86762770810311,0.47705078125,-25.213650379487113,-18.830087076509955,0.33203125,14.489473852271802,54.39245012884707,0.9384765625,False,False,0.9087920188903809,28.26714515686035,-142.9072618484497,0.8062552660703659,-4.196971654891968,33.59109163284302,-2.481374889612198,0.5066990852355957,-19.628524780273438,False
continuation/mixed_s23,p001204_a003011_000003,TRAIN,p001204,p001204_a003011,3,2048,35.15228283734187,93.14021175145292,0.693359375,55.63445785136053,98.65689253051819,0.458984375,-20.482175014018658,-5.516680779065268,0.234375,16.356318269055166,56.96799612478918,0.927734375,False,False,1.8228814005851746,30.897319316864014,-161.73052787780762,0.061182305216789246,-5.7841092348098755,44.662415981292725,-2.7665121015161276,1.3800263404846191,-26.01003646850586,False
continuation/mixed_s23,p001204_a003011_000006,TRAIN,p001204,p001204_a003011,6,2048,32.15338391484529,91.52087678954692,0.7158203125,55.066875168168465,97.89893697109395,0.46240234375,-22.913491253323173,-6.378060181547028,0.25341796875,16.345936527930895,60.09281485289704,0.9111328125,False,False,1.6817674040794373,30.4948091506958,-156.4183235168457,0.9407699108123779,-4.099488258361816,40.54248332977295,-2.7101689483970404,3.2005906105041504,-28.166115283966064,False
continuation/mixed_s23,p001204_a003011_000008,TRAIN,p001204,p001204_a003011,8,2048,32.14573390916695,90.27773268164019,0.736328125,54.1593922975877,98.08040389180964,0.4658203125,-22.01365838842075,-7.80267121016945,0.2705078125,15.113700098199532,55.75514822059349,0.92724609375,False,False,1.8614083528518677,30.443191528320312,-156.25250339508057,0.5005274997529341,-3.523692488670349,42.0154333114624,-2.6287217060598778,3.6644786596298218,-24.278879165649414,False
continuation/mixed_s23,p001204_a003011_000010,TRAIN,p001204,p001204_a003011,10,2048,31.8854863816146,91.66546733282291,0.744140625,52.42268543315719,98.8335071830913,0.4814453125,-20.53719905154259,-7.168039850268386,0.2626953125,15.708753088729498,59.19436544209691,0.9228515625,False,False,1.677878201007843,29.818296432495117,-153.4963846206665,-0.41177193634212017,-3.9947330951690674,40.49670696258545,-3.153415396809578,3.8196295499801636,-24.060487747192383,False
continuation/mixed_s23,p001204_a003011_000012,TRAIN,p001204,p001204_a003011,12,2048,31.167186971882423,90.40549002449228,0.73291015625,54.04640785321182,97.8848100884671,0.47314453125,-22.879220881329395,-7.479320063974825,0.259765625,15.949850828598597,57.95260890297693,0.92626953125,False,False,1.7315000295639038,30.461132526397705,-157.23848342895508,0.18457602709531784,-5.130559206008911,42.059361934661865,-3.334873355925083,2.8747469186782837,-26.211440563201904,False
continuation/mixed_s23,p001204_a003011_000015,TRAIN,p001204,p001204_a003011,15,2048,30.792372476238576,88.95923864745654,0.74365234375,53.20931343520696,96.5207416023186,0.4765625,-22.416940958968382,-7.56150295486205,0.26708984375,15.6635768818945,55.56712489735512,0.92919921875,False,False,1.715339720249176,29.875874519348145,-154.18708324432373,1.104697585105896,-3.702014684677124,39.65836763381958,-0.5204696208238602,3.7353485822677612,-24.86860752105713,False
continuation/mixed_s23,p001204_a003011_000017,TRAIN,p001204,p001204_a003011,17,2048,32.61184948448319,94.138987584589,0.7158203125,54.7574934677735,97.57815366193006,0.46240234375,-22.145643983290313,-3.4391660773410564,0.25341796875,16.446671392418665,59.75321805980991,0.923828125,False,False,1.6577169299125671,30.97701072692871,-158.8810682296753,1.3957135379314423,-4.11340594291687,42.48654842376709,-2.148117870092392,4.435986280441284,-26.34871006011963,False
continuation/mixed_s23,p001210_a001226_000002,TRAIN,p001210,p001210_a001226,2,2048,50.086200530704936,240.97016500585588,0.49951171875,52.06786972144545,246.24101888749604,0.48486328125,-1.9816691907405115,-5.270853881640164,0.0146484375,49.65282203541011,234.32234141999356,0.501953125,False,False,3.51836159825325,-2.665221691131592,14.66989517211914,-4.864666610956192,-2.442270517349243,8.037209510803223,2.9606083407998085,-0.40115416049957275,3.3443570137023926,False
continuation/mixed_s23,p001210_a001226_000006,TRAIN,p001210,p001210_a001226,6,2048,54.192190169649834,230.18282378316835,0.46875,53.63657248978645,229.41187538835757,0.474609375,0.5556176798633814,0.7709483948107732,-0.005859375,49.450448491783284,216.56780930267212,0.5048828125,False,False,3.9895251393318176,-1.0988116264343262,1.878976821899414,-6.627678871154785,-5.437016487121582,18.486320972442627,2.359941601753235,-0.513032078742981,0.031232833862304688,False
continuation/mixed_s23,p001210_a001226_000010,TRAIN,p001210,p001210_a001226,10,2048,57.499473753743935,247.6019974630187,0.45556640625,54.97716187276188,242.42121738429836,0.4736328125,2.522311880982052,5.180780078720346,-0.01806640625,51.33092496879269,236.7335040764675,0.48779296875,False,False,3.6262553185224533,-0.6597042083740234,-6.983399391174316,-4.722414538264275,-4.943281412124634,22.978484630584717,1.3625584542751312,0.208340585231781,-2.089262008666992,False
continuation/mixed_s23,p001210_a001226_000014,TRAIN,p001210,p001210_a001226,14,2048,54.90885814898499,238.64740261400934,0.4716796875,54.06859856727202,235.9481539618425,0.470703125,0.8402595817129708,2.6992486521668297,0.0009765625,52.53899365082432,228.84051140553626,0.478515625,False,False,4.121333360671997,-0.916600227355957,3.5533905029296875,-4.3793488293886185,-5.234524607658386,18.026530742645264,2.318866550922394,-0.4366636276245117,0.5587935447692871,False
continuation/mixed_s23,p001210_a001226_000018,TRAIN,p001210,p001210_a001226,18,2048,55.21384029921239,239.2831415707093,0.47265625,55.24727191670432,236.62486612588629,0.4755859375,-0.03343161749192802,2.658275444823005,-0.0029296875,50.4710602567996,227.0690734140018,0.4912109375,False,False,4.079356789588928,-1.6279220581054688,2.3992061614990234,-6.158174946904182,-3.980472683906555,20.212888717651367,2.0534731447696686,-0.6638811901211739,0.23227930068969727,False
continuation/mixed_s23,p001210_a001226_000022,TRAIN,p001210,p001210_a001226,22,2048,54.064115893895035,260.66923513999745,0.47314453125,52.8110176237638,258.8843332723018,0.48095703125,1.2530982701312325,1.7849018676956803,-0.0078125,49.19570028675492,247.66673025096702,0.50732421875,False,False,4.198852926492691,-0.9182095527648926,0.896453857421875,-7.788226008415222,-6.4845010638237,18.608570098876953,2.8423406183719635,-0.2988278865814209,0.17982721328735352,False
continuation/mixed_s23,p001210_a001226_000026,TRAIN,p001210,p001210_a001226,26,2048,55.51232830156955,244.86484198287718,0.4658203125,51.013356255461844,238.5420769501823,0.494140625,4.49897204610771,6.322765032694889,-0.0283203125,49.352532887520226,227.9060702192522,0.505859375,False,False,4.053566604852676,-0.5503296852111816,-8.601665496826172,-7.970832288265228,-7.152341306209564,24.01101589202881,2.100106328725815,-0.36767125129699707,-2.356410026550293,False
continuation/mixed_s23,p001210_a001226_000030,TRAIN,p001210,p001210_a001226,30,2048,57.27601068069826,231.6353734862561,0.45263671875,50.863111862691525,221.84705930518805,0.4931640625,6.412898818006738,9.788314181068046,-0.04052734375,48.84211113910952,213.680427405637,0.50634765625,False,False,4.2504072189331055,-0.04410743713378906,-15.508651733398438,-6.696932017803192,-4.751726984977722,27.50575542449951,2.740718424320221,-0.8817166090011597,-3.4707188606262207,False
continuation/mixed_s23,p001216_a001423_000001,TRAIN,p001216,p001216_a001423,1,2048,17.600542740531687,70.90895158042564,0.85009765625,79.48474710008686,156.90795082022206,0.2138671875,-61.88420435955518,-85.99899923979642,0.63623046875,17.60828683782076,60.17936408304616,0.90625,False,False,1.1092647910118103,21.36439085006714,-89.23196792602539,-3.19962901994586,0.7473379373550415,-20.217537879943848,4.530524631263688,-13.392850756645203,-12.18402385711674,False
continuation/mixed_s23,p001216_a001423_000004,TRAIN,p001216,p001216_a001423,4,2048,17.686572708664585,61.967016814001234,0.892578125,81.20562540749592,163.58765063329304,0.20751953125,-63.51905269883133,-101.62063381929181,0.68505859375,16.402754946369917,60.08081167143426,0.90478515625,False,False,1.54898501932621,26.55702829360962,-109.1911792755127,-1.5752287581562996,-1.9816122949123383,-7.253527641296387,3.732922486960888,-11.995431035757065,-16.809999942779584,False
continuation/mixed_s23,p001216_a001423_000007,TRAIN,p001216,p001216_a001423,7,2048,16.700479185670396,57.31349588248283,0.904296875,83.83467670305336,164.29465013289237,0.19189453125,-67.13419751738297,-106.98115425040953,0.71240234375,16.65031569218992,55.84485891063089,0.90625,False,False,1.7877724021673203,30.790627002716064,-125.99420547485352,1.0159378871321678,-2.6724934577941895,-9.228765964508057,9.281235747039318,-11.718261986970901,-35.51334142684941,False
continuation/mixed_s23,p001216_a001423_000010,TRAIN,p001216,p001216_a001423,10,2048,18.056133112563884,66.3449777038058,0.8740234375,79.77705446201745,157.8127422030413,0.2041015625,-61.72092134945356,-91.4677644992355,0.669921875,18.913310863698833,59.06569240570357,0.90966796875,False,False,1.278366893529892,23.97763729095459,-97.31864929199219,-3.2857470214366913,-0.9373947978019714,-12.214899063110352,4.771068692207336,-13.570718467235565,-13.980209827423137,False
continuation/mixed_s23,p001216_a001423_000013,TRAIN,p001216,p001216_a001423,13,2048,18.873084691733304,76.22255815031434,0.83984375,80.91213301334636,162.05940805982888,0.19580078125,-62.03904832161306,-85.83684990951454,0.64404296875,18.27405190535175,64.03580449931712,0.88330078125,False,False,0.9818766266107559,20.888030529022217,-88.29426765441895,-2.978481352329254,2.0802319049835205,-19.789159297943115,3.413338214159012,-11.562831699848175,-12.708008289337089,False
continuation/mixed_s23,p001216_a001423_000016,TRAIN,p001216,p001216_a001423,16,2048,17.83444720301781,56.87077269836876,0.90869140625,79.35212649958287,160.46444112158292,0.21240234375,-61.517679296565056,-103.59366842321415,0.6962890625,17.557917756358165,57.83940025420678,0.91064453125,False,False,1.9063148647546768,29.506385326385498,-121.45256996154785,2.872854471206665,-1.8054693937301636,-12.720465660095215,11.077972128987312,-8.110418915748596,-38.34140300750737,False
continuation/mixed_s23,p001216_a001423_000019,TRAIN,p001216,p001216_a001423,19,2048,17.64255689300817,58.154442293262626,0.9091796875,78.87259702678404,160.72218909242628,0.21630859375,-61.230040133775866,-102.56774679916364,0.69287109375,18.12740304959876,57.11191853030526,0.9150390625,False,False,1.1934712529182434,28.543055057525635,-116.60122871398926,3.2281726598739624,-3.7115365266799927,-5.335569381713867,8.945044130086899,-10.96855103969574,-26.262044906616254,False
continuation/mixed_s23,p001216_a001423_000022,TRAIN,p001216,p001216_a001423,22,2048,18.146187403709035,58.49317903297338,0.908203125,77.87654876539324,158.34436802352528,0.208984375,-59.7303613616842,-99.85118899055189,0.69921875,17.14144969471354,59.86684176505006,0.90869140625,False,False,1.6544237732887268,29.82914447784424,-122.38311767578125,0.7965192198753357,-2.927035093307495,-11.648833751678467,6.762076169252396,-6.262004375457764,-36.27163171768193,False
continuation/mixed_s23,p001225_a005341_000001,TRAIN,p001225,p001225_a005341,1,2048,20.530587102662388,57.259006692344045,0.91357421875,116.59697805771692,184.67824192110177,0.056640625,-96.06639095505454,-127.41923522875773,0.85693359375,13.747341781876555,52.6469640178336,0.9365234375,False,False,1.9380971789360046,28.748691082000732,-135.14447212219238,-2.297664061188698,3.522545099258423,-29.289960861206055,6.249662488698959,-31.0322567820549,-19.780516624450765,False
continuation/mixed_s23,p001225_a005341_000005,TRAIN,p001225,p001225_a005341,5,2048,18.408311968726814,53.88815680564511,0.93359375,111.29414472326107,183.25612979107137,0.06103515625,-92.88583275453425,-129.36797298542626,0.87255859375,13.798563916021337,51.84894570061777,0.9423828125,False,False,1.6404613852500916,29.075920581817627,-137.34948635101318,-0.6665065884590149,2.332620322704315,-22.592484951019287,6.363923661410809,-28.404928743839264,-19.726693630218588,False
continuation/mixed_s23,p001225_a005341_000009,TRAIN,p001225,p001225_a005341,9,2048,20.124428641395397,60.87627984470988,0.9091796875,113.01711646460822,185.2446410014072,0.06005859375,-92.89268782321282,-124.36836115669732,0.84912109375,14.804345316165513,54.897502083269735,0.92529296875,False,False,1.7841756343841553,28.383374214172363,-133.96930694580078,-2.172354608774185,3.34244966506958,-27.443766593933105,4.440760239958763,-28.83027493953705,-19.562721252441488,False
continuation/mixed_s23,p001225_a005341_000013,TRAIN,p001225,p001225_a005341,13,2048,18.746754105187392,56.44004053569357,0.9248046875,115.49626437426059,184.63269650765676,0.07275390625,-96.7495102690732,-128.19265597196318,0.85205078125,14.282425082870905,55.420373541999204,0.92822265625,False,False,1.4058500528335571,29.915034770965576,-141.51906967163086,-1.841466873884201,1.1084377765655518,-19.925832748413086,6.308848038315773,-28.024211525917053,-19.650280475616537,False
continuation/mixed_s23,p001225_a005341_000016,TRAIN,p001225,p001225_a005341,16,2048,16.935964300400087,51.53395525962625,0.93896484375,113.13352690706395,178.91154057771647,0.06787109375,-96.19756260666387,-127.37758531809021,0.87109375,13.7621479793665,55.82746951882627,0.921875,False,False,1.420140266418457,30.010759830474854,-143.4159278869629,0.3901328891515732,1.991167664527893,-16.765117645263672,9.452031925320625,-26.470258831977844,-21.778404712677084,False
continuation/mixed_s23,p001225_a005341_000020,TRAIN,p001225,p001225_a005341,20,2048,21.776743260531994,64.22429953937527,0.87109375,114.74482450160612,185.41369925863262,0.060546875,-92.96808124107412,-121.18939971925735,0.810546875,14.557598236702688,54.32325053005522,0.9365234375,False,False,1.6405358910560608,27.040600776672363,-127.86281108856201,-2.1247267723083496,4.305750131607056,-30.99745512008667,4.09042090177536,-29.6275457367301,-18.205106258392416,False
continuation/mixed_s23,p001225_a005341_000024,TRAIN,p001225,p001225_a005341,24,2048,20.280955155292503,65.37424318090264,0.88671875,111.05837180123693,188.65706987738193,0.06884765625,-90.77741664594443,-123.28282669647929,0.81787109375,15.45645967218643,58.010430335997356,0.91650390625,False,False,1.4450475573539734,27.711570262908936,-132.09593296051025,-2.406075596809387,2.8909873217344284,-25.861620903015137,3.514021635055542,-28.365788981318474,-17.575383186340414,False
continuation/mixed_s23,p001225_a005341_000028,TRAIN,p001225,p001225_a005341,28,2048,17.250494816828926,56.94588569421541,0.9248046875,109.98619106642036,184.64020488206225,0.07421875,-92.73569624959143,-127.69431918784684,0.8505859375,14.719810849201082,55.36115217949215,0.9287109375,False,False,1.5725865960121155,28.438329696655273,-137.9849910736084,-1.4378540217876434,-0.09628850966691971,-17.952919006347656,5.253815557807684,-30.184087343513966,-19.638836383819662,False
continuation/mixed_s23,p001226_a000223_000006,TRAIN,p001226,p001226_a000223,6,2048,35.40395827259257,87.38034845884467,0.65087890625,19.199757868003537,45.52364659523383,0.974609375,16.20420040458903,41.85670186361084,-0.32373046875,24.52401419218437,57.937012350026684,0.8818359375,False,False,2.3123547434806824,20.2791690826416,-47.12224006652832,-3.131471574306488,-11.496126651763916,32.73540735244751,-1.0623186826705933,12.819278985261917,-33.99127721786499,False
continuation/mixed_s23,p001226_a000223_000021,TRAIN,p001226,p001226_a000223,21,2048,34.34555965593126,82.42000514362505,0.6689453125,18.810913047502215,46.289888628093415,0.9677734375,15.534646608429046,36.13011651553163,-0.298828125,21.457402850922087,51.91068069196272,0.93603515625,False,False,2.238623797893524,19.69081163406372,-44.35908794403076,-0.6135180592536926,-13.84619768941775,37.428200244903564,0.6145723164081573,9.76278487360105,-25.95454454421997,False
continuation/mixed_s23,p001226_a000223_000036,TRAIN,p001226,p001226_a000223,36,2048,44.24818903815353,100.00157113291887,0.5478515625,12.094221311673532,40.716456221040765,0.98095703125,32.15396772647999,59.285114911878104,-0.43310546875,42.95327292550299,99.24759294443248,0.56103515625,False,False,5.973927676677704,38.974761962890625,-108.99817943572998,4.171423614025116,-2.22574919462204,7.799267768859863,7.826805114746094,38.483671844005585,-102.73337364196777,False
continuation/mixed_s23,p001226_a000223_000051,TRAIN,p001226,p001226_a000223,51,2048,34.82804104046609,88.2958786548541,0.654296875,18.098095401479142,42.923491024202086,0.982421875,16.729945638986948,45.37238763065202,-0.328125,23.82519095949813,55.75283023840024,0.8955078125,False,False,1.4656074345111847,20.467758178710938,-49.4539737701416,-6.36696070432663,-6.783187389373779,37.97489404678345,-7.490922696888447,19.89796757698059,-28.344452381134033,False
continuation/mixed_s23,p001226_a000223_000066,TRAIN,p001226,p001226_a000223,66,2048,34.12461204124601,79.38317414048491,0.68115234375,21.48289879830164,49.214740573253316,0.9560546875,12.64171324294437,30.168433567231595,-0.27490234375,20.228955995877385,46.490498914586354,0.974609375,False,False,3.571845591068268,14.385461807250977,-34.09600257873535,-7.066264748573303,-11.165522038936615,39.9855375289917,-4.8400163650512695,12.384973466396332,-18.364369869232178,False
continuation/mixed_s23,p001226_a000223_000081,TRAIN,p001226,p001226_a000223,81,2048,45.683318353685664,101.55913060860127,0.544921875,11.556542392309572,39.407867148795546,0.982421875,34.12677596137609,62.15126345980572,-0.4375,34.85201264426905,84.46918469376355,0.67724609375,False,False,4.119988530874252,29.55538034439087,-119.08113956451416,1.2467503547668457,-15.201032161712646,35.904526710510254,4.6897828578948975,11.006000451743603,-74.22077655792236,False
continuation/mixed_s23,p001226_a000223_000096,TRAIN,p001226,p001226_a000223,96,2048,37.13712953777426,88.39546114275933,0.6455078125,19.687278038426456,46.6711079887192,0.9658203125,17.4498514993478,41.72435315404013,-0.3203125,26.87144770944724,61.21369741597726,0.833984375,False,False,1.191757619380951,18.180251121520996,-46.58830165863037,-5.98980113863945,-9.302804246544838,31.207501888275146,-6.051845790352672,15.48888348042965,-38.991332054138184,False
continuation/mixed_s23,p001226_a000223_000111,TRAIN,p001226,p001226_a000223,111,2048,38.61638155824593,95.65905135506375,0.60205078125,20.77454832896119,49.0739306971037,0.95849609375,17.841833229284745,46.585120657960054,-0.3564453125,38.51889746327432,96.24434130262887,0.60302734375,False,False,3.467392176389694,24.774014949798584,-68.18592548370361,1.0871905833482742,0.3406256437301636,1.0917186737060547,2.6901718229055405,31.52117133140564,-90.00200033187866,False
continuation/mixed_s23,p001231_a000029_000001,TRAIN,p001231,p001231_a000029,1,2048,32.814731957799765,128.9766790775877,0.68994140625,26.81208442114278,118.27619113133653,0.7666015625,6.002647536656983,10.700487946251172,-0.07666015625,21.741842633242833,111.74722636450869,0.81396484375,False,False,0.7832865230739117,-5.687355995178223,-14.608025550842285,0.32083410769701004,-6.175518035888672,31.636595726013184,0.012550968676805496,-6.366118788719177,-7.32266902923584,False
continuation/mixed_s23,p001231_a000029_000003,TRAIN,p001231,p001231_a000029,3,2048,34.25912308881172,128.73793018210486,0.6787109375,28.043160265473347,117.41634305045437,0.759765625,6.215962823338373,11.321587131650489,-0.0810546875,22.00697216004773,109.28347563086552,0.80322265625,False,False,1.0107788257300854,-5.341649055480957,-14.735937118530273,1.868882216513157,-6.505876779556274,32.1996808052063,2.114225644618273,-6.6970959305763245,-7.113039493560791,False
continuation/mixed_s23,p001231_a000029_000005,TRAIN,p001231,p001231_a000029,5,2048,33.09081813991019,129.85979423368434,0.693359375,29.052741960597,120.20078549486368,0.74560546875,4.03807617931319,9.65900873882066,-0.05224609375,21.486128023844064,112.27853339966684,0.8251953125,False,False,0.6166533567011356,-6.13558292388916,-11.086106300354004,0.15716056805104017,-6.743840873241425,30.96771240234375,1.9309556810185313,-6.476789712905884,-5.862891674041748,False
continuation/mixed_s23,p001231_a000029_000007,TRAIN,p001231,p001231_a000029,7,2048,33.1894793728381,121.3087707375149,0.6953125,27.4468766259009,109.38045261537209,0.75830078125,5.742602746937202,11.928318122142812,-0.06298828125,21.009236877915775,102.25972378861644,0.8291015625,False,False,0.8629621006548405,-5.224108695983887,-15.002131462097168,0.9535104036331177,-6.682887673377991,35.667479038238525,1.8023164011538029,-5.665633827447891,-7.107019424438477,False
continuation/mixed_s23,p001231_a000029_000008,TRAIN,p001231,p001231_a000029,8,2048,32.3988894353251,125.0586838539547,0.70703125,29.02733707963648,117.02938688059832,0.7529296875,3.371552355688621,8.02929697335638,-0.0458984375,20.956813063039178,115.35882469774364,0.8076171875,False,False,0.6278017535805702,-7.0656538009643555,-9.080052375793457,0.06537907756865025,-5.888447165489197,30.130743980407715,0.8013483602553606,-6.6146403551101685,-5.560576915740967,False
continuation/mixed_s23,p001231_a000029_000010,TRAIN,p001231,p001231_a000029,10,2048,33.334211203928234,128.25370917999476,0.69580078125,28.62401524487104,118.46132540004616,0.76513671875,4.710195959057195,9.792383779948594,-0.0693359375,21.17302434123411,109.63062630958217,0.8251953125,False,False,0.7056868635118008,-6.365060806274414,-11.771917343139648,0.9393040090799332,-6.039440631866455,33.50794315338135,1.0050851269625127,-6.354629993438721,-6.076335906982422,False
continuation/mixed_s23,p001231_a000029_000012,TRAIN,p001231,p001231_a000029,12,2048,33.34166467313228,134.80484173299232,0.68798828125,29.07492092188125,126.05269230411658,0.755859375,4.266743751251028,8.75214942887574,-0.06787109375,21.045918253878476,117.5236838860905,0.822265625,False,False,1.0138708166778088,-6.777763366699219,-10.674834251403809,0.59041369240731,-6.7839063704013824,31.471967697143555,1.8477815901860595,-7.428459823131561,-5.8103203773498535,False
continuation/mixed_s23,p001231_a000029_000014,TRAIN,p001231,p001231_a000029,14,2048,31.42435385354915,116.94061549471894,0.7158203125,28.419557884532537,109.55364402106942,0.771484375,3.0047959690166124,7.386971473649524,-0.0556640625,20.47617082754075,98.72550156280478,0.83544921875,False,False,0.5781631916761398,-7.452607154846191,-8.254647254943848,0.10146573185920715,-5.99251501262188,30.96824884414673,0.14099781401455402,-7.369647733867168,-4.574000835418701,False
continuation/mixed_s23,p001231_a000075_000003,TRAIN,p001231,p001231_a000075,3,2048,39.41669244681055,92.79783070163245,0.61962890625,16.86170612208869,51.91760671706683,0.9453125,22.55498632472186,40.88022398456562,-0.32568359375,31.03200287369524,75.48484650545592,0.72509765625,False,False,0.37098489701747894,26.96782350540161,-59.82530117034912,3.1552836298942566,-15.006959438323975,19.835293292999268,3.5721994936466217,12.621134519577026,-56.41758441925049,False
continuation/mixed_s23,p001231_a000075_000012,TRAIN,p001231,p001231_a000075,12,2048,31.272068753346588,73.93578637610659,0.73095703125,16.240852835909415,48.834633571646464,0.9521484375,15.031215917437173,25.101152804460128,-0.22119140625,18.36342760609665,49.45836477054352,0.95166015625,False,False,0.04635937511920929,24.425745010375977,-40.80080986022949,2.6076389476656914,-11.180460453033447,34.983813762664795,1.5121130272746086,14.007464051246643,-22.121906280517578,False
continuation/mixed_s23,p001231_a000075_000020,TRAIN,p001231,p001231_a000075,20,2048,38.23250825998609,102.69597317960194,0.6171875,13.732859116079696,45.308579007498864,0.9658203125,24.499649143906396,57.38739417210307,-0.3486328125,33.954917108719904,84.68757163640174,0.68408203125,False,False,1.4423113316297531,29.466986656188965,-73.46272468566895,6.809765473008156,-11.001083999872208,18.9439058303833,8.894197642803192,21.71686664223671,-65.62453508377075,False
continuation/mixed_s23,p001231_a000075_000029,TRAIN,p001231,p001231_a000075,29,2048,34.878312556118644,79.66979345293772,0.67529296875,20.02130851414873,58.852570038283176,0.912109375,14.857004041969915,20.81722341465455,-0.23681640625,21.5994996733697,59.3509256857919,0.90771484375,False,False,-0.6868671625852585,22.98051118850708,-40.27104377746582,2.8340108692646027,-10.279245674610138,35.63636541366577,-0.45005790889263153,15.046484768390656,-20.09481191635132,False
continuation/mixed_s23,p001231_a000075_000037,TRAIN,p001231,p001231_a000075,37,2048,39.394521403604045,88.88816095161918,0.6123046875,19.138390212795215,59.12880409774157,0.9111328125,20.25613119080883,29.759356853877613,-0.298828125,26.62298949891582,60.711302678285435,0.85595703125,False,False,-0.20780600607395172,27.49103307723999,-56.482553482055664,1.0965336114168167,-11.377125978469849,37.311851978302,0.20673207473009825,16.988322138786316,-32.845139503479004,False
continuation/mixed_s23,p001231_a000075_000046,TRAIN,p001231,p001231_a000075,46,2048,42.198583366881834,104.53481529368472,0.5732421875,17.984031544315293,52.56751158870313,0.94140625,24.21455182256654,51.96730370498159,-0.3681640625,26.924605270747833,69.80861836953845,0.83837890625,False,False,2.16068048030138,27.549564838409424,-64.5829439163208,5.03448024392128,-15.577840618789196,44.01445388793945,6.833381135948002,16.03743899613619,-42.72651672363281,False
continuation/mixed_s23,p001231_a000075_000054,TRAIN,p001231,p001231_a000075,54,2048,42.74253356049928,114.13935592992914,0.56103515625,13.153745865872942,50.63194611758832,0.94775390625,29.58878769462634,63.50740981234082,-0.38671875,41.7889170916751,111.61278016159174,0.5791015625,False,False,1.8499325960874557,33.9350700378418,-86.12167835235596,8.22087749838829,-9.570974856615067,5.08427619934082,11.292639770545065,27.17028185725212,-89.97964859008789,False
continuation/mixed_s23,p001231_a000075_000063,TRAIN,p001231,p001231_a000075,63,2048,36.566133855959386,91.06666334028056,0.6796875,13.228300703690476,57.305266119002034,0.93408203125,23.33783315226891,33.76139722127852,-0.25439453125,16.96290203342949,63.34265461621185,0.91259765625,False,False,0.8438993245363235,26.071906089782715,-48.184871673583984,7.242176681756973,-11.205601040273905,42.716145515441895,8.840513415634632,17.929939087480307,-16.374707221984863,False
continuation/mixed_s23,p001231_a000214_000004,TRAIN,p001231,p001231_a000214,4,2048,40.214727723285236,96.90662420417382,0.61279296875,40.11875577909477,98.3213005613196,0.6171875,0.09597194419046673,-1.4146763571457797,-0.00439453125,33.86660041191472,88.76368164752837,0.693359375,False,False,-3.630857914686203,6.511032581329346,-0.34165382385253906,3.219231963157654,-0.3108084201812744,24.686694145202637,-3.5047195851802826,7.361486554145813,-1.9199848175048828,False
continuation/mixed_s23,p001231_a000214_000016,TRAIN,p001231,p001231_a000214,16,2048,39.8758101779634,99.77102011291043,0.61572265625,37.98682289106762,99.79288760199279,0.63427734375,1.8889872868957838,-0.021867489082353586,-0.0185546875,33.28584725940912,87.54268018890228,0.697265625,False,False,-3.4804847091436386,7.197082042694092,-6.875514984130859,2.1945908665657043,0.35065412521362305,26.054024696350098,-3.652190789580345,9.067855775356293,-13.57811689376831,False
continuation/mixed_s23,p001231_a000214_000027,TRAIN,p001231,p001231_a000214,27,2048,42.688456360648956,119.38403087607382,0.564453125,43.64657684420158,124.66382303421398,0.55224609375,-0.9581204835526265,-5.279792158140154,0.01220703125,36.158183770204694,107.2994387397364,0.666015625,False,False,-3.5793036222457886,-6.393551826477051,7.268309593200684,4.422526806592941,-6.467930972576141,26.876389980316162,-0.914502888917923,-12.280732858926058,17.567217350006104,False
continuation/mixed_s23,p001231_a000214_000038,TRAIN,p001231,p001231_a000214,38,2048,37.63280300775932,114.02684228080446,0.62890625,26.058724084158293,89.591441004035,0.7880859375,11.574078923601029,24.435401276769454,-0.1591796875,32.810407854710334,108.06114461347826,0.70947265625,False,False,-3.216901794075966,-7.769942283630371,-45.825839042663574,1.4107078313827515,-11.027581989765167,18.369019031524658,-0.21652248688042164,-8.725228253751993,-52.177488803863525,False
continuation/mixed_s23,p001231_a000214_000049,TRAIN,p001231,p001231_a000214,49,2048,34.956021927459375,105.81825440310574,0.64306640625,16.51265816889225,64.72579380975012,0.87255859375,18.443363758567124,41.092460593355625,-0.2294921875,33.247930597199314,102.64757217552618,0.6708984375,False,False,-1.3715196400880814,-6.4400434494018555,-81.2678337097168,1.7277123406529427,-10.4265958070755,9.748518466949463,0.6515337154269218,-10.834142565727234,-78.65607738494873,False
continuation/mixed_s23,p001231_a000214_000060,TRAIN,p001231,p001231_a000214,60,2048,34.7932491513655,92.80653258954732,0.65869140625,28.51363131326407,78.81275123795758,0.74365234375,6.27961783810143,13.993781351589732,-0.0849609375,23.96157643306927,77.29958520947197,0.8095703125,False,False,-3.0148737132549286,-3.7996768951416016,-24.13642406463623,-0.7569082081317902,-15.325456857681274,29.94060516357422,-1.204315572977066,-7.309995591640472,-21.119654178619385,False
continuation/mixed_s23,p001231_a000214_000071,TRAIN,p001231,p001231_a000214,71,2048,40.39702318505518,102.14540370293639,0.60205078125,39.52173769320352,99.22821403569152,0.6123046875,0.8752854918516633,2.9171896672448696,-0.01025390625,39.44723249096609,99.23726476471083,0.62451171875,False,False,-4.420047625899315,6.828784942626953,-6.8378448486328125,2.799384295940399,6.319150328636169,9.554266929626465,-5.459362640976906,13.845495879650116,-21.69167995452881,False
continuation/mixed_s23,p001231_a000214_000083,TRAIN,p001231,p001231_a000214,83,2048,42.59286774187459,99.61622853057013,0.57470703125,41.96404949520783,99.9070307810033,0.57958984375,0.6288182466667607,-0.290802250433174,-0.0048828125,41.8792436172463,100.37705115934874,0.56884765625,False,False,-3.30936536192894,7.555186748504639,-5.838751792907715,3.458268940448761,7.1259066462516785,4.502654075622559,-3.2888613641262054,9.038940072059631,-8.491277694702148,False
continuation/mixed_s23,p100067_a005746_000002,TRAIN,p100067,p100067_a005746,2,2048,27.54336996250351,74.51478290680136,0.82470703125,46.51901096295711,116.34596381666584,0.53564453125,-18.9756410004536,-41.831180909864486,0.2890625,17.052209770872,72.01413207688965,0.8974609375,False,False,-9.14546474814415,18.686354160308838,-107.52582550048828,1.9683148711919785,-11.843226850032806,28.40709686279297,-1.7730426043272018,-14.954589307308197,-19.781291484832764,False
continuation/mixed_s23,p100067_a005746_000008,TRAIN,p100067,p100067_a005746,8,2048,27.461742168568204,74.64139667646744,0.83935546875,51.83557526028069,115.61601858068647,0.48388671875,-24.373833091712488,-40.974621904219035,0.35546875,16.245284141330043,76.7616419106856,0.90478515625,False,False,-8.583545684814453,19.662976264953613,-113.22462558746338,2.216009423136711,-12.452542781829834,29.45864200592041,-1.6073081642389297,-16.2673182785511,-20.50071954727173,False
continuation/mixed_s23,p100067_a005746_000014,TRAIN,p100067,p100067_a005746,14,2048,27.64214069157466,74.76838299273182,0.82275390625,51.6059917118162,115.01020919268521,0.48828125,-23.963851020241542,-40.241826199953394,0.33447265625,16.757528751002265,74.10467798332328,0.90771484375,False,False,-8.340984582901001,20.18791437149048,-115.77153205871582,1.3507241383194923,-12.704841792583466,30.33280372619629,-2.0170356146991253,-15.44269174337387,-22.00371026992798,False
continuation/mixed_s23,p100067_a005746_000020,TRAIN,p100067,p100067_a005746,20,2048,25.145288339391797,73.32093666472205,0.87548828125,56.93898587700061,120.74344515749844,0.4326171875,-31.793697537608814,-47.42250849277639,0.44287109375,14.37065112670873,72.69067402678641,0.9111328125,False,False,-8.1108920276165,20.27338743209839,-116.768479347229,3.6231018602848053,-10.876968502998352,29.544353485107422,1.1854302138090134,-14.903932809829712,-17.84217357635498,False
continuation/mixed_s23,p100067_a005746_000026,TRAIN,p100067,p100067_a005746,26,2048,22.497968587411698,74.60836574178204,0.884765625,55.12976171144135,116.30692171742368,0.45263671875,-32.63179312402965,-41.69855597564164,0.43212890625,14.276940342345197,76.82625753732113,0.90576171875,False,False,-8.612632751464844,19.461333751678467,-109.92074012756348,2.7279872447252274,-8.215129375457764,28.240442276000977,-0.36404654383659363,-11.612027883529663,-13.904571533203125,False
continuation/mixed_s23,p100067_a005746_000032,TRAIN,p100067,p100067_a005746,32,2048,25.83690282104891,83.27574433288827,0.8505859375,54.20278507413967,122.3160256165052,0.46337890625,-28.36588225309076,-39.040281283616935,0.38720703125,15.85942219188131,84.18166366570081,0.89404296875,False,False,-8.634708821773529,19.895195960998535,-112.1678352355957,3.373604267835617,-9.228214621543884,27.742207050323486,0.23356452584266663,-12.059614062309265,-19.05447244644165,False
continuation/mixed_s23,p100067_a005746_000038,TRAIN,p100067,p100067_a005746,38,2048,24.421072527317413,78.7115951946268,0.8671875,50.402294630335675,117.45338334760436,0.4970703125,-25.98122210301826,-38.74178815297756,0.3701171875,15.886357068494295,82.71446709291078,0.90283203125,False,False,-8.629284799098969,18.929004669189453,-107.69510269165039,2.947486937046051,-8.157961070537567,28.366684913635254,-0.8255429565906525,-10.706193745136261,-17.920970916748047,False
continuation/mixed_s23,p100067_a005746_000044,TRAIN,p100067,p100067_a005746,44,2048,26.51617599875128,74.48438202804853,0.8388671875,50.59710148137906,123.43969977139797,0.4951171875,-24.080925482627784,-48.95531774334944,0.34375,16.371318169959554,71.44241736090808,0.89208984375,False,False,-8.892450481653214,19.59681510925293,-112.16104030609131,2.4732686579227448,-10.444637387990952,30.02685308456421,-1.4656707644462585,-12.5269815325737,-20.39337158203125,False
continuation/mixed_s23,p100069_a005191_000006,TRAIN,p100069,p100069_a005191,6,2048,26.364162883728575,61.403208733324654,0.85888671875,54.988573501885625,108.76001548352532,0.474609375,-28.62441061815705,-47.35680675020067,0.38427734375,10.256757270780026,42.566337320375894,0.97705078125,False,False,8.616974577307701,39.126038551330566,-152.79173851013184,4.160692449659109,-10.409802198410034,40.296733379364014,13.137528207153082,-2.754549030214548,-14.432787895202678,False
continuation/mixed_s23,p100069_a005191_000021,TRAIN,p100069,p100069_a005191,21,2048,26.71514115642382,71.86093862298353,0.76025390625,57.839940600405754,105.6991143131848,0.439453125,-31.124799443981935,-33.83817569020127,0.32080078125,15.992999048816047,47.493237959052706,0.96044921875,False,False,9.124718606472015,40.04561901092529,-161.90671920776367,4.735140479169786,-12.181282043457031,36.009132862091064,13.734123087488115,-7.841512560844421,-32.41157531738274,False
continuation/mixed_s23,p100069_a005191_000037,TRAIN,p100069,p100069_a005191,37,2048,21.48201943747003,55.21565211036832,0.9091796875,84.38626387012857,124.4195955330136,0.2998046875,-62.904244432658544,-69.2039434226453,0.609375,9.022692481756263,37.30004878895303,0.97998046875,False,False,4.537359811365604,35.40384769439697,-149.0086317062378,-0.7463432848453522,-9.706899523735046,31.48174285888672,2.99923587590456,-15.067607164382935,-11.786341667175224,False
continuation/mixed_s23,p100069_a005191_000052,TRAIN,p100069,p100069_a005191,52,2048,26.752451217794945,72.04464992042291,0.806640625,52.01422452002487,102.3848428861382,0.4794921875,-25.261773302229923,-30.34019296571529,0.3271484375,17.566048421105165,57.10910613465058,0.927734375,False,False,8.121572434902191,36.19277477264404,-150.29537677764893,1.7574653029441833,-11.757507920265198,27.666211128234863,10.475272312760353,4.681997001171112,-41.22102260589604,False
continuation/mixed_s23,p100069_a005191_000068,TRAIN,p100069,p100069_a005191,68,2048,9.67301754865888,41.38108590249812,0.96923828125,51.529747920960546,94.69718544356839,0.48486328125,-41.85673037230167,-53.316099541070265,0.484375,9.661866901508784,41.567475650774064,0.96826171875,False,False,4.110479727387428,24.13862943649292,-84.64741706848145,-2.009417861700058,-2.3808274418115616,1.9404888153076172,3.1085647642612457,-7.907623425126076,-13.46290111541748,False
continuation/mixed_s23,p100069_a005191_000083,TRAIN,p100069,p100069_a005191,83,2048,20.789652435512377,54.723274811429384,0.9169921875,81.21626174413178,121.94832875652848,0.2919921875,-60.426609308619405,-67.22505394509909,0.625,10.503559012517751,42.95668302894605,0.96630859375,False,False,3.6793267354369164,34.33823585510254,-146.17657661437988,-1.3707950711250305,-7.155515253543854,27.846336364746094,1.6517816111445427,-11.795438826084137,-12.543797492980888,False
continuation/mixed_s23,p100069_a005191_000099,TRAIN,p100069,p100069_a005191,99,2048,22.253994699260396,59.84703922163181,0.8671875,65.26221358121695,116.53813104094284,0.39599609375,-43.00821888195656,-56.69109181931103,0.47119140625,10.20080654719277,43.37248133320052,0.9638671875,False,False,7.753107696771622,37.26029396057129,-149.37472343444824,2.0781848579645157,-10.425504297018051,32.71150588989258,10.783645324409008,-3.2741576433181763,-13.581156730651786,False
continuation/mixed_s23,p100069_a005191_000114,TRAIN,p100069,p100069_a005191,114,2048,15.901093542852985,54.888394327269395,0.9384765625,38.024112553567534,90.4117489943963,0.60498046875,-22.12301901071455,-35.52335466712691,0.33349609375,12.649025171391019,50.34697898494975,0.94873046875,False,False,4.099857062101364,26.547908782958984,-95.95811367034912,-2.0750202238559723,-4.153363406658173,9.774446487426758,2.740811704825319,-1.1950507760047913,-35.37780046463013,False
continuation/mixed_s23,p100069_a005746_000002,TRAIN,p100069,p100069_a005746,2,2048,29.174276351573404,73.04865838137285,0.75,12.307641139063419,92.22806609145366,0.84912109375,16.866635212509983,-19.17940771008081,-0.09912109375,20.799166721520876,74.15143370156974,0.8818359375,False,False,-3.9797741919755936,9.994745254516602,-61.1647367477417,-0.48179924488067627,-12.946009635925293,32.76866674423218,-3.4914612770080566,-7.861696183681488,-25.820016860961914,False
continuation/mixed_s23,p100069_a005746_000008,TRAIN,p100069,p100069_a005746,8,2048,28.292753458442935,72.13795995203304,0.7373046875,12.801201438234763,85.80120029800285,0.87158203125,15.491552020208172,-13.663240345969811,-0.13427734375,19.24777629564985,68.32820108940756,0.89501953125,False,False,-4.033045843243599,11.771559715270996,-70.51050662994385,3.5352343693375587,-12.488901615142822,32.53680467605591,-0.07271487265825272,-6.344348192214966,-29.987633228302002,False
continuation/mixed_s23,p100069_a005746_000014,TRAIN,p100069,p100069_a005746,14,2048,27.860621583549438,69.29338975083232,0.75244140625,12.581541742777894,93.87289891819641,0.85888671875,15.279079840771544,-24.579509167364094,-0.1064453125,19.91554036614188,72.10252008423296,0.89404296875,False,False,-3.762653097510338,10.404050350189209,-62.761783599853516,1.043340191245079,-13.299092650413513,30.988574028015137,-0.9230854921042919,-7.3611438274383545,-27.778804302215576,False
continuation/mixed_s23,p100069_a005746_000020,TRAIN,p100069,p100069_a005746,20,2048,31.480346459343124,87.26093893993352,0.69873046875,12.105254393746073,87.31290295413129,0.87353515625,19.37509206559705,-0.05196401419776464,-0.1748046875,30.58229654698067,77.33393266676637,0.724609375,False,False,-3.6563612520694733,15.214741230010986,-86.11452579498291,0.4335641860961914,-5.146697163581848,10.345757007598877,-1.8452182412147522,5.810081958770752,-71.82955741882324,False
continuation/mixed_s23,p100069_a005746_000027,TRAIN,p100069,p100069_a005746,27,2048,31.76683644162205,86.64726142549927,0.689453125,12.732396261745713,92.54430748554883,0.86767578125,19.034440179876338,-5.897046060049561,-0.17822265625,30.992077476567793,77.31781672329579,0.708984375,False,False,-3.4415628761053085,15.328288078308105,-86.33077144622803,-2.126544713973999,-4.352785646915436,10.703861713409424,-3.651430830359459,6.205005571246147,-69.98103857040405,False
continuation/mixed_s23,p100069_a005746_000033,TRAIN,p100069,p100069_a005746,33,2048,30.93685528954353,81.11491866596107,0.68896484375,12.911130710543603,92.06778705385794,0.8681640625,18.025724578999927,-10.95286838789687,-0.17919921875,29.960782869404248,68.76139241087589,0.75390625,False,False,-3.1889472156763077,14.448702335357666,-80.8342695236206,4.278902662917972,-9.78965312242508,14.681577682495117,2.032370073720813,0.9430572390556335,-60.305237770080566,False
continuation/mixed_s23,p100069_a005746_000039,TRAIN,p100069,p100069_a005746,39,2048,29.176747533447294,69.78539217387508,0.74560546875,11.886279801818105,92.29317105874065,0.8759765625,17.29046773162919,-22.507778884865573,-0.13037109375,17.17368696345632,77.7326896687733,0.88916015625,False,False,-3.6004725843667984,10.144710540771484,-60.178399085998535,2.0392173901200294,-12.19947636127472,37.129223346710205,0.25534583255648613,-6.290808320045471,-16.759097576141357,False
continuation/mixed_s23,p100069_a005746_000045,TRAIN,p100069,p100069_a005746,45,2048,31.06975312964962,81.49058970018007,0.69384765625,12.438851479910575,96.52182556007321,0.86279296875,18.630901649739045,-15.031235859893144,-0.1689453125,29.48998318634748,72.04242701262785,0.74365234375,False,False,-3.104250878095627,14.275848865509033,-79.78296279907227,3.4260526299476624,-7.8696757555007935,13.478517532348633,2.676304429769516,2.337507903575897,-61.149656772613525,False
continuation/mixed_s23,p100072_a001242_000006,TRAIN,p100072,p100072_a001242,6,2048,20.69112747968034,63.820114640227565,0.8662109375,33.923015302276795,80.138259366853,0.6875,-13.231887822596455,-16.31814472662544,0.1787109375,19.76244112390505,61.85360228129328,0.88330078125,False,False,-0.5008354783058167,5.126535892486572,-121.97613716125488,0.5593150854110718,1.8028318881988525,7.514297962188721,-1.753610500600189,2.4809110909700394,-51.72401666641235,False
continuation/mixed_s23,p100072_a001242_000020,TRAIN,p100072,p100072_a001242,20,2048,19.575984536846974,60.66110649032789,0.8955078125,28.380082856618216,68.66376098762477,0.79541015625,-8.804098319771242,-8.00265449729688,0.10009765625,16.574035368612794,51.82347582667764,0.93994140625,False,False,-1.9740387797355652,2.5627613067626953,-100.39162635803223,0.7179509848356247,-2.0905770361423492,16.91228151321411,-1.8423479050397873,-1.567259430885315,-30.362963676452637,False
continuation/mixed_s23,p100072_a001242_000034,TRAIN,p100072,p100072_a001242,34,2048,24.537299378383665,84.77514946298247,0.7744140625,16.00655467486463,48.44128126904561,0.95703125,8.530744703519034,36.33386819393686,-0.1826171875,24.790714856883266,85.48203949635321,0.7666015625,False,False,-2.980351448059082,-1.494288444519043,-95.51835060119629,0.16194116324186325,5.7379454374313354,2.423107624053955,-2.1276744082570076,7.884971797466278,-91.11529588699341,False
continuation/mixed_s23,p100072_a001242_000048,TRAIN,p100072,p100072_a001242,48,2048,55.66887998016611,211.51668585717016,0.451171875,24.13721493692853,141.48582969963851,0.74462890625,31.53166504323758,70.03085615753164,-0.29345703125,44.36572759519255,191.5090198763224,0.55078125,False,False,-2.4032816290855408,3.093123435974121,-118.86751651763916,2.6443935930728912,-8.940815925598145,28.401315212249756,3.9774946635589004,-7.69323855638504,-98.965585231781,False
continuation/mixed_s23,p100072_a001242_000063,TRAIN,p100072,p100072_a001242,63,2048,53.7551549653057,173.29119471405647,0.4619140625,24.357029402006894,109.54353325449583,0.77734375,29.398125563298805,63.747661459560646,-0.3154296875,42.95196064554425,152.35971611539495,0.5751953125,False,False,-2.3194104433059692,2.4815797805786133,-117.0583963394165,1.169748604297638,-3.5935938358306885,31.247973442077637,1.4062374830245972,-3.0573904514312744,-96.99857234954834,False
continuation/mixed_s23,p100072_a001242_000077,TRAIN,p100072,p100072_a001242,77,2048,21.84887016655685,69.31962409262239,0.8408203125,18.242769114400975,52.798306149813605,0.9404296875,3.606101052155875,16.521317942808786,-0.099609375,21.37390631747743,67.01160202108736,0.85791015625,False,False,-2.9161423444747925,-1.6721487045288086,-82.46612548828125,0.8030980825424194,-0.1337602734565735,5.729734897613525,-2.12376716081053,-1.0146107524633408,-59.94969606399536,False
continuation/mixed_s23,p100072_a001242_000091,TRAIN,p100072,p100072_a001242,91,2048,22.11011909433032,66.18620754982076,0.86767578125,40.22421455733725,95.63231889972313,0.62158203125,-18.11409546300693,-29.446111349902367,0.24609375,21.47767233969968,63.22735445017976,0.8818359375,False,False,-0.7526353001594543,9.402692317962646,-138.64994049072266,-1.421179622411728,1.244688406586647,5.982041358947754,-4.159710602834821,2.8145816177129745,-55.14371395111084,False
continuation/mixed_s23,p100072_a001242_000105,TRAIN,p100072,p100072_a001242,105,2048,20.343833713331318,62.63899452932601,0.8837890625,20.11186736323949,64.98280239689404,0.87353515625,0.23196635009182742,-2.3438078675680316,0.01025390625,20.204628091678714,60.10924507025955,0.89892578125,False,False,-2.010047435760498,-0.23806095123291016,-100.72016716003418,2.357783727347851,1.2792239431291819,5.572378635406494,-0.24085305631160736,2.3623111192137003,-57.97380208969116,False
continuation/mixed_s23,p100085_a000042_000001,TRAIN,p100085,p100085_a000042,1,2048,25.286102319100873,64.84237443551136,0.8837890625,56.75798704775541,88.92488128162992,0.3994140625,-31.471884728654533,-24.082506846118562,0.484375,18.079874241926667,55.5981461694509,0.92822265625,False,False,-23.635609075427055,2.757906913757324,-101.63617134094238,5.839555757120252,-17.370909685268998,15.49142599105835,-22.776423720642924,-2.3294652346521616,-10.70636510848999,False
continuation/mixed_s23,p100085_a000042_000002,TRAIN,p100085,p100085_a000042,2,2048,25.23290815310896,65.0233610458969,0.88720703125,57.04167447924027,91.13624502701295,0.38623046875,-31.808766326131312,-26.112883981116042,0.5009765625,17.99234599926455,58.04620432670041,0.92919921875,False,False,-23.40211719274521,2.7136802673339844,-103.97148132324219,5.632445216178894,-16.118988394737244,15.50900936126709,-22.209756076335907,-2.5208592414855957,-12.772440910339355,False
continuation/mixed_s23,p100085_a000042_000004,TRAIN,p100085,p100085_a000042,4,2048,23.91486779056072,66.72850875237103,0.869140625,58.39343812872276,92.12042698614938,0.3798828125,-34.47857033816204,-25.391918233778355,0.4892578125,17.640970585087793,57.31848609856217,0.92333984375,False,False,-22.969264537096024,2.6178359985351562,-103.89113426208496,4.953987896442413,-16.434937715530396,16.617298126220703,-22.0632366836071,-1.6673654317855835,-11.423647403717041,False
continuation/mixed_s23,p100085_a000042_000006,TRAIN,p100085,p100085_a000042,6,2048,26.2111994000633,65.55497085428765,0.87109375,57.140287357795174,90.81963170925398,0.37841796875,-30.929087957731873,-25.264660854966337,0.49267578125,18.95217619096875,58.86261158733404,0.92626953125,False,False,-23.73400889337063,2.587437629699707,-106.62484169006348,3.8275867700576782,-13.754919171333313,18.209218978881836,-23.26885424554348,0.5314052104949951,-14.29140567779541,False
continuation/mixed_s23,p100085_a000042_000008,TRAIN,p100085,p100085_a000042,8,2048,25.71390818966967,66.77758540290446,0.875,56.91139823065818,90.69598198956311,0.39453125,-31.19749004098851,-23.918396586658645,0.48046875,17.834270852797726,58.18543646551929,0.92919921875,False,False,-23.413604125380516,2.543807029724121,-107.2227954864502,4.254363477230072,-16.371173318475485,18.222451210021973,-23.487700149416924,-0.22728508338332176,-12.3978853225708,False
continuation/mixed_s23,p100085_a000042_000010,TRAIN,p100085,p100085_a000042,10,2048,26.88358258057396,63.05997279126489,0.83349609375,56.165777236399904,88.23013887946125,0.3984375,-29.282194655825943,-25.17016608819636,0.43505859375,18.920679219017863,57.27973563325906,0.92578125,False,False,-23.533841595053673,2.695322036743164,-110.37540435791016,5.055820569396019,-14.730662107467651,23.212671279907227,-22.181611508131027,0.16546249389648438,-13.110756874084473,False
continuation/mixed_s23,p100085_a000042_000012,TRAIN,p100085,p100085_a000042,12,2048,26.09978103479358,65.33381941615826,0.83740234375,57.91095179700501,92.65288898210497,0.3818359375,-31.811170762211432,-27.319069565946705,0.45556640625,19.540941104643093,58.92274136235409,0.92041015625,False,False,-23.386966437101364,2.695322036743164,-113.73686790466309,4.351034760475159,-14.40805196762085,21.790385246276855,-23.766901344060898,1.2525394558906555,-14.941930770874023,False
continuation/mixed_s23,p100085_a000042_000013,TRAIN,p100085,p100085_a000042,13,2048,27.64671177581775,68.01680839178425,0.83447265625,56.58310788960629,88.7272970915638,0.39501953125,-28.93639611378854,-20.710488699779546,0.439453125,20.128239282951363,58.57094657325446,0.91796875,False,False,-23.64092692732811,2.8662681579589844,-112.40243911743164,4.86060231924057,-15.671610832214355,22.243857383728027,-23.00223335623741,-0.8720457553863525,-13.570666313171387,False
continuation/mixed_s23,p100086_a001415_000003,TRAIN,p100086,p100086_a001415,3,2048,26.216173036286413,74.27705466103409,0.81005859375,42.61011917327912,100.22355281355202,0.57177734375,-16.393946136992703,-25.946498152517933,0.23828125,23.44259691887376,68.6765836816804,0.83740234375,False,False,10.655812919139862,-4.493117332458496,-218.26481819152832,9.559661149978638,2.6201456785202026,7.824599742889404,17.271215561777353,-21.66961459442973,-121.31351232528687,False
continuation/mixed_s23,p100086_a001415_000010,TRAIN,p100086,p100086_a001415,10,2048,26.38172396457921,69.56956359219495,0.83349609375,43.43994246180502,102.8085539998412,0.568359375,-17.05821849722581,-33.23899040764624,0.26513671875,23.97137588806078,66.2093697220819,0.85302734375,False,False,10.449044406414032,-5.159497261047363,-219.61331367492676,10.478558018803596,3.4054256975650787,7.729887962341309,17.207702854648232,-21.395844407379627,-120.26208639144897,False
continuation/mixed_s23,p100086_a001415_000017,TRAIN,p100086,p100086_a001415,17,2048,25.378969333363553,69.87260563435763,0.83203125,43.64327326544766,102.09203539248824,0.56787109375,-18.264303932084108,-32.219429758130616,0.26416015625,23.515584054380223,65.76596539437477,0.84765625,False,False,9.58462804555893,-5.422115325927734,-213.0453586578369,8.155694929882884,1.1877603828907013,5.467057228088379,15.399797586724162,-23.97346869111061,-115.06783962249756,False
continuation/mixed_s23,p100086_a001415_000024,TRAIN,p100086,p100086_a001415,24,2048,25.224998414157355,68.38747483042852,0.84130859375,44.89509937796531,103.26387903669419,0.54833984375,-19.670100963807954,-34.876404206265676,0.29296875,22.350075655498806,63.11903944568236,0.85693359375,False,False,9.805522859096527,-5.433440208435059,-213.42706680297852,4.634350538253784,3.355748951435089,9.21541452407837,10.153471026569605,-21.346252411603928,-109.1231107711792,False
continuation/mixed_s23,p100086_a001415_000032,TRAIN,p100086,p100086_a001415,32,2048,26.19644298376207,68.09771635244186,0.8427734375,46.16657591928193,103.73788993122805,0.53515625,-19.970132935519864,-35.64017357878619,0.3076171875,23.899679846620497,66.00191404359936,0.8583984375,False,False,9.866401553153992,-5.580663681030273,-217.35334396362305,10.622121393680573,2.4080201983451843,4.4432878494262695,17.49437302350998,-24.365879595279694,-116.65898561477661,False
continuation/mixed_s23,p100086_a001415_000039,TRAIN,p100086,p100086_a001415,39,2048,24.829285580807504,69.8668039222518,0.83837890625,45.331364995587094,102.85910431650562,0.55224609375,-20.50207941477959,-32.99230039425382,0.2861328125,21.869877757556793,64.55212431321382,0.85595703125,False,False,9.55883413553238,-6.041169166564941,-219.1612720489502,11.074401438236237,1.666005700826645,6.786942481994629,17.62457937002182,-24.961525574326515,-115.98324775695801,False
continuation/mixed_s23,p100086_a001415_000046,TRAIN,p100086,p100086_a001415,46,2048,25.897720654346365,68.99689220041728,0.837890625,46.99827551251248,102.78800288205333,0.5302734375,-21.100554858166113,-33.791110681636056,0.3076171875,23.44667775457537,64.06504906651979,0.8564453125,False,False,9.127020835876465,-5.957961082458496,-220.05891799926758,12.516830349341035,2.4902643635869026,6.9283246994018555,19.29529313929379,-24.856138043105602,-117.37853288650513,False
continuation/mixed_s23,p100086_a001415_000053,TRAIN,p100086,p100086_a001415,53,2048,26.221765432820323,71.19551710385115,0.826171875,43.12762785546,102.06125353685896,0.56298828125,-16.905862422639675,-30.86573643300781,0.26318359375,23.297254002558812,65.45802578414711,0.85498046875,False,False,8.767813444137573,-6.1626434326171875,-218.40143203735352,11.705177836120129,3.9218130987137556,8.324265480041504,16.886713914573193,-21.469164406880736,-117.48498678207397,False
continuation/mixed_s23,p100089_a005814_000004,TRAIN,p100089,p100089_a005814,4,2048,98.4086023621243,206.9387429334154,0.21923828125,38.869564549451,107.70406621464592,0.615234375,59.5390378126733,99.23467671876948,-0.39599609375,54.496773337361354,165.0891646824788,0.46826171875,False,False,26.8724262714386,4.513442516326904,-157.7765941619873,-1.333095133304596,-9.373033419251442,79.48124408721924,27.211956679821014,3.2451730221509933,-102.009117603302,False
continuation/mixed_s23,p100089_a005814_000014,TRAIN,p100089,p100089_a005814,14,2048,92.12728092197094,206.17816273836334,0.24267578125,37.43707595923938,113.2977639312535,0.6142578125,54.690204962731556,92.88039880710984,-0.37158203125,50.20185580995435,169.88371341950997,0.49853515625,False,False,25.272279977798462,3.5877227783203125,-148.0104923248291,-1.5680193901062012,-9.255506098270416,77.43823528289795,22.649452090263367,1.7928257584571838,-84.81144905090332,False
continuation/mixed_s23,p100089_a005814_000024,TRAIN,p100089,p100089_a005814,24,2048,78.3038816952049,198.2398072079065,0.31640625,37.374018553427945,106.69214336328264,0.63037109375,40.92986314177695,91.54766384462386,-0.31396484375,49.43490962055303,163.00824848132243,0.501953125,False,False,23.7923264503479,2.7373433113098145,-137.8878355026245,0.4082620143890381,-8.65228846669197,59.59141254425049,27.01561152935028,3.136521205306053,-105.1245927810669,False
continuation/mixed_s23,p100089_a005814_000034,TRAIN,p100089,p100089_a005814,34,2048,78.80346044878857,202.1674571607828,0.30859375,39.93473980770925,110.09059164060861,0.60986328125,38.86872064107932,92.07686552017418,-0.30126953125,51.107842978933185,168.87873768848834,0.4921875,False,False,24.06442165374756,2.5571584701538086,-138.87643814086914,-1.6531944274902344,-7.308975385967642,60.34350395202637,24.036481976509094,1.610367966350168,-104.24363613128662,False
continuation/mixed_s23,p100089_a005814_000043,TRAIN,p100089,p100089_a005814,43,2048,55.33743942608352,175.42011081199715,0.4521484375,36.90774752719339,108.59380027644764,0.63623046875,18.429691898890127,66.82631053554951,-0.18408203125,49.075986797450405,159.4435202847326,0.5107421875,False,False,16.922861337661743,-1.2865662574768066,-94.44427490234375,4.349619150161743,-4.977293312549591,21.954774856567383,24.69271421432495,2.7210786938667297,-96.02826833724976,False
continuation/mixed_s23,p100089_a005814_000053,TRAIN,p100089,p100089_a005814,53,2048,69.26394251864984,197.69629554045594,0.36279296875,39.81954352759686,105.22285678856048,0.62548828125,29.444398991052978,92.47343875189546,-0.2626953125,47.62892665420797,163.05958687324397,0.52001953125,False,False,24.01164174079895,2.699732780456543,-135.03360748291016,1.6313791275024414,-8.22545774281025,54.43066358566284,26.537075638771057,2.181844785809517,-109.71128940582275,False
continuation/mixed_s23,p100089_a005814_000063,TRAIN,p100089,p100089_a005814,63,2048,77.3002646663116,200.44710782084977,0.3212890625,39.64117143136346,104.4006781933717,0.6318359375,37.659093234948145,96.04642962747806,-0.310546875,49.73676109465042,161.86435181389493,0.50439453125,False,False,25.266170501708984,3.277003765106201,-143.6830759048462,0.490039587020874,-8.961930871009827,61.21939420700073,28.07822823524475,2.0317286252975464,-110.5571985244751,False
continuation/mixed_s23,p100089_a005814_000073,TRAIN,p100089,p100089_a005814,73,2048,72.70280856877122,198.2734656839027,0.33935546875,38.344689528162576,106.25963593671237,0.63671875,34.35811904060864,92.01382974719034,-0.29736328125,49.31364053970698,162.84198615237173,0.50537109375,False,False,23.011475801467896,2.579212188720703,-132.68780708312988,-0.5052685737609863,-9.36802476644516,52.443623542785645,25.491327047348022,1.7702989280223846,-107.49739408493042,False
continuation/mixed_s23,p100090_a005401_000001,TRAIN,p100090,p100090_a005401,1,2048,22.95112754915135,73.5839994843266,0.861328125,55.896462715129914,125.56994689760668,0.458984375,-32.94533516597856,-51.98594741328009,0.40234375,18.64070372958833,69.37544028240276,0.87158203125,False,False,-36.212258040905,-2.28726863861084,-96.25816345214844,2.2074058651924133,-15.227839350700378,-19.671201705932617,-22.429004311561584,8.886396884918213,-15.51741361618035,False
continuation/mixed_s23,p100090_a005401_000003,TRAIN,p100090,p100090_a005401,3,2048,22.39880261250606,83.31940983458927,0.75732421875,58.04372197313022,132.40613276993184,0.45068359375,-35.64491936062416,-49.08672293534258,0.306640625,18.71751049765194,77.2634392862758,0.8076171875,False,False,-38.20759803056717,-2.631068229675293,-144.21463012695312,1.3346513733267784,-10.743066668510437,13.993382453918457,-27.261079289019108,11.57289743423462,-29.16717529296857,False
continuation/mixed_s23,p100090_a005401_000005,TRAIN,p100090,p100090_a005401,5,2048,24.07194137224956,82.10409927518621,0.75830078125,56.5605609825828,134.58333276185337,0.4541015625,-32.48861961033324,-52.479233486667155,0.30419921875,19.71605881833777,73.93358833664917,0.81005859375,False,False,-38.31351548433304,-2.51924991607666,-141.41535758972168,3.4363269805908203,-11.423937976360321,14.914870262145996,-25.79016238451004,11.656947433948517,-28.793931007385073,False
continuation/mixed_s23,p100090_a005401_000007,TRAIN,p100090,p100090_a005401,7,2048,23.4809494313024,82.65009684773995,0.83837890625,63.89264804682104,141.81108126511967,0.4091796875,-40.41169861551864,-59.16098441737972,0.42919921875,19.333346882856368,77.58887522556294,0.8349609375,False,False,-37.7960279583931,-3.8279294967651367,-116.53637886047363,1.4329776167869568,-13.678666204214096,-10.799169540405273,-25.30112862586975,9.164493530988693,-22.441744804382143,False
continuation/mixed_s23,p100090_a005401_000009,TRAIN,p100090,p100090_a005401,9,2048,22.14231448262737,81.69800591423976,0.85791015625,61.23929688422287,130.71898595096425,0.408203125,-39.0969824015955,-49.020980036724495,0.44970703125,19.290289550414478,74.93960084898403,0.861328125,False,False,-35.90849041938782,-2.963542938232422,-101.35626792907715,2.622544765472412,-13.73312622308731,-18.958091735839844,-23.109138011932373,10.789737105369568,-19.182324409484682,False
continuation/mixed_s23,p100090_a005401_000011,TRAIN,p100090,p100090_a005401,11,2048,21.544037236111095,72.8672164108182,0.83447265625,58.796505278416326,122.44893796170382,0.43408203125,-37.25246804230523,-49.58172155088562,0.400390625,17.888812757224535,67.89288456155818,0.8740234375,False,False,-37.27538883686066,-2.3783445358276367,-119.3380355834961,3.271244466304779,-9.979285299777985,3.437042236328125,-24.680741131305695,9.444162249565125,-18.126249313354492,False
continuation/mixed_s23,p100090_a005401_000013,TRAIN,p100090,p100090_a005401,13,2048,22.74298779464634,81.02401773898625,0.7978515625,64.16795947505,133.76287676200812,0.4189453125,-41.42497168040366,-52.738859023021874,0.37890625,19.53292398826513,75.81413941524663,0.82763671875,False,False,-38.11723738908768,-3.056764602661133,-131.90793991088867,2.2108852863311768,-12.867651879787445,-0.1653432846069336,-27.16623991727829,11.839799582958221,-29.062628746032534,False
continuation/mixed_s23,p100090_a005401_000015,TRAIN,p100090,p100090_a005401,15,2048,22.984143110241156,73.82024558301006,0.86279296875,59.69592768233859,129.9555418600218,0.4384765625,-36.711784572097436,-56.13529627701175,0.42431640625,18.594629491652768,69.34143587387541,0.8837890625,False,False,-36.30539029836655,-2.643108367919922,-96.23241424560547,2.451270818710327,-15.221819281578064,-18.576622009277344,-24.42050725221634,6.544098258018494,-14.990806579589663,False
continuation/mixed_s23,p100092_a001307_000004,TRAIN,p100092,p100092_a001307,4,2048,29.94752718249784,94.06729550564005,0.77392578125,26.933520904388615,138.5725060551584,0.68408203125,3.0140062781092247,-44.50521054951837,0.08984375,27.68071805664463,94.28503857985561,0.78466796875,False,False,2.204909920692444,-7.484197616577148,-74.10550117492676,4.046432441100478,15.467256307601929,3.081679344177246,2.6185361202806234,-3.283575177192688,-19.622862339019775,False
continuation/mixed_s23,p100092_a001307_000014,TRAIN,p100092,p100092_a001307,14,2048,26.18372170988735,82.09748116426182,0.7978515625,23.66380167524528,117.49426282873631,0.72607421875,2.5199200346420696,-35.39678166447449,0.07177734375,24.72504277738381,81.4666602156797,0.8046875,False,False,3.244604915380478,-7.974803447723389,-53.06863784790039,1.3880431652069092,15.092257410287857,-7.151424884796143,2.6561059057712555,-4.829172044992447,-15.590190887451172,False
continuation/mixed_s23,p100092_a001307_000024,TRAIN,p100092,p100092_a001307,24,2048,19.805889934851773,59.271658373025915,0.90576171875,20.713076238632482,88.4698859372358,0.81982421875,-0.9071863037807084,-29.198227564209887,0.0859375,19.087448799601592,59.02218270355598,0.908203125,False,False,0.49413740634918213,-13.236463069915771,-54.39257621765137,6.128612905740738,11.224709451198578,-0.735938549041748,7.522862404584885,-11.845611035823822,-20.77949047088623,False
continuation/mixed_s23,p100092_a001307_000034,TRAIN,p100092,p100092_a001307,34,2048,22.628207035521555,68.04434834420721,0.87109375,25.527658115151105,111.87680089971761,0.67919921875,-2.89945107962955,-43.8324525555104,0.19189453125,22.114070828727453,69.53079988225093,0.8720703125,False,False,-2.4619027972221375,-12.370049953460693,-82.08179473876953,9.944945573806763,14.14664089679718,-4.936099052429199,9.399838745594025,-15.25560300797224,-20.37370204925537,False
continuation/mixed_s23,p100092_a001307_000044,TRAIN,p100092,p100092_a001307,44,2048,22.27476812718035,62.47078284449254,0.87255859375,23.97522452924398,95.70693647974544,0.76025390625,-1.7004564020636295,-33.2361536352529,0.1123046875,21.95176882046387,64.25292437335122,0.88330078125,False,False,-3.0373558402061462,-12.4167799949646,-82.49783515930176,10.954469442367554,10.590970516204834,1.2532472610473633,8.167240768671036,-15.125729143619537,-32.75972604751587,False
continuation/mixed_s23,p100092_a001307_000054,TRAIN,p100092,p100092_a001307,54,2048,32.22268205818885,88.3515561670728,0.7705078125,25.029326124944884,119.79904784265035,0.74609375,7.193355933243968,-31.447491675577552,0.0244140625,30.300588255256137,90.57801708620516,0.75732421875,False,False,2.626769244670868,-7.806956768035889,-55.67336082458496,4.651688039302826,11.518619954586029,3.6230087280273438,3.0256621539592743,-2.969905734062195,-19.633948802947998,False
continuation/mixed_s23,p100092_a001307_000064,TRAIN,p100092,p100092_a001307,64,2048,33.674390378899446,107.47520888847305,0.70068359375,27.20719742079232,129.9861580616246,0.72412109375,6.467192958107127,-22.510949173151545,-0.0234375,32.89464886233671,110.1707984112788,0.71142578125,False,False,3.3737868070602417,-5.848348140716553,-63.266634941101074,0.4108315333724022,15.64827561378479,-0.9205937385559082,2.3731654509902,7.193222641944885,-38.980185985565186,False
continuation/mixed_s23,p100092_a001307_000074,TRAIN,p100092,p100092_a001307,74,2048,33.31209992516734,98.21198326781611,0.76513671875,26.24622990676079,122.42620709260423,0.7490234375,7.0658700184065495,-24.21422382478812,0.01611328125,31.294178455882417,100.00607926303495,0.7734375,False,False,3.1388625502586365,-6.696879863739014,-57.85870552062988,1.6027577221393585,7.249429821968079,6.830155849456787,-1.0275878012180328,-2.285674214363098,-21.1065411567688,False
continuation/mixed_s37,p001194_a000062_000005,VAL,p001194,p001194_a000062,5,2048,35.03294929266511,81.9681790795763,0.65966796875,20.376191069051764,69.17666042893086,0.8759765625,14.656758223613345,12.791518650645443,-0.21630859375,27.362652928833533,68.39607810377562,0.7822265625,False,False,-1.1276844888925552,25.00993013381958,-118.45624446868896,4.823043942451477,-17.535492777824402,21.70342206954956,5.776274483650923,2.738822251558304,-71.27934694290161,False
continuation/mixed_s37,p001194_a000062_000017,VAL,p001194,p001194_a000062,17,2048,30.40083070178994,64.62127538934709,0.7548828125,21.059968056949046,71.10156668096035,0.87939453125,9.340862644840893,-6.480291291613256,-0.12451171875,17.703341669314668,44.22155731504002,0.97900390625,False,False,-3.653421066701412,18.975794315338135,-90.73126316070557,4.781174007803202,-18.398195505142212,31.42303228378296,3.3536977134644985,-4.903875291347504,-33.24621915817261,False
continuation/mixed_s37,p001194_a000062_000029,VAL,p001194,p001194_a000062,29,2048,33.5089017794472,70.11186050056511,0.7060546875,35.86021340873769,72.8718723834097,0.732421875,-2.3513116292904925,-2.76001188284458,-0.0263671875,20.174947549536412,45.41302052228443,0.9716796875,False,False,-6.099706050008535,20.498156547546387,-121.30510807037354,1.9950270652770996,-21.38351369649172,32.20027685165405,-5.048002582043409,-18.47431529313326,-40.38804769515991,False
continuation/mixed_s37,p001194_a000062_000041,VAL,p001194,p001194_a000062,41,2048,46.279048402332016,101.63039413198544,0.55126953125,19.666796655917203,63.7436080626127,0.9033203125,26.612251746414813,37.88678606937274,-0.35205078125,42.28212489977916,93.72122344772347,0.60986328125,False,False,-10.525736026465893,38.018882274627686,-171.90051078796387,-4.659282509237528,-5.916955065913498,17.43030548095703,-14.422920998185873,22.996995481662452,-130.94300031661987,False
continuation/mixed_s37,p001194_a000062_000053,VAL,p001194,p001194_a000062,53,2048,41.515420103655934,90.14322479587227,0.60205078125,38.7989207906011,77.48541471655112,0.689453125,2.7164993130548325,12.657810079321152,-0.08740234375,33.35529687012884,75.01936047322188,0.7275390625,False,False,-7.901049219071865,36.91834211349487,-182.68084526062012,-6.6499486565589905,-12.616353342309594,26.458024978637695,-13.198615051805973,3.6719662602990866,-105.75443506240845,False
continuation/mixed_s37,p001194_a000062_000065,VAL,p001194,p001194_a000062,65,2048,37.8683788885684,83.03231718266487,0.63037109375,18.568598974754327,58.96405280720736,0.9267578125,19.299779913814074,24.06826437545751,-0.29638671875,37.660575854864476,80.87804810418754,0.6318359375,False,False,-2.149272710084915,24.468421936035156,-114.18366432189941,-0.4441477358341217,-5.58018684387207,2.226889133453369,-1.1546909809112549,13.061070814728737,-87.37605810165405,False
continuation/mixed_s37,p001194_a000062_000077,VAL,p001194,p001194_a000062,77,2048,26.985418899872975,64.23576250141899,0.80224609375,29.766903399448314,77.61065273038767,0.7685546875,-2.7814844995753383,-13.374890228968681,0.03369140625,17.730196953104866,46.95609229639618,0.97021484375,False,False,1.094043254852295,22.51487970352173,-99.18808937072754,-2.5109462440013885,-14.315877109766006,28.306007385253906,0.8427836000919342,0.24924799799919128,-35.94386577606201,False
continuation/mixed_s37,p001194_a000062_000089,VAL,p001194,p001194_a000062,89,2048,33.39852967467415,72.37617556522649,0.69482421875,26.21962543044691,71.33579035293896,0.84228515625,7.17890424422724,1.0403852122875321,-0.1474609375,20.755681280835528,51.792845986236415,0.931640625,False,False,-0.7525719702243805,24.660050868988037,-108.3989143371582,2.066859044134617,-20.33529244363308,30.815184116363525,3.6774510517716408,-1.6752798110246658,-44.032931327819824,False
continuation/mixed_s37,p001194_a000986_000010,VAL,p001194,p001194_a000986,10,2048,38.725632644963696,94.84842246401988,0.60693359375,26.50772618408734,77.39257846481091,0.8701171875,12.217906460876357,17.455843999208966,-0.26318359375,37.88949394851332,93.04304123132077,0.6171875,False,False,-4.603233188390732,32.92030096054077,-137.30335235595703,7.99386203289032,-9.422995150089264,-0.18608570098876953,6.17116317152977,16.607515513896942,-104.38865423202515,False
continuation/mixed_s37,p001194_a000986_000036,VAL,p001194,p001194_a000986,36,2048,40.2652699771684,106.06214095145903,0.59326171875,10.325194865603233,50.82177483952864,0.94873046875,29.940075111565168,55.240366111930385,-0.35546875,38.85518940384672,101.02882138099922,0.61181640625,False,False,4.198415204882622,25.67380666732788,-144.6549892425537,5.867708474397659,-4.406299442052841,9.43291187286377,8.557096123695374,18.009591847658157,-119.1219687461853,False
continuation/mixed_s37,p001194_a000986_000062,VAL,p001194,p001194_a000986,62,2048,10.205312970317964,45.377583598730276,0.9560546875,33.05323889923496,68.33698335176527,0.7431640625,-22.847925928917,-22.959399753034994,0.212890625,8.677881316672288,44.6473599115639,0.9580078125,False,False,4.731610417366028,4.216670989990234,-72.01147079467773,-2.793271094560623,-4.151366651058197,10.59645414352417,-4.160653799772263,-11.07519119977951,-6.439864635467529,False
continuation/mixed_s37,p001194_a000986_000088,VAL,p001194,p001194_a000986,88,2048,42.28257063378384,96.74890881530855,0.58544921875,41.35850516905836,69.0429799643132,0.6728515625,0.92406546472548,27.70592885099535,-0.08740234375,40.9796712776228,94.63628776976707,0.5947265625,False,False,-1.1083632707595825,39.16388750076294,-164.41988945007324,-3.244863823056221,-6.643533706665039,0.42724609375,-5.668129217156093,18.513381481170654,-111.76306009292603,False
continuation/mixed_s37,p001194_a000986_000114,VAL,p001194,p001194_a000986,114,2048,46.77977409313395,105.9196132102605,0.5322265625,35.69025504560633,67.42507445175819,0.755859375,11.089519047527624,38.4945387585023,-0.2236328125,45.447317973764065,100.18648871525426,0.55029296875,False,False,3.3546313643455505,39.845943450927734,-164.7331714630127,0.225849449634552,-9.770497679710388,5.791068077087402,4.698343575000763,16.977906227111816,-115.9588098526001,False
continuation/mixed_s37,p001194_a000986_000140,VAL,p001194,p001194_a000986,140,2048,13.824612382285338,49.479749253398836,0.9501953125,29.595624376319414,71.03511037010324,0.763671875,-15.771011994034076,-21.555361116704404,0.1865234375,8.498672361673709,43.516277003445936,0.96044921875,False,False,-6.275694817304611,-0.3992319107055664,-33.428311347961426,2.5011375546455383,4.325300455093384,-27.415156364440918,-3.771824762225151,-7.5343698263168335,-3.003716468811035,False
continuation/mixed_s37,p001194_a000986_000166,VAL,p001194,p001194_a000986,166,2048,29.614025179079775,81.34118063987655,0.740234375,28.186762513000403,64.07946885218531,0.828125,1.427262666079372,17.26171178769124,-0.087890625,23.45022952707088,71.76867782787448,0.818359375,False,False,-3.232397139072418,18.742024898529053,-131.39259815216064,7.905316539108753,-18.406245857477188,14.605522155761719,5.097527988255024,-10.137896984815598,-82.12339878082275,False
continuation/mixed_s37,p001194_a000986_000192,VAL,p001194,p001194_a000986,192,2048,42.04470882323711,86.92305508906298,0.58447265625,38.88871098902142,67.00306581651071,0.6982421875,3.1559978342156896,19.91998927255227,-0.11376953125,38.46291870722541,78.3661103983323,0.66455078125,False,False,-1.4061219990253448,29.69539165496826,-146.10648155212402,15.024632215499878,-15.393790788948536,8.45348834991455,15.05765737965703,0.08762162178754807,-88.80352973937988,False
continuation/mixed_s37,p001195_a000053_000006,TRAIN,p001195,p001195_a000053,6,2048,32.554306978803794,90.44867223224205,0.6865234375,173.3408319822584,213.44992423312803,0.0029296875,-140.7865250034546,-123.00125200088598,0.68359375,31.098890153354485,90.49964055468186,0.681640625,False,True,6.186448037624359,54.37856912612915,-301.3956546783447,-5.398161709308624,0.30080974102020264,-14.875650405883789,0.7882863283157349,54.67937886714935,-316.2713050842285,False
continuation/mixed_s37,p001195_a000053_000021,TRAIN,p001195,p001195_a000053,21,2048,32.197011025341546,86.74134667448554,0.69482421875,168.74493370389192,206.63080024810745,0.0068359375,-136.54792267855038,-119.8894535736219,0.68798828125,30.81141565667507,88.31440776585008,0.68310546875,False,True,5.762174725532532,54.1338324546814,-300.3859519958496,-4.801385570317507,0.3866851329803467,-12.502789497375488,0.960789155215025,54.52051758766174,-312.8887414932251,False
continuation/mixed_s37,p001195_a000053_000037,TRAIN,p001195,p001195_a000053,37,2048,61.06232192150002,138.9513372887528,0.4267578125,218.20603350079935,282.53650024456016,0.00146484375,-157.14371157929932,-143.58516295580736,0.42529296875,44.47272460412587,108.93677498569474,0.55517578125,False,True,25.193139910697937,93.5513973236084,-417.45829582214355,-9.876671712845564,-13.402044773101807,40.850162506103516,15.316468197852373,80.14935255050659,-376.60813331604004,False
continuation/mixed_s37,p001195_a000053_000052,TRAIN,p001195,p001195_a000053,52,2048,20.546080775881933,49.276314519388634,0.9560546875,214.96469635784973,263.3136801005779,0.0,-194.4186155819678,-214.0373655811893,0.9560546875,12.08332145178718,34.45122231724531,0.9853515625,False,True,6.162911653518677,59.06391143798828,-284.212589263916,2.906300127506256,-5.937516689300537,26.149749755859375,9.069211781024933,53.126394748687744,-258.06283950805664,False
continuation/mixed_s37,p001195_a000053_000068,TRAIN,p001195,p001195_a000053,68,2048,12.493659777771255,40.31273321449846,0.9814453125,214.6538060936579,272.1201416541045,0.0029296875,-202.16014631588664,-231.80740843960604,0.978515625,11.723340281728035,43.81063441487607,0.974609375,False,True,6.160803139209747,47.70320653915405,-244.86231803894043,1.2895353138446808,-1.6562137752771378,4.2389631271362305,7.450338453054428,46.046992763876915,-240.6233549118042,False
continuation/mixed_s37,p001195_a000053_000083,TRAIN,p001195,p001195_a000053,83,2048,39.60770722046945,95.93988419519474,0.60205078125,183.880975915529,222.63509263717157,0.00048828125,-144.27326869505956,-126.69520844197683,0.6015625,40.5949383693777,101.50871024298779,0.583984375,False,True,3.750540316104889,48.38001728057861,-323.81749153137207,-3.4724147990345955,2.476215362548828,-18.66292953491211,0.2781255170702934,50.85623264312744,-342.4804210662842,False
continuation/mixed_s37,p001195_a000053_000099,TRAIN,p001195,p001195_a000053,99,2048,35.4439176826546,84.723146297672,0.65869140625,128.12576064779824,170.09858245713912,0.0283203125,-92.68184296514364,-85.37543615946711,0.63037109375,34.2436773826101,77.3987042264076,0.68701171875,False,False,1.011289656162262,65.0978684425354,-241.011381149292,-3.43921035528183,-6.843172013759613,7.858157157897949,-7.492605596780777,-6.713412702083588,-93.76466274261483,False
continuation/mixed_s37,p001195_a000053_000114,TRAIN,p001195,p001195_a000053,114,2048,33.17561641686846,93.23196241667343,0.67041015625,176.2463196290334,206.95924239226338,0.00341796875,-143.07070321216494,-113.72727997558995,0.6669921875,32.5193393399811,93.38226504003008,0.67138671875,False,True,2.4102777242660522,56.86390399932861,-300.6601333618164,-3.2384973019361496,-1.165434718132019,-10.09899377822876,-0.8282195776700974,55.698469281196594,-310.75912714004517,False
continuation/mixed_s37,p001195_a000986_000011,TRAIN,p001195,p001195_a000986,11,2048,32.495964971183696,92.90925184151007,0.6904296875,182.71271112679815,216.05674046599572,0.00146484375,-150.21674615561446,-123.14748862448565,0.68896484375,31.612615433683086,92.15475375116212,0.6787109375,False,True,-0.2727024257183075,57.423949241638184,-309.59534645080566,-2.146359533071518,1.3242438435554504,-15.179872512817383,-2.4190619587898254,58.748193085193634,-324.77521896362305,False
continuation/mixed_s37,p001195_a000986_000039,TRAIN,p001195,p001195_a000986,39,2048,29.27383490502167,61.48598791095575,0.814453125,122.72250363864688,161.63333987500462,0.0478515625,-93.44866873362521,-100.14735196404888,0.7666015625,12.570439251768,42.195825504106395,0.97216796875,False,False,-1.2522644829005003,26.413440704345703,-209.21945571899414,2.57786363363266,-7.4409544467926025,37.94652223587036,9.13938065059483,-18.655329942703247,-15.481650829315269,False
continuation/mixed_s37,p001195_a000986_000068,TRAIN,p001195,p001195_a000986,68,2048,16.13537599185915,90.94018128634399,0.892578125,113.47995964826939,163.04124036452424,0.15380859375,-97.34458365641024,-72.10105907818026,0.73876953125,12.362275993308053,91.46698396368208,0.89697265625,False,False,-5.583904683589935,-10.367512702941895,-149.23691749572754,-3.235410898923874,2.0849332213401794,-15.827357769012451,-1.4850124716758728,-43.496087193489075,-8.834183216095054,False
continuation/mixed_s37,p001195_a000986_000096,TRAIN,p001195,p001195_a000986,96,2048,30.15598897777349,72.94450769850998,0.7021484375,164.08444550785163,196.26274625480235,0.017578125,-133.92845653007814,-123.31823855629237,0.6845703125,21.194362177522095,50.26397333214729,0.94873046875,False,True,4.081305116415024,46.27811908721924,-264.9242877960205,4.516616463661194,-11.586681008338928,31.886637210845947,8.597921580076218,34.69143807888031,-233.03765058517456,False
continuation/mixed_s37,p001195_a000986_000125,TRAIN,p001195,p001195_a000986,125,2048,27.28448589845997,62.1838866555533,0.7998046875,131.94605705450388,170.1958539065898,0.0439453125,-104.66157115604392,-108.01196725103651,0.755859375,17.658552563923454,52.09254990665413,0.93994140625,False,False,0.11262460611760616,35.91656684875488,-215.41380882263184,-10.1068876683712,-6.598055362701416,37.433743476867676,-25.9017760399729,-5.277398973703384,-29.665470123291097,False
continuation/mixed_s37,p001195_a000986_000153,TRAIN,p001195,p001195_a000986,153,2048,13.055050962687318,70.49627963343008,0.91748046875,121.4562056883646,166.2247499941561,0.11962890625,-108.40115472567729,-95.72847036072602,0.7978515625,10.560198685353123,62.829699045554555,0.92626953125,False,False,5.882449448108673,-2.418041229248047,-153.59890460968018,0.9932816028594971,0.44135749340057373,-15.224814414978027,3.9532743394374847,-56.45512789487839,-14.160215854644859,False
continuation/mixed_s37,p001195_a000986_000182,TRAIN,p001195,p001195_a000986,182,2048,18.989110072875818,50.06310572525161,0.94970703125,161.0377991207627,203.02158141772193,0.02197265625,-142.0486890478869,-152.95847569247033,0.927734375,14.144720804348168,49.57466467709255,0.95068359375,False,True,0.10458752512931824,35.55327653884888,-232.05995559692383,-5.170971155166626,-2.2915303707122803,22.36992120742798,-5.066383630037308,33.2617461681366,-209.69003438949585,False
continuation/mixed_s37,p001195_a000986_000210,TRAIN,p001195,p001195_a000986,210,2048,31.640142261526577,90.0632592159715,0.6904296875,168.87293175951913,204.91477260029228,0.00634765625,-137.23278949799254,-114.85151338432078,0.68408203125,30.0054114871601,92.42636237966545,0.6806640625,False,True,-0.8748061954975128,53.906261920928955,-285.6128215789795,3.25658917427063,1.178104430437088,-15.516996383666992,2.381782978773117,55.08436635136604,-301.1298179626465,False
continuation/mixed_s37,p001196_a000388_000011,VAL,p001196,p001196_a000388,11,2048,36.32097552190878,96.03504850357567,0.66943359375,14.28094816333712,42.36219051115243,0.96875,22.040027358571656,53.67285799242324,-0.29931640625,20.65678907056093,61.78019465625196,0.87109375,False,False,4.358749836683273,18.811523914337158,-73.66538047790527,1.153704710304737,-10.87123155593872,40.713489055633545,6.159097887575626,8.7323859333992,-31.84819221496582,False
continuation/mixed_s37,p001196_a000388_000040,VAL,p001196,p001196_a000388,40,2048,39.01718917165718,99.04757388440005,0.6220703125,18.831666741834468,48.97905911857279,0.95654296875,20.18552242982271,50.06851476582726,-0.33447265625,36.25989155270939,94.74670213325571,0.65869140625,False,False,2.5436021387577057,19.716739654541016,-71.11454010009766,-1.2772753834724426,0.3526955842971802,10.772168636322021,4.182357341051102,19.17952299118042,-81.59506320953369,False
continuation/mixed_s37,p001196_a000388_000069,VAL,p001196,p001196_a000388,69,2048,34.03810626727839,84.27755123979279,0.67333984375,13.184689544166703,47.39188046965661,0.95947265625,20.853416723111685,36.88567077013617,-0.2861328125,20.142515382033938,53.0460830743225,0.92919921875,False,False,7.222037762403488,11.62952184677124,-94.57838535308838,-3.9962008595466614,-23.566240444779396,32.105863094329834,3.6356328055262566,-15.672141686081886,-47.37299680709839,False
continuation/mixed_s37,p001196_a000388_000098,VAL,p001196,p001196_a000388,98,2048,43.909310926971656,108.83396671659524,0.56494140625,16.335219677205888,44.38922696718954,0.96923828125,27.574091249765768,64.4447397494057,-0.404296875,37.459367360779495,88.92054440678686,0.65966796875,False,False,3.5706753842532635,16.055166721343994,-77.41248607635498,2.4068265920504928,-9.68733336776495,22.64958620071411,7.178978878073394,14.269561506807804,-71.99615240097046,False
continuation/mixed_s37,p001196_a000388_000127,VAL,p001196,p001196_a000388,127,2048,40.000449264899856,96.20582571237547,0.61474609375,15.825688685290284,52.086608461939555,0.9462890625,24.174760579609572,44.119217250435916,-0.33154296875,27.87737160529803,69.22684279183652,0.794921875,False,False,-3.6064162850379944,10.260522365570068,-64.95523452758789,5.35605987533927,-10.419756174087524,31.34441375732422,-0.864874105900526,4.6219900250434875,-46.88286781311035,False
continuation/mixed_s37,p001196_a000388_000156,VAL,p001196,p001196_a000388,156,2048,36.840929533829666,116.54359744408539,0.61767578125,17.16108727955936,61.703174900743996,0.90771484375,19.679842254270305,54.8404225433414,-0.2900390625,35.25174113208299,114.37833150686794,0.634765625,False,False,-1.7970874905586243,-2.850651741027832,-94.6589708328247,1.7417282797396183,-1.4360547065734863,8.46216082572937,2.790010068565607,-0.058650970458984375,-101.10840201377869,False
continuation/mixed_s37,p001196_a000388_000185,VAL,p001196,p001196_a000388,185,2048,30.87872818502572,67.05623636089389,0.78857421875,23.049154396149774,58.1220991654518,0.9189453125,7.829573788875948,8.93413719544209,-0.13037109375,16.95015794294013,55.8695245505524,0.93603515625,False,False,-6.969466805458069,-7.959425449371338,-28.19061279296875,10.610610246658325,-16.70849323272705,30.497372150421143,1.7943978309631348,-11.08059287071228,-21.930456161499023,False
continuation/mixed_s37,p001196_a000388_000214,VAL,p001196,p001196_a000388,214,2048,31.13473321434833,63.826750753814125,0.78759765625,18.48819008206653,47.20381094163257,0.96142578125,12.6465431322818,16.622939812181556,-0.173828125,18.732448160711357,46.40086302674917,0.9658203125,False,False,-1.580648124217987,5.895256996154785,-33.866047859191895,-0.5928976461291313,-5.995914340019226,33.203125,-0.5030808970332146,3.487914800643921,-16.681790351867676,False
continuation/mixed_s37,p001197_a000062_000005,TRAIN,p001197,p001197_a000062,5,2048,31.228584688995596,81.47165205646269,0.67724609375,19.940568737582332,65.89525744264574,0.8876953125,11.288015951413264,15.576394613816944,-0.21044921875,22.736961228997245,57.55271461056413,0.89208984375,False,False,-4.106657579541206,26.87227725982666,-93.03414821624756,-5.117170512676239,-1.9662287086248398,32.53442049026489,-11.714887339621782,22.900918498635292,-33.92350673675537,False
continuation/mixed_s37,p001197_a000062_000016,TRAIN,p001197,p001197_a000062,16,2048,31.838660169988152,80.02359491345307,0.6962890625,19.973909691106368,64.75232741156256,0.880859375,11.864750478881785,15.271267501890506,-0.1845703125,20.25116854080313,51.68725100227976,0.94091796875,False,False,-3.87527234852314,25.787353515625,-90.85285663604736,-6.83232769370079,-4.269666969776154,36.54283285140991,-13.245707377791405,18.65198463201523,-27.01592445373535,False
continuation/mixed_s37,p001197_a000062_000028,TRAIN,p001197,p001197_a000062,28,2048,33.27530147173292,102.18859300504269,0.63818359375,17.2709820026865,63.52241962716823,0.89111328125,16.004319469046415,38.66617337787446,-0.2529296875,33.634971564874945,102.92699908808306,0.6494140625,False,False,-3.6027468740940094,26.88843011856079,-106.42755031585693,3.1629353761672974,6.025373935699463,3.015756607055664,-4.497487097978592,32.67228975892067,-79.71012592315674,False
continuation/mixed_s37,p001197_a000062_000040,TRAIN,p001197,p001197_a000062,40,2048,30.690154698395006,98.07274343421265,0.68994140625,53.21917947193512,104.7247619029241,0.47607421875,-22.529024773540115,-6.6520184687114465,0.2138671875,19.16909947797172,77.82946106068037,0.82958984375,False,False,-7.016435265541077,23.909151554107666,-151.99697017669678,-4.122580401599407,-15.026792883872986,29.468774795532227,-14.84950166195631,-22.55202829837799,-37.990450859069824,False
continuation/mixed_s37,p001197_a000062_000052,TRAIN,p001197,p001197_a000062,52,2048,32.59843859305472,118.85709433285489,0.681640625,64.01095851455804,134.17467988277892,0.4052734375,-31.412519921503318,-15.317585549924033,0.2763671875,29.446638581999917,106.12078055632101,0.7236328125,False,False,-10.009169578552246,33.40190649032593,-201.88724994659424,2.117149531841278,-13.81330395815894,3.9892196655273438,-3.7205296102911234,-16.842473472934216,-113.17867040634155,False
continuation/mixed_s37,p001197_a000062_000064,TRAIN,p001197,p001197_a000062,64,2048,31.851535866708183,93.07267742503241,0.70556640625,65.59282629483063,135.66523147122942,0.41650390625,-33.74129042812245,-42.59255404619701,0.2890625,28.728413971842315,87.52109382660846,0.73876953125,False,False,-7.959902286529541,33.392488956451416,-217.28754043579102,-3.5152919590473175,-13.044744729995728,1.761317253112793,-4.4073909521102905,-38.18150423467159,-121.94246053695683,False
continuation/mixed_s37,p001197_a000062_000076,TRAIN,p001197,p001197_a000062,76,2048,34.56400107678889,98.77547956906844,0.66015625,47.79947195964131,105.28759229409104,0.52685546875,-13.235470882852418,-6.512112725022604,0.13330078125,34.05925017945856,99.46534319122071,0.65966796875,False,False,-6.465654820203781,29.885530471801758,-163.01894187927246,-4.307106137275696,-1.686355099081993,-4.660308361053467,-15.008863061666489,3.70597280561924,-96.5958833694458,False
continuation/mixed_s37,p001197_a000062_000087,TRAIN,p001197,p001197_a000062,87,2048,31.274968170708377,91.26251335400589,0.69189453125,24.135268993586973,74.18241523920307,0.82763671875,7.139699177121404,17.080098114802823,-0.1357421875,29.948255180708184,82.73065357471772,0.71435546875,False,False,-4.857111722230911,28.82075309753418,-107.23185539245605,-2.984004095196724,1.0475367307662964,10.660946369171143,-5.470165982842445,26.933565735816956,-67.440927028656,False
continuation/mixed_s37,p001197_a001238_000003,TRAIN,p001197,p001197_a001238,3,2048,28.45002416642029,84.87494846416105,0.77392578125,96.87950199661927,174.41600043186173,0.18798828125,-68.42947783019898,-89.54105196770068,0.5859375,21.381739153122872,81.45217690633328,0.85693359375,False,False,-1.341537106782198,33.45596790313721,-254.32157516479492,1.1263876222074032,-25.586336851119995,23.990750312805176,2.8101271018385887,-66.8405219912529,-91.92371368408203,False
continuation/mixed_s37,p001197_a001238_000010,TRAIN,p001197,p001197_a001238,10,2048,28.833259849015043,90.4971451784448,0.763671875,95.50512475663506,175.0156174425673,0.16748046875,-66.67186490762,-84.51847226412251,0.59619140625,19.252417374038867,79.51196545322972,0.8916015625,False,False,-2.927605528384447,34.77388620376587,-249.4807243347168,2.194538712501526,-22.01002836227417,32.01937675476074,3.0492166988551617,-61.238810420036316,-70.9235668182373,False
continuation/mixed_s37,p001197_a001238_000018,TRAIN,p001197,p001197_a001238,18,2048,28.0489370947206,82.35648000834541,0.79833984375,95.71109320283375,175.4101776950312,0.18359375,-67.66215610811315,-93.05369768668578,0.61474609375,17.547586746591573,69.42026543037136,0.9052734375,False,False,-4.094837175216526,35.13920307159424,-248.60286712646484,1.1094100773334503,-23.69000017642975,31.72171115875244,0.6178916082717478,-63.48899006843567,-72.36224412918091,False
continuation/mixed_s37,p001197_a001238_000025,TRAIN,p001197,p001197_a001238,25,2048,27.76786827233022,94.83998351757657,0.755859375,91.96721078919622,170.52599946967626,0.197265625,-64.199342516866,-75.6860159520997,0.55859375,19.924345228624055,83.40655717138247,0.8720703125,False,False,-3.421461209654808,33.57124328613281,-241.47391319274902,-0.4380829632282257,-24.9093696475029,30.41970729827881,-1.1540567502379417,-62.91542202234268,-75.07181167602539,False
continuation/mixed_s37,p001197_a001238_000033,TRAIN,p001197,p001197_a001238,33,2048,29.713385593102075,107.85738054325293,0.74658203125,98.3434722380563,181.54814829029473,0.15771484375,-68.63008664495422,-73.6907677470418,0.5888671875,19.81877623784433,96.08824541892422,0.861328125,False,False,-3.389636054635048,33.08260440826416,-254.8830509185791,1.2738369405269623,-25.988534092903137,27.06277370452881,0.7366761565208435,-65.6241774559021,-83.90426635742188,False
continuation/mixed_s37,p001197_a001238_000040,TRAIN,p001197,p001197_a001238,40,2048,30.76954870023671,99.72657404465511,0.72607421875,79.02147004831252,152.25602825449752,0.2626953125,-48.25192134807581,-52.52945420984241,0.46337890625,19.906773526271955,82.51535658333101,0.8603515625,False,False,-2.929268404841423,31.752347946166992,-233.22248458862305,1.6413778066635132,-28.529271483421326,29.439926147460938,2.8576806653290987,-61.21434271335602,-76.37500762939453,False
continuation/mixed_s37,p001197_a001238_000048,TRAIN,p001197,p001197_a001238,48,2048,28.270204754050113,88.58498102549915,0.78076171875,89.71857715986475,168.80377201610335,0.1845703125,-61.44837240581464,-80.2187909906042,0.59619140625,19.495989892671346,81.9478241494637,0.86962890625,False,False,-3.998235275503248,31.780719757080078,-242.5062656402588,1.8868371844291687,-25.349169969558716,25.46370029449463,0.3407891490496695,-64.97229635715485,-78.22799682617188,False
continuation/mixed_s37,p001197_a001238_000055,TRAIN,p001197,p001197_a001238,55,2048,27.485076828010847,100.46326118691165,0.77587890625,97.89492174040198,175.04470003820478,0.177734375,-70.40984491239114,-74.58143885129313,0.59814453125,19.85461498914193,88.76306667646062,0.87158203125,False,False,-3.332373220473528,33.68961811065674,-250.870943069458,0.9338231757283211,-24.242013692855835,27.13155746459961,0.04081195220351219,-61.619848012924194,-81.24232292175293,False
continuation/mixed_s37,p001199_a001398_000001,VAL,p001199,p001199_a001398,1,2048,28.987677603993546,68.54860284508072,0.79541015625,31.002189352190925,75.24460665170841,0.662109375,-2.0145117481973784,-6.696003806627687,0.13330078125,18.41331802016449,54.558907931968974,0.9326171875,False,False,-3.5937540233135223,-0.737309455871582,-126.42526626586914,3.7236250936985016,-14.75629210472107,28.56963872909546,-0.8013620972633362,-28.42310070991516,-39.30509090423584,False
continuation/mixed_s37,p001199_a001398_000004,VAL,p001199,p001199_a001398,4,2048,30.08868722596626,68.271039327155,0.77685546875,32.54033434663555,78.02975052161128,0.64404296875,-2.4516471206692856,-9.758711194456282,0.1328125,19.333632488248732,57.78526445601004,0.91259765625,False,False,-3.518950194120407,-1.1098384857177734,-131.32214546203613,5.281071178615093,-14.741048216819763,27.379870414733887,0.6143925711512566,-28.817083686590195,-43.613553047180176,False
continuation/mixed_s37,p001199_a001398_000008,VAL,p001199,p001199_a001398,8,2048,27.617108087834865,67.85343422934328,0.79052734375,30.21138464196978,73.50064542185225,0.6787109375,-2.5942765541349146,-5.647211192508976,0.11181640625,19.471816136394693,59.00390834760685,0.91845703125,False,False,-3.431621938943863,-0.23365020751953125,-125.70476531982422,4.446152597665787,-15.01370221376419,25.05671977996826,0.6345200818032026,-27.480386197566986,-42.822837829589844,False
continuation/mixed_s37,p001199_a001398_000011,VAL,p001199,p001199_a001398,11,2048,29.011167975159488,69.49377345587322,0.8017578125,31.930791408714775,74.05850789742505,0.67578125,-2.9196234335552873,-4.5647344415518205,0.1259765625,18.01953693393959,54.75533905148888,0.927734375,False,False,-3.5527870059013367,-0.1163482666015625,-122.94960021972656,4.801037721335888,-14.09146748483181,29.975712299346924,1.2848218902945518,-28.37214432656765,-37.80710697174072,False
continuation/mixed_s37,p001199_a001398_000014,VAL,p001199,p001199_a001398,14,2048,29.757768640760546,65.76300588155186,0.81591796875,30.279058023543843,73.21368381244007,0.681640625,-0.5212893827832978,-7.4506779308882045,0.13427734375,18.189775501175767,56.15884562888005,0.9296875,False,False,-3.542419523000717,-0.4979372024536133,-123.56281280517578,5.207132548093796,-13.722827658057213,28.09244394302368,1.398775726556778,-25.520658120512962,-40.019869804382324,False
continuation/mixed_s37,p001199_a001398_000017,VAL,p001199,p001199_a001398,17,2048,28.752772807497244,67.17037243179747,0.783203125,30.23104854295835,72.2060182072754,0.69091796875,-1.4782757354611071,-5.035645775477931,0.09228515625,19.69419106687585,55.36667920946257,0.923828125,False,False,-3.5473965108394623,-0.7197856903076172,-125.51569938659668,3.708021715283394,-14.79211263358593,25.368690490722656,-1.5383260324597359,-27.657968923449516,-42.94896125793457,False
continuation/mixed_s37,p001199_a001398_000021,VAL,p001199,p001199_a001398,21,2048,28.27168762058906,65.5405469723444,0.81005859375,32.654539915009835,74.88740838992743,0.662109375,-4.3828522944207755,-9.346861417583028,0.14794921875,18.247540004074295,54.216051780183335,0.9365234375,False,False,-3.335617482662201,-0.8429288864135742,-126.50203704833984,4.9147699028253555,-13.61120119690895,28.692245483398438,1.002175733447075,-27.195792645215988,-38.723886013031006,False
continuation/mixed_s37,p001199_a001398_000024,VAL,p001199,p001199_a001398,24,2048,28.667313527880644,66.99889440291179,0.80126953125,30.85697709162787,75.48480617710997,0.6630859375,-2.1896635637472244,-8.485911774198186,0.13818359375,18.68203623633444,56.46691658764982,0.921875,False,False,-2.946995198726654,-0.8714199066162109,-126.0380744934082,4.179373383522034,-12.774939648807049,27.85360813140869,-0.4556085914373398,-27.231701649725437,-38.928210735321045,False
continuation/mixed_s37,p001201_a005135_000002,VAL,p001201,p001201_a005135,2,2048,31.237850715287017,66.11115745684177,0.853515625,45.22267665798391,85.07030400422917,0.56005859375,-13.984825942696894,-18.959146547387405,0.29345703125,10.488234738731867,42.51650292892575,0.97509765625,False,False,4.660297185182571,25.51448345184326,-128.1421184539795,-0.6102472543716431,-7.757902145385742,41.80055856704712,4.822932183742523,-1.4405101537704468,-12.907028198242188,False
continuation/mixed_s37,p001201_a005135_000007,VAL,p001201,p001201_a005135,7,2048,43.64488233890242,87.19130286166633,0.55908203125,45.43599508821236,84.84903970376168,0.55078125,-1.7911127493099386,2.342263157904654,0.00830078125,26.00598577633626,60.27383883466519,0.90283203125,False,False,5.934953689575195,33.896565437316895,-166.03612899780273,13.022961094975471,-13.51100206375122,42.7972674369812,18.05841363966465,0.0185258686542511,-51.68122053146362,False
continuation/mixed_s37,p001201_a005135_000011,VAL,p001201,p001201_a005135,11,2048,42.51662824208367,98.5169064893773,0.5615234375,46.55542303720884,91.69138661444919,0.53564453125,-4.03879479512517,6.825519874928119,0.02587890625,17.64513341074072,61.347482814767325,0.92041015625,False,False,6.350290030241013,31.643271446228027,-155.42876720428467,6.836291402578354,-10.861446149647236,53.88361215591431,11.893749702721834,0.4851175472140312,-31.92460536956787,False
continuation/mixed_s37,p001201_a005135_000016,VAL,p001201,p001201_a005135,16,2048,44.33163396045026,90.67523278087887,0.5546875,45.370860929218665,85.13446775819537,0.55126953125,-1.0392269687684035,5.540765022683502,0.00341796875,27.191902527319566,63.005232432754255,0.892578125,False,False,7.430709898471832,34.41274166107178,-167.92166233062744,9.515337646007538,-12.040913105010986,42.945921421051025,17.33217015862465,1.8643736839294434,-51.842570304870605,False
continuation/mixed_s37,p001201_a005135_000021,VAL,p001201,p001201_a005135,21,2048,44.622964161496014,89.53028213085283,0.55419921875,44.06547080499095,82.34330657081021,0.5703125,0.5574933565050628,7.186975560042612,-0.01611328125,28.155710818915644,61.90846101931113,0.890625,False,False,7.036194205284119,33.828556537628174,-164.59572315216064,8.588045835494995,-11.516883969306946,41.964173316955566,16.00862666964531,2.1354258060455322,-52.87361145019531,False
continuation/mixed_s37,p001201_a005135_000026,VAL,p001201,p001201_a005135,26,2048,28.98330954681594,60.85012847714199,0.88916015625,48.28720569466316,88.55716592143935,0.52099609375,-19.30389614784722,-27.707037444297356,0.3681640625,9.61807904940503,41.229335733225,0.982421875,False,False,6.3023678958415985,25.179922580718994,-126.57904624938965,-1.315596280619502,-7.076770067214966,37.2278094291687,4.62547573260963,-4.693236202001572,-15.14369249343872,False
continuation/mixed_s37,p001201_a005135_000030,VAL,p001201,p001201_a005135,30,2048,12.327651601972693,35.458510928275764,0.9892578125,44.642872226792576,85.06965168881075,0.5751953125,-32.31522062481989,-49.61114076053499,0.4140625,9.693765920102429,41.11160382943698,0.97998046875,False,False,5.147352814674377,15.135526657104492,-69.92459297180176,-2.2437754087150097,0.5848407745361328,-14.46676254272461,1.9636540673673153,-6.311893463134766,-9.609997272491455,False
continuation/mixed_s37,p001201_a005135_000035,VAL,p001201,p001201_a005135,35,2048,32.00637856425631,63.767641898109446,0.86279296875,45.33729161227534,84.44322921864983,0.5556640625,-13.330913048019028,-20.675587320540387,0.30712890625,9.711136985352631,40.55352405952573,0.984375,False,False,5.994096398353577,25.117993354797363,-127.25675106048584,-2.1787546575069427,-7.8220367431640625,42.54782199859619,2.919144928455353,-2.3543238639831543,-15.19310474395752,False
continuation/mixed_s37,p001202_a001230_000002,TRAIN,p001202,p001202_a001230,2,2048,65.11050251772495,144.87305836670683,0.4150390625,38.821039994531404,95.09119711644645,0.62939453125,26.28946252319355,49.78186125026038,-0.21435546875,42.42655882616401,103.50744395528477,0.58837890625,False,False,5.123987793922424,3.953218460083008,-61.62071228027344,-3.9747878909111023,-13.141419738531113,51.838219165802,-1.8307864665985107,-7.002493366599083,-52.68669128417969,False
continuation/mixed_s37,p001202_a001230_000009,TRAIN,p001202,p001202_a001230,9,2048,62.94854012534178,136.21106394702588,0.41162109375,37.85583993408286,91.89315468008157,0.65478515625,25.09270019125892,44.31790926694431,-0.2431640625,40.6469816351473,99.66013703025729,0.61328125,False,False,5.518615245819092,3.028988838195801,-55.47332763671875,-1.5532001852989197,-9.704527677968144,47.95479774475098,0.5735233426094055,-3.6804929841309786,-51.12820863723755,False
continuation/mixed_s37,p001202_a001230_000015,TRAIN,p001202,p001202_a001230,15,2048,62.763205270595215,145.35105805469587,0.40625,38.33063275987121,93.16547367616722,0.64306640625,24.432572510724007,52.185584378528645,-0.23681640625,42.14906660883685,107.05032527806718,0.5849609375,False,False,5.7560354471206665,5.894839763641357,-65.65403938293457,0.6987340748310089,-15.54475724697113,52.562713623046875,4.086975008249283,-6.548002362251282,-56.780338287353516,False
continuation/mixed_s37,p001202_a001230_000021,TRAIN,p001202,p001202_a001230,21,2048,61.20740044303747,138.83721469757836,0.4384765625,38.2501994781929,91.23954450878095,0.64990234375,22.957200964844574,47.59767018879741,-0.21142578125,41.135907803809786,102.87115835205603,0.595703125,False,False,5.476817488670349,4.415333271026611,-59.401512145996094,-0.5436614155769348,-12.41648942232132,49.303650856018066,1.6694329679012299,-6.763145327568054,-50.54515600204468,False
continuation/mixed_s37,p001202_a001230_000028,TRAIN,p001202,p001202_a001230,28,2048,60.356570233999555,136.4298530347402,0.42529296875,35.762671491747355,86.43438951889635,0.673828125,24.5938987422522,49.99546351584385,-0.24853515625,38.73231600985795,97.85168503770404,0.62158203125,False,False,5.881115794181824,4.301846027374268,-61.23757362365723,-1.9958391785621643,-13.929604785516858,49.327731132507324,1.96181982755661,-8.484273450449109,-50.4145622253418,False
continuation/mixed_s37,p001202_a001230_000034,TRAIN,p001202,p001202_a001230,34,2048,60.4962567492709,134.56762133511765,0.42236328125,35.81340973867385,88.03262758044559,0.666015625,24.68284701059705,46.53499375467206,-0.24365234375,38.68870536548518,96.93549822085679,0.6181640625,False,False,5.6687891483306885,2.827942371368408,-56.00595474243164,-1.9479244947433472,-13.177774846553802,48.57063293457031,2.284504473209381,-8.64950567483902,-47.66303300857544,False
continuation/mixed_s37,p001202_a001230_000040,TRAIN,p001202,p001202_a001230,40,2048,63.259639627744775,138.71691631050223,0.40966796875,35.68914397316175,88.67969343764291,0.671875,27.570495654583027,50.03722287285932,-0.26220703125,38.94062143597013,99.0510914336004,0.62109375,False,False,6.163060665130615,4.762411117553711,-62.188148498535156,-1.7375943716615438,-13.238012790679932,51.87755823135376,2.051376039162278,-7.943004369735718,-53.55215072631836,False
continuation/mixed_s37,p001202_a001230_000047,TRAIN,p001202,p001202_a001230,47,2048,57.384952280347534,137.82598519644122,0.443359375,37.7160634712849,93.68685243878654,0.634765625,19.668888809062636,44.13913275765468,-0.19140625,37.98881337766046,99.48827107428471,0.61669921875,False,False,5.940526723861694,1.7883777618408203,-52.561044692993164,0.9187720715999603,-11.122621595859528,50.0834584236145,4.636689787730575,-9.02058370411396,-46.04274034500122,False
continuation/mixed_s37,p001202_a005135_000001,TRAIN,p001202,p001202_a005135,1,2048,38.82007767426278,94.35764621679799,0.6005859375,10.250408666364171,39.9232560784863,0.98779296875,28.569669007898604,54.43439013831169,-0.38720703125,37.843271769204954,89.42120999703059,0.6171875,False,False,2.5718919932842255,17.958462238311768,-88.55938911437988,3.4281164407730103,-7.332354784011841,4.559814929962158,5.6284405291080475,7.209956645965576,-89.55520391464233,False
continuation/mixed_s37,p001202_a005135_000005,TRAIN,p001202,p001202_a005135,5,2048,34.402994351383555,73.88114830728412,0.693359375,8.813526922989961,38.34474157924234,0.990234375,25.589467428393593,35.53640672804178,-0.296875,18.44578627264777,49.00507602141627,0.95361328125,False,False,2.494852989912033,13.823747634887695,-69.92411613464355,-3.2136421650648117,-21.371379494667053,36.631107330322266,-2.469213679432869,-12.011320679448545,-31.403183937072754,False
continuation/mixed_s37,p001202_a005135_000008,TRAIN,p001202,p001202_a005135,8,2048,41.123551447554775,98.00166942107164,0.576171875,10.188819514339265,37.65100338171466,0.9912109375,30.93473193321551,60.35066603935698,-0.4150390625,40.321703522059416,93.8063149992793,0.58935546875,False,False,2.8514228761196136,19.31452751159668,-93.66309642791748,1.9068671390414238,-4.1054487228393555,4.020571708679199,3.502980340272188,11.959075927734375,-92.10836887359619,False
continuation/mixed_s37,p001202_a005135_000012,TRAIN,p001202,p001202_a005135,12,2048,32.894495678591866,67.33179014602646,0.7333984375,10.29747275661898,37.458823575108816,0.99267578125,22.597022921972886,29.872966570917647,-0.25927734375,15.517794363642004,41.815867869622565,0.97314453125,False,False,2.57892906665802,10.271131992340088,-58.9526891708374,-6.2119010835886,-18.295269459486008,41.69750213623047,-5.587157793343067,-11.515598744153976,-18.28634738922119,False
continuation/mixed_s37,p001202_a005135_000015,TRAIN,p001202,p001202_a005135,15,2048,38.42709688737078,79.57497761469601,0.62255859375,9.276428553138222,38.05640382604279,0.9912109375,29.150668334232556,41.51857378865322,-0.36865234375,25.560948170690224,56.523615806053265,0.8916015625,False,False,2.959609031677246,16.789793968200684,-75.74498653411865,-5.182582535780966,-20.73516696691513,31.589269638061523,-4.535955958999693,-6.5947845578193665,-41.60338640213013,False
continuation/mixed_s37,p001202_a005135_000019,TRAIN,p001202,p001202_a005135,19,2048,39.232040444186254,97.32157429060865,0.58935546875,9.754549808680228,37.43264895521758,0.9912109375,29.477490635506026,59.88892533539107,-0.40185546875,39.496661534965014,97.67421269960231,0.58837890625,False,False,3.3112019300460815,19.955098628997803,-95.56591510772705,0.4282437148503959,-2.4764537811279297,-0.26154518127441406,2.925533044617623,14.195993542671204,-97.39470481872559,False
continuation/mixed_s37,p001202_a005135_000022,TRAIN,p001202,p001202_a005135,22,2048,38.92785506525267,94.97573825091884,0.6015625,9.24847519738517,39.28762753549539,0.99072265625,29.679379867867503,55.68811071542345,-0.38916015625,38.573843686846246,90.68045156331075,0.6083984375,False,False,3.418438136577606,19.696474075317383,-94.28548812866211,3.514721989631653,-6.952628493309021,4.9304962158203125,5.626965314149857,9.396210312843323,-88.80650997161865,False
continuation/mixed_s37,p001202_a005135_000026,TRAIN,p001202,p001202_a005135,26,2048,29.34255528828323,57.82215780529318,0.84716796875,8.88585076523185,36.68219695574438,0.99267578125,20.45670452305138,21.1399608495488,-0.1455078125,10.920826352330963,39.05754494148818,0.9912109375,False,False,2.3866817355155945,9.172320365905762,-48.850178718566895,-4.79225255548954,-11.766422539949417,40.10355472564697,-3.359505906701088,-4.34254202991724,-5.60152530670166,False
continuation/mixed_s37,p001203_a000032_000003,TRAIN,p001203,p001203_a000032,3,2048,24.54336351652217,68.63249986787184,0.86865234375,34.158375716168706,89.74279625637888,0.6513671875,-9.615012199646536,-21.110296388507038,0.21728515625,15.00922571341204,54.76690893965175,0.9287109375,False,False,-8.068026974797249,18.933475017547607,-125.81396102905273,-0.9855162352323532,-9.754922240972519,29.67911958694458,-11.938007548451424,-12.819062918424606,-33.91462564468384,False
continuation/mixed_s37,p001203_a000032_000009,TRAIN,p001203,p001203_a000032,9,2048,27.738223224567285,73.87295146526839,0.80859375,32.84085254135997,89.71076953781755,0.64599609375,-5.102629316792687,-15.837818072549169,0.16259765625,17.742007583800735,57.57057138241198,0.912109375,False,False,-7.1794092655181885,20.973801612854004,-138.69690895080566,-1.7917640507221222,-12.940753251314163,31.573712825775146,-10.395504534244537,-14.921795576810837,-47.97947406768799,False
continuation/mixed_s37,p001203_a000032_000016,TRAIN,p001203,p001203_a000032,16,2048,26.36987824719681,72.49516511087198,0.83984375,33.37953185839266,88.96601102509536,0.6533203125,-7.009653611195851,-16.470845914223375,0.1865234375,17.65007811665196,59.11232361027854,0.904296875,False,False,-7.181186228990555,18.3907151222229,-132.6749324798584,-2.5597885251045227,-12.828588485717773,28.80018949508667,-11.601850390434265,-15.870839357376099,-42.587220668792725,False
continuation/mixed_s37,p001203_a000032_000022,TRAIN,p001203,p001203_a000032,22,2048,30.690212171467568,80.84039712169339,0.7587890625,34.66332725103935,91.55350499276835,0.634765625,-3.9731150795717802,-10.713107871074968,0.1240234375,22.249287962094073,66.28104756344018,0.880859375,False,False,-6.886884570121765,21.75837755203247,-151.98373794555664,-2.913862466812134,-16.659855842590332,27.252197265625,-12.649543583393097,-17.265088856220245,-63.54403495788574,False
continuation/mixed_s37,p001203_a000032_000029,TRAIN,p001203,p001203_a000032,29,2048,30.500979125278324,81.28757525822469,0.7509765625,34.63175826700747,89.56222409245514,0.65625,-4.130779141729146,-8.274648834230447,0.0947265625,22.296836777270528,66.37874381558875,0.87646484375,False,False,-6.884073838591576,21.375596523284912,-153.2433032989502,-4.791531711816788,-16.048073768615723,27.6300311088562,-12.511169537901878,-16.31615310907364,-63.01397085189819,False
continuation/mixed_s37,p001203_a000032_000035,TRAIN,p001203,p001203_a000032,35,2048,27.0290115549353,75.76778094998778,0.810546875,32.12315785565404,84.5455348253049,0.6748046875,-5.094146300718744,-8.777753875317117,0.1357421875,19.397888726361508,61.72641987432561,0.896484375,False,False,-7.7444761991500854,19.04904842376709,-133.469820022583,-3.6442652344703674,-15.641584061086178,27.78226137161255,-13.273153454065323,-15.793032012879848,-43.614208698272705,False
continuation/mixed_s37,p001203_a000032_000042,TRAIN,p001203,p001203_a000032,42,2048,28.763519972859157,79.09148195255602,0.7587890625,32.15960681967171,82.35230246270542,0.67431640625,-3.396086846812551,-3.2608205101494008,0.08447265625,22.386911100728923,66.36041617177555,0.884765625,False,False,-7.642634212970734,21.343767642974854,-143.89419555664062,-5.239158868789673,-18.01968365907669,23.741960525512695,-14.012821018695831,-14.878582209348679,-64.56834077835083,False
continuation/mixed_s37,p001203_a000032_000048,TRAIN,p001203,p001203_a000032,48,2048,27.25548836068843,73.26095523389945,0.83349609375,30.031205021504956,82.22584341950521,0.68017578125,-2.7757166608165242,-8.964888185605759,0.1533203125,18.091909985346184,60.81871909638541,0.90185546875,False,False,-8.40851292014122,19.38837766647339,-129.22072410583496,-2.5221561081707478,-15.30323678161949,30.094385147094727,-13.203759212046862,-16.727283014915884,-43.622374534606934,False
continuation/mixed_s37,p001204_a003011_000001,TRAIN,p001204,p001204_a003011,1,2048,51.78311562259561,147.803059211404,0.482421875,52.78610070885135,98.86762770810311,0.47705078125,-1.002985086255741,48.935431503300876,0.00537109375,52.492309150443276,163.04526443487669,0.4853515625,False,False,-0.8670389652252197,46.07659578323364,-233.09874534606934,-0.1675933599472046,4.331693053245544,-19.32734251022339,-5.231054499745369,26.8448144197464,-162.73844242095947,False
continuation/mixed_s37,p001204_a003011_000003,TRAIN,p001204,p001204_a003011,3,2048,49.01277008070653,141.62672959925533,0.51220703125,55.63445785136053,98.65689253051819,0.458984375,-6.621687770653999,42.969837068737135,0.05322265625,51.197123038581296,155.51160030101235,0.4912109375,False,False,-1.6350597143173218,46.44620418548584,-228.52861881256104,-0.8092708885669708,4.921615123748779,-22.056102752685547,-7.094906410202384,27.6346355676651,-159.52664613723755,False
continuation/mixed_s37,p001204_a003011_000006,TRAIN,p001204,p001204_a003011,6,2048,53.73999866621864,154.09825805149075,0.4609375,55.066875168168465,97.89893697109395,0.46240234375,-1.326876501949826,56.1993210803968,-0.00146484375,55.984096073686885,158.78083095947278,0.45849609375,False,False,-0.0910535454750061,47.57952690124512,-246.70863151550293,1.4037340879440308,0.9476561099290848,-8.278489112854004,-4.020025720819831,25.332452729344368,-167.27739572525024,False
continuation/mixed_s37,p001204_a003011_000008,TRAIN,p001204,p001204_a003011,8,2048,48.97302578548164,153.57928558567895,0.505859375,54.1593922975877,98.08040389180964,0.4658203125,-5.186366512106062,55.49888169386931,0.0400390625,49.7421701885502,160.5731777597849,0.50146484375,False,False,-0.030837953090667725,47.67417907714844,-246.37603759765625,0.8378159254789352,2.058252692222595,-9.313464164733887,-4.183679586276412,26.47741138935089,-165.7313108444214,False
continuation/mixed_s37,p001204_a003011_000010,TRAIN,p001204,p001204_a003011,10,2048,51.23039908284451,153.64063649220395,0.48583984375,52.42268543315719,98.8335071830913,0.4814453125,-1.1922863503126848,54.80712930911265,0.00439453125,52.35624974302623,161.69423330742586,0.484375,False,False,-0.14434009790420532,47.124385833740234,-242.99728870391846,0.27771852910518646,1.7173737287521362,-11.111736297607422,-4.28614323027432,26.837825775146484,-165.1698350906372,False
continuation/mixed_s37,p001204_a003011_000012,TRAIN,p001204,p001204_a003011,12,2048,50.779861608335096,148.10042504704913,0.494140625,54.04640785321182,97.8848100884671,0.47314453125,-3.2665462448767215,50.21561495858202,0.02099609375,52.092903401287245,157.14838467421032,0.4873046875,False,False,-0.510089099407196,46.40233516693115,-237.03575134277344,2.22209095954895,2.459186129271984,-15.794098377227783,-3.5389475524425507,26.405694894492626,-163.8621687889099,False
continuation/mixed_s37,p001204_a003011_000015,TRAIN,p001204,p001204_a003011,15,2048,52.63274086555374,147.8569523933208,0.47607421875,53.20931343520696,96.5207416023186,0.4765625,-0.5765725696532158,51.3362107910022,-0.00048828125,53.836108864785174,154.8852222564806,0.46728515625,False,False,-0.6215199828147888,45.982301235198975,-234.75217819213867,3.0249468982219696,-0.28029829263687134,-15.188455581665039,-0.9370800107717514,23.263491690158844,-160.2805256843567,False
continuation/mixed_s37,p001204_a003011_000017,TRAIN,p001204,p001204_a003011,17,2048,51.159461350620056,148.83187252635264,0.49072265625,54.7574934677735,97.57815366193006,0.46240234375,-3.598032117153444,51.25371886442258,0.0283203125,51.4842814876227,153.28411713545913,0.48583984375,False,False,-0.806562602519989,48.712074756622314,-242.53666400909424,0.15599839389324188,-0.15650689601898193,-9.217679500579834,-5.8521125465631485,26.127949357032776,-161.7085337638855,False
continuation/mixed_s37,p001210_a001226_000002,TRAIN,p001210,p001210_a001226,2,2048,54.0870305782002,249.28256933590984,0.4736328125,52.06786972144545,246.24101888749604,0.48486328125,2.019160856754752,3.041550448413801,-0.01123046875,48.798838330635576,235.20128561742584,0.50634765625,False,False,-1.5796665102243423,-3.592550754547119,-5.919337272644043,-3.0293967574834824,-3.9390549063682556,24.17922019958496,-0.3021499142050743,-2.8252676129341125,-1.1028647422790527,False
continuation/mixed_s37,p001210_a001226_000006,TRAIN,p001210,p001210_a001226,6,2048,66.34707006415749,245.2906430877309,0.43505859375,53.63657248978645,229.41187538835757,0.474609375,12.71049757437104,15.878767699373327,-0.03955078125,49.53692722618446,218.2219558596587,0.50439453125,False,False,-1.1961180716753006,-0.9366273880004883,-27.704596519470215,-3.21255624294281,-5.608499050140381,43.00493001937866,0.5894210189580917,-0.5223304033279419,-5.033731460571289,False
continuation/mixed_s37,p001210_a001226_000010,TRAIN,p001210,p001210_a001226,10,2048,77.00210496824391,259.03390516615434,0.40283203125,54.97716187276188,242.42121738429836,0.4736328125,22.02494309548203,16.612687781855982,-0.07080078125,51.21079498022619,236.86234322129258,0.4912109375,False,False,-0.7736552506685257,-0.8696317672729492,-43.90072822570801,-1.0857321321964264,-5.933389067649841,55.24665117263794,0.5993302911520004,-0.9916946291923523,-6.738424301147461,False
continuation/mixed_s37,p001210_a001226_000014,TRAIN,p001210,p001210_a001226,14,2048,57.80068414936832,240.8302738972607,0.44970703125,54.06859856727202,235.9481539618425,0.470703125,3.7320855820963033,4.882119935418189,-0.02099609375,51.56044975673869,226.34737949188695,0.48388671875,False,False,-1.2352708727121353,-1.3369321823120117,-11.058568954467773,-2.140425145626068,-6.12446665763855,30.037105083465576,-0.7988139986991882,-1.74693763256073,-2.0425915718078613,False
continuation/mixed_s37,p001210_a001226_000018,TRAIN,p001210,p001210_a001226,18,2048,63.78665882827161,250.0354246913985,0.42041015625,55.24727191670432,236.62486612588629,0.4755859375,8.539386911567291,13.410558565512218,-0.05517578125,50.14046250244584,227.61862870100552,0.49755859375,False,False,-0.7980410009622574,-2.1862387657165527,-24.08766746520996,-2.967327833175659,-4.854723811149597,42.042076587677,0.3669224679470062,-2.0964490249753,-4.425406455993652,False
continuation/mixed_s37,p001210_a001226_000022,TRAIN,p001210,p001210_a001226,22,2048,64.50805253433631,277.039084072372,0.43115234375,52.8110176237638,258.8843332723018,0.48095703125,11.697034910572512,18.154750800070246,-0.0498046875,49.10231111986646,247.3077822640886,0.50927734375,False,False,-0.6412435322999954,-0.9815692901611328,-25.80130100250244,-4.39261831343174,-6.335489451885223,40.70150852203369,1.3978518545627594,-0.21317601203918457,-4.424989223480225,False
continuation/mixed_s37,p001210_a001226_000026,TRAIN,p001210,p001210_a001226,26,2048,71.35898544745956,256.709513081223,0.4091796875,51.013356255461844,238.5420769501823,0.494140625,20.345629191997716,18.167436131040716,-0.0849609375,49.284423035979216,229.61090722334686,0.50634765625,False,False,-0.6782766431570053,-0.8899569511413574,-40.03345966339111,-4.643842577934265,-7.490824908018112,50.982117652893066,0.6952527910470963,-1.0457821190357208,-6.817102432250977,False
continuation/mixed_s37,p001210_a001226_000030,TRAIN,p001210,p001210_a001226,30,2048,83.07257938115916,256.7153030199863,0.37158203125,50.863111862691525,221.84705930518805,0.4931640625,32.20946751846763,34.86824371479827,-0.12158203125,49.44962925274611,214.63358511391388,0.50634765625,False,False,-0.430915504693985,0.24938583374023438,-54.035186767578125,-1.9614390330389142,-5.815498530864716,62.338173389434814,2.7948886854574084,-1.6519948840141296,-7.1648359298706055,False
continuation/mixed_s37,p001216_a001423_000001,TRAIN,p001216,p001216_a001423,1,2048,18.525939389361255,75.27888315792849,0.84375,79.48474710008686,156.90795082022206,0.2138671875,-60.95880771072561,-81.62906766229356,0.6298828125,17.862126626296117,72.40624124839356,0.853515625,False,False,-8.14095139503479,37.04577684402466,-158.81049633026123,3.7117106840014458,0.10158121585845947,4.633069038391113,2.1916481491643935,1.6427785158157349,-56.91194534301762,False
continuation/mixed_s37,p001216_a001423_000004,TRAIN,p001216,p001216_a001423,4,2048,25.982596615474506,84.88627814415598,0.7822265625,81.20562540749592,163.58765063329304,0.20751953125,-55.22302879202141,-78.70137248913706,0.57470703125,19.365599519588713,75.82504923033018,0.84912109375,False,False,-8.76256451010704,42.39755868911743,-181.62953853607178,2.097830642014742,-2.6765912771224976,19.17290687561035,-2.905567642301321,3.1501203775405884,-62.82192468643193,False
continuation/mixed_s37,p001216_a001423_000007,TRAIN,p001216,p001216_a001423,7,2048,36.22741296052337,100.08287752720008,0.67431640625,83.83467670305336,164.29465013289237,0.19189453125,-47.607263742529994,-64.21177260569229,0.482421875,22.101304022039027,80.48233786010985,0.8330078125,False,False,-9.438343346118927,47.50943183898926,-207.90517330169678,1.2423638254404068,-6.083488464355469,34.76250171661377,-1.7184540629386902,1.5895478427410126,-73.43304157257084,False
continuation/mixed_s37,p001216_a001423_000010,TRAIN,p001216,p001216_a001423,10,2048,20.42119245604554,77.65023855788286,0.82666015625,79.77705446201745,157.8127422030413,0.2041015625,-59.35586200597191,-80.16250364515844,0.62255859375,17.633568421530793,71.38599979638435,0.8466796875,False,False,-8.284322917461395,39.57486152648926,-168.12491416931152,3.5356320440769196,-0.38379430770874023,10.986804962158203,2.02975794672966,2.580106258392334,-61.58477067947392,False
continuation/mixed_s37,p001216_a001423_000013,TRAIN,p001216,p001216_a001423,13,2048,18.723629231437407,73.92776579488734,0.8408203125,80.91213301334636,162.05940805982888,0.19580078125,-62.188503781908956,-88.13164226494155,0.64501953125,17.942405801685005,70.58645826565031,0.8564453125,False,False,-8.016375824809074,36.38261556625366,-157.9294204711914,4.197290167212486,0.3231838345527649,5.337178707122803,1.590857282280922,2.1747052669525146,-57.21682310104363,False
continuation/mixed_s37,p001216_a001423_000016,TRAIN,p001216,p001216_a001423,16,2048,32.954932988090846,93.27100297743257,0.7255859375,79.35212649958287,160.46444112158292,0.21240234375,-46.39719351149202,-67.19343814415035,0.51318359375,19.84992742687629,77.59485579140093,0.83349609375,False,False,-8.825406432151794,43.691277503967285,-195.23322582244873,1.3841837644577026,-5.375221371650696,29.752075672149658,-1.1424198746681213,2.5047212839126587,-69.64951753616337,False
continuation/mixed_s37,p001216_a001423_000019,TRAIN,p001216,p001216_a001423,19,2048,35.40503512041757,93.11337567965239,0.6943359375,78.87259702678404,160.72218909242628,0.21630859375,-43.46756190636646,-67.60881341277388,0.47802734375,19.950991089003878,74.4556262236069,0.84130859375,False,False,-10.042417794466019,45.62580585479736,-198.36807250976562,0.7583019323647022,-7.3431432247161865,33.030688762664795,-4.7607156448066235,2.482593059539795,-69.66263055801396,False
continuation/mixed_s37,p001216_a001423_000022,TRAIN,p001216,p001216_a001423,22,2048,33.68130068688239,95.60911341788966,0.71240234375,77.87654876539324,158.34436802352528,0.208984375,-44.19524807851085,-62.73525460563562,0.50341796875,20.44401283796079,78.97077073286943,0.83056640625,False,False,-9.115174412727356,43.93792152404785,-196.08092308044434,1.3748608762398362,-5.829110741615295,31.310856342315674,-3.4291803603991866,4.944697022438049,-67.00974702835087,False
continuation/mixed_s37,p001225_a005341_000001,TRAIN,p001225,p001225_a005341,1,2048,21.542326973031585,60.95863595968448,0.8916015625,116.59697805771692,184.67824192110177,0.056640625,-95.05465108468533,-123.7196059614173,0.8349609375,13.690344324373527,52.670018407084235,0.9404296875,False,False,2.1045133471488953,18.421947956085205,-132.57253170013428,-2.8851237148046494,6.202533841133118,-32.11641311645508,5.828619003295898,-38.679011166095734,-20.035028457641683,False
continuation/mixed_s37,p001225_a005341_000005,TRAIN,p001225,p001225_a005341,5,2048,17.24838163297016,54.30318669230709,0.9287109375,111.29414472326107,183.25612979107137,0.06103515625,-94.0457630902909,-128.95294309876428,0.86767578125,13.804131946054515,51.46411713642264,0.94384765625,False,False,1.9912123680114746,20.453453063964844,-141.48414134979248,-1.6471724957227707,2.7849283069372177,-20.261645317077637,5.734008736908436,-36.575088277459145,-21.530508995056234,False
continuation/mixed_s37,p001225_a005341_000009,TRAIN,p001225,p001225_a005341,9,2048,20.981227223740962,64.01727385710018,0.88916015625,113.01711646460822,185.2446410014072,0.06005859375,-92.03588924086726,-121.22736714430701,0.8291015625,15.025074131491696,54.741495159471945,0.927734375,False,False,2.052396535873413,17.95220375061035,-131.3321590423584,-3.1373873353004456,5.937889218330383,-30.385911464691162,3.7439484149217606,-36.66600584983826,-19.867718219757162,False
continuation/mixed_s37,p001225_a005341_000013,TRAIN,p001225,p001225_a005341,13,2048,14.807580726078779,56.16500795669297,0.92626953125,115.49626437426059,184.63269650765676,0.07275390625,-100.68868364818181,-128.4676885509638,0.853515625,13.936291302837688,56.82828174465356,0.919921875,False,False,1.8275827169418335,23.691236972808838,-154.66535091400146,-0.3895917907357216,1.7038453370332718,-10.534942150115967,8.182455785572529,-33.65260176360607,-23.405671119690023,False
continuation/mixed_s37,p001225_a005341_000016,TRAIN,p001225,p001225_a005341,16,2048,13.65755170157968,55.762548636679234,0.9287109375,113.13352690706395,178.91154057771647,0.06787109375,-99.47597520548427,-123.14899194103722,0.86083984375,14.091587275885711,56.619649783201616,0.9150390625,False,False,2.173192799091339,23.884057998657227,-157.75072574615479,0.7068268023431301,2.0841509103775024,-6.388962268829346,10.521778371185064,-32.50397741794586,-25.737047195434652,False
continuation/mixed_s37,p001225_a005341_000020,TRAIN,p001225,p001225_a005341,20,2048,28.69562613696064,78.11444202270492,0.7529296875,114.74482450160612,185.41369925863262,0.060546875,-86.04919836464548,-107.2992572359277,0.6923828125,14.351352524623866,55.21347021682887,0.93017578125,False,False,1.373574137687683,14.435648918151855,-114.01653289794922,-2.098463475704193,7.073819637298584,-45.06182670593262,3.849722445011139,-39.46442808955908,-18.42319965362557,False
continuation/mixed_s37,p001225_a005341_000024,TRAIN,p001225,p001225_a005341,24,2048,23.537160316036925,74.87062636311865,0.83740234375,111.05837180123693,188.65706987738193,0.06884765625,-87.52121148520001,-113.78644351426328,0.7685546875,15.402553617335865,58.10153286224381,0.9208984375,False,False,1.5152022242546082,16.18748903274536,-122.45678901672363,-2.6629194617271423,6.156668066978455,-35.11607646942139,3.3273324370384216,-36.62418946623802,-17.190694808960043,False
continuation/mixed_s37,p001225_a005341_000028,TRAIN,p001225,p001225_a005341,28,2048,14.531654372789662,56.059971951335406,0.9306640625,109.98619106642036,184.64020488206225,0.07421875,-95.4545366936307,-128.58023293072685,0.8564453125,14.450152763774835,56.49615275158822,0.92138671875,False,False,1.940712332725525,22.95994758605957,-153.43618392944336,0.13003870844841003,0.37990789860486984,-6.646335124969482,7.189834024757147,-35.18627304583788,-23.78344535827645,False
continuation/mixed_s37,p001226_a000223_000006,TRAIN,p001226,p001226_a000223,6,2048,28.630924461087762,67.51406937828914,0.78662109375,19.199757868003537,45.52364659523383,0.974609375,9.431166593084225,21.99042278305531,-0.18798828125,15.90333950962137,41.779059867839536,0.98974609375,False,False,0.40568411350250244,8.614122867584229,-27.273058891296387,-2.5519095361232758,-8.863106369972229,35.76326370239258,-2.389427274465561,3.787253051996231,-11.114239692687988,False
continuation/mixed_s37,p001226_a000223_000021,TRAIN,p001226,p001226_a000223,21,2048,27.66321120206857,64.36464082551149,0.81640625,18.810913047502215,46.289888628093415,0.9677734375,8.852298154566355,18.07475219741807,-0.1513671875,14.69409223916401,41.18960407803183,0.98779296875,False,False,0.43433159589767456,8.158087730407715,-24.266600608825684,-0.7435756269842386,-9.418368339538574,35.024166107177734,-1.3197774533182383,2.6578903198242188,-8.266091346740723,False
continuation/mixed_s37,p001226_a000223_000036,TRAIN,p001226,p001226_a000223,36,2048,43.69987656071024,99.07684694831553,0.54541015625,12.094221311673532,40.716456221040765,0.98095703125,31.605655249036705,58.36039072727477,-0.435546875,43.15857049862279,99.71683281948168,0.560546875,False,False,6.168808788061142,33.187270164489746,-107.44500160217285,4.4240802526474,-1.045895740389824,5.8327317237854,8.274342864751816,33.87603349983692,-103.14673185348511,False
continuation/mixed_s37,p001226_a000223_000051,TRAIN,p001226,p001226_a000223,51,2048,28.745006434618105,66.2727131317686,0.7978515625,18.098095401479142,42.923491024202086,0.982421875,10.646911033138963,23.34922210756651,-0.1845703125,14.062998720754464,37.95616201211869,0.99072265625,False,False,1.2456178665161133,7.045984268188477,-27.860283851623535,-2.1469630300998688,-9.007740765810013,37.494778633117676,-3.4909145906567574,4.251640290021896,-7.230877876281738,False
continuation/mixed_s37,p001226_a000223_000066,TRAIN,p001226,p001226_a000223,66,2048,26.799154166207778,60.635393161040284,0.837890625,21.48289879830164,49.214740573253316,0.9560546875,5.3162553679061375,11.420652587786968,-0.1181640625,14.372276079411787,37.254332791821874,0.98583984375,False,False,1.63230299949646,3.076314926147461,-13.697624206542969,-1.9531212747097015,-10.469228029251099,33.46216678619385,-1.6664154827594757,1.7721205949783325,-4.4893622398376465,False
continuation/mixed_s37,p001226_a000223_000081,TRAIN,p001226,p001226_a000223,81,2048,46.139274326244696,101.66880814232299,0.5380859375,11.556542392309572,39.407867148795546,0.982421875,34.58273193393512,62.26094099352744,-0.4443359375,34.83297312292413,84.85818281609208,0.68017578125,False,False,5.382124334573746,23.57393503189087,-122.38192558288574,0.6128726527094841,-13.960778713226318,37.64098882675171,5.318040959537029,6.264808587729931,-75.78510046005249,False
continuation/mixed_s37,p001226_a000223_000096,TRAIN,p001226,p001226_a000223,96,2048,30.85744823742884,72.16015510005683,0.73828125,19.687278038426456,46.6711079887192,0.9658203125,11.170170199002385,25.489047111337626,-0.2275390625,16.89038856666142,41.735277053506984,0.9833984375,False,False,1.048363745212555,6.498575210571289,-30.214428901672363,-5.603856407105923,-10.113880038261414,38.98733854293823,-5.809294932987541,2.9961317777633667,-14.83762264251709,False
continuation/mixed_s37,p001226_a000223_000111,TRAIN,p001226,p001226_a000223,111,2048,38.463267928117546,97.15977072741309,0.607421875,20.77454832896119,49.0739306971037,0.95849609375,17.688719599156357,48.08584003030939,-0.35107421875,38.210399699090935,97.90916888508006,0.60888671875,False,False,3.0841901898384094,17.457127571105957,-68.07303428649902,1.3276226818561554,0.7129143923521042,1.3739466667175293,2.547401934862137,24.576572701334953,-89.6068811416626,False
continuation/mixed_s37,p001231_a000029_000001,TRAIN,p001231,p001231_a000029,1,2048,30.859541757975208,127.67206655220363,0.7314453125,26.81208442114278,118.27619113133653,0.7666015625,4.0474573368324265,9.3958754208671,-0.03515625,20.530057940958557,115.06242459165412,0.81103515625,False,False,-3.5860654897987843,-14.993071556091309,-9.377002716064453,2.9486939311027527,-3.6714598536491394,27.743399143218994,-1.7289412207901478,-13.16777616739273,-5.984842777252197,False
continuation/mixed_s37,p001231_a000029_000003,TRAIN,p001231,p001231_a000029,3,2048,31.20254148693953,126.76307153603717,0.7216796875,28.043160265473347,117.41634305045437,0.759765625,3.159381221466184,9.346728485582801,-0.0380859375,20.339705862852185,110.9446878595741,0.8017578125,False,False,-3.5314790438860655,-15.146970748901367,-8.634209632873535,4.0335822850465775,-3.988012671470642,27.798473834991455,-0.2633321564644575,-13.984553515911102,-5.4125189781188965,False
continuation/mixed_s37,p001231_a000029_000005,TRAIN,p001231,p001231_a000029,5,2048,30.502175262531978,128.80221559199293,0.736328125,29.052741960597,120.20078549486368,0.74560546875,1.4494333019349774,8.601430097129253,-0.00927734375,21.232963734783162,114.45767043950056,0.81640625,False,False,-3.643650794401765,-15.343666076660156,-6.51395320892334,2.68749613314867,-4.6523138880729675,26.586949825286865,0.20098709501326084,-13.593345880508423,-5.671501159667969,False
continuation/mixed_s37,p001231_a000029_000007,TRAIN,p001231,p001231_a000029,7,2048,29.420464618210996,118.613109919236,0.75244140625,27.4468766259009,109.38045261537209,0.75830078125,1.9735879923100974,9.232657303863903,-0.005859375,19.32273926860267,99.16401425581635,0.8330078125,False,False,-3.6871989723294973,-15.401244163513184,-5.508065223693848,2.414129674434662,-3.1859129667282104,29.372572898864746,-1.2872254010289907,-12.345794588327408,-3.9078593254089355,False
continuation/mixed_s37,p001231_a000029_000008,TRAIN,p001231,p001231_a000029,8,2048,29.298395173148464,127.975164846238,0.751953125,29.02733707963648,117.02938688059832,0.7529296875,0.2710580935119822,10.945777965639678,-0.0009765625,19.25962038057689,118.0940725031288,0.80078125,False,False,-3.3177915029227734,-17.475008964538574,-1.6611814498901367,2.3502130061388016,-3.1217485666275024,24.58888292312622,-0.8594109676778316,-14.257296919822693,-3.6835670471191406,False
continuation/mixed_s37,p001231_a000029_000010,TRAIN,p001231,p001231_a000029,10,2048,32.07286513780531,127.93300598072017,0.7236328125,28.62401524487104,118.46132540004616,0.76513671875,3.4488498929342697,9.471680580674004,-0.04150390625,20.610539884627165,111.74887465964453,0.81982421875,False,False,-3.3083856105804443,-15.376567840576172,-9.224891662597656,3.4478590823709965,-4.113540053367615,30.67147731781006,-0.5004322738386691,-13.440236449241638,-6.365776062011719,False
continuation/mixed_s37,p001231_a000029_000012,TRAIN,p001231,p001231_a000029,12,2048,31.521681683499892,137.16894735436284,0.72607421875,29.07492092188125,126.05269230411658,0.755859375,2.4467607616186413,11.116255050246266,-0.02978515625,19.823427197462692,118.60183034503504,0.81298828125,False,False,-2.971391659229994,-16.31009578704834,-6.491303443908691,2.8401315212249756,-4.371657967567444,27.979791164398193,0.11223694309592247,-14.548543840646744,-5.118966102600098,False
continuation/mixed_s37,p001231_a000029_000014,TRAIN,p001231,p001231_a000029,14,2048,29.063867360817945,115.73219705207374,0.76611328125,28.419557884532537,109.55364402106942,0.771484375,0.6443094762854074,6.178553031004327,-0.00537109375,19.491790034255466,99.22003038423348,0.83056640625,False,False,-3.3157600555568933,-17.362117767333984,-2.1752119064331055,1.8624067306518555,-2.7139605954289436,26.473045349121094,-1.9919844344258308,-14.000603929162025,-2.9897689819335938,False
continuation/mixed_s37,p001231_a000075_000003,TRAIN,p001231,p001231_a000075,3,2048,31.237146745602587,74.14638068527331,0.7275390625,16.86170612208869,51.91760671706683,0.9453125,14.375440623513896,22.228773968206482,-0.2177734375,18.862556799845592,52.52691628523065,0.94140625,False,False,-2.1601207554340363,14.136195182800293,-39.48819637298584,2.673223614692688,-9.668469429016113,33.99008512496948,0.5590338259935379,5.127996206283569,-21.925687789916992,False
continuation/mixed_s37,p001231_a000075_000012,TRAIN,p001231,p001231_a000075,12,2048,19.248573571931175,49.769623362252666,0.9501953125,16.240852835909415,48.834633571646464,0.9521484375,3.00772073602176,0.9349897906062026,-0.001953125,13.078586409472704,47.12087779313311,0.9560546875,False,False,-1.991642639040947,7.707417011260986,-9.672880172729492,2.474062144756317,-2.861708402633667,23.384451866149902,-0.6594657897949219,5.607888102531433,-2.5933384895324707,False
continuation/mixed_s37,p001231_a000075_000020,TRAIN,p001231,p001231_a000075,20,2048,37.44840190702808,100.6636643799671,0.61962890625,13.732859116079696,45.308579007498864,0.9658203125,23.715542790948383,55.35508537246824,-0.34619140625,31.37395224719724,80.50180798590596,0.703125,False,False,-1.6164062544703484,24.083197116851807,-73.21012020111084,4.31543673039414,-13.13830353319645,22.063910961151123,3.3411513140890747,14.19585756957531,-62.251925468444824,False
continuation/mixed_s37,p001231_a000075_000029,TRAIN,p001231,p001231_a000075,29,2048,40.90012925542473,100.68893348485153,0.5849609375,20.02130851414873,58.852570038283176,0.912109375,20.878820741276,41.836363446568356,-0.3271484375,31.25259711854294,72.64681840756718,0.7216796875,False,False,0.5776034668087959,19.497573375701904,-66.05672836303711,1.0084593668580055,-14.732509851455688,32.7225923538208,-1.0111387819051743,7.110282778739929,-48.79426956176758,False
continuation/mixed_s37,p001231_a000075_000037,TRAIN,p001231,p001231_a000075,37,2048,46.736718810649066,113.0078486746921,0.5302734375,19.138390212795215,59.12880409774157,0.9111328125,27.59832859785385,53.87904457695053,-0.380859375,45.25040273493161,109.50804796519606,0.544921875,False,False,1.157062128186226,29.72733974456787,-99.19202327728271,-5.269229412078857,0.11543929576873779,17.541587352752686,-4.794162814505398,30.717194080352783,-95.32487392425537,False
continuation/mixed_s37,p001231_a000075_000046,TRAIN,p001231,p001231_a000075,46,2048,45.90034960090256,110.5312987687932,0.54150390625,17.984031544315293,52.56751158870313,0.94140625,27.916318056587265,57.96378718009008,-0.39990234375,34.207104066464765,84.3376276532502,0.68017578125,False,False,-1.8387474119663239,25.630712509155273,-76.14338397979736,5.5544935166835785,-15.268690884113312,33.04183483123779,3.353966516442597,14.427736401557922,-65.25957584381104,False
continuation/mixed_s37,p001231_a000075_000054,TRAIN,p001231,p001231_a000075,54,2048,41.00026580343116,103.176141996998,0.583984375,13.153745865872942,50.63194611758832,0.94775390625,27.84651993755822,52.54419587940968,-0.36376953125,36.7958256220364,94.23369281749574,0.6435546875,False,False,-2.8595449402928352,28.52708101272583,-76.67362689971924,12.056627310812473,-13.740941882133484,15.120744705200195,10.418912046588957,17.592325806617737,-70.4951286315918,False
continuation/mixed_s37,p001231_a000075_000063,TRAIN,p001231,p001231_a000075,63,2048,21.571959487781832,64.68975145927146,0.90966796875,13.228300703690476,57.305266119002034,0.93408203125,8.343658784091357,7.384485340269428,-0.0244140625,11.23557274118366,53.39672235656903,0.9404296875,False,False,-2.335944212973118,10.91015338897705,-16.284584999084473,1.3449578545987606,-5.614221096038818,25.762081146240234,-0.23654894903302193,8.359566330909729,-1.4284849166870117,False
continuation/mixed_s37,p001231_a000214_000004,TRAIN,p001231,p001231_a000214,4,2048,34.06045703466755,90.48261991161539,0.6923828125,40.11875577909477,98.3213005613196,0.6171875,-6.058298744427219,-7.838680649704216,0.0751953125,21.591050890941638,64.64086657741471,0.85546875,False,False,-0.9353607892990112,-5.764603614807129,21.526455879211426,4.588544135913253,-5.0391945987939835,35.552918910980225,0.5600897129625082,-9.64253582060337,30.81434965133667,False
continuation/mixed_s37,p001231_a000214_000016,TRAIN,p001231,p001231_a000214,16,2048,34.78633339052815,90.54689177166145,0.68017578125,37.98682289106762,99.79288760199279,0.63427734375,-3.2004895005394687,-9.245995830331339,0.0458984375,22.699173214770397,63.24256876599758,0.865234375,False,False,-0.5598962306976318,-4.639804363250732,12.460827827453613,2.4882927536964417,-3.6540329456329346,37.53334283828735,-0.4379004240036011,-6.773717701435089,17.237544059753418,False
continuation/mixed_s37,p001231_a000214_000027,TRAIN,p001231,p001231_a000214,27,2048,44.84132839889573,129.66812376970594,0.53369140625,43.64657684420158,124.66382303421398,0.55224609375,1.1947515546941503,5.004300735491967,-0.0185546875,41.58955806228553,119.01726075174605,0.568359375,False,False,-0.3714580088853836,-5.398869514465332,-6.995916366577148,2.494633197784424,0.6802678108215332,17.696678638458252,0.36544911563396454,-4.1378517635166645,-5.876719951629639,False
continuation/mixed_s37,p001231_a000214_000038,TRAIN,p001231,p001231_a000214,38,2048,26.61338340465599,99.41731446761828,0.79248046875,26.058724084158293,89.591441004035,0.7880859375,0.5546593204976986,9.825873463583278,0.00439453125,18.100380632228166,90.11959838366081,0.828125,False,False,-3.663593903183937,-20.809292793273926,-7.098197937011719,1.0874494910240173,-7.289759814739227,24.995267391204834,-0.986472936347127,-18.026756588369608,-6.823599338531494,False
continuation/mixed_s37,p001231_a000214_000049,TRAIN,p001231,p001231_a000214,49,2048,24.958549538416108,85.18251102443267,0.81591796875,16.51265816889225,64.72579380975012,0.87255859375,8.445891369523856,20.456717214682556,-0.056640625,18.930006340672932,78.93542982303727,0.845703125,False,False,-2.4052895605564117,-21.835803985595703,-31.62980079650879,1.2652352452278137,-7.021547295153141,24.038970470428467,-0.8447133004665375,-22.824854589998722,-14.727592468261719,False
continuation/mixed_s37,p001231_a000214_000060,TRAIN,p001231,p001231_a000214,60,2048,37.80821721053277,105.69523623668364,0.603515625,28.51363131326407,78.81275123795758,0.74365234375,9.294585897268696,26.882484998726056,-0.14013671875,36.067418177005486,103.03969544710573,0.623046875,False,False,-1.8452145159244537,-3.6706924438476562,-46.50747776031494,0.4560984671115875,-10.968141257762909,5.844414234161377,1.1783502995967865,-2.8236955404281616,-67.58689880371094,False
continuation/mixed_s37,p001231_a000214_000071,TRAIN,p001231,p001231_a000214,71,2048,33.719677788366056,85.5368228109482,0.66748046875,39.52173769320352,99.22821403569152,0.6123046875,-5.8020599048374635,-13.691391224743327,0.05517578125,22.00000623311164,60.89775015089696,0.87939453125,False,False,-1.7876531928777695,-6.779730319976807,19.60146427154541,1.1467467993497849,-5.408443510532379,36.7509126663208,-4.479605704545975,-11.490613222122192,31.94427490234375,False
continuation/mixed_s37,p001231_a000214_000083,TRAIN,p001231,p001231_a000214,83,2048,39.00179127052823,95.03309637319117,0.60791015625,41.96404949520783,99.9070307810033,0.57958984375,-2.9622582246796014,-4.873934407812129,0.0283203125,33.208767582313,78.86271789990268,0.71484375,False,False,-1.848546788096428,-4.481017589569092,14.514446258544922,3.3516064286231995,-3.4071803092956543,25.317490100860596,-1.934705302119255,-13.530351221561432,32.676756381988525,False
continuation/mixed_s37,p100067_a005746_000002,TRAIN,p100067,p100067_a005746,2,2048,29.72212556200858,75.4722282475318,0.78759765625,46.51901096295711,116.34596381666584,0.53564453125,-16.796885400948533,-40.87373556913404,0.251953125,18.38071369724245,63.17668915522704,0.88134765625,False,False,-5.757130682468414,4.648685455322266,-126.8301010131836,1.6501527279615402,-17.867406830191612,28.21880578994751,1.2971293181180954,-35.016437992453575,-39.273858070373535,False
continuation/mixed_s37,p100067_a005746_000008,TRAIN,p100067,p100067_a005746,8,2048,30.597720277341843,77.61717302749994,0.78076171875,51.83557526028069,115.61601858068647,0.48388671875,-21.23785498293885,-37.99884555318653,0.296875,17.883228961321322,64.40809495413521,0.8935546875,False,False,-5.533568561077118,5.317568778991699,-133.42976570129395,1.0001957416534424,-19.433986395597458,29.694736003875732,0.22685527801513672,-37.59416937828064,-40.46976566314697,False
continuation/mixed_s37,p100067_a005746_000014,TRAIN,p100067,p100067_a005746,14,2048,30.66405568957908,76.40673636848207,0.76904296875,51.6059917118162,115.01020919268521,0.48828125,-20.941936022237122,-38.60347282420314,0.28076171875,18.259822303432294,63.82034837600747,0.88916015625,False,False,-4.667811095714569,6.234288215637207,-135.87450981140137,1.0298136621713638,-19.702013581991196,29.3198823928833,1.335227396339178,-36.39348968863487,-43.119609355926514,False
continuation/mixed_s37,p100067_a005746_000020,TRAIN,p100067,p100067_a005746,20,2048,28.665851377486156,74.01074506069457,0.798828125,56.93898587700061,120.74344515749844,0.4326171875,-28.273134499514455,-46.73270009680387,0.3662109375,18.05938741078889,60.821928661368915,0.91015625,False,False,-5.144238471984863,5.875349044799805,-140.05017280578613,1.1174827814102173,-20.87581530213356,30.70390224456787,1.646464690566063,-39.300817996263504,-39.96431827545166,False
continuation/mixed_s37,p100067_a005746_000026,TRAIN,p100067,p100067_a005746,26,2048,27.46559326434867,75.57892226363039,0.78857421875,55.12976171144135,116.30692171742368,0.45263671875,-27.664168447092678,-40.72799945379329,0.3359375,18.360990672499465,64.3726616790016,0.89599609375,False,False,-5.041539669036865,5.526542663574219,-135.76078414916992,0.02387911081314087,-19.517220556735992,29.94173765182495,0.5029384046792984,-36.84891015291214,-38.043320178985596,False
continuation/mixed_s37,p100067_a005746_000032,TRAIN,p100067,p100067_a005746,32,2048,30.059861836928768,78.15640045267017,0.76806640625,54.20278507413967,122.3160256165052,0.46337890625,-24.1429232372109,-44.15962516383503,0.3046875,19.226648862743403,67.39483195870349,0.88720703125,False,False,-5.516335368156433,5.344808101654053,-135.70451736450195,0.6769783794879913,-16.910038888454437,29.918551445007324,0.6553120911121368,-34.2918261885643,-40.41481018066406,False
continuation/mixed_s37,p100067_a005746_000038,TRAIN,p100067,p100067_a005746,38,2048,28.24912877826489,77.35184145673189,0.7890625,50.402294630335675,117.45338334760436,0.4970703125,-22.153165852070785,-40.10154189087247,0.2919921875,19.25504650528289,65.389023342904,0.8935546875,False,False,-5.097933113574982,5.322098731994629,-130.7206153869629,0.3084596246480942,-16.918450593948364,28.732717037200928,0.0667814165353775,-33.07358920574188,-40.58045148849487,False
continuation/mixed_s37,p100067_a005746_000044,TRAIN,p100067,p100067_a005746,44,2048,29.13660453245299,77.88472630113002,0.77587890625,50.59710148137906,123.43969977139797,0.4951171875,-21.460496948926075,-45.55497347026795,0.28076171875,19.908743344732,67.30816939939722,0.87939453125,False,False,-5.202479660511017,5.996286869049072,-134.7566843032837,-1.7246827483177185,-19.649915397167206,28.017044067382812,-1.9736513495445251,-35.33278778195381,-44.99882459640503,False
continuation/mixed_s37,p100069_a005191_000006,TRAIN,p100069,p100069_a005191,6,2048,31.872107954699814,90.76886713602829,0.66845703125,54.988573501885625,108.76001548352532,0.474609375,-23.11646554718581,-17.99114834749703,0.19384765625,29.421395345300766,75.01562316434162,0.72802734375,False,False,0.3806799650192261,39.667367935180664,-192.37172603607178,2.99207866191864,-10.717026889324188,17.222225666046143,3.732619807124138,-2.5204443372786045,-77.08728313446049,False
continuation/mixed_s37,p100069_a005191_000021,TRAIN,p100069,p100069_a005191,21,2048,34.086778937924535,101.90006538366684,0.646484375,57.839940600405754,105.6991143131848,0.439453125,-23.75316166248122,-3.7990489295179515,0.20703125,29.647956426372403,90.64798502154841,0.67919921875,False,False,2.316148020327091,39.138615131378174,-202.5473117828369,-1.4388146810233593,-10.29282808303833,13.691127300262451,0.7515973411500454,-6.860062479972839,-95.3701734542846,False
continuation/mixed_s37,p100069_a005191_000037,TRAIN,p100069,p100069_a005191,37,2048,33.24981782308862,87.488319502271,0.67431640625,84.38626387012857,124.4195955330136,0.2998046875,-51.136446047039954,-36.93127603074261,0.37451171875,18.503674242752638,49.079534932108125,0.953125,False,False,1.1120298877358437,35.79401969909668,-192.27373600006104,0.301852822303772,-12.642502784729004,48.918843269348145,0.6221020594239235,-17.613038420677185,-37.61434555053704,False
continuation/mixed_s37,p100069_a005191_000052,TRAIN,p100069,p100069_a005191,52,2048,32.34892403317065,89.24221431836968,0.6787109375,52.01422452002487,102.3848428861382,0.4794921875,-19.66530048685422,-13.142628567768526,0.19921875,26.426889726583596,70.05551436809436,0.8203125,False,False,-0.1473650336265564,38.10697793960571,-177.63960361480713,5.376596003770828,-8.61852616071701,27.229249477386475,5.82546554505825,9.73518192768097,-69.00221109390263,False
continuation/mixed_s37,p100069_a005191_000068,TRAIN,p100069,p100069_a005191,68,2048,20.51712666535883,56.80254129313797,0.9091796875,51.529747920960546,94.69718544356839,0.48486328125,-31.012621255601715,-37.894644150430416,0.42431640625,12.014487037481878,42.51682952240313,0.9697265625,False,False,0.1368476077914238,25.938749313354492,-123.15118312835693,1.2870188802480698,-11.668002232909203,24.843275547027588,2.431369386613369,-15.394678339362144,-29.063880443572998,False
continuation/mixed_s37,p100069_a005191_000083,TRAIN,p100069,p100069_a005191,83,2048,35.0919903461771,81.77748377539085,0.69091796875,81.21626174413178,121.94832875652848,0.2919921875,-46.124271397954686,-40.170844981137634,0.39892578125,18.601866203110625,51.52972921132936,0.9443359375,False,False,-0.6767474114894867,34.157752990722656,-186.45918369293213,-4.2960443533957005,-13.212829828262329,47.11884260177612,-5.62954181805253,-18.033236265182495,-33.5538983345031,False
continuation/mixed_s37,p100069_a005191_000099,TRAIN,p100069,p100069_a005191,99,2048,29.040465940378112,79.75789803683368,0.7392578125,65.26221358121695,116.53813104094284,0.39599609375,-36.22174764083884,-36.780233004109164,0.34326171875,22.897519129478916,58.62852228582374,0.88525390625,False,False,-0.4627890884876251,36.93932294845581,-176.89383029937744,-0.27064234018325806,-13.081284239888191,27.34428644180298,0.21892134100198746,-6.250908598303795,-46.46748304367058,False
continuation/mixed_s37,p100069_a005191_000114,TRAIN,p100069,p100069_a005191,114,2048,37.61878723168162,91.50450734289372,0.6572265625,38.024112553567534,90.4117489943963,0.60498046875,-0.4053253218859112,1.0927583484974122,0.05224609375,14.251345122186542,50.76089428665617,0.947265625,False,False,-1.4973506331443787,33.0735445022583,-146.34466171264648,2.378440462052822,-22.085464792326093,48.91800880432129,1.5970646954883705,-12.601516442373395,-46.62078619003296,False
continuation/mixed_s37,p100069_a005746_000002,TRAIN,p100069,p100069_a005746,2,2048,30.03122931233925,72.47549666014092,0.75341796875,12.307641139063419,92.22806609145366,0.84912109375,17.72358817327583,-19.752569431312736,-0.095703125,21.509160090122805,71.44775077466133,0.88134765625,False,False,-2.9607806354761124,-4.526674747467041,-67.56377220153809,-0.8164495229721069,-15.067338943481445,32.946765422821045,-2.807117998600006,-24.504445493221283,-32.040953636169434,False
continuation/mixed_s37,p100069_a005746_000008,TRAIN,p100069,p100069_a005746,8,2048,30.499702485052758,79.69226264140968,0.7119140625,12.801201438234763,85.80120029800285,0.87158203125,17.698501046817995,-6.10893765659317,-0.15966796875,24.782933416245477,63.633868020110036,0.85888671875,False,False,-3.0447524040937424,-1.307368278503418,-84.11538600921631,2.81406007707119,-11.587140965275466,25.462627410888672,0.19440427422523499,-18.521515536122024,-50.6666898727417,False
continuation/mixed_s37,p100069_a005746_000014,TRAIN,p100069,p100069_a005746,14,2048,29.855139440663535,77.57539493268514,0.7373046875,12.581541742777894,93.87289891819641,0.85888671875,17.27359769788564,-16.29750398551127,-0.12158203125,24.529277445092347,63.68710825186448,0.84521484375,False,False,-2.614511176943779,-3.1186342239379883,-77.4068832397461,1.4778822660446167,-10.370206087827682,25.117993354797363,0.6595985032618046,-17.95494183897972,-48.29448461532593,False
continuation/mixed_s37,p100069_a005746_000020,TRAIN,p100069,p100069_a005746,20,2048,32.57969816940128,92.02700591389312,0.6865234375,12.105254393746073,87.31290295413129,0.87353515625,20.47444377565521,4.714102959761831,-0.18701171875,31.79545484766406,89.01686173832425,0.69384765625,False,False,-2.2248905152082443,2.4569034576416016,-96.98700904846191,2.572339028120041,-3.940284252166748,4.7983527183532715,1.7250273376703262,-5.741342902183533,-88.24944496154785,False
continuation/mixed_s37,p100069_a005746_000027,TRAIN,p100069,p100069_a005746,27,2048,34.1676872245768,92.1401920080656,0.6708984375,12.732396261745713,92.54430748554883,0.86767578125,21.43529096283109,-0.40411547748323073,-0.19677734375,33.402411895270106,88.28041630352713,0.681640625,False,False,-2.2326409816741943,2.476215362548828,-97.35989570617676,-0.007086317054927349,-0.795409083366394,6.306946277618408,-0.32305053900927305,-3.0896905809640884,-85.4070782661438,False
continuation/mixed_s37,p100069_a005746_000033,TRAIN,p100069,p100069_a005746,33,2048,31.979873367381522,87.48587552940973,0.6865234375,12.911130710543603,92.06778705385794,0.8681640625,19.06874265683792,-4.581911524448216,-0.181640625,31.735747908422795,75.97190466015975,0.72998046875,False,False,-2.2479556500911713,1.7610788345336914,-91.03894233703613,5.18362782895565,-7.48896598815918,12.40992546081543,3.878086805343628,-9.443879127502441,-72.78156280517578,False
continuation/mixed_s37,p100069_a005746_000039,TRAIN,p100069,p100069_a005746,39,2048,30.791094241138914,75.08519361663005,0.708984375,11.886279801818105,92.29317105874065,0.8759765625,18.90481443932081,-17.207977442110604,-0.1669921875,21.826392731997558,69.92023066399645,0.87939453125,False,False,-2.809489145874977,-2.7658939361572266,-77.07691192626953,5.300226155668497,-12.89214938879013,31.340420246124268,4.307338036596775,-19.894085824489594,-39.44641351699829,False
continuation/mixed_s37,p100069_a005746_000045,TRAIN,p100069,p100069_a005746,45,2048,31.476478088123773,87.27236761462851,0.6826171875,12.438851479910575,96.52182556007321,0.86279296875,19.0376266082132,-9.249457945444703,-0.18017578125,31.119244971142123,75.79334578714439,0.72314453125,False,False,-2.1875016391277313,1.3157129287719727,-90.56663513183594,2.119608223438263,-5.716592073440552,13.086259365081787,2.286609262228012,-8.469544351100922,-72.32558727264404,False
continuation/mixed_s37,p100072_a001242_000006,TRAIN,p100072,p100072_a001242,6,2048,22.13067382239349,70.41179348307818,0.8193359375,33.923015302276795,80.138259366853,0.6875,-11.792341479883305,-9.726465883774821,0.1318359375,21.184115214891236,66.71363164250363,0.84716796875,False,False,0.008530914783477783,16.06649160385132,-127.35342979431152,0.8956892415881157,-3.5633407533168793,5.332291126251221,-0.9078699513338506,8.054694160819054,-59.283316135406494,False
continuation/mixed_s37,p100072_a001242_000020,TRAIN,p100072,p100072_a001242,20,2048,20.943410119648483,68.48189824929246,0.84619140625,28.380082856618216,68.66376098762477,0.79541015625,-7.436672736969733,-0.18186273833231326,0.05078125,19.037210697257738,62.854522439216645,0.88916015625,False,False,-1.7778128385543823,13.120293617248535,-109.18474197387695,2.6344675570726395,-3.519698977470398,12.019217014312744,0.27039460837841034,7.561150938272476,-44.04914379119873,False
continuation/mixed_s37,p100072_a001242_000034,TRAIN,p100072,p100072_a001242,34,2048,21.471328647139316,65.74234776231602,0.859375,16.00655467486463,48.44128126904561,0.95703125,5.464773972274685,17.301066493270405,-0.09765625,20.02664235255007,59.58032921588501,0.89501953125,False,False,0.9981021285057068,2.1718740463256836,-49.16644096374512,-0.7007177919149399,-0.8741002529859543,10.873794555664062,0.9881202131509781,4.939088597893715,-36.31269931793213,False
continuation/mixed_s37,p100072_a001242_000048,TRAIN,p100072,p100072_a001242,48,2048,31.63260710777392,166.76963147379956,0.68505859375,24.13721493692853,141.48582969963851,0.74462890625,7.495392170845392,25.28380177416105,-0.0595703125,30.576320747192078,170.17335577387956,0.67724609375,False,False,4.838742315769196,-5.27346134185791,-39.3984317779541,-4.121788660995662,9.196680970489979,1.1203289031982422,4.453336354345083,2.077673561871052,-46.77748680114746,False
continuation/mixed_s37,p100072_a001242_000063,TRAIN,p100072,p100072_a001242,63,2048,31.36655332829578,125.18131313995916,0.71923828125,24.357029402006894,109.54353325449583,0.77734375,7.009523926288885,15.637779885463331,-0.05810546875,29.975149136382413,127.19513968151048,0.712890625,False,False,5.4740309715271,-5.21087646484375,-37.46497631072998,-4.28440363612026,8.78542847931385,3.5678744316101074,3.7455266574397683,1.6291756182909012,-45.085251331329346,False
continuation/mixed_s37,p100072_a001242_000077,TRAIN,p100072,p100072_a001242,77,2048,17.425882221928344,57.984470646609736,0.900390625,18.242769114400975,52.798306149813605,0.9404296875,-0.8168868924726311,5.186164496796131,-0.0400390625,16.157862332318338,51.27784392295805,0.94580078125,False,False,-1.323409378528595,3.2132863998413086,-58.678627014160156,0.8992627263069153,-2.7556121349334717,13.214588165283203,-0.4348695510998368,1.2489724904298782,-28.67734432220459,False
continuation/mixed_s37,p100072_a001242_000091,TRAIN,p100072,p100072_a001242,91,2048,26.47362397776281,79.3030730029414,0.7734375,40.22421455733725,95.63231889972313,0.62158203125,-13.750590579574439,-16.329245896781728,0.15185546875,24.754129644353917,74.61278679022224,0.8037109375,False,False,-1.3812556862831116,23.523926734924316,-159.698486328125,-0.6831809878349304,-4.935497418045998,7.705390453338623,-4.0503323543816805,10.755630210042,-74.46891069412231,False
continuation/mixed_s37,p100072_a001242_000105,TRAIN,p100072,p100072_a001242,105,2048,18.04063087372767,50.242411838693776,0.94873046875,20.11186736323949,64.98280239689404,0.87353515625,-2.0712364895118185,-14.740390558200268,0.0751953125,14.141020980521915,41.077584365435435,0.97509765625,False,False,-0.7107630372047424,7.451891899108887,-75.05083084106445,-0.11894851922988892,-3.9905905723571777,18.071353435516357,-1.4183009043335915,4.782449454069138,-19.805490970611572,False
continuation/mixed_s37,p100085_a000042_000001,TRAIN,p100085,p100085_a000042,1,2048,28.62679363549868,66.81703896427088,0.80224609375,56.75798704775541,88.92488128162992,0.3994140625,-28.131193412256728,-22.107842317359044,0.40283203125,20.591230984639843,57.35854363456477,0.9150390625,False,False,-15.019464306533337,-1.065373420715332,-122.8034496307373,1.0164864361286163,-9.367376565933228,28.372526168823242,-18.98334827274084,1.8507875502109528,-18.99254322052002,False
continuation/mixed_s37,p100085_a000042_000002,TRAIN,p100085,p100085_a000042,2,2048,28.27127338954589,66.24706659964478,0.80029296875,57.04167447924027,91.13624502701295,0.38623046875,-28.77040108969438,-24.889178427368165,0.4140625,20.384492058716,59.09846373553372,0.9208984375,False,False,-14.82654083520174,-0.6707906723022461,-124.93038177490234,1.2590587139129639,-7.9080164432525635,28.94371747970581,-18.00756622105837,2.305641770362854,-20.29663324356079,False
continuation/mixed_s37,p100085_a000042_000004,TRAIN,p100085,p100085_a000042,4,2048,26.052872155277722,66.2108357487474,0.80419921875,58.39343812872276,92.12042698614938,0.3798828125,-32.34056597344504,-25.909591237401983,0.42431640625,18.52118481594352,57.6192452460549,0.91943359375,False,False,-14.638103544712067,-0.725865364074707,-121.37365341186523,1.0403990745544434,-10.521581396460533,28.487563133239746,-17.645664513111115,0.9022895246744156,-17.03590154647827,False
continuation/mixed_s37,p100085_a000042_000006,TRAIN,p100085,p100085_a000042,6,2048,28.348331272359808,66.92192873561079,0.79248046875,57.140287357795174,90.81963170925398,0.37841796875,-28.791956085435366,-23.89770297364319,0.4140625,21.40144388626441,60.853739865949215,0.92041015625,False,False,-14.847766607999802,-0.9177923202514648,-124.99570846557617,-0.06029009819030762,-4.841252230107784,28.696060180664062,-18.27048882842064,5.939842201769352,-22.17543125152588,False
continuation/mixed_s37,p100085_a000042_000008,TRAIN,p100085,p100085_a000042,8,2048,26.92581769819664,64.13754816339356,0.81591796875,56.91139823065818,90.69598198956311,0.39453125,-29.98558053246154,-26.558433826169548,0.42138671875,19.547382250730998,58.7695252067097,0.923828125,False,False,-14.859799295663834,-1.0329484939575195,-121.82116508483887,1.2487173080444336,-8.64759087562561,26.501178741455078,-17.93954148888588,3.919541835784912,-18.717527389526367,False
continuation/mixed_s37,p100085_a000042_000010,TRAIN,p100085,p100085_a000042,10,2048,28.211806618527753,66.16828484116309,0.79296875,56.165777236399904,88.23013887946125,0.3984375,-27.95397061787215,-22.061854038298165,0.39453125,20.688211560025863,57.671881180746546,0.9228515625,False,False,-14.827759936451912,-0.9212493896484375,-124.0839958190918,-0.18246471881866455,-8.117884397506714,30.5405855178833,-18.71381513774395,3.1616687774658203,-19.49143409729004,False
continuation/mixed_s37,p100085_a000042_000012,TRAIN,p100085,p100085_a000042,12,2048,28.458637525287596,66.8589836659344,0.80908203125,57.91095179700501,92.65288898210497,0.3818359375,-29.452314271717416,-25.793905316170566,0.42724609375,21.6981690884586,60.11679895298415,0.912109375,False,False,-14.679658226668835,-0.9270906448364258,-128.51381301879883,0.4356801509857178,-6.260065361857414,27.83149480819702,-18.97494774311781,5.778113380074501,-23.6777663230896,False
continuation/mixed_s37,p100085_a000042_000013,TRAIN,p100085,p100085_a000042,13,2048,28.580802353259216,66.26211422262637,0.80029296875,56.58310788960629,88.7272970915638,0.39501953125,-28.002305536347073,-22.465182868937433,0.4052734375,21.41739548919572,61.839082274435576,0.9150390625,False,False,-15.166397206485271,-1.038193702697754,-125.24175643920898,0.10093767195940018,-8.982439525425434,29.426217079162598,-19.287368282675743,1.9126636907458305,-19.22762393951416,False
continuation/mixed_s37,p100086_a001415_000003,TRAIN,p100086,p100086_a001415,3,2048,17.096909819130303,47.93371784911535,0.96435546875,42.61011917327912,100.22355281355202,0.57177734375,-25.513209354148813,-52.28983496443667,0.392578125,15.267896025638278,38.62672967639558,0.99365234375,False,False,4.228226840496063,-9.160876274108887,-151.04007720947266,-1.0593365877866745,-9.258389472961426,23.796677589416504,0.22463174536824226,-38.21590868756175,-38.1166934967041,False
continuation/mixed_s37,p100086_a001415_000010,TRAIN,p100086,p100086_a001415,10,2048,18.63101387346935,51.90024046053841,0.93798828125,43.43994246180502,102.8085539998412,0.568359375,-24.808928588335668,-50.90831353930278,0.36962890625,15.690607838309024,39.3770978146216,0.994140625,False,False,4.759512841701508,-8.448600769042969,-162.9500389099121,0.5295015871524811,-10.636664927005768,28.052687644958496,1.5691148582845926,-38.72703853994608,-43.27601194381714,False
continuation/mixed_s37,p100086_a001415_000017,TRAIN,p100086,p100086_a001415,17,2048,17.341815851048658,48.603486516872,0.96044921875,43.64327326544766,102.09203539248824,0.56787109375,-26.301457414399003,-53.48854887561624,0.392578125,15.775699835981264,37.729465242328935,0.994140625,False,False,4.502885043621063,-9.693622589111328,-155.3199291229248,-1.8752366304397583,-9.476857725530863,25.46548843383789,0.28712302446365356,-38.90959406271577,-37.34397888183594,False
continuation/mixed_s37,p100086_a001415_000024,TRAIN,p100086,p100086_a001415,24,2048,16.83730400513825,46.44244383933459,0.96923828125,44.89509937796531,103.26387903669419,0.54833984375,-28.05779537282706,-56.821435197359605,0.4208984375,15.838694510887457,37.8321949501081,0.998046875,False,False,4.818059504032135,-9.783029556274414,-155.4086208343506,-2.3612305412825663,-8.275657892227173,25.06619691848755,-1.8295734080311377,-37.327248603105545,-35.25388240814209,False
continuation/mixed_s37,p100086_a001415_000032,TRAIN,p100086,p100086_a001415,32,2048,18.1127939266864,47.61181266557686,0.96630859375,46.16657591928193,103.73788993122805,0.53515625,-28.053781992595532,-56.12607726565119,0.43115234375,16.371694933164886,38.63252204968074,0.9931640625,False,False,4.217065870761871,-9.505748748779297,-159.29532051086426,-3.891785629093647,-9.717077016830444,26.395022869110107,-2.6688696816563606,-40.416061878204346,-36.649227142333984,False
continuation/mixed_s37,p100086_a001415_000039,TRAIN,p100086,p100086_a001415,39,2048,18.267670054401094,48.120510525104116,0.96240234375,45.331364995587094,102.85910431650562,0.55224609375,-27.063694941186,-54.738593791401506,0.41015625,15.886087227250204,37.64916385360495,0.9931640625,False,False,4.202336072921753,-9.854435920715332,-160.20703315734863,-0.783504918217659,-8.073592558503151,27.389824390411377,0.4101749509572983,-38.5143905878067,-36.4261269569397,False
continuation/mixed_s37,p100086_a001415_000046,TRAIN,p100086,p100086_a001415,46,2048,16.870022326825307,47.12205803083035,0.9658203125,46.99827551251248,102.78800288205333,0.5302734375,-30.12825318568717,-55.66594485122298,0.435546875,15.923650154471325,38.52914491727264,0.994140625,False,False,4.36004251241684,-9.084343910217285,-161.07535362243652,-2.0327717065811157,-10.189667344093323,27.157187461853027,-0.021287240087985992,-40.66245257854462,-38.1661057472229,False
continuation/mixed_s37,p100086_a001415_000053,TRAIN,p100086,p100086_a001415,53,2048,17.71906484834534,47.790573343382086,0.958984375,43.12762785546,102.06125353685896,0.56298828125,-25.408563007114658,-54.27068019347687,0.39599609375,16.32551094214968,39.200120606458896,0.99462890625,False,False,4.154503345489502,-9.217500686645508,-156.6905975341797,-3.040838986635208,-8.581168949604034,26.102423667907715,-2.4726130068302155,-37.02700370922685,-37.995994091033936,False
continuation/mixed_s37,p100089_a005814_000004,TRAIN,p100089,p100089_a005814,4,2048,73.29969172831682,197.89083918467102,0.3388671875,38.869564549451,107.70406621464592,0.615234375,34.43012717886582,90.1867729700251,-0.2763671875,55.239746129077176,164.33450884436346,0.46630859375,False,False,38.03950548171997,10.243117809295654,-118.91543865203857,-2.2242069244384766,-8.326612412929535,46.83840274810791,37.487924098968506,10.02126932144165,-95.7908034324646,False
continuation/mixed_s37,p100089_a005814_000014,TRAIN,p100089,p100089_a005814,14,2048,66.9831817605027,204.65403168664997,0.361328125,37.43707595923938,113.2977639312535,0.6142578125,29.546105801263323,91.35626775539647,-0.2529296875,50.256476352586134,172.54300208488644,0.49560546875,False,False,36.154329776763916,8.370816707611084,-109.16578769683838,0.03572739660739899,-9.523846209049225,45.01265287399292,35.13524867594242,6.307579576969147,-78.39232683181763,False
continuation/mixed_s37,p100089_a005814_000024,TRAIN,p100089,p100089_a005814,24,2048,60.44855592856275,187.51924295637832,0.42919921875,37.374018553427945,106.69214336328264,0.63037109375,23.074537375134803,80.82709959309568,-0.201171875,50.4580812290027,164.59522529698393,0.4951171875,False,False,34.887224435806274,6.535947322845459,-102.30350494384766,1.3964325189590454,-7.3990486562252045,30.445337295532227,39.09868001937866,8.188365027308464,-98.6863374710083,False
continuation/mixed_s37,p100089_a005814_000034,TRAIN,p100089,p100089_a005814,34,2048,57.875509499553324,193.29410220774554,0.4296875,39.93473980770925,110.09059164060861,0.60986328125,17.940769691844075,83.20351056713693,-0.18017578125,51.520943749844385,169.7807640328975,0.48974609375,False,False,34.66576337814331,6.415128707885742,-101.41873359680176,-0.6493330001831055,-7.653906941413879,29.176771640777588,35.641685128211975,5.123406648635864,-97.95266389846802,False
continuation/mixed_s37,p100089_a005814_000043,TRAIN,p100089,p100089_a005814,43,2048,48.32904087047372,156.67980117928076,0.5087890625,36.90774752719339,108.59380027644764,0.63623046875,11.421293343280325,48.08600090283312,-0.12744140625,46.73841682421806,150.12757970209154,0.5234375,False,False,27.23488211631775,0.43213367462158203,-63.89188766479492,-3.4171342849731445,-6.7135244607925415,6.485462188720703,27.23798155784607,2.703547477722168,-80.94519376754761,False
continuation/mixed_s37,p100089_a005814_000053,TRAIN,p100089,p100089_a005814,53,2048,56.221508703953376,188.96029880974973,0.44970703125,39.81954352759686,105.22285678856048,0.62548828125,16.401965176356512,83.73744202118925,-0.17578125,48.005469896295594,164.9476312537094,0.5146484375,False,False,35.68977117538452,7.012546062469482,-107.92410373687744,1.8012132495641708,-9.329445660114288,31.424105167388916,38.38503919541836,5.390670150518417,-105.60834407806396,False
continuation/mixed_s37,p100089_a005814_000063,TRAIN,p100089,p100089_a005814,63,2048,57.48955311195296,186.180331117315,0.4384765625,39.64117143136346,104.4006781933717,0.6318359375,17.848381680589497,81.7796529239433,-0.193359375,49.53930619199646,163.2192549102061,0.5048828125,False,False,35.82841157913208,7.5792670249938965,-105.90100288391113,0.5826521664857864,-8.795350790023804,30.028700828552246,38.73308189213276,6.500571966171265,-103.96581888198853,False
continuation/mixed_s37,p100089_a005814_000073,TRAIN,p100089,p100089_a005814,73,2048,61.69272349119565,188.70234066149084,0.40966796875,38.344689528162576,106.25963593671237,0.63671875,23.348033963033075,82.44270472477847,-0.22705078125,49.39373444821459,164.30552401368556,0.505859375,False,False,35.72642803192139,6.873011589050293,-109.04574394226074,-0.5131810903549194,-9.907752275466919,35.22855043411255,38.19836676120758,5.5243708193302155,-101.07040405273438,False
continuation/mixed_s37,p100090_a005401_000001,TRAIN,p100090,p100090_a005401,1,2048,33.29503004818005,91.62593602899793,0.69677734375,55.896462715129914,125.56994689760668,0.458984375,-22.60143266694986,-33.94401086860876,0.23779296875,18.614536425292144,67.78408546084863,0.89892578125,False,False,-19.392795860767365,-14.578104019165039,-33.830881118774414,-3.556910902261734,-15.996009111404419,-67.08431243896484,-11.373858898878098,-4.172608256340027,-0.5032420158385537,False
continuation/mixed_s37,p100090_a005401_000003,TRAIN,p100090,p100090_a005401,3,2048,19.957431198779624,81.21997736134965,0.8681640625,58.04372197313022,132.40613276993184,0.45068359375,-38.086290774350594,-51.186155408582195,0.41748046875,17.370927336458458,77.6759050054804,0.87255859375,False,False,-24.518974125385284,-9.876012802124023,-105.59964179992676,-0.8369982242584229,-10.694451630115509,-12.287139892578125,-15.744104981422424,4.376567900180817,-16.832709312438784,False
continuation/mixed_s37,p100090_a005401_000005,TRAIN,p100090,p100090_a005401,5,2048,21.02008147476877,76.19435991680562,0.86474609375,56.5605609825828,134.58333276185337,0.4541015625,-35.54047950781403,-58.388972845047746,0.41064453125,18.218427408708614,72.22920115136677,0.8623046875,False,False,-24.400830268859863,-10.385751724243164,-103.2261848449707,-2.7197375893592834,-9.160421788692474,-12.292742729187012,-18.03354173898697,6.05396181344986,-17.812371253967104,False
continuation/mixed_s37,p100090_a005401_000007,TRAIN,p100090,p100090_a005401,7,2048,24.052304050940414,81.84950455356145,0.80029296875,63.89264804682104,141.81108126511967,0.4091796875,-39.84034399588062,-59.96157671155822,0.39111328125,18.613708386921545,76.29287626210544,0.884765625,False,False,-23.724965751171112,-12.7180814743042,-71.10333442687988,-3.082066774368286,-13.682045042514801,-41.53573513031006,-15.745110809803009,0.2709627151489258,-7.745265960693179,False
continuation/mixed_s37,p100090_a005401_000009,TRAIN,p100090,p100090_a005401,9,2048,25.553827453238753,81.18389230301287,0.79443359375,61.23929688422287,130.71898595096425,0.408203125,-35.685469430984114,-49.535093647951385,0.38623046875,18.815980211697145,71.90591765313363,0.8974609375,False,False,-23.063093423843384,-12.498259544372559,-60.93907356262207,-1.7578303813934326,-14.66020941734314,-45.57454586029053,-14.644116163253784,0.3279373049736023,-5.3815841674802884,False
continuation/mixed_s37,p100090_a005401_000011,TRAIN,p100090,p100090_a005401,11,2048,24.343834922869153,70.32150942476716,0.83544921875,58.796505278416326,122.44893796170382,0.43408203125,-34.45267035554717,-52.12742853693666,0.4013671875,17.50278007464201,64.26920593061762,0.91259765625,False,False,-20.539045333862305,-13.315320014953613,-60.968875885009766,-2.5613009929656982,-10.27725636959076,-40.944457054138184,-13.77694308757782,-1.7907842993736267,-4.138588905334473,False
continuation/mixed_s37,p100090_a005401_000013,TRAIN,p100090,p100090_a005401,13,2048,20.81417945926277,76.91973398407136,0.87158203125,64.16795947505,133.76287676200812,0.4189453125,-43.35378001578722,-56.84314277793676,0.45263671875,18.824905964887776,75.47576102299864,0.8759765625,False,False,-26.026807725429535,-9.948968887329102,-103.75761985778809,-0.9308010339736938,-11.435925960540771,-18.609821796417236,-18.21749657392502,6.379321217536926,-19.35678720474225,False
continuation/mixed_s37,p100090_a005401_000015,TRAIN,p100090,p100090_a005401,15,2048,32.166850375519864,92.43804827843091,0.6865234375,59.69592768233859,129.9555418600218,0.4384765625,-27.529077306818728,-37.5174935815909,0.248046875,17.59428070981894,66.20075070698,0.90185546875,False,False,-19.984625279903412,-14.258861541748047,-37.171363830566406,-3.7147626280784607,-14.628522098064423,-64.06056880950928,-14.265775680541992,-4.47835773229599,-1.4137029647825345,False
continuation/mixed_s37,p100092_a001307_000004,TRAIN,p100092,p100092_a001307,4,2048,28.02605933375731,105.65282627595221,0.73095703125,26.933520904388615,138.5725060551584,0.68408203125,1.0925384293686946,-32.919679779206206,0.046875,27.03430295081884,98.03079277657217,0.7587890625,False,False,19.764713943004608,-8.75002145767212,-53.040266036987305,-0.7207021117210388,14.189831912517548,-10.400474071502686,15.41120558977127,-5.82682341337204,-12.039780616760254,False
continuation/mixed_s37,p100092_a001307_000014,TRAIN,p100092,p100092_a001307,14,2048,26.081944402102373,90.14007693168506,0.75732421875,23.66380167524528,117.49426282873631,0.72607421875,2.4181427268570914,-27.354185897051252,0.03125,25.254878171384586,88.61693869288845,0.7802734375,False,False,19.090749323368073,-11.208534240722656,-45.62687873840332,-2.269923686981201,16.699623316526413,-11.017918586730957,14.84428346157074,-6.455536931753159,-12.014925479888916,False
continuation/mixed_s37,p100092_a001307_000024,TRAIN,p100092,p100092_a001307,24,2048,22.69144766148556,88.04703335503505,0.82568359375,20.713076238632482,88.4698859372358,0.81982421875,1.9783714228530798,-0.42285258220074695,0.005859375,18.209521165477888,66.30761965360148,0.8876953125,False,False,13.344012200832367,-24.30480718612671,-6.128787994384766,2.3052021861076355,19.117362797260284,-34.4768762588501,16.549326479434967,-15.021301805973053,-6.2566399574279785,False
continuation/mixed_s37,p100092_a001307_000034,TRAIN,p100092,p100092_a001307,34,2048,26.325237436737794,104.44847224473398,0.7177734375,25.527658115151105,111.87680089971761,0.67919921875,0.7975793215866886,-7.4283286549836305,0.03857421875,19.62941585911409,69.91629417918021,0.861328125,False,False,10.634727776050568,-17.587661743164062,-16.509532928466797,-1.3532787561416626,22.564176470041275,-57.44510889053345,11.198244988918304,-12.055679224431515,-7.310450077056885,False
continuation/mixed_s37,p100092_a001307_000044,TRAIN,p100092,p100092_a001307,44,2048,22.714687212335534,79.53573956746052,0.82666015625,23.97522452924398,95.70693647974544,0.76025390625,-1.2605373169084473,-16.171196912284913,0.06640625,19.643370907326705,61.060793392134144,0.892578125,False,False,12.336477637290955,-17.69024133682251,-20.659685134887695,0.5214400589466095,18.747713416814804,-36.09651327133179,13.108044862747192,-12.242447584867477,-8.271336555480957,False
continuation/mixed_s37,p100092_a001307_000054,TRAIN,p100092,p100092_a001307,54,2048,28.97301911129376,97.10770590526087,0.7275390625,25.029326124944884,119.79904784265035,0.74609375,3.943692986348875,-22.69134193738948,-0.0185546875,28.686325907915503,94.87377235266328,0.728515625,False,False,15.644684433937073,-13.980269432067871,-37.00566291809082,0.019475817680358887,12.793339788913727,-6.851136684417725,11.411365121603012,-7.8684985637664795,-11.440396308898926,False
continuation/mixed_s37,p100092_a001307_000064,TRAIN,p100092,p100092_a001307,64,2048,36.0434208106976,110.58723205870494,0.66455078125,27.20719742079232,129.9861580616246,0.72412109375,8.836223389905278,-19.39892600291965,-0.0595703125,33.745304365323406,109.94771076788058,0.677734375,False,False,17.990201711654663,-13.134121894836426,-47.60599136352539,-2.951938658952713,14.675706624984741,1.4688372611999512,13.626810163259506,-1.0651201009750366,-20.930111408233643,False
continuation/mixed_s37,p100092_a001307_000074,TRAIN,p100092,p100092_a001307,74,2048,32.62556008510846,105.17506834158233,0.71923828125,26.24622990676079,122.42620709260423,0.7490234375,6.379330178347672,-17.251138751021898,-0.02978515625,29.304453770652586,106.5032406507032,0.71630859375,False,False,18.549062311649323,-11.934638023376465,-46.28944396972656,0.9678229689598083,8.573338389396667,5.127429962158203,13.747677206993103,-6.1995238065719604,-11.240005493164062,False
